key,representation,configuration,N,error,score,qualifies,score_status,n_raw,discrepancy_ratio,order
WDBC__00,Binned,bins_8,18,0.8515454236196831,96.8365553602812,True,qualifies,569,0.454251710645248,1
WDBC__00,Density,density_8,18,1.7665928781629052,96.8365553602812,True,qualifies,569,0.9423781922379448,2
WDBC__00,Binned,bins_16,34,0.5728868125919249,94.02460456942003,True,qualifies,569,0.30560297478882514,3
WDBC__00,Density,density_16,34,0.6441650109924435,94.02460456942003,True,qualifies,569,0.34362589483167627,4
WDBC__00,Binned,bins_32,66,0.49792343009478124,88.40070298769771,True,qualifies,569,0.2656142157742621,5
WDBC__00,Density,density_32,66,0.5548651922972265,88.40070298769771,True,qualifies,569,0.2959894513990007,6
WDBC__00,Binned,bins_64,130,0.4900789187227925,77.15289982425307,True,qualifies,569,0.2614296090450579,7
WDBC__00,Density,density_64,130,0.5670808384925365,77.15289982425307,True,qualifies,569,0.3025058133298411,8
WDBC__00,Density,density_128,258,0.5702628272066228,54.65729349736379,True,qualifies,569,0.30420322579491366,9
WDBC__00,Density,density_256,514,0.5694741550823537,9.666080843585235,True,qualifies,569,0.30378251346219437,10
WDBC__00,Observations,raw,569,0.0,0.0,True,qualifies,569,0.0,11
WDBC__00,Binned,bins_4,10,1.954451213935311,0.0,False,does_not_qualify,569,1.0425900752645125,12
WDBC__00,Five-number,five_number,10,2.1853554502369654,0.0,False,does_not_qualify,569,1.165764531289898,13
WDBC__00,Means,means,2,2.9016936208445614,0.0,False,does_not_qualify,569,1.5478907577638918,14
WDBC__01,Means,means,2,1.7636830814581508,99.64850615114236,True,qualifies,569,0.5467431122836298,1
WDBC__01,Binned,bins_4,10,2.4861073639982365,98.24253075571178,True,qualifies,569,0.7706951957263529,2
WDBC__01,Five-number,five_number,10,3.181404494382022,98.24253075571178,True,qualifies,569,0.986237841128164,3
WDBC__01,Binned,bins_8,18,0.8410857206295432,96.8365553602812,True,qualifies,569,0.2607372205521878,4
WDBC__01,Density,density_8,18,1.7114415308739268,96.8365553602812,True,qualifies,569,0.5305481914062766,5
WDBC__01,Density,density_16,34,0.6788799969626087,94.02460456942003,True,qualifies,569,0.21045332140940262,6
WDBC__01,Binned,bins_16,34,0.7788069900605024,94.02460456942003,True,qualifies,569,0.24143076615662862,7
WDBC__01,Density,density_32,66,0.615166145447624,88.40070298769771,True,qualifies,569,0.190701978416375,8
WDBC__01,Binned,bins_32,66,0.9263614817415764,88.40070298769771,True,qualifies,569,0.2871727721106919,9
WDBC__01,Density,density_64,130,0.5571179114878113,77.15289982425307,True,qualifies,569,0.1727069812247498,10
WDBC__01,Binned,bins_64,130,1.1979070378151562,77.15289982425307,True,qualifies,569,0.371352103428942,11
WDBC__01,Density,density_128,258,0.5589811703703162,54.65729349736379,True,qualifies,569,0.17328459291197462,12
WDBC__01,Density,density_256,514,0.5573381896278562,9.666080843585235,True,qualifies,569,0.17277526761765247,13
WDBC__01,Observations,raw,569,0.0,0.0,True,qualifies,569,0.0,14
WDBC__02,Binned,bins_8,18,4.299829355715374,96.8365553602812,True,qualifies,569,0.3298753143469442,1
WDBC__02,Density,density_8,18,9.970322594784555,96.8365553602812,True,qualifies,569,0.7649055411288065,2
WDBC__02,Binned,bins_16,34,2.4203678460179248,94.02460456942003,True,qualifies,569,0.18568634659399502,3
WDBC__02,Density,density_16,34,4.227643956005238,94.02460456942003,True,qualifies,569,0.32433737796605283,4
WDBC__02,Binned,bins_32,66,2.6373717252501194,88.40070298769771,True,qualifies,569,0.20233450096344135,5
WDBC__02,Density,density_32,66,3.778819826292704,88.40070298769771,True,qualifies,569,0.28990438339183366,6
WDBC__02,Binned,bins_64,130,2.1765327353955257,77.15289982425307,True,qualifies,569,0.16697974753827421,7
WDBC__02,Density,density_64,130,3.7453863742538402,77.15289982425307,True,qualifies,569,0.2873394279974146,8
WDBC__02,Density,density_128,258,3.798369641721777,54.65729349736379,True,qualifies,569,0.2914042107051009,9
WDBC__02,Density,density_256,514,3.7707607144499917,9.666080843585235,True,qualifies,569,0.28928610256426124,10
WDBC__02,Observations,raw,569,0.0,0.0,True,qualifies,569,0.0,11
WDBC__02,Binned,bins_4,10,15.42776736482702,0.0,False,does_not_qualify,569,1.1835910656266335,12
WDBC__02,Five-number,five_number,10,16.63469194312799,0.0,False,does_not_qualify,569,1.2761841877538829,13
WDBC__02,Means,means,2,18.614673353737473,0.0,False,does_not_qualify,569,1.428084864779063,14
WDBC__03,Binned,bins_4,10,189.21401705766482,98.24253075571178,True,qualifies,569,0.6958510991745519,1
WDBC__03,Binned,bins_8,18,74.83413853154195,96.8365553602812,True,qualifies,569,0.27520909054578274,2
WDBC__03,Density,density_8,18,261.51118161376905,96.8365553602812,True,qualifies,569,0.9617302460045498,3
WDBC__03,Binned,bins_16,34,55.718520164121514,94.02460456942003,True,qualifies,569,0.20490973186604514,4
WDBC__03,Density,density_16,34,84.94987655978991,94.02460456942003,True,qualifies,569,0.3124106020161139,5
WDBC__03,Binned,bins_32,66,51.76100485217705,88.40070298769771,True,qualifies,569,0.19035562312378734,6
WDBC__03,Density,density_32,66,69.69519788744537,88.40070298769771,True,qualifies,569,0.256310186799674,7
WDBC__03,Density,density_64,130,69.71927168119953,77.15289982425307,True,qualifies,569,0.2563987202820535,8
WDBC__03,Binned,bins_64,130,99.25993824478758,77.15289982425307,True,qualifies,569,0.36503710563147007,9
WDBC__03,Density,density_128,258,70.68603249807552,54.65729349736379,True,qualifies,569,0.2599540677532561,10
WDBC__03,Density,density_256,514,70.69842514729851,9.666080843585235,True,qualifies,569,0.25999964280481724,11
WDBC__03,Observations,raw,569,0.0,0.0,True,qualifies,569,0.0,12
WDBC__03,Five-number,five_number,10,473.0379146919431,0.0,False,does_not_qualify,569,1.7396383101433261,13
WDBC__03,Means,means,2,478.1937809840915,0.0,False,does_not_qualify,569,1.758599459440712,14
WDBC__04,Means,means,2,0.00312842644560285,99.64850615114236,True,qualifies,569,0.41378256440745775,1
WDBC__04,Binned,bins_8,18,0.0024584483848314465,96.8365553602812,True,qualifies,569,0.3251676505192377,2
WDBC__04,Density,density_8,18,0.007304725165749287,96.8365553602812,True,qualifies,569,0.9661623707419406,3
WDBC__04,Binned,bins_16,34,0.00145002562847725,94.02460456942003,True,qualifies,569,0.19178821475926777,4
WDBC__04,Density,density_16,34,0.0024666018063778106,94.02460456942003,True,qualifies,569,0.3262460660533128,5
WDBC__04,Binned,bins_32,66,0.0011549380047401747,88.40070298769771,True,qualifies,569,0.15275833318847032,6
WDBC__04,Density,density_32,66,0.0021834216911906373,88.40070298769771,True,qualifies,569,0.2887911358227994,7
WDBC__04,Binned,bins_64,130,0.0009522346273700966,77.15289982425307,True,qualifies,569,0.12594769059844427,8
WDBC__04,Density,density_64,130,0.002082344743036868,77.15289982425307,True,qualifies,569,0.2754221531931033,9
WDBC__04,Density,density_128,258,0.0020687786998723062,54.65729349736379,True,qualifies,569,0.2736278351143182,10
WDBC__04,Density,density_256,514,0.002061212411899549,9.666080843585235,True,qualifies,569,0.27262707703518446,11
WDBC__04,Observations,raw,569,0.0,0.0,True,qualifies,569,0.0,12
WDBC__04,Binned,bins_4,10,0.010421042505854808,0.0,False,does_not_qualify,569,1.3783433195089194,13
WDBC__04,Five-number,five_number,10,0.02149999999999999,0.0,False,does_not_qualify,569,2.8437060258407354,14
WDBC__05,Five-number,five_number,10,0.011507582938388633,98.24253075571178,True,qualifies,569,0.30231043812042374,1
WDBC__05,Binned,bins_4,10,0.01570861470552945,98.24253075571178,True,qualifies,569,0.4126738185871818,2
WDBC__05,Binned,bins_8,18,0.012441275741115213,96.8365553602812,True,qualifies,569,0.32683905388390766,3
WDBC__05,Density,density_8,18,0.01322401014229374,96.8365553602812,True,qualifies,569,0.3474019106557523,4
WDBC__05,Binned,bins_16,34,0.006385839034398169,94.02460456942003,True,qualifies,569,0.16775945101515263,5
WDBC__05,Density,density_16,34,0.009705787476608205,94.02460456942003,True,qualifies,569,0.25497629520174536,6
WDBC__05,Binned,bins_32,66,0.004505142654028418,88.40070298769771,True,qualifies,569,0.11835253821990259,7
WDBC__05,Density,density_32,66,0.00633790560881943,88.40070298769771,True,qualifies,569,0.1665002139568664,8
WDBC__05,Binned,bins_64,130,0.0032264628381714067,77.15289982425307,True,qualifies,569,0.08476092672189288,9
WDBC__05,Density,density_64,130,0.006484980105313121,77.15289982425307,True,qualifies,569,0.17036394065858976,10
WDBC__05,Density,density_128,258,0.006475759848781487,54.65729349736379,True,qualifies,569,0.17012171952435293,11
WDBC__05,Density,density_256,514,0.006477126611731138,9.666080843585235,True,qualifies,569,0.17015762512749547,12
WDBC__05,Observations,raw,569,0.0,0.0,True,qualifies,569,0.0,13
WDBC__05,Means,means,2,0.0412884118635795,0.0,False,does_not_qualify,569,1.0846689479974339,14
WDBC__06,Binned,bins_4,10,0.04263676069866539,98.24253075571178,True,qualifies,569,0.683274156112266,1
WDBC__06,Binned,bins_8,18,0.013925069535852028,96.8365553602812,True,qualifies,569,0.22315579279482517,2
WDBC__06,Density,density_8,18,0.03492855897568485,96.8365553602812,True,qualifies,569,0.5597465958307575,3
WDBC__06,Binned,bins_16,34,0.012095953791469133,94.02460456942003,True,qualifies,569,0.1938433521638932,4
WDBC__06,Density,density_16,34,0.02298825828830034,94.02460456942003,True,qualifies,569,0.36839765791402834,5
WDBC__06,Binned,bins_32,66,0.010267517316806363,88.40070298769771,True,qualifies,569,0.16454179714990744,6
WDBC__06,Density,density_32,66,0.014692004810313075,88.40070298769771,True,qualifies,569,0.2354462915068088,7
WDBC__06,Binned,bins_64,130,0.011796712853773733,77.15289982425307,True,qualifies,569,0.18904787530712375,8
WDBC__06,Density,density_64,130,0.014380427332189805,77.15289982425307,True,qualifies,569,0.23045311578380107,9
WDBC__06,Density,density_128,258,0.014262811112786433,54.65729349736379,True,qualifies,569,0.2285682605147546,10
WDBC__06,Density,density_256,514,0.014294717671440693,9.666080843585235,True,qualifies,569,0.22907957813320626,11
WDBC__06,Observations,raw,569,0.0,0.0,True,qualifies,569,0.0,12
WDBC__06,Means,means,2,0.09338953909836131,0.0,False,does_not_qualify,569,1.496611315482597,13
WDBC__06,Five-number,five_number,10,0.16561071090047394,0.0,False,does_not_qualify,569,2.6539895826845927,14
WDBC__07,Binned,bins_4,10,0.013165896226415078,98.24253075571178,True,qualifies,569,0.6252714899748005,1
WDBC__07,Five-number,five_number,10,0.0139736018957346,98.24253075571178,True,qualifies,569,0.663630848018596,2
WDBC__07,Binned,bins_8,18,0.006769167202184914,96.8365553602812,True,qualifies,569,0.3214796159418911,3
WDBC__07,Binned,bins_16,34,0.004211278633491383,94.02460456942003,True,qualifies,569,0.20000100415337901,4
WDBC__07,Density,density_16,34,0.005999854588636472,94.02460456942003,True,qualifies,569,0.2849436114149269,5
WDBC__07,Binned,bins_32,66,0.002790879739336588,88.40070298769771,True,qualifies,569,0.1325437708869615,6
WDBC__07,Density,density_32,66,0.006222813418059608,88.40070298769771,True,qualifies,569,0.295532317043393,7
WDBC__07,Binned,bins_64,130,0.0027908797393365603,77.15289982425307,True,qualifies,569,0.1325437708869602,8
WDBC__07,Density,density_64,130,0.006819257874840716,77.15289982425307,True,qualifies,569,0.3238585097890487,9
WDBC__07,Density,density_128,258,0.006883058872863244,54.65729349736379,True,qualifies,569,0.3268885310203711,10
WDBC__07,Density,density_256,514,0.0068902061608569695,9.666080843585235,True,qualifies,569,0.32722796825550204,11
WDBC__07,Observations,raw,569,0.0,0.0,True,qualifies,569,0.0,12
WDBC__07,Density,density_8,18,0.021541151003927048,0.0,False,does_not_qualify,569,1.0230270201411962,13
WDBC__07,Means,means,2,0.03379849620985835,0.0,False,does_not_qualify,569,1.605149829576024,14
WDBC__08,Means,means,2,0.010874784942596943,99.64850615114236,True,qualifies,569,0.6013790018393131,1
WDBC__08,Five-number,five_number,10,0.00809662921348317,98.24253075571178,True,qualifies,569,0.44774612283089066,2
WDBC__08,Binned,bins_8,18,0.0048845202083749595,96.8365553602812,True,qualifies,569,0.2701154922034727,3
WDBC__08,Density,density_8,18,0.01072256742973264,96.8365553602812,True,qualifies,569,0.5929613258639262,4
WDBC__08,Density,density_16,34,0.0035011985156776504,94.02460456942003,True,qualifies,569,0.19361737079985847,5
WDBC__08,Binned,bins_16,34,0.004145786516853933,94.02460456942003,True,qualifies,569,0.22926328847006305,6
WDBC__08,Binned,bins_32,66,0.003153436018957345,88.40070298769771,True,qualifies,569,0.17438599617877454,7
WDBC__08,Density,density_32,66,0.0034144546152503896,88.40070298769771,True,qualifies,569,0.1888204060295246,8
WDBC__08,Binned,bins_64,130,0.0019102562203791307,77.15289982425307,True,qualifies,569,0.10563776526458879,9
WDBC__08,Density,density_64,130,0.0031276926538312544,77.15289982425307,True,qualifies,569,0.17296238005162964,10
WDBC__08,Density,density_128,258,0.0031128095201981287,54.65729349736379,True,qualifies,569,0.17213933811601664,11
WDBC__08,Density,density_256,514,0.0031232678210848797,9.666080843585235,True,qualifies,569,0.1727176854195641,12
WDBC__08,Observations,raw,569,0.0,0.0,True,qualifies,569,0.0,13
WDBC__08,Binned,bins_4,10,0.01833325471698115,0.0,False,does_not_qualify,569,1.0138347084895207,14
WDBC__09,Means,means,2,0.0037081152251021293,99.64850615114236,True,qualifies,569,0.7203657681539161,1
WDBC__09,Five-number,five_number,10,0.002003567415730337,98.24253075571178,True,qualifies,569,0.38922775935070597,2
WDBC__09,Binned,bins_4,10,0.003057869747899178,98.24253075571178,True,qualifies,569,0.5940442937016186,3
WDBC__09,Binned,bins_8,18,0.001422056869259336,96.8365553602812,True,qualifies,569,0.2762592386687068,4
WDBC__09,Density,density_8,18,0.002041565167647752,96.8365553602812,True,qualifies,569,0.3966094824327758,5
WDBC__09,Binned,bins_16,34,0.0011579592271025035,94.02460456942003,True,qualifies,569,0.2249536860332153,6
WDBC__09,Density,density_16,34,0.001167226282148548,94.02460456942003,True,qualifies,569,0.22675397238396766,7
WDBC__09,Binned,bins_32,66,0.000907990692816163,88.40070298769771,True,qualifies,569,0.17639295793164214,8
WDBC__09,Density,density_32,66,0.0010350580413798632,88.40070298769771,True,qualifies,569,0.20107799671784932,9
WDBC__09,Density,density_64,130,0.0010273783486621085,77.15289982425307,True,qualifies,569,0.19958608306145556,10
WDBC__09,Binned,bins_64,130,0.001320208333333378,77.15289982425307,True,qualifies,569,0.25647339212300413,11
WDBC__09,Density,density_128,258,0.0010029689560642624,54.65729349736379,True,qualifies,569,0.19484413471802628,12
WDBC__09,Density,density_256,514,0.0009962859189197176,9.666080843585235,True,qualifies,569,0.193545838712109,13
WDBC__09,Observations,raw,569,0.0,0.0,True,qualifies,569,0.0,14
WDBC__10,Binned,bins_8,18,0.06145410717193098,96.8365553602812,True,qualifies,569,0.34819841308975436,1
WDBC__10,Binned,bins_16,34,0.052336803909952434,94.02460456942003,True,qualifies,569,0.2965398556137298,2
WDBC__10,Density,density_16,34,0.1076152009526462,94.02460456942003,True,qualifies,569,0.609746751201056,3
WDBC__10,Binned,bins_32,66,0.04571084493483468,88.40070298769771,True,qualifies,569,0.25899723223985055,4
WDBC__10,Density,density_32,66,0.05375507449156869,88.40070298769771,True,qualifies,569,0.30457576384796775,5
WDBC__10,Binned,bins_64,130,0.03861486966824701,77.15289982425307,True,qualifies,569,0.21879150082734522,6
WDBC__10,Density,density_64,130,0.04139515080240197,77.15289982425307,True,qualifies,569,0.23454454848203984,7
WDBC__10,Density,density_128,258,0.0458891482850885,54.65729349736379,True,qualifies,569,0.260007497402979,8
WDBC__10,Density,density_256,514,0.04783197063072486,9.666080843585235,True,qualifies,569,0.2710155111680033,9
WDBC__10,Observations,raw,569,0.0,0.0,True,qualifies,569,0.0,10
WDBC__10,Density,density_8,18,0.23415816301050976,0.0,False,does_not_qualify,569,1.326738024916124,11
WDBC__10,Binned,bins_4,10,0.29350806062679397,0.0,False,does_not_qualify,569,1.6630140057747067,12
WDBC__10,Means,means,2,0.35618843136378253,0.0,False,does_not_qualify,569,2.0181604170867486,13
WDBC__10,Five-number,five_number,10,1.0058799999999999,0.0,False,does_not_qualify,569,5.6993069442671205,14
WDBC__11,Means,means,2,0.21747833082141077,99.64850615114236,True,qualifies,569,0.5034420004930242,1
WDBC__11,Binned,bins_4,10,0.14794580668395274,98.24253075571178,True,qualifies,569,0.34248070876857506,2
WDBC__11,Binned,bins_8,18,0.13176928838951363,96.8365553602812,True,qualifies,569,0.30503358150580384,3
WDBC__11,Density,density_8,18,0.22384561863251506,96.8365553602812,True,qualifies,569,0.5181816764011015,4
WDBC__11,Binned,bins_16,34,0.10506722176227123,94.02460456942003,True,qualifies,569,0.24322079404627514,5
WDBC__11,Density,density_16,34,0.12132445993876217,94.02460456942003,True,qualifies,569,0.28085478028826627,6
WDBC__11,Binned,bins_32,66,0.08223389513108592,88.40070298769771,True,qualifies,569,0.19036377793024528,7
WDBC__11,Density,density_32,66,0.09000544363993579,88.40070298769771,True,qualifies,569,0.20835418604790207,8
WDBC__11,Binned,bins_64,130,0.06526733490566183,77.15289982425307,True,qualifies,569,0.15108777747028612,9
WDBC__11,Density,density_64,130,0.09600127162430483,77.15289982425307,True,qualifies,569,0.22223396719051894,10
WDBC__11,Density,density_128,258,0.09454651703697414,54.65729349736379,True,qualifies,569,0.21886634634799193,11
WDBC__11,Density,density_256,514,0.09465934364564088,9.666080843585235,True,qualifies,569,0.2191275293971789,12
WDBC__11,Observations,raw,569,0.0,0.0,True,qualifies,569,0.0,13
WDBC__11,Five-number,five_number,10,0.9089943820224722,0.0,False,does_not_qualify,569,2.104236998664974,14
WDBC__12,Binned,bins_8,18,0.6642950412238156,96.8365553602812,True,qualifies,569,0.4791752621841954,1
WDBC__12,Binned,bins_16,34,0.7300559622442857,94.02460456942003,True,qualifies,569,0.5266105200380038,2
WDBC__12,Density,density_16,34,0.9118946228620248,94.02460456942003,True,qualifies,569,0.6577760149906767,3
WDBC__12,Binned,bins_32,66,0.23444431807885024,88.40070298769771,True,qualifies,569,0.1691114800075381,4
WDBC__12,Density,density_32,66,0.4659507467125521,88.40070298769771,True,qualifies,569,0.3361037752285186,5
WDBC__12,Binned,bins_64,130,0.24669547448903817,77.15289982425307,True,qualifies,569,0.1779485941219177,6
WDBC__12,Density,density_64,130,0.3720896714028814,77.15289982425307,True,qualifies,569,0.2683990618416116,7
WDBC__12,Density,density_128,258,0.4039969223547851,54.65729349736379,True,qualifies,569,0.2914146865138785,8
WDBC__12,Density,density_256,514,0.41848166396099973,9.666080843585235,True,qualifies,569,0.30186295035164773,9
WDBC__12,Observations,raw,569,0.0,0.0,True,qualifies,569,0.0,10
WDBC__12,Density,density_8,18,1.4056916308007044,0.0,False,does_not_qualify,569,1.0139661053289653,11
WDBC__12,Binned,bins_4,10,2.5326238207547167,0.0,False,does_not_qualify,569,1.8268549485005137,12
WDBC__12,Means,means,2,2.9346420432323863,0.0,False,does_not_qualify,569,2.116842341457219,13
WDBC__12,Five-number,five_number,10,8.795,0.0,False,does_not_qualify,569,6.3440883483730435,14
WDBC__13,Binned,bins_16,34,12.568069847644466,94.02460456942003,True,qualifies,569,0.4573134338554631,1
WDBC__13,Density,density_16,34,18.035742355696,94.02460456942003,True,qualifies,569,0.6562652315591334,2
WDBC__13,Density,density_32,66,10.235935401869078,88.40070298769771,True,qualifies,569,0.3724542291773447,3
WDBC__13,Binned,bins_32,66,12.349943487643841,88.40070298769771,True,qualifies,569,0.44937648602532554,4
WDBC__13,Binned,bins_64,130,6.651822778194742,77.15289982425307,True,qualifies,569,0.24203938655420154,5
WDBC__13,Density,density_64,130,9.790916548088871,77.15289982425307,True,qualifies,569,0.35626136085152205,6
WDBC__13,Density,density_128,258,12.67424173628951,54.65729349736379,True,qualifies,569,0.46117670256448323,7
WDBC__13,Density,density_256,514,13.699764477057935,9.666080843585235,True,qualifies,569,0.4984923231619907,8
WDBC__13,Observations,raw,569,0.0,0.0,True,qualifies,569,0.0,9
WDBC__13,Density,density_8,18,40.73945420011235,0.0,False,does_not_qualify,569,1.482383525831737,10
WDBC__13,Binned,bins_8,18,41.16420920576175,0.0,False,does_not_qualify,569,1.4978390550049163,11
WDBC__13,Means,means,2,67.57776649568889,0.0,False,does_not_qualify,569,2.4589472228480878,12
WDBC__13,Binned,bins_4,10,99.60246327014212,0.0,False,does_not_qualify,569,3.6242275107237982,13
WDBC__13,Five-number,five_number,10,266.87,0.0,False,does_not_qualify,569,9.710579076379101,14
WDBC__14,Binned,bins_4,10,0.0017652609577114425,98.24253075571178,True,qualifies,569,0.90077037484258,1
WDBC__14,Binned,bins_8,18,0.0009740352918813904,96.8365553602812,True,qualifies,569,0.4970268736444364,2
WDBC__14,Density,density_8,18,0.0019514953107334226,96.8365553602812,True,qualifies,569,0.9958013034128568,3
WDBC__14,Binned,bins_16,34,0.0006276698214589711,94.02460456942003,True,qualifies,569,0.320284872263851,4
WDBC__14,Density,density_16,34,0.0006574473033981627,94.02460456942003,True,qualifies,569,0.3354796078926318,5
WDBC__14,Density,density_32,66,0.00033937651737079265,88.40070298769771,True,qualifies,569,0.17317570607870963,6
WDBC__14,Binned,bins_32,66,0.0004798267832062629,88.40070298769771,True,qualifies,569,0.24484411184653096,7
WDBC__14,Binned,bins_64,130,0.0001762923772739445,77.15289982425307,True,qualifies,569,0.08995777653453235,8
WDBC__14,Density,density_64,130,0.0003515649347118552,77.15289982425307,True,qualifies,569,0.17939516343943906,9
WDBC__14,Density,density_128,258,0.0003437078994230156,54.65729349736379,True,qualifies,569,0.17538590656930764,10
WDBC__14,Density,density_256,514,0.0003423166522596617,9.666080843585235,True,qualifies,569,0.174675986473155,11
WDBC__14,Observations,raw,569,0.0,0.0,True,qualifies,569,0.0,12
WDBC__14,Means,means,2,0.002047192378838327,0.0,False,does_not_qualify,569,1.0446332245696839,13
WDBC__14,Five-number,five_number,10,0.009838399999999995,0.0,False,does_not_qualify,569,5.0202998129752325,14
WDBC__15,Means,means,2,0.006328300618212098,99.64850615114236,True,qualifies,569,0.365189797583421,1
WDBC__15,Binned,bins_4,10,0.008078225968616827,98.24253075571178,True,qualifies,569,0.46617344596783494,2
WDBC__15,Five-number,five_number,10,0.012462415730337177,98.24253075571178,True,qualifies,569,0.7191736538028257,3
WDBC__15,Binned,bins_8,18,0.003206102191424639,96.8365553602812,True,qualifies,569,0.18501583299450092,4
WDBC__15,Density,density_8,18,0.01518183043598871,96.8365553602812,True,qualifies,569,0.8761040156513497,5
WDBC__15,Binned,bins_16,34,0.00287020860537504,94.02460456942003,True,qualifies,569,0.1656322862732836,6
WDBC__15,Density,density_16,34,0.002882305050340799,94.02460456942003,True,qualifies,569,0.16633034070448613,7
WDBC__15,Binned,bins_32,66,0.0018111784342237543,88.40070298769771,True,qualifies,569,0.10451840481125861,8
WDBC__15,Density,density_32,66,0.003310694137324287,88.40070298769771,True,qualifies,569,0.1910515626249842,9
WDBC__15,Binned,bins_64,130,0.0014525417368914106,77.15289982425307,True,qualifies,569,0.08382241218918442,10
WDBC__15,Density,density_64,130,0.002993717281608542,77.15289982425307,True,qualifies,569,0.17275965129505655,11
WDBC__15,Density,density_128,258,0.003050107743731826,54.65729349736379,True,qualifies,569,0.17601379844937673,12
WDBC__15,Density,density_256,514,0.0030421016164490083,9.666080843585235,True,qualifies,569,0.175551785631366,13
WDBC__15,Observations,raw,569,0.0,0.0,True,qualifies,569,0.0,14
WDBC__16,Means,means,2,0.006560816027907895,99.64850615114236,True,qualifies,569,0.2651988920220822,1
WDBC__16,Binned,bins_4,10,0.021822239976894857,98.24253075571178,True,qualifies,569,0.8820905568293964,2
WDBC__16,Binned,bins_8,18,0.015966330532212906,96.8365553602812,True,qualifies,569,0.6453851394079431,3
WDBC__16,Density,density_8,18,0.02236930472807242,96.8365553602812,True,qualifies,569,0.9042038069585712,4
WDBC__16,Binned,bins_16,34,0.011102759201557934,94.02460456942003,True,qualifies,569,0.44879164819076034,5
WDBC__16,Density,density_16,34,0.011402155729645105,94.02460456942003,True,qualifies,569,0.4608937445132653,6
WDBC__16,Binned,bins_32,66,0.0032607198033707957,88.40070298769771,True,qualifies,569,0.13180361640534274,7
WDBC__16,Density,density_32,66,0.005985472057225036,88.40070298769771,True,qualifies,569,0.24194254968484177,8
WDBC__16,Binned,bins_64,130,0.0029003749999999273,77.15289982425307,True,qualifies,569,0.11723789131971762,9
WDBC__16,Density,density_64,130,0.005556138352964778,77.15289982425307,True,qualifies,569,0.22458818062568317,10
WDBC__16,Density,density_128,258,0.005579339983084457,54.65729349736379,True,qualifies,569,0.22552602838344252,11
WDBC__16,Density,density_256,514,0.005450076341381026,9.666080843585235,True,qualifies,569,0.22030098100935533,12
WDBC__16,Observations,raw,569,0.0,0.0,True,qualifies,569,0.0,13
WDBC__16,Five-number,five_number,10,0.21183921348314605,0.0,False,does_not_qualify,569,8.56288676036449,14
WDBC__17,Means,means,2,0.001702855120254589,99.64850615114236,True,qualifies,569,0.3759061346507805,1
WDBC__17,Binned,bins_8,18,0.001200286074474464,96.8365553602812,True,qualifies,569,0.2649637619572696,2
WDBC__17,Density,density_8,18,0.0031541374327930163,96.8365553602812,True,qualifies,569,0.69627744393269,3
WDBC__17,Binned,bins_16,34,0.0010359567250074397,94.02460456942003,True,qualifies,569,0.22868797440900715,4
WDBC__17,Density,density_16,34,0.001267479173572214,94.02460456942003,True,qualifies,569,0.2797966727883835,5
WDBC__17,Binned,bins_32,66,0.0007365122026449554,88.40070298769771,True,qualifies,569,0.1625854436624092,6
WDBC__17,Density,density_32,66,0.0009055563080967305,88.40070298769771,True,qualifies,569,0.19990201599439675,7
WDBC__17,Binned,bins_64,130,0.0007673133886255887,77.15289982425307,True,qualifies,569,0.1693848211472704,8
WDBC__17,Density,density_64,130,0.000769646349441086,77.15289982425307,True,qualifies,569,0.1698998234349073,9
WDBC__17,Density,density_128,258,0.0007107851500221252,54.65729349736379,True,qualifies,569,0.15690618369931883,10
WDBC__17,Density,density_256,514,0.0007117134430486768,9.666080843585235,True,qualifies,569,0.1571111048574865,11
WDBC__17,Observations,raw,569,0.0,0.0,True,qualifies,569,0.0,12
WDBC__17,Binned,bins_4,10,0.004760754219484402,0.0,False,does_not_qualify,569,1.0509389174583552,13
WDBC__17,Five-number,five_number,10,0.015174999999999998,0.0,False,does_not_qualify,569,3.349888974977947,14
WDBC__18,Means,means,2,0.010897661703463464,99.64850615114236,True,qualifies,569,0.7856928120217395,1
WDBC__18,Binned,bins_4,10,0.005243722909002518,98.24253075571178,True,qualifies,569,0.3780586615684364,2
WDBC__18,Five-number,five_number,10,0.011571469194312803,98.24253075571178,True,qualifies,569,0.8342725639586596,3
WDBC__18,Binned,bins_8,18,0.0033718366809599165,96.8365553602812,True,qualifies,569,0.2431005765851105,4
WDBC__18,Density,density_8,18,0.007565218888463033,96.8365553602812,True,qualifies,569,0.5454324297979825,5
WDBC__18,Binned,bins_16,34,0.0031074710651034787,94.02460456942003,True,qualifies,569,0.22404050940959067,6
WDBC__18,Density,density_16,34,0.003754102948598556,94.02460456942003,True,qualifies,569,0.270660971368388,7
WDBC__18,Binned,bins_32,66,0.003042283254717039,88.40070298769771,True,qualifies,569,0.21934063934152054,8
WDBC__18,Density,density_32,66,0.003178115190803424,88.40070298769771,True,qualifies,569,0.22913376549372536,9
WDBC__18,Density,density_64,130,0.003150583823397786,77.15289982425307,True,qualifies,569,0.22714882614945625,10
WDBC__18,Binned,bins_64,130,0.0038857368598383263,77.15289982425307,True,qualifies,569,0.28015143094528283,11
WDBC__18,Density,density_128,258,0.003120718894570877,54.65729349736379,True,qualifies,569,0.22499564315026427,12
WDBC__18,Density,density_256,514,0.0031159057029488194,9.666080843585235,True,qualifies,569,0.22464862466471777,13
WDBC__18,Observations,raw,569,0.0,0.0,True,qualifies,569,0.0,14
WDBC__19,Means,means,2,0.000930399343693386,99.64850615114236,True,qualifies,569,0.3580269340109141,1
WDBC__19,Binned,bins_4,10,0.0009790429532146767,98.24253075571178,True,qualifies,569,0.37674547943356784,2
WDBC__19,Binned,bins_8,18,0.0007053374423418093,96.8365553602812,True,qualifies,569,0.2714208728074505,3
WDBC__19,Density,density_8,18,0.001269069256258715,96.8365553602812,True,qualifies,569,0.48835048943838677,4
WDBC__19,Binned,bins_16,34,0.000571376777962207,94.02460456942003,True,qualifies,569,0.2198714749376043,5
WDBC__19,Density,density_16,34,0.000777474258954163,94.02460456942003,True,qualifies,569,0.2991798383055386,6
WDBC__19,Binned,bins_32,66,0.0004742988151658764,88.40070298769771,True,qualifies,569,0.18251490797999703,7
WDBC__19,Density,density_32,66,0.0005959304502059053,88.40070298769771,True,qualifies,569,0.2293199725657553,8
WDBC__19,Binned,bins_64,130,0.000362790737359551,77.15289982425307,True,qualifies,569,0.13960548904600673,9
WDBC__19,Density,density_64,130,0.0005241260881399552,77.15289982425307,True,qualifies,569,0.20168893888829198,10
WDBC__19,Density,density_128,258,0.0005051198157589734,54.65729349736379,True,qualifies,569,0.19437513597810666,11
WDBC__19,Density,density_256,514,0.0005012103572066872,9.666080843585235,True,qualifies,569,0.19287073738990315,12
WDBC__19,Observations,raw,569,0.0,0.0,True,qualifies,569,0.0,13
WDBC__19,Five-number,five_number,10,0.012952649999999996,0.0,False,does_not_qualify,569,4.9843087253345315,14
WDBC__20,Binned,bins_8,18,0.9364824593717369,96.8365553602812,True,qualifies,569,0.36226565024738616,1
WDBC__20,Density,density_8,18,1.460532376596806,96.8365553602812,True,qualifies,569,0.5649873159078311,2
WDBC__20,Binned,bins_16,34,0.4895035652549744,94.02460456942003,True,qualifies,569,0.1893578738084146,3
WDBC__20,Density,density_16,34,0.834090621025771,94.02460456942003,True,qualifies,569,0.3226567440396699,4
WDBC__20,Binned,bins_32,66,0.5493199644549733,88.40070298769771,True,qualifies,569,0.21249704372536354,5
WDBC__20,Density,density_32,66,0.7983457433872196,88.40070298769771,True,qualifies,569,0.30882931864461194,6
WDBC__20,Binned,bins_64,130,0.5049723614386714,77.15289982425307,True,qualifies,569,0.19534176966460687,7
WDBC__20,Density,density_64,130,0.7361642931424477,77.15289982425307,True,qualifies,569,0.28477526052444163,8
WDBC__20,Density,density_128,258,0.7370770814476231,54.65729349736379,True,qualifies,569,0.28512836040965933,9
WDBC__20,Density,density_256,514,0.7383149989704876,9.666080843585235,True,qualifies,569,0.2856072321620187,10
WDBC__20,Observations,raw,569,0.0,0.0,True,qualifies,569,0.0,11
WDBC__20,Five-number,five_number,10,3.2488625592417044,0.0,False,does_not_qualify,569,1.2567788064900551,12
WDBC__20,Binned,bins_4,10,3.4354436079545323,0.0,False,does_not_qualify,569,1.3289551769702215,13
WDBC__20,Means,means,2,4.531489799693452,0.0,False,does_not_qualify,569,1.7529459120640198,14
WDBC__21,Means,means,2,1.7207217888215247,99.64850615114236,True,qualifies,569,0.45320581046664804,1
WDBC__21,Binned,bins_4,10,2.8215031221378197,98.24253075571178,True,qualifies,569,0.7431309451125215,2
WDBC__21,Five-number,five_number,10,3.1092417061611357,98.24253075571178,True,qualifies,569,0.8189158854915954,3
WDBC__21,Binned,bins_8,18,0.9631571242680543,96.8365553602812,True,qualifies,569,0.2536775020496383,4
WDBC__21,Density,density_8,18,2.114054745429101,96.8365553602812,True,qualifies,569,0.5568023259176818,5
WDBC__21,Binned,bins_16,34,0.669786119623204,94.02460456942003,True,qualifies,569,0.17640908783461107,6
WDBC__21,Density,density_16,34,1.0455969845623017,94.02460456942003,True,qualifies,569,0.27539061333940695,7
WDBC__21,Binned,bins_32,66,0.4992014218009544,88.40070298769771,True,qualifies,569,0.13148028136980286,8
WDBC__21,Density,density_32,66,0.9252149246761618,88.40070298769771,True,qualifies,569,0.2436842390895012,9
WDBC__21,Binned,bins_64,130,0.4829307220518544,77.15289982425307,True,qualifies,569,0.1271948845586771,10
WDBC__21,Density,density_64,130,0.8840917476884229,77.15289982425307,True,qualifies,569,0.23285316641013695,11
WDBC__21,Density,density_128,258,0.8729336490378046,54.65729349736379,True,qualifies,569,0.22991433273285572,12
WDBC__21,Density,density_256,514,0.8712146293006384,9.666080843585235,True,qualifies,569,0.22946157521083693,13
WDBC__21,Observations,raw,569,0.0,0.0,True,qualifies,569,0.0,14
WDBC__22,Density,density_8,18,6.642277968273248,96.8365553602812,True,qualifies,569,0.37774698771920134,1
WDBC__22,Binned,bins_8,18,7.50409170991005,96.8365553602812,True,qualifies,569,0.42675841820032384,2
WDBC__22,Binned,bins_16,34,3.2150092169944173,94.02460456942003,True,qualifies,569,0.18283788378173293,3
WDBC__22,Density,density_16,34,4.27152828478998,94.02460456942003,True,qualifies,569,0.24292222491198276,4
WDBC__22,Density,density_32,66,4.95994367776359,88.40070298769771,True,qualifies,569,0.28207247460605184,5
WDBC__22,Binned,bins_32,66,5.377306378329735,88.40070298769771,True,qualifies,569,0.30580793158003894,6
WDBC__22,Density,density_64,130,4.778707819246534,77.15289982425307,True,qualifies,569,0.27176557387884265,7
WDBC__22,Binned,bins_64,130,5.715502284787789,77.15289982425307,True,qualifies,569,0.32504116534919203,8
WDBC__22,Density,density_128,258,4.90296596614327,54.65729349736379,True,qualifies,569,0.2788321466591465,9
WDBC__22,Density,density_256,514,4.9452330476187,9.666080843585235,True,qualifies,569,0.28123587965305136,10
WDBC__22,Observations,raw,569,0.0,0.0,True,qualifies,569,0.0,11
WDBC__22,Binned,bins_4,10,21.905408413461487,0.0,False,does_not_qualify,569,1.2457626860043993,12
WDBC__22,Five-number,five_number,10,29.227109004739347,0.0,False,does_not_qualify,569,1.6621485037235129,13
WDBC__22,Means,means,2,33.27560818667084,0.0,False,does_not_qualify,569,1.8923870420778233,14
WDBC__23,Binned,bins_4,10,355.47055432978516,98.24253075571178,True,qualifies,569,0.8735120510239847,1
WDBC__23,Binned,bins_8,18,213.73322681794252,96.8365553602812,True,qualifies,569,0.5252152310666703,2
WDBC__23,Binned,bins_16,34,67.41659670503236,94.02460456942003,True,qualifies,569,0.16566550715262787,3
WDBC__23,Density,density_16,34,111.15397298163555,94.02460456942003,True,qualifies,569,0.2731431161765779,4
WDBC__23,Density,density_32,66,96.7221196492348,88.40070298769771,True,qualifies,569,0.23767914412344623,5
WDBC__23,Binned,bins_32,66,110.03268933165782,88.40070298769771,True,qualifies,569,0.2703877408889724,6
WDBC__23,Binned,bins_64,130,108.05508316782516,77.15289982425307,True,qualifies,569,0.26552808994110655,7
WDBC__23,Density,density_64,130,124.0477980909223,77.15289982425307,True,qualifies,569,0.30482762978697536,8
WDBC__23,Density,density_128,258,124.56959832160021,54.65729349736379,True,qualifies,569,0.3061098704231474,9
WDBC__23,Density,density_256,514,126.2564126022391,9.666080843585235,True,qualifies,569,0.31025494681282334,10
WDBC__23,Observations,raw,569,0.0,0.0,True,qualifies,569,0.0,11
WDBC__23,Density,density_8,18,603.4107635794753,0.0,False,does_not_qualify,569,1.4827854720570062,12
WDBC__23,Means,means,2,833.2831190211924,0.0,False,does_not_qualify,569,2.047660031228851,13
WDBC__23,Five-number,five_number,10,976.3672985781989,0.0,False,does_not_qualify,569,2.3992665247387754,14
WDBC__24,Means,means,2,0.0063642599492626795,99.64850615114236,True,qualifies,569,0.5464863201983082,1
WDBC__24,Five-number,five_number,10,0.004974999999999952,98.24253075571178,True,qualifies,569,0.42719333664262654,2
WDBC__24,Binned,bins_8,18,0.003686866536899147,96.8365553602812,True,qualifies,569,0.31658388294552914,3
WDBC__24,Density,density_8,18,0.005036920377189225,96.8365553602812,True,qualifies,569,0.4325103160471805,4
WDBC__24,Density,density_16,34,0.0034036959584727022,94.02460456942003,True,qualifies,569,0.29226858963155594,5
WDBC__24,Binned,bins_16,34,0.003965040647432944,94.02460456942003,True,qualifies,569,0.34047013951769567,6
WDBC__24,Density,density_32,66,0.0027692714573454846,88.40070298769771,True,qualifies,569,0.23779182189600365,7
WDBC__24,Binned,bins_32,66,0.0036412276785714737,88.40070298769771,True,qualifies,569,0.3126649651225022,8
WDBC__24,Density,density_64,130,0.002663010227239762,77.15289982425307,True,qualifies,569,0.228667381806634,9
WDBC__24,Binned,bins_64,130,0.0036370848424865654,77.15289982425307,True,qualifies,569,0.31230922804304984,10
WDBC__24,Density,density_128,258,0.002630802540660615,54.65729349736379,True,qualifies,569,0.22590177193823482,11
WDBC__24,Density,density_256,514,0.002620967217895037,9.666080843585235,True,qualifies,569,0.22505723237055958,12
WDBC__24,Observations,raw,569,0.0,0.0,True,qualifies,569,0.0,13
WDBC__24,Binned,bins_4,10,0.012458580955955964,0.0,False,does_not_qualify,569,1.0697935212878722,14
WDBC__25,Binned,bins_4,10,0.07641496862567165,98.24253075571178,True,qualifies,569,0.7104076192121825,1
WDBC__25,Five-number,five_number,10,0.09807640449438215,98.24253075571178,True,qualifies,569,0.911787654576592,2
WDBC__25,Binned,bins_8,18,0.0333394507447527,96.8365553602812,True,qualifies,569,0.3099471249598175,3
WDBC__25,Density,density_8,18,0.06519571753814618,96.8365553602812,True,qualifies,569,0.6061055224138983,4
WDBC__25,Binned,bins_16,34,0.015883772783200162,94.02460456942003,True,qualifies,569,0.14766679107461728,5
WDBC__25,Density,density_16,34,0.018156417899365646,94.02460456942003,True,qualifies,569,0.16879490818735426,6
WDBC__25,Binned,bins_32,66,0.015822369733146158,88.40070298769771,True,qualifies,569,0.14709594487280941,7
WDBC__25,Density,density_32,66,0.024568924031036443,88.40070298769771,True,qualifies,569,0.22841010264617073,8
WDBC__25,Binned,bins_64,130,0.021291175454851707,77.15289982425307,True,qualifies,569,0.1979378325626724,9
WDBC__25,Density,density_64,130,0.023124033865456,77.15289982425307,True,qualifies,569,0.2149773812695338,10
WDBC__25,Density,density_128,258,0.02327893890278987,54.65729349736379,True,qualifies,569,0.21641748810665629,11
WDBC__25,Density,density_256,514,0.023365193326593148,9.666080843585235,True,qualifies,569,0.21721937026355112,12
WDBC__25,Observations,raw,569,0.0,0.0,True,qualifies,569,0.0,13
WDBC__25,Means,means,2,0.15191344524602282,0.0,False,does_not_qualify,569,1.4122948802375268,14
WDBC__26,Means,means,2,0.09011754990976684,99.64850615114236,True,qualifies,569,0.6892852829981586,1
WDBC__26,Binned,bins_8,18,0.05325766710526317,96.8365553602812,True,qualifies,569,0.40735379711532177,2
WDBC__26,Density,density_8,18,0.07636311886857194,96.8365553602812,True,qualifies,569,0.584081281089523,3
WDBC__26,Density,density_16,34,0.022441114645828153,94.02460456942003,True,qualifies,569,0.17164614522844834,4
WDBC__26,Binned,bins_16,34,0.03786587482517481,94.02460456942003,True,qualifies,569,0.2896260525389044,5
WDBC__26,Binned,bins_32,66,0.019780309375,88.40070298769771,True,qualifies,569,0.15129435009040715,6
WDBC__26,Density,density_32,66,0.023519088447314596,88.40070298769771,True,qualifies,569,0.17989128147068048,7
WDBC__26,Binned,bins_64,130,0.021970263364780418,77.15289982425307,True,qualifies,569,0.16804472842526183,8
WDBC__26,Density,density_64,130,0.025417500174954866,77.15289982425307,True,qualifies,569,0.19441173022060515,9
WDBC__26,Density,density_128,258,0.02551590391602193,54.65729349736379,True,qualifies,569,0.19516439438621336,10
WDBC__26,Density,density_256,514,0.025829458721578158,9.666080843585235,True,qualifies,569,0.19756269208848845,11
WDBC__26,Observations,raw,569,0.0,0.0,True,qualifies,569,0.0,12
WDBC__26,Binned,bins_4,10,0.15926440008775777,0.0,False,does_not_qualify,569,1.2181712351916083,13
WDBC__26,Five-number,five_number,10,0.37292999999999976,0.0,False,does_not_qualify,569,2.8524428465475156,14
WDBC__27,Means,means,2,0.01899242647548738,99.64850615114236,True,qualifies,569,0.7356529028399295,1
WDBC__27,Binned,bins_4,10,0.01840415909967641,98.24253075571178,True,qualifies,569,0.7128669463840805,2
WDBC__27,Binned,bins_8,18,0.007923425527726471,96.8365553602812,True,qualifies,569,0.30690607108212586,3
WDBC__27,Density,density_8,18,0.014141079266476148,96.8365553602812,True,qualifies,569,0.5477407547213243,4
WDBC__27,Binned,bins_16,34,0.005046777765773572,94.02460456942003,True,qualifies,569,0.19548195793576545,5
WDBC__27,Density,density_16,34,0.007394888802982377,94.02460456942003,True,qualifies,569,0.28643372246899146,6
WDBC__27,Binned,bins_32,66,0.004510497968499214,88.40070298769771,True,qualifies,569,0.17470968904698111,7
WDBC__27,Density,density_32,66,0.006261683337293419,88.40070298769771,True,qualifies,569,0.24254012670206282,8
WDBC__27,Binned,bins_64,130,0.003383123518957337,77.15289982425307,True,qualifies,569,0.13104195193800983,9
WDBC__27,Density,density_64,130,0.006531343310808346,77.15289982425307,True,qualifies,569,0.2529851397472379,10
WDBC__27,Density,density_128,258,0.006551422222389414,54.65729349736379,True,qualifies,569,0.2537628765787872,11
WDBC__27,Density,density_256,514,0.00656875497937251,9.666080843585235,True,qualifies,569,0.2544342438211609,12
WDBC__27,Observations,raw,569,0.0,0.0,True,qualifies,569,0.0,13
WDBC__27,Five-number,five_number,10,0.052897000000000007,0.0,False,does_not_qualify,569,2.0489131102730864,14
WDBC__28,Binned,bins_8,18,0.017642447891074553,96.8365553602812,True,qualifies,569,0.33827773922616106,1
WDBC__28,Density,density_8,18,0.023134813387629904,96.8365553602812,True,qualifies,569,0.4435888045981305,2
WDBC__28,Binned,bins_16,34,0.01689082403768355,94.02460456942003,True,qualifies,569,0.3238660419694445,3
WDBC__28,Density,density_16,34,0.01799657269228927,94.02460456942003,True,qualifies,569,0.34506775713628524,4
WDBC__28,Binned,bins_32,66,0.013672765106635343,88.40070298769771,True,qualifies,569,0.2621627167499168,5
WDBC__28,Density,density_32,66,0.014759446923043262,88.40070298769771,True,qualifies,569,0.2829988428012581,6
WDBC__28,Density,density_64,130,0.01211742587195147,77.15289982425307,True,qualifies,569,0.2323405150187849,7
WDBC__28,Binned,bins_64,130,0.013842449480060082,77.15289982425307,True,qualifies,569,0.26541625880816866,8
WDBC__28,Density,density_128,258,0.01224257917247018,54.65729349736379,True,qualifies,569,0.2347402146419636,9
WDBC__28,Density,density_256,514,0.012234936072187952,9.666080843585235,True,qualifies,569,0.23459366521185537,10
WDBC__28,Observations,raw,569,0.0,0.0,True,qualifies,569,0.0,11
WDBC__28,Binned,bins_4,10,0.05296587959828486,0.0,False,does_not_qualify,569,1.0155721086583052,12
WDBC__28,Five-number,five_number,10,0.07944170616113738,0.0,False,does_not_qualify,569,1.5232217732128874,13
WDBC__28,Means,means,2,0.08134402508300337,0.0,False,does_not_qualify,569,1.5596969918531267,14
WDBC__29,Means,means,2,0.012271895279841863,99.64850615114236,True,qualifies,569,0.9138173170100091,1
WDBC__29,Binned,bins_4,10,0.010681580021873874,98.24253075571178,True,qualifies,569,0.7953957049364814,2
WDBC__29,Binned,bins_8,18,0.005294221260998495,96.8365553602812,True,qualifies,569,0.39423014604190254,3
WDBC__29,Density,density_8,18,0.008888406607676105,96.8365553602812,True,qualifies,569,0.6618684150656541,4
WDBC__29,Density,density_16,34,0.0028844359764819555,94.02460456942003,True,qualifies,569,0.21478732380039117,5
WDBC__29,Binned,bins_16,34,0.0032489515777001793,94.02460456942003,True,qualifies,569,0.24193069987374208,6
WDBC__29,Binned,bins_32,66,0.001434692114017519,88.40070298769771,True,qualifies,569,0.10683325341933667,7
WDBC__29,Density,density_32,66,0.0033548299676422616,88.40070298769771,True,qualifies,569,0.24981485338221793,8
WDBC__29,Binned,bins_64,130,0.0014260424859550563,77.15289982425307,True,qualifies,569,0.1061891654664222,9
WDBC__29,Density,density_64,130,0.003470040309955,77.15289982425307,True,qualifies,569,0.25839390360251835,10
WDBC__29,Density,density_128,258,0.003495303710881817,54.65729349736379,True,qualifies,569,0.2602751234733735,11
WDBC__29,Density,density_256,514,0.003502837639695333,9.666080843585235,True,qualifies,569,0.2608361317331344,12
WDBC__29,Observations,raw,569,0.0,0.0,True,qualifies,569,0.0,13
WDBC__29,Five-number,five_number,10,0.026733554502369666,0.0,False,does_not_qualify,569,1.9906937349461395,14
Cleveland__00,Means,means,2,5.040533426917001,99.33993399339934,True,qualifies,303,0.8400889044861669,1
Cleveland__00,Binned,bins_4,10,2.3276227696580847,96.69966996699671,True,qualifies,303,0.38793712827634746,2
Cleveland__00,Five-number,five_number,10,4.208588957055213,96.69966996699671,True,qualifies,303,0.7014314928425355,3
Cleveland__00,Binned,bins_8,18,1.8019429321239855,94.05940594059405,True,qualifies,303,0.30032382202066427,4
Cleveland__00,Density,density_8,18,3.409722078175882,94.05940594059405,True,qualifies,303,0.5682870130293137,5
Cleveland__00,Binned,bins_16,34,1.5014864362690474,88.77887788778878,True,qualifies,303,0.25024773937817457,6
Cleveland__00,Density,density_16,34,2.787085826671067,88.77887788778878,True,qualifies,303,0.46451430444517783,7
Cleveland__00,Binned,bins_32,66,1.2576992753623202,78.21782178217822,True,qualifies,303,0.20961654589372003,8
Cleveland__00,Density,density_32,66,2.3092675208290245,78.21782178217822,True,qualifies,303,0.38487792013817074,9
Cleveland__00,Binned,bins_64,130,1.0555555555555571,57.0957095709571,True,qualifies,303,0.17592592592592618,10
Cleveland__00,Density,density_64,130,2.183987211705464,57.0957095709571,True,qualifies,303,0.3639978686175773,11
Cleveland__00,Density,density_128,258,2.152017347735189,14.851485148514854,True,qualifies,303,0.3586695579558648,12
Cleveland__00,Observations,raw,303,0.0,0.0,True,qualifies,303,0.0,13
Cleveland__00,Density,density_256,514,2.145467357610947,0.0,True,qualifies,303,0.35757789293515785,14
Cleveland__01,Means,means,2,9.130930038577844,99.33993399339934,True,qualifies,303,0.5808479668306529,1
Cleveland__01,Binned,bins_4,10,7.1596342305037695,96.69966996699671,True,qualifies,303,0.45544747013382847,2
Cleveland__01,Five-number,five_number,10,7.65217391304347,96.69966996699671,True,qualifies,303,0.48677951100785527,3
Cleveland__01,Binned,bins_8,18,4.816986079328785,94.05940594059405,True,qualifies,303,0.3064240508478877,4
Cleveland__01,Density,density_8,18,5.2632417875778685,94.05940594059405,True,qualifies,303,0.3348118185482111,5
Cleveland__01,Density,density_16,34,5.080709782761019,88.77887788778878,True,qualifies,303,0.32320036786011636,6
Cleveland__01,Binned,bins_16,34,5.882119872488872,88.77887788778878,True,qualifies,303,0.37418065346621393,7
Cleveland__01,Binned,bins_32,66,4.619829136690612,78.21782178217822,True,qualifies,303,0.2938822606037291,8
Cleveland__01,Density,density_32,66,4.971012852207835,78.21782178217822,True,qualifies,303,0.31622219161627513,9
Cleveland__01,Binned,bins_64,130,3.40709932054358,57.0957095709571,True,qualifies,303,0.2167365979989559,10
Cleveland__01,Density,density_64,130,4.849374470277169,57.0957095709571,True,qualifies,303,0.30848438106088927,11
Cleveland__01,Density,density_128,258,4.845638887401179,14.851485148514854,True,qualifies,303,0.30824674856241663,12
Cleveland__01,Observations,raw,303,0.0,0.0,True,qualifies,303,0.0,13
Cleveland__01,Density,density_256,514,4.844980173951669,0.0,True,qualifies,303,0.30820484567122636,14
Cleveland__02,Means,means,2,15.269358850141543,99.33993399339934,True,qualifies,303,0.44001659938106663,1
Cleveland__02,Binned,bins_4,10,13.792514688220223,96.69966996699671,True,qualifies,303,0.39745843093914957,2
Cleveland__02,Binned,bins_8,18,12.508313184519977,94.05940594059405,True,qualifies,303,0.36045163948680276,3
Cleveland__02,Density,density_8,18,21.829637442102182,94.05940594059405,True,qualifies,303,0.6290639264730076,4
Cleveland__02,Density,density_16,34,10.415939980672846,88.77887788778878,True,qualifies,303,0.3001557913880892,5
Cleveland__02,Binned,bins_16,34,10.513803680981596,88.77887788778878,True,qualifies,303,0.30297592634171266,6
Cleveland__02,Binned,bins_32,66,7.1198395961145025,78.21782178217822,True,qualifies,303,0.2051721776904817,7
Cleveland__02,Density,density_32,66,9.127897892333493,78.21782178217822,True,qualifies,303,0.2630383259376315,8
Cleveland__02,Binned,bins_64,130,4.767663043478251,57.0957095709571,True,qualifies,303,0.1373895852455285,9
Cleveland__02,Density,density_64,130,9.35282010426036,57.0957095709571,True,qualifies,303,0.26951990173846546,10
Cleveland__02,Density,density_128,258,9.164078111844105,14.851485148514854,True,qualifies,303,0.26408093010393363,11
Cleveland__02,Observations,raw,303,0.0,0.0,True,qualifies,303,0.0,12
Cleveland__02,Density,density_256,514,9.172704627507272,0.0,True,qualifies,303,0.26432952011507077,13
Cleveland__02,Five-number,five_number,10,126.35000000000002,0.0,False,does_not_qualify,303,3.6410236917892864,14
Cleveland__03,Means,means,2,8.868674086617276,99.33993399339934,True,qualifies,303,0.5542921304135797,1
Cleveland__03,Five-number,five_number,10,7.043478260869577,96.69966996699671,True,qualifies,303,0.44021739130434856,2
Cleveland__03,Binned,bins_4,10,12.550908447380834,96.69966996699671,True,qualifies,303,0.7844317779613021,3
Cleveland__03,Binned,bins_8,18,4.714569428526488,94.05940594059405,True,qualifies,303,0.2946605892829055,4
Cleveland__03,Density,density_8,18,8.673578480641396,94.05940594059405,True,qualifies,303,0.5420986550400873,5
Cleveland__03,Binned,bins_16,34,3.472894021739137,88.77887788778878,True,qualifies,303,0.21705587635869605,6
Cleveland__03,Density,density_16,34,4.631726419720721,88.77887788778878,True,qualifies,303,0.28948290123254505,7
Cleveland__03,Binned,bins_32,66,2.4447237318840536,78.21782178217822,True,qualifies,303,0.15279523324275335,8
Cleveland__03,Density,density_32,66,4.290534946212034,78.21782178217822,True,qualifies,303,0.26815843413825213,9
Cleveland__03,Binned,bins_64,130,3.5773389862804805,57.0957095709571,True,qualifies,303,0.22358368664253003,10
Cleveland__03,Density,density_64,130,3.9906479451842074,57.0957095709571,True,qualifies,303,0.24941549657401296,11
Cleveland__03,Density,density_128,258,3.9380627510671076,14.851485148514854,True,qualifies,303,0.24612892194169422,12
Cleveland__03,Observations,raw,303,0.0,0.0,True,qualifies,303,0.0,13
Cleveland__03,Density,density_256,514,3.933660021799753,0.0,True,qualifies,303,0.24585375136248455,14
Cleveland__04,Five-number,five_number,10,0.3985507246376812,96.69966996699671,True,qualifies,303,0.4981884057971015,1
Cleveland__04,Binned,bins_4,10,0.7476990980034458,96.69966996699671,True,qualifies,303,0.9346238725043072,2
Cleveland__04,Binned,bins_8,18,0.5015614799582189,94.05940594059405,True,qualifies,303,0.6269518499477735,3
Cleveland__04,Density,density_8,18,0.6744029210994786,94.05940594059405,True,qualifies,303,0.8430036513743483,4
Cleveland__04,Binned,bins_16,34,0.3268911945542379,88.77887788778878,True,qualifies,303,0.40861399319279734,5
Cleveland__04,Density,density_16,34,0.440802109489716,88.77887788778878,True,qualifies,303,0.5510026368621449,6
Cleveland__04,Binned,bins_32,66,0.1999447699040089,78.21782178217822,True,qualifies,303,0.2499309623800111,7
Cleveland__04,Density,density_32,66,0.3669063558813914,78.21782178217822,True,qualifies,303,0.4586329448517393,8
Cleveland__04,Binned,bins_64,130,0.17334275436793511,57.0957095709571,True,qualifies,303,0.2166784429599189,9
Cleveland__04,Density,density_64,130,0.3421785556560415,57.0957095709571,True,qualifies,303,0.42772319457005187,10
Cleveland__04,Density,density_128,258,0.33594501584368797,14.851485148514854,True,qualifies,303,0.41993126980460993,11
Cleveland__04,Observations,raw,303,0.0,0.0,True,qualifies,303,0.0,12
Cleveland__04,Density,density_256,514,0.3349466980117832,0.0,True,qualifies,303,0.4186833725147289,13
Cleveland__04,Means,means,2,0.987515353570802,0.0,False,does_not_qualify,303,1.2343941919635024,14
HeartFailure__00,Means,means,2,6.546625153940894,99.33110367892976,True,qualifies,299,0.6546625153940895,1
HeartFailure__00,Binned,bins_4,10,4.564379699248121,96.65551839464884,True,qualifies,299,0.4564379699248121,2
HeartFailure__00,Five-number,five_number,10,6.1188118811881225,96.65551839464884,True,qualifies,299,0.6118811881188122,3
HeartFailure__00,Density,density_8,18,3.931913133831607,93.9799331103679,True,qualifies,299,0.3931913133831607,4
HeartFailure__00,Binned,bins_8,18,4.277808704453442,93.9799331103679,True,qualifies,299,0.4277808704453442,5
HeartFailure__00,Binned,bins_16,34,2.6154812172393704,88.62876254180601,True,qualifies,299,0.26154812172393704,6
HeartFailure__00,Density,density_16,34,3.9600568222881734,88.62876254180601,True,qualifies,299,0.3960056822288173,7
HeartFailure__00,Binned,bins_32,66,2.6604817708333286,77.92642140468227,True,qualifies,299,0.26604817708333284,8
HeartFailure__00,Density,density_32,66,3.6920471086182616,77.92642140468227,True,qualifies,299,0.36920471086182616,9
HeartFailure__00,Binned,bins_64,130,2.7052408854166714,56.52173913043479,True,qualifies,299,0.27052408854166715,10
HeartFailure__00,Density,density_64,130,3.657035244642138,56.52173913043479,True,qualifies,299,0.36570352446421384,11
HeartFailure__00,Density,density_128,258,3.662108159355185,13.712374581939802,True,qualifies,299,0.3662108159355185,12
HeartFailure__00,Observations,raw,299,0.0,0.0,True,qualifies,299,0.0,13
HeartFailure__00,Density,density_256,514,3.6583455303157564,0.0,True,qualifies,299,0.36583455303157564,14
HeartFailure__01,Means,means,2,382.37145224682524,99.33110367892976,True,qualifies,299,0.10287486002884842,1
HeartFailure__01,Binned,bins_4,10,909.3697916666579,96.65551839464884,True,qualifies,299,0.24466075979903967,2
HeartFailure__01,Five-number,five_number,10,1988.0421052631589,96.65551839464884,True,qualifies,299,0.5348713982402244,3
HeartFailure__01,Binned,bins_8,18,294.9848958333273,93.9799331103679,True,qualifies,299,0.07936400505623767,4
HeartFailure__01,Density,density_8,18,413.1309744677269,93.9799331103679,True,qualifies,299,0.1111505341787765,5
HeartFailure__01,Binned,bins_16,34,191.21269448373528,88.62876254180601,True,qualifies,299,0.051444685698071875,6
HeartFailure__01,Density,density_16,34,503.30801079707203,88.62876254180601,True,qualifies,299,0.1354121518693393,7
HeartFailure__01,Binned,bins_32,66,274.8420138888912,77.92642140468227,True,qualifies,299,0.07394467746670345,8
HeartFailure__01,Density,density_32,66,451.1107611866041,77.92642140468227,True,qualifies,299,0.12136877934240313,9
HeartFailure__01,Density,density_64,130,425.36398740401023,56.52173913043479,True,qualifies,299,0.11444175659131918,10
HeartFailure__01,Binned,bins_64,130,434.73177083333576,56.52173913043479,True,qualifies,299,0.11696210533443178,11
HeartFailure__01,Density,density_128,258,423.59421851791103,13.712374581939802,True,qualifies,299,0.11396561035871983,12
HeartFailure__01,Observations,raw,299,0.0,0.0,True,qualifies,299,0.0,13
HeartFailure__01,Density,density_256,514,424.319047400091,0.0,True,qualifies,299,0.11416062143855064,14
HeartFailure__02,Means,means,2,6.797259852216747,99.33110367892976,True,qualifies,299,0.4531506568144498,1
HeartFailure__02,Binned,bins_4,10,7.5356140350877325,96.65551839464884,True,qualifies,299,0.5023742690058488,2
HeartFailure__02,Five-number,five_number,10,9.400000000000006,96.65551839464884,True,qualifies,299,0.626666666666667,3
HeartFailure__02,Binned,bins_8,18,5.9633223684210535,93.9799331103679,True,qualifies,299,0.39755482456140356,4
HeartFailure__02,Density,density_8,18,9.906707679682981,93.9799331103679,True,qualifies,299,0.660447178645532,5
HeartFailure__02,Binned,bins_16,34,5.536509758897822,88.62876254180601,True,qualifies,299,0.3691006505931881,6
HeartFailure__02,Density,density_16,34,5.703112255746603,88.62876254180601,True,qualifies,299,0.38020748371644025,7
HeartFailure__02,Binned,bins_32,66,4.084765624999974,77.92642140468227,True,qualifies,299,0.27231770833333163,8
HeartFailure__02,Density,density_32,66,5.277427988993928,77.92642140468227,True,qualifies,299,0.3518285325995952,9
HeartFailure__02,Binned,bins_64,130,4.485091145833309,56.52173913043479,True,qualifies,299,0.29900607638888727,10
HeartFailure__02,Density,density_64,130,5.1950264078559485,56.52173913043479,True,qualifies,299,0.34633509385706324,11
HeartFailure__02,Density,density_128,258,5.181043354195197,13.712374581939802,True,qualifies,299,0.3454028902796798,12
HeartFailure__02,Observations,raw,299,0.0,0.0,True,qualifies,299,0.0,13
HeartFailure__02,Density,density_256,514,5.173801317603235,0.0,True,qualifies,299,0.3449200878402157,14
HeartFailure__03,Means,means,2,30855.392478232214,99.33110367892976,True,qualifies,299,0.3342279051830988,1
HeartFailure__03,Binned,bins_4,10,24365.538732394365,96.65551839464884,True,qualifies,299,0.2639293269379407,2
HeartFailure__03,Binned,bins_8,18,23788.016194331984,93.9799331103679,True,qualifies,299,0.25767355987133184,3
HeartFailure__03,Density,density_8,18,34152.83373631671,93.9799331103679,True,qualifies,299,0.36994603402982823,4
HeartFailure__03,Density,density_16,34,18021.33849000209,88.62876254180601,True,qualifies,299,0.1952084782703122,5
HeartFailure__03,Binned,bins_16,34,27334.5245215311,88.62876254180601,True,qualifies,299,0.29608960172691373,6
HeartFailure__03,Binned,bins_32,66,17289.982982673275,77.92642140468227,True,qualifies,299,0.18728638104432233,7
HeartFailure__03,Density,density_32,66,18815.994711237552,77.92642140468227,True,qualifies,299,0.20381625353525554,8
HeartFailure__03,Density,density_64,130,18874.782649052446,56.52173913043479,True,qualifies,299,0.20445304884809326,9
HeartFailure__03,Binned,bins_64,130,27110.400390625,56.52173913043479,True,qualifies,299,0.29366187247904973,10
HeartFailure__03,Density,density_128,258,18883.27638670703,13.712374581939802,True,qualifies,299,0.2045450536458112,11
HeartFailure__03,Observations,raw,299,0.0,0.0,True,qualifies,299,0.0,12
HeartFailure__03,Density,density_256,514,18944.928593350574,0.0,True,qualifies,299,0.20521287493153698,13
HeartFailure__03,Five-number,five_number,10,187250.00000000023,0.0,False,does_not_qualify,299,2.0283059205838025,14
HeartFailure__04,Means,means,2,1.2262712367295852,99.33110367892976,True,qualifies,299,0.4118932485567676,1
HeartFailure__04,Binned,bins_4,10,0.948558946220091,96.65551839464884,True,qualifies,299,0.31861224018282586,2
HeartFailure__04,Five-number,five_number,10,1.1242105263157904,96.65551839464884,True,qualifies,299,0.3776119930700424,3
HeartFailure__04,Binned,bins_8,18,0.280441419141914,93.9799331103679,True,qualifies,299,0.09419769762218234,4
HeartFailure__04,Density,density_8,18,2.5758952458453335,93.9799331103679,True,qualifies,299,0.86521956070893,5
HeartFailure__04,Density,density_16,34,0.3696031622999496,88.62876254180601,True,qualifies,299,0.12414630844852106,6
HeartFailure__04,Binned,bins_16,34,0.42168749999999733,88.62876254180601,True,qualifies,299,0.1416409592334609,7
HeartFailure__04,Binned,bins_32,66,0.3818229166666671,77.92642140468227,True,qualifies,299,0.1282508117361432,8
HeartFailure__04,Density,density_32,66,0.4245907667582211,77.92642140468227,True,qualifies,299,0.14261613987918895,9
HeartFailure__04,Binned,bins_64,130,0.3737109375000016,56.52173913043479,True,qualifies,299,0.12552607241982872,10
HeartFailure__04,Density,density_64,130,0.4634520289909003,56.52173913043479,True,qualifies,299,0.15566928103148722,11
HeartFailure__04,Density,density_128,258,0.46948509161497465,13.712374581939802,True,qualifies,299,0.15769573137016085,12
HeartFailure__04,Observations,raw,299,0.0,0.0,True,qualifies,299,0.0,13
HeartFailure__04,Density,density_256,514,0.47179763032448874,0.0,True,qualifies,299,0.15847249188850698,14
HeartFailure__05,Means,means,2,2.841748768472911,99.33110367892976,True,qualifies,299,0.5683497536945836,1
HeartFailure__05,Binned,bins_4,10,2.9634998513232347,96.65551839464884,True,qualifies,299,0.5926999702646484,2
HeartFailure__05,Binned,bins_8,18,1.7250939849624274,93.9799331103679,True,qualifies,299,0.34501879699248633,3
HeartFailure__05,Density,density_8,18,2.691479483546459,93.9799331103679,True,qualifies,299,0.5382958967092931,4
HeartFailure__05,Density,density_16,34,1.0010775586376042,88.62876254180601,True,qualifies,299,0.20021551172752133,5
HeartFailure__05,Binned,bins_16,34,1.477977839335182,88.62876254180601,True,qualifies,299,0.2955955678670371,6
HeartFailure__05,Density,density_32,66,0.9598035153332205,77.92642140468227,True,qualifies,299,0.1919607030666446,7
HeartFailure__05,Binned,bins_32,66,1.2298177083333428,77.92642140468227,True,qualifies,299,0.24596354166666917,8
HeartFailure__05,Density,density_64,130,0.9525759704510222,56.52173913043479,True,qualifies,299,0.1905151940902049,9
HeartFailure__05,Binned,bins_64,130,1.290635313531368,56.52173913043479,True,qualifies,299,0.2581270627062742,10
HeartFailure__05,Density,density_128,258,0.9547350471386835,13.712374581939802,True,qualifies,299,0.19094700942773718,11
HeartFailure__05,Observations,raw,299,0.0,0.0,True,qualifies,299,0.0,12
HeartFailure__05,Density,density_256,514,0.9548096668993935,0.0,True,qualifies,299,0.19096193337987918,13
HeartFailure__05,Five-number,five_number,10,6.049504950495049,0.0,False,does_not_qualify,299,1.2099009900990128,14
CKD__00,Binned,bins_4,10,8.060526315789478,97.44245524296676,True,qualifies,391,0.5037828947368423,1
CKD__00,Five-number,five_number,10,9.456431535269711,97.44245524296676,True,qualifies,391,0.591026970954357,2
CKD__00,Binned,bins_8,18,4.647006520450507,95.39641943734016,True,qualifies,391,0.2904379075281567,3
CKD__00,Density,density_8,18,9.167404374140004,95.39641943734016,True,qualifies,391,0.5729627733837502,4
CKD__00,Binned,bins_16,34,3.594398340248965,91.30434782608697,True,qualifies,391,0.2246498962655603,5
CKD__00,Density,density_16,34,4.510650509896546,91.30434782608697,True,qualifies,391,0.28191565686853415,6
CKD__00,Binned,bins_32,66,2.834538567493105,83.12020460358056,True,qualifies,391,0.17715866046831907,7
CKD__00,Density,density_32,66,4.183720152678063,83.12020460358056,True,qualifies,391,0.26148250954237895,8
CKD__00,Binned,bins_64,130,2.6745006887052263,66.75191815856778,True,qualifies,391,0.16715629304407664,9
CKD__00,Density,density_64,130,4.011943173158588,66.75191815856778,True,qualifies,391,0.2507464483224118,10
CKD__00,Density,density_128,258,3.965756103993037,34.0153452685422,True,qualifies,391,0.24785975649956482,11
CKD__00,Observations,raw,391,0.0,0.0,True,qualifies,391,0.0,12
CKD__00,Density,density_256,514,3.964494628975924,0.0,True,qualifies,391,0.24778091431099525,13
CKD__00,Means,means,2,16.974543790559654,0.0,False,does_not_qualify,391,1.0609089869099784,14
CKD__01,Binned,bins_8,18,9.238829432950538,95.36082474226804,True,qualifies,388,0.9238829432950538,1
CKD__01,Binned,bins_16,34,7.3479166666667055,91.23711340206185,True,qualifies,388,0.7347916666666705,2
CKD__01,Binned,bins_32,66,6.371643518518482,82.98969072164948,True,qualifies,388,0.6371643518518482,3
CKD__01,Density,density_32,66,8.246984165572584,82.98969072164948,True,qualifies,388,0.8246984165572584,4
CKD__01,Binned,bins_64,130,7.586979166666708,66.49484536082475,True,qualifies,388,0.7586979166666709,5
CKD__01,Density,density_64,130,7.770498420963065,66.49484536082475,True,qualifies,388,0.7770498420963066,6
CKD__01,Density,density_128,258,7.551538317471909,33.50515463917526,True,qualifies,388,0.7551538317471909,7
CKD__01,Observations,raw,388,0.0,0.0,True,qualifies,388,0.0,8
CKD__01,Density,density_256,514,7.491358678844506,0.0,True,qualifies,388,0.7491358678844506,9
CKD__01,Density,density_16,34,10.369931661629735,0.0,False,does_not_qualify,388,1.0369931661629734,10
CKD__01,Means,means,2,11.726351351351354,0.0,False,does_not_qualify,388,1.1726351351351354,11
CKD__01,Density,density_8,18,13.487949978960884,0.0,False,does_not_qualify,388,1.3487949978960885,12
CKD__01,Binned,bins_4,10,15.428870292887026,0.0,False,does_not_qualify,388,1.5428870292887027,13
CKD__01,Five-number,five_number,10,62.0,0.0,False,does_not_qualify,388,6.2,14
CKD__02,Binned,bins_4,10,39.715936018957336,97.19101123595506,True,qualifies,356,0.5439794003418347,1
CKD__02,Binned,bins_8,18,17.21795437010914,94.9438202247191,True,qualifies,356,0.23583008314079093,2
CKD__02,Density,density_8,18,39.304407830711824,94.9438202247191,True,qualifies,356,0.5383428000371434,3
CKD__02,Binned,bins_16,34,13.832092078537585,90.4494382022472,True,qualifies,356,0.1894547606976796,4
CKD__02,Density,density_16,34,29.520340172299342,90.4494382022472,True,qualifies,356,0.4043328334789666,5
CKD__02,Binned,bins_32,66,8.87351895734605,81.46067415730337,True,qualifies,356,0.121538405113629,6
CKD__02,Density,density_32,66,15.739571966177529,81.46067415730337,True,qualifies,356,0.21558104322938684,7
CKD__02,Binned,bins_64,130,10.160055746140728,63.48314606741573,True,qualifies,356,0.1391597828535917,8
CKD__02,Density,density_64,130,19.285495708166536,63.48314606741573,True,qualifies,356,0.2641486879628344,9
CKD__02,Density,density_128,258,20.168772037906578,27.52808988764045,True,qualifies,356,0.2762467064498916,10
CKD__02,Observations,raw,356,0.0,0.0,True,qualifies,356,0.0,11
CKD__02,Density,density_256,514,20.22124923603748,0.0,True,qualifies,356,0.27696547371644276,12
CKD__02,Five-number,five_number,10,96.1137440758294,0.0,False,does_not_qualify,356,1.3164462960666954,13
CKD__02,Means,means,2,167.4524109014673,0.0,False,does_not_qualify,356,2.293554456943807,14
CKD__03,Binned,bins_4,10,37.82546874999997,97.3753280839895,True,qualifies,381,0.992794455380579,1
CKD__03,Binned,bins_8,18,19.791760460805136,95.2755905511811,True,qualifies,381,0.5194687784988237,2
CKD__03,Binned,bins_16,34,7.821351240440066,91.0761154855643,True,qualifies,381,0.20528480946036967,3
CKD__03,Density,density_16,34,12.54607002549858,91.0761154855643,True,qualifies,381,0.3292931765222732,4
CKD__03,Binned,bins_32,66,6.665977524384445,82.67716535433071,True,qualifies,381,0.17496004001009083,5
CKD__03,Density,density_32,66,10.091001263028007,82.67716535433071,True,qualifies,381,0.2648556761949614,6
CKD__03,Binned,bins_64,130,6.01986529757329,65.87926509186352,True,qualifies,381,0.15800171384706835,7
CKD__03,Density,density_64,130,11.103370158246092,65.87926509186352,True,qualifies,381,0.2914270382741763,8
CKD__03,Density,density_128,258,12.125066580502468,32.28346456692913,True,qualifies,381,0.3182432173360235,9
CKD__03,Observations,raw,381,0.0,0.0,True,qualifies,381,0.0,10
CKD__03,Density,density_256,514,12.209196880513701,0.0,True,qualifies,381,0.32045136169327376,11
CKD__03,Density,density_8,18,53.23887086634392,0.0,False,does_not_qualify,381,1.3973456920300276,12
CKD__03,Means,means,2,98.40958157524608,0.0,False,does_not_qualify,381,2.582928650268932,13
CKD__03,Five-number,five_number,10,149.76271186440687,0.0,False,does_not_qualify,381,3.9307798389608197,14
CKD__04,Binned,bins_16,34,4.173734177215195,91.12271540469973,True,qualifies,383,0.9706358551663241,1
CKD__04,Density,density_32,66,1.670386043827154,82.76762402088774,True,qualifies,383,0.38846187065747756,2
CKD__04,Binned,bins_32,66,2.0205696202531698,82.76762402088774,True,qualifies,383,0.46989991168678347,3
CKD__04,Binned,bins_64,130,0.5977531645569627,66.05744125326372,True,qualifies,383,0.1390123638504564,4
CKD__04,Density,density_64,130,2.194459497027874,66.05744125326372,True,qualifies,383,0.5103394179134589,5
CKD__04,Density,density_128,258,2.188443033888885,32.637075718015666,True,qualifies,383,0.5089402404392753,6
CKD__04,Observations,raw,383,0.0,0.0,True,qualifies,383,0.0,7
CKD__04,Density,density_256,514,2.4238592932363368,0.0,True,qualifies,383,0.5636882077293804,8
CKD__04,Density,density_16,34,6.758647434021309,0.0,False,does_not_qualify,383,1.571778473028211,9
CKD__04,Binned,bins_8,18,8.087025316455703,0.0,False,does_not_qualify,383,1.8807035619664418,10
CKD__04,Means,means,2,8.799049550854818,0.0,False,does_not_qualify,383,2.04629059322205,11
CKD__04,Density,density_8,18,11.401616039132032,0.0,False,does_not_qualify,383,2.6515386137516344,12
CKD__04,Binned,bins_4,10,12.038076923076916,0.0,False,does_not_qualify,383,2.799552772808584,13
CKD__04,Five-number,five_number,10,48.184999999999995,0.0,False,does_not_qualify,383,11.205813953488367,14
CKD__05,Means,means,2,7.170751231527106,99.36102236421725,True,qualifies,313,0.7967501368363451,1
CKD__05,Binned,bins_4,10,8.72622063565177,96.80511182108627,True,qualifies,313,0.9695800706279746,2
CKD__05,Binned,bins_16,34,4.584724572593956,89.1373801916933,True,qualifies,313,0.5094138413993284,3
CKD__05,Density,density_16,34,7.066875820834639,89.1373801916933,True,qualifies,313,0.7852084245371821,4
CKD__05,Binned,bins_32,66,2.371639756201887,78.91373801916933,True,qualifies,313,0.2635155284668763,5
CKD__05,Density,density_32,66,4.534641628541394,78.91373801916933,True,qualifies,313,0.5038490698379327,6
CKD__05,Binned,bins_64,130,2.3488919526143945,58.4664536741214,True,qualifies,313,0.2609879947349327,7
CKD__05,Density,density_64,130,4.300422152022037,58.4664536741214,True,qualifies,313,0.4778246835580041,8
CKD__05,Density,density_128,258,4.24385670611116,17.571884984025555,True,qualifies,313,0.4715396340123511,9
CKD__05,Observations,raw,313,0.0,0.0,True,qualifies,313,0.0,10
CKD__05,Density,density_256,514,4.206698045905213,0.0,True,qualifies,313,0.4674108939894681,11
CKD__05,Binned,bins_8,18,9.517852272727282,0.0,False,does_not_qualify,313,1.0575391414141424,12
CKD__05,Density,density_8,18,22.565149076387684,0.0,False,does_not_qualify,313,2.5072387862652983,13
CKD__05,Five-number,five_number,10,90.6,0.0,False,does_not_qualify,313,10.066666666666666,14
CKD__06,Binned,bins_32,66,0.5338269788402457,78.84615384615384,True,qualifies,312,0.88971163140041,1
CKD__06,Binned,bins_64,130,0.4315227914764641,58.33333333333333,True,qualifies,312,0.7192046524607739,2
CKD__06,Observations,raw,312,0.0,0.0,True,qualifies,312,0.0,3
CKD__06,Means,means,2,0.9805120792896962,0.0,False,does_not_qualify,312,1.6341867988161614,4
CKD__06,Density,density_16,34,0.9973163031576311,0.0,False,does_not_qualify,312,1.6621938385960529,5
CKD__06,Density,density_64,130,1.1384767742025428,0.0,False,does_not_qualify,312,1.8974612903375725,6
CKD__06,Binned,bins_4,10,1.172462577583059,0.0,False,does_not_qualify,312,1.9541042959717663,7
CKD__06,Density,density_8,18,1.2053078163623843,0.0,False,does_not_qualify,312,2.008846360603975,8
CKD__06,Binned,bins_8,18,1.2362312887915294,0.0,False,does_not_qualify,312,2.060385481319217,9
CKD__06,Binned,bins_16,34,1.2481685671256448,0.0,False,does_not_qualify,312,2.080280945209409,10
CKD__06,Density,density_128,258,1.3314647447387709,0.0,False,does_not_qualify,312,2.2191079078979525,11
CKD__06,Density,density_256,514,1.4135615110331674,0.0,False,does_not_qualify,312,2.355935851721947,12
CKD__06,Density,density_32,66,1.6207197923801528,0.0,False,does_not_qualify,312,2.701199653966923,13
CKD__06,Five-number,five_number,10,32.3,0.0,False,does_not_qualify,312,53.83333333333336,14
CKD__07,Binned,bins_8,18,0.6938983488132102,94.82758620689656,True,qualifies,348,0.49564167772372175,1
CKD__07,Density,density_8,18,1.0685199471414641,94.82758620689656,True,qualifies,348,0.7632285336724747,2
CKD__07,Binned,bins_16,34,0.30945432809656914,90.22988505747126,True,qualifies,348,0.22103880578326376,3
CKD__07,Density,density_16,34,0.46111243464209295,90.22988505747126,True,qualifies,348,0.3293660247443522,4
CKD__07,Binned,bins_32,66,0.1908415300103723,81.03448275862068,True,qualifies,348,0.1363153785788374,5
CKD__07,Density,density_32,66,0.3527149443280937,81.03448275862068,True,qualifies,348,0.2519392459486384,6
CKD__07,Binned,bins_64,130,0.16059831691297255,62.643678160919535,True,qualifies,348,0.11471308350926615,7
CKD__07,Density,density_64,130,0.33759839112132717,62.643678160919535,True,qualifies,348,0.2411417079438052,8
CKD__07,Density,density_128,258,0.343383071917728,25.86206896551724,True,qualifies,348,0.24527362279837722,9
CKD__07,Observations,raw,348,0.0,0.0,True,qualifies,348,0.0,10
CKD__07,Density,density_256,514,0.34450367526519976,0.0,True,qualifies,348,0.24607405376085706,11
CKD__07,Means,means,2,2.1443545751633986,0.0,False,does_not_qualify,348,1.531681839402428,12
CKD__07,Binned,bins_4,10,2.155933952528379,0.0,False,does_not_qualify,348,1.539952823234557,13
CKD__07,Five-number,five_number,10,2.544827586206896,0.0,False,does_not_qualify,348,1.8177339901477836,14
CKD__08,Binned,bins_8,18,1.5107314560439598,94.52887537993921,True,qualifies,329,0.37768286401098994,1
CKD__08,Density,density_8,18,3.8161882875267708,94.52887537993921,True,qualifies,329,0.9540470718816927,2
CKD__08,Binned,bins_16,34,1.3554884155253646,89.66565349544074,True,qualifies,329,0.33887210388134115,3
CKD__08,Density,density_16,34,1.6673460639783428,89.66565349544074,True,qualifies,329,0.4168365159945857,4
CKD__08,Binned,bins_32,66,1.1944171899529081,79.93920972644378,True,qualifies,329,0.29860429748822703,5
CKD__08,Density,density_32,66,1.4202963422097028,79.93920972644378,True,qualifies,329,0.3550740855524257,6
CKD__08,Binned,bins_64,130,1.0763056506849225,60.48632218844985,True,qualifies,329,0.2690764126712306,7
CKD__08,Density,density_64,130,1.3521907096801407,60.48632218844985,True,qualifies,329,0.33804767742003516,8
CKD__08,Density,density_128,258,1.3485616213282832,21.580547112462,True,qualifies,329,0.3371404053320708,9
CKD__08,Observations,raw,329,0.0,0.0,True,qualifies,329,0.0,10
CKD__08,Density,density_256,514,1.3501569521847223,0.0,True,qualifies,329,0.3375392380461806,11
CKD__08,Binned,bins_4,10,5.360379464285714,0.0,False,does_not_qualify,329,1.3400948660714285,12
CKD__08,Means,means,2,5.7542742720263504,0.0,False,does_not_qualify,329,1.4385685680065876,13
CKD__08,Five-number,five_number,10,8.560439560439562,0.0,False,does_not_qualify,329,2.1401098901098905,14
CKD__09,Binned,bins_4,10,2385.8333333333394,96.5986394557823,True,qualifies,294,0.9543333333333358,1
CKD__09,Binned,bins_8,18,917.9473684210534,93.87755102040816,True,qualifies,294,0.3671789473684214,2
CKD__09,Density,density_8,18,1741.7144221379003,93.87755102040816,True,qualifies,294,0.6966857688551601,3
CKD__09,Density,density_16,34,733.884361614244,88.43537414965986,True,qualifies,294,0.2935537446456976,4
CKD__09,Binned,bins_16,34,848.3249999999989,88.43537414965986,True,qualifies,294,0.3393299999999996,5
CKD__09,Binned,bins_32,66,711.5,77.55102040816327,True,qualifies,294,0.2846,6
CKD__09,Density,density_32,66,764.6746034968546,77.55102040816327,True,qualifies,294,0.30586984139874185,7
CKD__09,Binned,bins_64,130,659.09676232524,55.78231292517006,True,qualifies,294,0.263638704930096,8
CKD__09,Density,density_64,130,751.0495291156603,55.78231292517006,True,qualifies,294,0.30041981164626413,9
CKD__09,Density,density_128,258,762.3711591084757,12.244897959183676,True,qualifies,294,0.3049484636433903,10
CKD__09,Observations,raw,294,0.0,0.0,True,qualifies,294,0.0,11
CKD__09,Density,density_256,514,763.2602761493545,0.0,True,qualifies,294,0.30530411045974176,12
CKD__09,Means,means,2,3136.0579817533453,0.0,False,does_not_qualify,294,1.254423192701338,13
CKD__09,Five-number,five_number,10,8089.999999999996,0.0,False,does_not_qualify,294,3.2359999999999984,14
CKD__10,Means,means,2,0.4662171162171158,99.25650557620817,True,qualifies,269,0.8202556127224675,1
CKD__10,Binned,bins_4,10,0.4556255384615384,96.28252788104089,True,qualifies,269,0.8016209448833894,2
CKD__10,Binned,bins_8,18,0.23466517857142843,93.3085501858736,True,qualifies,269,0.41286650176115464,3
CKD__10,Density,density_8,18,0.4870975897511882,93.3085501858736,True,qualifies,269,0.8569924141329281,4
CKD__10,Binned,bins_16,34,0.17689621212121276,87.36059479553904,True,qualifies,269,0.31122862249054856,5
CKD__10,Density,density_16,34,0.20176315116381005,87.36059479553904,True,qualifies,269,0.35497915332995894,6
CKD__10,Binned,bins_32,66,0.1681796874999999,75.46468401486989,True,qualifies,269,0.29589289586172657,7
CKD__10,Density,density_32,66,0.16852157529535017,75.46468401486989,True,qualifies,269,0.2964944082757984,8
CKD__10,Binned,bins_64,130,0.13139451291079762,51.6728624535316,True,qualifies,269,0.23117359476314256,9
CKD__10,Density,density_64,130,0.16137599881075904,51.6728624535316,True,qualifies,269,0.2839225849476862,10
CKD__10,Density,density_128,258,0.16064932183124192,4.089219330855021,True,qualifies,269,0.2826440800400981,11
CKD__10,Observations,raw,269,0.0,0.0,True,qualifies,269,0.0,12
CKD__10,Density,density_256,514,0.16030042628053387,0.0,True,qualifies,269,0.28203023828318396,13
CKD__10,Five-number,five_number,10,2.0999999999999996,0.0,False,does_not_qualify,269,3.6947094535993004,14
ILPD__00,Means,means,2,4.9143251957623235,99.65694682675816,True,qualifies,583,0.5460361328624804,1
ILPD__00,Five-number,five_number,10,3.612048192771084,98.28473413379074,True,qualifies,583,0.401338688085676,2
ILPD__00,Binned,bins_4,10,6.149254652449853,98.28473413379074,True,qualifies,583,0.6832505169388726,3
ILPD__00,Binned,bins_8,18,2.7869564870174486,96.91252144082333,True,qualifies,583,0.30966183189082763,4
ILPD__00,Density,density_8,18,7.868386498735497,96.91252144082333,True,qualifies,583,0.8742651665261663,5
ILPD__00,Binned,bins_16,34,2.841329604130813,94.16809605488851,True,qualifies,583,0.3157032893478681,6
ILPD__00,Density,density_16,34,4.940089388779896,94.16809605488851,True,qualifies,583,0.548898820975544,7
ILPD__00,Binned,bins_32,66,2.7670331325301234,88.67924528301887,True,qualifies,583,0.30744812583668035,8
ILPD__00,Density,density_32,66,4.761166140752621,88.67924528301887,True,qualifies,583,0.5290184600836246,9
ILPD__00,Binned,bins_64,130,1.440323795180717,77.70154373927959,True,qualifies,583,0.1600359772423019,10
ILPD__00,Density,density_64,130,4.7051531956948764,77.70154373927959,True,qualifies,583,0.522794799521653,11
ILPD__00,Density,density_128,258,4.663577365718098,55.746140651801035,True,qualifies,583,0.5181752628575664,12
ILPD__00,Density,density_256,514,4.6660095211445025,11.835334476843906,True,qualifies,583,0.5184455023493891,13
ILPD__00,Observations,raw,583,0.0,0.0,True,qualifies,583,0.0,14
ILPD__01,Binned,bins_16,34,3.2195771279562715,94.16809605488851,True,qualifies,583,0.6186735449570088,1
ILPD__01,Binned,bins_32,66,1.3678118779465698,88.67924528301887,True,qualifies,583,0.2628385622495332,2
ILPD__01,Density,density_32,66,1.7503153988122069,88.67924528301887,True,qualifies,583,0.3363403917779032,3
ILPD__01,Binned,bins_64,130,0.5720325788447926,77.70154373927959,True,qualifies,583,0.10992171000092103,4
ILPD__01,Density,density_64,130,1.5410655136191482,77.70154373927959,True,qualifies,583,0.2961309595732416,5
ILPD__01,Density,density_128,258,2.063991776877163,55.746140651801035,True,qualifies,583,0.39661640601021614,6
ILPD__01,Density,density_256,514,2.2409026268507573,11.835334476843906,True,qualifies,583,0.430611573184235,7
ILPD__01,Observations,raw,583,0.0,0.0,True,qualifies,583,0.0,8
ILPD__01,Density,density_16,34,6.176871965293641,0.0,False,does_not_qualify,583,1.1869469572047742,9
ILPD__01,Binned,bins_8,18,7.516967179061076,0.0,False,does_not_qualify,583,1.4444594886743047,10
ILPD__01,Density,density_8,18,9.894265197976525,0.0,False,does_not_qualify,583,1.9012807836234689,11
ILPD__01,Means,means,2,13.1530918931368,0.0,False,does_not_qualify,583,2.527496520587396,12
ILPD__01,Binned,bins_4,10,15.046184210526313,0.0,False,does_not_qualify,583,2.8912729074800776,13
ILPD__01,Five-number,five_number,10,38.607951807228915,0.0,False,does_not_qualify,583,7.41889927118158,14
ILPD__02,Binned,bins_8,18,1.6219857478695285,96.91252144082333,True,qualifies,583,0.5830286656612254,1
ILPD__02,Binned,bins_16,34,0.7404063336680048,94.16809605488851,True,qualifies,583,0.26614174466858553,2
ILPD__02,Density,density_16,34,1.0843905917635972,94.16809605488851,True,qualifies,583,0.3897881350695893,3
ILPD__02,Binned,bins_32,66,0.36963872732308556,88.67924528301887,True,qualifies,583,0.13286798250290643,4
ILPD__02,Density,density_32,66,1.1095719952467649,88.67924528301887,True,qualifies,583,0.3988396819722377,5
ILPD__02,Binned,bins_64,130,0.346574519230761,77.70154373927959,True,qualifies,583,0.12457746916993569,6
ILPD__02,Density,density_64,130,0.8649733154656368,77.70154373927959,True,qualifies,583,0.31091779851388823,7
ILPD__02,Density,density_128,258,0.9229763895781172,55.746140651801035,True,qualifies,583,0.3317672140827166,8
ILPD__02,Density,density_256,514,0.9615454224914359,11.835334476843906,True,qualifies,583,0.34563099298757594,9
ILPD__02,Observations,raw,583,0.0,0.0,True,qualifies,583,0.0,10
ILPD__02,Density,density_8,18,3.7109544621752306,0.0,False,does_not_qualify,583,1.3339160539810322,11
ILPD__02,Binned,bins_4,10,4.175748153905948,0.0,False,does_not_qualify,583,1.5009878338986158,12
ILPD__02,Five-number,five_number,10,5.204578313253013,0.0,False,does_not_qualify,583,1.8708045698249511,13
ILPD__02,Means,means,2,6.81284949332105,0.0,False,does_not_qualify,583,2.4489034842994437,14
ILPD__03,Five-number,five_number,10,113.6204819277109,98.28473413379074,True,qualifies,583,0.525157643353336,1
ILPD__03,Binned,bins_8,18,63.15666423974034,96.91252144082333,True,qualifies,583,0.2919122009648051,2
ILPD__03,Density,density_8,18,116.19858993013446,96.91252144082333,True,qualifies,583,0.537073744217303,3
ILPD__03,Binned,bins_16,34,53.92930693361683,94.16809605488851,True,qualifies,583,0.24926304884849848,4
ILPD__03,Density,density_16,34,89.95880178869669,94.16809605488851,True,qualifies,583,0.41579257141594506,5
ILPD__03,Binned,bins_32,66,31.541125962182065,88.67924528301887,True,qualifies,583,0.1457841323851175,6
ILPD__03,Density,density_32,66,32.1519833040262,88.67924528301887,True,qualifies,583,0.14860753531938822,7
ILPD__03,Binned,bins_64,130,26.76303965863565,77.70154373927959,True,qualifies,583,0.12369965870276017,8
ILPD__03,Density,density_64,130,28.748199260841716,77.70154373927959,True,qualifies,583,0.1328751323558122,9
ILPD__03,Density,density_128,258,30.258089434367378,55.746140651801035,True,qualifies,583,0.1398538949151506,10
ILPD__03,Density,density_256,514,30.21640465342125,11.835334476843906,True,qualifies,583,0.1396612264723315,11
ILPD__03,Observations,raw,583,0.0,0.0,True,qualifies,583,0.0,12
ILPD__03,Binned,bins_4,10,222.466320345682,0.0,False,does_not_qualify,583,1.0282467257317014,13
ILPD__03,Means,means,2,301.39727947950263,0.0,False,does_not_qualify,583,1.393068241914922,14
ILPD__04,Binned,bins_16,34,81.34289676126141,94.16809605488851,True,qualifies,583,0.4751337427643775,1
ILPD__04,Density,density_16,34,152.85862510031552,94.16809605488851,True,qualifies,583,0.8928658008196001,2
ILPD__04,Binned,bins_32,66,23.37925118194299,88.67924528301887,True,qualifies,583,0.13656104662349877,3
ILPD__04,Density,density_32,66,121.92278481793514,88.67924528301887,True,qualifies,583,0.712165799170182,4
ILPD__04,Binned,bins_64,130,16.74762801204747,77.70154373927959,True,qualifies,583,0.0978249299769128,5
ILPD__04,Density,density_64,130,70.75156489322067,77.70154373927959,True,qualifies,583,0.4132684865258217,6
ILPD__04,Density,density_128,258,65.72143559334864,55.746140651801035,True,qualifies,583,0.38388689014806454,7
ILPD__04,Density,density_256,514,71.20900095008297,11.835334476843906,True,qualifies,583,0.41594042611029775,8
ILPD__04,Observations,raw,583,0.0,0.0,True,qualifies,583,0.0,9
ILPD__04,Binned,bins_8,18,198.5923694779112,0.0,False,does_not_qualify,583,1.1600021581653692,10
ILPD__04,Means,means,2,244.44692538000913,0.0,False,does_not_qualify,583,1.4278441903037917,11
ILPD__04,Density,density_8,18,282.14590413641605,0.0,False,does_not_qualify,583,1.64804850546972,12
ILPD__04,Binned,bins_4,10,295.2023707734162,0.0,False,does_not_qualify,583,1.7243129133961228,13
ILPD__04,Five-number,five_number,10,1166.6144578313254,0.0,False,does_not_qualify,583,6.814336786397929,14
ILPD__05,Density,density_16,34,195.12001744983007,94.16809605488851,True,qualifies,583,0.9199435051854321,1
ILPD__05,Binned,bins_16,34,208.41539013195626,94.16809605488851,True,qualifies,583,0.9826279591322788,2
ILPD__05,Binned,bins_32,66,87.1200352017828,88.67924528301887,True,qualifies,583,0.4107498123610695,3
ILPD__05,Density,density_32,66,204.50611897726128,88.67924528301887,True,qualifies,583,0.9641966948480026,4
ILPD__05,Binned,bins_64,130,37.58880820902715,77.70154373927959,True,qualifies,583,0.17722210376721909,5
ILPD__05,Density,density_64,130,103.23561148256414,77.70154373927959,True,qualifies,583,0.4867308415019528,6
ILPD__05,Density,density_128,258,92.62367715773905,55.746140651801035,True,qualifies,583,0.43669814784412586,7
ILPD__05,Density,density_256,514,109.31908808402224,11.835334476843906,True,qualifies,583,0.5154129565489028,8
ILPD__05,Observations,raw,583,0.0,0.0,True,qualifies,583,0.0,9
ILPD__05,Means,means,2,361.98910352372184,0.0,False,does_not_qualify,583,1.7066907285418293,10
ILPD__05,Density,density_8,18,384.0797406208695,0.0,False,does_not_qualify,583,1.810842718627391,11
ILPD__05,Binned,bins_8,18,432.58200376884434,0.0,False,does_not_qualify,583,2.0395191125358063,12
ILPD__05,Binned,bins_4,10,447.6576456310682,0.0,False,does_not_qualify,583,2.1105971033996624,13
ILPD__05,Five-number,five_number,10,3269.2499999999995,0.0,False,does_not_qualify,583,15.413719943422919,14
ILPD__06,Means,means,2,0.2160208429295274,99.65694682675816,True,qualifies,583,0.30860120418503906,1
ILPD__06,Binned,bins_4,10,0.32277911646586777,98.28473413379074,True,qualifies,583,0.46111302352266814,2
ILPD__06,Binned,bins_8,18,0.20254192219641354,96.91252144082333,True,qualifies,583,0.28934560313773355,3
ILPD__06,Density,density_8,18,0.316270250335819,96.91252144082333,True,qualifies,583,0.4518146433368842,4
ILPD__06,Binned,bins_16,34,0.14536434198331882,94.16809605488851,True,qualifies,583,0.20766334569045541,5
ILPD__06,Density,density_16,34,0.23386758732873858,94.16809605488851,True,qualifies,583,0.3340965533267693,6
ILPD__06,Binned,bins_32,66,0.11676102135816002,88.67924528301887,True,qualifies,583,0.1668014590830857,7
ILPD__06,Density,density_32,66,0.17561601505415236,88.67924528301887,True,qualifies,583,0.25088002150593186,8
ILPD__06,Binned,bins_64,130,0.09576995481927586,77.70154373927959,True,qualifies,583,0.13681422117039405,9
ILPD__06,Density,density_64,130,0.1802407064399425,77.70154373927959,True,qualifies,583,0.25748672348563206,10
ILPD__06,Density,density_128,258,0.17845261245864652,55.746140651801035,True,qualifies,583,0.25493230351235213,11
ILPD__06,Density,density_256,514,0.17931227020314644,11.835334476843906,True,qualifies,583,0.25616038600449487,12
ILPD__06,Observations,raw,583,0.0,0.0,True,qualifies,583,0.0,13
ILPD__06,Five-number,five_number,10,0.7118072289156636,0.0,False,does_not_qualify,583,1.0168674698795193,14
ILPD__07,Means,means,2,0.21626554583141422,99.65694682675816,True,qualifies,583,0.4325310916628288,1
ILPD__07,Binned,bins_4,10,0.4084939759036139,98.28473413379074,True,qualifies,583,0.8169879518072286,2
ILPD__07,Binned,bins_8,18,0.20211746987951784,96.91252144082333,True,qualifies,583,0.404234939759036,3
ILPD__07,Density,density_8,18,0.2548614578374586,96.91252144082333,True,qualifies,583,0.5097229156749177,4
ILPD__07,Density,density_16,34,0.17790320862603792,94.16809605488851,True,qualifies,583,0.3558064172520762,5
ILPD__07,Binned,bins_16,34,0.18109818954964263,94.16809605488851,True,qualifies,583,0.3621963790992856,6
ILPD__07,Density,density_32,66,0.1550172580225464,88.67924528301887,True,qualifies,583,0.3100345160450931,7
ILPD__07,Binned,bins_32,66,0.15819578313252958,88.67924528301887,True,qualifies,583,0.31639156626505943,8
ILPD__07,Binned,bins_64,130,0.1324829101562499,77.70154373927959,True,qualifies,583,0.26496582031250004,9
ILPD__07,Density,density_64,130,0.15452097595457026,77.70154373927959,True,qualifies,583,0.3090419519091408,10
ILPD__07,Density,density_128,258,0.1539831493497239,55.746140651801035,True,qualifies,583,0.3079662986994481,11
ILPD__07,Density,density_256,514,0.15392306930852673,11.835334476843906,True,qualifies,583,0.30784613861705373,12
ILPD__07,Observations,raw,583,0.0,0.0,True,qualifies,583,0.0,13
ILPD__07,Five-number,five_number,10,0.555421686746989,0.0,False,does_not_qualify,583,1.1108433734939789,14
ILPD__08,Means,means,2,0.11539701361440491,99.65457685664938,True,qualifies,579,0.3846567120480163,1
ILPD__08,Binned,bins_4,10,0.16400601793478453,98.27288428324698,True,qualifies,579,0.5466867264492817,2
ILPD__08,Binned,bins_8,18,0.13646554467438654,96.89119170984456,True,qualifies,579,0.45488514891462173,3
ILPD__08,Density,density_8,18,0.22991513324669266,96.89119170984456,True,qualifies,579,0.7663837774889755,4
ILPD__08,Density,density_16,34,0.12471497909125451,94.12780656303973,True,qualifies,579,0.4157165969708483,5
ILPD__08,Binned,bins_16,34,0.12487702274859336,94.12780656303973,True,qualifies,579,0.41625674249531114,6
ILPD__08,Binned,bins_32,66,0.1030539525261327,88.60103626943005,True,qualifies,579,0.34351317508710894,7
ILPD__08,Density,density_32,66,0.11278926972192038,88.60103626943005,True,qualifies,579,0.3759642324064012,8
ILPD__08,Binned,bins_64,130,0.0737892316017309,77.54749568221071,True,qualifies,579,0.24596410533910296,9
ILPD__08,Density,density_64,130,0.11029069393773805,77.54749568221071,True,qualifies,579,0.3676356464591268,10
ILPD__08,Density,density_128,258,0.10997589509137062,55.44041450777202,True,qualifies,579,0.36658631697123534,11
ILPD__08,Density,density_256,514,0.109762555101522,11.226252158894646,True,qualifies,579,0.36587518367173993,12
ILPD__08,Observations,raw,579,0.0,0.0,True,qualifies,579,0.0,13
ILPD__08,Five-number,five_number,10,0.7869249394673123,0.0,False,does_not_qualify,579,2.6230831315577072,14
Parkinsons__00,Means,means,2,35.30020199275363,93.75,True,qualifies,32,0.35092885540187374,1
Parkinsons__00,Five-number,five_number,10,21.50104347826087,68.75,True,qualifies,32,0.21374768845008035,2
Parkinsons__00,Binned,bins_4,10,44.56912499999996,68.75,True,qualifies,32,0.4430737259158941,3
Parkinsons__00,Density,density_8,18,33.20191351526767,43.75,True,qualifies,32,0.3300692021381829,4
Parkinsons__00,Binned,bins_8,18,44.56912499999996,43.75,True,qualifies,32,0.4430737259158941,5
Parkinsons__00,Observations,raw,32,0.0,0.0,True,qualifies,32,0.0,6
Parkinsons__00,Density,density_16,34,33.46860889835588,0.0,True,qualifies,32,0.33272049307264623,7
Parkinsons__00,Binned,bins_16,34,39.028406249999975,0.0,True,qualifies,32,0.3879919422637683,8
Parkinsons__00,Density,density_32,66,32.23638596497946,0.0,True,qualifies,32,0.32047063162147116,9
Parkinsons__00,Binned,bins_32,66,43.64567187499996,0.0,True,qualifies,32,0.43389342864053987,10
Parkinsons__00,Density,density_64,130,32.152460702998724,0.0,True,qualifies,32,0.3196363078934582,11
Parkinsons__00,Binned,bins_64,130,43.64567187499996,0.0,True,qualifies,32,0.43389342864053987,12
Parkinsons__00,Density,density_128,258,32.15374548555732,0.0,True,qualifies,32,0.3196490802643592,13
Parkinsons__00,Density,density_256,514,32.14906046558917,0.0,True,qualifies,32,0.3196025052137321,14
Parkinsons__01,Means,means,2,42.92535869565222,93.75,True,qualifies,32,0.1949531012641858,1
Parkinsons__01,Binned,bins_4,10,30.26873392210146,68.75,True,qualifies,32,0.1374708034775685,2
Parkinsons__01,Five-number,five_number,10,151.13264999999998,68.75,True,qualifies,32,0.6863956345403596,3
Parkinsons__01,Binned,bins_8,18,31.141899999999936,43.75,True,qualifies,32,0.1414364415054747,4
Parkinsons__01,Density,density_8,18,38.720650411504124,43.75,True,qualifies,32,0.17585667563573992,5
Parkinsons__01,Observations,raw,32,0.0,0.0,True,qualifies,32,0.0,6
Parkinsons__01,Density,density_16,34,26.33434745451325,0.0,True,qualifies,32,0.11960209214386783,7
Parkinsons__01,Binned,bins_16,34,33.930520833333276,0.0,True,qualifies,32,0.1541014557587701,8
Parkinsons__01,Density,density_32,66,24.32979264932706,0.0,True,qualifies,32,0.11049805229889256,9
Parkinsons__01,Binned,bins_32,66,42.644960937499945,0.0,True,qualifies,32,0.19367962530031813,10
Parkinsons__01,Density,density_64,130,23.940045578358024,0.0,True,qualifies,32,0.10872794710925923,11
Parkinsons__01,Binned,bins_64,130,40.90207291666661,0.0,True,qualifies,32,0.18576399139200853,12
Parkinsons__01,Density,density_128,258,23.78168245319057,0.0,True,qualifies,32,0.10800871299414837,13
Parkinsons__01,Density,density_256,514,23.741016832816797,0.0,True,qualifies,32,0.10782402289376018,14
Parkinsons__02,Means,means,2,41.59172916666667,93.75,True,qualifies,32,0.3916652137733036,1
Parkinsons__02,Binned,bins_4,10,15.38018750000002,68.75,True,qualifies,32,0.14483370962823036,2
Parkinsons__02,Five-number,five_number,10,18.460478260869564,68.75,True,qualifies,32,0.1738405040922315,3
Parkinsons__02,Binned,bins_8,18,15.380187500000005,43.75,True,qualifies,32,0.14483370962823022,4
Parkinsons__02,Density,density_8,18,34.21421930485707,43.75,True,qualifies,32,0.3221919306221888,5
Parkinsons__02,Observations,raw,32,0.0,0.0,True,qualifies,32,0.0,6
Parkinsons__02,Binned,bins_16,34,22.212046875,0.0,True,qualifies,32,0.20916865593104034,7
Parkinsons__02,Density,density_16,34,30.554573820440282,0.0,True,qualifies,32,0.2877294098348262,8
Parkinsons__02,Binned,bins_32,66,21.343281249999976,0.0,True,qualifies,32,0.2009875756765739,9
Parkinsons__02,Density,density_32,66,30.798940172804834,0.0,True,qualifies,32,0.29003058368730866,10
Parkinsons__02,Binned,bins_64,130,20.504343750000004,0.0,True,qualifies,32,0.19308738393500838,11
Parkinsons__02,Density,density_64,130,31.595592243915434,0.0,True,qualifies,32,0.2975325777131917,12
Parkinsons__02,Density,density_128,258,31.445809308010325,0.0,True,qualifies,32,0.2961220865702102,13
Parkinsons__02,Density,density_256,514,31.476706802560443,0.0,True,qualifies,32,0.29641304523075396,14
Parkinsons__03,Means,means,2,0.007640624999999989,93.75,True,qualifies,32,0.8189308681672012,1
Parkinsons__03,Binned,bins_4,10,0.0035167499999999886,68.75,True,qualifies,32,0.3769292604501595,2
Parkinsons__03,Five-number,five_number,10,0.003616956521739132,68.75,True,qualifies,32,0.38766950929679866,3
Parkinsons__03,Density,density_8,18,0.001683556600688224,43.75,True,qualifies,32,0.1804455091841612,4
Parkinsons__03,Binned,bins_8,18,0.0037412500000000085,43.75,True,qualifies,32,0.40099142550911127,5
Parkinsons__03,Observations,raw,32,0.0,0.0,True,qualifies,32,0.0,6
Parkinsons__03,Density,density_16,34,0.0018567416291843247,0.0,True,qualifies,32,0.19900767729735525,7
Parkinsons__03,Binned,bins_16,34,0.0050233333333333414,0.0,True,qualifies,32,0.5384065737763495,8
Parkinsons__03,Density,density_32,66,0.0021391132699848884,0.0,True,qualifies,32,0.2292725905664403,9
Parkinsons__03,Binned,bins_32,66,0.005664375000000008,0.0,True,qualifies,32,0.6071141479099686,10
Parkinsons__03,Density,density_64,130,0.002160931059706035,0.0,True,qualifies,32,0.23161104605638097,11
Parkinsons__03,Binned,bins_64,130,0.005504114583333341,0.0,True,qualifies,32,0.5899372543765637,12
Parkinsons__03,Density,density_128,258,0.002178833177474043,0.0,True,qualifies,32,0.2335298153777109,13
Parkinsons__03,Density,density_256,514,0.0021825683257300065,0.0,True,qualifies,32,0.23393015281136187,14
Parkinsons__04,Means,means,2,2.897916666666667e-05,93.75,True,qualifies,32,0.5795833333333335,1
Parkinsons__04,Binned,bins_4,10,1.5128105590062113e-05,68.75,True,qualifies,32,0.3025621118012423,2
Parkinsons__04,Five-number,five_number,10,3.174999999999999e-05,68.75,True,qualifies,32,0.635,3
Parkinsons__04,Binned,bins_8,18,1.0754227053140096e-05,43.75,True,qualifies,32,0.21508454106280198,4
Parkinsons__04,Density,density_8,18,1.232647826023511e-05,43.75,True,qualifies,32,0.24652956520470223,5
Parkinsons__04,Observations,raw,32,0.0,0.0,True,qualifies,32,0.0,6
Parkinsons__04,Binned,bins_16,34,7.43863224637681e-06,0.0,True,qualifies,32,0.14877264492753622,7
Parkinsons__04,Density,density_16,34,1.1538198039443324e-05,0.0,True,qualifies,32,0.23076396078886655,8
Parkinsons__04,Density,density_32,66,1.1598330497944709e-05,0.0,True,qualifies,32,0.23196660995889423,9
Parkinsons__04,Binned,bins_32,66,1.2148437500000013e-05,0.0,True,qualifies,32,0.24296875000000032,10
Parkinsons__04,Binned,bins_64,130,1.1167968750000008e-05,0.0,True,qualifies,32,0.22335937500000022,11
Parkinsons__04,Density,density_64,130,1.120230435683496e-05,0.0,True,qualifies,32,0.22404608713669927,12
Parkinsons__04,Density,density_128,258,1.1116722857976255e-05,0.0,True,qualifies,32,0.22233445715952516,13
Parkinsons__04,Density,density_256,514,1.1097255623590731e-05,0.0,True,qualifies,32,0.22194511247181467,14
Parkinsons__05,Means,means,2,0.0044462916666666566,93.75,True,qualifies,32,0.7477950227292098,1
Parkinsons__05,Binned,bins_4,10,0.0018359999999999913,68.75,True,qualifies,32,0.3087857847976293,2
Parkinsons__05,Five-number,five_number,10,0.003073043478260872,68.75,True,qualifies,32,0.5168366787320394,3
Parkinsons__05,Density,density_8,18,0.001491070777066529,43.75,True,qualifies,32,0.2507742157327349,4
Parkinsons__05,Binned,bins_8,18,0.0030608333333333377,43.75,True,qualifies,32,0.5147831279782586,5
Parkinsons__05,Observations,raw,32,0.0,0.0,True,qualifies,32,0.0,6
Parkinsons__05,Density,density_16,34,0.0017527729520880738,0.0,True,qualifies,32,0.2947883287486797,7
Parkinsons__05,Binned,bins_16,34,0.003845416666666671,0.0,True,qualifies,32,0.6467374745591271,8
Parkinsons__05,Density,density_32,66,0.0018182326007281746,0.0,True,qualifies,32,0.30579759289786856,9
Parkinsons__05,Binned,bins_32,66,0.003943489583333338,0.0,True,qualifies,32,0.6632317678817358,10
Parkinsons__05,Density,density_64,130,0.0018825029180821475,0.0,True,qualifies,32,0.3166068305794259,11
Parkinsons__05,Binned,bins_64,130,0.0039925260416666716,0.0,True,qualifies,32,0.6714789145430401,12
Parkinsons__05,Density,density_128,258,0.0018894269728856688,0.0,True,qualifies,32,0.31777134566465853,13
Parkinsons__05,Density,density_256,514,0.0018937008113098976,0.0,True,qualifies,32,0.3184901368149438,14
Parkinsons__06,Means,means,2,0.004380249999999997,93.75,True,qualifies,32,0.8542155087990025,1
Parkinsons__06,Five-number,five_number,10,0.0013702173913043474,68.75,True,qualifies,32,0.2672132746026564,2
Parkinsons__06,Binned,bins_4,10,0.001940749999999998,68.75,True,qualifies,32,0.3784758287087869,3
Parkinsons__06,Density,density_8,18,0.0007529691898466848,43.75,True,qualifies,32,0.1468404679218901,4
Parkinsons__06,Binned,bins_8,18,0.0008266666666666678,43.75,True,qualifies,32,0.1612125991150833,5
Parkinsons__06,Observations,raw,32,0.0,0.0,True,qualifies,32,0.0,6
Parkinsons__06,Density,density_16,34,0.0005827009351245336,0.0,True,qualifies,32,0.11363556321558321,7
Parkinsons__06,Binned,bins_16,34,0.0009062500000000017,0.0,True,qualifies,32,0.17673256203392457,8
Parkinsons__06,Density,density_32,66,0.0006656403707008152,0.0,True,qualifies,32,0.12981001722170057,9
Parkinsons__06,Binned,bins_32,66,0.001287916666666669,0.0,True,qualifies,32,0.2511633789640739,10
Parkinsons__06,Density,density_64,130,0.0007658380368852774,0.0,True,qualifies,32,0.1493500892267763,11
Parkinsons__06,Binned,bins_64,130,0.0013356250000000017,0.0,True,qualifies,32,0.2604672310803425,12
Parkinsons__06,Density,density_128,258,0.0007777026970386811,0.0,True,qualifies,32,0.15166387878437396,13
Parkinsons__06,Density,density_256,514,0.0007830421732693832,0.0,True,qualifies,32,0.15270515802759735,14
Parkinsons__07,Means,means,2,0.013327874999999975,93.75,True,qualifies,32,0.7132263637315449,1
Parkinsons__07,Binned,bins_4,10,0.005499249999999975,68.75,True,qualifies,32,0.2942862294814955,2
Parkinsons__07,Five-number,five_number,10,0.009228478260869572,68.75,True,qualifies,32,0.4938517200060496,3
Parkinsons__07,Density,density_8,18,0.004470739794031077,43.75,True,qualifies,32,0.2392466530851097,4
Parkinsons__07,Binned,bins_8,18,0.009187916666666686,43.75,True,qualifies,32,0.49168111153767197,5
Parkinsons__07,Observations,raw,32,0.0,0.0,True,qualifies,32,0.0,6
Parkinsons__07,Density,density_16,34,0.005260823435866788,0.0,True,qualifies,32,0.28152709786045926,7
Parkinsons__07,Binned,bins_16,34,0.011541250000000019,0.0,True,qualifies,32,0.6176171197896679,8
Parkinsons__07,Density,density_32,66,0.005455584969019158,0.0,True,qualifies,32,0.29194954405574886,9
Parkinsons__07,Binned,bins_32,66,0.011835416666666687,0.0,True,qualifies,32,0.6333591208211675,10
Parkinsons__07,Density,density_64,130,0.0056500397279553565,0.0,True,qualifies,32,0.30235557357105863,11
Parkinsons__07,Binned,bins_64,130,0.01198250000000002,0.0,True,qualifies,32,0.6412301213369173,12
Parkinsons__07,Density,density_128,258,0.005671182824216801,0.0,True,qualifies,32,0.303487022782923,13
Parkinsons__07,Density,density_256,514,0.0056837196669912195,0.0,True,qualifies,32,0.3041579179394781,14
Parkinsons__08,Binned,bins_4,10,0.00392439440993789,68.75,True,qualifies,32,0.19762383168362052,1
Parkinsons__08,Five-number,five_number,10,0.0070323913043478375,68.75,True,qualifies,32,0.35413568828465153,2
Parkinsons__08,Binned,bins_8,18,0.007845069444444464,43.75,True,qualifies,32,0.3950603638383391,3
Parkinsons__08,Density,density_8,18,0.010151525287623224,43.75,True,qualifies,32,0.5112083840739698,4
Parkinsons__08,Observations,raw,32,0.0,0.0,True,qualifies,32,0.0,5
Parkinsons__08,Density,density_16,34,0.002693018668103321,0.0,True,qualifies,32,0.1356144700029072,6
Parkinsons__08,Binned,bins_16,34,0.00869416666666669,0.0,True,qualifies,32,0.437819023901289,7
Parkinsons__08,Density,density_32,66,0.0036200563641800992,0.0,True,qualifies,32,0.18229804012264653,8
Parkinsons__08,Binned,bins_32,66,0.007420520833333354,0.0,True,qualifies,32,0.37368103380686435,9
Parkinsons__08,Density,density_64,130,0.004147819794657406,0.0,True,qualifies,32,0.20887504040816782,10
Parkinsons__08,Binned,bins_64,130,0.007738932291666688,0.0,True,qualifies,32,0.3897155313304705,11
Parkinsons__08,Density,density_128,258,0.004272258154099401,0.0,True,qualifies,32,0.21514148124782334,12
Parkinsons__08,Density,density_256,514,0.00430750168204367,0.0,True,qualifies,32,0.2169162674458562,13
Parkinsons__08,Means,means,2,0.02546449999999998,0.0,False,does_not_qualify,32,1.2823359571514619,14
Parkinsons__09,Means,means,2,0.2323249999999999,93.75,True,qualifies,32,0.7226283048211505,1
Parkinsons__09,Binned,bins_4,10,0.0584239130434783,68.75,True,qualifies,32,0.1817229021570087,2
Parkinsons__09,Five-number,five_number,10,0.15254347826086967,68.75,True,qualifies,32,0.47447427141794607,3
Parkinsons__09,Binned,bins_8,18,0.04593840579710151,43.75,True,qualifies,32,0.14288773187278853,4
Parkinsons__09,Density,density_8,18,0.07308181380610716,43.75,True,qualifies,32,0.227315128479338,5
Parkinsons__09,Observations,raw,32,0.0,0.0,True,qualifies,32,0.0,6
Parkinsons__09,Density,density_16,34,0.035137923011768726,0.0,True,qualifies,32,0.10929369521545482,7
Parkinsons__09,Binned,bins_16,34,0.05820833333333336,0.0,True,qualifies,32,0.18105235873509598,8
Parkinsons__09,Density,density_32,66,0.04513140950195299,0.0,True,qualifies,32,0.14037763453173557,9
Parkinsons__09,Binned,bins_32,66,0.0657916666666668,0.0,True,qualifies,32,0.20463970969414247,10
Parkinsons__09,Density,density_64,130,0.04933899629203986,0.0,True,qualifies,32,0.15346499624273674,11
Parkinsons__09,Binned,bins_64,130,0.06958333333333344,0.0,True,qualifies,32,0.21643338517366545,12
Parkinsons__09,Density,density_128,258,0.05077359928904995,0.0,True,qualifies,32,0.15792721396283033,13
Parkinsons__09,Density,density_256,514,0.05085317473557949,0.0,True,qualifies,32,0.15817472701579932,14
Parkinsons__10,Five-number,five_number,10,0.0019119565217391374,68.75,True,qualifies,32,0.18540690596981854,1
Parkinsons__10,Binned,bins_4,10,0.005321749999999997,68.75,True,qualifies,32,0.5160625728807774,2
Parkinsons__10,Binned,bins_8,18,0.0023287499999999975,43.75,True,qualifies,32,0.22582434661457412,3
Parkinsons__10,Density,density_8,18,0.005519379492924543,43.75,True,qualifies,32,0.5352271680977201,4
Parkinsons__10,Observations,raw,32,0.0,0.0,True,qualifies,32,0.0,5
Parkinsons__10,Density,density_16,34,0.001995928091302439,0.0,True,qualifies,32,0.1935498259186464,6
Parkinsons__10,Binned,bins_16,34,0.003692083333333339,0.0,True,qualifies,32,0.3580299759083461,7
Parkinsons__10,Density,density_32,66,0.0016786596516789182,0.0,True,qualifies,32,0.1627835615796632,8
Parkinsons__10,Binned,bins_32,66,0.004003854166666671,0.0,True,qualifies,32,0.3882631244777422,9
Parkinsons__10,Density,density_64,130,0.0016829309538381344,0.0,True,qualifies,32,0.1631977597629368,10
Parkinsons__10,Binned,bins_64,130,0.004159739583333346,0.0,True,qualifies,32,0.40337969876244106,11
Parkinsons__10,Density,density_128,258,0.0017376057920191982,0.0,True,qualifies,32,0.16849970699149133,12
Parkinsons__10,Density,density_256,514,0.0017577050742227716,0.0,True,qualifies,32,0.17044878150401688,13
Parkinsons__10,Means,means,2,0.013143208333333333,0.0,False,does_not_qualify,32,1.2745277227243066,14
Parkinsons__11,Binned,bins_4,10,0.00267160326086956,68.75,True,qualifies,32,0.179346715701297,1
Parkinsons__11,Five-number,five_number,10,0.0034904347826086868,68.75,True,qualifies,32,0.2343154853115006,2
Parkinsons__11,Binned,bins_8,18,0.0031715625000000025,43.75,True,qualifies,32,0.21290935160457086,3
Parkinsons__11,Density,density_8,18,0.006428881007473799,43.75,True,qualifies,32,0.4315755678294802,4
Parkinsons__11,Observations,raw,32,0.0,0.0,True,qualifies,32,0.0,5
Parkinsons__11,Density,density_16,34,0.0027479598345797433,0.0,True,qualifies,32,0.18447258933594293,6
Parkinsons__11,Binned,bins_16,34,0.0031715625000000025,0.0,True,qualifies,32,0.21290935160457086,7
Parkinsons__11,Density,density_32,66,0.002749886835612586,0.0,True,qualifies,32,0.1846019503497788,8
Parkinsons__11,Binned,bins_32,66,0.004401093750000001,0.0,True,qualifies,32,0.29544869970666787,9
Parkinsons__11,Density,density_64,130,0.002942874989977832,0.0,True,qualifies,32,0.19755738881686477,10
Parkinsons__11,Binned,bins_64,130,0.004401093750000001,0.0,True,qualifies,32,0.29544869970666787,11
Parkinsons__11,Density,density_128,258,0.002986983530047952,0.0,True,qualifies,32,0.20051842794712108,12
Parkinsons__11,Density,density_256,514,0.00300356538406908,0.0,True,qualifies,32,0.20163158015144939,13
Parkinsons__11,Means,means,2,0.016667833333333337,0.0,False,does_not_qualify,32,1.1189240595615098,14
Parkinsons__12,Means,means,2,0.02339749999999998,93.75,True,qualifies,32,0.918990573448546,1
Parkinsons__12,Binned,bins_4,10,0.005000652173913045,68.75,True,qualifies,32,0.19641210423853278,2
Parkinsons__12,Five-number,five_number,10,0.013014782608695655,68.75,True,qualifies,32,0.5111854913077634,3
Parkinsons__12,Binned,bins_8,18,0.004842083333333344,43.75,True,qualifies,32,0.19018394867766472,4
Parkinsons__12,Density,density_8,18,0.004934506456080113,43.75,True,qualifies,32,0.19381407918617882,5
Parkinsons__12,Observations,raw,32,0.0,0.0,True,qualifies,32,0.0,6
Parkinsons__12,Density,density_16,34,0.0036759437951078226,0.0,True,qualifies,32,0.14438113884948242,7
Parkinsons__12,Binned,bins_16,34,0.007779166666666684,0.0,True,qualifies,32,0.30554464519507796,8
Parkinsons__12,Density,density_32,66,0.004801793061899425,0.0,True,qualifies,32,0.18860145569125786,9
Parkinsons__12,Binned,bins_32,66,0.009247708333333347,0.0,True,qualifies,32,0.3632249934537843,10
Parkinsons__12,Density,density_64,130,0.0053665942412781005,0.0,True,qualifies,32,0.21078531976740378,11
Parkinsons__12,Binned,bins_64,130,0.010086875000000016,0.0,True,qualifies,32,0.39618519245875944,12
Parkinsons__12,Density,density_128,258,0.005545086334586762,0.0,True,qualifies,32,0.21779600685729625,13
Parkinsons__12,Density,density_256,514,0.0055804245241951565,0.0,True,qualifies,32,0.2191839954514987,14
Parkinsons__13,Five-number,five_number,10,0.005754130434782609,68.75,True,qualifies,32,0.1928833414311691,1
Parkinsons__13,Binned,bins_4,10,0.01595874999999996,68.75,True,qualifies,32,0.5349508600739523,2
Parkinsons__13,Binned,bins_8,18,0.006979749999999979,43.75,True,qualifies,32,0.2339671506603692,3
Parkinsons__13,Density,density_8,18,0.016544618529105666,43.75,True,qualifies,32,0.5545896709792776,4
Parkinsons__13,Observations,raw,32,0.0,0.0,True,qualifies,32,0.0,5
Parkinsons__13,Density,density_16,34,0.005985469228095737,0.0,True,qualifies,32,0.20063801435049725,6
Parkinsons__13,Binned,bins_16,34,0.011090416666666679,0.0,True,qualifies,32,0.37176019014094774,7
Parkinsons__13,Density,density_32,66,0.0050269519200183965,0.0,True,qualifies,32,0.16850769973614813,8
Parkinsons__13,Binned,bins_32,66,0.01202572916666668,0.0,True,qualifies,32,0.40311265987152944,9
Parkinsons__13,Density,density_64,130,0.005039110178111851,0.0,True,qualifies,32,0.1689152548782548,10
Parkinsons__13,Binned,bins_64,130,0.012493385416666676,0.0,True,qualifies,32,0.4187888947368201,11
Parkinsons__13,Density,density_128,258,0.005206070835490532,0.0,True,qualifies,32,0.17451191797926446,12
Parkinsons__13,Density,density_256,514,0.005266894082905876,0.0,True,qualifies,32,0.17655076491385074,13
Parkinsons__13,Means,means,2,0.0394252083333333,0.0,False,does_not_qualify,32,1.3215664827452938,14
Parkinsons__14,Means,means,2,0.02938137499999998,93.75,True,qualifies,32,0.3102737736944926,1
Parkinsons__14,Binned,bins_4,10,0.018138511904761925,68.75,True,qualifies,32,0.1915466698850195,2
Parkinsons__14,Five-number,five_number,10,0.04514760869565222,68.75,True,qualifies,32,0.4767686646143114,3
Parkinsons__14,Binned,bins_8,18,0.018479062500000008,43.75,True,qualifies,32,0.1951429589735467,4
Parkinsons__14,Density,density_8,18,0.020611676537404047,43.75,True,qualifies,32,0.21766383164268488,5
Parkinsons__14,Observations,raw,32,0.0,0.0,True,qualifies,32,0.0,6
Parkinsons__14,Density,density_16,34,0.0044098521773745306,0.0,True,qualifies,32,0.0465690076284337,7
Parkinsons__14,Binned,bins_16,34,0.0184790625,0.0,True,qualifies,32,0.19514295897354664,8
Parkinsons__14,Density,density_32,66,0.0058741603364752225,0.0,True,qualifies,32,0.06203242342758563,9
Parkinsons__14,Binned,bins_32,66,0.02290609375,0.0,True,qualifies,32,0.24189338138233268,10
Parkinsons__14,Density,density_64,130,0.00533451543642903,0.0,True,qualifies,32,0.05633365474870932,11
Parkinsons__14,Binned,bins_64,130,0.022906093750000005,0.0,True,qualifies,32,0.24189338138233277,12
Parkinsons__14,Density,density_128,258,0.00557000917860514,0.0,True,qualifies,32,0.05882052039289444,13
Parkinsons__14,Density,density_256,514,0.0055533040716725865,0.0,True,qualifies,32,0.05864411079436703,14
Parkinsons__15,Means,means,2,2.9344420289855044,93.75,True,qualifies,32,0.3911977062527408,1
Parkinsons__15,Five-number,five_number,10,2.1736521739130445,68.75,True,qualifies,32,0.28977493377848124,2
Parkinsons__15,Binned,bins_4,10,3.4880326086956526,68.75,True,qualifies,32,0.46499823216076336,3
Parkinsons__15,Binned,bins_8,18,1.8850149456521734,43.75,True,qualifies,32,0.25129599280112674,4
Parkinsons__15,Density,density_8,18,2.831629137778984,43.75,True,qualifies,32,0.3774914660830864,5
Parkinsons__15,Observations,raw,32,0.0,0.0,True,qualifies,32,0.0,6
Parkinsons__15,Density,density_16,34,2.2262873213019105,0.0,True,qualifies,32,0.2967918551295968,7
Parkinsons__15,Binned,bins_16,34,3.274874999999998,0.0,True,qualifies,32,0.4365816654784467,8
Parkinsons__15,Density,density_32,66,2.148347662576331,0.0,True,qualifies,32,0.28640152694509047,9
Parkinsons__15,Binned,bins_32,66,3.8679062499999937,0.0,True,qualifies,32,0.5156401244442891,10
Parkinsons__15,Density,density_64,130,2.0916684290657273,0.0,True,qualifies,32,0.27884547849618746,11
Parkinsons__15,Binned,bins_64,130,3.8679062499999937,0.0,True,qualifies,32,0.5156401244442891,12
Parkinsons__15,Density,density_128,258,2.0845797722131216,0.0,True,qualifies,32,0.2779004721632081,13
Parkinsons__15,Density,density_256,514,2.0826874952347474,0.0,True,qualifies,32,0.2776482080509091,14
Parkinsons__16,Means,means,2,0.0704567797619049,93.75,True,qualifies,32,0.4860691090286958,1
Parkinsons__16,Five-number,five_number,10,0.021206989130434728,68.75,True,qualifies,32,0.14630334151866936,2
Parkinsons__16,Binned,bins_4,10,0.05448758500000006,68.75,True,qualifies,32,0.3759004028224878,3
Parkinsons__16,Binned,bins_8,18,0.04622246250000006,43.75,True,qualifies,32,0.3188807555555516,4
Parkinsons__16,Density,density_8,18,0.053784734748934915,43.75,True,qualifies,32,0.37105156078811846,5
Parkinsons__16,Observations,raw,32,0.0,0.0,True,qualifies,32,0.0,6
Parkinsons__16,Binned,bins_16,34,0.039001250000000154,0.0,True,qualifies,32,0.2690628624039879,7
Parkinsons__16,Density,density_16,34,0.048520765104520136,0.0,True,qualifies,32,0.334736346785133,8
Parkinsons__16,Density,density_32,66,0.04544623161199024,0.0,True,qualifies,32,0.3135256732283362,9
Parkinsons__16,Binned,bins_32,66,0.04898306250000006,0.0,True,qualifies,32,0.33792565637161387,10
Parkinsons__16,Density,density_64,130,0.04464795707260638,0.0,True,qualifies,32,0.30801851557182913,11
Parkinsons__16,Binned,bins_64,130,0.050216187500000065,0.0,True,qualifies,32,0.34643277196924,12
Parkinsons__16,Density,density_128,258,0.04445794727825414,0.0,True,qualifies,32,0.3067076709411261,13
Parkinsons__16,Density,density_256,514,0.04441065590646459,0.0,True,qualifies,32,0.3063814159656905,14
Parkinsons__17,Means,means,2,0.02747410326086941,93.75,True,qualifies,32,0.2525170609679207,1
Parkinsons__17,Five-number,five_number,10,0.021162630434782614,68.75,True,qualifies,32,0.19450772201736527,2
Parkinsons__17,Binned,bins_4,10,0.024172357142857148,68.75,True,qualifies,32,0.22217040259417206,3
Parkinsons__17,Binned,bins_8,18,0.019053154347826062,43.75,True,qualifies,32,0.17511932936984043,4
Parkinsons__17,Density,density_8,18,0.03080134036335569,43.75,True,qualifies,32,0.28309800937179114,5
Parkinsons__17,Observations,raw,32,0.0,0.0,True,qualifies,32,0.0,6
Parkinsons__17,Density,density_16,34,0.024551204571913954,0.0,True,qualifies,32,0.22565242486191722,7
Parkinsons__17,Binned,bins_16,34,0.033366812499999954,0.0,True,qualifies,32,0.30667750449814096,8
Parkinsons__17,Density,density_32,66,0.02477899122201277,0.0,True,qualifies,32,0.22774603333621474,9
Parkinsons__17,Binned,bins_32,66,0.03530699999999998,0.0,True,qualifies,32,0.3245099498585869,10
Parkinsons__17,Density,density_64,130,0.02499152428118745,0.0,True,qualifies,32,0.22969944462508288,11
Parkinsons__17,Binned,bins_64,130,0.03530699999999998,0.0,True,qualifies,32,0.3245099498585869,12
Parkinsons__17,Density,density_128,258,0.024917868817808664,0.0,True,qualifies,32,0.22902247035007053,13
Parkinsons__17,Density,density_256,514,0.02494738905204208,0.0,True,qualifies,32,0.22929379359279575,14
Parkinsons__18,Means,means,2,0.5969473541666646,93.75,True,qualifies,32,0.4926057183925285,1
Parkinsons__18,Binned,bins_4,10,0.4914581141304364,68.75,True,qualifies,32,0.4055551560472604,2
Parkinsons__18,Five-number,five_number,10,0.546425717391303,68.75,True,qualifies,32,0.45091486072412346,3
Parkinsons__18,Density,density_8,18,0.2791542109205851,43.75,True,qualifies,32,0.2303602816111006,4
Parkinsons__18,Binned,bins_8,18,0.46174921195652185,43.75,True,qualifies,32,0.3810391329911492,5
Parkinsons__18,Observations,raw,32,0.0,0.0,True,qualifies,32,0.0,6
Parkinsons__18,Density,density_16,34,0.2750238476562714,0.0,True,qualifies,32,0.2269518728982758,7
Parkinsons__18,Binned,bins_16,34,0.37191930570652154,0.0,True,qualifies,32,0.30691077779776926,8
Parkinsons__18,Density,density_32,66,0.24233437057605922,0.0,True,qualifies,32,0.1999762556540152,9
Parkinsons__18,Binned,bins_32,66,0.27232527921195704,0.0,True,qualifies,32,0.22472499269206628,10
Parkinsons__18,Density,density_64,130,0.24235664484590647,0.0,True,qualifies,32,0.1999946365591707,11
Parkinsons__18,Binned,bins_64,130,0.2995220078125005,0.0,True,qualifies,32,0.24716795007630638,12
Parkinsons__18,Density,density_128,258,0.24190014490589817,0.0,True,qualifies,32,0.19961792916726367,13
Parkinsons__18,Density,density_256,514,0.2416384138262213,0.0,True,qualifies,32,0.19940194659253585,14
Parkinsons__19,Means,means,2,0.0379418786231884,93.75,True,qualifies,32,0.34423590924473363,1
Parkinsons__19,Five-number,five_number,10,0.023951175000000005,68.75,True,qualifies,32,0.21730222126022625,2
Parkinsons__19,Binned,bins_4,10,0.03275073214285712,68.75,True,qualifies,32,0.2971381087792787,3
Parkinsons__19,Density,density_8,18,0.03299401838661911,43.75,True,qualifies,32,0.29934537590381594,4
Parkinsons__19,Binned,bins_8,18,0.035432312499999924,43.75,True,qualifies,32,0.32146732720363247,5
Parkinsons__19,Observations,raw,32,0.0,0.0,True,qualifies,32,0.0,6
Parkinsons__19,Density,density_16,34,0.0341063819390231,0.0,True,qualifies,32,0.30943753508958877,7
Parkinsons__19,Binned,bins_16,34,0.05379587499999994,0.0,True,qualifies,32,0.48807472418941694,8
Parkinsons__19,Density,density_32,66,0.031278483277637076,0.0,True,qualifies,32,0.2837808121681453,9
Parkinsons__19,Binned,bins_32,66,0.05379587499999994,0.0,True,qualifies,32,0.48807472418941694,10
Parkinsons__19,Density,density_64,130,0.030818412855041888,0.0,True,qualifies,32,0.27960672364154626,11
Parkinsons__19,Binned,bins_64,130,0.04920498437499998,0.0,True,qualifies,32,0.4464228749429713,12
Parkinsons__19,Density,density_128,258,0.030641821365981203,0.0,True,qualifies,32,0.2780045591202425,13
Parkinsons__19,Density,density_256,514,0.030615798099677155,0.0,True,qualifies,32,0.2777684574019629,14
Parkinsons__20,Means,means,2,0.25211546249999994,93.75,True,qualifies,32,0.4909112436653006,1
Parkinsons__20,Five-number,five_number,10,0.1406740869565215,68.75,True,qualifies,32,0.2739161267401702,2
Parkinsons__20,Binned,bins_4,10,0.16350327500000006,68.75,True,qualifies,32,0.318368398660196,3
Parkinsons__20,Binned,bins_8,18,0.20095642499999933,43.75,True,qualifies,32,0.3912959861368376,4
Parkinsons__20,Density,density_8,18,0.25867734530571473,43.75,True,qualifies,32,0.5036883340388805,5
Parkinsons__20,Observations,raw,32,0.0,0.0,True,qualifies,32,0.0,6
Parkinsons__20,Binned,bins_16,34,0.14653368749999984,0.0,True,qualifies,32,0.2853257553351669,7
Parkinsons__20,Density,density_16,34,0.151189288149578,0.0,True,qualifies,32,0.29439099346943404,8
Parkinsons__20,Binned,bins_32,66,0.14895958333333192,0.0,True,qualifies,32,0.290049382869688,9
Parkinsons__20,Density,density_32,66,0.15527521640353692,0.0,True,qualifies,32,0.3023469835574207,10
Parkinsons__20,Density,density_64,130,0.1573035315384259,0.0,True,qualifies,32,0.3062964545479733,11
Parkinsons__20,Binned,bins_64,130,0.16456506249999858,0.0,True,qualifies,32,0.32043587765162257,12
Parkinsons__20,Density,density_128,258,0.1568525071570943,0.0,True,qualifies,32,0.3054182341573343,13
Parkinsons__20,Density,density_256,514,0.1567699263445952,0.0,True,qualifies,32,0.3052574354147073,14
Parkinsons__21,Means,means,2,0.0750795018115942,93.75,True,qualifies,32,0.612548864815689,1
Parkinsons__21,Five-number,five_number,10,0.026268824999999968,68.75,True,qualifies,32,0.21431866948412703,2
Parkinsons__21,Binned,bins_4,10,0.04115320652173912,68.75,True,qualifies,32,0.3357554236531188,3
Parkinsons__21,Binned,bins_8,18,0.028027065217391303,43.75,True,qualifies,32,0.22866357086531913,4
Parkinsons__21,Density,density_8,18,0.04245140058981106,43.75,True,qualifies,32,0.3463469604044339,5
Parkinsons__21,Observations,raw,32,0.0,0.0,True,qualifies,32,0.0,6
Parkinsons__21,Density,density_16,34,0.024256864422157687,0.0,True,qualifies,32,0.1979037474578212,7
Parkinsons__21,Binned,bins_16,34,0.03661640624999998,0.0,True,qualifies,32,0.29874116823993,8
Parkinsons__21,Density,density_32,66,0.022662694273635486,0.0,True,qualifies,32,0.1848974395943141,9
Parkinsons__21,Binned,bins_32,66,0.031260914062500006,0.0,True,qualifies,32,0.255047475809544,10
Parkinsons__21,Density,density_64,130,0.022757595719960694,0.0,True,qualifies,32,0.18567170915941789,11
Parkinsons__21,Binned,bins_64,130,0.03403896484375002,0.0,True,qualifies,32,0.2777126748504925,12
Parkinsons__21,Density,density_128,258,0.022546336182889593,0.0,True,qualifies,32,0.18394811235214117,13
Parkinsons__21,Density,density_256,514,0.022549230068329595,0.0,True,qualifies,32,0.1839717226079155,14
Retinopathy__00,Binned,bins_4,10,8.394604941850034,99.13119026933101,True,qualifies,1151,0.8836426254578983,1
Retinopathy__00,Binned,bins_8,18,4.19278102223349,98.43614248479582,True,qualifies,1151,0.44134537076142,2
Retinopathy__00,Binned,bins_16,34,2.972400102459048,97.04604691572546,True,qualifies,1151,0.3128842213114787,3
Retinopathy__00,Density,density_16,34,4.200106810434885,97.04604691572546,True,qualifies,1151,0.44211650636156685,4
Retinopathy__00,Binned,bins_32,66,2.9184757714561442,94.2658557775847,True,qualifies,1151,0.307207975942752,5
Retinopathy__00,Density,density_32,66,3.2558179784885297,94.2658557775847,True,qualifies,1151,0.34271768194616103,6
Retinopathy__00,Binned,bins_64,130,1.8575574661439624,88.70547350130322,True,qualifies,1151,0.1955323648572592,7
Retinopathy__00,Density,density_64,130,3.061016009017006,88.70547350130322,True,qualifies,1151,0.32221221147547435,8
Retinopathy__00,Density,density_128,258,2.98578733853018,77.58470894874023,True,qualifies,1151,0.3142934040558084,9
Retinopathy__00,Density,density_256,514,2.976386608535563,55.34317984361425,True,qualifies,1151,0.31330385353005924,10
Retinopathy__00,Observations,raw,1151,0.0,0.0,True,qualifies,1151,0.0,11
Retinopathy__00,Means,means,2,12.513920514112378,0.0,False,does_not_qualify,1151,1.3172547909591976,12
Retinopathy__00,Density,density_8,18,12.973401482934577,0.0,False,does_not_qualify,1151,1.3656212087299555,13
Retinopathy__00,Five-number,five_number,10,19.543599257885006,0.0,False,does_not_qualify,1151,2.057220974514211,14
Retinopathy__01,Binned,bins_4,10,6.528177981237942,99.13119026933101,True,qualifies,1151,0.8160222476547427,1
Retinopathy__01,Binned,bins_8,18,4.296269258132067,98.43614248479582,True,qualifies,1151,0.5370336572665084,2
Retinopathy__01,Binned,bins_16,34,2.2223466673936443,97.04604691572546,True,qualifies,1151,0.27779333342420554,3
Retinopathy__01,Density,density_16,34,4.0475681009213424,97.04604691572546,True,qualifies,1151,0.5059460126151678,4
Retinopathy__01,Binned,bins_32,66,1.6736588521676694,94.2658557775847,True,qualifies,1151,0.20920735652095868,5
Retinopathy__01,Density,density_32,66,3.4406086761349997,94.2658557775847,True,qualifies,1151,0.43007608451687496,6
Retinopathy__01,Binned,bins_64,130,1.5561357187894131,88.70547350130322,True,qualifies,1151,0.19451696484867664,7
Retinopathy__01,Density,density_64,130,3.228878587879244,88.70547350130322,True,qualifies,1151,0.4036098234849055,8
Retinopathy__01,Density,density_128,258,3.161074071192715,77.58470894874023,True,qualifies,1151,0.3951342588990894,9
Retinopathy__01,Density,density_256,514,3.148843898882145,55.34317984361425,True,qualifies,1151,0.3936054873602681,10
Retinopathy__01,Observations,raw,1151,0.0,0.0,True,qualifies,1151,0.0,11
Retinopathy__01,Means,means,2,9.140616475722855,0.0,False,does_not_qualify,1151,1.1425770594653568,12
Retinopathy__01,Five-number,five_number,10,9.409836065573785,0.0,False,does_not_qualify,1151,1.1762295081967231,13
Retinopathy__01,Density,density_8,18,10.485083607773868,0.0,False,does_not_qualify,1151,1.3106354509717335,14
Retinopathy__02,Means,means,2,7.720212765957445,99.8262380538662,True,qualifies,1151,0.9650265957446806,1
Retinopathy__02,Binned,bins_4,10,6.2825801471639835,99.13119026933101,True,qualifies,1151,0.7853225183954979,2
Retinopathy__02,Binned,bins_8,18,3.8098772313803053,98.43614248479582,True,qualifies,1151,0.47623465392253816,3
Retinopathy__02,Binned,bins_16,34,2.6396456804065593,97.04604691572546,True,qualifies,1151,0.3299557100508199,4
Retinopathy__02,Density,density_16,34,4.011769219956136,97.04604691572546,True,qualifies,1151,0.501471152494517,5
Retinopathy__02,Binned,bins_32,66,1.8090696505875066,94.2658557775847,True,qualifies,1151,0.22613370632343832,6
Retinopathy__02,Density,density_32,66,3.0178124939737287,94.2658557775847,True,qualifies,1151,0.3772265617467161,7
Retinopathy__02,Binned,bins_64,130,1.7207730951081643,88.70547350130322,True,qualifies,1151,0.21509663688852054,8
Retinopathy__02,Density,density_64,130,2.7952341388555553,88.70547350130322,True,qualifies,1151,0.3494042673569444,9
Retinopathy__02,Density,density_128,258,2.7303244124672297,77.58470894874023,True,qualifies,1151,0.3412905515584037,10
Retinopathy__02,Density,density_256,514,2.713858875073825,55.34317984361425,True,qualifies,1151,0.33923235938422813,11
Retinopathy__02,Observations,raw,1151,0.0,0.0,True,qualifies,1151,0.0,12
Retinopathy__02,Five-number,five_number,10,8.747540983606541,0.0,False,does_not_qualify,1151,1.0934426229508176,13
Retinopathy__02,Density,density_8,18,9.09266553445664,0.0,False,does_not_qualify,1151,1.13658319180708,14
Retinopathy__03,Means,means,2,6.353076316906101,99.8262380538662,True,qualifies,1151,0.7941345396132677,1
Retinopathy__03,Five-number,five_number,10,3.849721706864564,99.13119026933101,True,qualifies,1151,0.4812152133580736,2
Retinopathy__03,Binned,bins_4,10,5.038108744771883,99.13119026933101,True,qualifies,1151,0.6297635930964894,3
Retinopathy__03,Binned,bins_8,18,3.1174002640265783,98.43614248479582,True,qualifies,1151,0.3896750330033248,4
Retinopathy__03,Density,density_8,18,6.6288150313077505,98.43614248479582,True,qualifies,1151,0.8286018789134741,5
Retinopathy__03,Binned,bins_16,34,2.1001781665046977,97.04604691572546,True,qualifies,1151,0.2625222708130889,6
Retinopathy__03,Density,density_16,34,3.0422655775780925,97.04604691572546,True,qualifies,1151,0.380283197197264,7
Retinopathy__03,Binned,bins_32,66,1.7473620129870184,94.2658557775847,True,qualifies,1151,0.21842025162337872,8
Retinopathy__03,Density,density_32,66,2.520173762250643,94.2658557775847,True,qualifies,1151,0.3150217202813324,9
Retinopathy__03,Binned,bins_64,130,1.475976374156204,88.70547350130322,True,qualifies,1151,0.1844970467695267,10
Retinopathy__03,Density,density_64,130,2.4058275902177115,88.70547350130322,True,qualifies,1151,0.3007284487772159,11
Retinopathy__03,Density,density_128,258,2.3701724317669175,77.58470894874023,True,qualifies,1151,0.2962715539708666,12
Retinopathy__03,Density,density_256,514,2.365550348598134,55.34317984361425,True,qualifies,1151,0.29569379357476866,13
Retinopathy__03,Observations,raw,1151,0.0,0.0,True,qualifies,1151,0.0,14
Retinopathy__04,Means,means,2,4.684133478814331,99.8262380538662,True,qualifies,1151,0.6666794423754023,1
Retinopathy__04,Five-number,five_number,10,3.4672131147541023,99.13119026933101,True,qualifies,1151,0.4934786159266428,2
Retinopathy__04,Binned,bins_4,10,4.467102993910444,99.13119026933101,True,qualifies,1151,0.635790108561881,3
Retinopathy__04,Binned,bins_8,18,2.779079731743664,98.43614248479582,True,qualifies,1151,0.39553854181470216,4
Retinopathy__04,Density,density_8,18,6.528306452931808,98.43614248479582,True,qualifies,1151,0.9291553550685727,5
Retinopathy__04,Binned,bins_16,34,1.5910022354694462,97.04604691572546,True,qualifies,1151,0.22644283899212775,6
Retinopathy__04,Density,density_16,34,3.2643235768766026,97.04604691572546,True,qualifies,1151,0.4646019230254378,7
Retinopathy__04,Binned,bins_32,66,1.747317436661696,94.2658557775847,True,qualifies,1151,0.24869073855284363,8
Retinopathy__04,Density,density_32,66,2.3855971375406497,94.2658557775847,True,qualifies,1151,0.33953527938117867,9
Retinopathy__04,Binned,bins_64,130,1.6592651046432607,88.70547350130322,True,qualifies,1151,0.23615849969257033,10
Retinopathy__04,Density,density_64,130,2.2693556670663355,88.70547350130322,True,qualifies,1151,0.3229909603374932,11
Retinopathy__04,Density,density_128,258,2.2554614430697555,77.58470894874023,True,qualifies,1151,0.32101343481475264,12
Retinopathy__04,Density,density_256,514,2.2513365285809925,55.34317984361425,True,qualifies,1151,0.32042634742630555,13
Retinopathy__04,Observations,raw,1151,0.0,0.0,True,qualifies,1151,0.0,14
Retinopathy__05,Means,means,2,4.132518033581864,99.8262380538662,True,qualifies,1151,0.6887530055969773,1
Retinopathy__05,Binned,bins_4,10,4.7943776720174185,99.13119026933101,True,qualifies,1151,0.7990629453362365,2
Retinopathy__05,Five-number,five_number,10,5.268852459016401,99.13119026933101,True,qualifies,1151,0.8781420765027335,3
Retinopathy__05,Binned,bins_8,18,2.1568807339449556,98.43614248479582,True,qualifies,1151,0.35948012232415927,4
Retinopathy__05,Density,density_8,18,4.987672864020695,98.43614248479582,True,qualifies,1151,0.8312788106701158,5
Retinopathy__05,Binned,bins_16,34,1.9501020408163257,97.04604691572546,True,qualifies,1151,0.32501700680272094,6
Retinopathy__05,Density,density_16,34,2.4903180827849027,97.04604691572546,True,qualifies,1151,0.41505301379748377,7
Retinopathy__05,Binned,bins_32,66,1.9588472751738024,94.2658557775847,True,qualifies,1151,0.3264745458623004,8
Retinopathy__05,Density,density_32,66,2.0328839049660132,94.2658557775847,True,qualifies,1151,0.3388139841610022,9
Retinopathy__05,Binned,bins_64,130,1.419629346063772,88.70547350130322,True,qualifies,1151,0.23660489101062865,10
Retinopathy__05,Density,density_64,130,1.9954364651769865,88.70547350130322,True,qualifies,1151,0.3325727441961644,11
Retinopathy__05,Density,density_128,258,1.9758112702461617,77.58470894874023,True,qualifies,1151,0.32930187837436026,12
Retinopathy__05,Density,density_256,514,1.9671341299835632,55.34317984361425,True,qualifies,1151,0.32785568833059386,13
Retinopathy__05,Observations,raw,1151,0.0,0.0,True,qualifies,1151,0.0,14
Retinopathy__06,Binned,bins_4,10,30.155552916571338,99.13119026933101,True,qualifies,1151,0.8980465616222972,1
Retinopathy__06,Binned,bins_8,18,8.006108366185344,98.43614248479582,True,qualifies,1151,0.23842567603120365,2
Retinopathy__06,Density,density_8,18,21.68550993243015,98.43614248479582,True,qualifies,1151,0.6458046942705277,3
Retinopathy__06,Binned,bins_16,34,6.2228827360872,97.04604691572546,True,qualifies,1151,0.18532037731103437,4
Retinopathy__06,Density,density_16,34,7.454921914866063,97.04604691572546,True,qualifies,1151,0.22201108403915745,5
Retinopathy__06,Binned,bins_32,66,6.5285446753643726,94.2658557775847,True,qualifies,1151,0.19442313375347464,6
Retinopathy__06,Density,density_32,66,7.981016515674922,94.2658557775847,True,qualifies,1151,0.23767842891098112,7
Retinopathy__06,Binned,bins_64,130,4.866744176794043,88.70547350130322,True,qualifies,1151,0.14493393261124649,8
Retinopathy__06,Density,density_64,130,6.329392775104935,88.70547350130322,True,qualifies,1151,0.1884922964127256,9
Retinopathy__06,Density,density_128,258,6.055719019993854,77.58470894874023,True,qualifies,1151,0.18034216315323195,10
Retinopathy__06,Density,density_256,514,6.086648980546785,55.34317984361425,True,qualifies,1151,0.18126327193881847,11
Retinopathy__06,Observations,raw,1151,0.0,0.0,True,qualifies,1151,0.0,12
Retinopathy__06,Means,means,2,44.621784410914586,0.0,False,does_not_qualify,1151,1.3288577455216322,13
Retinopathy__06,Five-number,five_number,10,101.20050503606552,0.0,False,does_not_qualify,1151,3.013798680246912,14
Retinopathy__07,Binned,bins_4,10,11.187504437684467,99.13119026933101,True,qualifies,1151,0.7519312560786581,1
Retinopathy__07,Five-number,five_number,10,12.68561999628951,99.13119026933101,True,qualifies,1151,0.8526221581477904,2
Retinopathy__07,Binned,bins_8,18,8.984862662151563,98.43614248479582,True,qualifies,1151,0.6038879452408229,3
Retinopathy__07,Density,density_8,18,10.946219692062918,98.43614248479582,True,qualifies,1151,0.7357140967596686,4
Retinopathy__07,Density,density_16,34,6.848629716483792,97.04604691572546,True,qualifies,1151,0.46030808513351884,5
Retinopathy__07,Binned,bins_16,34,7.495040866861373,97.04604691572546,True,qualifies,1151,0.503754481150973,6
Retinopathy__07,Binned,bins_32,66,4.011064395147756,94.2658557775847,True,qualifies,1151,0.26959047977638884,7
Retinopathy__07,Density,density_32,66,5.7158676384046885,94.2658557775847,True,qualifies,1151,0.38417321368361895,8
Retinopathy__07,Binned,bins_64,130,4.215920730737544,88.70547350130322,True,qualifies,1151,0.2833592235202423,9
Retinopathy__07,Density,density_64,130,5.109142976100848,88.70547350130322,True,qualifies,1151,0.34339421422389216,10
Retinopathy__07,Density,density_128,258,4.956790607575449,77.58470894874023,True,qualifies,1151,0.33315435166384005,11
Retinopathy__07,Density,density_256,514,4.941423363645988,55.34317984361425,True,qualifies,1151,0.33212149298702703,12
Retinopathy__07,Observations,raw,1151,0.0,0.0,True,qualifies,1151,0.0,13
Retinopathy__07,Means,means,2,15.798349299226249,0.0,False,does_not_qualify,1151,1.0618340040627767,14
Retinopathy__08,Binned,bins_4,10,3.9378642478972203,99.13119026933101,True,qualifies,1151,0.5062345503153337,1
Retinopathy__08,Binned,bins_8,18,1.9610412639315378,98.43614248479582,True,qualifies,1151,0.2521028608150503,2
Retinopathy__08,Density,density_8,18,3.0962227151470856,98.43614248479582,True,qualifies,1151,0.39803680757039556,3
Retinopathy__08,Binned,bins_16,34,0.9783699132661514,97.04604691572546,True,qualifies,1151,0.12577494344778878,4
Retinopathy__08,Density,density_16,34,2.0836869554631825,97.04604691572546,True,qualifies,1151,0.2678696528099214,5
Retinopathy__08,Density,density_32,66,1.364957555832362,94.2658557775847,True,qualifies,1151,0.17547295462135182,6
Retinopathy__08,Binned,bins_32,66,1.5105860174635914,94.2658557775847,True,qualifies,1151,0.1941943107032346,7
Retinopathy__08,Binned,bins_64,130,0.943779633136959,88.70547350130322,True,qualifies,1151,0.12132816879936514,8
Retinopathy__08,Density,density_64,130,1.1150458216654968,88.70547350130322,True,qualifies,1151,0.1433453985655418,9
Retinopathy__08,Density,density_128,258,1.097240032685157,77.58470894874023,True,qualifies,1151,0.14105636445719602,10
Retinopathy__08,Density,density_256,514,1.0964131686523544,55.34317984361425,True,qualifies,1151,0.14095006644500802,11
Retinopathy__08,Observations,raw,1151,0.0,0.0,True,qualifies,1151,0.0,12
Retinopathy__08,Means,means,2,8.017589249551461,0.0,False,does_not_qualify,1151,1.0307060967190744,13
Retinopathy__08,Five-number,five_number,10,20.818450950000038,0.0,False,does_not_qualify,1151,2.6763287130994495,14
Retinopathy__09,Means,means,2,2.498252609688052,99.8262380538662,True,qualifies,1151,0.9652263670850996,1
Retinopathy__09,Density,density_16,34,1.0237387470011168,97.04604691572546,True,qualifies,1151,0.39553231237714004,2
Retinopathy__09,Binned,bins_16,34,1.04581666925254,97.04604691572546,True,qualifies,1151,0.4040623515752936,3
Retinopathy__09,Binned,bins_32,66,0.6334241956651976,94.2658557775847,True,qualifies,1151,0.24473014971935245,4
Retinopathy__09,Density,density_32,66,0.7306521570120879,94.2658557775847,True,qualifies,1151,0.28229520280726567,5
Retinopathy__09,Binned,bins_64,130,0.4726484827676325,88.70547350130322,True,qualifies,1151,0.18261274947174053,6
Retinopathy__09,Density,density_64,130,0.5920093052537094,88.70547350130322,True,qualifies,1151,0.2287290679792238,7
Retinopathy__09,Density,density_128,258,0.6027924333603298,77.58470894874023,True,qualifies,1151,0.23289524378058366,8
Retinopathy__09,Density,density_256,514,0.6266310887486345,55.34317984361425,True,qualifies,1151,0.24210556088279217,9
Retinopathy__09,Observations,raw,1151,0.0,0.0,True,qualifies,1151,0.0,10
Retinopathy__09,Binned,bins_8,18,2.770254032067978,0.0,False,does_not_qualify,1151,1.0703169987320484,11
Retinopathy__09,Density,density_8,18,2.9080246854386953,0.0,False,does_not_qualify,1151,1.1235461504712565,12
Retinopathy__09,Binned,bins_4,10,2.9643185264688823,0.0,False,does_not_qualify,1151,1.1452958724393718,13
Retinopathy__09,Five-number,five_number,10,18.251297855737697,0.0,False,does_not_qualify,1151,7.051582316202,14
Retinopathy__10,Density,density_8,18,1.2135259882743177,98.43614248479582,True,qualifies,1151,0.7657381702248954,1
Retinopathy__10,Density,density_32,66,0.8432195033299861,94.2658557775847,True,qualifies,1151,0.5320737798916355,2
Retinopathy__10,Binned,bins_32,66,1.1762944326591722,94.2658557775847,True,qualifies,1151,0.7422449582567614,3
Retinopathy__10,Binned,bins_64,130,0.5182849328787322,88.70547350130322,True,qualifies,1151,0.32703918992460884,4
Retinopathy__10,Density,density_64,130,0.8079673964247307,88.70547350130322,True,qualifies,1151,0.5098296053959668,5
Retinopathy__10,Density,density_128,258,0.9762932853362428,77.58470894874023,True,qualifies,1151,0.6160436950998652,6
Retinopathy__10,Density,density_256,514,1.068612564184147,55.34317984361425,True,qualifies,1151,0.6742974089424534,7
Retinopathy__10,Observations,raw,1151,0.0,0.0,True,qualifies,1151,0.0,8
Retinopathy__10,Binned,bins_16,34,2.3003089857158567,0.0,False,does_not_qualify,1151,1.4515011715396184,9
Retinopathy__10,Means,means,2,2.596062257901488,0.0,False,does_not_qualify,1151,1.6381222836292735,10
Retinopathy__10,Density,density_16,34,2.958559041095415,0.0,False,does_not_qualify,1151,1.866858731103344,11
Retinopathy__10,Binned,bins_8,18,3.1194492583441162,0.0,False,does_not_qualify,1151,1.968380891941697,12
Retinopathy__10,Binned,bins_4,10,3.142056235559907,0.0,False,does_not_qualify,1151,1.9826459555124842,13
Retinopathy__10,Five-number,five_number,10,32.62994584999999,0.0,False,does_not_qualify,1151,20.589583800547604,14
Retinopathy__11,Density,density_32,66,0.36797105608437675,94.2658557775847,True,qualifies,1151,0.5456176996598153,1
Retinopathy__11,Binned,bins_32,66,0.5009289023218677,94.2658557775847,True,qualifies,1151,0.7427640594517352,2
Retinopathy__11,Binned,bins_64,130,0.2591241689976407,88.70547350130322,True,qualifies,1151,0.38422242912044285,3
Retinopathy__11,Density,density_64,130,0.5808001278520509,88.70547350130322,True,qualifies,1151,0.8611949893366011,4
Retinopathy__11,Density,density_128,258,0.5107671174444012,77.58470894874023,True,qualifies,1151,0.7573519032920514,5
Retinopathy__11,Density,density_256,514,0.4913409440616166,55.34317984361425,True,qualifies,1151,0.7285472898338744,6
Retinopathy__11,Observations,raw,1151,0.0,0.0,True,qualifies,1151,0.0,7
Retinopathy__11,Binned,bins_16,34,1.0377322178493755,0.0,False,does_not_qualify,1151,1.5387217451038386,8
Retinopathy__11,Means,means,2,1.3028633403588532,0.0,False,does_not_qualify,1151,1.9318511252001769,9
Retinopathy__11,Density,density_8,18,1.3105914585319303,0.0,False,does_not_qualify,1151,1.9433101733795712,10
Retinopathy__11,Density,density_16,34,1.4766650425345813,0.0,False,does_not_qualify,1151,2.1895596687665395,11
Retinopathy__11,Binned,bins_8,18,1.5343370116935482,0.0,False,does_not_qualify,1151,2.275074131458822,12
Retinopathy__11,Binned,bins_4,10,1.5521206476951832,0.0,False,does_not_qualify,1151,2.3014432341541564,13
Retinopathy__11,Five-number,five_number,10,13.244553499999999,0.0,False,does_not_qualify,1151,19.63867183084723,14
Retinopathy__12,Binned,bins_16,34,0.35060151902427106,97.04604691572546,True,qualifies,1151,0.9555080970447304,1
Retinopathy__12,Binned,bins_32,66,0.2136848366500701,94.2658557775847,True,qualifies,1151,0.5823636822882332,2
Retinopathy__12,Binned,bins_64,130,0.12396021086531445,88.70547350130322,True,qualifies,1151,0.3378336338154329,3
Retinopathy__12,Density,density_64,130,0.26860564197360254,88.70547350130322,True,qualifies,1151,0.7320415112060815,4
Retinopathy__12,Density,density_128,258,0.20336722445861677,77.58470894874023,True,qualifies,1151,0.5542446883416651,5
Retinopathy__12,Density,density_256,514,0.19410137437082703,55.34317984361425,True,qualifies,1151,0.5289921029862866,6
Retinopathy__12,Observations,raw,1151,0.0,0.0,True,qualifies,1151,0.0,7
Retinopathy__12,Density,density_32,66,0.4625369159584938,0.0,False,does_not_qualify,1151,1.2605700329263074,8
Retinopathy__12,Density,density_8,18,0.6491647691869864,0.0,False,does_not_qualify,1151,1.7691942550636774,9
Retinopathy__12,Density,density_16,34,0.6759777773170905,0.0,False,does_not_qualify,1151,1.842268799765428,10
Retinopathy__12,Binned,bins_8,18,0.6789103451331974,0.0,False,does_not_qualify,1151,1.8502610420729373,11
Retinopathy__12,Means,means,2,0.7761635096653938,0.0,False,does_not_qualify,1151,2.115308913035824,12
Retinopathy__12,Binned,bins_4,10,0.8833641105008417,0.0,False,does_not_qualify,1151,2.4074669230507197,13
Retinopathy__12,Five-number,five_number,10,3.4382029475409843,0.0,False,does_not_qualify,1151,9.37026960066035,14
Retinopathy__13,Binned,bins_32,66,0.0821203822615707,94.2658557775847,True,qualifies,1151,0.5904492010646311,1
Retinopathy__13,Binned,bins_64,130,0.04797291232732534,88.70547350130322,True,qualifies,1151,0.34492737340396135,2
Retinopathy__13,Density,density_128,258,0.1190013611884955,77.58470894874023,True,qualifies,1151,0.8556250799654623,3
Retinopathy__13,Density,density_256,514,0.09204936237040626,55.34317984361425,True,qualifies,1151,0.6618390096748137,4
Retinopathy__13,Observations,raw,1151,0.0,0.0,True,qualifies,1151,0.0,5
Retinopathy__13,Density,density_64,130,0.15057714505267433,0.0,False,does_not_qualify,1151,1.082656370397223,6
Retinopathy__13,Density,density_32,66,0.19513506586537116,0.0,False,does_not_qualify,1151,1.4030298029167847,7
Retinopathy__13,Binned,bins_16,34,0.19932632254857335,0.0,False,does_not_qualify,1151,1.4331651248904576,8
Retinopathy__13,Density,density_16,34,0.24918644874151055,0.0,False,does_not_qualify,1151,1.7916616499288978,9
Retinopathy__13,Density,density_8,18,0.2938855451696928,0.0,False,does_not_qualify,1151,2.1130501414031007,10
Retinopathy__13,Means,means,2,0.29880760961993086,0.0,False,does_not_qualify,1151,2.148440003727106,11
Retinopathy__13,Binned,bins_8,18,0.3434375506669535,0.0,False,does_not_qualify,1151,2.4693312649348336,12
Retinopathy__13,Binned,bins_4,10,0.3489242629791667,0.0,False,does_not_qualify,1151,2.508780970501216,13
Retinopathy__13,Five-number,five_number,10,1.9602826999999996,0.0,False,does_not_qualify,1151,14.09451980373282,14
Retinopathy__14,Means,means,2,0.00652002302429644,99.8262380538662,True,qualifies,1151,0.7191884762472139,1
Retinopathy__14,Binned,bins_4,10,0.005500344751744435,99.13119026933101,True,qualifies,1151,0.6067132809348169,2
Retinopathy__14,Binned,bins_8,18,0.005272982513661262,98.43614248479582,True,qualifies,1151,0.5816341821411684,3
Retinopathy__14,Density,density_8,18,0.006144804803129955,98.43614248479582,True,qualifies,1151,0.6778001836391471,4
Retinopathy__14,Binned,bins_16,34,0.003279875924947051,97.04604691572546,True,qualifies,1151,0.3617853740627134,5
Retinopathy__14,Density,density_16,34,0.00502827230465297,97.04604691572546,True,qualifies,1151,0.5546415225013197,6
Retinopathy__14,Binned,bins_32,66,0.002438478456439297,94.2658557775847,True,qualifies,1151,0.26897537001220584,7
Retinopathy__14,Density,density_32,66,0.004605375373033294,94.2658557775847,True,qualifies,1151,0.5079940492136013,8
Retinopathy__14,Binned,bins_64,130,0.001746344571635472,88.70547350130322,True,qualifies,1151,0.19262982458756506,9
Retinopathy__14,Density,density_64,130,0.004393047121382887,88.70547350130322,True,qualifies,1151,0.48457326815199314,10
Retinopathy__14,Density,density_128,258,0.004293362672558199,77.58470894874023,True,qualifies,1151,0.47357761574576457,11
Retinopathy__14,Density,density_256,514,0.00426677194933045,55.34317984361425,True,qualifies,1151,0.47064453688251323,12
Retinopathy__14,Observations,raw,1151,0.0,0.0,True,qualifies,1151,0.0,13
Retinopathy__14,Five-number,five_number,10,0.04011600000000004,0.0,False,does_not_qualify,1151,4.424978992500797,14
Retinopathy__15,Means,means,2,0.0033459383909841545,99.8262380538662,True,qualifies,1151,0.5121994423708007,1
Retinopathy__15,Binned,bins_4,10,0.0033050104697886634,99.13119026933101,True,qualifies,1151,0.5059341571311761,2
Retinopathy__15,Binned,bins_8,18,0.0019973306163497684,98.43614248479582,True,qualifies,1151,0.30575327707201766,3
Retinopathy__15,Density,density_8,18,0.003137083346547276,98.43614248479582,True,qualifies,1151,0.480227712829949,4
Retinopathy__15,Binned,bins_16,34,0.0015760450102458995,97.04604691572546,True,qualifies,1151,0.24126247440013177,5
Retinopathy__15,Density,density_16,34,0.0018548301257551303,97.04604691572546,True,qualifies,1151,0.28393916596440977,6
Retinopathy__15,Binned,bins_32,66,0.0012772100811364873,94.2658557775847,True,qualifies,1151,0.19551653823370474,7
Retinopathy__15,Density,density_32,66,0.0014455302081864685,94.2658557775847,True,qualifies,1151,0.2212831439330477,8
Retinopathy__15,Binned,bins_64,130,0.0011302820472592345,88.70547350130322,True,qualifies,1151,0.17302465457459423,9
Retinopathy__15,Density,density_64,130,0.001326972180805172,88.70547350130322,True,qualifies,1151,0.2031341679456504,10
Retinopathy__15,Density,density_128,258,0.001299480238882475,77.58470894874023,True,qualifies,1151,0.19892567523686683,11
Retinopathy__15,Density,density_256,514,0.00129199956776474,55.34317984361425,True,qualifies,1151,0.19778052696235354,12
Retinopathy__15,Observations,raw,1151,0.0,0.0,True,qualifies,1151,0.0,13
Retinopathy__15,Five-number,five_number,10,0.0182686262295082,0.0,False,does_not_qualify,1151,2.7965787394197714,14
HAR__00,Five-number,five_number,10,0.00455206586206891,83.33333333333334,True,qualifies,60,0.5647833006799641,1
HAR__00,Binned,bins_4,10,0.005424954000000037,83.33333333333334,True,qualifies,60,0.6730841598070473,2
HAR__00,Binned,bins_8,18,0.002239419083333305,70.0,True,qualifies,60,0.27784890197433104,3
HAR__00,Density,density_8,18,0.006714940973745587,70.0,True,qualifies,60,0.8331352493435765,4
HAR__00,Density,density_16,34,0.0022574635425942624,43.333333333333336,True,qualifies,60,0.280087711686051,5
HAR__00,Binned,bins_16,34,0.005201509208333288,43.333333333333336,True,qualifies,60,0.6453609478015125,6
HAR__00,Observations,raw,60,0.0,0.0,True,qualifies,60,0.0,7
HAR__00,Density,density_32,66,0.0032630909942379938,0.0,True,qualifies,60,0.40485778501174524,8
HAR__00,Binned,bins_32,66,0.005695190895833313,0.0,True,qualifies,60,0.7066129554393795,9
HAR__00,Density,density_64,130,0.0037351909363308455,0.0,True,qualifies,60,0.4634321052490266,10
HAR__00,Binned,bins_64,130,0.006106592302083325,0.0,True,qualifies,60,0.7576562951376009,11
HAR__00,Density,density_128,258,0.003881484664781776,0.0,True,qualifies,60,0.48158304096192556,12
HAR__00,Density,density_256,514,0.00392363460822398,0.0,True,qualifies,60,0.48681266305046506,13
HAR__00,Means,means,2,0.009648834666666661,0.0,False,does_not_qualify,60,1.197148911259044,14
HAR__01,Means,means,2,0.0018984744500000032,96.66666666666667,True,qualifies,60,0.7200225472301905,1
HAR__01,Five-number,five_number,10,0.0008069993793103428,83.33333333333334,True,qualifies,60,0.3060656142642398,2
HAR__01,Binned,bins_4,10,0.0008819760291666687,83.33333333333334,True,qualifies,60,0.3345015399688695,3
HAR__01,Binned,bins_8,18,0.0005003806333333354,70.0,True,qualifies,60,0.18977623754553216,4
HAR__01,Density,density_8,18,0.001099845458562029,70.0,True,qualifies,60,0.41713151769484585,5
HAR__01,Density,density_16,34,0.0005663637223755971,43.333333333333336,True,qualifies,60,0.21480123161186038,6
HAR__01,Binned,bins_16,34,0.0008483000958333341,43.333333333333336,True,qualifies,60,0.32172947906543115,7
HAR__01,Observations,raw,60,0.0,0.0,True,qualifies,60,0.0,8
HAR__01,Density,density_32,66,0.0007549019806100989,0.0,True,qualifies,60,0.2863069592471989,9
HAR__01,Binned,bins_32,66,0.0008483000958333341,0.0,True,qualifies,60,0.32172947906543115,10
HAR__01,Binned,bins_64,130,0.000705201822395831,0.0,True,qualifies,60,0.2674574906566785,11
HAR__01,Density,density_64,130,0.0007850158393861474,0.0,True,qualifies,60,0.29772805438116856,12
HAR__01,Density,density_128,258,0.000784111436345155,0.0,True,qualifies,60,0.29738504708849833,13
HAR__01,Density,density_256,514,0.0007876797553561798,0.0,True,qualifies,60,0.29873838115293516,14
HAR__02,Means,means,2,0.006352167083333346,96.66666666666667,True,qualifies,60,0.817774001714674,1
HAR__02,Five-number,five_number,10,0.004159526249999976,83.33333333333334,True,qualifies,60,0.5354947976139699,2
HAR__02,Binned,bins_4,10,0.005080799758620691,83.33333333333334,True,qualifies,60,0.6540989706363098,3
HAR__02,Binned,bins_8,18,0.0016980939312500193,70.0,True,qualifies,60,0.21861154645778347,4
HAR__02,Density,density_8,18,0.0022472129655749795,70.0,True,qualifies,60,0.28930478613906324,5
HAR__02,Density,density_16,34,0.001633473325031859,43.333333333333336,True,qualifies,60,0.2102923301892274,6
HAR__02,Binned,bins_16,34,0.002238589562500004,43.333333333333336,True,qualifies,60,0.2881946146419179,7
HAR__02,Observations,raw,60,0.0,0.0,True,qualifies,60,0.0,8
HAR__02,Density,density_32,66,0.001753004742199804,0.0,True,qualifies,60,0.22568072978037318,9
HAR__02,Binned,bins_32,66,0.0024943234583333362,0.0,True,qualifies,60,0.3211176358134523,10
HAR__02,Density,density_64,130,0.0017725946525329744,0.0,True,qualifies,60,0.22820272253595128,11
HAR__02,Binned,bins_64,130,0.0031336581979166667,0.0,True,qualifies,60,0.40342518874228833,12
HAR__02,Density,density_128,258,0.001784586312770231,0.0,True,qualifies,60,0.22974652134520396,13
HAR__02,Density,density_256,514,0.001789729888156802,0.0,True,qualifies,60,0.23040870201076508,14
HAR__03,Five-number,five_number,10,0.0980822242499998,83.33333333333334,True,qualifies,60,0.615022345440999,1
HAR__03,Density,density_8,18,0.09515356433189359,70.0,True,qualifies,60,0.5966582503605112,2
HAR__03,Binned,bins_8,18,0.11064013326431021,70.0,True,qualifies,60,0.6937664268978984,3
HAR__03,Binned,bins_16,34,0.06685748349137921,43.333333333333336,True,qualifies,60,0.41922832217124195,4
HAR__03,Density,density_16,34,0.09146561812087017,43.333333333333336,True,qualifies,60,0.5735330679341566,5
HAR__03,Observations,raw,60,0.0,0.0,True,qualifies,60,0.0,6
HAR__03,Binned,bins_32,66,0.03199439672749993,0.0,True,qualifies,60,0.20062013343174026,7
HAR__03,Density,density_32,66,0.039821644880719376,0.0,True,qualifies,60,0.24970071408080483,8
HAR__03,Density,density_64,130,0.0455838993817167,0.0,True,qualifies,60,0.2858327992300803,9
HAR__03,Binned,bins_64,130,0.061881741255937595,0.0,True,qualifies,60,0.3880280442069996,10
HAR__03,Density,density_128,258,0.053218083646489056,0.0,True,qualifies,60,0.3337027771792098,11
HAR__03,Density,density_256,514,0.0524410100660514,0.0,True,qualifies,60,0.32883015505348345,12
HAR__03,Binned,bins_4,10,0.19976909887349137,0.0,False,does_not_qualify,60,1.2526475686628789,13
HAR__03,Means,means,2,0.21980884311833326,0.0,False,does_not_qualify,60,1.3783063269317142,14
HAR__04,Five-number,five_number,10,0.10583181718965551,83.33333333333334,True,qualifies,60,0.4631706433265678,1
HAR__04,Density,density_8,18,0.12560878950935617,70.0,True,qualifies,60,0.5497241320184622,2
HAR__04,Binned,bins_8,18,0.15016817650000003,70.0,True,qualifies,60,0.6572077543754118,3
HAR__04,Binned,bins_16,34,0.05180803741666673,43.333333333333336,True,qualifies,60,0.22673674757717288,4
HAR__04,Density,density_16,34,0.11087282858803249,43.333333333333336,True,qualifies,60,0.4852325199380095,5
HAR__04,Observations,raw,60,0.0,0.0,True,qualifies,60,0.0,6
HAR__04,Density,density_32,66,0.045450472713897794,0.0,True,qualifies,60,0.19891300409845283,7
HAR__04,Binned,bins_32,66,0.13211850891666654,0.0,True,qualifies,60,0.5782137772482722,8
HAR__04,Density,density_64,130,0.07197454923345847,0.0,True,qualifies,60,0.3149950473954363,9
HAR__04,Binned,bins_64,130,0.15363024235416667,0.0,True,qualifies,60,0.6723594101958889,10
HAR__04,Density,density_128,258,0.07701894955583444,0.0,True,qualifies,60,0.33707175555896196,11
HAR__04,Density,density_256,514,0.07766834566534953,0.0,True,qualifies,60,0.33991382349094185,12
HAR__04,Binned,bins_4,10,0.23621511024999964,0.0,False,does_not_qualify,60,1.0337902861658745,13
HAR__04,Means,means,2,0.28769252306666604,0.0,False,does_not_qualify,60,1.2590800623808593,14
HAR__05,Five-number,five_number,10,0.07701961177586214,83.33333333333334,True,qualifies,60,0.3695460753761255,1
HAR__05,Binned,bins_8,18,0.099603703175,70.0,True,qualifies,60,0.47790629883161023,2
HAR__05,Binned,bins_16,34,0.0629150273060346,43.333333333333336,True,qualifies,60,0.30187118432624166,3
HAR__05,Density,density_16,34,0.08278596566872543,43.333333333333336,True,qualifies,60,0.39721348892449265,4
HAR__05,Observations,raw,60,0.0,0.0,True,qualifies,60,0.0,5
HAR__05,Density,density_32,66,0.060513132028123695,0.0,True,qualifies,60,0.2903467043535369,6
HAR__05,Binned,bins_32,66,0.06719450916249992,0.0,True,qualifies,60,0.3224044704365687,7
HAR__05,Density,density_64,130,0.060424809596034246,0.0,True,qualifies,60,0.28992292646899864,8
HAR__05,Binned,bins_64,130,0.07799605914062491,0.0,True,qualifies,60,0.3742311456217344,9
HAR__05,Density,density_128,258,0.06356960284005164,0.0,True,qualifies,60,0.3050118885450214,10
HAR__05,Density,density_256,514,0.06640543462104165,0.0,True,qualifies,60,0.3186184295405991,11
HAR__05,Binned,bins_4,10,0.25111710455,0.0,False,does_not_qualify,60,1.2048793587317446,12
HAR__05,Density,density_8,18,0.27669854260852134,0.0,False,does_not_qualify,60,1.3276210841057319,13
HAR__05,Means,means,2,0.3430435930333333,0.0,False,does_not_qualify,60,1.6459497855859462,14
HAR__06,Means,means,2,0.07441935224999996,96.66666666666667,True,qualifies,60,0.5281773743933658,1
HAR__06,Binned,bins_4,10,0.030592970701970534,83.33333333333334,True,qualifies,60,0.2171278632737625,2
HAR__06,Five-number,five_number,10,0.04847995568965524,83.33333333333334,True,qualifies,60,0.34407737950808126,3
HAR__06,Density,density_8,18,0.024314394855938892,70.0,True,qualifies,60,0.17256685051264162,4
HAR__06,Binned,bins_8,18,0.028938541437500076,70.0,True,qualifies,60,0.20538586232094508,5
HAR__06,Density,density_16,34,0.019431327891964223,43.333333333333336,True,qualifies,60,0.13791019992322284,6
HAR__06,Binned,bins_16,34,0.028938541437500076,43.333333333333336,True,qualifies,60,0.20538586232094508,7
HAR__06,Observations,raw,60,0.0,0.0,True,qualifies,60,0.0,8
HAR__06,Density,density_32,66,0.02061472166225642,0.0,True,qualifies,60,0.14630911493079599,9
HAR__06,Binned,bins_32,66,0.03731104820833353,0.0,True,qualifies,60,0.26480815651740514,10
HAR__06,Density,density_64,130,0.02131190338496558,0.0,True,qualifies,60,0.15125723125594942,11
HAR__06,Binned,bins_64,130,0.038806138703125104,0.0,True,qualifies,60,0.2754192804810579,12
HAR__06,Density,density_128,258,0.021193688898768825,0.0,True,qualifies,60,0.15041822614441724,13
HAR__06,Density,density_256,514,0.02136290545615893,0.0,True,qualifies,60,0.15161920887651556,14
HAR__07,Means,means,2,0.08299106120333333,96.66666666666667,True,qualifies,60,0.6036979799671217,1
HAR__07,Five-number,five_number,10,0.01916242597586204,83.33333333333334,True,qualifies,60,0.13939233557400005,2
HAR__07,Binned,bins_4,10,0.04004414724097366,83.33333333333334,True,qualifies,60,0.29129126014731355,3
HAR__07,Binned,bins_8,18,0.03510456762499997,70.0,True,qualifies,60,0.2553595080668821,4
HAR__07,Density,density_8,18,0.048176856151321945,70.0,True,qualifies,60,0.35045064273200904,5
HAR__07,Density,density_16,34,0.022201980115603093,43.333333333333336,True,qualifies,60,0.16150282154147766,6
HAR__07,Binned,bins_16,34,0.026819040724137932,43.333333333333336,True,qualifies,60,0.19508848874880697,7
HAR__07,Observations,raw,60,0.0,0.0,True,qualifies,60,0.0,8
HAR__07,Density,density_32,66,0.022175427356216137,0.0,True,qualifies,60,0.16130967005055763,9
HAR__07,Binned,bins_32,66,0.022388288291666614,0.0,True,qualifies,60,0.1628580743591918,10
HAR__07,Density,density_64,130,0.02206841032428375,0.0,True,qualifies,60,0.16053120107976845,11
HAR__07,Binned,bins_64,130,0.029281852291666743,0.0,True,qualifies,60,0.2130036033020968,12
HAR__07,Density,density_128,258,0.022144844520208262,0.0,True,qualifies,60,0.1610872027624917,13
HAR__07,Density,density_256,514,0.022168646959903393,0.0,True,qualifies,60,0.16126034773200876,14
HAR__08,Means,means,2,0.03964580389333333,96.66666666666667,True,qualifies,60,0.26178377939066416,1
HAR__08,Binned,bins_4,10,0.04920201849494363,83.33333333333334,True,qualifies,60,0.32488407575010975,2
HAR__08,Five-number,five_number,10,0.09113392679310339,83.33333333333334,True,qualifies,60,0.601763148776067,3
HAR__08,Binned,bins_8,18,0.03226678564655178,70.0,True,qualifies,60,0.21305964984514184,4
HAR__08,Density,density_8,18,0.04315583452529312,70.0,True,qualifies,60,0.28496073620262957,5
HAR__08,Binned,bins_16,34,0.02885989628124999,43.333333333333336,True,qualifies,60,0.19056374141523266,6
HAR__08,Density,density_16,34,0.0417023060038883,43.333333333333336,True,qualifies,60,0.2753629943884079,7
HAR__08,Observations,raw,60,0.0,0.0,True,qualifies,60,0.0,8
HAR__08,Binned,bins_32,66,0.022680751178879327,0.0,True,qualifies,60,0.14976245100240504,9
HAR__08,Density,density_32,66,0.03339436967546372,0.0,True,qualifies,60,0.22050515932360537,10
HAR__08,Binned,bins_64,130,0.022254673912500023,0.0,True,qualifies,60,0.1469490355548254,11
HAR__08,Density,density_64,130,0.03321034799131711,0.0,True,qualifies,60,0.21929005237066415,12
HAR__08,Density,density_128,258,0.033319749534851784,0.0,True,qualifies,60,0.22001243776142915,13
HAR__08,Density,density_256,514,0.033304026062054404,0.0,True,qualifies,60,0.2199086146646616,14
HAR__09,Means,means,2,0.0032787053333334093,96.66666666666667,True,qualifies,60,0.5934893728582249,1
HAR__09,Binned,bins_4,10,0.0025157559880205627,83.33333333333334,True,qualifies,60,0.4553853706873566,2
HAR__09,Five-number,five_number,10,0.0027839165517240527,83.33333333333334,True,qualifies,60,0.503926007492887,3
HAR__09,Binned,bins_8,18,0.000932424193965331,70.0,True,qualifies,60,0.1687812089998656,4
HAR__09,Density,density_8,18,0.003870196930583658,70.0,True,qualifies,60,0.7005572369733751,5
HAR__09,Density,density_16,34,0.0013522341160374651,43.333333333333336,True,qualifies,60,0.24477240126627808,6
HAR__09,Binned,bins_16,34,0.0019712024166667064,43.333333333333336,True,qualifies,60,0.3568139149774506,7
HAR__09,Observations,raw,60,0.0,0.0,True,qualifies,60,0.0,8
HAR__09,Density,density_32,66,0.0010840282106239219,0.0,True,qualifies,60,0.19622355700679014,9
HAR__09,Binned,bins_32,66,0.0019712024166667064,0.0,True,qualifies,60,0.3568139149774506,10
HAR__09,Density,density_64,130,0.0011581054047006267,0.0,True,qualifies,60,0.20963251663750604,11
HAR__09,Binned,bins_64,130,0.0019712024166667064,0.0,True,qualifies,60,0.3568139149774506,12
HAR__09,Density,density_128,258,0.0011558167376850559,0.0,True,qualifies,60,0.20921823739809312,13
HAR__09,Density,density_256,514,0.0011589757532527445,0.0,True,qualifies,60,0.20979006132781808,14
HAR__10,Means,means,2,0.0027709891666667374,96.66666666666667,True,qualifies,60,0.3400783701047479,1
HAR__10,Binned,bins_4,10,0.0036624374545455307,83.33333333333334,True,qualifies,60,0.44948416801306895,2
HAR__10,Five-number,five_number,10,0.006353490249999871,83.33333333333334,True,qualifies,60,0.7797520952763167,3
HAR__10,Binned,bins_8,18,0.0016392319827586155,70.0,True,qualifies,60,0.20117990630425653,4
HAR__10,Density,density_8,18,0.0034432113028469713,70.0,True,qualifies,60,0.42257894829917725,5
HAR__10,Density,density_16,34,0.0017548633291661897,43.333333333333336,True,qualifies,60,0.21537112736435488,6
HAR__10,Binned,bins_16,34,0.0018086535000000348,43.333333333333336,True,qualifies,60,0.22197269544151726,7
HAR__10,Observations,raw,60,0.0,0.0,True,qualifies,60,0.0,8
HAR__10,Density,density_32,66,0.0015691237850543605,0.0,True,qualifies,60,0.19257565700113685,9
HAR__10,Binned,bins_32,66,0.0018086535000000348,0.0,True,qualifies,60,0.22197269544151726,10
HAR__10,Binned,bins_64,130,0.0013230903750000023,0.0,True,qualifies,60,0.16238043210126912,11
HAR__10,Density,density_64,130,0.0015569536358593927,0.0,True,qualifies,60,0.19108203712273983,12
HAR__10,Density,density_128,258,0.001546765986246701,0.0,True,qualifies,60,0.18983172574759644,13
HAR__10,Density,density_256,514,0.0015460465632080034,0.0,True,qualifies,60,0.18974343229002572,14
HAR__11,Means,means,2,0.004298354166666463,96.66666666666667,True,qualifies,60,0.3213240370989598,1
HAR__11,Binned,bins_4,10,0.004177509019963721,83.33333333333334,True,qualifies,60,0.31229024209354367,2
HAR__11,Five-number,five_number,10,0.009063932249999906,83.33333333333334,True,qualifies,60,0.6775754601953033,3
HAR__11,Binned,bins_8,18,0.0023745387500000437,70.0,True,qualifies,60,0.17750895989793797,4
HAR__11,Density,density_8,18,0.004340262829144348,70.0,True,qualifies,60,0.3244569247333111,5
HAR__11,Binned,bins_16,34,0.0015906174076354418,43.333333333333336,True,qualifies,60,0.11890681574470684,6
HAR__11,Density,density_16,34,0.002879879910779315,43.333333333333336,True,qualifies,60,0.2152858055457689,7
HAR__11,Observations,raw,60,0.0,0.0,True,qualifies,60,0.0,8
HAR__11,Binned,bins_32,66,0.0020942153333333158,0.0,True,qualifies,60,0.1565533456223039,9
HAR__11,Density,density_32,66,0.002506528750371273,0.0,True,qualifies,60,0.18737588992080026,10
HAR__11,Density,density_64,130,0.002408064614328964,0.0,True,qualifies,60,0.18001519034235836,11
HAR__11,Binned,bins_64,130,0.0029536609583332707,0.0,True,qualifies,60,0.22080131756320082,12
HAR__11,Density,density_128,258,0.00240219593163582,0.0,True,qualifies,60,0.17957647618752257,13
HAR__11,Density,density_256,514,0.0024030817701944374,0.0,True,qualifies,60,0.1796426971667244,14
HAR__12,Binned,bins_4,10,0.020686584288401255,83.33333333333334,True,qualifies,60,0.6720711742582263,1
HAR__12,Five-number,five_number,10,0.021369708274999996,83.33333333333334,True,qualifies,60,0.6942646854458028,2
HAR__12,Binned,bins_8,18,0.009354652637931046,70.0,True,qualifies,60,0.3039164076341584,3
HAR__12,Density,density_8,18,0.027554893498895193,70.0,True,qualifies,60,0.8952106047176758,4
HAR__12,Binned,bins_16,34,0.00507571340344827,43.333333333333336,True,qualifies,60,0.16490110787242646,5
HAR__12,Density,density_16,34,0.010530911161352033,43.333333333333336,True,qualifies,60,0.34213100295089377,6
HAR__12,Observations,raw,60,0.0,0.0,True,qualifies,60,0.0,7
HAR__12,Binned,bins_32,66,0.004519700687499989,0.0,True,qualifies,60,0.14683722097354457,8
HAR__12,Density,density_32,66,0.009560980052546353,0.0,True,qualifies,60,0.31061962677797433,9
HAR__12,Binned,bins_64,130,0.005208803144021723,0.0,True,qualifies,60,0.1692249622594977,10
HAR__12,Density,density_64,130,0.01318015341671161,0.0,True,qualifies,60,0.42820027995823023,11
HAR__12,Density,density_128,258,0.013927418004687928,0.0,True,qualifies,60,0.45247760782063723,12
HAR__12,Density,density_256,514,0.015165046633897603,0.0,True,qualifies,60,0.49268601122510414,13
HAR__12,Means,means,2,0.036000064250000005,0.0,False,does_not_qualify,60,1.1695795263520015,14
HAR__13,Five-number,five_number,10,0.010458366699999992,83.33333333333334,True,qualifies,60,0.33380957945701795,1
HAR__13,Binned,bins_4,10,0.01744055305172415,83.33333333333334,True,qualifies,60,0.5566666236415151,2
HAR__13,Binned,bins_8,18,0.00652794857974138,70.0,True,qualifies,60,0.20835870768621162,3
HAR__13,Density,density_8,18,0.02563910645427764,70.0,True,qualifies,60,0.8183476051911759,4
HAR__13,Binned,bins_16,34,0.00892088243491379,43.333333333333336,True,qualifies,60,0.2847362403140897,5
HAR__13,Density,density_16,34,0.009406696178228834,43.333333333333336,True,qualifies,60,0.3002424169478115,6
HAR__13,Observations,raw,60,0.0,0.0,True,qualifies,60,0.0,7
HAR__13,Binned,bins_32,66,0.008349512970625,0.0,True,qualifies,60,0.26649930083205536,8
HAR__13,Density,density_32,66,0.012248700411103399,0.0,True,qualifies,60,0.390953353464402,9
HAR__13,Density,density_64,130,0.00893661776257533,0.0,True,qualifies,60,0.2852384796464815,10
HAR__13,Binned,bins_64,130,0.0100053310065625,0.0,True,qualifies,60,0.3193496108363549,11
HAR__13,Density,density_128,258,0.010719004212649257,0.0,True,qualifies,60,0.34212859340861085,12
HAR__13,Density,density_256,514,0.011109844835951073,0.0,True,qualifies,60,0.3546034231637291,13
HAR__13,Means,means,2,0.052966835374500004,0.0,False,does_not_qualify,60,1.690592570399254,14
HAR__14,Five-number,five_number,10,0.02288657118965519,83.33333333333334,True,qualifies,60,0.5191277239216865,1
HAR__14,Binned,bins_4,10,0.025379557546249987,83.33333333333334,True,qualifies,60,0.5756752216810647,2
HAR__14,Binned,bins_8,18,0.011376347124375,70.0,True,qualifies,60,0.2580455211171715,3
HAR__14,Density,density_8,18,0.029995659692637372,70.0,True,qualifies,60,0.680380578406901,4
HAR__14,Binned,bins_16,34,0.013447159345277786,43.333333333333336,True,qualifies,60,0.30501699735964105,5
HAR__14,Density,density_16,34,0.014570411207127206,43.333333333333336,True,qualifies,60,0.3304953085317512,6
HAR__14,Observations,raw,60,0.0,0.0,True,qualifies,60,0.0,7
HAR__14,Density,density_32,66,0.00937550688333123,0.0,True,qualifies,60,0.21266119370278525,8
HAR__14,Binned,bins_32,66,0.020813123758472225,0.0,True,qualifies,60,0.472096474168215,9
HAR__14,Density,density_64,130,0.011196450338006349,0.0,True,qualifies,60,0.2539649881061543,10
HAR__14,Binned,bins_64,130,0.024279459952916672,0.0,True,qualifies,60,0.5507221103134263,11
HAR__14,Density,density_128,258,0.0130353312274636,0.0,True,qualifies,60,0.29567565078237545,12
HAR__14,Density,density_256,514,0.013726573747161748,0.0,True,qualifies,60,0.3113548520465207,13
HAR__14,Means,means,2,0.05364788997383332,0.0,False,does_not_qualify,60,1.216875467475246,14
HAR__15,Five-number,five_number,10,0.10240470862068973,83.33333333333334,True,qualifies,60,0.5663957285029396,1
HAR__15,Binned,bins_8,18,0.10864097967241382,70.0,True,qualifies,60,0.6008882565620391,2
HAR__15,Binned,bins_16,34,0.05617251746767238,43.333333333333336,True,qualifies,60,0.31068760784031324,3
HAR__15,Density,density_16,34,0.07882758507813437,43.333333333333336,True,qualifies,60,0.43599174371789395,4
HAR__15,Observations,raw,60,0.0,0.0,True,qualifies,60,0.0,5
HAR__15,Binned,bins_32,66,0.028943650937500065,0.0,True,qualifies,60,0.16008600072290038,6
HAR__15,Density,density_32,66,0.04183741619011083,0.0,True,qualifies,60,0.2314008226853241,7
HAR__15,Binned,bins_64,130,0.04438143005352013,0.0,True,qualifies,60,0.2454716462333359,8
HAR__15,Density,density_64,130,0.057368330034122894,0.0,True,qualifies,60,0.3173015920882101,9
HAR__15,Density,density_128,258,0.05752132494709705,0.0,True,qualifies,60,0.3181477999077374,10
HAR__15,Density,density_256,514,0.06380457848262566,0.0,True,qualifies,60,0.35290018592161043,11
HAR__15,Density,density_8,18,0.19613387420570128,0.0,False,does_not_qualify,60,1.0848074279115494,12
HAR__15,Binned,bins_4,10,0.21372226291666663,0.0,False,does_not_qualify,60,1.1820879960740898,13
HAR__15,Means,means,2,0.24492183583333316,0.0,False,does_not_qualify,60,1.3546513973974703,14
HAR__16,Five-number,five_number,10,0.06358325840517243,83.33333333333334,True,qualifies,60,0.34813911341857856,1
HAR__16,Binned,bins_8,18,0.11937424813423647,70.0,True,qualifies,60,0.653613009978767,2
HAR__16,Binned,bins_16,34,0.05968261600431035,43.333333333333336,True,qualifies,60,0.32678182187265536,3
HAR__16,Density,density_16,34,0.07420700630304333,43.333333333333336,True,qualifies,60,0.40630760410490036,4
HAR__16,Observations,raw,60,0.0,0.0,True,qualifies,60,0.0,5
HAR__16,Binned,bins_32,66,0.06139799206249985,0.0,True,qualifies,60,0.3361740662315725,6
HAR__16,Density,density_32,66,0.06251904511941242,0.0,True,qualifies,60,0.3423121979838291,7
HAR__16,Density,density_64,130,0.06286588899547618,0.0,True,qualifies,60,0.34421128152462604,8
HAR__16,Binned,bins_64,130,0.08449342024999984,0.0,True,qualifies,60,0.46262908119766005,9
HAR__16,Density,density_128,258,0.05442383464503464,0.0,True,qualifies,60,0.2979882758040654,10
HAR__16,Density,density_256,514,0.05641749408503238,0.0,True,qualifies,60,0.308904212597939,11
HAR__16,Density,density_8,18,0.22244952513430927,0.0,False,does_not_qualify,60,1.217983827867845,12
HAR__16,Binned,bins_4,10,0.2367147049642856,0.0,False,does_not_qualify,60,1.2960903480955115,13
HAR__16,Means,means,2,0.266030300583333,0.0,False,does_not_qualify,60,1.4566028119758225,14
HAR__17,Five-number,five_number,10,0.12239982906896552,83.33333333333334,True,qualifies,60,0.5470707430989621,1
HAR__17,Binned,bins_4,10,0.2090912766293106,83.33333333333334,True,qualifies,60,0.9345415018239647,2
HAR__17,Binned,bins_8,18,0.0976127317708333,70.0,True,qualifies,60,0.43628385849869855,3
HAR__17,Binned,bins_16,34,0.04810198811874988,43.333333333333336,True,qualifies,60,0.21499368573329294,4
HAR__17,Density,density_16,34,0.07768446951409258,43.333333333333336,True,qualifies,60,0.34721372396996997,5
HAR__17,Observations,raw,60,0.0,0.0,True,qualifies,60,0.0,6
HAR__17,Density,density_32,66,0.05482658847819888,0.0,True,qualifies,60,0.24504954564478423,7
HAR__17,Binned,bins_32,66,0.07523733177812497,0.0,True,qualifies,60,0.3362761477505865,8
HAR__17,Density,density_64,130,0.06084223894997853,0.0,True,qualifies,60,0.2719367267695702,9
HAR__17,Binned,bins_64,130,0.0878358841914062,0.0,True,qualifies,60,0.3925858622586154,10
HAR__17,Density,density_128,258,0.0597283231514425,0.0,True,qualifies,60,0.2669580372706541,11
HAR__17,Density,density_256,514,0.06600522520766983,0.0,True,qualifies,60,0.2950128923989637,12
HAR__17,Means,means,2,0.30614978444999996,0.0,False,does_not_qualify,60,1.3683482350639535,13
HAR__17,Density,density_8,18,,,False,numerically_unavailable,60,,14
HAR__18,Means,means,2,0.013086913731666662,96.66666666666667,True,qualifies,60,0.5195655409592828,1
HAR__18,Binned,bins_4,10,0.005896544236250006,83.33333333333334,True,qualifies,60,0.23409959435160196,2
HAR__18,Five-number,five_number,10,0.01741079246499999,83.33333333333334,True,qualifies,60,0.6912285043736954,3
HAR__18,Binned,bins_8,18,0.004125805261681031,70.0,True,qualifies,60,0.16379921856525922,4
HAR__18,Density,density_8,18,0.010474767904301177,70.0,True,qualifies,60,0.4158603444792537,5
HAR__18,Density,density_16,34,0.0026383141954291756,43.333333333333336,True,qualifies,60,0.10474411081749688,6
HAR__18,Binned,bins_16,34,0.0039188802690624976,43.333333333333336,True,qualifies,60,0.1555840581437691,7
HAR__18,Observations,raw,60,0.0,0.0,True,qualifies,60,0.0,8
HAR__18,Density,density_32,66,0.0031032812188037107,0.0,True,qualifies,60,0.12320383692108232,9
HAR__18,Binned,bins_32,66,0.003750096514341515,0.0,True,qualifies,60,0.14888314877546244,10
HAR__18,Density,density_64,130,0.0036257269612618367,0.0,True,qualifies,60,0.1439455343424774,11
HAR__18,Binned,bins_64,130,0.0044991368459435035,0.0,True,qualifies,60,0.17862091224427876,12
HAR__18,Density,density_128,258,0.00426590435337738,0.0,True,qualifies,60,0.1693613137893597,13
HAR__18,Density,density_256,514,0.004315325999238423,0.0,True,qualifies,60,0.1713234100248348,14
HAR__19,Five-number,five_number,10,0.007793516172413785,83.33333333333334,True,qualifies,60,0.5155807707575351,1
HAR__19,Binned,bins_4,10,0.00981955748902822,83.33333333333334,True,qualifies,60,0.6496137182099498,2
HAR__19,Binned,bins_8,18,0.003363894263649428,70.0,True,qualifies,60,0.2225387307641991,3
HAR__19,Density,density_8,18,0.00954547375300785,70.0,True,qualifies,60,0.6314816837413897,4
HAR__19,Density,density_16,34,0.00406466884190923,43.333333333333336,True,qualifies,60,0.26889853668406966,5
HAR__19,Binned,bins_16,34,0.006084858447727243,43.333333333333336,True,qualifies,60,0.40254436367687096,6
HAR__19,Observations,raw,60,0.0,0.0,True,qualifies,60,0.0,7
HAR__19,Density,density_32,66,0.00428215567772075,0.0,True,qualifies,60,0.2832863980750844,8
HAR__19,Binned,bins_32,66,0.008576105987499978,0.0,True,qualifies,60,0.5673530711060399,9
HAR__19,Density,density_64,130,0.00505257852273068,0.0,True,qualifies,60,0.3342537914123087,10
HAR__19,Binned,bins_64,130,0.008776865862499976,0.0,True,qualifies,60,0.5806343588842146,11
HAR__19,Density,density_128,258,0.005261066896369633,0.0,True,qualifies,60,0.3480463587204053,12
HAR__19,Density,density_256,514,0.005321018343074815,0.0,True,qualifies,60,0.3520124521263184,13
HAR__19,Means,means,2,0.01804465540833332,0.0,False,does_not_qualify,60,1.1937458186605867,14
HAR__20,Five-number,five_number,10,0.00385902460344828,83.33333333333334,True,qualifies,60,0.46692781346241186,1
HAR__20,Binned,bins_4,10,0.005741603406079862,83.33333333333334,True,qualifies,60,0.6947129390607257,2
HAR__20,Binned,bins_8,18,0.002551921437091653,70.0,True,qualifies,60,0.30877312771842014,3
HAR__20,Density,density_8,18,0.006897948581964269,70.0,True,qualifies,60,0.8346264612759128,4
HAR__20,Binned,bins_16,34,0.0017045102651041533,43.333333333333336,True,qualifies,60,0.2062394861121504,5
HAR__20,Density,density_16,34,0.0021154855054139193,43.333333333333336,True,qualifies,60,0.2559659818109748,6
HAR__20,Observations,raw,60,0.0,0.0,True,qualifies,60,0.0,7
HAR__20,Binned,bins_32,66,0.00176536532265624,0.0,True,qualifies,60,0.21360272472315447,8
HAR__20,Density,density_32,66,0.0020493416523330032,0.0,True,qualifies,60,0.2479628183521427,9
HAR__20,Binned,bins_64,130,0.0020145969203125003,0.0,True,qualifies,60,0.24375883329924244,10
HAR__20,Density,density_64,130,0.0023259206660291715,0.0,True,qualifies,60,0.28142786389741997,11
HAR__20,Density,density_128,258,0.0023504006308274483,0.0,True,qualifies,60,0.2843898497906124,12
HAR__20,Density,density_256,514,0.002389570950447159,0.0,True,qualifies,60,0.28912931470003855,13
HAR__20,Means,means,2,0.008875416466666647,0.0,False,does_not_qualify,60,1.0738928175388827,14
HAR__21,Five-number,five_number,10,0.10751425831034489,83.33333333333334,True,qualifies,60,0.530175154107815,1
HAR__21,Binned,bins_4,10,0.19101316675000024,83.33333333333334,True,qualifies,60,0.9419256265153346,2
HAR__21,Binned,bins_8,18,0.12019336218750021,70.0,True,qualifies,60,0.592698450623669,3
HAR__21,Density,density_8,18,0.16152104586495153,70.0,True,qualifies,60,0.7964938486197648,4
HAR__21,Binned,bins_16,34,0.04918926026041648,43.333333333333336,True,qualifies,60,0.24256246612182084,5
HAR__21,Density,density_16,34,0.05349935766384628,43.333333333333336,True,qualifies,60,0.2638164522534744,6
HAR__21,Observations,raw,60,0.0,0.0,True,qualifies,60,0.0,7
HAR__21,Density,density_32,66,0.04038073203492021,0.0,True,qualifies,60,0.19912578262691943,8
HAR__21,Binned,bins_32,66,0.0665130098843747,0.0,True,qualifies,60,0.3279894761849458,9
HAR__21,Density,density_64,130,0.055949147616423,0.0,True,qualifies,60,0.27589687568801124,10
HAR__21,Binned,bins_64,130,0.07464024191796848,0.0,True,qualifies,60,0.36806654655307164,11
HAR__21,Density,density_128,258,0.059267262941732235,0.0,True,qualifies,60,0.2922591920132131,12
HAR__21,Density,density_256,514,0.06136561335494595,0.0,True,qualifies,60,0.30260659403394335,13
HAR__21,Means,means,2,0.2560898418166665,0.0,False,does_not_qualify,60,1.2628322371781013,14
HAR__22,Five-number,five_number,10,0.1251924633025,83.33333333333334,True,qualifies,60,0.4908231292104027,1
HAR__22,Binned,bins_4,10,0.25127112664000006,83.33333333333334,True,qualifies,60,0.9851206486741076,2
HAR__22,Binned,bins_8,18,0.12560445031149425,70.0,True,qualifies,60,0.4924383442769838,3
HAR__22,Binned,bins_16,34,0.06737635530431041,43.333333333333336,True,qualifies,60,0.2641522714138749,4
HAR__22,Density,density_16,34,0.1258957189685802,43.333333333333336,True,qualifies,60,0.49358027718524844,5
HAR__22,Observations,raw,60,0.0,0.0,True,qualifies,60,0.0,6
HAR__22,Binned,bins_32,66,0.056932184452585965,0.0,True,qualifies,60,0.223205392630405,7
HAR__22,Density,density_32,66,0.07105191057383031,0.0,True,qualifies,60,0.27856246425920983,8
HAR__22,Binned,bins_64,130,0.07970086262847198,0.0,True,qualifies,60,0.31247110060892846,9
HAR__22,Density,density_64,130,0.08752723743062907,0.0,True,qualifies,60,0.343154782912442,10
HAR__22,Density,density_128,258,0.09592449948391579,0.0,True,qualifies,60,0.37607665639483445,11
HAR__22,Density,density_256,514,0.09657163418884263,0.0,True,qualifies,60,0.378613779417371,12
HAR__22,Density,density_8,18,0.32832090022588956,0.0,False,does_not_qualify,60,1.2871980260079245,13
HAR__22,Means,means,2,0.3740744707524999,0.0,False,does_not_qualify,60,1.4665771201324451,14
HAR__23,Five-number,five_number,10,0.08577797017241384,83.33333333333334,True,qualifies,60,0.5627641003275978,1
HAR__23,Binned,bins_8,18,0.07019790157343742,70.0,True,qualifies,60,0.46054784048230507,2
HAR__23,Binned,bins_16,34,0.03612214647187506,43.333333333333336,True,qualifies,60,0.23698680698886526,3
HAR__23,Density,density_16,34,0.039017018661797076,43.333333333333336,True,qualifies,60,0.25597921424973064,4
HAR__23,Observations,raw,60,0.0,0.0,True,qualifies,60,0.0,5
HAR__23,Binned,bins_32,66,0.0267578588179348,0.0,True,qualifies,60,0.17555046259663906,6
HAR__23,Density,density_32,66,0.03297330589188041,0.0,True,qualifies,60,0.21632818761941774,7
HAR__23,Binned,bins_64,130,0.025967040244485262,0.0,True,qualifies,60,0.17036213391370167,8
HAR__23,Density,density_64,130,0.03805621720568164,0.0,True,qualifies,60,0.24967567773613128,9
HAR__23,Density,density_128,258,0.044893004869525965,0.0,True,qualifies,60,0.29452983610617306,10
HAR__23,Density,density_256,514,0.04758468644708147,0.0,True,qualifies,60,0.3121891693629134,11
HAR__23,Density,density_8,18,0.1681557851761455,0.0,False,does_not_qualify,60,1.1032207799895917,12
HAR__23,Binned,bins_4,10,0.1800277093875,0.0,False,does_not_qualify,60,1.1811089922488855,13
HAR__23,Means,means,2,0.19542627525833345,0.0,False,does_not_qualify,60,1.2821344659365543,14
HAR__24,Five-number,five_number,10,0.026441566825,83.33333333333334,True,qualifies,60,0.6487693526808902,1
HAR__24,Binned,bins_4,10,0.029974816300000012,83.33333333333334,True,qualifies,60,0.7354610374031648,2
HAR__24,Binned,bins_8,18,0.013325199915517227,70.0,True,qualifies,60,0.3269466359822482,3
HAR__24,Binned,bins_16,34,0.006535694374999998,43.333333333333336,True,qualifies,60,0.16035956708056706,4
HAR__24,Density,density_16,34,0.014206161883584104,43.333333333333336,True,qualifies,60,0.348561887814407,5
HAR__24,Observations,raw,60,0.0,0.0,True,qualifies,60,0.0,6
HAR__24,Density,density_32,66,0.009916051767816236,0.0,True,qualifies,60,0.24329989705730448,7
HAR__24,Binned,bins_32,66,0.011019441299999988,0.0,True,qualifies,60,0.2703726237715514,8
HAR__24,Binned,bins_64,130,0.010859307481249997,0.0,True,qualifies,60,0.2664435860325879,9
HAR__24,Density,density_64,130,0.012237261198300306,0.0,True,qualifies,60,0.3002530099200453,10
HAR__24,Density,density_128,258,0.013818351359487023,0.0,True,qualifies,60,0.3390465824489391,11
HAR__24,Density,density_256,514,0.014848663700744849,0.0,True,qualifies,60,0.3643262897794813,12
HAR__24,Means,means,2,0.04387814020000001,0.0,False,does_not_qualify,60,1.076592503114473,13
HAR__24,Density,density_8,18,,,False,numerically_unavailable,60,,14
HAR__25,Five-number,five_number,10,0.003098983965517249,83.33333333333334,True,qualifies,60,0.26126161767819456,1
HAR__25,Binned,bins_4,10,0.007655585698275867,83.33333333333334,True,qualifies,60,0.6454085358495125,2
HAR__25,Binned,bins_8,18,0.0031906704430418736,70.0,True,qualifies,60,0.2689912986652018,3
HAR__25,Density,density_8,18,0.007762068208110408,70.0,True,qualifies,60,0.6543856048125535,4
HAR__25,Binned,bins_16,34,0.0017310621985552471,43.333333333333336,True,qualifies,60,0.14593818984817805,5
HAR__25,Density,density_16,34,0.005644974609353343,43.333333333333336,True,qualifies,60,0.47590281673039525,6
HAR__25,Observations,raw,60,0.0,0.0,True,qualifies,60,0.0,7
HAR__25,Binned,bins_32,66,0.0016241827932692299,0.0,True,qualifies,60,0.1369276603868397,8
HAR__25,Density,density_32,66,0.002531111427651986,0.0,True,qualifies,60,0.21338679821202244,9
HAR__25,Binned,bins_64,130,0.0019854304354166713,0.0,True,qualifies,60,0.1673828497069694,10
HAR__25,Density,density_64,130,0.004360897106089799,0.0,True,qualifies,60,0.3676479275603521,11
HAR__25,Density,density_128,258,0.004255782487697403,0.0,True,qualifies,60,0.3587861794685901,12
HAR__25,Density,density_256,514,0.004391634092927841,0.0,True,qualifies,60,0.3702392268356034,13
HAR__25,Means,means,2,0.0188637107,0.0,False,does_not_qualify,60,1.5903159318453843,14
HAR__26,Means,means,2,0.030459586491666663,96.66666666666667,True,qualifies,60,0.7772158477551443,1
HAR__26,Binned,bins_4,10,0.011996548250000003,83.33333333333334,True,qualifies,60,0.3061074851035861,2
HAR__26,Five-number,five_number,10,0.025690305475000008,83.33333333333334,True,qualifies,60,0.6555214580573324,3
HAR__26,Binned,bins_8,18,0.009871275020833348,70.0,True,qualifies,60,0.2518783827167239,4
HAR__26,Density,density_8,18,0.0187628615314958,70.0,True,qualifies,60,0.4787587426869223,5
HAR__26,Binned,bins_16,34,0.0035167162494612117,43.333333333333336,True,qualifies,60,0.08973357540119815,6
HAR__26,Density,density_16,34,0.008434802157230338,43.333333333333336,True,qualifies,60,0.21522491485799516,7
HAR__26,Observations,raw,60,0.0,0.0,True,qualifies,60,0.0,8
HAR__26,Binned,bins_32,66,0.0034100315500000047,0.0,True,qualifies,60,0.08701137695123135,9
HAR__26,Density,density_32,66,0.008500932902866243,0.0,True,qualifies,60,0.21691232658783435,10
HAR__26,Binned,bins_64,130,0.0027998792656249924,0.0,True,qualifies,60,0.07144255020139995,11
HAR__26,Density,density_64,130,0.011808255587113833,0.0,True,qualifies,60,0.3013029536418348,12
HAR__26,Density,density_128,258,0.011024210212342227,0.0,True,qualifies,60,0.28129701919494626,13
HAR__26,Density,density_256,514,0.01184677210017137,0.0,True,qualifies,60,0.3022857524187248,14
HAR__27,Means,means,2,0.1846357857166666,96.66666666666667,True,qualifies,60,0.6053368570333559,1
HAR__27,Binned,bins_4,10,0.2146413594269737,83.33333333333334,True,qualifies,60,0.7037115009994656,2
HAR__27,Five-number,five_number,10,0.22357914844999993,83.33333333333334,True,qualifies,60,0.7330144505605459,3
HAR__27,Binned,bins_8,18,0.12175014413074703,70.0,True,qualifies,60,0.3991634086826527,4
HAR__27,Density,density_8,18,0.15933934523093818,70.0,True,qualifies,60,0.5224013214418938,5
HAR__27,Binned,bins_16,34,0.06981503881465512,43.333333333333336,True,qualifies,60,0.22889179367740642,6
HAR__27,Density,density_16,34,0.09747307957164475,43.333333333333336,True,qualifies,60,0.31956994362840624,7
HAR__27,Observations,raw,60,0.0,0.0,True,qualifies,60,0.0,8
HAR__27,Binned,bins_32,66,0.03669794311458352,0.0,True,qualifies,60,0.12031588274366475,9
HAR__27,Density,density_32,66,0.0664592561673617,0.0,True,qualifies,60,0.21788970698703466,10
HAR__27,Binned,bins_64,130,0.04625599999679497,0.0,True,qualifies,60,0.15165240881289924,11
HAR__27,Density,density_64,130,0.07782216600783654,0.0,True,qualifies,60,0.2551435259197397,12
HAR__27,Density,density_128,258,0.08780390471749,0.0,True,qualifies,60,0.2878691122126486,13
HAR__27,Density,density_256,514,0.08914084622661655,0.0,True,qualifies,60,0.29225233601745326,14
HAR__28,Means,means,2,0.3670997149999997,96.66666666666667,True,qualifies,60,0.8173976625570518,1
HAR__28,Binned,bins_4,10,0.24410629258620709,83.33333333333334,True,qualifies,60,0.5435360062195461,2
HAR__28,Five-number,five_number,10,0.271988479,83.33333333333334,True,qualifies,60,0.605619503074384,3
HAR__28,Binned,bins_8,18,0.10665698666666668,70.0,True,qualifies,60,0.23748635053206743,4
HAR__28,Binned,bins_16,34,0.056889165431034616,43.333333333333336,True,qualifies,60,0.12667149809187178,5
HAR__28,Density,density_16,34,0.07799078653880365,43.333333333333336,True,qualifies,60,0.17365714004382743,6
HAR__28,Observations,raw,60,0.0,0.0,True,qualifies,60,0.0,7
HAR__28,Binned,bins_32,66,0.04937651733333326,0.0,True,qualifies,60,0.1099435608482409,8
HAR__28,Density,density_32,66,0.06046914357394639,0.0,True,qualifies,60,0.13464280846464452,9
HAR__28,Binned,bins_64,130,0.054850566534482614,0.0,True,qualifies,60,0.12213227916893418,10
HAR__28,Density,density_64,130,0.06555119573357115,0.0,True,qualifies,60,0.14595869182421156,11
HAR__28,Density,density_128,258,0.08220516890179586,0.0,True,qualifies,60,0.18304103807445243,12
HAR__28,Density,density_256,514,0.08465319087066259,0.0,True,qualifies,60,0.18849189339652747,13
HAR__28,Density,density_8,18,,,False,numerically_unavailable,60,,14
HAR__29,Five-number,five_number,10,0.026304752413793153,83.33333333333334,True,qualifies,60,0.16352003365413295,1
HAR__29,Binned,bins_8,18,0.08804138168103459,70.0,True,qualifies,60,0.5472976695986761,2
HAR__29,Binned,bins_16,34,0.03147951628125001,43.333333333333336,True,qualifies,60,0.19568827262660984,3
HAR__29,Density,density_16,34,0.059340845212342064,43.333333333333336,True,qualifies,60,0.3688845594721807,4
HAR__29,Observations,raw,60,0.0,0.0,True,qualifies,60,0.0,5
HAR__29,Density,density_32,66,0.03457833748792405,0.0,True,qualifies,60,0.21495168708618775,6
HAR__29,Binned,bins_32,66,0.04525435768749997,0.0,True,qualifies,60,0.28131776249587154,7
HAR__29,Density,density_64,130,0.03288815253123045,0.0,True,qualifies,60,0.2044448746040705,8
HAR__29,Binned,bins_64,130,0.05214979547916665,0.0,True,qualifies,60,0.3241823446069762,9
HAR__29,Density,density_128,258,0.03518123875204571,0.0,True,qualifies,60,0.2186995434981568,10
HAR__29,Density,density_256,514,0.03656345514428594,0.0,True,qualifies,60,0.22729190990484083,11
HAR__29,Density,density_8,18,0.18800447416737276,0.0,False,does_not_qualify,60,1.1687050864183857,12
HAR__29,Binned,bins_4,10,0.19198246366379323,0.0,False,does_not_qualify,60,1.1934337349187751,13
HAR__29,Means,means,2,0.23240538500000008,0.0,False,does_not_qualify,60,1.444717508790333,14
HAR__30,Five-number,five_number,10,0.06527286075000016,83.33333333333334,True,qualifies,60,0.49124475472854934,1
HAR__30,Binned,bins_16,34,0.039643510476185306,43.333333333333336,True,qualifies,60,0.2983577915336318,2
HAR__30,Density,density_16,34,0.08936669342712866,43.333333333333336,True,qualifies,60,0.6725753841501603,3
HAR__30,Observations,raw,60,0.0,0.0,True,qualifies,60,0.0,4
HAR__30,Density,density_32,66,0.030205631106841935,0.0,True,qualifies,60,0.22732813720749276,5
HAR__30,Binned,bins_32,66,0.061695233723707,0.0,True,qualifies,60,0.46431946769734456,6
HAR__30,Density,density_64,130,0.04497271499432731,0.0,True,qualifies,60,0.3384654830968967,7
HAR__30,Binned,bins_64,130,0.06325135434296891,0.0,True,qualifies,60,0.4760308601988193,8
HAR__30,Density,density_128,258,0.047179998476044704,0.0,True,qualifies,60,0.3550775393195533,9
HAR__30,Density,density_256,514,0.049439456691137806,0.0,True,qualifies,60,0.3720822635485709,10
HAR__30,Density,density_8,18,0.13443695541595058,0.0,False,does_not_qualify,60,1.0117750077280228,11
HAR__30,Binned,bins_8,18,0.1367653268976292,0.0,False,does_not_qualify,60,1.029298374473277,12
HAR__30,Means,means,2,0.19457721549166662,0.0,False,does_not_qualify,60,1.464391715050847,13
HAR__30,Binned,bins_4,10,0.22061061884046063,0.0,False,does_not_qualify,60,1.660319589145559,14
HAR__31,Five-number,five_number,10,0.04321412293103455,83.33333333333334,True,qualifies,60,0.4167970400900536,1
HAR__31,Binned,bins_8,18,0.06091060341594823,70.0,True,qualifies,60,0.5874782939452927,2
HAR__31,Binned,bins_16,34,0.028585258412356263,43.333333333333336,True,qualifies,60,0.2757027168061089,3
HAR__31,Density,density_16,34,0.05371144690697749,43.333333333333336,True,qualifies,60,0.5180429584446119,4
HAR__31,Observations,raw,60,0.0,0.0,True,qualifies,60,0.0,5
HAR__31,Density,density_32,66,0.030327808215430907,0.0,True,qualifies,60,0.2925094816058968,6
HAR__31,Binned,bins_32,66,0.03905068316145843,0.0,True,qualifies,60,0.3766409694618953,7
HAR__31,Binned,bins_64,130,0.038481851240885545,0.0,True,qualifies,60,0.3711546273884512,8
HAR__31,Density,density_64,130,0.041739807612127144,0.0,True,qualifies,60,0.40257737717891007,9
HAR__31,Density,density_128,258,0.04190324883087493,0.0,True,qualifies,60,0.4041537557232925,10
HAR__31,Density,density_256,514,0.04448404299927666,0.0,True,qualifies,60,0.4290453258284679,11
HAR__31,Density,density_8,18,0.1411003073567073,0.0,False,does_not_qualify,60,1.3609020957321671,12
HAR__31,Binned,bins_4,10,0.15600360862068974,0.0,False,does_not_qualify,60,1.5046433412576499,13
HAR__31,Means,means,2,0.16234261066666678,0.0,False,does_not_qualify,60,1.5657825501710072,14
HAR__32,Five-number,five_number,10,0.06527286075000016,83.33333333333334,True,qualifies,60,0.4743061199457819,1
HAR__32,Density,density_8,18,0.13443695541595058,70.0,True,qualifies,60,0.9768879434423048,2
HAR__32,Binned,bins_8,18,0.1367653268976292,70.0,True,qualifies,60,0.9938070861086142,3
HAR__32,Binned,bins_16,34,0.039643510476185306,43.333333333333336,True,qualifies,60,0.28807010170745984,4
HAR__32,Density,density_16,34,0.08936669342712866,43.333333333333336,True,qualifies,60,0.6493842789295168,5
HAR__32,Observations,raw,60,0.0,0.0,True,qualifies,60,0.0,6
HAR__32,Density,density_32,66,0.030205631106841935,0.0,True,qualifies,60,0.219489624419438,7
HAR__32,Binned,bins_32,66,0.061695233723707,0.0,True,qualifies,60,0.4483092450737966,8
HAR__32,Density,density_64,130,0.04497271499432731,0.0,True,qualifies,60,0.3267948379662036,9
HAR__32,Binned,bins_64,130,0.06325135434296891,0.0,True,qualifies,60,0.45961681646884606,10
HAR__32,Density,density_128,258,0.047179998476044704,0.0,True,qualifies,60,0.3428340930533003,11
HAR__32,Density,density_256,514,0.049439456691137806,0.0,True,qualifies,60,0.35925247654173087,12
HAR__32,Means,means,2,0.19457721549166662,0.0,False,does_not_qualify,60,1.4138979516032084,13
HAR__32,Binned,bins_4,10,0.22061061884046063,0.0,False,does_not_qualify,60,1.603070026941579,14
HAR__33,Five-number,five_number,10,0.04321412293103455,83.33333333333334,True,qualifies,60,0.43383195268888597,1
HAR__33,Binned,bins_8,18,0.06091060341594823,70.0,True,qualifies,60,0.611489120387119,2
HAR__33,Binned,bins_16,34,0.028585258412356263,43.333333333333336,True,qualifies,60,0.2869709630562213,3
HAR__33,Density,density_16,34,0.05371144690697749,43.333333333333336,True,qualifies,60,0.5392158931603618,4
HAR__33,Observations,raw,60,0.0,0.0,True,qualifies,60,0.0,5
HAR__33,Density,density_32,66,0.030327808215430907,0.0,True,qualifies,60,0.30446463717132405,6
HAR__33,Binned,bins_32,66,0.03905068316145843,0.0,True,qualifies,60,0.3920346632235799,7
HAR__33,Binned,bins_64,130,0.038481851240885545,0.0,True,qualifies,60,0.38632408885307284,8
HAR__33,Density,density_64,130,0.041739807612127144,0.0,True,qualifies,60,0.4190311179085184,9
HAR__33,Density,density_128,258,0.04190324883087493,0.0,True,qualifies,60,0.420671924623313,10
HAR__33,Density,density_256,514,0.04448404299927666,0.0,True,qualifies,60,0.44658083813644006,11
HAR__33,Density,density_8,18,0.1411003073567073,0.0,False,does_not_qualify,60,1.4165235278118105,12
HAR__33,Binned,bins_4,10,0.15600360862068974,0.0,False,does_not_qualify,60,1.566139622049858,13
HAR__33,Means,means,2,0.16234261066666678,0.0,False,does_not_qualify,60,1.629777651684149,14
HAR__34,Five-number,five_number,10,0.1045152262500002,83.33333333333334,True,qualifies,60,0.5771921984504377,1
HAR__34,Binned,bins_4,10,0.1797402791810342,83.33333333333334,True,qualifies,60,0.9926274918301328,2
HAR__34,Binned,bins_8,18,0.09101922514008598,70.0,True,qualifies,60,0.5026596463006888,3
HAR__34,Density,density_8,18,0.14926743232256445,70.0,True,qualifies,60,0.8243391944942828,4
HAR__34,Binned,bins_16,34,0.04705834250718377,43.333333333333336,True,qualifies,60,0.2598827859032169,5
HAR__34,Density,density_16,34,0.0966389737288531,43.333333333333336,True,qualifies,60,0.5336950768218874,6
HAR__34,Observations,raw,60,0.0,0.0,True,qualifies,60,0.0,7
HAR__34,Binned,bins_32,66,0.05453198563958328,0.0,True,qualifies,60,0.3011564707508702,8
HAR__34,Density,density_32,66,0.07371450594200624,0.0,True,qualifies,60,0.4070931984645093,9
HAR__34,Density,density_64,130,0.06022138254942688,0.0,True,qualifies,60,0.3325765386976661,10
HAR__34,Binned,bins_64,130,0.06959857905104172,0.0,True,qualifies,60,0.3843627219961863,11
HAR__34,Density,density_128,258,0.06977537011308221,0.0,True,qualifies,60,0.38533906224274,12
HAR__34,Density,density_256,514,0.07382135574663318,0.0,True,qualifies,60,0.40768328352531286,13
HAR__34,Means,means,2,0.20921601956666647,0.0,False,does_not_qualify,60,1.1554092032091234,14
HAR__35,Five-number,five_number,10,0.0759689615000001,83.33333333333334,True,qualifies,60,0.5015552055074468,1
HAR__35,Binned,bins_8,18,0.09977636764778319,70.0,True,qualifies,60,0.6587342460956295,2
HAR__35,Binned,bins_16,34,0.057416446932471166,43.333333333333336,True,qualifies,60,0.3790695209216852,3
HAR__35,Density,density_16,34,0.06814201834456324,43.333333333333336,True,qualifies,60,0.4498808900329588,4
HAR__35,Observations,raw,60,0.0,0.0,True,qualifies,60,0.0,5
HAR__35,Binned,bins_32,66,0.0286937921874999,0.0,True,qualifies,60,0.1894394836158115,6
HAR__35,Density,density_32,66,0.05046429517964013,0.0,True,qualifies,60,0.33317067180933924,7
HAR__35,Binned,bins_64,130,0.02740434304803241,0.0,True,qualifies,60,0.18092640254470832,8
HAR__35,Density,density_64,130,0.0536604968081128,0.0,True,qualifies,60,0.35427233665981694,9
HAR__35,Density,density_128,258,0.07452939012524307,0.0,True,qualifies,60,0.49205100138970453,10
HAR__35,Density,density_256,514,0.07518689344900154,0.0,True,qualifies,60,0.4963919086254775,11
HAR__35,Binned,bins_4,10,0.19419487163992044,0.0,False,does_not_qualify,60,1.2820953035385698,12
HAR__35,Density,density_8,18,0.22134132092172276,0.0,False,does_not_qualify,60,1.4613190638677382,13
HAR__35,Means,means,2,0.22515496668000012,0.0,False,does_not_qualify,60,1.4864971608728605,14
HAR__36,Five-number,five_number,10,0.056105092155172676,83.33333333333334,True,qualifies,60,0.27724474812899047,1
HAR__36,Binned,bins_8,18,0.11792825964439657,70.0,True,qualifies,60,0.5827455117973025,2
HAR__36,Binned,bins_16,34,0.0646963484195403,43.333333333333336,True,qualifies,60,0.31969866073532804,3
HAR__36,Density,density_16,34,0.09447891046193724,43.333333333333336,True,qualifies,60,0.4668699529460851,4
HAR__36,Observations,raw,60,0.0,0.0,True,qualifies,60,0.0,5
HAR__36,Density,density_32,66,0.048112528874419525,0.0,True,qualifies,60,0.23774929221656083,6
HAR__36,Binned,bins_32,66,0.08261282222701138,0.0,True,qualifies,60,0.4082333743825992,7
HAR__36,Density,density_64,130,0.04734883667127199,0.0,True,qualifies,60,0.23397548765842693,8
HAR__36,Binned,bins_64,130,0.10010330734374995,0.0,True,qualifies,60,0.49466305401724836,9
HAR__36,Density,density_128,258,0.05370468855240962,0.0,True,qualifies,60,0.26538309232036333,10
HAR__36,Density,density_256,514,0.05491820092804078,0.0,True,qualifies,60,0.271379694767834,11
HAR__36,Density,density_8,18,0.21061303260067687,0.0,False,does_not_qualify,60,1.0407496883627179,12
HAR__36,Binned,bins_4,10,0.25937305232758623,0.0,False,does_not_qualify,60,1.2816985731905495,13
HAR__36,Means,means,2,0.2891284310125001,0.0,False,does_not_qualify,60,1.428735538144917,14
HAR__37,Five-number,five_number,10,0.17193084586206886,83.33333333333334,True,qualifies,60,0.790297511461122,1
HAR__37,Binned,bins_4,10,0.2164342771810347,83.33333333333334,True,qualifies,60,0.9948620318443666,2
HAR__37,Binned,bins_8,18,0.10520434253663813,70.0,True,qualifies,60,0.48358239433260075,3
HAR__37,Density,density_16,34,0.07117111486285621,43.333333333333336,True,qualifies,60,0.32714522331352025,4
HAR__37,Binned,bins_16,34,0.09323446179374983,43.333333333333336,True,qualifies,60,0.4285616276042145,5
HAR__37,Observations,raw,60,0.0,0.0,True,qualifies,60,0.0,6
HAR__37,Density,density_32,66,0.07894230862120022,0.0,True,qualifies,60,0.362866300921831,7
HAR__37,Binned,bins_32,66,0.11294687798906222,0.0,True,qualifies,60,0.5191717411410214,8
HAR__37,Density,density_64,130,0.08332384472999721,0.0,True,qualifies,60,0.3830064745235898,9
HAR__37,Binned,bins_64,130,0.117426972578906,0.0,True,qualifies,60,0.5397649487630232,10
HAR__37,Density,density_128,258,0.08603271526430567,0.0,True,qualifies,60,0.3954580717422285,11
HAR__37,Density,density_256,514,0.08747806447794226,0.0,True,qualifies,60,0.4021017654959699,12
HAR__37,Density,density_8,18,0.22750172204515107,0.0,False,does_not_qualify,60,1.045734660839406,13
HAR__37,Means,means,2,0.31448443564999984,0.0,False,does_not_qualify,60,1.4455594959780396,14
HAR__38,Means,means,2,0.23084481796,96.66666666666667,True,qualifies,60,0.9817503786475282,1
HAR__38,Five-number,five_number,10,0.13825340370999994,83.33333333333334,True,qualifies,60,0.5879721825296547,2
HAR__38,Binned,bins_4,10,0.18351136667767243,83.33333333333334,True,qualifies,60,0.7804479013825998,3
HAR__38,Binned,bins_8,18,0.10471793043028021,70.0,True,qualifies,60,0.44535055523285405,4
HAR__38,Density,density_8,18,0.15383235514987004,70.0,True,qualifies,60,0.6542272607687257,5
HAR__38,Binned,bins_16,34,0.06356786154540228,43.333333333333336,True,qualifies,60,0.27034512922367676,6
HAR__38,Density,density_16,34,0.0742171493109045,43.333333333333336,True,qualifies,60,0.31563504471105797,7
HAR__38,Observations,raw,60,0.0,0.0,True,qualifies,60,0.0,8
HAR__38,Binned,bins_32,66,0.028012487264687302,0.0,True,qualifies,60,0.11913314850208656,9
HAR__38,Density,density_32,66,0.03260655939301149,0.0,True,qualifies,60,0.13867108784754698,10
HAR__38,Binned,bins_64,130,0.04102076525161813,0.0,True,qualifies,60,0.17445551593523614,11
HAR__38,Density,density_64,130,0.05582657620392517,0.0,True,qualifies,60,0.2374225369715491,12
HAR__38,Density,density_128,258,0.057210555045317135,0.0,True,qualifies,60,0.24330840334526238,13
HAR__38,Density,density_256,514,0.058301717257238206,0.0,True,qualifies,60,0.2479489619862842,14
HAR__39,Five-number,five_number,10,0.26012737982758627,83.33333333333334,True,qualifies,60,0.7116247627656551,1
HAR__39,Binned,bins_4,10,0.2783731924655174,83.33333333333334,True,qualifies,60,0.7615394318733065,2
HAR__39,Binned,bins_8,18,0.15119861092672426,70.0,True,qualifies,60,0.413630720851232,3
HAR__39,Density,density_16,34,0.08991227645882993,43.333333333333336,True,qualifies,60,0.2459710409843963,4
HAR__39,Binned,bins_16,34,0.09640623093749978,43.333333333333336,True,qualifies,60,0.2637364096985908,5
HAR__39,Observations,raw,60,0.0,0.0,True,qualifies,60,0.0,6
HAR__39,Density,density_32,66,0.07258625727800194,0.0,True,qualifies,60,0.1985726306463456,7
HAR__39,Binned,bins_32,66,0.13112648803124982,0.0,True,qualifies,60,0.3587198548625673,8
HAR__39,Density,density_64,130,0.0939468502102434,0.0,True,qualifies,60,0.25700833583053334,9
HAR__39,Binned,bins_64,130,0.16717702317456895,0.0,True,qualifies,60,0.457342512484934,10
HAR__39,Density,density_128,258,0.0947541411877425,0.0,True,qualifies,60,0.25921682403629787,11
HAR__39,Density,density_256,514,0.1027334949300307,0.0,True,qualifies,60,0.28104576690898847,12
HAR__39,Means,means,2,0.38172321958333333,0.0,False,does_not_qualify,60,1.044271832354512,13
HAR__39,Density,density_8,18,,,False,numerically_unavailable,60,,14
BIDMC__00,Means,means,2,3.29640575400488,97.82608695652173,True,qualifies,92,0.573028972777864,1
BIDMC__00,Binned,bins_4,10,3.7564949698630272,89.13043478260869,True,qualifies,92,0.653008341345905,2
BIDMC__00,Five-number,five_number,10,3.9829563275473703,89.13043478260869,True,qualifies,92,0.6923751331949,3
BIDMC__00,Binned,bins_8,18,1.8949019331831778,80.43478260869566,True,qualifies,92,0.32939928798739065,4
BIDMC__00,Density,density_8,18,3.035561916104342,80.43478260869566,True,qualifies,92,0.5276853204359201,5
BIDMC__00,Binned,bins_16,34,2.0396470298423424,63.04347826086957,True,qualifies,92,0.3545609762754493,6
BIDMC__00,Density,density_16,34,2.8700798098708447,63.04347826086957,True,qualifies,92,0.4989188249179178,7
BIDMC__00,Binned,bins_32,66,2.0958617792580725,28.260869565217394,True,qualifies,92,0.36433303788331567,8
BIDMC__00,Density,density_32,66,2.6455980387322313,28.260869565217394,True,qualifies,92,0.45989615346230767,9
BIDMC__00,Observations,raw,92,0.0,0.0,True,qualifies,92,0.0,10
BIDMC__00,Binned,bins_64,130,2.421802654699931,0.0,True,qualifies,92,0.42099279975087417,11
BIDMC__00,Density,density_64,130,2.5476429183191414,0.0,True,qualifies,92,0.44286817626003216,12
BIDMC__00,Density,density_128,258,2.5626027943032312,0.0,True,qualifies,92,0.44546871848928665,13
BIDMC__00,Density,density_256,514,2.559180283382844,0.0,True,qualifies,92,0.4448737680907661,14
BIDMC__01,Means,means,2,1.5652173913043583,97.82608695652173,True,qualifies,92,0.3913043478260896,1
BIDMC__01,Five-number,five_number,10,2.6000000000000085,89.13043478260869,True,qualifies,92,0.6500000000000021,2
BIDMC__01,Binned,bins_4,10,2.6098765432098645,89.13043478260869,True,qualifies,92,0.6524691358024661,3
BIDMC__01,Density,density_8,18,1.7488924512888673,80.43478260869566,True,qualifies,92,0.4372231128222168,4
BIDMC__01,Binned,bins_8,18,2.2977777777777675,80.43478260869566,True,qualifies,92,0.5744444444444419,5
BIDMC__01,Density,density_16,34,1.6601266576084015,63.04347826086957,True,qualifies,92,0.4150316644021004,6
BIDMC__01,Binned,bins_16,34,2.3333333333333286,63.04347826086957,True,qualifies,92,0.5833333333333321,7
BIDMC__01,Density,density_32,66,1.7337462682875184,28.260869565217394,True,qualifies,92,0.4334365670718796,8
BIDMC__01,Binned,bins_32,66,1.7391304347826093,28.260869565217394,True,qualifies,92,0.43478260869565233,9
BIDMC__01,Observations,raw,92,0.0,0.0,True,qualifies,92,0.0,10
BIDMC__01,Density,density_64,130,1.7240960034760917,0.0,True,qualifies,92,0.4310240008690229,11
BIDMC__01,Binned,bins_64,130,1.7391304347826093,0.0,True,qualifies,92,0.43478260869565233,12
BIDMC__01,Density,density_128,258,1.7130726848318716,0.0,True,qualifies,92,0.4282681712079679,13
BIDMC__01,Density,density_256,514,1.7147091491305986,0.0,True,qualifies,92,0.42867728728264964,14
BIDMC__02,Means,means,2,2.5869565217391397,97.82608695652173,True,qualifies,92,0.22446477412053317,1
BIDMC__02,Binned,bins_4,10,3.5,89.13043478260869,True,qualifies,92,0.3036876355748379,2
BIDMC__02,Five-number,five_number,10,4.311111111111117,89.13043478260869,True,qualifies,92,0.3740660400096421,3
BIDMC__02,Binned,bins_8,18,1.9249999999999972,80.43478260869566,True,qualifies,92,0.1670281995661606,4
BIDMC__02,Density,density_8,18,2.0556003931539664,80.43478260869566,True,qualifies,92,0.17836012088103864,5
BIDMC__02,Density,density_16,34,2.1901806056619364,63.04347826086957,True,qualifies,92,0.19003736274723998,6
BIDMC__02,Binned,bins_16,34,3.0339673913043583,63.04347826086957,True,qualifies,92,0.26325096670753706,7
BIDMC__02,Density,density_32,66,2.1216381218782345,28.260869565217394,True,qualifies,92,0.18409007565104024,8
BIDMC__02,Binned,bins_32,66,2.138586956521735,28.260869565217394,True,qualifies,92,0.18556069037064982,9
BIDMC__02,Observations,raw,92,0.0,0.0,True,qualifies,92,0.0,10
BIDMC__02,Density,density_64,130,2.136823169398184,0.0,True,qualifies,92,0.18540765027316167,11
BIDMC__02,Binned,bins_64,130,2.138586956521735,0.0,True,qualifies,92,0.18556069037064982,12
BIDMC__02,Density,density_128,258,2.118454455189948,0.0,True,qualifies,92,0.18381383559131903,13
BIDMC__02,Density,density_256,514,2.12316150775672,0.0,True,qualifies,92,0.18422225663832748,14
BIDMC__03,Means,means,2,2.326086956521749,97.82608695652173,True,qualifies,92,0.5815217391304373,1
BIDMC__03,Five-number,five_number,10,2.4666666666666686,89.13043478260869,True,qualifies,92,0.6166666666666671,2
BIDMC__03,Binned,bins_4,10,3.0,89.13043478260869,True,qualifies,92,0.75,3
BIDMC__03,Density,density_8,18,2.494963320832511,80.43478260869566,True,qualifies,92,0.6237408302081278,4
BIDMC__03,Binned,bins_8,18,2.9343434343434467,80.43478260869566,True,qualifies,92,0.7335858585858617,5
BIDMC__03,Density,density_16,34,2.377825446698523,63.04347826086957,True,qualifies,92,0.5944563616746308,6
BIDMC__03,Binned,bins_16,34,2.7833333333333456,63.04347826086957,True,qualifies,92,0.6958333333333364,7
BIDMC__03,Binned,bins_32,66,2.1111111111111143,28.260869565217394,True,qualifies,92,0.5277777777777786,8
BIDMC__03,Density,density_32,66,2.157510189430184,28.260869565217394,True,qualifies,92,0.539377547357546,9
BIDMC__03,Observations,raw,92,0.0,0.0,True,qualifies,92,0.0,10
BIDMC__03,Binned,bins_64,130,2.0747282608695627,0.0,True,qualifies,92,0.5186820652173907,11
BIDMC__03,Density,density_64,130,2.1623746905797105,0.0,True,qualifies,92,0.5405936726449276,12
BIDMC__03,Density,density_128,258,2.1910437829366316,0.0,True,qualifies,92,0.5477609457341579,13
BIDMC__03,Density,density_256,514,2.19115923627011,0.0,True,qualifies,92,0.5477898090675275,14
BIDMC__04,Means,means,2,3.731045083945992,97.82608695652173,True,qualifies,92,0.792967052776044,1
BIDMC__04,Binned,bins_4,10,0.9706678161599231,89.13043478260869,True,qualifies,92,0.20629812293526145,2
BIDMC__04,Five-number,five_number,10,3.72755477541782,89.13043478260869,True,qualifies,92,0.7922252499822979,3
BIDMC__04,Density,density_8,18,1.747355140151793,80.43478260869566,True,qualifies,92,0.3713691538065841,4
BIDMC__04,Binned,bins_8,18,2.3361466674932254,80.43478260869566,True,qualifies,92,0.49650628606595926,5
BIDMC__04,Density,density_16,34,1.7448512663737255,63.04347826086957,True,qualifies,92,0.3708370001162251,6
BIDMC__04,Binned,bins_16,34,2.336146667493229,63.04347826086957,True,qualifies,92,0.49650628606596,7
BIDMC__04,Density,density_32,66,1.730312034704193,28.260869565217394,True,qualifies,92,0.36774694587479423,8
BIDMC__04,Binned,bins_32,66,2.4949286124383,28.260869565217394,True,qualifies,92,0.5302525550292871,9
BIDMC__04,Observations,raw,92,0.0,0.0,True,qualifies,92,0.0,10
BIDMC__04,Density,density_64,130,1.6823824409023453,0.0,True,qualifies,92,0.35756036600704094,11
BIDMC__04,Binned,bins_64,130,2.751343084017166,0.0,True,qualifies,92,0.5847488752940582,12
BIDMC__04,Density,density_128,258,1.6650792702208443,0.0,True,qualifies,92,0.35388288585060196,13
BIDMC__04,Density,density_256,514,1.6603632353090667,0.0,True,qualifies,92,0.3528805767868835,14
Wrist__00,Means,means,2,6.097638687811667,87.5,True,qualifies,16,0.4632920077243722,1
Wrist__00,Five-number,five_number,10,6.866632126397832,37.5,True,qualifies,16,0.5217192993908306,2
Wrist__00,Observations,raw,16,0.0,0.0,True,qualifies,16,0.0,3
Wrist__00,Density,density_8,18,7.177638334634807,0.0,True,qualifies,16,0.5453492154953813,4
Wrist__00,Binned,bins_8,18,8.91771261405097,0.0,True,qualifies,16,0.6775581815844448,5
Wrist__00,Density,density_16,34,6.055031620716022,0.0,True,qualifies,16,0.46005476874242907,6
Wrist__00,Binned,bins_16,34,10.708041543471296,0.0,True,qualifies,16,0.8135854417525676,7
Wrist__00,Density,density_32,66,5.997406160284783,0.0,True,qualifies,16,0.45567644844073674,8
Wrist__00,Binned,bins_32,66,10.708041543471268,0.0,True,qualifies,16,0.8135854417525654,9
Wrist__00,Density,density_64,130,6.066063115359498,0.0,True,qualifies,16,0.4608929298016916,10
Wrist__00,Binned,bins_64,130,10.708041543471296,0.0,True,qualifies,16,0.8135854417525676,11
Wrist__00,Density,density_128,258,6.090985289371304,0.0,True,qualifies,16,0.4627864896903523,12
Wrist__00,Density,density_256,514,6.0965379607789885,0.0,True,qualifies,16,0.46320837567219014,13
Wrist__00,Binned,bins_4,10,21.1677917272485,0.0,False,does_not_qualify,16,1.6083059739191963,14
Wrist__01,Means,means,2,6.197104640093983,87.5,True,qualifies,16,0.44475486138762865,1
Wrist__01,Binned,bins_4,10,7.393313881159926,37.5,True,qualifies,16,0.5306046099555044,2
Wrist__01,Five-number,five_number,10,7.547830296119059,37.5,True,qualifies,16,0.541693970343684,3
Wrist__01,Observations,raw,16,0.0,0.0,True,qualifies,16,0.0,4
Wrist__01,Binned,bins_8,18,7.393313881159926,0.0,True,qualifies,16,0.5306046099555044,5
Wrist__01,Density,density_8,18,7.463757460511715,0.0,True,qualifies,16,0.5356602167573573,6
Wrist__01,Density,density_16,34,6.4488203393785,0.0,True,qualifies,16,0.46282003656961135,7
Wrist__01,Binned,bins_16,34,10.64473321639133,0.0,True,qualifies,16,0.7639530266335174,8
Wrist__01,Density,density_32,66,6.412347527668459,0.0,True,qualifies,16,0.46020244960624673,9
Wrist__01,Binned,bins_32,66,10.64473321639133,0.0,True,qualifies,16,0.7639530266335174,10
Wrist__01,Density,density_64,130,6.487354200972845,0.0,True,qualifies,16,0.4655855413121395,11
Wrist__01,Binned,bins_64,130,10.64473321639133,0.0,True,qualifies,16,0.7639530266335174,12
Wrist__01,Density,density_128,258,6.5072315978706,0.0,True,qualifies,16,0.4670121057184933,13
Wrist__01,Density,density_256,514,6.512805952401806,0.0,True,qualifies,16,0.4674121669439907,14
Wrist__02,Means,means,2,6.913014906248833,87.5,True,qualifies,16,0.5526091177525242,1
Wrist__02,Five-number,five_number,10,6.493072805522061,37.5,True,qualifies,16,0.5190399967630706,2
Wrist__02,Observations,raw,16,0.0,0.0,True,qualifies,16,0.0,3
Wrist__02,Binned,bins_8,18,7.989688405303681,0.0,True,qualifies,16,0.638675703820841,4
Wrist__02,Density,density_8,18,9.716596165084418,0.0,True,qualifies,16,0.7767203900415814,5
Wrist__02,Binned,bins_16,34,5.493253408540227,0.0,True,qualifies,16,0.4391169353534147,6
Wrist__02,Density,density_16,34,6.1326664287793875,0.0,True,qualifies,16,0.49023001261214333,7
Wrist__02,Density,density_32,66,6.135308286466895,0.0,True,qualifies,16,0.49044119610671405,8
Wrist__02,Binned,bins_32,66,8.759782466324396,0.0,True,qualifies,16,0.7002350965631366,9
Wrist__02,Density,density_64,130,5.960639241254242,0.0,True,qualifies,16,0.47647858959093903,10
Wrist__02,Binned,bins_64,130,10.39304699521648,0.0,True,qualifies,16,0.8307941771679975,11
Wrist__02,Density,density_128,258,5.965319285513104,0.0,True,qualifies,16,0.47685270062122115,12
Wrist__02,Density,density_256,514,5.9744852248295075,0.0,True,qualifies,16,0.4775854028803227,13
Wrist__02,Binned,bins_4,10,20.638979053732925,0.0,False,does_not_qualify,16,1.6498283543243448,14
Wrist__03,Means,means,2,5.706539345798333,87.5,True,qualifies,16,0.44594452235605875,1
Wrist__03,Five-number,five_number,10,6.775509489965842,37.5,True,qualifies,16,0.5294805065081101,2
Wrist__03,Observations,raw,16,0.0,0.0,True,qualifies,16,0.0,3
Wrist__03,Density,density_8,18,7.157328748013157,0.0,True,qualifies,16,0.5593182411382275,4
Wrist__03,Binned,bins_8,18,8.983848722038104,0.0,True,qualifies,16,0.7020538866902175,5
Wrist__03,Density,density_16,34,6.041633648956932,0.0,True,qualifies,16,0.472130878028227,6
Wrist__03,Binned,bins_16,34,10.10353626243321,0.0,True,qualifies,16,0.7895532440296475,7
Wrist__03,Density,density_32,66,5.932910428367478,0.0,True,qualifies,16,0.46363456848985946,8
Wrist__03,Binned,bins_32,66,10.103536262433181,0.0,True,qualifies,16,0.7895532440296453,9
Wrist__03,Density,density_64,130,5.986599843897551,0.0,True,qualifies,16,0.467830193773993,10
Wrist__03,Binned,bins_64,130,10.10353626243321,0.0,True,qualifies,16,0.7895532440296475,11
Wrist__03,Density,density_128,258,6.002736715642129,0.0,True,qualifies,16,0.46909122942561876,12
Wrist__03,Density,density_256,514,6.0073107670949355,0.0,True,qualifies,16,0.46944867429136833,13
Wrist__03,Binned,bins_4,10,12.905697599848892,0.0,False,does_not_qualify,16,1.0085315815922415,14
Wrist__04,Means,means,2,1.2216705040453593,87.5,True,qualifies,16,0.6498370190963002,1
Wrist__04,Five-number,five_number,10,0.24812926897670495,37.5,True,qualifies,16,0.13198614844873036,2
Wrist__04,Binned,bins_4,10,0.36704166779528524,37.5,True,qualifies,16,0.1952386199833853,3
Wrist__04,Observations,raw,16,0.0,0.0,True,qualifies,16,0.0,4
Wrist__04,Binned,bins_8,18,0.33906701432246056,0.0,True,qualifies,16,0.18035820389505727,5
Wrist__04,Density,density_8,18,0.72496104294918,0.0,True,qualifies,16,0.3856248649296589,6
Wrist__04,Density,density_16,34,0.44855004949724764,0.0,True,qualifies,16,0.2385949616656758,7
Wrist__04,Binned,bins_16,34,0.6293416608543017,0.0,True,qualifies,16,0.3347625300999242,8
Wrist__04,Density,density_32,66,0.47370433081273067,0.0,True,qualifies,16,0.25197515144142596,9
Wrist__04,Binned,bins_32,66,0.6293416608543017,0.0,True,qualifies,16,0.3347625300999242,10
Wrist__04,Density,density_64,130,0.49717799648845773,0.0,True,qualifies,16,0.2644613798307227,11
Wrist__04,Binned,bins_64,130,0.6395048700668147,0.0,True,qualifies,16,0.34016859462979704,12
Wrist__04,Density,density_128,258,0.4941858040223277,0.0,True,qualifies,16,0.26286975800936113,13
Wrist__04,Density,density_256,514,0.4954202406144965,0.0,True,qualifies,16,0.26352638562921615,14
