key,representation,configuration,N,error,score,qualifies,score_status,n_raw,discrepancy_ratio,order,chart_id,chart,contract,catalogue_order,applicable,applicability_reason,tested_settings,catalogue_id,recommendation_order,display_selected,rank,optimal
WDBC__00,Binned,bins_8,18.0,0.8515454236196831,96.8365553602812,True,qualifies,569,0.454251710645248,1.0,histogram,Histogram,Common bins with group probabilities,4,True,Implemented for the declared marginal comparison,5,5,1.0,True,1.0,True
WDBC__00,Binned,bins_8,18.0,0.8515454236196831,96.8365553602812,True,qualifies,569,0.454251710645248,1.0,heatmap,Heatmap,Two-by-bin probability matrix with common bin boundaries,6,True,Implemented for the declared marginal comparison,5,7,2.0,False,1.0,True
WDBC__00,Density,density_8,18.0,1.7665928781629052,96.8365553602812,True,qualifies,569,0.9423781922379448,2.0,violin,Violin plot,Sampled density on the declared grid,13,True,Implemented for the declared marginal comparison,6,14,3.0,False,3.0,False
WDBC__00,Observations,raw,569.0,0.0,0.0,True,qualifies,569,0.0,11.0,dot,Dot plot,Mean dots or all raw dots; report the chosen setting,10,True,Implemented for the declared marginal comparison,2,11,4.0,False,4.0,False
WDBC__00,Five-number,five_number,10.0,2.1853554502369654,0.0,False,does_not_qualify,569,1.165764531289898,13.0,box,Box plot,Five-number summary; min–max whiskers,5,True,Implemented for the declared marginal comparison,1,6,5.0,False,5.0,False
WDBC__00,Five-number,five_number,10.0,2.1853554502369654,0.0,False,does_not_qualify,569,1.165764531289898,13.0,interval,Error-bar / interval plot,"Median dot, thick interquartile interval, thin min–max interval; not a confidence interval",14,True,Implemented for the declared marginal comparison,1,15,6.0,False,5.0,False
WDBC__00,Means,means,2.0,2.9016936208445614,0.0,False,does_not_qualify,569,1.5478907577638918,14.0,bar,Bar chart,Two group means,0,True,Implemented for the declared marginal comparison,1,1,7.0,False,7.0,False
WDBC__00,,,,,,,not_applicable,569,,,line,Line chart,Requires an ordered-trend target; row order is not time,1,False,Requires an ordered-trend target; row order is not time,0,2,,False,,False
WDBC__00,,,,,,,not_applicable,569,,,scatter,Scatter plot,"Requires a joint-association target, not marginal contrast",2,False,"Requires a joint-association target, not marginal contrast",0,3,,False,,False
WDBC__00,,,,,,,not_applicable,569,,,pie,Pie chart,Requires a declared part-to-whole target,3,False,Requires a declared part-to-whole target,0,4,,False,,False
WDBC__00,,,,,,,not_applicable,569,,,stacked_bar,Stacked bar chart,Requires a declared component-composition target,7,False,Requires a declared component-composition target,0,8,,False,,False
WDBC__00,,,,,,,not_applicable,569,,,area,Area chart,Requires an ordered-trend or accumulation target,8,False,Requires an ordered-trend or accumulation target,0,9,,False,,False
WDBC__00,,,,,,,not_applicable,569,,,bubble,Bubble chart,Requires a joint-association and size-variable target,9,False,Requires a joint-association and size-variable target,0,10,,False,,False
WDBC__00,,,,,,,not_applicable,569,,,treemap,Treemap,Requires a meaningful hierarchy and part-to-whole target,11,False,Requires a meaningful hierarchy and part-to-whole target,0,12,,False,,False
WDBC__00,,,,,,,not_applicable,569,,,choropleth,Choropleth map,Requires geographic identifiers and a geographic target,12,False,Requires geographic identifiers and a geographic target,0,13,,False,,False
WDBC__01,Means,means,2.0,1.7636830814581508,99.64850615114236,True,qualifies,569,0.5467431122836298,1.0,bar,Bar chart,Two group means,0,True,Implemented for the declared marginal comparison,1,1,1.0,True,1.0,True
WDBC__01,Means,means,2.0,1.7636830814581508,99.64850615114236,True,qualifies,569,0.5467431122836298,1.0,dot,Dot plot,Mean dots or all raw dots; report the chosen setting,10,True,Implemented for the declared marginal comparison,2,11,2.0,False,1.0,True
WDBC__01,Binned,bins_4,10.0,2.4861073639982365,98.24253075571178,True,qualifies,569,0.7706951957263529,2.0,histogram,Histogram,Common bins with group probabilities,4,True,Implemented for the declared marginal comparison,5,5,3.0,False,3.0,False
WDBC__01,Binned,bins_4,10.0,2.4861073639982365,98.24253075571178,True,qualifies,569,0.7706951957263529,2.0,heatmap,Heatmap,Two-by-bin probability matrix with common bin boundaries,6,True,Implemented for the declared marginal comparison,5,7,4.0,False,3.0,False
WDBC__01,Five-number,five_number,10.0,3.181404494382022,98.24253075571178,True,qualifies,569,0.986237841128164,3.0,box,Box plot,Five-number summary; min–max whiskers,5,True,Implemented for the declared marginal comparison,1,6,5.0,False,5.0,False
WDBC__01,Five-number,five_number,10.0,3.181404494382022,98.24253075571178,True,qualifies,569,0.986237841128164,3.0,interval,Error-bar / interval plot,"Median dot, thick interquartile interval, thin min–max interval; not a confidence interval",14,True,Implemented for the declared marginal comparison,1,15,6.0,False,5.0,False
WDBC__01,Density,density_8,18.0,1.7114415308739268,96.8365553602812,True,qualifies,569,0.5305481914062766,5.0,violin,Violin plot,Sampled density on the declared grid,13,True,Implemented for the declared marginal comparison,6,14,7.0,False,7.0,False
WDBC__01,,,,,,,not_applicable,569,,,line,Line chart,Requires an ordered-trend target; row order is not time,1,False,Requires an ordered-trend target; row order is not time,0,2,,False,,False
WDBC__01,,,,,,,not_applicable,569,,,scatter,Scatter plot,"Requires a joint-association target, not marginal contrast",2,False,"Requires a joint-association target, not marginal contrast",0,3,,False,,False
WDBC__01,,,,,,,not_applicable,569,,,pie,Pie chart,Requires a declared part-to-whole target,3,False,Requires a declared part-to-whole target,0,4,,False,,False
WDBC__01,,,,,,,not_applicable,569,,,stacked_bar,Stacked bar chart,Requires a declared component-composition target,7,False,Requires a declared component-composition target,0,8,,False,,False
WDBC__01,,,,,,,not_applicable,569,,,area,Area chart,Requires an ordered-trend or accumulation target,8,False,Requires an ordered-trend or accumulation target,0,9,,False,,False
WDBC__01,,,,,,,not_applicable,569,,,bubble,Bubble chart,Requires a joint-association and size-variable target,9,False,Requires a joint-association and size-variable target,0,10,,False,,False
WDBC__01,,,,,,,not_applicable,569,,,treemap,Treemap,Requires a meaningful hierarchy and part-to-whole target,11,False,Requires a meaningful hierarchy and part-to-whole target,0,12,,False,,False
WDBC__01,,,,,,,not_applicable,569,,,choropleth,Choropleth map,Requires geographic identifiers and a geographic target,12,False,Requires geographic identifiers and a geographic target,0,13,,False,,False
WDBC__02,Binned,bins_8,18.0,4.299829355715374,96.8365553602812,True,qualifies,569,0.3298753143469442,1.0,histogram,Histogram,Common bins with group probabilities,4,True,Implemented for the declared marginal comparison,5,5,1.0,True,1.0,True
WDBC__02,Binned,bins_8,18.0,4.299829355715374,96.8365553602812,True,qualifies,569,0.3298753143469442,1.0,heatmap,Heatmap,Two-by-bin probability matrix with common bin boundaries,6,True,Implemented for the declared marginal comparison,5,7,2.0,False,1.0,True
WDBC__02,Density,density_8,18.0,9.970322594784555,96.8365553602812,True,qualifies,569,0.7649055411288065,2.0,violin,Violin plot,Sampled density on the declared grid,13,True,Implemented for the declared marginal comparison,6,14,3.0,False,3.0,False
WDBC__02,Observations,raw,569.0,0.0,0.0,True,qualifies,569,0.0,11.0,dot,Dot plot,Mean dots or all raw dots; report the chosen setting,10,True,Implemented for the declared marginal comparison,2,11,4.0,False,4.0,False
WDBC__02,Five-number,five_number,10.0,16.63469194312799,0.0,False,does_not_qualify,569,1.2761841877538829,13.0,box,Box plot,Five-number summary; min–max whiskers,5,True,Implemented for the declared marginal comparison,1,6,5.0,False,5.0,False
WDBC__02,Five-number,five_number,10.0,16.63469194312799,0.0,False,does_not_qualify,569,1.2761841877538829,13.0,interval,Error-bar / interval plot,"Median dot, thick interquartile interval, thin min–max interval; not a confidence interval",14,True,Implemented for the declared marginal comparison,1,15,6.0,False,5.0,False
WDBC__02,Means,means,2.0,18.614673353737473,0.0,False,does_not_qualify,569,1.428084864779063,14.0,bar,Bar chart,Two group means,0,True,Implemented for the declared marginal comparison,1,1,7.0,False,7.0,False
WDBC__02,,,,,,,not_applicable,569,,,line,Line chart,Requires an ordered-trend target; row order is not time,1,False,Requires an ordered-trend target; row order is not time,0,2,,False,,False
WDBC__02,,,,,,,not_applicable,569,,,scatter,Scatter plot,"Requires a joint-association target, not marginal contrast",2,False,"Requires a joint-association target, not marginal contrast",0,3,,False,,False
WDBC__02,,,,,,,not_applicable,569,,,pie,Pie chart,Requires a declared part-to-whole target,3,False,Requires a declared part-to-whole target,0,4,,False,,False
WDBC__02,,,,,,,not_applicable,569,,,stacked_bar,Stacked bar chart,Requires a declared component-composition target,7,False,Requires a declared component-composition target,0,8,,False,,False
WDBC__02,,,,,,,not_applicable,569,,,area,Area chart,Requires an ordered-trend or accumulation target,8,False,Requires an ordered-trend or accumulation target,0,9,,False,,False
WDBC__02,,,,,,,not_applicable,569,,,bubble,Bubble chart,Requires a joint-association and size-variable target,9,False,Requires a joint-association and size-variable target,0,10,,False,,False
WDBC__02,,,,,,,not_applicable,569,,,treemap,Treemap,Requires a meaningful hierarchy and part-to-whole target,11,False,Requires a meaningful hierarchy and part-to-whole target,0,12,,False,,False
WDBC__02,,,,,,,not_applicable,569,,,choropleth,Choropleth map,Requires geographic identifiers and a geographic target,12,False,Requires geographic identifiers and a geographic target,0,13,,False,,False
WDBC__03,Binned,bins_4,10.0,189.21401705766482,98.24253075571178,True,qualifies,569,0.6958510991745519,1.0,histogram,Histogram,Common bins with group probabilities,4,True,Implemented for the declared marginal comparison,5,5,1.0,True,1.0,True
WDBC__03,Binned,bins_4,10.0,189.21401705766482,98.24253075571178,True,qualifies,569,0.6958510991745519,1.0,heatmap,Heatmap,Two-by-bin probability matrix with common bin boundaries,6,True,Implemented for the declared marginal comparison,5,7,2.0,False,1.0,True
WDBC__03,Density,density_8,18.0,261.51118161376905,96.8365553602812,True,qualifies,569,0.9617302460045498,3.0,violin,Violin plot,Sampled density on the declared grid,13,True,Implemented for the declared marginal comparison,6,14,3.0,False,3.0,False
WDBC__03,Observations,raw,569.0,0.0,0.0,True,qualifies,569,0.0,12.0,dot,Dot plot,Mean dots or all raw dots; report the chosen setting,10,True,Implemented for the declared marginal comparison,2,11,4.0,False,4.0,False
WDBC__03,Five-number,five_number,10.0,473.0379146919431,0.0,False,does_not_qualify,569,1.7396383101433261,13.0,box,Box plot,Five-number summary; min–max whiskers,5,True,Implemented for the declared marginal comparison,1,6,5.0,False,5.0,False
WDBC__03,Five-number,five_number,10.0,473.0379146919431,0.0,False,does_not_qualify,569,1.7396383101433261,13.0,interval,Error-bar / interval plot,"Median dot, thick interquartile interval, thin min–max interval; not a confidence interval",14,True,Implemented for the declared marginal comparison,1,15,6.0,False,5.0,False
WDBC__03,Means,means,2.0,478.1937809840915,0.0,False,does_not_qualify,569,1.758599459440712,14.0,bar,Bar chart,Two group means,0,True,Implemented for the declared marginal comparison,1,1,7.0,False,7.0,False
WDBC__03,,,,,,,not_applicable,569,,,line,Line chart,Requires an ordered-trend target; row order is not time,1,False,Requires an ordered-trend target; row order is not time,0,2,,False,,False
WDBC__03,,,,,,,not_applicable,569,,,scatter,Scatter plot,"Requires a joint-association target, not marginal contrast",2,False,"Requires a joint-association target, not marginal contrast",0,3,,False,,False
WDBC__03,,,,,,,not_applicable,569,,,pie,Pie chart,Requires a declared part-to-whole target,3,False,Requires a declared part-to-whole target,0,4,,False,,False
WDBC__03,,,,,,,not_applicable,569,,,stacked_bar,Stacked bar chart,Requires a declared component-composition target,7,False,Requires a declared component-composition target,0,8,,False,,False
WDBC__03,,,,,,,not_applicable,569,,,area,Area chart,Requires an ordered-trend or accumulation target,8,False,Requires an ordered-trend or accumulation target,0,9,,False,,False
WDBC__03,,,,,,,not_applicable,569,,,bubble,Bubble chart,Requires a joint-association and size-variable target,9,False,Requires a joint-association and size-variable target,0,10,,False,,False
WDBC__03,,,,,,,not_applicable,569,,,treemap,Treemap,Requires a meaningful hierarchy and part-to-whole target,11,False,Requires a meaningful hierarchy and part-to-whole target,0,12,,False,,False
WDBC__03,,,,,,,not_applicable,569,,,choropleth,Choropleth map,Requires geographic identifiers and a geographic target,12,False,Requires geographic identifiers and a geographic target,0,13,,False,,False
WDBC__04,Means,means,2.0,0.00312842644560285,99.64850615114236,True,qualifies,569,0.41378256440745775,1.0,bar,Bar chart,Two group means,0,True,Implemented for the declared marginal comparison,1,1,1.0,True,1.0,True
WDBC__04,Means,means,2.0,0.00312842644560285,99.64850615114236,True,qualifies,569,0.41378256440745775,1.0,dot,Dot plot,Mean dots or all raw dots; report the chosen setting,10,True,Implemented for the declared marginal comparison,2,11,2.0,False,1.0,True
WDBC__04,Binned,bins_8,18.0,0.0024584483848314465,96.8365553602812,True,qualifies,569,0.3251676505192377,2.0,histogram,Histogram,Common bins with group probabilities,4,True,Implemented for the declared marginal comparison,5,5,3.0,False,3.0,False
WDBC__04,Binned,bins_8,18.0,0.0024584483848314465,96.8365553602812,True,qualifies,569,0.3251676505192377,2.0,heatmap,Heatmap,Two-by-bin probability matrix with common bin boundaries,6,True,Implemented for the declared marginal comparison,5,7,4.0,False,3.0,False
WDBC__04,Density,density_8,18.0,0.007304725165749287,96.8365553602812,True,qualifies,569,0.9661623707419406,3.0,violin,Violin plot,Sampled density on the declared grid,13,True,Implemented for the declared marginal comparison,6,14,5.0,False,5.0,False
WDBC__04,Five-number,five_number,10.0,0.02149999999999999,0.0,False,does_not_qualify,569,2.8437060258407354,14.0,box,Box plot,Five-number summary; min–max whiskers,5,True,Implemented for the declared marginal comparison,1,6,6.0,False,6.0,False
WDBC__04,Five-number,five_number,10.0,0.02149999999999999,0.0,False,does_not_qualify,569,2.8437060258407354,14.0,interval,Error-bar / interval plot,"Median dot, thick interquartile interval, thin min–max interval; not a confidence interval",14,True,Implemented for the declared marginal comparison,1,15,7.0,False,6.0,False
WDBC__04,,,,,,,not_applicable,569,,,line,Line chart,Requires an ordered-trend target; row order is not time,1,False,Requires an ordered-trend target; row order is not time,0,2,,False,,False
WDBC__04,,,,,,,not_applicable,569,,,scatter,Scatter plot,"Requires a joint-association target, not marginal contrast",2,False,"Requires a joint-association target, not marginal contrast",0,3,,False,,False
WDBC__04,,,,,,,not_applicable,569,,,pie,Pie chart,Requires a declared part-to-whole target,3,False,Requires a declared part-to-whole target,0,4,,False,,False
WDBC__04,,,,,,,not_applicable,569,,,stacked_bar,Stacked bar chart,Requires a declared component-composition target,7,False,Requires a declared component-composition target,0,8,,False,,False
WDBC__04,,,,,,,not_applicable,569,,,area,Area chart,Requires an ordered-trend or accumulation target,8,False,Requires an ordered-trend or accumulation target,0,9,,False,,False
WDBC__04,,,,,,,not_applicable,569,,,bubble,Bubble chart,Requires a joint-association and size-variable target,9,False,Requires a joint-association and size-variable target,0,10,,False,,False
WDBC__04,,,,,,,not_applicable,569,,,treemap,Treemap,Requires a meaningful hierarchy and part-to-whole target,11,False,Requires a meaningful hierarchy and part-to-whole target,0,12,,False,,False
WDBC__04,,,,,,,not_applicable,569,,,choropleth,Choropleth map,Requires geographic identifiers and a geographic target,12,False,Requires geographic identifiers and a geographic target,0,13,,False,,False
WDBC__05,Five-number,five_number,10.0,0.011507582938388633,98.24253075571178,True,qualifies,569,0.30231043812042374,1.0,box,Box plot,Five-number summary; min–max whiskers,5,True,Implemented for the declared marginal comparison,1,6,1.0,True,1.0,True
WDBC__05,Five-number,five_number,10.0,0.011507582938388633,98.24253075571178,True,qualifies,569,0.30231043812042374,1.0,interval,Error-bar / interval plot,"Median dot, thick interquartile interval, thin min–max interval; not a confidence interval",14,True,Implemented for the declared marginal comparison,1,15,2.0,False,1.0,True
WDBC__05,Binned,bins_4,10.0,0.01570861470552945,98.24253075571178,True,qualifies,569,0.4126738185871818,2.0,histogram,Histogram,Common bins with group probabilities,4,True,Implemented for the declared marginal comparison,5,5,3.0,False,3.0,False
WDBC__05,Binned,bins_4,10.0,0.01570861470552945,98.24253075571178,True,qualifies,569,0.4126738185871818,2.0,heatmap,Heatmap,Two-by-bin probability matrix with common bin boundaries,6,True,Implemented for the declared marginal comparison,5,7,4.0,False,3.0,False
WDBC__05,Density,density_8,18.0,0.01322401014229374,96.8365553602812,True,qualifies,569,0.3474019106557523,4.0,violin,Violin plot,Sampled density on the declared grid,13,True,Implemented for the declared marginal comparison,6,14,5.0,False,5.0,False
WDBC__05,Observations,raw,569.0,0.0,0.0,True,qualifies,569,0.0,13.0,dot,Dot plot,Mean dots or all raw dots; report the chosen setting,10,True,Implemented for the declared marginal comparison,2,11,6.0,False,6.0,False
WDBC__05,Means,means,2.0,0.0412884118635795,0.0,False,does_not_qualify,569,1.0846689479974339,14.0,bar,Bar chart,Two group means,0,True,Implemented for the declared marginal comparison,1,1,7.0,False,7.0,False
WDBC__05,,,,,,,not_applicable,569,,,line,Line chart,Requires an ordered-trend target; row order is not time,1,False,Requires an ordered-trend target; row order is not time,0,2,,False,,False
WDBC__05,,,,,,,not_applicable,569,,,scatter,Scatter plot,"Requires a joint-association target, not marginal contrast",2,False,"Requires a joint-association target, not marginal contrast",0,3,,False,,False
WDBC__05,,,,,,,not_applicable,569,,,pie,Pie chart,Requires a declared part-to-whole target,3,False,Requires a declared part-to-whole target,0,4,,False,,False
WDBC__05,,,,,,,not_applicable,569,,,stacked_bar,Stacked bar chart,Requires a declared component-composition target,7,False,Requires a declared component-composition target,0,8,,False,,False
WDBC__05,,,,,,,not_applicable,569,,,area,Area chart,Requires an ordered-trend or accumulation target,8,False,Requires an ordered-trend or accumulation target,0,9,,False,,False
WDBC__05,,,,,,,not_applicable,569,,,bubble,Bubble chart,Requires a joint-association and size-variable target,9,False,Requires a joint-association and size-variable target,0,10,,False,,False
WDBC__05,,,,,,,not_applicable,569,,,treemap,Treemap,Requires a meaningful hierarchy and part-to-whole target,11,False,Requires a meaningful hierarchy and part-to-whole target,0,12,,False,,False
WDBC__05,,,,,,,not_applicable,569,,,choropleth,Choropleth map,Requires geographic identifiers and a geographic target,12,False,Requires geographic identifiers and a geographic target,0,13,,False,,False
WDBC__06,Binned,bins_4,10.0,0.04263676069866539,98.24253075571178,True,qualifies,569,0.683274156112266,1.0,histogram,Histogram,Common bins with group probabilities,4,True,Implemented for the declared marginal comparison,5,5,1.0,True,1.0,True
WDBC__06,Binned,bins_4,10.0,0.04263676069866539,98.24253075571178,True,qualifies,569,0.683274156112266,1.0,heatmap,Heatmap,Two-by-bin probability matrix with common bin boundaries,6,True,Implemented for the declared marginal comparison,5,7,2.0,False,1.0,True
WDBC__06,Density,density_8,18.0,0.03492855897568485,96.8365553602812,True,qualifies,569,0.5597465958307575,3.0,violin,Violin plot,Sampled density on the declared grid,13,True,Implemented for the declared marginal comparison,6,14,3.0,False,3.0,False
WDBC__06,Observations,raw,569.0,0.0,0.0,True,qualifies,569,0.0,12.0,dot,Dot plot,Mean dots or all raw dots; report the chosen setting,10,True,Implemented for the declared marginal comparison,2,11,4.0,False,4.0,False
WDBC__06,Means,means,2.0,0.09338953909836131,0.0,False,does_not_qualify,569,1.496611315482597,13.0,bar,Bar chart,Two group means,0,True,Implemented for the declared marginal comparison,1,1,5.0,False,5.0,False
WDBC__06,Five-number,five_number,10.0,0.16561071090047394,0.0,False,does_not_qualify,569,2.6539895826845927,14.0,box,Box plot,Five-number summary; min–max whiskers,5,True,Implemented for the declared marginal comparison,1,6,6.0,False,6.0,False
WDBC__06,Five-number,five_number,10.0,0.16561071090047394,0.0,False,does_not_qualify,569,2.6539895826845927,14.0,interval,Error-bar / interval plot,"Median dot, thick interquartile interval, thin min–max interval; not a confidence interval",14,True,Implemented for the declared marginal comparison,1,15,7.0,False,6.0,False
WDBC__06,,,,,,,not_applicable,569,,,line,Line chart,Requires an ordered-trend target; row order is not time,1,False,Requires an ordered-trend target; row order is not time,0,2,,False,,False
WDBC__06,,,,,,,not_applicable,569,,,scatter,Scatter plot,"Requires a joint-association target, not marginal contrast",2,False,"Requires a joint-association target, not marginal contrast",0,3,,False,,False
WDBC__06,,,,,,,not_applicable,569,,,pie,Pie chart,Requires a declared part-to-whole target,3,False,Requires a declared part-to-whole target,0,4,,False,,False
WDBC__06,,,,,,,not_applicable,569,,,stacked_bar,Stacked bar chart,Requires a declared component-composition target,7,False,Requires a declared component-composition target,0,8,,False,,False
WDBC__06,,,,,,,not_applicable,569,,,area,Area chart,Requires an ordered-trend or accumulation target,8,False,Requires an ordered-trend or accumulation target,0,9,,False,,False
WDBC__06,,,,,,,not_applicable,569,,,bubble,Bubble chart,Requires a joint-association and size-variable target,9,False,Requires a joint-association and size-variable target,0,10,,False,,False
WDBC__06,,,,,,,not_applicable,569,,,treemap,Treemap,Requires a meaningful hierarchy and part-to-whole target,11,False,Requires a meaningful hierarchy and part-to-whole target,0,12,,False,,False
WDBC__06,,,,,,,not_applicable,569,,,choropleth,Choropleth map,Requires geographic identifiers and a geographic target,12,False,Requires geographic identifiers and a geographic target,0,13,,False,,False
WDBC__07,Binned,bins_4,10.0,0.013165896226415078,98.24253075571178,True,qualifies,569,0.6252714899748005,1.0,histogram,Histogram,Common bins with group probabilities,4,True,Implemented for the declared marginal comparison,5,5,1.0,True,1.0,True
WDBC__07,Binned,bins_4,10.0,0.013165896226415078,98.24253075571178,True,qualifies,569,0.6252714899748005,1.0,heatmap,Heatmap,Two-by-bin probability matrix with common bin boundaries,6,True,Implemented for the declared marginal comparison,5,7,2.0,False,1.0,True
WDBC__07,Five-number,five_number,10.0,0.0139736018957346,98.24253075571178,True,qualifies,569,0.663630848018596,2.0,box,Box plot,Five-number summary; min–max whiskers,5,True,Implemented for the declared marginal comparison,1,6,3.0,False,3.0,False
WDBC__07,Five-number,five_number,10.0,0.0139736018957346,98.24253075571178,True,qualifies,569,0.663630848018596,2.0,interval,Error-bar / interval plot,"Median dot, thick interquartile interval, thin min–max interval; not a confidence interval",14,True,Implemented for the declared marginal comparison,1,15,4.0,False,3.0,False
WDBC__07,Density,density_16,34.0,0.005999854588636472,94.02460456942003,True,qualifies,569,0.2849436114149269,5.0,violin,Violin plot,Sampled density on the declared grid,13,True,Implemented for the declared marginal comparison,6,14,5.0,False,5.0,False
WDBC__07,Observations,raw,569.0,0.0,0.0,True,qualifies,569,0.0,12.0,dot,Dot plot,Mean dots or all raw dots; report the chosen setting,10,True,Implemented for the declared marginal comparison,2,11,6.0,False,6.0,False
WDBC__07,Means,means,2.0,0.03379849620985835,0.0,False,does_not_qualify,569,1.605149829576024,14.0,bar,Bar chart,Two group means,0,True,Implemented for the declared marginal comparison,1,1,7.0,False,7.0,False
WDBC__07,,,,,,,not_applicable,569,,,line,Line chart,Requires an ordered-trend target; row order is not time,1,False,Requires an ordered-trend target; row order is not time,0,2,,False,,False
WDBC__07,,,,,,,not_applicable,569,,,scatter,Scatter plot,"Requires a joint-association target, not marginal contrast",2,False,"Requires a joint-association target, not marginal contrast",0,3,,False,,False
WDBC__07,,,,,,,not_applicable,569,,,pie,Pie chart,Requires a declared part-to-whole target,3,False,Requires a declared part-to-whole target,0,4,,False,,False
WDBC__07,,,,,,,not_applicable,569,,,stacked_bar,Stacked bar chart,Requires a declared component-composition target,7,False,Requires a declared component-composition target,0,8,,False,,False
WDBC__07,,,,,,,not_applicable,569,,,area,Area chart,Requires an ordered-trend or accumulation target,8,False,Requires an ordered-trend or accumulation target,0,9,,False,,False
WDBC__07,,,,,,,not_applicable,569,,,bubble,Bubble chart,Requires a joint-association and size-variable target,9,False,Requires a joint-association and size-variable target,0,10,,False,,False
WDBC__07,,,,,,,not_applicable,569,,,treemap,Treemap,Requires a meaningful hierarchy and part-to-whole target,11,False,Requires a meaningful hierarchy and part-to-whole target,0,12,,False,,False
WDBC__07,,,,,,,not_applicable,569,,,choropleth,Choropleth map,Requires geographic identifiers and a geographic target,12,False,Requires geographic identifiers and a geographic target,0,13,,False,,False
WDBC__08,Means,means,2.0,0.010874784942596943,99.64850615114236,True,qualifies,569,0.6013790018393131,1.0,bar,Bar chart,Two group means,0,True,Implemented for the declared marginal comparison,1,1,1.0,True,1.0,True
WDBC__08,Means,means,2.0,0.010874784942596943,99.64850615114236,True,qualifies,569,0.6013790018393131,1.0,dot,Dot plot,Mean dots or all raw dots; report the chosen setting,10,True,Implemented for the declared marginal comparison,2,11,2.0,False,1.0,True
WDBC__08,Five-number,five_number,10.0,0.00809662921348317,98.24253075571178,True,qualifies,569,0.44774612283089066,2.0,box,Box plot,Five-number summary; min–max whiskers,5,True,Implemented for the declared marginal comparison,1,6,3.0,False,3.0,False
WDBC__08,Five-number,five_number,10.0,0.00809662921348317,98.24253075571178,True,qualifies,569,0.44774612283089066,2.0,interval,Error-bar / interval plot,"Median dot, thick interquartile interval, thin min–max interval; not a confidence interval",14,True,Implemented for the declared marginal comparison,1,15,4.0,False,3.0,False
WDBC__08,Binned,bins_8,18.0,0.0048845202083749595,96.8365553602812,True,qualifies,569,0.2701154922034727,3.0,histogram,Histogram,Common bins with group probabilities,4,True,Implemented for the declared marginal comparison,5,5,5.0,False,5.0,False
WDBC__08,Binned,bins_8,18.0,0.0048845202083749595,96.8365553602812,True,qualifies,569,0.2701154922034727,3.0,heatmap,Heatmap,Two-by-bin probability matrix with common bin boundaries,6,True,Implemented for the declared marginal comparison,5,7,6.0,False,5.0,False
WDBC__08,Density,density_8,18.0,0.01072256742973264,96.8365553602812,True,qualifies,569,0.5929613258639262,4.0,violin,Violin plot,Sampled density on the declared grid,13,True,Implemented for the declared marginal comparison,6,14,7.0,False,7.0,False
WDBC__08,,,,,,,not_applicable,569,,,line,Line chart,Requires an ordered-trend target; row order is not time,1,False,Requires an ordered-trend target; row order is not time,0,2,,False,,False
WDBC__08,,,,,,,not_applicable,569,,,scatter,Scatter plot,"Requires a joint-association target, not marginal contrast",2,False,"Requires a joint-association target, not marginal contrast",0,3,,False,,False
WDBC__08,,,,,,,not_applicable,569,,,pie,Pie chart,Requires a declared part-to-whole target,3,False,Requires a declared part-to-whole target,0,4,,False,,False
WDBC__08,,,,,,,not_applicable,569,,,stacked_bar,Stacked bar chart,Requires a declared component-composition target,7,False,Requires a declared component-composition target,0,8,,False,,False
WDBC__08,,,,,,,not_applicable,569,,,area,Area chart,Requires an ordered-trend or accumulation target,8,False,Requires an ordered-trend or accumulation target,0,9,,False,,False
WDBC__08,,,,,,,not_applicable,569,,,bubble,Bubble chart,Requires a joint-association and size-variable target,9,False,Requires a joint-association and size-variable target,0,10,,False,,False
WDBC__08,,,,,,,not_applicable,569,,,treemap,Treemap,Requires a meaningful hierarchy and part-to-whole target,11,False,Requires a meaningful hierarchy and part-to-whole target,0,12,,False,,False
WDBC__08,,,,,,,not_applicable,569,,,choropleth,Choropleth map,Requires geographic identifiers and a geographic target,12,False,Requires geographic identifiers and a geographic target,0,13,,False,,False
WDBC__09,Means,means,2.0,0.0037081152251021293,99.64850615114236,True,qualifies,569,0.7203657681539161,1.0,bar,Bar chart,Two group means,0,True,Implemented for the declared marginal comparison,1,1,1.0,True,1.0,True
WDBC__09,Means,means,2.0,0.0037081152251021293,99.64850615114236,True,qualifies,569,0.7203657681539161,1.0,dot,Dot plot,Mean dots or all raw dots; report the chosen setting,10,True,Implemented for the declared marginal comparison,2,11,2.0,False,1.0,True
WDBC__09,Five-number,five_number,10.0,0.002003567415730337,98.24253075571178,True,qualifies,569,0.38922775935070597,2.0,box,Box plot,Five-number summary; min–max whiskers,5,True,Implemented for the declared marginal comparison,1,6,3.0,False,3.0,False
WDBC__09,Five-number,five_number,10.0,0.002003567415730337,98.24253075571178,True,qualifies,569,0.38922775935070597,2.0,interval,Error-bar / interval plot,"Median dot, thick interquartile interval, thin min–max interval; not a confidence interval",14,True,Implemented for the declared marginal comparison,1,15,4.0,False,3.0,False
WDBC__09,Binned,bins_4,10.0,0.003057869747899178,98.24253075571178,True,qualifies,569,0.5940442937016186,3.0,histogram,Histogram,Common bins with group probabilities,4,True,Implemented for the declared marginal comparison,5,5,5.0,False,5.0,False
WDBC__09,Binned,bins_4,10.0,0.003057869747899178,98.24253075571178,True,qualifies,569,0.5940442937016186,3.0,heatmap,Heatmap,Two-by-bin probability matrix with common bin boundaries,6,True,Implemented for the declared marginal comparison,5,7,6.0,False,5.0,False
WDBC__09,Density,density_8,18.0,0.002041565167647752,96.8365553602812,True,qualifies,569,0.3966094824327758,5.0,violin,Violin plot,Sampled density on the declared grid,13,True,Implemented for the declared marginal comparison,6,14,7.0,False,7.0,False
WDBC__09,,,,,,,not_applicable,569,,,line,Line chart,Requires an ordered-trend target; row order is not time,1,False,Requires an ordered-trend target; row order is not time,0,2,,False,,False
WDBC__09,,,,,,,not_applicable,569,,,scatter,Scatter plot,"Requires a joint-association target, not marginal contrast",2,False,"Requires a joint-association target, not marginal contrast",0,3,,False,,False
WDBC__09,,,,,,,not_applicable,569,,,pie,Pie chart,Requires a declared part-to-whole target,3,False,Requires a declared part-to-whole target,0,4,,False,,False
WDBC__09,,,,,,,not_applicable,569,,,stacked_bar,Stacked bar chart,Requires a declared component-composition target,7,False,Requires a declared component-composition target,0,8,,False,,False
WDBC__09,,,,,,,not_applicable,569,,,area,Area chart,Requires an ordered-trend or accumulation target,8,False,Requires an ordered-trend or accumulation target,0,9,,False,,False
WDBC__09,,,,,,,not_applicable,569,,,bubble,Bubble chart,Requires a joint-association and size-variable target,9,False,Requires a joint-association and size-variable target,0,10,,False,,False
WDBC__09,,,,,,,not_applicable,569,,,treemap,Treemap,Requires a meaningful hierarchy and part-to-whole target,11,False,Requires a meaningful hierarchy and part-to-whole target,0,12,,False,,False
WDBC__09,,,,,,,not_applicable,569,,,choropleth,Choropleth map,Requires geographic identifiers and a geographic target,12,False,Requires geographic identifiers and a geographic target,0,13,,False,,False
WDBC__10,Binned,bins_8,18.0,0.06145410717193098,96.8365553602812,True,qualifies,569,0.34819841308975436,1.0,histogram,Histogram,Common bins with group probabilities,4,True,Implemented for the declared marginal comparison,5,5,1.0,True,1.0,True
WDBC__10,Binned,bins_8,18.0,0.06145410717193098,96.8365553602812,True,qualifies,569,0.34819841308975436,1.0,heatmap,Heatmap,Two-by-bin probability matrix with common bin boundaries,6,True,Implemented for the declared marginal comparison,5,7,2.0,False,1.0,True
WDBC__10,Density,density_16,34.0,0.1076152009526462,94.02460456942003,True,qualifies,569,0.609746751201056,3.0,violin,Violin plot,Sampled density on the declared grid,13,True,Implemented for the declared marginal comparison,6,14,3.0,False,3.0,False
WDBC__10,Observations,raw,569.0,0.0,0.0,True,qualifies,569,0.0,10.0,dot,Dot plot,Mean dots or all raw dots; report the chosen setting,10,True,Implemented for the declared marginal comparison,2,11,4.0,False,4.0,False
WDBC__10,Means,means,2.0,0.35618843136378253,0.0,False,does_not_qualify,569,2.0181604170867486,13.0,bar,Bar chart,Two group means,0,True,Implemented for the declared marginal comparison,1,1,5.0,False,5.0,False
WDBC__10,Five-number,five_number,10.0,1.0058799999999999,0.0,False,does_not_qualify,569,5.6993069442671205,14.0,box,Box plot,Five-number summary; min–max whiskers,5,True,Implemented for the declared marginal comparison,1,6,6.0,False,6.0,False
WDBC__10,Five-number,five_number,10.0,1.0058799999999999,0.0,False,does_not_qualify,569,5.6993069442671205,14.0,interval,Error-bar / interval plot,"Median dot, thick interquartile interval, thin min–max interval; not a confidence interval",14,True,Implemented for the declared marginal comparison,1,15,7.0,False,6.0,False
WDBC__10,,,,,,,not_applicable,569,,,line,Line chart,Requires an ordered-trend target; row order is not time,1,False,Requires an ordered-trend target; row order is not time,0,2,,False,,False
WDBC__10,,,,,,,not_applicable,569,,,scatter,Scatter plot,"Requires a joint-association target, not marginal contrast",2,False,"Requires a joint-association target, not marginal contrast",0,3,,False,,False
WDBC__10,,,,,,,not_applicable,569,,,pie,Pie chart,Requires a declared part-to-whole target,3,False,Requires a declared part-to-whole target,0,4,,False,,False
WDBC__10,,,,,,,not_applicable,569,,,stacked_bar,Stacked bar chart,Requires a declared component-composition target,7,False,Requires a declared component-composition target,0,8,,False,,False
WDBC__10,,,,,,,not_applicable,569,,,area,Area chart,Requires an ordered-trend or accumulation target,8,False,Requires an ordered-trend or accumulation target,0,9,,False,,False
WDBC__10,,,,,,,not_applicable,569,,,bubble,Bubble chart,Requires a joint-association and size-variable target,9,False,Requires a joint-association and size-variable target,0,10,,False,,False
WDBC__10,,,,,,,not_applicable,569,,,treemap,Treemap,Requires a meaningful hierarchy and part-to-whole target,11,False,Requires a meaningful hierarchy and part-to-whole target,0,12,,False,,False
WDBC__10,,,,,,,not_applicable,569,,,choropleth,Choropleth map,Requires geographic identifiers and a geographic target,12,False,Requires geographic identifiers and a geographic target,0,13,,False,,False
WDBC__11,Means,means,2.0,0.21747833082141077,99.64850615114236,True,qualifies,569,0.5034420004930242,1.0,bar,Bar chart,Two group means,0,True,Implemented for the declared marginal comparison,1,1,1.0,True,1.0,True
WDBC__11,Means,means,2.0,0.21747833082141077,99.64850615114236,True,qualifies,569,0.5034420004930242,1.0,dot,Dot plot,Mean dots or all raw dots; report the chosen setting,10,True,Implemented for the declared marginal comparison,2,11,2.0,False,1.0,True
WDBC__11,Binned,bins_4,10.0,0.14794580668395274,98.24253075571178,True,qualifies,569,0.34248070876857506,2.0,histogram,Histogram,Common bins with group probabilities,4,True,Implemented for the declared marginal comparison,5,5,3.0,False,3.0,False
WDBC__11,Binned,bins_4,10.0,0.14794580668395274,98.24253075571178,True,qualifies,569,0.34248070876857506,2.0,heatmap,Heatmap,Two-by-bin probability matrix with common bin boundaries,6,True,Implemented for the declared marginal comparison,5,7,4.0,False,3.0,False
WDBC__11,Density,density_8,18.0,0.22384561863251506,96.8365553602812,True,qualifies,569,0.5181816764011015,4.0,violin,Violin plot,Sampled density on the declared grid,13,True,Implemented for the declared marginal comparison,6,14,5.0,False,5.0,False
WDBC__11,Five-number,five_number,10.0,0.9089943820224722,0.0,False,does_not_qualify,569,2.104236998664974,14.0,box,Box plot,Five-number summary; min–max whiskers,5,True,Implemented for the declared marginal comparison,1,6,6.0,False,6.0,False
WDBC__11,Five-number,five_number,10.0,0.9089943820224722,0.0,False,does_not_qualify,569,2.104236998664974,14.0,interval,Error-bar / interval plot,"Median dot, thick interquartile interval, thin min–max interval; not a confidence interval",14,True,Implemented for the declared marginal comparison,1,15,7.0,False,6.0,False
WDBC__11,,,,,,,not_applicable,569,,,line,Line chart,Requires an ordered-trend target; row order is not time,1,False,Requires an ordered-trend target; row order is not time,0,2,,False,,False
WDBC__11,,,,,,,not_applicable,569,,,scatter,Scatter plot,"Requires a joint-association target, not marginal contrast",2,False,"Requires a joint-association target, not marginal contrast",0,3,,False,,False
WDBC__11,,,,,,,not_applicable,569,,,pie,Pie chart,Requires a declared part-to-whole target,3,False,Requires a declared part-to-whole target,0,4,,False,,False
WDBC__11,,,,,,,not_applicable,569,,,stacked_bar,Stacked bar chart,Requires a declared component-composition target,7,False,Requires a declared component-composition target,0,8,,False,,False
WDBC__11,,,,,,,not_applicable,569,,,area,Area chart,Requires an ordered-trend or accumulation target,8,False,Requires an ordered-trend or accumulation target,0,9,,False,,False
WDBC__11,,,,,,,not_applicable,569,,,bubble,Bubble chart,Requires a joint-association and size-variable target,9,False,Requires a joint-association and size-variable target,0,10,,False,,False
WDBC__11,,,,,,,not_applicable,569,,,treemap,Treemap,Requires a meaningful hierarchy and part-to-whole target,11,False,Requires a meaningful hierarchy and part-to-whole target,0,12,,False,,False
WDBC__11,,,,,,,not_applicable,569,,,choropleth,Choropleth map,Requires geographic identifiers and a geographic target,12,False,Requires geographic identifiers and a geographic target,0,13,,False,,False
WDBC__12,Binned,bins_8,18.0,0.6642950412238156,96.8365553602812,True,qualifies,569,0.4791752621841954,1.0,histogram,Histogram,Common bins with group probabilities,4,True,Implemented for the declared marginal comparison,5,5,1.0,True,1.0,True
WDBC__12,Binned,bins_8,18.0,0.6642950412238156,96.8365553602812,True,qualifies,569,0.4791752621841954,1.0,heatmap,Heatmap,Two-by-bin probability matrix with common bin boundaries,6,True,Implemented for the declared marginal comparison,5,7,2.0,False,1.0,True
WDBC__12,Density,density_16,34.0,0.9118946228620248,94.02460456942003,True,qualifies,569,0.6577760149906767,3.0,violin,Violin plot,Sampled density on the declared grid,13,True,Implemented for the declared marginal comparison,6,14,3.0,False,3.0,False
WDBC__12,Observations,raw,569.0,0.0,0.0,True,qualifies,569,0.0,10.0,dot,Dot plot,Mean dots or all raw dots; report the chosen setting,10,True,Implemented for the declared marginal comparison,2,11,4.0,False,4.0,False
WDBC__12,Means,means,2.0,2.9346420432323863,0.0,False,does_not_qualify,569,2.116842341457219,13.0,bar,Bar chart,Two group means,0,True,Implemented for the declared marginal comparison,1,1,5.0,False,5.0,False
WDBC__12,Five-number,five_number,10.0,8.795,0.0,False,does_not_qualify,569,6.3440883483730435,14.0,box,Box plot,Five-number summary; min–max whiskers,5,True,Implemented for the declared marginal comparison,1,6,6.0,False,6.0,False
WDBC__12,Five-number,five_number,10.0,8.795,0.0,False,does_not_qualify,569,6.3440883483730435,14.0,interval,Error-bar / interval plot,"Median dot, thick interquartile interval, thin min–max interval; not a confidence interval",14,True,Implemented for the declared marginal comparison,1,15,7.0,False,6.0,False
WDBC__12,,,,,,,not_applicable,569,,,line,Line chart,Requires an ordered-trend target; row order is not time,1,False,Requires an ordered-trend target; row order is not time,0,2,,False,,False
WDBC__12,,,,,,,not_applicable,569,,,scatter,Scatter plot,"Requires a joint-association target, not marginal contrast",2,False,"Requires a joint-association target, not marginal contrast",0,3,,False,,False
WDBC__12,,,,,,,not_applicable,569,,,pie,Pie chart,Requires a declared part-to-whole target,3,False,Requires a declared part-to-whole target,0,4,,False,,False
WDBC__12,,,,,,,not_applicable,569,,,stacked_bar,Stacked bar chart,Requires a declared component-composition target,7,False,Requires a declared component-composition target,0,8,,False,,False
WDBC__12,,,,,,,not_applicable,569,,,area,Area chart,Requires an ordered-trend or accumulation target,8,False,Requires an ordered-trend or accumulation target,0,9,,False,,False
WDBC__12,,,,,,,not_applicable,569,,,bubble,Bubble chart,Requires a joint-association and size-variable target,9,False,Requires a joint-association and size-variable target,0,10,,False,,False
WDBC__12,,,,,,,not_applicable,569,,,treemap,Treemap,Requires a meaningful hierarchy and part-to-whole target,11,False,Requires a meaningful hierarchy and part-to-whole target,0,12,,False,,False
WDBC__12,,,,,,,not_applicable,569,,,choropleth,Choropleth map,Requires geographic identifiers and a geographic target,12,False,Requires geographic identifiers and a geographic target,0,13,,False,,False
WDBC__13,Binned,bins_16,34.0,12.568069847644466,94.02460456942003,True,qualifies,569,0.4573134338554631,1.0,histogram,Histogram,Common bins with group probabilities,4,True,Implemented for the declared marginal comparison,5,5,1.0,True,1.0,True
WDBC__13,Binned,bins_16,34.0,12.568069847644466,94.02460456942003,True,qualifies,569,0.4573134338554631,1.0,heatmap,Heatmap,Two-by-bin probability matrix with common bin boundaries,6,True,Implemented for the declared marginal comparison,5,7,2.0,False,1.0,True
WDBC__13,Density,density_16,34.0,18.035742355696,94.02460456942003,True,qualifies,569,0.6562652315591334,2.0,violin,Violin plot,Sampled density on the declared grid,13,True,Implemented for the declared marginal comparison,6,14,3.0,False,3.0,False
WDBC__13,Observations,raw,569.0,0.0,0.0,True,qualifies,569,0.0,9.0,dot,Dot plot,Mean dots or all raw dots; report the chosen setting,10,True,Implemented for the declared marginal comparison,2,11,4.0,False,4.0,False
WDBC__13,Means,means,2.0,67.57776649568889,0.0,False,does_not_qualify,569,2.4589472228480878,12.0,bar,Bar chart,Two group means,0,True,Implemented for the declared marginal comparison,1,1,5.0,False,5.0,False
WDBC__13,Five-number,five_number,10.0,266.87,0.0,False,does_not_qualify,569,9.710579076379101,14.0,box,Box plot,Five-number summary; min–max whiskers,5,True,Implemented for the declared marginal comparison,1,6,6.0,False,6.0,False
WDBC__13,Five-number,five_number,10.0,266.87,0.0,False,does_not_qualify,569,9.710579076379101,14.0,interval,Error-bar / interval plot,"Median dot, thick interquartile interval, thin min–max interval; not a confidence interval",14,True,Implemented for the declared marginal comparison,1,15,7.0,False,6.0,False
WDBC__13,,,,,,,not_applicable,569,,,line,Line chart,Requires an ordered-trend target; row order is not time,1,False,Requires an ordered-trend target; row order is not time,0,2,,False,,False
WDBC__13,,,,,,,not_applicable,569,,,scatter,Scatter plot,"Requires a joint-association target, not marginal contrast",2,False,"Requires a joint-association target, not marginal contrast",0,3,,False,,False
WDBC__13,,,,,,,not_applicable,569,,,pie,Pie chart,Requires a declared part-to-whole target,3,False,Requires a declared part-to-whole target,0,4,,False,,False
WDBC__13,,,,,,,not_applicable,569,,,stacked_bar,Stacked bar chart,Requires a declared component-composition target,7,False,Requires a declared component-composition target,0,8,,False,,False
WDBC__13,,,,,,,not_applicable,569,,,area,Area chart,Requires an ordered-trend or accumulation target,8,False,Requires an ordered-trend or accumulation target,0,9,,False,,False
WDBC__13,,,,,,,not_applicable,569,,,bubble,Bubble chart,Requires a joint-association and size-variable target,9,False,Requires a joint-association and size-variable target,0,10,,False,,False
WDBC__13,,,,,,,not_applicable,569,,,treemap,Treemap,Requires a meaningful hierarchy and part-to-whole target,11,False,Requires a meaningful hierarchy and part-to-whole target,0,12,,False,,False
WDBC__13,,,,,,,not_applicable,569,,,choropleth,Choropleth map,Requires geographic identifiers and a geographic target,12,False,Requires geographic identifiers and a geographic target,0,13,,False,,False
WDBC__14,Binned,bins_4,10.0,0.0017652609577114425,98.24253075571178,True,qualifies,569,0.90077037484258,1.0,histogram,Histogram,Common bins with group probabilities,4,True,Implemented for the declared marginal comparison,5,5,1.0,True,1.0,True
WDBC__14,Binned,bins_4,10.0,0.0017652609577114425,98.24253075571178,True,qualifies,569,0.90077037484258,1.0,heatmap,Heatmap,Two-by-bin probability matrix with common bin boundaries,6,True,Implemented for the declared marginal comparison,5,7,2.0,False,1.0,True
WDBC__14,Density,density_8,18.0,0.0019514953107334226,96.8365553602812,True,qualifies,569,0.9958013034128568,3.0,violin,Violin plot,Sampled density on the declared grid,13,True,Implemented for the declared marginal comparison,6,14,3.0,False,3.0,False
WDBC__14,Observations,raw,569.0,0.0,0.0,True,qualifies,569,0.0,12.0,dot,Dot plot,Mean dots or all raw dots; report the chosen setting,10,True,Implemented for the declared marginal comparison,2,11,4.0,False,4.0,False
WDBC__14,Means,means,2.0,0.002047192378838327,0.0,False,does_not_qualify,569,1.0446332245696839,13.0,bar,Bar chart,Two group means,0,True,Implemented for the declared marginal comparison,1,1,5.0,False,5.0,False
WDBC__14,Five-number,five_number,10.0,0.009838399999999995,0.0,False,does_not_qualify,569,5.0202998129752325,14.0,box,Box plot,Five-number summary; min–max whiskers,5,True,Implemented for the declared marginal comparison,1,6,6.0,False,6.0,False
WDBC__14,Five-number,five_number,10.0,0.009838399999999995,0.0,False,does_not_qualify,569,5.0202998129752325,14.0,interval,Error-bar / interval plot,"Median dot, thick interquartile interval, thin min–max interval; not a confidence interval",14,True,Implemented for the declared marginal comparison,1,15,7.0,False,6.0,False
WDBC__14,,,,,,,not_applicable,569,,,line,Line chart,Requires an ordered-trend target; row order is not time,1,False,Requires an ordered-trend target; row order is not time,0,2,,False,,False
WDBC__14,,,,,,,not_applicable,569,,,scatter,Scatter plot,"Requires a joint-association target, not marginal contrast",2,False,"Requires a joint-association target, not marginal contrast",0,3,,False,,False
WDBC__14,,,,,,,not_applicable,569,,,pie,Pie chart,Requires a declared part-to-whole target,3,False,Requires a declared part-to-whole target,0,4,,False,,False
WDBC__14,,,,,,,not_applicable,569,,,stacked_bar,Stacked bar chart,Requires a declared component-composition target,7,False,Requires a declared component-composition target,0,8,,False,,False
WDBC__14,,,,,,,not_applicable,569,,,area,Area chart,Requires an ordered-trend or accumulation target,8,False,Requires an ordered-trend or accumulation target,0,9,,False,,False
WDBC__14,,,,,,,not_applicable,569,,,bubble,Bubble chart,Requires a joint-association and size-variable target,9,False,Requires a joint-association and size-variable target,0,10,,False,,False
WDBC__14,,,,,,,not_applicable,569,,,treemap,Treemap,Requires a meaningful hierarchy and part-to-whole target,11,False,Requires a meaningful hierarchy and part-to-whole target,0,12,,False,,False
WDBC__14,,,,,,,not_applicable,569,,,choropleth,Choropleth map,Requires geographic identifiers and a geographic target,12,False,Requires geographic identifiers and a geographic target,0,13,,False,,False
WDBC__15,Means,means,2.0,0.006328300618212098,99.64850615114236,True,qualifies,569,0.365189797583421,1.0,bar,Bar chart,Two group means,0,True,Implemented for the declared marginal comparison,1,1,1.0,True,1.0,True
WDBC__15,Means,means,2.0,0.006328300618212098,99.64850615114236,True,qualifies,569,0.365189797583421,1.0,dot,Dot plot,Mean dots or all raw dots; report the chosen setting,10,True,Implemented for the declared marginal comparison,2,11,2.0,False,1.0,True
WDBC__15,Binned,bins_4,10.0,0.008078225968616827,98.24253075571178,True,qualifies,569,0.46617344596783494,2.0,histogram,Histogram,Common bins with group probabilities,4,True,Implemented for the declared marginal comparison,5,5,3.0,False,3.0,False
WDBC__15,Binned,bins_4,10.0,0.008078225968616827,98.24253075571178,True,qualifies,569,0.46617344596783494,2.0,heatmap,Heatmap,Two-by-bin probability matrix with common bin boundaries,6,True,Implemented for the declared marginal comparison,5,7,4.0,False,3.0,False
WDBC__15,Five-number,five_number,10.0,0.012462415730337177,98.24253075571178,True,qualifies,569,0.7191736538028257,3.0,box,Box plot,Five-number summary; min–max whiskers,5,True,Implemented for the declared marginal comparison,1,6,5.0,False,5.0,False
WDBC__15,Five-number,five_number,10.0,0.012462415730337177,98.24253075571178,True,qualifies,569,0.7191736538028257,3.0,interval,Error-bar / interval plot,"Median dot, thick interquartile interval, thin min–max interval; not a confidence interval",14,True,Implemented for the declared marginal comparison,1,15,6.0,False,5.0,False
WDBC__15,Density,density_8,18.0,0.01518183043598871,96.8365553602812,True,qualifies,569,0.8761040156513497,5.0,violin,Violin plot,Sampled density on the declared grid,13,True,Implemented for the declared marginal comparison,6,14,7.0,False,7.0,False
WDBC__15,,,,,,,not_applicable,569,,,line,Line chart,Requires an ordered-trend target; row order is not time,1,False,Requires an ordered-trend target; row order is not time,0,2,,False,,False
WDBC__15,,,,,,,not_applicable,569,,,scatter,Scatter plot,"Requires a joint-association target, not marginal contrast",2,False,"Requires a joint-association target, not marginal contrast",0,3,,False,,False
WDBC__15,,,,,,,not_applicable,569,,,pie,Pie chart,Requires a declared part-to-whole target,3,False,Requires a declared part-to-whole target,0,4,,False,,False
WDBC__15,,,,,,,not_applicable,569,,,stacked_bar,Stacked bar chart,Requires a declared component-composition target,7,False,Requires a declared component-composition target,0,8,,False,,False
WDBC__15,,,,,,,not_applicable,569,,,area,Area chart,Requires an ordered-trend or accumulation target,8,False,Requires an ordered-trend or accumulation target,0,9,,False,,False
WDBC__15,,,,,,,not_applicable,569,,,bubble,Bubble chart,Requires a joint-association and size-variable target,9,False,Requires a joint-association and size-variable target,0,10,,False,,False
WDBC__15,,,,,,,not_applicable,569,,,treemap,Treemap,Requires a meaningful hierarchy and part-to-whole target,11,False,Requires a meaningful hierarchy and part-to-whole target,0,12,,False,,False
WDBC__15,,,,,,,not_applicable,569,,,choropleth,Choropleth map,Requires geographic identifiers and a geographic target,12,False,Requires geographic identifiers and a geographic target,0,13,,False,,False
WDBC__16,Means,means,2.0,0.006560816027907895,99.64850615114236,True,qualifies,569,0.2651988920220822,1.0,bar,Bar chart,Two group means,0,True,Implemented for the declared marginal comparison,1,1,1.0,True,1.0,True
WDBC__16,Means,means,2.0,0.006560816027907895,99.64850615114236,True,qualifies,569,0.2651988920220822,1.0,dot,Dot plot,Mean dots or all raw dots; report the chosen setting,10,True,Implemented for the declared marginal comparison,2,11,2.0,False,1.0,True
WDBC__16,Binned,bins_4,10.0,0.021822239976894857,98.24253075571178,True,qualifies,569,0.8820905568293964,2.0,histogram,Histogram,Common bins with group probabilities,4,True,Implemented for the declared marginal comparison,5,5,3.0,False,3.0,False
WDBC__16,Binned,bins_4,10.0,0.021822239976894857,98.24253075571178,True,qualifies,569,0.8820905568293964,2.0,heatmap,Heatmap,Two-by-bin probability matrix with common bin boundaries,6,True,Implemented for the declared marginal comparison,5,7,4.0,False,3.0,False
WDBC__16,Density,density_8,18.0,0.02236930472807242,96.8365553602812,True,qualifies,569,0.9042038069585712,4.0,violin,Violin plot,Sampled density on the declared grid,13,True,Implemented for the declared marginal comparison,6,14,5.0,False,5.0,False
WDBC__16,Five-number,five_number,10.0,0.21183921348314605,0.0,False,does_not_qualify,569,8.56288676036449,14.0,box,Box plot,Five-number summary; min–max whiskers,5,True,Implemented for the declared marginal comparison,1,6,6.0,False,6.0,False
WDBC__16,Five-number,five_number,10.0,0.21183921348314605,0.0,False,does_not_qualify,569,8.56288676036449,14.0,interval,Error-bar / interval plot,"Median dot, thick interquartile interval, thin min–max interval; not a confidence interval",14,True,Implemented for the declared marginal comparison,1,15,7.0,False,6.0,False
WDBC__16,,,,,,,not_applicable,569,,,line,Line chart,Requires an ordered-trend target; row order is not time,1,False,Requires an ordered-trend target; row order is not time,0,2,,False,,False
WDBC__16,,,,,,,not_applicable,569,,,scatter,Scatter plot,"Requires a joint-association target, not marginal contrast",2,False,"Requires a joint-association target, not marginal contrast",0,3,,False,,False
WDBC__16,,,,,,,not_applicable,569,,,pie,Pie chart,Requires a declared part-to-whole target,3,False,Requires a declared part-to-whole target,0,4,,False,,False
WDBC__16,,,,,,,not_applicable,569,,,stacked_bar,Stacked bar chart,Requires a declared component-composition target,7,False,Requires a declared component-composition target,0,8,,False,,False
WDBC__16,,,,,,,not_applicable,569,,,area,Area chart,Requires an ordered-trend or accumulation target,8,False,Requires an ordered-trend or accumulation target,0,9,,False,,False
WDBC__16,,,,,,,not_applicable,569,,,bubble,Bubble chart,Requires a joint-association and size-variable target,9,False,Requires a joint-association and size-variable target,0,10,,False,,False
WDBC__16,,,,,,,not_applicable,569,,,treemap,Treemap,Requires a meaningful hierarchy and part-to-whole target,11,False,Requires a meaningful hierarchy and part-to-whole target,0,12,,False,,False
WDBC__16,,,,,,,not_applicable,569,,,choropleth,Choropleth map,Requires geographic identifiers and a geographic target,12,False,Requires geographic identifiers and a geographic target,0,13,,False,,False
WDBC__17,Means,means,2.0,0.001702855120254589,99.64850615114236,True,qualifies,569,0.3759061346507805,1.0,bar,Bar chart,Two group means,0,True,Implemented for the declared marginal comparison,1,1,1.0,True,1.0,True
WDBC__17,Means,means,2.0,0.001702855120254589,99.64850615114236,True,qualifies,569,0.3759061346507805,1.0,dot,Dot plot,Mean dots or all raw dots; report the chosen setting,10,True,Implemented for the declared marginal comparison,2,11,2.0,False,1.0,True
WDBC__17,Binned,bins_8,18.0,0.001200286074474464,96.8365553602812,True,qualifies,569,0.2649637619572696,2.0,histogram,Histogram,Common bins with group probabilities,4,True,Implemented for the declared marginal comparison,5,5,3.0,False,3.0,False
WDBC__17,Binned,bins_8,18.0,0.001200286074474464,96.8365553602812,True,qualifies,569,0.2649637619572696,2.0,heatmap,Heatmap,Two-by-bin probability matrix with common bin boundaries,6,True,Implemented for the declared marginal comparison,5,7,4.0,False,3.0,False
WDBC__17,Density,density_8,18.0,0.0031541374327930163,96.8365553602812,True,qualifies,569,0.69627744393269,3.0,violin,Violin plot,Sampled density on the declared grid,13,True,Implemented for the declared marginal comparison,6,14,5.0,False,5.0,False
WDBC__17,Five-number,five_number,10.0,0.015174999999999998,0.0,False,does_not_qualify,569,3.349888974977947,14.0,box,Box plot,Five-number summary; min–max whiskers,5,True,Implemented for the declared marginal comparison,1,6,6.0,False,6.0,False
WDBC__17,Five-number,five_number,10.0,0.015174999999999998,0.0,False,does_not_qualify,569,3.349888974977947,14.0,interval,Error-bar / interval plot,"Median dot, thick interquartile interval, thin min–max interval; not a confidence interval",14,True,Implemented for the declared marginal comparison,1,15,7.0,False,6.0,False
WDBC__17,,,,,,,not_applicable,569,,,line,Line chart,Requires an ordered-trend target; row order is not time,1,False,Requires an ordered-trend target; row order is not time,0,2,,False,,False
WDBC__17,,,,,,,not_applicable,569,,,scatter,Scatter plot,"Requires a joint-association target, not marginal contrast",2,False,"Requires a joint-association target, not marginal contrast",0,3,,False,,False
WDBC__17,,,,,,,not_applicable,569,,,pie,Pie chart,Requires a declared part-to-whole target,3,False,Requires a declared part-to-whole target,0,4,,False,,False
WDBC__17,,,,,,,not_applicable,569,,,stacked_bar,Stacked bar chart,Requires a declared component-composition target,7,False,Requires a declared component-composition target,0,8,,False,,False
WDBC__17,,,,,,,not_applicable,569,,,area,Area chart,Requires an ordered-trend or accumulation target,8,False,Requires an ordered-trend or accumulation target,0,9,,False,,False
WDBC__17,,,,,,,not_applicable,569,,,bubble,Bubble chart,Requires a joint-association and size-variable target,9,False,Requires a joint-association and size-variable target,0,10,,False,,False
WDBC__17,,,,,,,not_applicable,569,,,treemap,Treemap,Requires a meaningful hierarchy and part-to-whole target,11,False,Requires a meaningful hierarchy and part-to-whole target,0,12,,False,,False
WDBC__17,,,,,,,not_applicable,569,,,choropleth,Choropleth map,Requires geographic identifiers and a geographic target,12,False,Requires geographic identifiers and a geographic target,0,13,,False,,False
WDBC__18,Means,means,2.0,0.010897661703463464,99.64850615114236,True,qualifies,569,0.7856928120217395,1.0,bar,Bar chart,Two group means,0,True,Implemented for the declared marginal comparison,1,1,1.0,True,1.0,True
WDBC__18,Means,means,2.0,0.010897661703463464,99.64850615114236,True,qualifies,569,0.7856928120217395,1.0,dot,Dot plot,Mean dots or all raw dots; report the chosen setting,10,True,Implemented for the declared marginal comparison,2,11,2.0,False,1.0,True
WDBC__18,Binned,bins_4,10.0,0.005243722909002518,98.24253075571178,True,qualifies,569,0.3780586615684364,2.0,histogram,Histogram,Common bins with group probabilities,4,True,Implemented for the declared marginal comparison,5,5,3.0,False,3.0,False
WDBC__18,Binned,bins_4,10.0,0.005243722909002518,98.24253075571178,True,qualifies,569,0.3780586615684364,2.0,heatmap,Heatmap,Two-by-bin probability matrix with common bin boundaries,6,True,Implemented for the declared marginal comparison,5,7,4.0,False,3.0,False
WDBC__18,Five-number,five_number,10.0,0.011571469194312803,98.24253075571178,True,qualifies,569,0.8342725639586596,3.0,box,Box plot,Five-number summary; min–max whiskers,5,True,Implemented for the declared marginal comparison,1,6,5.0,False,5.0,False
WDBC__18,Five-number,five_number,10.0,0.011571469194312803,98.24253075571178,True,qualifies,569,0.8342725639586596,3.0,interval,Error-bar / interval plot,"Median dot, thick interquartile interval, thin min–max interval; not a confidence interval",14,True,Implemented for the declared marginal comparison,1,15,6.0,False,5.0,False
WDBC__18,Density,density_8,18.0,0.007565218888463033,96.8365553602812,True,qualifies,569,0.5454324297979825,5.0,violin,Violin plot,Sampled density on the declared grid,13,True,Implemented for the declared marginal comparison,6,14,7.0,False,7.0,False
WDBC__18,,,,,,,not_applicable,569,,,line,Line chart,Requires an ordered-trend target; row order is not time,1,False,Requires an ordered-trend target; row order is not time,0,2,,False,,False
WDBC__18,,,,,,,not_applicable,569,,,scatter,Scatter plot,"Requires a joint-association target, not marginal contrast",2,False,"Requires a joint-association target, not marginal contrast",0,3,,False,,False
WDBC__18,,,,,,,not_applicable,569,,,pie,Pie chart,Requires a declared part-to-whole target,3,False,Requires a declared part-to-whole target,0,4,,False,,False
WDBC__18,,,,,,,not_applicable,569,,,stacked_bar,Stacked bar chart,Requires a declared component-composition target,7,False,Requires a declared component-composition target,0,8,,False,,False
WDBC__18,,,,,,,not_applicable,569,,,area,Area chart,Requires an ordered-trend or accumulation target,8,False,Requires an ordered-trend or accumulation target,0,9,,False,,False
WDBC__18,,,,,,,not_applicable,569,,,bubble,Bubble chart,Requires a joint-association and size-variable target,9,False,Requires a joint-association and size-variable target,0,10,,False,,False
WDBC__18,,,,,,,not_applicable,569,,,treemap,Treemap,Requires a meaningful hierarchy and part-to-whole target,11,False,Requires a meaningful hierarchy and part-to-whole target,0,12,,False,,False
WDBC__18,,,,,,,not_applicable,569,,,choropleth,Choropleth map,Requires geographic identifiers and a geographic target,12,False,Requires geographic identifiers and a geographic target,0,13,,False,,False
WDBC__19,Means,means,2.0,0.000930399343693386,99.64850615114236,True,qualifies,569,0.3580269340109141,1.0,bar,Bar chart,Two group means,0,True,Implemented for the declared marginal comparison,1,1,1.0,True,1.0,True
WDBC__19,Means,means,2.0,0.000930399343693386,99.64850615114236,True,qualifies,569,0.3580269340109141,1.0,dot,Dot plot,Mean dots or all raw dots; report the chosen setting,10,True,Implemented for the declared marginal comparison,2,11,2.0,False,1.0,True
WDBC__19,Binned,bins_4,10.0,0.0009790429532146767,98.24253075571178,True,qualifies,569,0.37674547943356784,2.0,histogram,Histogram,Common bins with group probabilities,4,True,Implemented for the declared marginal comparison,5,5,3.0,False,3.0,False
WDBC__19,Binned,bins_4,10.0,0.0009790429532146767,98.24253075571178,True,qualifies,569,0.37674547943356784,2.0,heatmap,Heatmap,Two-by-bin probability matrix with common bin boundaries,6,True,Implemented for the declared marginal comparison,5,7,4.0,False,3.0,False
WDBC__19,Density,density_8,18.0,0.001269069256258715,96.8365553602812,True,qualifies,569,0.48835048943838677,4.0,violin,Violin plot,Sampled density on the declared grid,13,True,Implemented for the declared marginal comparison,6,14,5.0,False,5.0,False
WDBC__19,Five-number,five_number,10.0,0.012952649999999996,0.0,False,does_not_qualify,569,4.9843087253345315,14.0,box,Box plot,Five-number summary; min–max whiskers,5,True,Implemented for the declared marginal comparison,1,6,6.0,False,6.0,False
WDBC__19,Five-number,five_number,10.0,0.012952649999999996,0.0,False,does_not_qualify,569,4.9843087253345315,14.0,interval,Error-bar / interval plot,"Median dot, thick interquartile interval, thin min–max interval; not a confidence interval",14,True,Implemented for the declared marginal comparison,1,15,7.0,False,6.0,False
WDBC__19,,,,,,,not_applicable,569,,,line,Line chart,Requires an ordered-trend target; row order is not time,1,False,Requires an ordered-trend target; row order is not time,0,2,,False,,False
WDBC__19,,,,,,,not_applicable,569,,,scatter,Scatter plot,"Requires a joint-association target, not marginal contrast",2,False,"Requires a joint-association target, not marginal contrast",0,3,,False,,False
WDBC__19,,,,,,,not_applicable,569,,,pie,Pie chart,Requires a declared part-to-whole target,3,False,Requires a declared part-to-whole target,0,4,,False,,False
WDBC__19,,,,,,,not_applicable,569,,,stacked_bar,Stacked bar chart,Requires a declared component-composition target,7,False,Requires a declared component-composition target,0,8,,False,,False
WDBC__19,,,,,,,not_applicable,569,,,area,Area chart,Requires an ordered-trend or accumulation target,8,False,Requires an ordered-trend or accumulation target,0,9,,False,,False
WDBC__19,,,,,,,not_applicable,569,,,bubble,Bubble chart,Requires a joint-association and size-variable target,9,False,Requires a joint-association and size-variable target,0,10,,False,,False
WDBC__19,,,,,,,not_applicable,569,,,treemap,Treemap,Requires a meaningful hierarchy and part-to-whole target,11,False,Requires a meaningful hierarchy and part-to-whole target,0,12,,False,,False
WDBC__19,,,,,,,not_applicable,569,,,choropleth,Choropleth map,Requires geographic identifiers and a geographic target,12,False,Requires geographic identifiers and a geographic target,0,13,,False,,False
WDBC__20,Binned,bins_8,18.0,0.9364824593717369,96.8365553602812,True,qualifies,569,0.36226565024738616,1.0,histogram,Histogram,Common bins with group probabilities,4,True,Implemented for the declared marginal comparison,5,5,1.0,True,1.0,True
WDBC__20,Binned,bins_8,18.0,0.9364824593717369,96.8365553602812,True,qualifies,569,0.36226565024738616,1.0,heatmap,Heatmap,Two-by-bin probability matrix with common bin boundaries,6,True,Implemented for the declared marginal comparison,5,7,2.0,False,1.0,True
WDBC__20,Density,density_8,18.0,1.460532376596806,96.8365553602812,True,qualifies,569,0.5649873159078311,2.0,violin,Violin plot,Sampled density on the declared grid,13,True,Implemented for the declared marginal comparison,6,14,3.0,False,3.0,False
WDBC__20,Observations,raw,569.0,0.0,0.0,True,qualifies,569,0.0,11.0,dot,Dot plot,Mean dots or all raw dots; report the chosen setting,10,True,Implemented for the declared marginal comparison,2,11,4.0,False,4.0,False
WDBC__20,Five-number,five_number,10.0,3.2488625592417044,0.0,False,does_not_qualify,569,1.2567788064900551,12.0,box,Box plot,Five-number summary; min–max whiskers,5,True,Implemented for the declared marginal comparison,1,6,5.0,False,5.0,False
WDBC__20,Five-number,five_number,10.0,3.2488625592417044,0.0,False,does_not_qualify,569,1.2567788064900551,12.0,interval,Error-bar / interval plot,"Median dot, thick interquartile interval, thin min–max interval; not a confidence interval",14,True,Implemented for the declared marginal comparison,1,15,6.0,False,5.0,False
WDBC__20,Means,means,2.0,4.531489799693452,0.0,False,does_not_qualify,569,1.7529459120640198,14.0,bar,Bar chart,Two group means,0,True,Implemented for the declared marginal comparison,1,1,7.0,False,7.0,False
WDBC__20,,,,,,,not_applicable,569,,,line,Line chart,Requires an ordered-trend target; row order is not time,1,False,Requires an ordered-trend target; row order is not time,0,2,,False,,False
WDBC__20,,,,,,,not_applicable,569,,,scatter,Scatter plot,"Requires a joint-association target, not marginal contrast",2,False,"Requires a joint-association target, not marginal contrast",0,3,,False,,False
WDBC__20,,,,,,,not_applicable,569,,,pie,Pie chart,Requires a declared part-to-whole target,3,False,Requires a declared part-to-whole target,0,4,,False,,False
WDBC__20,,,,,,,not_applicable,569,,,stacked_bar,Stacked bar chart,Requires a declared component-composition target,7,False,Requires a declared component-composition target,0,8,,False,,False
WDBC__20,,,,,,,not_applicable,569,,,area,Area chart,Requires an ordered-trend or accumulation target,8,False,Requires an ordered-trend or accumulation target,0,9,,False,,False
WDBC__20,,,,,,,not_applicable,569,,,bubble,Bubble chart,Requires a joint-association and size-variable target,9,False,Requires a joint-association and size-variable target,0,10,,False,,False
WDBC__20,,,,,,,not_applicable,569,,,treemap,Treemap,Requires a meaningful hierarchy and part-to-whole target,11,False,Requires a meaningful hierarchy and part-to-whole target,0,12,,False,,False
WDBC__20,,,,,,,not_applicable,569,,,choropleth,Choropleth map,Requires geographic identifiers and a geographic target,12,False,Requires geographic identifiers and a geographic target,0,13,,False,,False
WDBC__21,Means,means,2.0,1.7207217888215247,99.64850615114236,True,qualifies,569,0.45320581046664804,1.0,bar,Bar chart,Two group means,0,True,Implemented for the declared marginal comparison,1,1,1.0,True,1.0,True
WDBC__21,Means,means,2.0,1.7207217888215247,99.64850615114236,True,qualifies,569,0.45320581046664804,1.0,dot,Dot plot,Mean dots or all raw dots; report the chosen setting,10,True,Implemented for the declared marginal comparison,2,11,2.0,False,1.0,True
WDBC__21,Binned,bins_4,10.0,2.8215031221378197,98.24253075571178,True,qualifies,569,0.7431309451125215,2.0,histogram,Histogram,Common bins with group probabilities,4,True,Implemented for the declared marginal comparison,5,5,3.0,False,3.0,False
WDBC__21,Binned,bins_4,10.0,2.8215031221378197,98.24253075571178,True,qualifies,569,0.7431309451125215,2.0,heatmap,Heatmap,Two-by-bin probability matrix with common bin boundaries,6,True,Implemented for the declared marginal comparison,5,7,4.0,False,3.0,False
WDBC__21,Five-number,five_number,10.0,3.1092417061611357,98.24253075571178,True,qualifies,569,0.8189158854915954,3.0,box,Box plot,Five-number summary; min–max whiskers,5,True,Implemented for the declared marginal comparison,1,6,5.0,False,5.0,False
WDBC__21,Five-number,five_number,10.0,3.1092417061611357,98.24253075571178,True,qualifies,569,0.8189158854915954,3.0,interval,Error-bar / interval plot,"Median dot, thick interquartile interval, thin min–max interval; not a confidence interval",14,True,Implemented for the declared marginal comparison,1,15,6.0,False,5.0,False
WDBC__21,Density,density_8,18.0,2.114054745429101,96.8365553602812,True,qualifies,569,0.5568023259176818,5.0,violin,Violin plot,Sampled density on the declared grid,13,True,Implemented for the declared marginal comparison,6,14,7.0,False,7.0,False
WDBC__21,,,,,,,not_applicable,569,,,line,Line chart,Requires an ordered-trend target; row order is not time,1,False,Requires an ordered-trend target; row order is not time,0,2,,False,,False
WDBC__21,,,,,,,not_applicable,569,,,scatter,Scatter plot,"Requires a joint-association target, not marginal contrast",2,False,"Requires a joint-association target, not marginal contrast",0,3,,False,,False
WDBC__21,,,,,,,not_applicable,569,,,pie,Pie chart,Requires a declared part-to-whole target,3,False,Requires a declared part-to-whole target,0,4,,False,,False
WDBC__21,,,,,,,not_applicable,569,,,stacked_bar,Stacked bar chart,Requires a declared component-composition target,7,False,Requires a declared component-composition target,0,8,,False,,False
WDBC__21,,,,,,,not_applicable,569,,,area,Area chart,Requires an ordered-trend or accumulation target,8,False,Requires an ordered-trend or accumulation target,0,9,,False,,False
WDBC__21,,,,,,,not_applicable,569,,,bubble,Bubble chart,Requires a joint-association and size-variable target,9,False,Requires a joint-association and size-variable target,0,10,,False,,False
WDBC__21,,,,,,,not_applicable,569,,,treemap,Treemap,Requires a meaningful hierarchy and part-to-whole target,11,False,Requires a meaningful hierarchy and part-to-whole target,0,12,,False,,False
WDBC__21,,,,,,,not_applicable,569,,,choropleth,Choropleth map,Requires geographic identifiers and a geographic target,12,False,Requires geographic identifiers and a geographic target,0,13,,False,,False
WDBC__22,Density,density_8,18.0,6.642277968273248,96.8365553602812,True,qualifies,569,0.37774698771920134,1.0,violin,Violin plot,Sampled density on the declared grid,13,True,Implemented for the declared marginal comparison,6,14,1.0,True,1.0,True
WDBC__22,Binned,bins_8,18.0,7.50409170991005,96.8365553602812,True,qualifies,569,0.42675841820032384,2.0,histogram,Histogram,Common bins with group probabilities,4,True,Implemented for the declared marginal comparison,5,5,2.0,False,2.0,False
WDBC__22,Binned,bins_8,18.0,7.50409170991005,96.8365553602812,True,qualifies,569,0.42675841820032384,2.0,heatmap,Heatmap,Two-by-bin probability matrix with common bin boundaries,6,True,Implemented for the declared marginal comparison,5,7,3.0,False,2.0,False
WDBC__22,Observations,raw,569.0,0.0,0.0,True,qualifies,569,0.0,11.0,dot,Dot plot,Mean dots or all raw dots; report the chosen setting,10,True,Implemented for the declared marginal comparison,2,11,4.0,False,4.0,False
WDBC__22,Five-number,five_number,10.0,29.227109004739347,0.0,False,does_not_qualify,569,1.6621485037235129,13.0,box,Box plot,Five-number summary; min–max whiskers,5,True,Implemented for the declared marginal comparison,1,6,5.0,False,5.0,False
WDBC__22,Five-number,five_number,10.0,29.227109004739347,0.0,False,does_not_qualify,569,1.6621485037235129,13.0,interval,Error-bar / interval plot,"Median dot, thick interquartile interval, thin min–max interval; not a confidence interval",14,True,Implemented for the declared marginal comparison,1,15,6.0,False,5.0,False
WDBC__22,Means,means,2.0,33.27560818667084,0.0,False,does_not_qualify,569,1.8923870420778233,14.0,bar,Bar chart,Two group means,0,True,Implemented for the declared marginal comparison,1,1,7.0,False,7.0,False
WDBC__22,,,,,,,not_applicable,569,,,line,Line chart,Requires an ordered-trend target; row order is not time,1,False,Requires an ordered-trend target; row order is not time,0,2,,False,,False
WDBC__22,,,,,,,not_applicable,569,,,scatter,Scatter plot,"Requires a joint-association target, not marginal contrast",2,False,"Requires a joint-association target, not marginal contrast",0,3,,False,,False
WDBC__22,,,,,,,not_applicable,569,,,pie,Pie chart,Requires a declared part-to-whole target,3,False,Requires a declared part-to-whole target,0,4,,False,,False
WDBC__22,,,,,,,not_applicable,569,,,stacked_bar,Stacked bar chart,Requires a declared component-composition target,7,False,Requires a declared component-composition target,0,8,,False,,False
WDBC__22,,,,,,,not_applicable,569,,,area,Area chart,Requires an ordered-trend or accumulation target,8,False,Requires an ordered-trend or accumulation target,0,9,,False,,False
WDBC__22,,,,,,,not_applicable,569,,,bubble,Bubble chart,Requires a joint-association and size-variable target,9,False,Requires a joint-association and size-variable target,0,10,,False,,False
WDBC__22,,,,,,,not_applicable,569,,,treemap,Treemap,Requires a meaningful hierarchy and part-to-whole target,11,False,Requires a meaningful hierarchy and part-to-whole target,0,12,,False,,False
WDBC__22,,,,,,,not_applicable,569,,,choropleth,Choropleth map,Requires geographic identifiers and a geographic target,12,False,Requires geographic identifiers and a geographic target,0,13,,False,,False
WDBC__23,Binned,bins_4,10.0,355.47055432978516,98.24253075571178,True,qualifies,569,0.8735120510239847,1.0,histogram,Histogram,Common bins with group probabilities,4,True,Implemented for the declared marginal comparison,5,5,1.0,True,1.0,True
WDBC__23,Binned,bins_4,10.0,355.47055432978516,98.24253075571178,True,qualifies,569,0.8735120510239847,1.0,heatmap,Heatmap,Two-by-bin probability matrix with common bin boundaries,6,True,Implemented for the declared marginal comparison,5,7,2.0,False,1.0,True
WDBC__23,Density,density_16,34.0,111.15397298163555,94.02460456942003,True,qualifies,569,0.2731431161765779,4.0,violin,Violin plot,Sampled density on the declared grid,13,True,Implemented for the declared marginal comparison,6,14,3.0,False,3.0,False
WDBC__23,Observations,raw,569.0,0.0,0.0,True,qualifies,569,0.0,11.0,dot,Dot plot,Mean dots or all raw dots; report the chosen setting,10,True,Implemented for the declared marginal comparison,2,11,4.0,False,4.0,False
WDBC__23,Means,means,2.0,833.2831190211924,0.0,False,does_not_qualify,569,2.047660031228851,13.0,bar,Bar chart,Two group means,0,True,Implemented for the declared marginal comparison,1,1,5.0,False,5.0,False
WDBC__23,Five-number,five_number,10.0,976.3672985781989,0.0,False,does_not_qualify,569,2.3992665247387754,14.0,box,Box plot,Five-number summary; min–max whiskers,5,True,Implemented for the declared marginal comparison,1,6,6.0,False,6.0,False
WDBC__23,Five-number,five_number,10.0,976.3672985781989,0.0,False,does_not_qualify,569,2.3992665247387754,14.0,interval,Error-bar / interval plot,"Median dot, thick interquartile interval, thin min–max interval; not a confidence interval",14,True,Implemented for the declared marginal comparison,1,15,7.0,False,6.0,False
WDBC__23,,,,,,,not_applicable,569,,,line,Line chart,Requires an ordered-trend target; row order is not time,1,False,Requires an ordered-trend target; row order is not time,0,2,,False,,False
WDBC__23,,,,,,,not_applicable,569,,,scatter,Scatter plot,"Requires a joint-association target, not marginal contrast",2,False,"Requires a joint-association target, not marginal contrast",0,3,,False,,False
WDBC__23,,,,,,,not_applicable,569,,,pie,Pie chart,Requires a declared part-to-whole target,3,False,Requires a declared part-to-whole target,0,4,,False,,False
WDBC__23,,,,,,,not_applicable,569,,,stacked_bar,Stacked bar chart,Requires a declared component-composition target,7,False,Requires a declared component-composition target,0,8,,False,,False
WDBC__23,,,,,,,not_applicable,569,,,area,Area chart,Requires an ordered-trend or accumulation target,8,False,Requires an ordered-trend or accumulation target,0,9,,False,,False
WDBC__23,,,,,,,not_applicable,569,,,bubble,Bubble chart,Requires a joint-association and size-variable target,9,False,Requires a joint-association and size-variable target,0,10,,False,,False
WDBC__23,,,,,,,not_applicable,569,,,treemap,Treemap,Requires a meaningful hierarchy and part-to-whole target,11,False,Requires a meaningful hierarchy and part-to-whole target,0,12,,False,,False
WDBC__23,,,,,,,not_applicable,569,,,choropleth,Choropleth map,Requires geographic identifiers and a geographic target,12,False,Requires geographic identifiers and a geographic target,0,13,,False,,False
WDBC__24,Means,means,2.0,0.0063642599492626795,99.64850615114236,True,qualifies,569,0.5464863201983082,1.0,bar,Bar chart,Two group means,0,True,Implemented for the declared marginal comparison,1,1,1.0,True,1.0,True
WDBC__24,Means,means,2.0,0.0063642599492626795,99.64850615114236,True,qualifies,569,0.5464863201983082,1.0,dot,Dot plot,Mean dots or all raw dots; report the chosen setting,10,True,Implemented for the declared marginal comparison,2,11,2.0,False,1.0,True
WDBC__24,Five-number,five_number,10.0,0.004974999999999952,98.24253075571178,True,qualifies,569,0.42719333664262654,2.0,box,Box plot,Five-number summary; min–max whiskers,5,True,Implemented for the declared marginal comparison,1,6,3.0,False,3.0,False
WDBC__24,Five-number,five_number,10.0,0.004974999999999952,98.24253075571178,True,qualifies,569,0.42719333664262654,2.0,interval,Error-bar / interval plot,"Median dot, thick interquartile interval, thin min–max interval; not a confidence interval",14,True,Implemented for the declared marginal comparison,1,15,4.0,False,3.0,False
WDBC__24,Binned,bins_8,18.0,0.003686866536899147,96.8365553602812,True,qualifies,569,0.31658388294552914,3.0,histogram,Histogram,Common bins with group probabilities,4,True,Implemented for the declared marginal comparison,5,5,5.0,False,5.0,False
WDBC__24,Binned,bins_8,18.0,0.003686866536899147,96.8365553602812,True,qualifies,569,0.31658388294552914,3.0,heatmap,Heatmap,Two-by-bin probability matrix with common bin boundaries,6,True,Implemented for the declared marginal comparison,5,7,6.0,False,5.0,False
WDBC__24,Density,density_8,18.0,0.005036920377189225,96.8365553602812,True,qualifies,569,0.4325103160471805,4.0,violin,Violin plot,Sampled density on the declared grid,13,True,Implemented for the declared marginal comparison,6,14,7.0,False,7.0,False
WDBC__24,,,,,,,not_applicable,569,,,line,Line chart,Requires an ordered-trend target; row order is not time,1,False,Requires an ordered-trend target; row order is not time,0,2,,False,,False
WDBC__24,,,,,,,not_applicable,569,,,scatter,Scatter plot,"Requires a joint-association target, not marginal contrast",2,False,"Requires a joint-association target, not marginal contrast",0,3,,False,,False
WDBC__24,,,,,,,not_applicable,569,,,pie,Pie chart,Requires a declared part-to-whole target,3,False,Requires a declared part-to-whole target,0,4,,False,,False
WDBC__24,,,,,,,not_applicable,569,,,stacked_bar,Stacked bar chart,Requires a declared component-composition target,7,False,Requires a declared component-composition target,0,8,,False,,False
WDBC__24,,,,,,,not_applicable,569,,,area,Area chart,Requires an ordered-trend or accumulation target,8,False,Requires an ordered-trend or accumulation target,0,9,,False,,False
WDBC__24,,,,,,,not_applicable,569,,,bubble,Bubble chart,Requires a joint-association and size-variable target,9,False,Requires a joint-association and size-variable target,0,10,,False,,False
WDBC__24,,,,,,,not_applicable,569,,,treemap,Treemap,Requires a meaningful hierarchy and part-to-whole target,11,False,Requires a meaningful hierarchy and part-to-whole target,0,12,,False,,False
WDBC__24,,,,,,,not_applicable,569,,,choropleth,Choropleth map,Requires geographic identifiers and a geographic target,12,False,Requires geographic identifiers and a geographic target,0,13,,False,,False
WDBC__25,Binned,bins_4,10.0,0.07641496862567165,98.24253075571178,True,qualifies,569,0.7104076192121825,1.0,histogram,Histogram,Common bins with group probabilities,4,True,Implemented for the declared marginal comparison,5,5,1.0,True,1.0,True
WDBC__25,Binned,bins_4,10.0,0.07641496862567165,98.24253075571178,True,qualifies,569,0.7104076192121825,1.0,heatmap,Heatmap,Two-by-bin probability matrix with common bin boundaries,6,True,Implemented for the declared marginal comparison,5,7,2.0,False,1.0,True
WDBC__25,Five-number,five_number,10.0,0.09807640449438215,98.24253075571178,True,qualifies,569,0.911787654576592,2.0,box,Box plot,Five-number summary; min–max whiskers,5,True,Implemented for the declared marginal comparison,1,6,3.0,False,3.0,False
WDBC__25,Five-number,five_number,10.0,0.09807640449438215,98.24253075571178,True,qualifies,569,0.911787654576592,2.0,interval,Error-bar / interval plot,"Median dot, thick interquartile interval, thin min–max interval; not a confidence interval",14,True,Implemented for the declared marginal comparison,1,15,4.0,False,3.0,False
WDBC__25,Density,density_8,18.0,0.06519571753814618,96.8365553602812,True,qualifies,569,0.6061055224138983,4.0,violin,Violin plot,Sampled density on the declared grid,13,True,Implemented for the declared marginal comparison,6,14,5.0,False,5.0,False
WDBC__25,Observations,raw,569.0,0.0,0.0,True,qualifies,569,0.0,13.0,dot,Dot plot,Mean dots or all raw dots; report the chosen setting,10,True,Implemented for the declared marginal comparison,2,11,6.0,False,6.0,False
WDBC__25,Means,means,2.0,0.15191344524602282,0.0,False,does_not_qualify,569,1.4122948802375268,14.0,bar,Bar chart,Two group means,0,True,Implemented for the declared marginal comparison,1,1,7.0,False,7.0,False
WDBC__25,,,,,,,not_applicable,569,,,line,Line chart,Requires an ordered-trend target; row order is not time,1,False,Requires an ordered-trend target; row order is not time,0,2,,False,,False
WDBC__25,,,,,,,not_applicable,569,,,scatter,Scatter plot,"Requires a joint-association target, not marginal contrast",2,False,"Requires a joint-association target, not marginal contrast",0,3,,False,,False
WDBC__25,,,,,,,not_applicable,569,,,pie,Pie chart,Requires a declared part-to-whole target,3,False,Requires a declared part-to-whole target,0,4,,False,,False
WDBC__25,,,,,,,not_applicable,569,,,stacked_bar,Stacked bar chart,Requires a declared component-composition target,7,False,Requires a declared component-composition target,0,8,,False,,False
WDBC__25,,,,,,,not_applicable,569,,,area,Area chart,Requires an ordered-trend or accumulation target,8,False,Requires an ordered-trend or accumulation target,0,9,,False,,False
WDBC__25,,,,,,,not_applicable,569,,,bubble,Bubble chart,Requires a joint-association and size-variable target,9,False,Requires a joint-association and size-variable target,0,10,,False,,False
WDBC__25,,,,,,,not_applicable,569,,,treemap,Treemap,Requires a meaningful hierarchy and part-to-whole target,11,False,Requires a meaningful hierarchy and part-to-whole target,0,12,,False,,False
WDBC__25,,,,,,,not_applicable,569,,,choropleth,Choropleth map,Requires geographic identifiers and a geographic target,12,False,Requires geographic identifiers and a geographic target,0,13,,False,,False
WDBC__26,Means,means,2.0,0.09011754990976684,99.64850615114236,True,qualifies,569,0.6892852829981586,1.0,bar,Bar chart,Two group means,0,True,Implemented for the declared marginal comparison,1,1,1.0,True,1.0,True
WDBC__26,Means,means,2.0,0.09011754990976684,99.64850615114236,True,qualifies,569,0.6892852829981586,1.0,dot,Dot plot,Mean dots or all raw dots; report the chosen setting,10,True,Implemented for the declared marginal comparison,2,11,2.0,False,1.0,True
WDBC__26,Binned,bins_8,18.0,0.05325766710526317,96.8365553602812,True,qualifies,569,0.40735379711532177,2.0,histogram,Histogram,Common bins with group probabilities,4,True,Implemented for the declared marginal comparison,5,5,3.0,False,3.0,False
WDBC__26,Binned,bins_8,18.0,0.05325766710526317,96.8365553602812,True,qualifies,569,0.40735379711532177,2.0,heatmap,Heatmap,Two-by-bin probability matrix with common bin boundaries,6,True,Implemented for the declared marginal comparison,5,7,4.0,False,3.0,False
WDBC__26,Density,density_8,18.0,0.07636311886857194,96.8365553602812,True,qualifies,569,0.584081281089523,3.0,violin,Violin plot,Sampled density on the declared grid,13,True,Implemented for the declared marginal comparison,6,14,5.0,False,5.0,False
WDBC__26,Five-number,five_number,10.0,0.37292999999999976,0.0,False,does_not_qualify,569,2.8524428465475156,14.0,box,Box plot,Five-number summary; min–max whiskers,5,True,Implemented for the declared marginal comparison,1,6,6.0,False,6.0,False
WDBC__26,Five-number,five_number,10.0,0.37292999999999976,0.0,False,does_not_qualify,569,2.8524428465475156,14.0,interval,Error-bar / interval plot,"Median dot, thick interquartile interval, thin min–max interval; not a confidence interval",14,True,Implemented for the declared marginal comparison,1,15,7.0,False,6.0,False
WDBC__26,,,,,,,not_applicable,569,,,line,Line chart,Requires an ordered-trend target; row order is not time,1,False,Requires an ordered-trend target; row order is not time,0,2,,False,,False
WDBC__26,,,,,,,not_applicable,569,,,scatter,Scatter plot,"Requires a joint-association target, not marginal contrast",2,False,"Requires a joint-association target, not marginal contrast",0,3,,False,,False
WDBC__26,,,,,,,not_applicable,569,,,pie,Pie chart,Requires a declared part-to-whole target,3,False,Requires a declared part-to-whole target,0,4,,False,,False
WDBC__26,,,,,,,not_applicable,569,,,stacked_bar,Stacked bar chart,Requires a declared component-composition target,7,False,Requires a declared component-composition target,0,8,,False,,False
WDBC__26,,,,,,,not_applicable,569,,,area,Area chart,Requires an ordered-trend or accumulation target,8,False,Requires an ordered-trend or accumulation target,0,9,,False,,False
WDBC__26,,,,,,,not_applicable,569,,,bubble,Bubble chart,Requires a joint-association and size-variable target,9,False,Requires a joint-association and size-variable target,0,10,,False,,False
WDBC__26,,,,,,,not_applicable,569,,,treemap,Treemap,Requires a meaningful hierarchy and part-to-whole target,11,False,Requires a meaningful hierarchy and part-to-whole target,0,12,,False,,False
WDBC__26,,,,,,,not_applicable,569,,,choropleth,Choropleth map,Requires geographic identifiers and a geographic target,12,False,Requires geographic identifiers and a geographic target,0,13,,False,,False
WDBC__27,Means,means,2.0,0.01899242647548738,99.64850615114236,True,qualifies,569,0.7356529028399295,1.0,bar,Bar chart,Two group means,0,True,Implemented for the declared marginal comparison,1,1,1.0,True,1.0,True
WDBC__27,Means,means,2.0,0.01899242647548738,99.64850615114236,True,qualifies,569,0.7356529028399295,1.0,dot,Dot plot,Mean dots or all raw dots; report the chosen setting,10,True,Implemented for the declared marginal comparison,2,11,2.0,False,1.0,True
WDBC__27,Binned,bins_4,10.0,0.01840415909967641,98.24253075571178,True,qualifies,569,0.7128669463840805,2.0,histogram,Histogram,Common bins with group probabilities,4,True,Implemented for the declared marginal comparison,5,5,3.0,False,3.0,False
WDBC__27,Binned,bins_4,10.0,0.01840415909967641,98.24253075571178,True,qualifies,569,0.7128669463840805,2.0,heatmap,Heatmap,Two-by-bin probability matrix with common bin boundaries,6,True,Implemented for the declared marginal comparison,5,7,4.0,False,3.0,False
WDBC__27,Density,density_8,18.0,0.014141079266476148,96.8365553602812,True,qualifies,569,0.5477407547213243,4.0,violin,Violin plot,Sampled density on the declared grid,13,True,Implemented for the declared marginal comparison,6,14,5.0,False,5.0,False
WDBC__27,Five-number,five_number,10.0,0.052897000000000007,0.0,False,does_not_qualify,569,2.0489131102730864,14.0,box,Box plot,Five-number summary; min–max whiskers,5,True,Implemented for the declared marginal comparison,1,6,6.0,False,6.0,False
WDBC__27,Five-number,five_number,10.0,0.052897000000000007,0.0,False,does_not_qualify,569,2.0489131102730864,14.0,interval,Error-bar / interval plot,"Median dot, thick interquartile interval, thin min–max interval; not a confidence interval",14,True,Implemented for the declared marginal comparison,1,15,7.0,False,6.0,False
WDBC__27,,,,,,,not_applicable,569,,,line,Line chart,Requires an ordered-trend target; row order is not time,1,False,Requires an ordered-trend target; row order is not time,0,2,,False,,False
WDBC__27,,,,,,,not_applicable,569,,,scatter,Scatter plot,"Requires a joint-association target, not marginal contrast",2,False,"Requires a joint-association target, not marginal contrast",0,3,,False,,False
WDBC__27,,,,,,,not_applicable,569,,,pie,Pie chart,Requires a declared part-to-whole target,3,False,Requires a declared part-to-whole target,0,4,,False,,False
WDBC__27,,,,,,,not_applicable,569,,,stacked_bar,Stacked bar chart,Requires a declared component-composition target,7,False,Requires a declared component-composition target,0,8,,False,,False
WDBC__27,,,,,,,not_applicable,569,,,area,Area chart,Requires an ordered-trend or accumulation target,8,False,Requires an ordered-trend or accumulation target,0,9,,False,,False
WDBC__27,,,,,,,not_applicable,569,,,bubble,Bubble chart,Requires a joint-association and size-variable target,9,False,Requires a joint-association and size-variable target,0,10,,False,,False
WDBC__27,,,,,,,not_applicable,569,,,treemap,Treemap,Requires a meaningful hierarchy and part-to-whole target,11,False,Requires a meaningful hierarchy and part-to-whole target,0,12,,False,,False
WDBC__27,,,,,,,not_applicable,569,,,choropleth,Choropleth map,Requires geographic identifiers and a geographic target,12,False,Requires geographic identifiers and a geographic target,0,13,,False,,False
WDBC__28,Binned,bins_8,18.0,0.017642447891074553,96.8365553602812,True,qualifies,569,0.33827773922616106,1.0,histogram,Histogram,Common bins with group probabilities,4,True,Implemented for the declared marginal comparison,5,5,1.0,True,1.0,True
WDBC__28,Binned,bins_8,18.0,0.017642447891074553,96.8365553602812,True,qualifies,569,0.33827773922616106,1.0,heatmap,Heatmap,Two-by-bin probability matrix with common bin boundaries,6,True,Implemented for the declared marginal comparison,5,7,2.0,False,1.0,True
WDBC__28,Density,density_8,18.0,0.023134813387629904,96.8365553602812,True,qualifies,569,0.4435888045981305,2.0,violin,Violin plot,Sampled density on the declared grid,13,True,Implemented for the declared marginal comparison,6,14,3.0,False,3.0,False
WDBC__28,Observations,raw,569.0,0.0,0.0,True,qualifies,569,0.0,11.0,dot,Dot plot,Mean dots or all raw dots; report the chosen setting,10,True,Implemented for the declared marginal comparison,2,11,4.0,False,4.0,False
WDBC__28,Five-number,five_number,10.0,0.07944170616113738,0.0,False,does_not_qualify,569,1.5232217732128874,13.0,box,Box plot,Five-number summary; min–max whiskers,5,True,Implemented for the declared marginal comparison,1,6,5.0,False,5.0,False
WDBC__28,Five-number,five_number,10.0,0.07944170616113738,0.0,False,does_not_qualify,569,1.5232217732128874,13.0,interval,Error-bar / interval plot,"Median dot, thick interquartile interval, thin min–max interval; not a confidence interval",14,True,Implemented for the declared marginal comparison,1,15,6.0,False,5.0,False
WDBC__28,Means,means,2.0,0.08134402508300337,0.0,False,does_not_qualify,569,1.5596969918531267,14.0,bar,Bar chart,Two group means,0,True,Implemented for the declared marginal comparison,1,1,7.0,False,7.0,False
WDBC__28,,,,,,,not_applicable,569,,,line,Line chart,Requires an ordered-trend target; row order is not time,1,False,Requires an ordered-trend target; row order is not time,0,2,,False,,False
WDBC__28,,,,,,,not_applicable,569,,,scatter,Scatter plot,"Requires a joint-association target, not marginal contrast",2,False,"Requires a joint-association target, not marginal contrast",0,3,,False,,False
WDBC__28,,,,,,,not_applicable,569,,,pie,Pie chart,Requires a declared part-to-whole target,3,False,Requires a declared part-to-whole target,0,4,,False,,False
WDBC__28,,,,,,,not_applicable,569,,,stacked_bar,Stacked bar chart,Requires a declared component-composition target,7,False,Requires a declared component-composition target,0,8,,False,,False
WDBC__28,,,,,,,not_applicable,569,,,area,Area chart,Requires an ordered-trend or accumulation target,8,False,Requires an ordered-trend or accumulation target,0,9,,False,,False
WDBC__28,,,,,,,not_applicable,569,,,bubble,Bubble chart,Requires a joint-association and size-variable target,9,False,Requires a joint-association and size-variable target,0,10,,False,,False
WDBC__28,,,,,,,not_applicable,569,,,treemap,Treemap,Requires a meaningful hierarchy and part-to-whole target,11,False,Requires a meaningful hierarchy and part-to-whole target,0,12,,False,,False
WDBC__28,,,,,,,not_applicable,569,,,choropleth,Choropleth map,Requires geographic identifiers and a geographic target,12,False,Requires geographic identifiers and a geographic target,0,13,,False,,False
WDBC__29,Means,means,2.0,0.012271895279841863,99.64850615114236,True,qualifies,569,0.9138173170100091,1.0,bar,Bar chart,Two group means,0,True,Implemented for the declared marginal comparison,1,1,1.0,True,1.0,True
WDBC__29,Means,means,2.0,0.012271895279841863,99.64850615114236,True,qualifies,569,0.9138173170100091,1.0,dot,Dot plot,Mean dots or all raw dots; report the chosen setting,10,True,Implemented for the declared marginal comparison,2,11,2.0,False,1.0,True
WDBC__29,Binned,bins_4,10.0,0.010681580021873874,98.24253075571178,True,qualifies,569,0.7953957049364814,2.0,histogram,Histogram,Common bins with group probabilities,4,True,Implemented for the declared marginal comparison,5,5,3.0,False,3.0,False
WDBC__29,Binned,bins_4,10.0,0.010681580021873874,98.24253075571178,True,qualifies,569,0.7953957049364814,2.0,heatmap,Heatmap,Two-by-bin probability matrix with common bin boundaries,6,True,Implemented for the declared marginal comparison,5,7,4.0,False,3.0,False
WDBC__29,Density,density_8,18.0,0.008888406607676105,96.8365553602812,True,qualifies,569,0.6618684150656541,4.0,violin,Violin plot,Sampled density on the declared grid,13,True,Implemented for the declared marginal comparison,6,14,5.0,False,5.0,False
WDBC__29,Five-number,five_number,10.0,0.026733554502369666,0.0,False,does_not_qualify,569,1.9906937349461395,14.0,box,Box plot,Five-number summary; min–max whiskers,5,True,Implemented for the declared marginal comparison,1,6,6.0,False,6.0,False
WDBC__29,Five-number,five_number,10.0,0.026733554502369666,0.0,False,does_not_qualify,569,1.9906937349461395,14.0,interval,Error-bar / interval plot,"Median dot, thick interquartile interval, thin min–max interval; not a confidence interval",14,True,Implemented for the declared marginal comparison,1,15,7.0,False,6.0,False
WDBC__29,,,,,,,not_applicable,569,,,line,Line chart,Requires an ordered-trend target; row order is not time,1,False,Requires an ordered-trend target; row order is not time,0,2,,False,,False
WDBC__29,,,,,,,not_applicable,569,,,scatter,Scatter plot,"Requires a joint-association target, not marginal contrast",2,False,"Requires a joint-association target, not marginal contrast",0,3,,False,,False
WDBC__29,,,,,,,not_applicable,569,,,pie,Pie chart,Requires a declared part-to-whole target,3,False,Requires a declared part-to-whole target,0,4,,False,,False
WDBC__29,,,,,,,not_applicable,569,,,stacked_bar,Stacked bar chart,Requires a declared component-composition target,7,False,Requires a declared component-composition target,0,8,,False,,False
WDBC__29,,,,,,,not_applicable,569,,,area,Area chart,Requires an ordered-trend or accumulation target,8,False,Requires an ordered-trend or accumulation target,0,9,,False,,False
WDBC__29,,,,,,,not_applicable,569,,,bubble,Bubble chart,Requires a joint-association and size-variable target,9,False,Requires a joint-association and size-variable target,0,10,,False,,False
WDBC__29,,,,,,,not_applicable,569,,,treemap,Treemap,Requires a meaningful hierarchy and part-to-whole target,11,False,Requires a meaningful hierarchy and part-to-whole target,0,12,,False,,False
WDBC__29,,,,,,,not_applicable,569,,,choropleth,Choropleth map,Requires geographic identifiers and a geographic target,12,False,Requires geographic identifiers and a geographic target,0,13,,False,,False
Cleveland__00,Means,means,2.0,5.040533426917001,99.33993399339934,True,qualifies,303,0.8400889044861669,1.0,bar,Bar chart,Two group means,0,True,Implemented for the declared marginal comparison,1,1,1.0,True,1.0,True
Cleveland__00,Means,means,2.0,5.040533426917001,99.33993399339934,True,qualifies,303,0.8400889044861669,1.0,dot,Dot plot,Mean dots or all raw dots; report the chosen setting,10,True,Implemented for the declared marginal comparison,2,11,2.0,False,1.0,True
Cleveland__00,Binned,bins_4,10.0,2.3276227696580847,96.69966996699671,True,qualifies,303,0.38793712827634746,2.0,histogram,Histogram,Common bins with group probabilities,4,True,Implemented for the declared marginal comparison,5,5,3.0,False,3.0,False
Cleveland__00,Binned,bins_4,10.0,2.3276227696580847,96.69966996699671,True,qualifies,303,0.38793712827634746,2.0,heatmap,Heatmap,Two-by-bin probability matrix with common bin boundaries,6,True,Implemented for the declared marginal comparison,5,7,4.0,False,3.0,False
Cleveland__00,Five-number,five_number,10.0,4.208588957055213,96.69966996699671,True,qualifies,303,0.7014314928425355,3.0,box,Box plot,Five-number summary; min–max whiskers,5,True,Implemented for the declared marginal comparison,1,6,5.0,False,5.0,False
Cleveland__00,Five-number,five_number,10.0,4.208588957055213,96.69966996699671,True,qualifies,303,0.7014314928425355,3.0,interval,Error-bar / interval plot,"Median dot, thick interquartile interval, thin min–max interval; not a confidence interval",14,True,Implemented for the declared marginal comparison,1,15,6.0,False,5.0,False
Cleveland__00,Density,density_8,18.0,3.409722078175882,94.05940594059405,True,qualifies,303,0.5682870130293137,5.0,violin,Violin plot,Sampled density on the declared grid,13,True,Implemented for the declared marginal comparison,6,14,7.0,False,7.0,False
Cleveland__00,,,,,,,not_applicable,303,,,line,Line chart,Requires an ordered-trend target; row order is not time,1,False,Requires an ordered-trend target; row order is not time,0,2,,False,,False
Cleveland__00,,,,,,,not_applicable,303,,,scatter,Scatter plot,"Requires a joint-association target, not marginal contrast",2,False,"Requires a joint-association target, not marginal contrast",0,3,,False,,False
Cleveland__00,,,,,,,not_applicable,303,,,pie,Pie chart,Requires a declared part-to-whole target,3,False,Requires a declared part-to-whole target,0,4,,False,,False
Cleveland__00,,,,,,,not_applicable,303,,,stacked_bar,Stacked bar chart,Requires a declared component-composition target,7,False,Requires a declared component-composition target,0,8,,False,,False
Cleveland__00,,,,,,,not_applicable,303,,,area,Area chart,Requires an ordered-trend or accumulation target,8,False,Requires an ordered-trend or accumulation target,0,9,,False,,False
Cleveland__00,,,,,,,not_applicable,303,,,bubble,Bubble chart,Requires a joint-association and size-variable target,9,False,Requires a joint-association and size-variable target,0,10,,False,,False
Cleveland__00,,,,,,,not_applicable,303,,,treemap,Treemap,Requires a meaningful hierarchy and part-to-whole target,11,False,Requires a meaningful hierarchy and part-to-whole target,0,12,,False,,False
Cleveland__00,,,,,,,not_applicable,303,,,choropleth,Choropleth map,Requires geographic identifiers and a geographic target,12,False,Requires geographic identifiers and a geographic target,0,13,,False,,False
Cleveland__01,Means,means,2.0,9.130930038577844,99.33993399339934,True,qualifies,303,0.5808479668306529,1.0,bar,Bar chart,Two group means,0,True,Implemented for the declared marginal comparison,1,1,1.0,True,1.0,True
Cleveland__01,Means,means,2.0,9.130930038577844,99.33993399339934,True,qualifies,303,0.5808479668306529,1.0,dot,Dot plot,Mean dots or all raw dots; report the chosen setting,10,True,Implemented for the declared marginal comparison,2,11,2.0,False,1.0,True
Cleveland__01,Binned,bins_4,10.0,7.1596342305037695,96.69966996699671,True,qualifies,303,0.45544747013382847,2.0,histogram,Histogram,Common bins with group probabilities,4,True,Implemented for the declared marginal comparison,5,5,3.0,False,3.0,False
Cleveland__01,Binned,bins_4,10.0,7.1596342305037695,96.69966996699671,True,qualifies,303,0.45544747013382847,2.0,heatmap,Heatmap,Two-by-bin probability matrix with common bin boundaries,6,True,Implemented for the declared marginal comparison,5,7,4.0,False,3.0,False
Cleveland__01,Five-number,five_number,10.0,7.65217391304347,96.69966996699671,True,qualifies,303,0.48677951100785527,3.0,box,Box plot,Five-number summary; min–max whiskers,5,True,Implemented for the declared marginal comparison,1,6,5.0,False,5.0,False
Cleveland__01,Five-number,five_number,10.0,7.65217391304347,96.69966996699671,True,qualifies,303,0.48677951100785527,3.0,interval,Error-bar / interval plot,"Median dot, thick interquartile interval, thin min–max interval; not a confidence interval",14,True,Implemented for the declared marginal comparison,1,15,6.0,False,5.0,False
Cleveland__01,Density,density_8,18.0,5.2632417875778685,94.05940594059405,True,qualifies,303,0.3348118185482111,5.0,violin,Violin plot,Sampled density on the declared grid,13,True,Implemented for the declared marginal comparison,6,14,7.0,False,7.0,False
Cleveland__01,,,,,,,not_applicable,303,,,line,Line chart,Requires an ordered-trend target; row order is not time,1,False,Requires an ordered-trend target; row order is not time,0,2,,False,,False
Cleveland__01,,,,,,,not_applicable,303,,,scatter,Scatter plot,"Requires a joint-association target, not marginal contrast",2,False,"Requires a joint-association target, not marginal contrast",0,3,,False,,False
Cleveland__01,,,,,,,not_applicable,303,,,pie,Pie chart,Requires a declared part-to-whole target,3,False,Requires a declared part-to-whole target,0,4,,False,,False
Cleveland__01,,,,,,,not_applicable,303,,,stacked_bar,Stacked bar chart,Requires a declared component-composition target,7,False,Requires a declared component-composition target,0,8,,False,,False
Cleveland__01,,,,,,,not_applicable,303,,,area,Area chart,Requires an ordered-trend or accumulation target,8,False,Requires an ordered-trend or accumulation target,0,9,,False,,False
Cleveland__01,,,,,,,not_applicable,303,,,bubble,Bubble chart,Requires a joint-association and size-variable target,9,False,Requires a joint-association and size-variable target,0,10,,False,,False
Cleveland__01,,,,,,,not_applicable,303,,,treemap,Treemap,Requires a meaningful hierarchy and part-to-whole target,11,False,Requires a meaningful hierarchy and part-to-whole target,0,12,,False,,False
Cleveland__01,,,,,,,not_applicable,303,,,choropleth,Choropleth map,Requires geographic identifiers and a geographic target,12,False,Requires geographic identifiers and a geographic target,0,13,,False,,False
Cleveland__02,Means,means,2.0,15.269358850141543,99.33993399339934,True,qualifies,303,0.44001659938106663,1.0,bar,Bar chart,Two group means,0,True,Implemented for the declared marginal comparison,1,1,1.0,True,1.0,True
Cleveland__02,Means,means,2.0,15.269358850141543,99.33993399339934,True,qualifies,303,0.44001659938106663,1.0,dot,Dot plot,Mean dots or all raw dots; report the chosen setting,10,True,Implemented for the declared marginal comparison,2,11,2.0,False,1.0,True
Cleveland__02,Binned,bins_4,10.0,13.792514688220223,96.69966996699671,True,qualifies,303,0.39745843093914957,2.0,histogram,Histogram,Common bins with group probabilities,4,True,Implemented for the declared marginal comparison,5,5,3.0,False,3.0,False
Cleveland__02,Binned,bins_4,10.0,13.792514688220223,96.69966996699671,True,qualifies,303,0.39745843093914957,2.0,heatmap,Heatmap,Two-by-bin probability matrix with common bin boundaries,6,True,Implemented for the declared marginal comparison,5,7,4.0,False,3.0,False
Cleveland__02,Density,density_8,18.0,21.829637442102182,94.05940594059405,True,qualifies,303,0.6290639264730076,4.0,violin,Violin plot,Sampled density on the declared grid,13,True,Implemented for the declared marginal comparison,6,14,5.0,False,5.0,False
Cleveland__02,Five-number,five_number,10.0,126.35000000000002,0.0,False,does_not_qualify,303,3.6410236917892864,14.0,box,Box plot,Five-number summary; min–max whiskers,5,True,Implemented for the declared marginal comparison,1,6,6.0,False,6.0,False
Cleveland__02,Five-number,five_number,10.0,126.35000000000002,0.0,False,does_not_qualify,303,3.6410236917892864,14.0,interval,Error-bar / interval plot,"Median dot, thick interquartile interval, thin min–max interval; not a confidence interval",14,True,Implemented for the declared marginal comparison,1,15,7.0,False,6.0,False
Cleveland__02,,,,,,,not_applicable,303,,,line,Line chart,Requires an ordered-trend target; row order is not time,1,False,Requires an ordered-trend target; row order is not time,0,2,,False,,False
Cleveland__02,,,,,,,not_applicable,303,,,scatter,Scatter plot,"Requires a joint-association target, not marginal contrast",2,False,"Requires a joint-association target, not marginal contrast",0,3,,False,,False
Cleveland__02,,,,,,,not_applicable,303,,,pie,Pie chart,Requires a declared part-to-whole target,3,False,Requires a declared part-to-whole target,0,4,,False,,False
Cleveland__02,,,,,,,not_applicable,303,,,stacked_bar,Stacked bar chart,Requires a declared component-composition target,7,False,Requires a declared component-composition target,0,8,,False,,False
Cleveland__02,,,,,,,not_applicable,303,,,area,Area chart,Requires an ordered-trend or accumulation target,8,False,Requires an ordered-trend or accumulation target,0,9,,False,,False
Cleveland__02,,,,,,,not_applicable,303,,,bubble,Bubble chart,Requires a joint-association and size-variable target,9,False,Requires a joint-association and size-variable target,0,10,,False,,False
Cleveland__02,,,,,,,not_applicable,303,,,treemap,Treemap,Requires a meaningful hierarchy and part-to-whole target,11,False,Requires a meaningful hierarchy and part-to-whole target,0,12,,False,,False
Cleveland__02,,,,,,,not_applicable,303,,,choropleth,Choropleth map,Requires geographic identifiers and a geographic target,12,False,Requires geographic identifiers and a geographic target,0,13,,False,,False
Cleveland__03,Means,means,2.0,8.868674086617276,99.33993399339934,True,qualifies,303,0.5542921304135797,1.0,bar,Bar chart,Two group means,0,True,Implemented for the declared marginal comparison,1,1,1.0,True,1.0,True
Cleveland__03,Means,means,2.0,8.868674086617276,99.33993399339934,True,qualifies,303,0.5542921304135797,1.0,dot,Dot plot,Mean dots or all raw dots; report the chosen setting,10,True,Implemented for the declared marginal comparison,2,11,2.0,False,1.0,True
Cleveland__03,Five-number,five_number,10.0,7.043478260869577,96.69966996699671,True,qualifies,303,0.44021739130434856,2.0,box,Box plot,Five-number summary; min–max whiskers,5,True,Implemented for the declared marginal comparison,1,6,3.0,False,3.0,False
Cleveland__03,Five-number,five_number,10.0,7.043478260869577,96.69966996699671,True,qualifies,303,0.44021739130434856,2.0,interval,Error-bar / interval plot,"Median dot, thick interquartile interval, thin min–max interval; not a confidence interval",14,True,Implemented for the declared marginal comparison,1,15,4.0,False,3.0,False
Cleveland__03,Binned,bins_4,10.0,12.550908447380834,96.69966996699671,True,qualifies,303,0.7844317779613021,3.0,histogram,Histogram,Common bins with group probabilities,4,True,Implemented for the declared marginal comparison,5,5,5.0,False,5.0,False
Cleveland__03,Binned,bins_4,10.0,12.550908447380834,96.69966996699671,True,qualifies,303,0.7844317779613021,3.0,heatmap,Heatmap,Two-by-bin probability matrix with common bin boundaries,6,True,Implemented for the declared marginal comparison,5,7,6.0,False,5.0,False
Cleveland__03,Density,density_8,18.0,8.673578480641396,94.05940594059405,True,qualifies,303,0.5420986550400873,5.0,violin,Violin plot,Sampled density on the declared grid,13,True,Implemented for the declared marginal comparison,6,14,7.0,False,7.0,False
Cleveland__03,,,,,,,not_applicable,303,,,line,Line chart,Requires an ordered-trend target; row order is not time,1,False,Requires an ordered-trend target; row order is not time,0,2,,False,,False
Cleveland__03,,,,,,,not_applicable,303,,,scatter,Scatter plot,"Requires a joint-association target, not marginal contrast",2,False,"Requires a joint-association target, not marginal contrast",0,3,,False,,False
Cleveland__03,,,,,,,not_applicable,303,,,pie,Pie chart,Requires a declared part-to-whole target,3,False,Requires a declared part-to-whole target,0,4,,False,,False
Cleveland__03,,,,,,,not_applicable,303,,,stacked_bar,Stacked bar chart,Requires a declared component-composition target,7,False,Requires a declared component-composition target,0,8,,False,,False
Cleveland__03,,,,,,,not_applicable,303,,,area,Area chart,Requires an ordered-trend or accumulation target,8,False,Requires an ordered-trend or accumulation target,0,9,,False,,False
Cleveland__03,,,,,,,not_applicable,303,,,bubble,Bubble chart,Requires a joint-association and size-variable target,9,False,Requires a joint-association and size-variable target,0,10,,False,,False
Cleveland__03,,,,,,,not_applicable,303,,,treemap,Treemap,Requires a meaningful hierarchy and part-to-whole target,11,False,Requires a meaningful hierarchy and part-to-whole target,0,12,,False,,False
Cleveland__03,,,,,,,not_applicable,303,,,choropleth,Choropleth map,Requires geographic identifiers and a geographic target,12,False,Requires geographic identifiers and a geographic target,0,13,,False,,False
Cleveland__04,Five-number,five_number,10.0,0.3985507246376812,96.69966996699671,True,qualifies,303,0.4981884057971015,1.0,box,Box plot,Five-number summary; min–max whiskers,5,True,Implemented for the declared marginal comparison,1,6,1.0,True,1.0,True
Cleveland__04,Five-number,five_number,10.0,0.3985507246376812,96.69966996699671,True,qualifies,303,0.4981884057971015,1.0,interval,Error-bar / interval plot,"Median dot, thick interquartile interval, thin min–max interval; not a confidence interval",14,True,Implemented for the declared marginal comparison,1,15,2.0,False,1.0,True
Cleveland__04,Binned,bins_4,10.0,0.7476990980034458,96.69966996699671,True,qualifies,303,0.9346238725043072,2.0,histogram,Histogram,Common bins with group probabilities,4,True,Implemented for the declared marginal comparison,5,5,3.0,False,3.0,False
Cleveland__04,Binned,bins_4,10.0,0.7476990980034458,96.69966996699671,True,qualifies,303,0.9346238725043072,2.0,heatmap,Heatmap,Two-by-bin probability matrix with common bin boundaries,6,True,Implemented for the declared marginal comparison,5,7,4.0,False,3.0,False
Cleveland__04,Density,density_8,18.0,0.6744029210994786,94.05940594059405,True,qualifies,303,0.8430036513743483,4.0,violin,Violin plot,Sampled density on the declared grid,13,True,Implemented for the declared marginal comparison,6,14,5.0,False,5.0,False
Cleveland__04,Observations,raw,303.0,0.0,0.0,True,qualifies,303,0.0,12.0,dot,Dot plot,Mean dots or all raw dots; report the chosen setting,10,True,Implemented for the declared marginal comparison,2,11,6.0,False,6.0,False
Cleveland__04,Means,means,2.0,0.987515353570802,0.0,False,does_not_qualify,303,1.2343941919635024,14.0,bar,Bar chart,Two group means,0,True,Implemented for the declared marginal comparison,1,1,7.0,False,7.0,False
Cleveland__04,,,,,,,not_applicable,303,,,line,Line chart,Requires an ordered-trend target; row order is not time,1,False,Requires an ordered-trend target; row order is not time,0,2,,False,,False
Cleveland__04,,,,,,,not_applicable,303,,,scatter,Scatter plot,"Requires a joint-association target, not marginal contrast",2,False,"Requires a joint-association target, not marginal contrast",0,3,,False,,False
Cleveland__04,,,,,,,not_applicable,303,,,pie,Pie chart,Requires a declared part-to-whole target,3,False,Requires a declared part-to-whole target,0,4,,False,,False
Cleveland__04,,,,,,,not_applicable,303,,,stacked_bar,Stacked bar chart,Requires a declared component-composition target,7,False,Requires a declared component-composition target,0,8,,False,,False
Cleveland__04,,,,,,,not_applicable,303,,,area,Area chart,Requires an ordered-trend or accumulation target,8,False,Requires an ordered-trend or accumulation target,0,9,,False,,False
Cleveland__04,,,,,,,not_applicable,303,,,bubble,Bubble chart,Requires a joint-association and size-variable target,9,False,Requires a joint-association and size-variable target,0,10,,False,,False
Cleveland__04,,,,,,,not_applicable,303,,,treemap,Treemap,Requires a meaningful hierarchy and part-to-whole target,11,False,Requires a meaningful hierarchy and part-to-whole target,0,12,,False,,False
Cleveland__04,,,,,,,not_applicable,303,,,choropleth,Choropleth map,Requires geographic identifiers and a geographic target,12,False,Requires geographic identifiers and a geographic target,0,13,,False,,False
HeartFailure__00,Means,means,2.0,6.546625153940894,99.33110367892976,True,qualifies,299,0.6546625153940895,1.0,bar,Bar chart,Two group means,0,True,Implemented for the declared marginal comparison,1,1,1.0,True,1.0,True
HeartFailure__00,Means,means,2.0,6.546625153940894,99.33110367892976,True,qualifies,299,0.6546625153940895,1.0,dot,Dot plot,Mean dots or all raw dots; report the chosen setting,10,True,Implemented for the declared marginal comparison,2,11,2.0,False,1.0,True
HeartFailure__00,Binned,bins_4,10.0,4.564379699248121,96.65551839464884,True,qualifies,299,0.4564379699248121,2.0,histogram,Histogram,Common bins with group probabilities,4,True,Implemented for the declared marginal comparison,5,5,3.0,False,3.0,False
HeartFailure__00,Binned,bins_4,10.0,4.564379699248121,96.65551839464884,True,qualifies,299,0.4564379699248121,2.0,heatmap,Heatmap,Two-by-bin probability matrix with common bin boundaries,6,True,Implemented for the declared marginal comparison,5,7,4.0,False,3.0,False
HeartFailure__00,Five-number,five_number,10.0,6.1188118811881225,96.65551839464884,True,qualifies,299,0.6118811881188122,3.0,box,Box plot,Five-number summary; min–max whiskers,5,True,Implemented for the declared marginal comparison,1,6,5.0,False,5.0,False
HeartFailure__00,Five-number,five_number,10.0,6.1188118811881225,96.65551839464884,True,qualifies,299,0.6118811881188122,3.0,interval,Error-bar / interval plot,"Median dot, thick interquartile interval, thin min–max interval; not a confidence interval",14,True,Implemented for the declared marginal comparison,1,15,6.0,False,5.0,False
HeartFailure__00,Density,density_8,18.0,3.931913133831607,93.9799331103679,True,qualifies,299,0.3931913133831607,4.0,violin,Violin plot,Sampled density on the declared grid,13,True,Implemented for the declared marginal comparison,6,14,7.0,False,7.0,False
HeartFailure__00,,,,,,,not_applicable,299,,,line,Line chart,Requires an ordered-trend target; row order is not time,1,False,Requires an ordered-trend target; row order is not time,0,2,,False,,False
HeartFailure__00,,,,,,,not_applicable,299,,,scatter,Scatter plot,"Requires a joint-association target, not marginal contrast",2,False,"Requires a joint-association target, not marginal contrast",0,3,,False,,False
HeartFailure__00,,,,,,,not_applicable,299,,,pie,Pie chart,Requires a declared part-to-whole target,3,False,Requires a declared part-to-whole target,0,4,,False,,False
HeartFailure__00,,,,,,,not_applicable,299,,,stacked_bar,Stacked bar chart,Requires a declared component-composition target,7,False,Requires a declared component-composition target,0,8,,False,,False
HeartFailure__00,,,,,,,not_applicable,299,,,area,Area chart,Requires an ordered-trend or accumulation target,8,False,Requires an ordered-trend or accumulation target,0,9,,False,,False
HeartFailure__00,,,,,,,not_applicable,299,,,bubble,Bubble chart,Requires a joint-association and size-variable target,9,False,Requires a joint-association and size-variable target,0,10,,False,,False
HeartFailure__00,,,,,,,not_applicable,299,,,treemap,Treemap,Requires a meaningful hierarchy and part-to-whole target,11,False,Requires a meaningful hierarchy and part-to-whole target,0,12,,False,,False
HeartFailure__00,,,,,,,not_applicable,299,,,choropleth,Choropleth map,Requires geographic identifiers and a geographic target,12,False,Requires geographic identifiers and a geographic target,0,13,,False,,False
HeartFailure__01,Means,means,2.0,382.37145224682524,99.33110367892976,True,qualifies,299,0.10287486002884842,1.0,bar,Bar chart,Two group means,0,True,Implemented for the declared marginal comparison,1,1,1.0,True,1.0,True
HeartFailure__01,Means,means,2.0,382.37145224682524,99.33110367892976,True,qualifies,299,0.10287486002884842,1.0,dot,Dot plot,Mean dots or all raw dots; report the chosen setting,10,True,Implemented for the declared marginal comparison,2,11,2.0,False,1.0,True
HeartFailure__01,Binned,bins_4,10.0,909.3697916666579,96.65551839464884,True,qualifies,299,0.24466075979903967,2.0,histogram,Histogram,Common bins with group probabilities,4,True,Implemented for the declared marginal comparison,5,5,3.0,False,3.0,False
HeartFailure__01,Binned,bins_4,10.0,909.3697916666579,96.65551839464884,True,qualifies,299,0.24466075979903967,2.0,heatmap,Heatmap,Two-by-bin probability matrix with common bin boundaries,6,True,Implemented for the declared marginal comparison,5,7,4.0,False,3.0,False
HeartFailure__01,Five-number,five_number,10.0,1988.0421052631589,96.65551839464884,True,qualifies,299,0.5348713982402244,3.0,box,Box plot,Five-number summary; min–max whiskers,5,True,Implemented for the declared marginal comparison,1,6,5.0,False,5.0,False
HeartFailure__01,Five-number,five_number,10.0,1988.0421052631589,96.65551839464884,True,qualifies,299,0.5348713982402244,3.0,interval,Error-bar / interval plot,"Median dot, thick interquartile interval, thin min–max interval; not a confidence interval",14,True,Implemented for the declared marginal comparison,1,15,6.0,False,5.0,False
HeartFailure__01,Density,density_8,18.0,413.1309744677269,93.9799331103679,True,qualifies,299,0.1111505341787765,5.0,violin,Violin plot,Sampled density on the declared grid,13,True,Implemented for the declared marginal comparison,6,14,7.0,False,7.0,False
HeartFailure__01,,,,,,,not_applicable,299,,,line,Line chart,Requires an ordered-trend target; row order is not time,1,False,Requires an ordered-trend target; row order is not time,0,2,,False,,False
HeartFailure__01,,,,,,,not_applicable,299,,,scatter,Scatter plot,"Requires a joint-association target, not marginal contrast",2,False,"Requires a joint-association target, not marginal contrast",0,3,,False,,False
HeartFailure__01,,,,,,,not_applicable,299,,,pie,Pie chart,Requires a declared part-to-whole target,3,False,Requires a declared part-to-whole target,0,4,,False,,False
HeartFailure__01,,,,,,,not_applicable,299,,,stacked_bar,Stacked bar chart,Requires a declared component-composition target,7,False,Requires a declared component-composition target,0,8,,False,,False
HeartFailure__01,,,,,,,not_applicable,299,,,area,Area chart,Requires an ordered-trend or accumulation target,8,False,Requires an ordered-trend or accumulation target,0,9,,False,,False
HeartFailure__01,,,,,,,not_applicable,299,,,bubble,Bubble chart,Requires a joint-association and size-variable target,9,False,Requires a joint-association and size-variable target,0,10,,False,,False
HeartFailure__01,,,,,,,not_applicable,299,,,treemap,Treemap,Requires a meaningful hierarchy and part-to-whole target,11,False,Requires a meaningful hierarchy and part-to-whole target,0,12,,False,,False
HeartFailure__01,,,,,,,not_applicable,299,,,choropleth,Choropleth map,Requires geographic identifiers and a geographic target,12,False,Requires geographic identifiers and a geographic target,0,13,,False,,False
HeartFailure__02,Means,means,2.0,6.797259852216747,99.33110367892976,True,qualifies,299,0.4531506568144498,1.0,bar,Bar chart,Two group means,0,True,Implemented for the declared marginal comparison,1,1,1.0,True,1.0,True
HeartFailure__02,Means,means,2.0,6.797259852216747,99.33110367892976,True,qualifies,299,0.4531506568144498,1.0,dot,Dot plot,Mean dots or all raw dots; report the chosen setting,10,True,Implemented for the declared marginal comparison,2,11,2.0,False,1.0,True
HeartFailure__02,Binned,bins_4,10.0,7.5356140350877325,96.65551839464884,True,qualifies,299,0.5023742690058488,2.0,histogram,Histogram,Common bins with group probabilities,4,True,Implemented for the declared marginal comparison,5,5,3.0,False,3.0,False
HeartFailure__02,Binned,bins_4,10.0,7.5356140350877325,96.65551839464884,True,qualifies,299,0.5023742690058488,2.0,heatmap,Heatmap,Two-by-bin probability matrix with common bin boundaries,6,True,Implemented for the declared marginal comparison,5,7,4.0,False,3.0,False
HeartFailure__02,Five-number,five_number,10.0,9.400000000000006,96.65551839464884,True,qualifies,299,0.626666666666667,3.0,box,Box plot,Five-number summary; min–max whiskers,5,True,Implemented for the declared marginal comparison,1,6,5.0,False,5.0,False
HeartFailure__02,Five-number,five_number,10.0,9.400000000000006,96.65551839464884,True,qualifies,299,0.626666666666667,3.0,interval,Error-bar / interval plot,"Median dot, thick interquartile interval, thin min–max interval; not a confidence interval",14,True,Implemented for the declared marginal comparison,1,15,6.0,False,5.0,False
HeartFailure__02,Density,density_8,18.0,9.906707679682981,93.9799331103679,True,qualifies,299,0.660447178645532,5.0,violin,Violin plot,Sampled density on the declared grid,13,True,Implemented for the declared marginal comparison,6,14,7.0,False,7.0,False
HeartFailure__02,,,,,,,not_applicable,299,,,line,Line chart,Requires an ordered-trend target; row order is not time,1,False,Requires an ordered-trend target; row order is not time,0,2,,False,,False
HeartFailure__02,,,,,,,not_applicable,299,,,scatter,Scatter plot,"Requires a joint-association target, not marginal contrast",2,False,"Requires a joint-association target, not marginal contrast",0,3,,False,,False
HeartFailure__02,,,,,,,not_applicable,299,,,pie,Pie chart,Requires a declared part-to-whole target,3,False,Requires a declared part-to-whole target,0,4,,False,,False
HeartFailure__02,,,,,,,not_applicable,299,,,stacked_bar,Stacked bar chart,Requires a declared component-composition target,7,False,Requires a declared component-composition target,0,8,,False,,False
HeartFailure__02,,,,,,,not_applicable,299,,,area,Area chart,Requires an ordered-trend or accumulation target,8,False,Requires an ordered-trend or accumulation target,0,9,,False,,False
HeartFailure__02,,,,,,,not_applicable,299,,,bubble,Bubble chart,Requires a joint-association and size-variable target,9,False,Requires a joint-association and size-variable target,0,10,,False,,False
HeartFailure__02,,,,,,,not_applicable,299,,,treemap,Treemap,Requires a meaningful hierarchy and part-to-whole target,11,False,Requires a meaningful hierarchy and part-to-whole target,0,12,,False,,False
HeartFailure__02,,,,,,,not_applicable,299,,,choropleth,Choropleth map,Requires geographic identifiers and a geographic target,12,False,Requires geographic identifiers and a geographic target,0,13,,False,,False
HeartFailure__03,Means,means,2.0,30855.392478232214,99.33110367892976,True,qualifies,299,0.3342279051830988,1.0,bar,Bar chart,Two group means,0,True,Implemented for the declared marginal comparison,1,1,1.0,True,1.0,True
HeartFailure__03,Means,means,2.0,30855.392478232214,99.33110367892976,True,qualifies,299,0.3342279051830988,1.0,dot,Dot plot,Mean dots or all raw dots; report the chosen setting,10,True,Implemented for the declared marginal comparison,2,11,2.0,False,1.0,True
HeartFailure__03,Binned,bins_4,10.0,24365.538732394365,96.65551839464884,True,qualifies,299,0.2639293269379407,2.0,histogram,Histogram,Common bins with group probabilities,4,True,Implemented for the declared marginal comparison,5,5,3.0,False,3.0,False
HeartFailure__03,Binned,bins_4,10.0,24365.538732394365,96.65551839464884,True,qualifies,299,0.2639293269379407,2.0,heatmap,Heatmap,Two-by-bin probability matrix with common bin boundaries,6,True,Implemented for the declared marginal comparison,5,7,4.0,False,3.0,False
HeartFailure__03,Density,density_8,18.0,34152.83373631671,93.9799331103679,True,qualifies,299,0.36994603402982823,4.0,violin,Violin plot,Sampled density on the declared grid,13,True,Implemented for the declared marginal comparison,6,14,5.0,False,5.0,False
HeartFailure__03,Five-number,five_number,10.0,187250.00000000023,0.0,False,does_not_qualify,299,2.0283059205838025,14.0,box,Box plot,Five-number summary; min–max whiskers,5,True,Implemented for the declared marginal comparison,1,6,6.0,False,6.0,False
HeartFailure__03,Five-number,five_number,10.0,187250.00000000023,0.0,False,does_not_qualify,299,2.0283059205838025,14.0,interval,Error-bar / interval plot,"Median dot, thick interquartile interval, thin min–max interval; not a confidence interval",14,True,Implemented for the declared marginal comparison,1,15,7.0,False,6.0,False
HeartFailure__03,,,,,,,not_applicable,299,,,line,Line chart,Requires an ordered-trend target; row order is not time,1,False,Requires an ordered-trend target; row order is not time,0,2,,False,,False
HeartFailure__03,,,,,,,not_applicable,299,,,scatter,Scatter plot,"Requires a joint-association target, not marginal contrast",2,False,"Requires a joint-association target, not marginal contrast",0,3,,False,,False
HeartFailure__03,,,,,,,not_applicable,299,,,pie,Pie chart,Requires a declared part-to-whole target,3,False,Requires a declared part-to-whole target,0,4,,False,,False
HeartFailure__03,,,,,,,not_applicable,299,,,stacked_bar,Stacked bar chart,Requires a declared component-composition target,7,False,Requires a declared component-composition target,0,8,,False,,False
HeartFailure__03,,,,,,,not_applicable,299,,,area,Area chart,Requires an ordered-trend or accumulation target,8,False,Requires an ordered-trend or accumulation target,0,9,,False,,False
HeartFailure__03,,,,,,,not_applicable,299,,,bubble,Bubble chart,Requires a joint-association and size-variable target,9,False,Requires a joint-association and size-variable target,0,10,,False,,False
HeartFailure__03,,,,,,,not_applicable,299,,,treemap,Treemap,Requires a meaningful hierarchy and part-to-whole target,11,False,Requires a meaningful hierarchy and part-to-whole target,0,12,,False,,False
HeartFailure__03,,,,,,,not_applicable,299,,,choropleth,Choropleth map,Requires geographic identifiers and a geographic target,12,False,Requires geographic identifiers and a geographic target,0,13,,False,,False
HeartFailure__04,Means,means,2.0,1.2262712367295852,99.33110367892976,True,qualifies,299,0.4118932485567676,1.0,bar,Bar chart,Two group means,0,True,Implemented for the declared marginal comparison,1,1,1.0,True,1.0,True
HeartFailure__04,Means,means,2.0,1.2262712367295852,99.33110367892976,True,qualifies,299,0.4118932485567676,1.0,dot,Dot plot,Mean dots or all raw dots; report the chosen setting,10,True,Implemented for the declared marginal comparison,2,11,2.0,False,1.0,True
HeartFailure__04,Binned,bins_4,10.0,0.948558946220091,96.65551839464884,True,qualifies,299,0.31861224018282586,2.0,histogram,Histogram,Common bins with group probabilities,4,True,Implemented for the declared marginal comparison,5,5,3.0,False,3.0,False
HeartFailure__04,Binned,bins_4,10.0,0.948558946220091,96.65551839464884,True,qualifies,299,0.31861224018282586,2.0,heatmap,Heatmap,Two-by-bin probability matrix with common bin boundaries,6,True,Implemented for the declared marginal comparison,5,7,4.0,False,3.0,False
HeartFailure__04,Five-number,five_number,10.0,1.1242105263157904,96.65551839464884,True,qualifies,299,0.3776119930700424,3.0,box,Box plot,Five-number summary; min–max whiskers,5,True,Implemented for the declared marginal comparison,1,6,5.0,False,5.0,False
HeartFailure__04,Five-number,five_number,10.0,1.1242105263157904,96.65551839464884,True,qualifies,299,0.3776119930700424,3.0,interval,Error-bar / interval plot,"Median dot, thick interquartile interval, thin min–max interval; not a confidence interval",14,True,Implemented for the declared marginal comparison,1,15,6.0,False,5.0,False
HeartFailure__04,Density,density_8,18.0,2.5758952458453335,93.9799331103679,True,qualifies,299,0.86521956070893,5.0,violin,Violin plot,Sampled density on the declared grid,13,True,Implemented for the declared marginal comparison,6,14,7.0,False,7.0,False
HeartFailure__04,,,,,,,not_applicable,299,,,line,Line chart,Requires an ordered-trend target; row order is not time,1,False,Requires an ordered-trend target; row order is not time,0,2,,False,,False
HeartFailure__04,,,,,,,not_applicable,299,,,scatter,Scatter plot,"Requires a joint-association target, not marginal contrast",2,False,"Requires a joint-association target, not marginal contrast",0,3,,False,,False
HeartFailure__04,,,,,,,not_applicable,299,,,pie,Pie chart,Requires a declared part-to-whole target,3,False,Requires a declared part-to-whole target,0,4,,False,,False
HeartFailure__04,,,,,,,not_applicable,299,,,stacked_bar,Stacked bar chart,Requires a declared component-composition target,7,False,Requires a declared component-composition target,0,8,,False,,False
HeartFailure__04,,,,,,,not_applicable,299,,,area,Area chart,Requires an ordered-trend or accumulation target,8,False,Requires an ordered-trend or accumulation target,0,9,,False,,False
HeartFailure__04,,,,,,,not_applicable,299,,,bubble,Bubble chart,Requires a joint-association and size-variable target,9,False,Requires a joint-association and size-variable target,0,10,,False,,False
HeartFailure__04,,,,,,,not_applicable,299,,,treemap,Treemap,Requires a meaningful hierarchy and part-to-whole target,11,False,Requires a meaningful hierarchy and part-to-whole target,0,12,,False,,False
HeartFailure__04,,,,,,,not_applicable,299,,,choropleth,Choropleth map,Requires geographic identifiers and a geographic target,12,False,Requires geographic identifiers and a geographic target,0,13,,False,,False
HeartFailure__05,Means,means,2.0,2.841748768472911,99.33110367892976,True,qualifies,299,0.5683497536945836,1.0,bar,Bar chart,Two group means,0,True,Implemented for the declared marginal comparison,1,1,1.0,True,1.0,True
HeartFailure__05,Means,means,2.0,2.841748768472911,99.33110367892976,True,qualifies,299,0.5683497536945836,1.0,dot,Dot plot,Mean dots or all raw dots; report the chosen setting,10,True,Implemented for the declared marginal comparison,2,11,2.0,False,1.0,True
HeartFailure__05,Binned,bins_4,10.0,2.9634998513232347,96.65551839464884,True,qualifies,299,0.5926999702646484,2.0,histogram,Histogram,Common bins with group probabilities,4,True,Implemented for the declared marginal comparison,5,5,3.0,False,3.0,False
HeartFailure__05,Binned,bins_4,10.0,2.9634998513232347,96.65551839464884,True,qualifies,299,0.5926999702646484,2.0,heatmap,Heatmap,Two-by-bin probability matrix with common bin boundaries,6,True,Implemented for the declared marginal comparison,5,7,4.0,False,3.0,False
HeartFailure__05,Density,density_8,18.0,2.691479483546459,93.9799331103679,True,qualifies,299,0.5382958967092931,4.0,violin,Violin plot,Sampled density on the declared grid,13,True,Implemented for the declared marginal comparison,6,14,5.0,False,5.0,False
HeartFailure__05,Five-number,five_number,10.0,6.049504950495049,0.0,False,does_not_qualify,299,1.2099009900990128,14.0,box,Box plot,Five-number summary; min–max whiskers,5,True,Implemented for the declared marginal comparison,1,6,6.0,False,6.0,False
HeartFailure__05,Five-number,five_number,10.0,6.049504950495049,0.0,False,does_not_qualify,299,1.2099009900990128,14.0,interval,Error-bar / interval plot,"Median dot, thick interquartile interval, thin min–max interval; not a confidence interval",14,True,Implemented for the declared marginal comparison,1,15,7.0,False,6.0,False
HeartFailure__05,,,,,,,not_applicable,299,,,line,Line chart,Requires an ordered-trend target; row order is not time,1,False,Requires an ordered-trend target; row order is not time,0,2,,False,,False
HeartFailure__05,,,,,,,not_applicable,299,,,scatter,Scatter plot,"Requires a joint-association target, not marginal contrast",2,False,"Requires a joint-association target, not marginal contrast",0,3,,False,,False
HeartFailure__05,,,,,,,not_applicable,299,,,pie,Pie chart,Requires a declared part-to-whole target,3,False,Requires a declared part-to-whole target,0,4,,False,,False
HeartFailure__05,,,,,,,not_applicable,299,,,stacked_bar,Stacked bar chart,Requires a declared component-composition target,7,False,Requires a declared component-composition target,0,8,,False,,False
HeartFailure__05,,,,,,,not_applicable,299,,,area,Area chart,Requires an ordered-trend or accumulation target,8,False,Requires an ordered-trend or accumulation target,0,9,,False,,False
HeartFailure__05,,,,,,,not_applicable,299,,,bubble,Bubble chart,Requires a joint-association and size-variable target,9,False,Requires a joint-association and size-variable target,0,10,,False,,False
HeartFailure__05,,,,,,,not_applicable,299,,,treemap,Treemap,Requires a meaningful hierarchy and part-to-whole target,11,False,Requires a meaningful hierarchy and part-to-whole target,0,12,,False,,False
HeartFailure__05,,,,,,,not_applicable,299,,,choropleth,Choropleth map,Requires geographic identifiers and a geographic target,12,False,Requires geographic identifiers and a geographic target,0,13,,False,,False
CKD__00,Binned,bins_4,10.0,8.060526315789478,97.44245524296676,True,qualifies,391,0.5037828947368423,1.0,histogram,Histogram,Common bins with group probabilities,4,True,Implemented for the declared marginal comparison,5,5,1.0,True,1.0,True
CKD__00,Binned,bins_4,10.0,8.060526315789478,97.44245524296676,True,qualifies,391,0.5037828947368423,1.0,heatmap,Heatmap,Two-by-bin probability matrix with common bin boundaries,6,True,Implemented for the declared marginal comparison,5,7,2.0,False,1.0,True
CKD__00,Five-number,five_number,10.0,9.456431535269711,97.44245524296676,True,qualifies,391,0.591026970954357,2.0,box,Box plot,Five-number summary; min–max whiskers,5,True,Implemented for the declared marginal comparison,1,6,3.0,False,3.0,False
CKD__00,Five-number,five_number,10.0,9.456431535269711,97.44245524296676,True,qualifies,391,0.591026970954357,2.0,interval,Error-bar / interval plot,"Median dot, thick interquartile interval, thin min–max interval; not a confidence interval",14,True,Implemented for the declared marginal comparison,1,15,4.0,False,3.0,False
CKD__00,Density,density_8,18.0,9.167404374140004,95.39641943734016,True,qualifies,391,0.5729627733837502,4.0,violin,Violin plot,Sampled density on the declared grid,13,True,Implemented for the declared marginal comparison,6,14,5.0,False,5.0,False
CKD__00,Observations,raw,391.0,0.0,0.0,True,qualifies,391,0.0,12.0,dot,Dot plot,Mean dots or all raw dots; report the chosen setting,10,True,Implemented for the declared marginal comparison,2,11,6.0,False,6.0,False
CKD__00,Means,means,2.0,16.974543790559654,0.0,False,does_not_qualify,391,1.0609089869099784,14.0,bar,Bar chart,Two group means,0,True,Implemented for the declared marginal comparison,1,1,7.0,False,7.0,False
CKD__00,,,,,,,not_applicable,391,,,line,Line chart,Requires an ordered-trend target; row order is not time,1,False,Requires an ordered-trend target; row order is not time,0,2,,False,,False
CKD__00,,,,,,,not_applicable,391,,,scatter,Scatter plot,"Requires a joint-association target, not marginal contrast",2,False,"Requires a joint-association target, not marginal contrast",0,3,,False,,False
CKD__00,,,,,,,not_applicable,391,,,pie,Pie chart,Requires a declared part-to-whole target,3,False,Requires a declared part-to-whole target,0,4,,False,,False
CKD__00,,,,,,,not_applicable,391,,,stacked_bar,Stacked bar chart,Requires a declared component-composition target,7,False,Requires a declared component-composition target,0,8,,False,,False
CKD__00,,,,,,,not_applicable,391,,,area,Area chart,Requires an ordered-trend or accumulation target,8,False,Requires an ordered-trend or accumulation target,0,9,,False,,False
CKD__00,,,,,,,not_applicable,391,,,bubble,Bubble chart,Requires a joint-association and size-variable target,9,False,Requires a joint-association and size-variable target,0,10,,False,,False
CKD__00,,,,,,,not_applicable,391,,,treemap,Treemap,Requires a meaningful hierarchy and part-to-whole target,11,False,Requires a meaningful hierarchy and part-to-whole target,0,12,,False,,False
CKD__00,,,,,,,not_applicable,391,,,choropleth,Choropleth map,Requires geographic identifiers and a geographic target,12,False,Requires geographic identifiers and a geographic target,0,13,,False,,False
CKD__01,Binned,bins_8,18.0,9.238829432950538,95.36082474226804,True,qualifies,388,0.9238829432950538,1.0,histogram,Histogram,Common bins with group probabilities,4,True,Implemented for the declared marginal comparison,5,5,1.0,True,1.0,True
CKD__01,Binned,bins_8,18.0,9.238829432950538,95.36082474226804,True,qualifies,388,0.9238829432950538,1.0,heatmap,Heatmap,Two-by-bin probability matrix with common bin boundaries,6,True,Implemented for the declared marginal comparison,5,7,2.0,False,1.0,True
CKD__01,Density,density_32,66.0,8.246984165572584,82.98969072164948,True,qualifies,388,0.8246984165572584,4.0,violin,Violin plot,Sampled density on the declared grid,13,True,Implemented for the declared marginal comparison,6,14,3.0,False,3.0,False
CKD__01,Observations,raw,388.0,0.0,0.0,True,qualifies,388,0.0,8.0,dot,Dot plot,Mean dots or all raw dots; report the chosen setting,10,True,Implemented for the declared marginal comparison,2,11,4.0,False,4.0,False
CKD__01,Means,means,2.0,11.726351351351354,0.0,False,does_not_qualify,388,1.1726351351351354,11.0,bar,Bar chart,Two group means,0,True,Implemented for the declared marginal comparison,1,1,5.0,False,5.0,False
CKD__01,Five-number,five_number,10.0,62.0,0.0,False,does_not_qualify,388,6.2,14.0,box,Box plot,Five-number summary; min–max whiskers,5,True,Implemented for the declared marginal comparison,1,6,6.0,False,6.0,False
CKD__01,Five-number,five_number,10.0,62.0,0.0,False,does_not_qualify,388,6.2,14.0,interval,Error-bar / interval plot,"Median dot, thick interquartile interval, thin min–max interval; not a confidence interval",14,True,Implemented for the declared marginal comparison,1,15,7.0,False,6.0,False
CKD__01,,,,,,,not_applicable,388,,,line,Line chart,Requires an ordered-trend target; row order is not time,1,False,Requires an ordered-trend target; row order is not time,0,2,,False,,False
CKD__01,,,,,,,not_applicable,388,,,scatter,Scatter plot,"Requires a joint-association target, not marginal contrast",2,False,"Requires a joint-association target, not marginal contrast",0,3,,False,,False
CKD__01,,,,,,,not_applicable,388,,,pie,Pie chart,Requires a declared part-to-whole target,3,False,Requires a declared part-to-whole target,0,4,,False,,False
CKD__01,,,,,,,not_applicable,388,,,stacked_bar,Stacked bar chart,Requires a declared component-composition target,7,False,Requires a declared component-composition target,0,8,,False,,False
CKD__01,,,,,,,not_applicable,388,,,area,Area chart,Requires an ordered-trend or accumulation target,8,False,Requires an ordered-trend or accumulation target,0,9,,False,,False
CKD__01,,,,,,,not_applicable,388,,,bubble,Bubble chart,Requires a joint-association and size-variable target,9,False,Requires a joint-association and size-variable target,0,10,,False,,False
CKD__01,,,,,,,not_applicable,388,,,treemap,Treemap,Requires a meaningful hierarchy and part-to-whole target,11,False,Requires a meaningful hierarchy and part-to-whole target,0,12,,False,,False
CKD__01,,,,,,,not_applicable,388,,,choropleth,Choropleth map,Requires geographic identifiers and a geographic target,12,False,Requires geographic identifiers and a geographic target,0,13,,False,,False
CKD__02,Binned,bins_4,10.0,39.715936018957336,97.19101123595506,True,qualifies,356,0.5439794003418347,1.0,histogram,Histogram,Common bins with group probabilities,4,True,Implemented for the declared marginal comparison,5,5,1.0,True,1.0,True
CKD__02,Binned,bins_4,10.0,39.715936018957336,97.19101123595506,True,qualifies,356,0.5439794003418347,1.0,heatmap,Heatmap,Two-by-bin probability matrix with common bin boundaries,6,True,Implemented for the declared marginal comparison,5,7,2.0,False,1.0,True
CKD__02,Density,density_8,18.0,39.304407830711824,94.9438202247191,True,qualifies,356,0.5383428000371434,3.0,violin,Violin plot,Sampled density on the declared grid,13,True,Implemented for the declared marginal comparison,6,14,3.0,False,3.0,False
CKD__02,Observations,raw,356.0,0.0,0.0,True,qualifies,356,0.0,11.0,dot,Dot plot,Mean dots or all raw dots; report the chosen setting,10,True,Implemented for the declared marginal comparison,2,11,4.0,False,4.0,False
CKD__02,Five-number,five_number,10.0,96.1137440758294,0.0,False,does_not_qualify,356,1.3164462960666954,13.0,box,Box plot,Five-number summary; min–max whiskers,5,True,Implemented for the declared marginal comparison,1,6,5.0,False,5.0,False
CKD__02,Five-number,five_number,10.0,96.1137440758294,0.0,False,does_not_qualify,356,1.3164462960666954,13.0,interval,Error-bar / interval plot,"Median dot, thick interquartile interval, thin min–max interval; not a confidence interval",14,True,Implemented for the declared marginal comparison,1,15,6.0,False,5.0,False
CKD__02,Means,means,2.0,167.4524109014673,0.0,False,does_not_qualify,356,2.293554456943807,14.0,bar,Bar chart,Two group means,0,True,Implemented for the declared marginal comparison,1,1,7.0,False,7.0,False
CKD__02,,,,,,,not_applicable,356,,,line,Line chart,Requires an ordered-trend target; row order is not time,1,False,Requires an ordered-trend target; row order is not time,0,2,,False,,False
CKD__02,,,,,,,not_applicable,356,,,scatter,Scatter plot,"Requires a joint-association target, not marginal contrast",2,False,"Requires a joint-association target, not marginal contrast",0,3,,False,,False
CKD__02,,,,,,,not_applicable,356,,,pie,Pie chart,Requires a declared part-to-whole target,3,False,Requires a declared part-to-whole target,0,4,,False,,False
CKD__02,,,,,,,not_applicable,356,,,stacked_bar,Stacked bar chart,Requires a declared component-composition target,7,False,Requires a declared component-composition target,0,8,,False,,False
CKD__02,,,,,,,not_applicable,356,,,area,Area chart,Requires an ordered-trend or accumulation target,8,False,Requires an ordered-trend or accumulation target,0,9,,False,,False
CKD__02,,,,,,,not_applicable,356,,,bubble,Bubble chart,Requires a joint-association and size-variable target,9,False,Requires a joint-association and size-variable target,0,10,,False,,False
CKD__02,,,,,,,not_applicable,356,,,treemap,Treemap,Requires a meaningful hierarchy and part-to-whole target,11,False,Requires a meaningful hierarchy and part-to-whole target,0,12,,False,,False
CKD__02,,,,,,,not_applicable,356,,,choropleth,Choropleth map,Requires geographic identifiers and a geographic target,12,False,Requires geographic identifiers and a geographic target,0,13,,False,,False
CKD__03,Binned,bins_4,10.0,37.82546874999997,97.3753280839895,True,qualifies,381,0.992794455380579,1.0,histogram,Histogram,Common bins with group probabilities,4,True,Implemented for the declared marginal comparison,5,5,1.0,True,1.0,True
CKD__03,Binned,bins_4,10.0,37.82546874999997,97.3753280839895,True,qualifies,381,0.992794455380579,1.0,heatmap,Heatmap,Two-by-bin probability matrix with common bin boundaries,6,True,Implemented for the declared marginal comparison,5,7,2.0,False,1.0,True
CKD__03,Density,density_16,34.0,12.54607002549858,91.0761154855643,True,qualifies,381,0.3292931765222732,4.0,violin,Violin plot,Sampled density on the declared grid,13,True,Implemented for the declared marginal comparison,6,14,3.0,False,3.0,False
CKD__03,Observations,raw,381.0,0.0,0.0,True,qualifies,381,0.0,10.0,dot,Dot plot,Mean dots or all raw dots; report the chosen setting,10,True,Implemented for the declared marginal comparison,2,11,4.0,False,4.0,False
CKD__03,Means,means,2.0,98.40958157524608,0.0,False,does_not_qualify,381,2.582928650268932,13.0,bar,Bar chart,Two group means,0,True,Implemented for the declared marginal comparison,1,1,5.0,False,5.0,False
CKD__03,Five-number,five_number,10.0,149.76271186440687,0.0,False,does_not_qualify,381,3.9307798389608197,14.0,box,Box plot,Five-number summary; min–max whiskers,5,True,Implemented for the declared marginal comparison,1,6,6.0,False,6.0,False
CKD__03,Five-number,five_number,10.0,149.76271186440687,0.0,False,does_not_qualify,381,3.9307798389608197,14.0,interval,Error-bar / interval plot,"Median dot, thick interquartile interval, thin min–max interval; not a confidence interval",14,True,Implemented for the declared marginal comparison,1,15,7.0,False,6.0,False
CKD__03,,,,,,,not_applicable,381,,,line,Line chart,Requires an ordered-trend target; row order is not time,1,False,Requires an ordered-trend target; row order is not time,0,2,,False,,False
CKD__03,,,,,,,not_applicable,381,,,scatter,Scatter plot,"Requires a joint-association target, not marginal contrast",2,False,"Requires a joint-association target, not marginal contrast",0,3,,False,,False
CKD__03,,,,,,,not_applicable,381,,,pie,Pie chart,Requires a declared part-to-whole target,3,False,Requires a declared part-to-whole target,0,4,,False,,False
CKD__03,,,,,,,not_applicable,381,,,stacked_bar,Stacked bar chart,Requires a declared component-composition target,7,False,Requires a declared component-composition target,0,8,,False,,False
CKD__03,,,,,,,not_applicable,381,,,area,Area chart,Requires an ordered-trend or accumulation target,8,False,Requires an ordered-trend or accumulation target,0,9,,False,,False
CKD__03,,,,,,,not_applicable,381,,,bubble,Bubble chart,Requires a joint-association and size-variable target,9,False,Requires a joint-association and size-variable target,0,10,,False,,False
CKD__03,,,,,,,not_applicable,381,,,treemap,Treemap,Requires a meaningful hierarchy and part-to-whole target,11,False,Requires a meaningful hierarchy and part-to-whole target,0,12,,False,,False
CKD__03,,,,,,,not_applicable,381,,,choropleth,Choropleth map,Requires geographic identifiers and a geographic target,12,False,Requires geographic identifiers and a geographic target,0,13,,False,,False
CKD__04,Binned,bins_16,34.0,4.173734177215195,91.12271540469973,True,qualifies,383,0.9706358551663241,1.0,histogram,Histogram,Common bins with group probabilities,4,True,Implemented for the declared marginal comparison,5,5,1.0,True,1.0,True
CKD__04,Binned,bins_16,34.0,4.173734177215195,91.12271540469973,True,qualifies,383,0.9706358551663241,1.0,heatmap,Heatmap,Two-by-bin probability matrix with common bin boundaries,6,True,Implemented for the declared marginal comparison,5,7,2.0,False,1.0,True
CKD__04,Density,density_32,66.0,1.670386043827154,82.76762402088774,True,qualifies,383,0.38846187065747756,2.0,violin,Violin plot,Sampled density on the declared grid,13,True,Implemented for the declared marginal comparison,6,14,3.0,False,3.0,False
CKD__04,Observations,raw,383.0,0.0,0.0,True,qualifies,383,0.0,7.0,dot,Dot plot,Mean dots or all raw dots; report the chosen setting,10,True,Implemented for the declared marginal comparison,2,11,4.0,False,4.0,False
CKD__04,Means,means,2.0,8.799049550854818,0.0,False,does_not_qualify,383,2.04629059322205,11.0,bar,Bar chart,Two group means,0,True,Implemented for the declared marginal comparison,1,1,5.0,False,5.0,False
CKD__04,Five-number,five_number,10.0,48.184999999999995,0.0,False,does_not_qualify,383,11.205813953488367,14.0,box,Box plot,Five-number summary; min–max whiskers,5,True,Implemented for the declared marginal comparison,1,6,6.0,False,6.0,False
CKD__04,Five-number,five_number,10.0,48.184999999999995,0.0,False,does_not_qualify,383,11.205813953488367,14.0,interval,Error-bar / interval plot,"Median dot, thick interquartile interval, thin min–max interval; not a confidence interval",14,True,Implemented for the declared marginal comparison,1,15,7.0,False,6.0,False
CKD__04,,,,,,,not_applicable,383,,,line,Line chart,Requires an ordered-trend target; row order is not time,1,False,Requires an ordered-trend target; row order is not time,0,2,,False,,False
CKD__04,,,,,,,not_applicable,383,,,scatter,Scatter plot,"Requires a joint-association target, not marginal contrast",2,False,"Requires a joint-association target, not marginal contrast",0,3,,False,,False
CKD__04,,,,,,,not_applicable,383,,,pie,Pie chart,Requires a declared part-to-whole target,3,False,Requires a declared part-to-whole target,0,4,,False,,False
CKD__04,,,,,,,not_applicable,383,,,stacked_bar,Stacked bar chart,Requires a declared component-composition target,7,False,Requires a declared component-composition target,0,8,,False,,False
CKD__04,,,,,,,not_applicable,383,,,area,Area chart,Requires an ordered-trend or accumulation target,8,False,Requires an ordered-trend or accumulation target,0,9,,False,,False
CKD__04,,,,,,,not_applicable,383,,,bubble,Bubble chart,Requires a joint-association and size-variable target,9,False,Requires a joint-association and size-variable target,0,10,,False,,False
CKD__04,,,,,,,not_applicable,383,,,treemap,Treemap,Requires a meaningful hierarchy and part-to-whole target,11,False,Requires a meaningful hierarchy and part-to-whole target,0,12,,False,,False
CKD__04,,,,,,,not_applicable,383,,,choropleth,Choropleth map,Requires geographic identifiers and a geographic target,12,False,Requires geographic identifiers and a geographic target,0,13,,False,,False
CKD__05,Means,means,2.0,7.170751231527106,99.36102236421725,True,qualifies,313,0.7967501368363451,1.0,bar,Bar chart,Two group means,0,True,Implemented for the declared marginal comparison,1,1,1.0,True,1.0,True
CKD__05,Means,means,2.0,7.170751231527106,99.36102236421725,True,qualifies,313,0.7967501368363451,1.0,dot,Dot plot,Mean dots or all raw dots; report the chosen setting,10,True,Implemented for the declared marginal comparison,2,11,2.0,False,1.0,True
CKD__05,Binned,bins_4,10.0,8.72622063565177,96.80511182108627,True,qualifies,313,0.9695800706279746,2.0,histogram,Histogram,Common bins with group probabilities,4,True,Implemented for the declared marginal comparison,5,5,3.0,False,3.0,False
CKD__05,Binned,bins_4,10.0,8.72622063565177,96.80511182108627,True,qualifies,313,0.9695800706279746,2.0,heatmap,Heatmap,Two-by-bin probability matrix with common bin boundaries,6,True,Implemented for the declared marginal comparison,5,7,4.0,False,3.0,False
CKD__05,Density,density_16,34.0,7.066875820834639,89.1373801916933,True,qualifies,313,0.7852084245371821,4.0,violin,Violin plot,Sampled density on the declared grid,13,True,Implemented for the declared marginal comparison,6,14,5.0,False,5.0,False
CKD__05,Five-number,five_number,10.0,90.6,0.0,False,does_not_qualify,313,10.066666666666666,14.0,box,Box plot,Five-number summary; min–max whiskers,5,True,Implemented for the declared marginal comparison,1,6,6.0,False,6.0,False
CKD__05,Five-number,five_number,10.0,90.6,0.0,False,does_not_qualify,313,10.066666666666666,14.0,interval,Error-bar / interval plot,"Median dot, thick interquartile interval, thin min–max interval; not a confidence interval",14,True,Implemented for the declared marginal comparison,1,15,7.0,False,6.0,False
CKD__05,,,,,,,not_applicable,313,,,line,Line chart,Requires an ordered-trend target; row order is not time,1,False,Requires an ordered-trend target; row order is not time,0,2,,False,,False
CKD__05,,,,,,,not_applicable,313,,,scatter,Scatter plot,"Requires a joint-association target, not marginal contrast",2,False,"Requires a joint-association target, not marginal contrast",0,3,,False,,False
CKD__05,,,,,,,not_applicable,313,,,pie,Pie chart,Requires a declared part-to-whole target,3,False,Requires a declared part-to-whole target,0,4,,False,,False
CKD__05,,,,,,,not_applicable,313,,,stacked_bar,Stacked bar chart,Requires a declared component-composition target,7,False,Requires a declared component-composition target,0,8,,False,,False
CKD__05,,,,,,,not_applicable,313,,,area,Area chart,Requires an ordered-trend or accumulation target,8,False,Requires an ordered-trend or accumulation target,0,9,,False,,False
CKD__05,,,,,,,not_applicable,313,,,bubble,Bubble chart,Requires a joint-association and size-variable target,9,False,Requires a joint-association and size-variable target,0,10,,False,,False
CKD__05,,,,,,,not_applicable,313,,,treemap,Treemap,Requires a meaningful hierarchy and part-to-whole target,11,False,Requires a meaningful hierarchy and part-to-whole target,0,12,,False,,False
CKD__05,,,,,,,not_applicable,313,,,choropleth,Choropleth map,Requires geographic identifiers and a geographic target,12,False,Requires geographic identifiers and a geographic target,0,13,,False,,False
CKD__06,Binned,bins_32,66.0,0.5338269788402457,78.84615384615384,True,qualifies,312,0.88971163140041,1.0,histogram,Histogram,Common bins with group probabilities,4,True,Implemented for the declared marginal comparison,5,5,1.0,True,1.0,True
CKD__06,Binned,bins_32,66.0,0.5338269788402457,78.84615384615384,True,qualifies,312,0.88971163140041,1.0,heatmap,Heatmap,Two-by-bin probability matrix with common bin boundaries,6,True,Implemented for the declared marginal comparison,5,7,2.0,False,1.0,True
CKD__06,Observations,raw,312.0,0.0,0.0,True,qualifies,312,0.0,3.0,dot,Dot plot,Mean dots or all raw dots; report the chosen setting,10,True,Implemented for the declared marginal comparison,2,11,3.0,False,3.0,False
CKD__06,Means,means,2.0,0.9805120792896962,0.0,False,does_not_qualify,312,1.6341867988161614,4.0,bar,Bar chart,Two group means,0,True,Implemented for the declared marginal comparison,1,1,4.0,False,4.0,False
CKD__06,Density,density_16,34.0,0.9973163031576311,0.0,False,does_not_qualify,312,1.6621938385960529,5.0,violin,Violin plot,Sampled density on the declared grid,13,True,Implemented for the declared marginal comparison,6,14,5.0,False,5.0,False
CKD__06,Five-number,five_number,10.0,32.3,0.0,False,does_not_qualify,312,53.83333333333336,14.0,box,Box plot,Five-number summary; min–max whiskers,5,True,Implemented for the declared marginal comparison,1,6,6.0,False,6.0,False
CKD__06,Five-number,five_number,10.0,32.3,0.0,False,does_not_qualify,312,53.83333333333336,14.0,interval,Error-bar / interval plot,"Median dot, thick interquartile interval, thin min–max interval; not a confidence interval",14,True,Implemented for the declared marginal comparison,1,15,7.0,False,6.0,False
CKD__06,,,,,,,not_applicable,312,,,line,Line chart,Requires an ordered-trend target; row order is not time,1,False,Requires an ordered-trend target; row order is not time,0,2,,False,,False
CKD__06,,,,,,,not_applicable,312,,,scatter,Scatter plot,"Requires a joint-association target, not marginal contrast",2,False,"Requires a joint-association target, not marginal contrast",0,3,,False,,False
CKD__06,,,,,,,not_applicable,312,,,pie,Pie chart,Requires a declared part-to-whole target,3,False,Requires a declared part-to-whole target,0,4,,False,,False
CKD__06,,,,,,,not_applicable,312,,,stacked_bar,Stacked bar chart,Requires a declared component-composition target,7,False,Requires a declared component-composition target,0,8,,False,,False
CKD__06,,,,,,,not_applicable,312,,,area,Area chart,Requires an ordered-trend or accumulation target,8,False,Requires an ordered-trend or accumulation target,0,9,,False,,False
CKD__06,,,,,,,not_applicable,312,,,bubble,Bubble chart,Requires a joint-association and size-variable target,9,False,Requires a joint-association and size-variable target,0,10,,False,,False
CKD__06,,,,,,,not_applicable,312,,,treemap,Treemap,Requires a meaningful hierarchy and part-to-whole target,11,False,Requires a meaningful hierarchy and part-to-whole target,0,12,,False,,False
CKD__06,,,,,,,not_applicable,312,,,choropleth,Choropleth map,Requires geographic identifiers and a geographic target,12,False,Requires geographic identifiers and a geographic target,0,13,,False,,False
CKD__07,Binned,bins_8,18.0,0.6938983488132102,94.82758620689656,True,qualifies,348,0.49564167772372175,1.0,histogram,Histogram,Common bins with group probabilities,4,True,Implemented for the declared marginal comparison,5,5,1.0,True,1.0,True
CKD__07,Binned,bins_8,18.0,0.6938983488132102,94.82758620689656,True,qualifies,348,0.49564167772372175,1.0,heatmap,Heatmap,Two-by-bin probability matrix with common bin boundaries,6,True,Implemented for the declared marginal comparison,5,7,2.0,False,1.0,True
CKD__07,Density,density_8,18.0,1.0685199471414641,94.82758620689656,True,qualifies,348,0.7632285336724747,2.0,violin,Violin plot,Sampled density on the declared grid,13,True,Implemented for the declared marginal comparison,6,14,3.0,False,3.0,False
CKD__07,Observations,raw,348.0,0.0,0.0,True,qualifies,348,0.0,10.0,dot,Dot plot,Mean dots or all raw dots; report the chosen setting,10,True,Implemented for the declared marginal comparison,2,11,4.0,False,4.0,False
CKD__07,Means,means,2.0,2.1443545751633986,0.0,False,does_not_qualify,348,1.531681839402428,12.0,bar,Bar chart,Two group means,0,True,Implemented for the declared marginal comparison,1,1,5.0,False,5.0,False
CKD__07,Five-number,five_number,10.0,2.544827586206896,0.0,False,does_not_qualify,348,1.8177339901477836,14.0,box,Box plot,Five-number summary; min–max whiskers,5,True,Implemented for the declared marginal comparison,1,6,6.0,False,6.0,False
CKD__07,Five-number,five_number,10.0,2.544827586206896,0.0,False,does_not_qualify,348,1.8177339901477836,14.0,interval,Error-bar / interval plot,"Median dot, thick interquartile interval, thin min–max interval; not a confidence interval",14,True,Implemented for the declared marginal comparison,1,15,7.0,False,6.0,False
CKD__07,,,,,,,not_applicable,348,,,line,Line chart,Requires an ordered-trend target; row order is not time,1,False,Requires an ordered-trend target; row order is not time,0,2,,False,,False
CKD__07,,,,,,,not_applicable,348,,,scatter,Scatter plot,"Requires a joint-association target, not marginal contrast",2,False,"Requires a joint-association target, not marginal contrast",0,3,,False,,False
CKD__07,,,,,,,not_applicable,348,,,pie,Pie chart,Requires a declared part-to-whole target,3,False,Requires a declared part-to-whole target,0,4,,False,,False
CKD__07,,,,,,,not_applicable,348,,,stacked_bar,Stacked bar chart,Requires a declared component-composition target,7,False,Requires a declared component-composition target,0,8,,False,,False
CKD__07,,,,,,,not_applicable,348,,,area,Area chart,Requires an ordered-trend or accumulation target,8,False,Requires an ordered-trend or accumulation target,0,9,,False,,False
CKD__07,,,,,,,not_applicable,348,,,bubble,Bubble chart,Requires a joint-association and size-variable target,9,False,Requires a joint-association and size-variable target,0,10,,False,,False
CKD__07,,,,,,,not_applicable,348,,,treemap,Treemap,Requires a meaningful hierarchy and part-to-whole target,11,False,Requires a meaningful hierarchy and part-to-whole target,0,12,,False,,False
CKD__07,,,,,,,not_applicable,348,,,choropleth,Choropleth map,Requires geographic identifiers and a geographic target,12,False,Requires geographic identifiers and a geographic target,0,13,,False,,False
CKD__08,Binned,bins_8,18.0,1.5107314560439598,94.52887537993921,True,qualifies,329,0.37768286401098994,1.0,histogram,Histogram,Common bins with group probabilities,4,True,Implemented for the declared marginal comparison,5,5,1.0,True,1.0,True
CKD__08,Binned,bins_8,18.0,1.5107314560439598,94.52887537993921,True,qualifies,329,0.37768286401098994,1.0,heatmap,Heatmap,Two-by-bin probability matrix with common bin boundaries,6,True,Implemented for the declared marginal comparison,5,7,2.0,False,1.0,True
CKD__08,Density,density_8,18.0,3.8161882875267708,94.52887537993921,True,qualifies,329,0.9540470718816927,2.0,violin,Violin plot,Sampled density on the declared grid,13,True,Implemented for the declared marginal comparison,6,14,3.0,False,3.0,False
CKD__08,Observations,raw,329.0,0.0,0.0,True,qualifies,329,0.0,10.0,dot,Dot plot,Mean dots or all raw dots; report the chosen setting,10,True,Implemented for the declared marginal comparison,2,11,4.0,False,4.0,False
CKD__08,Means,means,2.0,5.7542742720263504,0.0,False,does_not_qualify,329,1.4385685680065876,13.0,bar,Bar chart,Two group means,0,True,Implemented for the declared marginal comparison,1,1,5.0,False,5.0,False
CKD__08,Five-number,five_number,10.0,8.560439560439562,0.0,False,does_not_qualify,329,2.1401098901098905,14.0,box,Box plot,Five-number summary; min–max whiskers,5,True,Implemented for the declared marginal comparison,1,6,6.0,False,6.0,False
CKD__08,Five-number,five_number,10.0,8.560439560439562,0.0,False,does_not_qualify,329,2.1401098901098905,14.0,interval,Error-bar / interval plot,"Median dot, thick interquartile interval, thin min–max interval; not a confidence interval",14,True,Implemented for the declared marginal comparison,1,15,7.0,False,6.0,False
CKD__08,,,,,,,not_applicable,329,,,line,Line chart,Requires an ordered-trend target; row order is not time,1,False,Requires an ordered-trend target; row order is not time,0,2,,False,,False
CKD__08,,,,,,,not_applicable,329,,,scatter,Scatter plot,"Requires a joint-association target, not marginal contrast",2,False,"Requires a joint-association target, not marginal contrast",0,3,,False,,False
CKD__08,,,,,,,not_applicable,329,,,pie,Pie chart,Requires a declared part-to-whole target,3,False,Requires a declared part-to-whole target,0,4,,False,,False
CKD__08,,,,,,,not_applicable,329,,,stacked_bar,Stacked bar chart,Requires a declared component-composition target,7,False,Requires a declared component-composition target,0,8,,False,,False
CKD__08,,,,,,,not_applicable,329,,,area,Area chart,Requires an ordered-trend or accumulation target,8,False,Requires an ordered-trend or accumulation target,0,9,,False,,False
CKD__08,,,,,,,not_applicable,329,,,bubble,Bubble chart,Requires a joint-association and size-variable target,9,False,Requires a joint-association and size-variable target,0,10,,False,,False
CKD__08,,,,,,,not_applicable,329,,,treemap,Treemap,Requires a meaningful hierarchy and part-to-whole target,11,False,Requires a meaningful hierarchy and part-to-whole target,0,12,,False,,False
CKD__08,,,,,,,not_applicable,329,,,choropleth,Choropleth map,Requires geographic identifiers and a geographic target,12,False,Requires geographic identifiers and a geographic target,0,13,,False,,False
CKD__09,Binned,bins_4,10.0,2385.8333333333394,96.5986394557823,True,qualifies,294,0.9543333333333358,1.0,histogram,Histogram,Common bins with group probabilities,4,True,Implemented for the declared marginal comparison,5,5,1.0,True,1.0,True
CKD__09,Binned,bins_4,10.0,2385.8333333333394,96.5986394557823,True,qualifies,294,0.9543333333333358,1.0,heatmap,Heatmap,Two-by-bin probability matrix with common bin boundaries,6,True,Implemented for the declared marginal comparison,5,7,2.0,False,1.0,True
CKD__09,Density,density_8,18.0,1741.7144221379003,93.87755102040816,True,qualifies,294,0.6966857688551601,3.0,violin,Violin plot,Sampled density on the declared grid,13,True,Implemented for the declared marginal comparison,6,14,3.0,False,3.0,False
CKD__09,Observations,raw,294.0,0.0,0.0,True,qualifies,294,0.0,11.0,dot,Dot plot,Mean dots or all raw dots; report the chosen setting,10,True,Implemented for the declared marginal comparison,2,11,4.0,False,4.0,False
CKD__09,Means,means,2.0,3136.0579817533453,0.0,False,does_not_qualify,294,1.254423192701338,13.0,bar,Bar chart,Two group means,0,True,Implemented for the declared marginal comparison,1,1,5.0,False,5.0,False
CKD__09,Five-number,five_number,10.0,8089.999999999996,0.0,False,does_not_qualify,294,3.2359999999999984,14.0,box,Box plot,Five-number summary; min–max whiskers,5,True,Implemented for the declared marginal comparison,1,6,6.0,False,6.0,False
CKD__09,Five-number,five_number,10.0,8089.999999999996,0.0,False,does_not_qualify,294,3.2359999999999984,14.0,interval,Error-bar / interval plot,"Median dot, thick interquartile interval, thin min–max interval; not a confidence interval",14,True,Implemented for the declared marginal comparison,1,15,7.0,False,6.0,False
CKD__09,,,,,,,not_applicable,294,,,line,Line chart,Requires an ordered-trend target; row order is not time,1,False,Requires an ordered-trend target; row order is not time,0,2,,False,,False
CKD__09,,,,,,,not_applicable,294,,,scatter,Scatter plot,"Requires a joint-association target, not marginal contrast",2,False,"Requires a joint-association target, not marginal contrast",0,3,,False,,False
CKD__09,,,,,,,not_applicable,294,,,pie,Pie chart,Requires a declared part-to-whole target,3,False,Requires a declared part-to-whole target,0,4,,False,,False
CKD__09,,,,,,,not_applicable,294,,,stacked_bar,Stacked bar chart,Requires a declared component-composition target,7,False,Requires a declared component-composition target,0,8,,False,,False
CKD__09,,,,,,,not_applicable,294,,,area,Area chart,Requires an ordered-trend or accumulation target,8,False,Requires an ordered-trend or accumulation target,0,9,,False,,False
CKD__09,,,,,,,not_applicable,294,,,bubble,Bubble chart,Requires a joint-association and size-variable target,9,False,Requires a joint-association and size-variable target,0,10,,False,,False
CKD__09,,,,,,,not_applicable,294,,,treemap,Treemap,Requires a meaningful hierarchy and part-to-whole target,11,False,Requires a meaningful hierarchy and part-to-whole target,0,12,,False,,False
CKD__09,,,,,,,not_applicable,294,,,choropleth,Choropleth map,Requires geographic identifiers and a geographic target,12,False,Requires geographic identifiers and a geographic target,0,13,,False,,False
CKD__10,Means,means,2.0,0.4662171162171158,99.25650557620817,True,qualifies,269,0.8202556127224675,1.0,bar,Bar chart,Two group means,0,True,Implemented for the declared marginal comparison,1,1,1.0,True,1.0,True
CKD__10,Means,means,2.0,0.4662171162171158,99.25650557620817,True,qualifies,269,0.8202556127224675,1.0,dot,Dot plot,Mean dots or all raw dots; report the chosen setting,10,True,Implemented for the declared marginal comparison,2,11,2.0,False,1.0,True
CKD__10,Binned,bins_4,10.0,0.4556255384615384,96.28252788104089,True,qualifies,269,0.8016209448833894,2.0,histogram,Histogram,Common bins with group probabilities,4,True,Implemented for the declared marginal comparison,5,5,3.0,False,3.0,False
CKD__10,Binned,bins_4,10.0,0.4556255384615384,96.28252788104089,True,qualifies,269,0.8016209448833894,2.0,heatmap,Heatmap,Two-by-bin probability matrix with common bin boundaries,6,True,Implemented for the declared marginal comparison,5,7,4.0,False,3.0,False
CKD__10,Density,density_8,18.0,0.4870975897511882,93.3085501858736,True,qualifies,269,0.8569924141329281,4.0,violin,Violin plot,Sampled density on the declared grid,13,True,Implemented for the declared marginal comparison,6,14,5.0,False,5.0,False
CKD__10,Five-number,five_number,10.0,2.0999999999999996,0.0,False,does_not_qualify,269,3.6947094535993004,14.0,box,Box plot,Five-number summary; min–max whiskers,5,True,Implemented for the declared marginal comparison,1,6,6.0,False,6.0,False
CKD__10,Five-number,five_number,10.0,2.0999999999999996,0.0,False,does_not_qualify,269,3.6947094535993004,14.0,interval,Error-bar / interval plot,"Median dot, thick interquartile interval, thin min–max interval; not a confidence interval",14,True,Implemented for the declared marginal comparison,1,15,7.0,False,6.0,False
CKD__10,,,,,,,not_applicable,269,,,line,Line chart,Requires an ordered-trend target; row order is not time,1,False,Requires an ordered-trend target; row order is not time,0,2,,False,,False
CKD__10,,,,,,,not_applicable,269,,,scatter,Scatter plot,"Requires a joint-association target, not marginal contrast",2,False,"Requires a joint-association target, not marginal contrast",0,3,,False,,False
CKD__10,,,,,,,not_applicable,269,,,pie,Pie chart,Requires a declared part-to-whole target,3,False,Requires a declared part-to-whole target,0,4,,False,,False
CKD__10,,,,,,,not_applicable,269,,,stacked_bar,Stacked bar chart,Requires a declared component-composition target,7,False,Requires a declared component-composition target,0,8,,False,,False
CKD__10,,,,,,,not_applicable,269,,,area,Area chart,Requires an ordered-trend or accumulation target,8,False,Requires an ordered-trend or accumulation target,0,9,,False,,False
CKD__10,,,,,,,not_applicable,269,,,bubble,Bubble chart,Requires a joint-association and size-variable target,9,False,Requires a joint-association and size-variable target,0,10,,False,,False
CKD__10,,,,,,,not_applicable,269,,,treemap,Treemap,Requires a meaningful hierarchy and part-to-whole target,11,False,Requires a meaningful hierarchy and part-to-whole target,0,12,,False,,False
CKD__10,,,,,,,not_applicable,269,,,choropleth,Choropleth map,Requires geographic identifiers and a geographic target,12,False,Requires geographic identifiers and a geographic target,0,13,,False,,False
ILPD__00,Means,means,2.0,4.9143251957623235,99.65694682675816,True,qualifies,583,0.5460361328624804,1.0,bar,Bar chart,Two group means,0,True,Implemented for the declared marginal comparison,1,1,1.0,True,1.0,True
ILPD__00,Means,means,2.0,4.9143251957623235,99.65694682675816,True,qualifies,583,0.5460361328624804,1.0,dot,Dot plot,Mean dots or all raw dots; report the chosen setting,10,True,Implemented for the declared marginal comparison,2,11,2.0,False,1.0,True
ILPD__00,Five-number,five_number,10.0,3.612048192771084,98.28473413379074,True,qualifies,583,0.401338688085676,2.0,box,Box plot,Five-number summary; min–max whiskers,5,True,Implemented for the declared marginal comparison,1,6,3.0,False,3.0,False
ILPD__00,Five-number,five_number,10.0,3.612048192771084,98.28473413379074,True,qualifies,583,0.401338688085676,2.0,interval,Error-bar / interval plot,"Median dot, thick interquartile interval, thin min–max interval; not a confidence interval",14,True,Implemented for the declared marginal comparison,1,15,4.0,False,3.0,False
ILPD__00,Binned,bins_4,10.0,6.149254652449853,98.28473413379074,True,qualifies,583,0.6832505169388726,3.0,histogram,Histogram,Common bins with group probabilities,4,True,Implemented for the declared marginal comparison,5,5,5.0,False,5.0,False
ILPD__00,Binned,bins_4,10.0,6.149254652449853,98.28473413379074,True,qualifies,583,0.6832505169388726,3.0,heatmap,Heatmap,Two-by-bin probability matrix with common bin boundaries,6,True,Implemented for the declared marginal comparison,5,7,6.0,False,5.0,False
ILPD__00,Density,density_8,18.0,7.868386498735497,96.91252144082333,True,qualifies,583,0.8742651665261663,5.0,violin,Violin plot,Sampled density on the declared grid,13,True,Implemented for the declared marginal comparison,6,14,7.0,False,7.0,False
ILPD__00,,,,,,,not_applicable,583,,,line,Line chart,Requires an ordered-trend target; row order is not time,1,False,Requires an ordered-trend target; row order is not time,0,2,,False,,False
ILPD__00,,,,,,,not_applicable,583,,,scatter,Scatter plot,"Requires a joint-association target, not marginal contrast",2,False,"Requires a joint-association target, not marginal contrast",0,3,,False,,False
ILPD__00,,,,,,,not_applicable,583,,,pie,Pie chart,Requires a declared part-to-whole target,3,False,Requires a declared part-to-whole target,0,4,,False,,False
ILPD__00,,,,,,,not_applicable,583,,,stacked_bar,Stacked bar chart,Requires a declared component-composition target,7,False,Requires a declared component-composition target,0,8,,False,,False
ILPD__00,,,,,,,not_applicable,583,,,area,Area chart,Requires an ordered-trend or accumulation target,8,False,Requires an ordered-trend or accumulation target,0,9,,False,,False
ILPD__00,,,,,,,not_applicable,583,,,bubble,Bubble chart,Requires a joint-association and size-variable target,9,False,Requires a joint-association and size-variable target,0,10,,False,,False
ILPD__00,,,,,,,not_applicable,583,,,treemap,Treemap,Requires a meaningful hierarchy and part-to-whole target,11,False,Requires a meaningful hierarchy and part-to-whole target,0,12,,False,,False
ILPD__00,,,,,,,not_applicable,583,,,choropleth,Choropleth map,Requires geographic identifiers and a geographic target,12,False,Requires geographic identifiers and a geographic target,0,13,,False,,False
ILPD__01,Binned,bins_16,34.0,3.2195771279562715,94.16809605488851,True,qualifies,583,0.6186735449570088,1.0,histogram,Histogram,Common bins with group probabilities,4,True,Implemented for the declared marginal comparison,5,5,1.0,True,1.0,True
ILPD__01,Binned,bins_16,34.0,3.2195771279562715,94.16809605488851,True,qualifies,583,0.6186735449570088,1.0,heatmap,Heatmap,Two-by-bin probability matrix with common bin boundaries,6,True,Implemented for the declared marginal comparison,5,7,2.0,False,1.0,True
ILPD__01,Density,density_32,66.0,1.7503153988122069,88.67924528301887,True,qualifies,583,0.3363403917779032,3.0,violin,Violin plot,Sampled density on the declared grid,13,True,Implemented for the declared marginal comparison,6,14,3.0,False,3.0,False
ILPD__01,Observations,raw,583.0,0.0,0.0,True,qualifies,583,0.0,8.0,dot,Dot plot,Mean dots or all raw dots; report the chosen setting,10,True,Implemented for the declared marginal comparison,2,11,4.0,False,4.0,False
ILPD__01,Means,means,2.0,13.1530918931368,0.0,False,does_not_qualify,583,2.527496520587396,12.0,bar,Bar chart,Two group means,0,True,Implemented for the declared marginal comparison,1,1,5.0,False,5.0,False
ILPD__01,Five-number,five_number,10.0,38.607951807228915,0.0,False,does_not_qualify,583,7.41889927118158,14.0,box,Box plot,Five-number summary; min–max whiskers,5,True,Implemented for the declared marginal comparison,1,6,6.0,False,6.0,False
ILPD__01,Five-number,five_number,10.0,38.607951807228915,0.0,False,does_not_qualify,583,7.41889927118158,14.0,interval,Error-bar / interval plot,"Median dot, thick interquartile interval, thin min–max interval; not a confidence interval",14,True,Implemented for the declared marginal comparison,1,15,7.0,False,6.0,False
ILPD__01,,,,,,,not_applicable,583,,,line,Line chart,Requires an ordered-trend target; row order is not time,1,False,Requires an ordered-trend target; row order is not time,0,2,,False,,False
ILPD__01,,,,,,,not_applicable,583,,,scatter,Scatter plot,"Requires a joint-association target, not marginal contrast",2,False,"Requires a joint-association target, not marginal contrast",0,3,,False,,False
ILPD__01,,,,,,,not_applicable,583,,,pie,Pie chart,Requires a declared part-to-whole target,3,False,Requires a declared part-to-whole target,0,4,,False,,False
ILPD__01,,,,,,,not_applicable,583,,,stacked_bar,Stacked bar chart,Requires a declared component-composition target,7,False,Requires a declared component-composition target,0,8,,False,,False
ILPD__01,,,,,,,not_applicable,583,,,area,Area chart,Requires an ordered-trend or accumulation target,8,False,Requires an ordered-trend or accumulation target,0,9,,False,,False
ILPD__01,,,,,,,not_applicable,583,,,bubble,Bubble chart,Requires a joint-association and size-variable target,9,False,Requires a joint-association and size-variable target,0,10,,False,,False
ILPD__01,,,,,,,not_applicable,583,,,treemap,Treemap,Requires a meaningful hierarchy and part-to-whole target,11,False,Requires a meaningful hierarchy and part-to-whole target,0,12,,False,,False
ILPD__01,,,,,,,not_applicable,583,,,choropleth,Choropleth map,Requires geographic identifiers and a geographic target,12,False,Requires geographic identifiers and a geographic target,0,13,,False,,False
ILPD__02,Binned,bins_8,18.0,1.6219857478695285,96.91252144082333,True,qualifies,583,0.5830286656612254,1.0,histogram,Histogram,Common bins with group probabilities,4,True,Implemented for the declared marginal comparison,5,5,1.0,True,1.0,True
ILPD__02,Binned,bins_8,18.0,1.6219857478695285,96.91252144082333,True,qualifies,583,0.5830286656612254,1.0,heatmap,Heatmap,Two-by-bin probability matrix with common bin boundaries,6,True,Implemented for the declared marginal comparison,5,7,2.0,False,1.0,True
ILPD__02,Density,density_16,34.0,1.0843905917635972,94.16809605488851,True,qualifies,583,0.3897881350695893,3.0,violin,Violin plot,Sampled density on the declared grid,13,True,Implemented for the declared marginal comparison,6,14,3.0,False,3.0,False
ILPD__02,Observations,raw,583.0,0.0,0.0,True,qualifies,583,0.0,10.0,dot,Dot plot,Mean dots or all raw dots; report the chosen setting,10,True,Implemented for the declared marginal comparison,2,11,4.0,False,4.0,False
ILPD__02,Five-number,five_number,10.0,5.204578313253013,0.0,False,does_not_qualify,583,1.8708045698249511,13.0,box,Box plot,Five-number summary; min–max whiskers,5,True,Implemented for the declared marginal comparison,1,6,5.0,False,5.0,False
ILPD__02,Five-number,five_number,10.0,5.204578313253013,0.0,False,does_not_qualify,583,1.8708045698249511,13.0,interval,Error-bar / interval plot,"Median dot, thick interquartile interval, thin min–max interval; not a confidence interval",14,True,Implemented for the declared marginal comparison,1,15,6.0,False,5.0,False
ILPD__02,Means,means,2.0,6.81284949332105,0.0,False,does_not_qualify,583,2.4489034842994437,14.0,bar,Bar chart,Two group means,0,True,Implemented for the declared marginal comparison,1,1,7.0,False,7.0,False
ILPD__02,,,,,,,not_applicable,583,,,line,Line chart,Requires an ordered-trend target; row order is not time,1,False,Requires an ordered-trend target; row order is not time,0,2,,False,,False
ILPD__02,,,,,,,not_applicable,583,,,scatter,Scatter plot,"Requires a joint-association target, not marginal contrast",2,False,"Requires a joint-association target, not marginal contrast",0,3,,False,,False
ILPD__02,,,,,,,not_applicable,583,,,pie,Pie chart,Requires a declared part-to-whole target,3,False,Requires a declared part-to-whole target,0,4,,False,,False
ILPD__02,,,,,,,not_applicable,583,,,stacked_bar,Stacked bar chart,Requires a declared component-composition target,7,False,Requires a declared component-composition target,0,8,,False,,False
ILPD__02,,,,,,,not_applicable,583,,,area,Area chart,Requires an ordered-trend or accumulation target,8,False,Requires an ordered-trend or accumulation target,0,9,,False,,False
ILPD__02,,,,,,,not_applicable,583,,,bubble,Bubble chart,Requires a joint-association and size-variable target,9,False,Requires a joint-association and size-variable target,0,10,,False,,False
ILPD__02,,,,,,,not_applicable,583,,,treemap,Treemap,Requires a meaningful hierarchy and part-to-whole target,11,False,Requires a meaningful hierarchy and part-to-whole target,0,12,,False,,False
ILPD__02,,,,,,,not_applicable,583,,,choropleth,Choropleth map,Requires geographic identifiers and a geographic target,12,False,Requires geographic identifiers and a geographic target,0,13,,False,,False
ILPD__03,Five-number,five_number,10.0,113.6204819277109,98.28473413379074,True,qualifies,583,0.525157643353336,1.0,box,Box plot,Five-number summary; min–max whiskers,5,True,Implemented for the declared marginal comparison,1,6,1.0,True,1.0,True
ILPD__03,Five-number,five_number,10.0,113.6204819277109,98.28473413379074,True,qualifies,583,0.525157643353336,1.0,interval,Error-bar / interval plot,"Median dot, thick interquartile interval, thin min–max interval; not a confidence interval",14,True,Implemented for the declared marginal comparison,1,15,2.0,False,1.0,True
ILPD__03,Binned,bins_8,18.0,63.15666423974034,96.91252144082333,True,qualifies,583,0.2919122009648051,2.0,histogram,Histogram,Common bins with group probabilities,4,True,Implemented for the declared marginal comparison,5,5,3.0,False,3.0,False
ILPD__03,Binned,bins_8,18.0,63.15666423974034,96.91252144082333,True,qualifies,583,0.2919122009648051,2.0,heatmap,Heatmap,Two-by-bin probability matrix with common bin boundaries,6,True,Implemented for the declared marginal comparison,5,7,4.0,False,3.0,False
ILPD__03,Density,density_8,18.0,116.19858993013446,96.91252144082333,True,qualifies,583,0.537073744217303,3.0,violin,Violin plot,Sampled density on the declared grid,13,True,Implemented for the declared marginal comparison,6,14,5.0,False,5.0,False
ILPD__03,Observations,raw,583.0,0.0,0.0,True,qualifies,583,0.0,12.0,dot,Dot plot,Mean dots or all raw dots; report the chosen setting,10,True,Implemented for the declared marginal comparison,2,11,6.0,False,6.0,False
ILPD__03,Means,means,2.0,301.39727947950263,0.0,False,does_not_qualify,583,1.393068241914922,14.0,bar,Bar chart,Two group means,0,True,Implemented for the declared marginal comparison,1,1,7.0,False,7.0,False
ILPD__03,,,,,,,not_applicable,583,,,line,Line chart,Requires an ordered-trend target; row order is not time,1,False,Requires an ordered-trend target; row order is not time,0,2,,False,,False
ILPD__03,,,,,,,not_applicable,583,,,scatter,Scatter plot,"Requires a joint-association target, not marginal contrast",2,False,"Requires a joint-association target, not marginal contrast",0,3,,False,,False
ILPD__03,,,,,,,not_applicable,583,,,pie,Pie chart,Requires a declared part-to-whole target,3,False,Requires a declared part-to-whole target,0,4,,False,,False
ILPD__03,,,,,,,not_applicable,583,,,stacked_bar,Stacked bar chart,Requires a declared component-composition target,7,False,Requires a declared component-composition target,0,8,,False,,False
ILPD__03,,,,,,,not_applicable,583,,,area,Area chart,Requires an ordered-trend or accumulation target,8,False,Requires an ordered-trend or accumulation target,0,9,,False,,False
ILPD__03,,,,,,,not_applicable,583,,,bubble,Bubble chart,Requires a joint-association and size-variable target,9,False,Requires a joint-association and size-variable target,0,10,,False,,False
ILPD__03,,,,,,,not_applicable,583,,,treemap,Treemap,Requires a meaningful hierarchy and part-to-whole target,11,False,Requires a meaningful hierarchy and part-to-whole target,0,12,,False,,False
ILPD__03,,,,,,,not_applicable,583,,,choropleth,Choropleth map,Requires geographic identifiers and a geographic target,12,False,Requires geographic identifiers and a geographic target,0,13,,False,,False
ILPD__04,Binned,bins_16,34.0,81.34289676126141,94.16809605488851,True,qualifies,583,0.4751337427643775,1.0,histogram,Histogram,Common bins with group probabilities,4,True,Implemented for the declared marginal comparison,5,5,1.0,True,1.0,True
ILPD__04,Binned,bins_16,34.0,81.34289676126141,94.16809605488851,True,qualifies,583,0.4751337427643775,1.0,heatmap,Heatmap,Two-by-bin probability matrix with common bin boundaries,6,True,Implemented for the declared marginal comparison,5,7,2.0,False,1.0,True
ILPD__04,Density,density_16,34.0,152.85862510031552,94.16809605488851,True,qualifies,583,0.8928658008196001,2.0,violin,Violin plot,Sampled density on the declared grid,13,True,Implemented for the declared marginal comparison,6,14,3.0,False,3.0,False
ILPD__04,Observations,raw,583.0,0.0,0.0,True,qualifies,583,0.0,9.0,dot,Dot plot,Mean dots or all raw dots; report the chosen setting,10,True,Implemented for the declared marginal comparison,2,11,4.0,False,4.0,False
ILPD__04,Means,means,2.0,244.44692538000913,0.0,False,does_not_qualify,583,1.4278441903037917,11.0,bar,Bar chart,Two group means,0,True,Implemented for the declared marginal comparison,1,1,5.0,False,5.0,False
ILPD__04,Five-number,five_number,10.0,1166.6144578313254,0.0,False,does_not_qualify,583,6.814336786397929,14.0,box,Box plot,Five-number summary; min–max whiskers,5,True,Implemented for the declared marginal comparison,1,6,6.0,False,6.0,False
ILPD__04,Five-number,five_number,10.0,1166.6144578313254,0.0,False,does_not_qualify,583,6.814336786397929,14.0,interval,Error-bar / interval plot,"Median dot, thick interquartile interval, thin min–max interval; not a confidence interval",14,True,Implemented for the declared marginal comparison,1,15,7.0,False,6.0,False
ILPD__04,,,,,,,not_applicable,583,,,line,Line chart,Requires an ordered-trend target; row order is not time,1,False,Requires an ordered-trend target; row order is not time,0,2,,False,,False
ILPD__04,,,,,,,not_applicable,583,,,scatter,Scatter plot,"Requires a joint-association target, not marginal contrast",2,False,"Requires a joint-association target, not marginal contrast",0,3,,False,,False
ILPD__04,,,,,,,not_applicable,583,,,pie,Pie chart,Requires a declared part-to-whole target,3,False,Requires a declared part-to-whole target,0,4,,False,,False
ILPD__04,,,,,,,not_applicable,583,,,stacked_bar,Stacked bar chart,Requires a declared component-composition target,7,False,Requires a declared component-composition target,0,8,,False,,False
ILPD__04,,,,,,,not_applicable,583,,,area,Area chart,Requires an ordered-trend or accumulation target,8,False,Requires an ordered-trend or accumulation target,0,9,,False,,False
ILPD__04,,,,,,,not_applicable,583,,,bubble,Bubble chart,Requires a joint-association and size-variable target,9,False,Requires a joint-association and size-variable target,0,10,,False,,False
ILPD__04,,,,,,,not_applicable,583,,,treemap,Treemap,Requires a meaningful hierarchy and part-to-whole target,11,False,Requires a meaningful hierarchy and part-to-whole target,0,12,,False,,False
ILPD__04,,,,,,,not_applicable,583,,,choropleth,Choropleth map,Requires geographic identifiers and a geographic target,12,False,Requires geographic identifiers and a geographic target,0,13,,False,,False
ILPD__05,Density,density_16,34.0,195.12001744983007,94.16809605488851,True,qualifies,583,0.9199435051854321,1.0,violin,Violin plot,Sampled density on the declared grid,13,True,Implemented for the declared marginal comparison,6,14,1.0,True,1.0,True
ILPD__05,Binned,bins_16,34.0,208.41539013195626,94.16809605488851,True,qualifies,583,0.9826279591322788,2.0,histogram,Histogram,Common bins with group probabilities,4,True,Implemented for the declared marginal comparison,5,5,2.0,False,2.0,False
ILPD__05,Binned,bins_16,34.0,208.41539013195626,94.16809605488851,True,qualifies,583,0.9826279591322788,2.0,heatmap,Heatmap,Two-by-bin probability matrix with common bin boundaries,6,True,Implemented for the declared marginal comparison,5,7,3.0,False,2.0,False
ILPD__05,Observations,raw,583.0,0.0,0.0,True,qualifies,583,0.0,9.0,dot,Dot plot,Mean dots or all raw dots; report the chosen setting,10,True,Implemented for the declared marginal comparison,2,11,4.0,False,4.0,False
ILPD__05,Means,means,2.0,361.98910352372184,0.0,False,does_not_qualify,583,1.7066907285418293,10.0,bar,Bar chart,Two group means,0,True,Implemented for the declared marginal comparison,1,1,5.0,False,5.0,False
ILPD__05,Five-number,five_number,10.0,3269.2499999999995,0.0,False,does_not_qualify,583,15.413719943422919,14.0,box,Box plot,Five-number summary; min–max whiskers,5,True,Implemented for the declared marginal comparison,1,6,6.0,False,6.0,False
ILPD__05,Five-number,five_number,10.0,3269.2499999999995,0.0,False,does_not_qualify,583,15.413719943422919,14.0,interval,Error-bar / interval plot,"Median dot, thick interquartile interval, thin min–max interval; not a confidence interval",14,True,Implemented for the declared marginal comparison,1,15,7.0,False,6.0,False
ILPD__05,,,,,,,not_applicable,583,,,line,Line chart,Requires an ordered-trend target; row order is not time,1,False,Requires an ordered-trend target; row order is not time,0,2,,False,,False
ILPD__05,,,,,,,not_applicable,583,,,scatter,Scatter plot,"Requires a joint-association target, not marginal contrast",2,False,"Requires a joint-association target, not marginal contrast",0,3,,False,,False
ILPD__05,,,,,,,not_applicable,583,,,pie,Pie chart,Requires a declared part-to-whole target,3,False,Requires a declared part-to-whole target,0,4,,False,,False
ILPD__05,,,,,,,not_applicable,583,,,stacked_bar,Stacked bar chart,Requires a declared component-composition target,7,False,Requires a declared component-composition target,0,8,,False,,False
ILPD__05,,,,,,,not_applicable,583,,,area,Area chart,Requires an ordered-trend or accumulation target,8,False,Requires an ordered-trend or accumulation target,0,9,,False,,False
ILPD__05,,,,,,,not_applicable,583,,,bubble,Bubble chart,Requires a joint-association and size-variable target,9,False,Requires a joint-association and size-variable target,0,10,,False,,False
ILPD__05,,,,,,,not_applicable,583,,,treemap,Treemap,Requires a meaningful hierarchy and part-to-whole target,11,False,Requires a meaningful hierarchy and part-to-whole target,0,12,,False,,False
ILPD__05,,,,,,,not_applicable,583,,,choropleth,Choropleth map,Requires geographic identifiers and a geographic target,12,False,Requires geographic identifiers and a geographic target,0,13,,False,,False
ILPD__06,Means,means,2.0,0.2160208429295274,99.65694682675816,True,qualifies,583,0.30860120418503906,1.0,bar,Bar chart,Two group means,0,True,Implemented for the declared marginal comparison,1,1,1.0,True,1.0,True
ILPD__06,Means,means,2.0,0.2160208429295274,99.65694682675816,True,qualifies,583,0.30860120418503906,1.0,dot,Dot plot,Mean dots or all raw dots; report the chosen setting,10,True,Implemented for the declared marginal comparison,2,11,2.0,False,1.0,True
ILPD__06,Binned,bins_4,10.0,0.32277911646586777,98.28473413379074,True,qualifies,583,0.46111302352266814,2.0,histogram,Histogram,Common bins with group probabilities,4,True,Implemented for the declared marginal comparison,5,5,3.0,False,3.0,False
ILPD__06,Binned,bins_4,10.0,0.32277911646586777,98.28473413379074,True,qualifies,583,0.46111302352266814,2.0,heatmap,Heatmap,Two-by-bin probability matrix with common bin boundaries,6,True,Implemented for the declared marginal comparison,5,7,4.0,False,3.0,False
ILPD__06,Density,density_8,18.0,0.316270250335819,96.91252144082333,True,qualifies,583,0.4518146433368842,4.0,violin,Violin plot,Sampled density on the declared grid,13,True,Implemented for the declared marginal comparison,6,14,5.0,False,5.0,False
ILPD__06,Five-number,five_number,10.0,0.7118072289156636,0.0,False,does_not_qualify,583,1.0168674698795193,14.0,box,Box plot,Five-number summary; min–max whiskers,5,True,Implemented for the declared marginal comparison,1,6,6.0,False,6.0,False
ILPD__06,Five-number,five_number,10.0,0.7118072289156636,0.0,False,does_not_qualify,583,1.0168674698795193,14.0,interval,Error-bar / interval plot,"Median dot, thick interquartile interval, thin min–max interval; not a confidence interval",14,True,Implemented for the declared marginal comparison,1,15,7.0,False,6.0,False
ILPD__06,,,,,,,not_applicable,583,,,line,Line chart,Requires an ordered-trend target; row order is not time,1,False,Requires an ordered-trend target; row order is not time,0,2,,False,,False
ILPD__06,,,,,,,not_applicable,583,,,scatter,Scatter plot,"Requires a joint-association target, not marginal contrast",2,False,"Requires a joint-association target, not marginal contrast",0,3,,False,,False
ILPD__06,,,,,,,not_applicable,583,,,pie,Pie chart,Requires a declared part-to-whole target,3,False,Requires a declared part-to-whole target,0,4,,False,,False
ILPD__06,,,,,,,not_applicable,583,,,stacked_bar,Stacked bar chart,Requires a declared component-composition target,7,False,Requires a declared component-composition target,0,8,,False,,False
ILPD__06,,,,,,,not_applicable,583,,,area,Area chart,Requires an ordered-trend or accumulation target,8,False,Requires an ordered-trend or accumulation target,0,9,,False,,False
ILPD__06,,,,,,,not_applicable,583,,,bubble,Bubble chart,Requires a joint-association and size-variable target,9,False,Requires a joint-association and size-variable target,0,10,,False,,False
ILPD__06,,,,,,,not_applicable,583,,,treemap,Treemap,Requires a meaningful hierarchy and part-to-whole target,11,False,Requires a meaningful hierarchy and part-to-whole target,0,12,,False,,False
ILPD__06,,,,,,,not_applicable,583,,,choropleth,Choropleth map,Requires geographic identifiers and a geographic target,12,False,Requires geographic identifiers and a geographic target,0,13,,False,,False
ILPD__07,Means,means,2.0,0.21626554583141422,99.65694682675816,True,qualifies,583,0.4325310916628288,1.0,bar,Bar chart,Two group means,0,True,Implemented for the declared marginal comparison,1,1,1.0,True,1.0,True
ILPD__07,Means,means,2.0,0.21626554583141422,99.65694682675816,True,qualifies,583,0.4325310916628288,1.0,dot,Dot plot,Mean dots or all raw dots; report the chosen setting,10,True,Implemented for the declared marginal comparison,2,11,2.0,False,1.0,True
ILPD__07,Binned,bins_4,10.0,0.4084939759036139,98.28473413379074,True,qualifies,583,0.8169879518072286,2.0,histogram,Histogram,Common bins with group probabilities,4,True,Implemented for the declared marginal comparison,5,5,3.0,False,3.0,False
ILPD__07,Binned,bins_4,10.0,0.4084939759036139,98.28473413379074,True,qualifies,583,0.8169879518072286,2.0,heatmap,Heatmap,Two-by-bin probability matrix with common bin boundaries,6,True,Implemented for the declared marginal comparison,5,7,4.0,False,3.0,False
ILPD__07,Density,density_8,18.0,0.2548614578374586,96.91252144082333,True,qualifies,583,0.5097229156749177,4.0,violin,Violin plot,Sampled density on the declared grid,13,True,Implemented for the declared marginal comparison,6,14,5.0,False,5.0,False
ILPD__07,Five-number,five_number,10.0,0.555421686746989,0.0,False,does_not_qualify,583,1.1108433734939789,14.0,box,Box plot,Five-number summary; min–max whiskers,5,True,Implemented for the declared marginal comparison,1,6,6.0,False,6.0,False
ILPD__07,Five-number,five_number,10.0,0.555421686746989,0.0,False,does_not_qualify,583,1.1108433734939789,14.0,interval,Error-bar / interval plot,"Median dot, thick interquartile interval, thin min–max interval; not a confidence interval",14,True,Implemented for the declared marginal comparison,1,15,7.0,False,6.0,False
ILPD__07,,,,,,,not_applicable,583,,,line,Line chart,Requires an ordered-trend target; row order is not time,1,False,Requires an ordered-trend target; row order is not time,0,2,,False,,False
ILPD__07,,,,,,,not_applicable,583,,,scatter,Scatter plot,"Requires a joint-association target, not marginal contrast",2,False,"Requires a joint-association target, not marginal contrast",0,3,,False,,False
ILPD__07,,,,,,,not_applicable,583,,,pie,Pie chart,Requires a declared part-to-whole target,3,False,Requires a declared part-to-whole target,0,4,,False,,False
ILPD__07,,,,,,,not_applicable,583,,,stacked_bar,Stacked bar chart,Requires a declared component-composition target,7,False,Requires a declared component-composition target,0,8,,False,,False
ILPD__07,,,,,,,not_applicable,583,,,area,Area chart,Requires an ordered-trend or accumulation target,8,False,Requires an ordered-trend or accumulation target,0,9,,False,,False
ILPD__07,,,,,,,not_applicable,583,,,bubble,Bubble chart,Requires a joint-association and size-variable target,9,False,Requires a joint-association and size-variable target,0,10,,False,,False
ILPD__07,,,,,,,not_applicable,583,,,treemap,Treemap,Requires a meaningful hierarchy and part-to-whole target,11,False,Requires a meaningful hierarchy and part-to-whole target,0,12,,False,,False
ILPD__07,,,,,,,not_applicable,583,,,choropleth,Choropleth map,Requires geographic identifiers and a geographic target,12,False,Requires geographic identifiers and a geographic target,0,13,,False,,False
ILPD__08,Means,means,2.0,0.11539701361440491,99.65457685664938,True,qualifies,579,0.3846567120480163,1.0,bar,Bar chart,Two group means,0,True,Implemented for the declared marginal comparison,1,1,1.0,True,1.0,True
ILPD__08,Means,means,2.0,0.11539701361440491,99.65457685664938,True,qualifies,579,0.3846567120480163,1.0,dot,Dot plot,Mean dots or all raw dots; report the chosen setting,10,True,Implemented for the declared marginal comparison,2,11,2.0,False,1.0,True
ILPD__08,Binned,bins_4,10.0,0.16400601793478453,98.27288428324698,True,qualifies,579,0.5466867264492817,2.0,histogram,Histogram,Common bins with group probabilities,4,True,Implemented for the declared marginal comparison,5,5,3.0,False,3.0,False
ILPD__08,Binned,bins_4,10.0,0.16400601793478453,98.27288428324698,True,qualifies,579,0.5466867264492817,2.0,heatmap,Heatmap,Two-by-bin probability matrix with common bin boundaries,6,True,Implemented for the declared marginal comparison,5,7,4.0,False,3.0,False
ILPD__08,Density,density_8,18.0,0.22991513324669266,96.89119170984456,True,qualifies,579,0.7663837774889755,4.0,violin,Violin plot,Sampled density on the declared grid,13,True,Implemented for the declared marginal comparison,6,14,5.0,False,5.0,False
ILPD__08,Five-number,five_number,10.0,0.7869249394673123,0.0,False,does_not_qualify,579,2.6230831315577072,14.0,box,Box plot,Five-number summary; min–max whiskers,5,True,Implemented for the declared marginal comparison,1,6,6.0,False,6.0,False
ILPD__08,Five-number,five_number,10.0,0.7869249394673123,0.0,False,does_not_qualify,579,2.6230831315577072,14.0,interval,Error-bar / interval plot,"Median dot, thick interquartile interval, thin min–max interval; not a confidence interval",14,True,Implemented for the declared marginal comparison,1,15,7.0,False,6.0,False
ILPD__08,,,,,,,not_applicable,579,,,line,Line chart,Requires an ordered-trend target; row order is not time,1,False,Requires an ordered-trend target; row order is not time,0,2,,False,,False
ILPD__08,,,,,,,not_applicable,579,,,scatter,Scatter plot,"Requires a joint-association target, not marginal contrast",2,False,"Requires a joint-association target, not marginal contrast",0,3,,False,,False
ILPD__08,,,,,,,not_applicable,579,,,pie,Pie chart,Requires a declared part-to-whole target,3,False,Requires a declared part-to-whole target,0,4,,False,,False
ILPD__08,,,,,,,not_applicable,579,,,stacked_bar,Stacked bar chart,Requires a declared component-composition target,7,False,Requires a declared component-composition target,0,8,,False,,False
ILPD__08,,,,,,,not_applicable,579,,,area,Area chart,Requires an ordered-trend or accumulation target,8,False,Requires an ordered-trend or accumulation target,0,9,,False,,False
ILPD__08,,,,,,,not_applicable,579,,,bubble,Bubble chart,Requires a joint-association and size-variable target,9,False,Requires a joint-association and size-variable target,0,10,,False,,False
ILPD__08,,,,,,,not_applicable,579,,,treemap,Treemap,Requires a meaningful hierarchy and part-to-whole target,11,False,Requires a meaningful hierarchy and part-to-whole target,0,12,,False,,False
ILPD__08,,,,,,,not_applicable,579,,,choropleth,Choropleth map,Requires geographic identifiers and a geographic target,12,False,Requires geographic identifiers and a geographic target,0,13,,False,,False
Parkinsons__00,Means,means,2.0,35.30020199275363,93.75,True,qualifies,32,0.35092885540187374,1.0,bar,Bar chart,Two group means,0,True,Implemented for the declared marginal comparison,1,1,1.0,True,1.0,True
Parkinsons__00,Means,means,2.0,35.30020199275363,93.75,True,qualifies,32,0.35092885540187374,1.0,dot,Dot plot,Mean dots or all raw dots; report the chosen setting,10,True,Implemented for the declared marginal comparison,2,11,2.0,False,1.0,True
Parkinsons__00,Five-number,five_number,10.0,21.50104347826087,68.75,True,qualifies,32,0.21374768845008035,2.0,box,Box plot,Five-number summary; min–max whiskers,5,True,Implemented for the declared marginal comparison,1,6,3.0,False,3.0,False
Parkinsons__00,Five-number,five_number,10.0,21.50104347826087,68.75,True,qualifies,32,0.21374768845008035,2.0,interval,Error-bar / interval plot,"Median dot, thick interquartile interval, thin min–max interval; not a confidence interval",14,True,Implemented for the declared marginal comparison,1,15,4.0,False,3.0,False
Parkinsons__00,Binned,bins_4,10.0,44.56912499999996,68.75,True,qualifies,32,0.4430737259158941,3.0,histogram,Histogram,Common bins with group probabilities,4,True,Implemented for the declared marginal comparison,5,5,5.0,False,5.0,False
Parkinsons__00,Binned,bins_4,10.0,44.56912499999996,68.75,True,qualifies,32,0.4430737259158941,3.0,heatmap,Heatmap,Two-by-bin probability matrix with common bin boundaries,6,True,Implemented for the declared marginal comparison,5,7,6.0,False,5.0,False
Parkinsons__00,Density,density_8,18.0,33.20191351526767,43.75,True,qualifies,32,0.3300692021381829,4.0,violin,Violin plot,Sampled density on the declared grid,13,True,Implemented for the declared marginal comparison,6,14,7.0,False,7.0,False
Parkinsons__00,,,,,,,not_applicable,32,,,line,Line chart,Requires an ordered-trend target; row order is not time,1,False,Requires an ordered-trend target; row order is not time,0,2,,False,,False
Parkinsons__00,,,,,,,not_applicable,32,,,scatter,Scatter plot,"Requires a joint-association target, not marginal contrast",2,False,"Requires a joint-association target, not marginal contrast",0,3,,False,,False
Parkinsons__00,,,,,,,not_applicable,32,,,pie,Pie chart,Requires a declared part-to-whole target,3,False,Requires a declared part-to-whole target,0,4,,False,,False
Parkinsons__00,,,,,,,not_applicable,32,,,stacked_bar,Stacked bar chart,Requires a declared component-composition target,7,False,Requires a declared component-composition target,0,8,,False,,False
Parkinsons__00,,,,,,,not_applicable,32,,,area,Area chart,Requires an ordered-trend or accumulation target,8,False,Requires an ordered-trend or accumulation target,0,9,,False,,False
Parkinsons__00,,,,,,,not_applicable,32,,,bubble,Bubble chart,Requires a joint-association and size-variable target,9,False,Requires a joint-association and size-variable target,0,10,,False,,False
Parkinsons__00,,,,,,,not_applicable,32,,,treemap,Treemap,Requires a meaningful hierarchy and part-to-whole target,11,False,Requires a meaningful hierarchy and part-to-whole target,0,12,,False,,False
Parkinsons__00,,,,,,,not_applicable,32,,,choropleth,Choropleth map,Requires geographic identifiers and a geographic target,12,False,Requires geographic identifiers and a geographic target,0,13,,False,,False
Parkinsons__01,Means,means,2.0,42.92535869565222,93.75,True,qualifies,32,0.1949531012641858,1.0,bar,Bar chart,Two group means,0,True,Implemented for the declared marginal comparison,1,1,1.0,True,1.0,True
Parkinsons__01,Means,means,2.0,42.92535869565222,93.75,True,qualifies,32,0.1949531012641858,1.0,dot,Dot plot,Mean dots or all raw dots; report the chosen setting,10,True,Implemented for the declared marginal comparison,2,11,2.0,False,1.0,True
Parkinsons__01,Binned,bins_4,10.0,30.26873392210146,68.75,True,qualifies,32,0.1374708034775685,2.0,histogram,Histogram,Common bins with group probabilities,4,True,Implemented for the declared marginal comparison,5,5,3.0,False,3.0,False
Parkinsons__01,Binned,bins_4,10.0,30.26873392210146,68.75,True,qualifies,32,0.1374708034775685,2.0,heatmap,Heatmap,Two-by-bin probability matrix with common bin boundaries,6,True,Implemented for the declared marginal comparison,5,7,4.0,False,3.0,False
Parkinsons__01,Five-number,five_number,10.0,151.13264999999998,68.75,True,qualifies,32,0.6863956345403596,3.0,box,Box plot,Five-number summary; min–max whiskers,5,True,Implemented for the declared marginal comparison,1,6,5.0,False,5.0,False
Parkinsons__01,Five-number,five_number,10.0,151.13264999999998,68.75,True,qualifies,32,0.6863956345403596,3.0,interval,Error-bar / interval plot,"Median dot, thick interquartile interval, thin min–max interval; not a confidence interval",14,True,Implemented for the declared marginal comparison,1,15,6.0,False,5.0,False
Parkinsons__01,Density,density_8,18.0,38.720650411504124,43.75,True,qualifies,32,0.17585667563573992,5.0,violin,Violin plot,Sampled density on the declared grid,13,True,Implemented for the declared marginal comparison,6,14,7.0,False,7.0,False
Parkinsons__01,,,,,,,not_applicable,32,,,line,Line chart,Requires an ordered-trend target; row order is not time,1,False,Requires an ordered-trend target; row order is not time,0,2,,False,,False
Parkinsons__01,,,,,,,not_applicable,32,,,scatter,Scatter plot,"Requires a joint-association target, not marginal contrast",2,False,"Requires a joint-association target, not marginal contrast",0,3,,False,,False
Parkinsons__01,,,,,,,not_applicable,32,,,pie,Pie chart,Requires a declared part-to-whole target,3,False,Requires a declared part-to-whole target,0,4,,False,,False
Parkinsons__01,,,,,,,not_applicable,32,,,stacked_bar,Stacked bar chart,Requires a declared component-composition target,7,False,Requires a declared component-composition target,0,8,,False,,False
Parkinsons__01,,,,,,,not_applicable,32,,,area,Area chart,Requires an ordered-trend or accumulation target,8,False,Requires an ordered-trend or accumulation target,0,9,,False,,False
Parkinsons__01,,,,,,,not_applicable,32,,,bubble,Bubble chart,Requires a joint-association and size-variable target,9,False,Requires a joint-association and size-variable target,0,10,,False,,False
Parkinsons__01,,,,,,,not_applicable,32,,,treemap,Treemap,Requires a meaningful hierarchy and part-to-whole target,11,False,Requires a meaningful hierarchy and part-to-whole target,0,12,,False,,False
Parkinsons__01,,,,,,,not_applicable,32,,,choropleth,Choropleth map,Requires geographic identifiers and a geographic target,12,False,Requires geographic identifiers and a geographic target,0,13,,False,,False
Parkinsons__02,Means,means,2.0,41.59172916666667,93.75,True,qualifies,32,0.3916652137733036,1.0,bar,Bar chart,Two group means,0,True,Implemented for the declared marginal comparison,1,1,1.0,True,1.0,True
Parkinsons__02,Means,means,2.0,41.59172916666667,93.75,True,qualifies,32,0.3916652137733036,1.0,dot,Dot plot,Mean dots or all raw dots; report the chosen setting,10,True,Implemented for the declared marginal comparison,2,11,2.0,False,1.0,True
Parkinsons__02,Binned,bins_4,10.0,15.38018750000002,68.75,True,qualifies,32,0.14483370962823036,2.0,histogram,Histogram,Common bins with group probabilities,4,True,Implemented for the declared marginal comparison,5,5,3.0,False,3.0,False
Parkinsons__02,Binned,bins_4,10.0,15.38018750000002,68.75,True,qualifies,32,0.14483370962823036,2.0,heatmap,Heatmap,Two-by-bin probability matrix with common bin boundaries,6,True,Implemented for the declared marginal comparison,5,7,4.0,False,3.0,False
Parkinsons__02,Five-number,five_number,10.0,18.460478260869564,68.75,True,qualifies,32,0.1738405040922315,3.0,box,Box plot,Five-number summary; min–max whiskers,5,True,Implemented for the declared marginal comparison,1,6,5.0,False,5.0,False
Parkinsons__02,Five-number,five_number,10.0,18.460478260869564,68.75,True,qualifies,32,0.1738405040922315,3.0,interval,Error-bar / interval plot,"Median dot, thick interquartile interval, thin min–max interval; not a confidence interval",14,True,Implemented for the declared marginal comparison,1,15,6.0,False,5.0,False
Parkinsons__02,Density,density_8,18.0,34.21421930485707,43.75,True,qualifies,32,0.3221919306221888,5.0,violin,Violin plot,Sampled density on the declared grid,13,True,Implemented for the declared marginal comparison,6,14,7.0,False,7.0,False
Parkinsons__02,,,,,,,not_applicable,32,,,line,Line chart,Requires an ordered-trend target; row order is not time,1,False,Requires an ordered-trend target; row order is not time,0,2,,False,,False
Parkinsons__02,,,,,,,not_applicable,32,,,scatter,Scatter plot,"Requires a joint-association target, not marginal contrast",2,False,"Requires a joint-association target, not marginal contrast",0,3,,False,,False
Parkinsons__02,,,,,,,not_applicable,32,,,pie,Pie chart,Requires a declared part-to-whole target,3,False,Requires a declared part-to-whole target,0,4,,False,,False
Parkinsons__02,,,,,,,not_applicable,32,,,stacked_bar,Stacked bar chart,Requires a declared component-composition target,7,False,Requires a declared component-composition target,0,8,,False,,False
Parkinsons__02,,,,,,,not_applicable,32,,,area,Area chart,Requires an ordered-trend or accumulation target,8,False,Requires an ordered-trend or accumulation target,0,9,,False,,False
Parkinsons__02,,,,,,,not_applicable,32,,,bubble,Bubble chart,Requires a joint-association and size-variable target,9,False,Requires a joint-association and size-variable target,0,10,,False,,False
Parkinsons__02,,,,,,,not_applicable,32,,,treemap,Treemap,Requires a meaningful hierarchy and part-to-whole target,11,False,Requires a meaningful hierarchy and part-to-whole target,0,12,,False,,False
Parkinsons__02,,,,,,,not_applicable,32,,,choropleth,Choropleth map,Requires geographic identifiers and a geographic target,12,False,Requires geographic identifiers and a geographic target,0,13,,False,,False
Parkinsons__03,Means,means,2.0,0.007640624999999989,93.75,True,qualifies,32,0.8189308681672012,1.0,bar,Bar chart,Two group means,0,True,Implemented for the declared marginal comparison,1,1,1.0,True,1.0,True
Parkinsons__03,Means,means,2.0,0.007640624999999989,93.75,True,qualifies,32,0.8189308681672012,1.0,dot,Dot plot,Mean dots or all raw dots; report the chosen setting,10,True,Implemented for the declared marginal comparison,2,11,2.0,False,1.0,True
Parkinsons__03,Binned,bins_4,10.0,0.0035167499999999886,68.75,True,qualifies,32,0.3769292604501595,2.0,histogram,Histogram,Common bins with group probabilities,4,True,Implemented for the declared marginal comparison,5,5,3.0,False,3.0,False
Parkinsons__03,Binned,bins_4,10.0,0.0035167499999999886,68.75,True,qualifies,32,0.3769292604501595,2.0,heatmap,Heatmap,Two-by-bin probability matrix with common bin boundaries,6,True,Implemented for the declared marginal comparison,5,7,4.0,False,3.0,False
Parkinsons__03,Five-number,five_number,10.0,0.003616956521739132,68.75,True,qualifies,32,0.38766950929679866,3.0,box,Box plot,Five-number summary; min–max whiskers,5,True,Implemented for the declared marginal comparison,1,6,5.0,False,5.0,False
Parkinsons__03,Five-number,five_number,10.0,0.003616956521739132,68.75,True,qualifies,32,0.38766950929679866,3.0,interval,Error-bar / interval plot,"Median dot, thick interquartile interval, thin min–max interval; not a confidence interval",14,True,Implemented for the declared marginal comparison,1,15,6.0,False,5.0,False
Parkinsons__03,Density,density_8,18.0,0.001683556600688224,43.75,True,qualifies,32,0.1804455091841612,4.0,violin,Violin plot,Sampled density on the declared grid,13,True,Implemented for the declared marginal comparison,6,14,7.0,False,7.0,False
Parkinsons__03,,,,,,,not_applicable,32,,,line,Line chart,Requires an ordered-trend target; row order is not time,1,False,Requires an ordered-trend target; row order is not time,0,2,,False,,False
Parkinsons__03,,,,,,,not_applicable,32,,,scatter,Scatter plot,"Requires a joint-association target, not marginal contrast",2,False,"Requires a joint-association target, not marginal contrast",0,3,,False,,False
Parkinsons__03,,,,,,,not_applicable,32,,,pie,Pie chart,Requires a declared part-to-whole target,3,False,Requires a declared part-to-whole target,0,4,,False,,False
Parkinsons__03,,,,,,,not_applicable,32,,,stacked_bar,Stacked bar chart,Requires a declared component-composition target,7,False,Requires a declared component-composition target,0,8,,False,,False
Parkinsons__03,,,,,,,not_applicable,32,,,area,Area chart,Requires an ordered-trend or accumulation target,8,False,Requires an ordered-trend or accumulation target,0,9,,False,,False
Parkinsons__03,,,,,,,not_applicable,32,,,bubble,Bubble chart,Requires a joint-association and size-variable target,9,False,Requires a joint-association and size-variable target,0,10,,False,,False
Parkinsons__03,,,,,,,not_applicable,32,,,treemap,Treemap,Requires a meaningful hierarchy and part-to-whole target,11,False,Requires a meaningful hierarchy and part-to-whole target,0,12,,False,,False
Parkinsons__03,,,,,,,not_applicable,32,,,choropleth,Choropleth map,Requires geographic identifiers and a geographic target,12,False,Requires geographic identifiers and a geographic target,0,13,,False,,False
Parkinsons__04,Means,means,2.0,2.897916666666667e-05,93.75,True,qualifies,32,0.5795833333333335,1.0,bar,Bar chart,Two group means,0,True,Implemented for the declared marginal comparison,1,1,1.0,True,1.0,True
Parkinsons__04,Means,means,2.0,2.897916666666667e-05,93.75,True,qualifies,32,0.5795833333333335,1.0,dot,Dot plot,Mean dots or all raw dots; report the chosen setting,10,True,Implemented for the declared marginal comparison,2,11,2.0,False,1.0,True
Parkinsons__04,Binned,bins_4,10.0,1.5128105590062113e-05,68.75,True,qualifies,32,0.3025621118012423,2.0,histogram,Histogram,Common bins with group probabilities,4,True,Implemented for the declared marginal comparison,5,5,3.0,False,3.0,False
Parkinsons__04,Binned,bins_4,10.0,1.5128105590062113e-05,68.75,True,qualifies,32,0.3025621118012423,2.0,heatmap,Heatmap,Two-by-bin probability matrix with common bin boundaries,6,True,Implemented for the declared marginal comparison,5,7,4.0,False,3.0,False
Parkinsons__04,Five-number,five_number,10.0,3.174999999999999e-05,68.75,True,qualifies,32,0.635,3.0,box,Box plot,Five-number summary; min–max whiskers,5,True,Implemented for the declared marginal comparison,1,6,5.0,False,5.0,False
Parkinsons__04,Five-number,five_number,10.0,3.174999999999999e-05,68.75,True,qualifies,32,0.635,3.0,interval,Error-bar / interval plot,"Median dot, thick interquartile interval, thin min–max interval; not a confidence interval",14,True,Implemented for the declared marginal comparison,1,15,6.0,False,5.0,False
Parkinsons__04,Density,density_8,18.0,1.232647826023511e-05,43.75,True,qualifies,32,0.24652956520470223,5.0,violin,Violin plot,Sampled density on the declared grid,13,True,Implemented for the declared marginal comparison,6,14,7.0,False,7.0,False
Parkinsons__04,,,,,,,not_applicable,32,,,line,Line chart,Requires an ordered-trend target; row order is not time,1,False,Requires an ordered-trend target; row order is not time,0,2,,False,,False
Parkinsons__04,,,,,,,not_applicable,32,,,scatter,Scatter plot,"Requires a joint-association target, not marginal contrast",2,False,"Requires a joint-association target, not marginal contrast",0,3,,False,,False
Parkinsons__04,,,,,,,not_applicable,32,,,pie,Pie chart,Requires a declared part-to-whole target,3,False,Requires a declared part-to-whole target,0,4,,False,,False
Parkinsons__04,,,,,,,not_applicable,32,,,stacked_bar,Stacked bar chart,Requires a declared component-composition target,7,False,Requires a declared component-composition target,0,8,,False,,False
Parkinsons__04,,,,,,,not_applicable,32,,,area,Area chart,Requires an ordered-trend or accumulation target,8,False,Requires an ordered-trend or accumulation target,0,9,,False,,False
Parkinsons__04,,,,,,,not_applicable,32,,,bubble,Bubble chart,Requires a joint-association and size-variable target,9,False,Requires a joint-association and size-variable target,0,10,,False,,False
Parkinsons__04,,,,,,,not_applicable,32,,,treemap,Treemap,Requires a meaningful hierarchy and part-to-whole target,11,False,Requires a meaningful hierarchy and part-to-whole target,0,12,,False,,False
Parkinsons__04,,,,,,,not_applicable,32,,,choropleth,Choropleth map,Requires geographic identifiers and a geographic target,12,False,Requires geographic identifiers and a geographic target,0,13,,False,,False
Parkinsons__05,Means,means,2.0,0.0044462916666666566,93.75,True,qualifies,32,0.7477950227292098,1.0,bar,Bar chart,Two group means,0,True,Implemented for the declared marginal comparison,1,1,1.0,True,1.0,True
Parkinsons__05,Means,means,2.0,0.0044462916666666566,93.75,True,qualifies,32,0.7477950227292098,1.0,dot,Dot plot,Mean dots or all raw dots; report the chosen setting,10,True,Implemented for the declared marginal comparison,2,11,2.0,False,1.0,True
Parkinsons__05,Binned,bins_4,10.0,0.0018359999999999913,68.75,True,qualifies,32,0.3087857847976293,2.0,histogram,Histogram,Common bins with group probabilities,4,True,Implemented for the declared marginal comparison,5,5,3.0,False,3.0,False
Parkinsons__05,Binned,bins_4,10.0,0.0018359999999999913,68.75,True,qualifies,32,0.3087857847976293,2.0,heatmap,Heatmap,Two-by-bin probability matrix with common bin boundaries,6,True,Implemented for the declared marginal comparison,5,7,4.0,False,3.0,False
Parkinsons__05,Five-number,five_number,10.0,0.003073043478260872,68.75,True,qualifies,32,0.5168366787320394,3.0,box,Box plot,Five-number summary; min–max whiskers,5,True,Implemented for the declared marginal comparison,1,6,5.0,False,5.0,False
Parkinsons__05,Five-number,five_number,10.0,0.003073043478260872,68.75,True,qualifies,32,0.5168366787320394,3.0,interval,Error-bar / interval plot,"Median dot, thick interquartile interval, thin min–max interval; not a confidence interval",14,True,Implemented for the declared marginal comparison,1,15,6.0,False,5.0,False
Parkinsons__05,Density,density_8,18.0,0.001491070777066529,43.75,True,qualifies,32,0.2507742157327349,4.0,violin,Violin plot,Sampled density on the declared grid,13,True,Implemented for the declared marginal comparison,6,14,7.0,False,7.0,False
Parkinsons__05,,,,,,,not_applicable,32,,,line,Line chart,Requires an ordered-trend target; row order is not time,1,False,Requires an ordered-trend target; row order is not time,0,2,,False,,False
Parkinsons__05,,,,,,,not_applicable,32,,,scatter,Scatter plot,"Requires a joint-association target, not marginal contrast",2,False,"Requires a joint-association target, not marginal contrast",0,3,,False,,False
Parkinsons__05,,,,,,,not_applicable,32,,,pie,Pie chart,Requires a declared part-to-whole target,3,False,Requires a declared part-to-whole target,0,4,,False,,False
Parkinsons__05,,,,,,,not_applicable,32,,,stacked_bar,Stacked bar chart,Requires a declared component-composition target,7,False,Requires a declared component-composition target,0,8,,False,,False
Parkinsons__05,,,,,,,not_applicable,32,,,area,Area chart,Requires an ordered-trend or accumulation target,8,False,Requires an ordered-trend or accumulation target,0,9,,False,,False
Parkinsons__05,,,,,,,not_applicable,32,,,bubble,Bubble chart,Requires a joint-association and size-variable target,9,False,Requires a joint-association and size-variable target,0,10,,False,,False
Parkinsons__05,,,,,,,not_applicable,32,,,treemap,Treemap,Requires a meaningful hierarchy and part-to-whole target,11,False,Requires a meaningful hierarchy and part-to-whole target,0,12,,False,,False
Parkinsons__05,,,,,,,not_applicable,32,,,choropleth,Choropleth map,Requires geographic identifiers and a geographic target,12,False,Requires geographic identifiers and a geographic target,0,13,,False,,False
Parkinsons__06,Means,means,2.0,0.004380249999999997,93.75,True,qualifies,32,0.8542155087990025,1.0,bar,Bar chart,Two group means,0,True,Implemented for the declared marginal comparison,1,1,1.0,True,1.0,True
Parkinsons__06,Means,means,2.0,0.004380249999999997,93.75,True,qualifies,32,0.8542155087990025,1.0,dot,Dot plot,Mean dots or all raw dots; report the chosen setting,10,True,Implemented for the declared marginal comparison,2,11,2.0,False,1.0,True
Parkinsons__06,Five-number,five_number,10.0,0.0013702173913043474,68.75,True,qualifies,32,0.2672132746026564,2.0,box,Box plot,Five-number summary; min–max whiskers,5,True,Implemented for the declared marginal comparison,1,6,3.0,False,3.0,False
Parkinsons__06,Five-number,five_number,10.0,0.0013702173913043474,68.75,True,qualifies,32,0.2672132746026564,2.0,interval,Error-bar / interval plot,"Median dot, thick interquartile interval, thin min–max interval; not a confidence interval",14,True,Implemented for the declared marginal comparison,1,15,4.0,False,3.0,False
Parkinsons__06,Binned,bins_4,10.0,0.001940749999999998,68.75,True,qualifies,32,0.3784758287087869,3.0,histogram,Histogram,Common bins with group probabilities,4,True,Implemented for the declared marginal comparison,5,5,5.0,False,5.0,False
Parkinsons__06,Binned,bins_4,10.0,0.001940749999999998,68.75,True,qualifies,32,0.3784758287087869,3.0,heatmap,Heatmap,Two-by-bin probability matrix with common bin boundaries,6,True,Implemented for the declared marginal comparison,5,7,6.0,False,5.0,False
Parkinsons__06,Density,density_8,18.0,0.0007529691898466848,43.75,True,qualifies,32,0.1468404679218901,4.0,violin,Violin plot,Sampled density on the declared grid,13,True,Implemented for the declared marginal comparison,6,14,7.0,False,7.0,False
Parkinsons__06,,,,,,,not_applicable,32,,,line,Line chart,Requires an ordered-trend target; row order is not time,1,False,Requires an ordered-trend target; row order is not time,0,2,,False,,False
Parkinsons__06,,,,,,,not_applicable,32,,,scatter,Scatter plot,"Requires a joint-association target, not marginal contrast",2,False,"Requires a joint-association target, not marginal contrast",0,3,,False,,False
Parkinsons__06,,,,,,,not_applicable,32,,,pie,Pie chart,Requires a declared part-to-whole target,3,False,Requires a declared part-to-whole target,0,4,,False,,False
Parkinsons__06,,,,,,,not_applicable,32,,,stacked_bar,Stacked bar chart,Requires a declared component-composition target,7,False,Requires a declared component-composition target,0,8,,False,,False
Parkinsons__06,,,,,,,not_applicable,32,,,area,Area chart,Requires an ordered-trend or accumulation target,8,False,Requires an ordered-trend or accumulation target,0,9,,False,,False
Parkinsons__06,,,,,,,not_applicable,32,,,bubble,Bubble chart,Requires a joint-association and size-variable target,9,False,Requires a joint-association and size-variable target,0,10,,False,,False
Parkinsons__06,,,,,,,not_applicable,32,,,treemap,Treemap,Requires a meaningful hierarchy and part-to-whole target,11,False,Requires a meaningful hierarchy and part-to-whole target,0,12,,False,,False
Parkinsons__06,,,,,,,not_applicable,32,,,choropleth,Choropleth map,Requires geographic identifiers and a geographic target,12,False,Requires geographic identifiers and a geographic target,0,13,,False,,False
Parkinsons__07,Means,means,2.0,0.013327874999999975,93.75,True,qualifies,32,0.7132263637315449,1.0,bar,Bar chart,Two group means,0,True,Implemented for the declared marginal comparison,1,1,1.0,True,1.0,True
Parkinsons__07,Means,means,2.0,0.013327874999999975,93.75,True,qualifies,32,0.7132263637315449,1.0,dot,Dot plot,Mean dots or all raw dots; report the chosen setting,10,True,Implemented for the declared marginal comparison,2,11,2.0,False,1.0,True
Parkinsons__07,Binned,bins_4,10.0,0.005499249999999975,68.75,True,qualifies,32,0.2942862294814955,2.0,histogram,Histogram,Common bins with group probabilities,4,True,Implemented for the declared marginal comparison,5,5,3.0,False,3.0,False
Parkinsons__07,Binned,bins_4,10.0,0.005499249999999975,68.75,True,qualifies,32,0.2942862294814955,2.0,heatmap,Heatmap,Two-by-bin probability matrix with common bin boundaries,6,True,Implemented for the declared marginal comparison,5,7,4.0,False,3.0,False
Parkinsons__07,Five-number,five_number,10.0,0.009228478260869572,68.75,True,qualifies,32,0.4938517200060496,3.0,box,Box plot,Five-number summary; min–max whiskers,5,True,Implemented for the declared marginal comparison,1,6,5.0,False,5.0,False
Parkinsons__07,Five-number,five_number,10.0,0.009228478260869572,68.75,True,qualifies,32,0.4938517200060496,3.0,interval,Error-bar / interval plot,"Median dot, thick interquartile interval, thin min–max interval; not a confidence interval",14,True,Implemented for the declared marginal comparison,1,15,6.0,False,5.0,False
Parkinsons__07,Density,density_8,18.0,0.004470739794031077,43.75,True,qualifies,32,0.2392466530851097,4.0,violin,Violin plot,Sampled density on the declared grid,13,True,Implemented for the declared marginal comparison,6,14,7.0,False,7.0,False
Parkinsons__07,,,,,,,not_applicable,32,,,line,Line chart,Requires an ordered-trend target; row order is not time,1,False,Requires an ordered-trend target; row order is not time,0,2,,False,,False
Parkinsons__07,,,,,,,not_applicable,32,,,scatter,Scatter plot,"Requires a joint-association target, not marginal contrast",2,False,"Requires a joint-association target, not marginal contrast",0,3,,False,,False
Parkinsons__07,,,,,,,not_applicable,32,,,pie,Pie chart,Requires a declared part-to-whole target,3,False,Requires a declared part-to-whole target,0,4,,False,,False
Parkinsons__07,,,,,,,not_applicable,32,,,stacked_bar,Stacked bar chart,Requires a declared component-composition target,7,False,Requires a declared component-composition target,0,8,,False,,False
Parkinsons__07,,,,,,,not_applicable,32,,,area,Area chart,Requires an ordered-trend or accumulation target,8,False,Requires an ordered-trend or accumulation target,0,9,,False,,False
Parkinsons__07,,,,,,,not_applicable,32,,,bubble,Bubble chart,Requires a joint-association and size-variable target,9,False,Requires a joint-association and size-variable target,0,10,,False,,False
Parkinsons__07,,,,,,,not_applicable,32,,,treemap,Treemap,Requires a meaningful hierarchy and part-to-whole target,11,False,Requires a meaningful hierarchy and part-to-whole target,0,12,,False,,False
Parkinsons__07,,,,,,,not_applicable,32,,,choropleth,Choropleth map,Requires geographic identifiers and a geographic target,12,False,Requires geographic identifiers and a geographic target,0,13,,False,,False
Parkinsons__08,Binned,bins_4,10.0,0.00392439440993789,68.75,True,qualifies,32,0.19762383168362052,1.0,histogram,Histogram,Common bins with group probabilities,4,True,Implemented for the declared marginal comparison,5,5,1.0,True,1.0,True
Parkinsons__08,Binned,bins_4,10.0,0.00392439440993789,68.75,True,qualifies,32,0.19762383168362052,1.0,heatmap,Heatmap,Two-by-bin probability matrix with common bin boundaries,6,True,Implemented for the declared marginal comparison,5,7,2.0,False,1.0,True
Parkinsons__08,Five-number,five_number,10.0,0.0070323913043478375,68.75,True,qualifies,32,0.35413568828465153,2.0,box,Box plot,Five-number summary; min–max whiskers,5,True,Implemented for the declared marginal comparison,1,6,3.0,False,3.0,False
Parkinsons__08,Five-number,five_number,10.0,0.0070323913043478375,68.75,True,qualifies,32,0.35413568828465153,2.0,interval,Error-bar / interval plot,"Median dot, thick interquartile interval, thin min–max interval; not a confidence interval",14,True,Implemented for the declared marginal comparison,1,15,4.0,False,3.0,False
Parkinsons__08,Density,density_8,18.0,0.010151525287623224,43.75,True,qualifies,32,0.5112083840739698,4.0,violin,Violin plot,Sampled density on the declared grid,13,True,Implemented for the declared marginal comparison,6,14,5.0,False,5.0,False
Parkinsons__08,Observations,raw,32.0,0.0,0.0,True,qualifies,32,0.0,5.0,dot,Dot plot,Mean dots or all raw dots; report the chosen setting,10,True,Implemented for the declared marginal comparison,2,11,6.0,False,6.0,False
Parkinsons__08,Means,means,2.0,0.02546449999999998,0.0,False,does_not_qualify,32,1.2823359571514619,14.0,bar,Bar chart,Two group means,0,True,Implemented for the declared marginal comparison,1,1,7.0,False,7.0,False
Parkinsons__08,,,,,,,not_applicable,32,,,line,Line chart,Requires an ordered-trend target; row order is not time,1,False,Requires an ordered-trend target; row order is not time,0,2,,False,,False
Parkinsons__08,,,,,,,not_applicable,32,,,scatter,Scatter plot,"Requires a joint-association target, not marginal contrast",2,False,"Requires a joint-association target, not marginal contrast",0,3,,False,,False
Parkinsons__08,,,,,,,not_applicable,32,,,pie,Pie chart,Requires a declared part-to-whole target,3,False,Requires a declared part-to-whole target,0,4,,False,,False
Parkinsons__08,,,,,,,not_applicable,32,,,stacked_bar,Stacked bar chart,Requires a declared component-composition target,7,False,Requires a declared component-composition target,0,8,,False,,False
Parkinsons__08,,,,,,,not_applicable,32,,,area,Area chart,Requires an ordered-trend or accumulation target,8,False,Requires an ordered-trend or accumulation target,0,9,,False,,False
Parkinsons__08,,,,,,,not_applicable,32,,,bubble,Bubble chart,Requires a joint-association and size-variable target,9,False,Requires a joint-association and size-variable target,0,10,,False,,False
Parkinsons__08,,,,,,,not_applicable,32,,,treemap,Treemap,Requires a meaningful hierarchy and part-to-whole target,11,False,Requires a meaningful hierarchy and part-to-whole target,0,12,,False,,False
Parkinsons__08,,,,,,,not_applicable,32,,,choropleth,Choropleth map,Requires geographic identifiers and a geographic target,12,False,Requires geographic identifiers and a geographic target,0,13,,False,,False
Parkinsons__09,Means,means,2.0,0.2323249999999999,93.75,True,qualifies,32,0.7226283048211505,1.0,bar,Bar chart,Two group means,0,True,Implemented for the declared marginal comparison,1,1,1.0,True,1.0,True
Parkinsons__09,Means,means,2.0,0.2323249999999999,93.75,True,qualifies,32,0.7226283048211505,1.0,dot,Dot plot,Mean dots or all raw dots; report the chosen setting,10,True,Implemented for the declared marginal comparison,2,11,2.0,False,1.0,True
Parkinsons__09,Binned,bins_4,10.0,0.0584239130434783,68.75,True,qualifies,32,0.1817229021570087,2.0,histogram,Histogram,Common bins with group probabilities,4,True,Implemented for the declared marginal comparison,5,5,3.0,False,3.0,False
Parkinsons__09,Binned,bins_4,10.0,0.0584239130434783,68.75,True,qualifies,32,0.1817229021570087,2.0,heatmap,Heatmap,Two-by-bin probability matrix with common bin boundaries,6,True,Implemented for the declared marginal comparison,5,7,4.0,False,3.0,False
Parkinsons__09,Five-number,five_number,10.0,0.15254347826086967,68.75,True,qualifies,32,0.47447427141794607,3.0,box,Box plot,Five-number summary; min–max whiskers,5,True,Implemented for the declared marginal comparison,1,6,5.0,False,5.0,False
Parkinsons__09,Five-number,five_number,10.0,0.15254347826086967,68.75,True,qualifies,32,0.47447427141794607,3.0,interval,Error-bar / interval plot,"Median dot, thick interquartile interval, thin min–max interval; not a confidence interval",14,True,Implemented for the declared marginal comparison,1,15,6.0,False,5.0,False
Parkinsons__09,Density,density_8,18.0,0.07308181380610716,43.75,True,qualifies,32,0.227315128479338,5.0,violin,Violin plot,Sampled density on the declared grid,13,True,Implemented for the declared marginal comparison,6,14,7.0,False,7.0,False
Parkinsons__09,,,,,,,not_applicable,32,,,line,Line chart,Requires an ordered-trend target; row order is not time,1,False,Requires an ordered-trend target; row order is not time,0,2,,False,,False
Parkinsons__09,,,,,,,not_applicable,32,,,scatter,Scatter plot,"Requires a joint-association target, not marginal contrast",2,False,"Requires a joint-association target, not marginal contrast",0,3,,False,,False
Parkinsons__09,,,,,,,not_applicable,32,,,pie,Pie chart,Requires a declared part-to-whole target,3,False,Requires a declared part-to-whole target,0,4,,False,,False
Parkinsons__09,,,,,,,not_applicable,32,,,stacked_bar,Stacked bar chart,Requires a declared component-composition target,7,False,Requires a declared component-composition target,0,8,,False,,False
Parkinsons__09,,,,,,,not_applicable,32,,,area,Area chart,Requires an ordered-trend or accumulation target,8,False,Requires an ordered-trend or accumulation target,0,9,,False,,False
Parkinsons__09,,,,,,,not_applicable,32,,,bubble,Bubble chart,Requires a joint-association and size-variable target,9,False,Requires a joint-association and size-variable target,0,10,,False,,False
Parkinsons__09,,,,,,,not_applicable,32,,,treemap,Treemap,Requires a meaningful hierarchy and part-to-whole target,11,False,Requires a meaningful hierarchy and part-to-whole target,0,12,,False,,False
Parkinsons__09,,,,,,,not_applicable,32,,,choropleth,Choropleth map,Requires geographic identifiers and a geographic target,12,False,Requires geographic identifiers and a geographic target,0,13,,False,,False
Parkinsons__10,Five-number,five_number,10.0,0.0019119565217391374,68.75,True,qualifies,32,0.18540690596981854,1.0,box,Box plot,Five-number summary; min–max whiskers,5,True,Implemented for the declared marginal comparison,1,6,1.0,True,1.0,True
Parkinsons__10,Five-number,five_number,10.0,0.0019119565217391374,68.75,True,qualifies,32,0.18540690596981854,1.0,interval,Error-bar / interval plot,"Median dot, thick interquartile interval, thin min–max interval; not a confidence interval",14,True,Implemented for the declared marginal comparison,1,15,2.0,False,1.0,True
Parkinsons__10,Binned,bins_4,10.0,0.005321749999999997,68.75,True,qualifies,32,0.5160625728807774,2.0,histogram,Histogram,Common bins with group probabilities,4,True,Implemented for the declared marginal comparison,5,5,3.0,False,3.0,False
Parkinsons__10,Binned,bins_4,10.0,0.005321749999999997,68.75,True,qualifies,32,0.5160625728807774,2.0,heatmap,Heatmap,Two-by-bin probability matrix with common bin boundaries,6,True,Implemented for the declared marginal comparison,5,7,4.0,False,3.0,False
Parkinsons__10,Density,density_8,18.0,0.005519379492924543,43.75,True,qualifies,32,0.5352271680977201,4.0,violin,Violin plot,Sampled density on the declared grid,13,True,Implemented for the declared marginal comparison,6,14,5.0,False,5.0,False
Parkinsons__10,Observations,raw,32.0,0.0,0.0,True,qualifies,32,0.0,5.0,dot,Dot plot,Mean dots or all raw dots; report the chosen setting,10,True,Implemented for the declared marginal comparison,2,11,6.0,False,6.0,False
Parkinsons__10,Means,means,2.0,0.013143208333333333,0.0,False,does_not_qualify,32,1.2745277227243066,14.0,bar,Bar chart,Two group means,0,True,Implemented for the declared marginal comparison,1,1,7.0,False,7.0,False
Parkinsons__10,,,,,,,not_applicable,32,,,line,Line chart,Requires an ordered-trend target; row order is not time,1,False,Requires an ordered-trend target; row order is not time,0,2,,False,,False
Parkinsons__10,,,,,,,not_applicable,32,,,scatter,Scatter plot,"Requires a joint-association target, not marginal contrast",2,False,"Requires a joint-association target, not marginal contrast",0,3,,False,,False
Parkinsons__10,,,,,,,not_applicable,32,,,pie,Pie chart,Requires a declared part-to-whole target,3,False,Requires a declared part-to-whole target,0,4,,False,,False
Parkinsons__10,,,,,,,not_applicable,32,,,stacked_bar,Stacked bar chart,Requires a declared component-composition target,7,False,Requires a declared component-composition target,0,8,,False,,False
Parkinsons__10,,,,,,,not_applicable,32,,,area,Area chart,Requires an ordered-trend or accumulation target,8,False,Requires an ordered-trend or accumulation target,0,9,,False,,False
Parkinsons__10,,,,,,,not_applicable,32,,,bubble,Bubble chart,Requires a joint-association and size-variable target,9,False,Requires a joint-association and size-variable target,0,10,,False,,False
Parkinsons__10,,,,,,,not_applicable,32,,,treemap,Treemap,Requires a meaningful hierarchy and part-to-whole target,11,False,Requires a meaningful hierarchy and part-to-whole target,0,12,,False,,False
Parkinsons__10,,,,,,,not_applicable,32,,,choropleth,Choropleth map,Requires geographic identifiers and a geographic target,12,False,Requires geographic identifiers and a geographic target,0,13,,False,,False
Parkinsons__11,Binned,bins_4,10.0,0.00267160326086956,68.75,True,qualifies,32,0.179346715701297,1.0,histogram,Histogram,Common bins with group probabilities,4,True,Implemented for the declared marginal comparison,5,5,1.0,True,1.0,True
Parkinsons__11,Binned,bins_4,10.0,0.00267160326086956,68.75,True,qualifies,32,0.179346715701297,1.0,heatmap,Heatmap,Two-by-bin probability matrix with common bin boundaries,6,True,Implemented for the declared marginal comparison,5,7,2.0,False,1.0,True
Parkinsons__11,Five-number,five_number,10.0,0.0034904347826086868,68.75,True,qualifies,32,0.2343154853115006,2.0,box,Box plot,Five-number summary; min–max whiskers,5,True,Implemented for the declared marginal comparison,1,6,3.0,False,3.0,False
Parkinsons__11,Five-number,five_number,10.0,0.0034904347826086868,68.75,True,qualifies,32,0.2343154853115006,2.0,interval,Error-bar / interval plot,"Median dot, thick interquartile interval, thin min–max interval; not a confidence interval",14,True,Implemented for the declared marginal comparison,1,15,4.0,False,3.0,False
Parkinsons__11,Density,density_8,18.0,0.006428881007473799,43.75,True,qualifies,32,0.4315755678294802,4.0,violin,Violin plot,Sampled density on the declared grid,13,True,Implemented for the declared marginal comparison,6,14,5.0,False,5.0,False
Parkinsons__11,Observations,raw,32.0,0.0,0.0,True,qualifies,32,0.0,5.0,dot,Dot plot,Mean dots or all raw dots; report the chosen setting,10,True,Implemented for the declared marginal comparison,2,11,6.0,False,6.0,False
Parkinsons__11,Means,means,2.0,0.016667833333333337,0.0,False,does_not_qualify,32,1.1189240595615098,14.0,bar,Bar chart,Two group means,0,True,Implemented for the declared marginal comparison,1,1,7.0,False,7.0,False
Parkinsons__11,,,,,,,not_applicable,32,,,line,Line chart,Requires an ordered-trend target; row order is not time,1,False,Requires an ordered-trend target; row order is not time,0,2,,False,,False
Parkinsons__11,,,,,,,not_applicable,32,,,scatter,Scatter plot,"Requires a joint-association target, not marginal contrast",2,False,"Requires a joint-association target, not marginal contrast",0,3,,False,,False
Parkinsons__11,,,,,,,not_applicable,32,,,pie,Pie chart,Requires a declared part-to-whole target,3,False,Requires a declared part-to-whole target,0,4,,False,,False
Parkinsons__11,,,,,,,not_applicable,32,,,stacked_bar,Stacked bar chart,Requires a declared component-composition target,7,False,Requires a declared component-composition target,0,8,,False,,False
Parkinsons__11,,,,,,,not_applicable,32,,,area,Area chart,Requires an ordered-trend or accumulation target,8,False,Requires an ordered-trend or accumulation target,0,9,,False,,False
Parkinsons__11,,,,,,,not_applicable,32,,,bubble,Bubble chart,Requires a joint-association and size-variable target,9,False,Requires a joint-association and size-variable target,0,10,,False,,False
Parkinsons__11,,,,,,,not_applicable,32,,,treemap,Treemap,Requires a meaningful hierarchy and part-to-whole target,11,False,Requires a meaningful hierarchy and part-to-whole target,0,12,,False,,False
Parkinsons__11,,,,,,,not_applicable,32,,,choropleth,Choropleth map,Requires geographic identifiers and a geographic target,12,False,Requires geographic identifiers and a geographic target,0,13,,False,,False
Parkinsons__12,Means,means,2.0,0.02339749999999998,93.75,True,qualifies,32,0.918990573448546,1.0,bar,Bar chart,Two group means,0,True,Implemented for the declared marginal comparison,1,1,1.0,True,1.0,True
Parkinsons__12,Means,means,2.0,0.02339749999999998,93.75,True,qualifies,32,0.918990573448546,1.0,dot,Dot plot,Mean dots or all raw dots; report the chosen setting,10,True,Implemented for the declared marginal comparison,2,11,2.0,False,1.0,True
Parkinsons__12,Binned,bins_4,10.0,0.005000652173913045,68.75,True,qualifies,32,0.19641210423853278,2.0,histogram,Histogram,Common bins with group probabilities,4,True,Implemented for the declared marginal comparison,5,5,3.0,False,3.0,False
Parkinsons__12,Binned,bins_4,10.0,0.005000652173913045,68.75,True,qualifies,32,0.19641210423853278,2.0,heatmap,Heatmap,Two-by-bin probability matrix with common bin boundaries,6,True,Implemented for the declared marginal comparison,5,7,4.0,False,3.0,False
Parkinsons__12,Five-number,five_number,10.0,0.013014782608695655,68.75,True,qualifies,32,0.5111854913077634,3.0,box,Box plot,Five-number summary; min–max whiskers,5,True,Implemented for the declared marginal comparison,1,6,5.0,False,5.0,False
Parkinsons__12,Five-number,five_number,10.0,0.013014782608695655,68.75,True,qualifies,32,0.5111854913077634,3.0,interval,Error-bar / interval plot,"Median dot, thick interquartile interval, thin min–max interval; not a confidence interval",14,True,Implemented for the declared marginal comparison,1,15,6.0,False,5.0,False
Parkinsons__12,Density,density_8,18.0,0.004934506456080113,43.75,True,qualifies,32,0.19381407918617882,5.0,violin,Violin plot,Sampled density on the declared grid,13,True,Implemented for the declared marginal comparison,6,14,7.0,False,7.0,False
Parkinsons__12,,,,,,,not_applicable,32,,,line,Line chart,Requires an ordered-trend target; row order is not time,1,False,Requires an ordered-trend target; row order is not time,0,2,,False,,False
Parkinsons__12,,,,,,,not_applicable,32,,,scatter,Scatter plot,"Requires a joint-association target, not marginal contrast",2,False,"Requires a joint-association target, not marginal contrast",0,3,,False,,False
Parkinsons__12,,,,,,,not_applicable,32,,,pie,Pie chart,Requires a declared part-to-whole target,3,False,Requires a declared part-to-whole target,0,4,,False,,False
Parkinsons__12,,,,,,,not_applicable,32,,,stacked_bar,Stacked bar chart,Requires a declared component-composition target,7,False,Requires a declared component-composition target,0,8,,False,,False
Parkinsons__12,,,,,,,not_applicable,32,,,area,Area chart,Requires an ordered-trend or accumulation target,8,False,Requires an ordered-trend or accumulation target,0,9,,False,,False
Parkinsons__12,,,,,,,not_applicable,32,,,bubble,Bubble chart,Requires a joint-association and size-variable target,9,False,Requires a joint-association and size-variable target,0,10,,False,,False
Parkinsons__12,,,,,,,not_applicable,32,,,treemap,Treemap,Requires a meaningful hierarchy and part-to-whole target,11,False,Requires a meaningful hierarchy and part-to-whole target,0,12,,False,,False
Parkinsons__12,,,,,,,not_applicable,32,,,choropleth,Choropleth map,Requires geographic identifiers and a geographic target,12,False,Requires geographic identifiers and a geographic target,0,13,,False,,False
Parkinsons__13,Five-number,five_number,10.0,0.005754130434782609,68.75,True,qualifies,32,0.1928833414311691,1.0,box,Box plot,Five-number summary; min–max whiskers,5,True,Implemented for the declared marginal comparison,1,6,1.0,True,1.0,True
Parkinsons__13,Five-number,five_number,10.0,0.005754130434782609,68.75,True,qualifies,32,0.1928833414311691,1.0,interval,Error-bar / interval plot,"Median dot, thick interquartile interval, thin min–max interval; not a confidence interval",14,True,Implemented for the declared marginal comparison,1,15,2.0,False,1.0,True
Parkinsons__13,Binned,bins_4,10.0,0.01595874999999996,68.75,True,qualifies,32,0.5349508600739523,2.0,histogram,Histogram,Common bins with group probabilities,4,True,Implemented for the declared marginal comparison,5,5,3.0,False,3.0,False
Parkinsons__13,Binned,bins_4,10.0,0.01595874999999996,68.75,True,qualifies,32,0.5349508600739523,2.0,heatmap,Heatmap,Two-by-bin probability matrix with common bin boundaries,6,True,Implemented for the declared marginal comparison,5,7,4.0,False,3.0,False
Parkinsons__13,Density,density_8,18.0,0.016544618529105666,43.75,True,qualifies,32,0.5545896709792776,4.0,violin,Violin plot,Sampled density on the declared grid,13,True,Implemented for the declared marginal comparison,6,14,5.0,False,5.0,False
Parkinsons__13,Observations,raw,32.0,0.0,0.0,True,qualifies,32,0.0,5.0,dot,Dot plot,Mean dots or all raw dots; report the chosen setting,10,True,Implemented for the declared marginal comparison,2,11,6.0,False,6.0,False
Parkinsons__13,Means,means,2.0,0.0394252083333333,0.0,False,does_not_qualify,32,1.3215664827452938,14.0,bar,Bar chart,Two group means,0,True,Implemented for the declared marginal comparison,1,1,7.0,False,7.0,False
Parkinsons__13,,,,,,,not_applicable,32,,,line,Line chart,Requires an ordered-trend target; row order is not time,1,False,Requires an ordered-trend target; row order is not time,0,2,,False,,False
Parkinsons__13,,,,,,,not_applicable,32,,,scatter,Scatter plot,"Requires a joint-association target, not marginal contrast",2,False,"Requires a joint-association target, not marginal contrast",0,3,,False,,False
Parkinsons__13,,,,,,,not_applicable,32,,,pie,Pie chart,Requires a declared part-to-whole target,3,False,Requires a declared part-to-whole target,0,4,,False,,False
Parkinsons__13,,,,,,,not_applicable,32,,,stacked_bar,Stacked bar chart,Requires a declared component-composition target,7,False,Requires a declared component-composition target,0,8,,False,,False
Parkinsons__13,,,,,,,not_applicable,32,,,area,Area chart,Requires an ordered-trend or accumulation target,8,False,Requires an ordered-trend or accumulation target,0,9,,False,,False
Parkinsons__13,,,,,,,not_applicable,32,,,bubble,Bubble chart,Requires a joint-association and size-variable target,9,False,Requires a joint-association and size-variable target,0,10,,False,,False
Parkinsons__13,,,,,,,not_applicable,32,,,treemap,Treemap,Requires a meaningful hierarchy and part-to-whole target,11,False,Requires a meaningful hierarchy and part-to-whole target,0,12,,False,,False
Parkinsons__13,,,,,,,not_applicable,32,,,choropleth,Choropleth map,Requires geographic identifiers and a geographic target,12,False,Requires geographic identifiers and a geographic target,0,13,,False,,False
Parkinsons__14,Means,means,2.0,0.02938137499999998,93.75,True,qualifies,32,0.3102737736944926,1.0,bar,Bar chart,Two group means,0,True,Implemented for the declared marginal comparison,1,1,1.0,True,1.0,True
Parkinsons__14,Means,means,2.0,0.02938137499999998,93.75,True,qualifies,32,0.3102737736944926,1.0,dot,Dot plot,Mean dots or all raw dots; report the chosen setting,10,True,Implemented for the declared marginal comparison,2,11,2.0,False,1.0,True
Parkinsons__14,Binned,bins_4,10.0,0.018138511904761925,68.75,True,qualifies,32,0.1915466698850195,2.0,histogram,Histogram,Common bins with group probabilities,4,True,Implemented for the declared marginal comparison,5,5,3.0,False,3.0,False
Parkinsons__14,Binned,bins_4,10.0,0.018138511904761925,68.75,True,qualifies,32,0.1915466698850195,2.0,heatmap,Heatmap,Two-by-bin probability matrix with common bin boundaries,6,True,Implemented for the declared marginal comparison,5,7,4.0,False,3.0,False
Parkinsons__14,Five-number,five_number,10.0,0.04514760869565222,68.75,True,qualifies,32,0.4767686646143114,3.0,box,Box plot,Five-number summary; min–max whiskers,5,True,Implemented for the declared marginal comparison,1,6,5.0,False,5.0,False
Parkinsons__14,Five-number,five_number,10.0,0.04514760869565222,68.75,True,qualifies,32,0.4767686646143114,3.0,interval,Error-bar / interval plot,"Median dot, thick interquartile interval, thin min–max interval; not a confidence interval",14,True,Implemented for the declared marginal comparison,1,15,6.0,False,5.0,False
Parkinsons__14,Density,density_8,18.0,0.020611676537404047,43.75,True,qualifies,32,0.21766383164268488,5.0,violin,Violin plot,Sampled density on the declared grid,13,True,Implemented for the declared marginal comparison,6,14,7.0,False,7.0,False
Parkinsons__14,,,,,,,not_applicable,32,,,line,Line chart,Requires an ordered-trend target; row order is not time,1,False,Requires an ordered-trend target; row order is not time,0,2,,False,,False
Parkinsons__14,,,,,,,not_applicable,32,,,scatter,Scatter plot,"Requires a joint-association target, not marginal contrast",2,False,"Requires a joint-association target, not marginal contrast",0,3,,False,,False
Parkinsons__14,,,,,,,not_applicable,32,,,pie,Pie chart,Requires a declared part-to-whole target,3,False,Requires a declared part-to-whole target,0,4,,False,,False
Parkinsons__14,,,,,,,not_applicable,32,,,stacked_bar,Stacked bar chart,Requires a declared component-composition target,7,False,Requires a declared component-composition target,0,8,,False,,False
Parkinsons__14,,,,,,,not_applicable,32,,,area,Area chart,Requires an ordered-trend or accumulation target,8,False,Requires an ordered-trend or accumulation target,0,9,,False,,False
Parkinsons__14,,,,,,,not_applicable,32,,,bubble,Bubble chart,Requires a joint-association and size-variable target,9,False,Requires a joint-association and size-variable target,0,10,,False,,False
Parkinsons__14,,,,,,,not_applicable,32,,,treemap,Treemap,Requires a meaningful hierarchy and part-to-whole target,11,False,Requires a meaningful hierarchy and part-to-whole target,0,12,,False,,False
Parkinsons__14,,,,,,,not_applicable,32,,,choropleth,Choropleth map,Requires geographic identifiers and a geographic target,12,False,Requires geographic identifiers and a geographic target,0,13,,False,,False
Parkinsons__15,Means,means,2.0,2.9344420289855044,93.75,True,qualifies,32,0.3911977062527408,1.0,bar,Bar chart,Two group means,0,True,Implemented for the declared marginal comparison,1,1,1.0,True,1.0,True
Parkinsons__15,Means,means,2.0,2.9344420289855044,93.75,True,qualifies,32,0.3911977062527408,1.0,dot,Dot plot,Mean dots or all raw dots; report the chosen setting,10,True,Implemented for the declared marginal comparison,2,11,2.0,False,1.0,True
Parkinsons__15,Five-number,five_number,10.0,2.1736521739130445,68.75,True,qualifies,32,0.28977493377848124,2.0,box,Box plot,Five-number summary; min–max whiskers,5,True,Implemented for the declared marginal comparison,1,6,3.0,False,3.0,False
Parkinsons__15,Five-number,five_number,10.0,2.1736521739130445,68.75,True,qualifies,32,0.28977493377848124,2.0,interval,Error-bar / interval plot,"Median dot, thick interquartile interval, thin min–max interval; not a confidence interval",14,True,Implemented for the declared marginal comparison,1,15,4.0,False,3.0,False
Parkinsons__15,Binned,bins_4,10.0,3.4880326086956526,68.75,True,qualifies,32,0.46499823216076336,3.0,histogram,Histogram,Common bins with group probabilities,4,True,Implemented for the declared marginal comparison,5,5,5.0,False,5.0,False
Parkinsons__15,Binned,bins_4,10.0,3.4880326086956526,68.75,True,qualifies,32,0.46499823216076336,3.0,heatmap,Heatmap,Two-by-bin probability matrix with common bin boundaries,6,True,Implemented for the declared marginal comparison,5,7,6.0,False,5.0,False
Parkinsons__15,Density,density_8,18.0,2.831629137778984,43.75,True,qualifies,32,0.3774914660830864,5.0,violin,Violin plot,Sampled density on the declared grid,13,True,Implemented for the declared marginal comparison,6,14,7.0,False,7.0,False
Parkinsons__15,,,,,,,not_applicable,32,,,line,Line chart,Requires an ordered-trend target; row order is not time,1,False,Requires an ordered-trend target; row order is not time,0,2,,False,,False
Parkinsons__15,,,,,,,not_applicable,32,,,scatter,Scatter plot,"Requires a joint-association target, not marginal contrast",2,False,"Requires a joint-association target, not marginal contrast",0,3,,False,,False
Parkinsons__15,,,,,,,not_applicable,32,,,pie,Pie chart,Requires a declared part-to-whole target,3,False,Requires a declared part-to-whole target,0,4,,False,,False
Parkinsons__15,,,,,,,not_applicable,32,,,stacked_bar,Stacked bar chart,Requires a declared component-composition target,7,False,Requires a declared component-composition target,0,8,,False,,False
Parkinsons__15,,,,,,,not_applicable,32,,,area,Area chart,Requires an ordered-trend or accumulation target,8,False,Requires an ordered-trend or accumulation target,0,9,,False,,False
Parkinsons__15,,,,,,,not_applicable,32,,,bubble,Bubble chart,Requires a joint-association and size-variable target,9,False,Requires a joint-association and size-variable target,0,10,,False,,False
Parkinsons__15,,,,,,,not_applicable,32,,,treemap,Treemap,Requires a meaningful hierarchy and part-to-whole target,11,False,Requires a meaningful hierarchy and part-to-whole target,0,12,,False,,False
Parkinsons__15,,,,,,,not_applicable,32,,,choropleth,Choropleth map,Requires geographic identifiers and a geographic target,12,False,Requires geographic identifiers and a geographic target,0,13,,False,,False
Parkinsons__16,Means,means,2.0,0.0704567797619049,93.75,True,qualifies,32,0.4860691090286958,1.0,bar,Bar chart,Two group means,0,True,Implemented for the declared marginal comparison,1,1,1.0,True,1.0,True
Parkinsons__16,Means,means,2.0,0.0704567797619049,93.75,True,qualifies,32,0.4860691090286958,1.0,dot,Dot plot,Mean dots or all raw dots; report the chosen setting,10,True,Implemented for the declared marginal comparison,2,11,2.0,False,1.0,True
Parkinsons__16,Five-number,five_number,10.0,0.021206989130434728,68.75,True,qualifies,32,0.14630334151866936,2.0,box,Box plot,Five-number summary; min–max whiskers,5,True,Implemented for the declared marginal comparison,1,6,3.0,False,3.0,False
Parkinsons__16,Five-number,five_number,10.0,0.021206989130434728,68.75,True,qualifies,32,0.14630334151866936,2.0,interval,Error-bar / interval plot,"Median dot, thick interquartile interval, thin min–max interval; not a confidence interval",14,True,Implemented for the declared marginal comparison,1,15,4.0,False,3.0,False
Parkinsons__16,Binned,bins_4,10.0,0.05448758500000006,68.75,True,qualifies,32,0.3759004028224878,3.0,histogram,Histogram,Common bins with group probabilities,4,True,Implemented for the declared marginal comparison,5,5,5.0,False,5.0,False
Parkinsons__16,Binned,bins_4,10.0,0.05448758500000006,68.75,True,qualifies,32,0.3759004028224878,3.0,heatmap,Heatmap,Two-by-bin probability matrix with common bin boundaries,6,True,Implemented for the declared marginal comparison,5,7,6.0,False,5.0,False
Parkinsons__16,Density,density_8,18.0,0.053784734748934915,43.75,True,qualifies,32,0.37105156078811846,5.0,violin,Violin plot,Sampled density on the declared grid,13,True,Implemented for the declared marginal comparison,6,14,7.0,False,7.0,False
Parkinsons__16,,,,,,,not_applicable,32,,,line,Line chart,Requires an ordered-trend target; row order is not time,1,False,Requires an ordered-trend target; row order is not time,0,2,,False,,False
Parkinsons__16,,,,,,,not_applicable,32,,,scatter,Scatter plot,"Requires a joint-association target, not marginal contrast",2,False,"Requires a joint-association target, not marginal contrast",0,3,,False,,False
Parkinsons__16,,,,,,,not_applicable,32,,,pie,Pie chart,Requires a declared part-to-whole target,3,False,Requires a declared part-to-whole target,0,4,,False,,False
Parkinsons__16,,,,,,,not_applicable,32,,,stacked_bar,Stacked bar chart,Requires a declared component-composition target,7,False,Requires a declared component-composition target,0,8,,False,,False
Parkinsons__16,,,,,,,not_applicable,32,,,area,Area chart,Requires an ordered-trend or accumulation target,8,False,Requires an ordered-trend or accumulation target,0,9,,False,,False
Parkinsons__16,,,,,,,not_applicable,32,,,bubble,Bubble chart,Requires a joint-association and size-variable target,9,False,Requires a joint-association and size-variable target,0,10,,False,,False
Parkinsons__16,,,,,,,not_applicable,32,,,treemap,Treemap,Requires a meaningful hierarchy and part-to-whole target,11,False,Requires a meaningful hierarchy and part-to-whole target,0,12,,False,,False
Parkinsons__16,,,,,,,not_applicable,32,,,choropleth,Choropleth map,Requires geographic identifiers and a geographic target,12,False,Requires geographic identifiers and a geographic target,0,13,,False,,False
Parkinsons__17,Means,means,2.0,0.02747410326086941,93.75,True,qualifies,32,0.2525170609679207,1.0,bar,Bar chart,Two group means,0,True,Implemented for the declared marginal comparison,1,1,1.0,True,1.0,True
Parkinsons__17,Means,means,2.0,0.02747410326086941,93.75,True,qualifies,32,0.2525170609679207,1.0,dot,Dot plot,Mean dots or all raw dots; report the chosen setting,10,True,Implemented for the declared marginal comparison,2,11,2.0,False,1.0,True
Parkinsons__17,Five-number,five_number,10.0,0.021162630434782614,68.75,True,qualifies,32,0.19450772201736527,2.0,box,Box plot,Five-number summary; min–max whiskers,5,True,Implemented for the declared marginal comparison,1,6,3.0,False,3.0,False
Parkinsons__17,Five-number,five_number,10.0,0.021162630434782614,68.75,True,qualifies,32,0.19450772201736527,2.0,interval,Error-bar / interval plot,"Median dot, thick interquartile interval, thin min–max interval; not a confidence interval",14,True,Implemented for the declared marginal comparison,1,15,4.0,False,3.0,False
Parkinsons__17,Binned,bins_4,10.0,0.024172357142857148,68.75,True,qualifies,32,0.22217040259417206,3.0,histogram,Histogram,Common bins with group probabilities,4,True,Implemented for the declared marginal comparison,5,5,5.0,False,5.0,False
Parkinsons__17,Binned,bins_4,10.0,0.024172357142857148,68.75,True,qualifies,32,0.22217040259417206,3.0,heatmap,Heatmap,Two-by-bin probability matrix with common bin boundaries,6,True,Implemented for the declared marginal comparison,5,7,6.0,False,5.0,False
Parkinsons__17,Density,density_8,18.0,0.03080134036335569,43.75,True,qualifies,32,0.28309800937179114,5.0,violin,Violin plot,Sampled density on the declared grid,13,True,Implemented for the declared marginal comparison,6,14,7.0,False,7.0,False
Parkinsons__17,,,,,,,not_applicable,32,,,line,Line chart,Requires an ordered-trend target; row order is not time,1,False,Requires an ordered-trend target; row order is not time,0,2,,False,,False
Parkinsons__17,,,,,,,not_applicable,32,,,scatter,Scatter plot,"Requires a joint-association target, not marginal contrast",2,False,"Requires a joint-association target, not marginal contrast",0,3,,False,,False
Parkinsons__17,,,,,,,not_applicable,32,,,pie,Pie chart,Requires a declared part-to-whole target,3,False,Requires a declared part-to-whole target,0,4,,False,,False
Parkinsons__17,,,,,,,not_applicable,32,,,stacked_bar,Stacked bar chart,Requires a declared component-composition target,7,False,Requires a declared component-composition target,0,8,,False,,False
Parkinsons__17,,,,,,,not_applicable,32,,,area,Area chart,Requires an ordered-trend or accumulation target,8,False,Requires an ordered-trend or accumulation target,0,9,,False,,False
Parkinsons__17,,,,,,,not_applicable,32,,,bubble,Bubble chart,Requires a joint-association and size-variable target,9,False,Requires a joint-association and size-variable target,0,10,,False,,False
Parkinsons__17,,,,,,,not_applicable,32,,,treemap,Treemap,Requires a meaningful hierarchy and part-to-whole target,11,False,Requires a meaningful hierarchy and part-to-whole target,0,12,,False,,False
Parkinsons__17,,,,,,,not_applicable,32,,,choropleth,Choropleth map,Requires geographic identifiers and a geographic target,12,False,Requires geographic identifiers and a geographic target,0,13,,False,,False
Parkinsons__18,Means,means,2.0,0.5969473541666646,93.75,True,qualifies,32,0.4926057183925285,1.0,bar,Bar chart,Two group means,0,True,Implemented for the declared marginal comparison,1,1,1.0,True,1.0,True
Parkinsons__18,Means,means,2.0,0.5969473541666646,93.75,True,qualifies,32,0.4926057183925285,1.0,dot,Dot plot,Mean dots or all raw dots; report the chosen setting,10,True,Implemented for the declared marginal comparison,2,11,2.0,False,1.0,True
Parkinsons__18,Binned,bins_4,10.0,0.4914581141304364,68.75,True,qualifies,32,0.4055551560472604,2.0,histogram,Histogram,Common bins with group probabilities,4,True,Implemented for the declared marginal comparison,5,5,3.0,False,3.0,False
Parkinsons__18,Binned,bins_4,10.0,0.4914581141304364,68.75,True,qualifies,32,0.4055551560472604,2.0,heatmap,Heatmap,Two-by-bin probability matrix with common bin boundaries,6,True,Implemented for the declared marginal comparison,5,7,4.0,False,3.0,False
Parkinsons__18,Five-number,five_number,10.0,0.546425717391303,68.75,True,qualifies,32,0.45091486072412346,3.0,box,Box plot,Five-number summary; min–max whiskers,5,True,Implemented for the declared marginal comparison,1,6,5.0,False,5.0,False
Parkinsons__18,Five-number,five_number,10.0,0.546425717391303,68.75,True,qualifies,32,0.45091486072412346,3.0,interval,Error-bar / interval plot,"Median dot, thick interquartile interval, thin min–max interval; not a confidence interval",14,True,Implemented for the declared marginal comparison,1,15,6.0,False,5.0,False
Parkinsons__18,Density,density_8,18.0,0.2791542109205851,43.75,True,qualifies,32,0.2303602816111006,4.0,violin,Violin plot,Sampled density on the declared grid,13,True,Implemented for the declared marginal comparison,6,14,7.0,False,7.0,False
Parkinsons__18,,,,,,,not_applicable,32,,,line,Line chart,Requires an ordered-trend target; row order is not time,1,False,Requires an ordered-trend target; row order is not time,0,2,,False,,False
Parkinsons__18,,,,,,,not_applicable,32,,,scatter,Scatter plot,"Requires a joint-association target, not marginal contrast",2,False,"Requires a joint-association target, not marginal contrast",0,3,,False,,False
Parkinsons__18,,,,,,,not_applicable,32,,,pie,Pie chart,Requires a declared part-to-whole target,3,False,Requires a declared part-to-whole target,0,4,,False,,False
Parkinsons__18,,,,,,,not_applicable,32,,,stacked_bar,Stacked bar chart,Requires a declared component-composition target,7,False,Requires a declared component-composition target,0,8,,False,,False
Parkinsons__18,,,,,,,not_applicable,32,,,area,Area chart,Requires an ordered-trend or accumulation target,8,False,Requires an ordered-trend or accumulation target,0,9,,False,,False
Parkinsons__18,,,,,,,not_applicable,32,,,bubble,Bubble chart,Requires a joint-association and size-variable target,9,False,Requires a joint-association and size-variable target,0,10,,False,,False
Parkinsons__18,,,,,,,not_applicable,32,,,treemap,Treemap,Requires a meaningful hierarchy and part-to-whole target,11,False,Requires a meaningful hierarchy and part-to-whole target,0,12,,False,,False
Parkinsons__18,,,,,,,not_applicable,32,,,choropleth,Choropleth map,Requires geographic identifiers and a geographic target,12,False,Requires geographic identifiers and a geographic target,0,13,,False,,False
Parkinsons__19,Means,means,2.0,0.0379418786231884,93.75,True,qualifies,32,0.34423590924473363,1.0,bar,Bar chart,Two group means,0,True,Implemented for the declared marginal comparison,1,1,1.0,True,1.0,True
Parkinsons__19,Means,means,2.0,0.0379418786231884,93.75,True,qualifies,32,0.34423590924473363,1.0,dot,Dot plot,Mean dots or all raw dots; report the chosen setting,10,True,Implemented for the declared marginal comparison,2,11,2.0,False,1.0,True
Parkinsons__19,Five-number,five_number,10.0,0.023951175000000005,68.75,True,qualifies,32,0.21730222126022625,2.0,box,Box plot,Five-number summary; min–max whiskers,5,True,Implemented for the declared marginal comparison,1,6,3.0,False,3.0,False
Parkinsons__19,Five-number,five_number,10.0,0.023951175000000005,68.75,True,qualifies,32,0.21730222126022625,2.0,interval,Error-bar / interval plot,"Median dot, thick interquartile interval, thin min–max interval; not a confidence interval",14,True,Implemented for the declared marginal comparison,1,15,4.0,False,3.0,False
Parkinsons__19,Binned,bins_4,10.0,0.03275073214285712,68.75,True,qualifies,32,0.2971381087792787,3.0,histogram,Histogram,Common bins with group probabilities,4,True,Implemented for the declared marginal comparison,5,5,5.0,False,5.0,False
Parkinsons__19,Binned,bins_4,10.0,0.03275073214285712,68.75,True,qualifies,32,0.2971381087792787,3.0,heatmap,Heatmap,Two-by-bin probability matrix with common bin boundaries,6,True,Implemented for the declared marginal comparison,5,7,6.0,False,5.0,False
Parkinsons__19,Density,density_8,18.0,0.03299401838661911,43.75,True,qualifies,32,0.29934537590381594,4.0,violin,Violin plot,Sampled density on the declared grid,13,True,Implemented for the declared marginal comparison,6,14,7.0,False,7.0,False
Parkinsons__19,,,,,,,not_applicable,32,,,line,Line chart,Requires an ordered-trend target; row order is not time,1,False,Requires an ordered-trend target; row order is not time,0,2,,False,,False
Parkinsons__19,,,,,,,not_applicable,32,,,scatter,Scatter plot,"Requires a joint-association target, not marginal contrast",2,False,"Requires a joint-association target, not marginal contrast",0,3,,False,,False
Parkinsons__19,,,,,,,not_applicable,32,,,pie,Pie chart,Requires a declared part-to-whole target,3,False,Requires a declared part-to-whole target,0,4,,False,,False
Parkinsons__19,,,,,,,not_applicable,32,,,stacked_bar,Stacked bar chart,Requires a declared component-composition target,7,False,Requires a declared component-composition target,0,8,,False,,False
Parkinsons__19,,,,,,,not_applicable,32,,,area,Area chart,Requires an ordered-trend or accumulation target,8,False,Requires an ordered-trend or accumulation target,0,9,,False,,False
Parkinsons__19,,,,,,,not_applicable,32,,,bubble,Bubble chart,Requires a joint-association and size-variable target,9,False,Requires a joint-association and size-variable target,0,10,,False,,False
Parkinsons__19,,,,,,,not_applicable,32,,,treemap,Treemap,Requires a meaningful hierarchy and part-to-whole target,11,False,Requires a meaningful hierarchy and part-to-whole target,0,12,,False,,False
Parkinsons__19,,,,,,,not_applicable,32,,,choropleth,Choropleth map,Requires geographic identifiers and a geographic target,12,False,Requires geographic identifiers and a geographic target,0,13,,False,,False
Parkinsons__20,Means,means,2.0,0.25211546249999994,93.75,True,qualifies,32,0.4909112436653006,1.0,bar,Bar chart,Two group means,0,True,Implemented for the declared marginal comparison,1,1,1.0,True,1.0,True
Parkinsons__20,Means,means,2.0,0.25211546249999994,93.75,True,qualifies,32,0.4909112436653006,1.0,dot,Dot plot,Mean dots or all raw dots; report the chosen setting,10,True,Implemented for the declared marginal comparison,2,11,2.0,False,1.0,True
Parkinsons__20,Five-number,five_number,10.0,0.1406740869565215,68.75,True,qualifies,32,0.2739161267401702,2.0,box,Box plot,Five-number summary; min–max whiskers,5,True,Implemented for the declared marginal comparison,1,6,3.0,False,3.0,False
Parkinsons__20,Five-number,five_number,10.0,0.1406740869565215,68.75,True,qualifies,32,0.2739161267401702,2.0,interval,Error-bar / interval plot,"Median dot, thick interquartile interval, thin min–max interval; not a confidence interval",14,True,Implemented for the declared marginal comparison,1,15,4.0,False,3.0,False
Parkinsons__20,Binned,bins_4,10.0,0.16350327500000006,68.75,True,qualifies,32,0.318368398660196,3.0,histogram,Histogram,Common bins with group probabilities,4,True,Implemented for the declared marginal comparison,5,5,5.0,False,5.0,False
Parkinsons__20,Binned,bins_4,10.0,0.16350327500000006,68.75,True,qualifies,32,0.318368398660196,3.0,heatmap,Heatmap,Two-by-bin probability matrix with common bin boundaries,6,True,Implemented for the declared marginal comparison,5,7,6.0,False,5.0,False
Parkinsons__20,Density,density_8,18.0,0.25867734530571473,43.75,True,qualifies,32,0.5036883340388805,5.0,violin,Violin plot,Sampled density on the declared grid,13,True,Implemented for the declared marginal comparison,6,14,7.0,False,7.0,False
Parkinsons__20,,,,,,,not_applicable,32,,,line,Line chart,Requires an ordered-trend target; row order is not time,1,False,Requires an ordered-trend target; row order is not time,0,2,,False,,False
Parkinsons__20,,,,,,,not_applicable,32,,,scatter,Scatter plot,"Requires a joint-association target, not marginal contrast",2,False,"Requires a joint-association target, not marginal contrast",0,3,,False,,False
Parkinsons__20,,,,,,,not_applicable,32,,,pie,Pie chart,Requires a declared part-to-whole target,3,False,Requires a declared part-to-whole target,0,4,,False,,False
Parkinsons__20,,,,,,,not_applicable,32,,,stacked_bar,Stacked bar chart,Requires a declared component-composition target,7,False,Requires a declared component-composition target,0,8,,False,,False
Parkinsons__20,,,,,,,not_applicable,32,,,area,Area chart,Requires an ordered-trend or accumulation target,8,False,Requires an ordered-trend or accumulation target,0,9,,False,,False
Parkinsons__20,,,,,,,not_applicable,32,,,bubble,Bubble chart,Requires a joint-association and size-variable target,9,False,Requires a joint-association and size-variable target,0,10,,False,,False
Parkinsons__20,,,,,,,not_applicable,32,,,treemap,Treemap,Requires a meaningful hierarchy and part-to-whole target,11,False,Requires a meaningful hierarchy and part-to-whole target,0,12,,False,,False
Parkinsons__20,,,,,,,not_applicable,32,,,choropleth,Choropleth map,Requires geographic identifiers and a geographic target,12,False,Requires geographic identifiers and a geographic target,0,13,,False,,False
Parkinsons__21,Means,means,2.0,0.0750795018115942,93.75,True,qualifies,32,0.612548864815689,1.0,bar,Bar chart,Two group means,0,True,Implemented for the declared marginal comparison,1,1,1.0,True,1.0,True
Parkinsons__21,Means,means,2.0,0.0750795018115942,93.75,True,qualifies,32,0.612548864815689,1.0,dot,Dot plot,Mean dots or all raw dots; report the chosen setting,10,True,Implemented for the declared marginal comparison,2,11,2.0,False,1.0,True
Parkinsons__21,Five-number,five_number,10.0,0.026268824999999968,68.75,True,qualifies,32,0.21431866948412703,2.0,box,Box plot,Five-number summary; min–max whiskers,5,True,Implemented for the declared marginal comparison,1,6,3.0,False,3.0,False
Parkinsons__21,Five-number,five_number,10.0,0.026268824999999968,68.75,True,qualifies,32,0.21431866948412703,2.0,interval,Error-bar / interval plot,"Median dot, thick interquartile interval, thin min–max interval; not a confidence interval",14,True,Implemented for the declared marginal comparison,1,15,4.0,False,3.0,False
Parkinsons__21,Binned,bins_4,10.0,0.04115320652173912,68.75,True,qualifies,32,0.3357554236531188,3.0,histogram,Histogram,Common bins with group probabilities,4,True,Implemented for the declared marginal comparison,5,5,5.0,False,5.0,False
Parkinsons__21,Binned,bins_4,10.0,0.04115320652173912,68.75,True,qualifies,32,0.3357554236531188,3.0,heatmap,Heatmap,Two-by-bin probability matrix with common bin boundaries,6,True,Implemented for the declared marginal comparison,5,7,6.0,False,5.0,False
Parkinsons__21,Density,density_8,18.0,0.04245140058981106,43.75,True,qualifies,32,0.3463469604044339,5.0,violin,Violin plot,Sampled density on the declared grid,13,True,Implemented for the declared marginal comparison,6,14,7.0,False,7.0,False
Parkinsons__21,,,,,,,not_applicable,32,,,line,Line chart,Requires an ordered-trend target; row order is not time,1,False,Requires an ordered-trend target; row order is not time,0,2,,False,,False
Parkinsons__21,,,,,,,not_applicable,32,,,scatter,Scatter plot,"Requires a joint-association target, not marginal contrast",2,False,"Requires a joint-association target, not marginal contrast",0,3,,False,,False
Parkinsons__21,,,,,,,not_applicable,32,,,pie,Pie chart,Requires a declared part-to-whole target,3,False,Requires a declared part-to-whole target,0,4,,False,,False
Parkinsons__21,,,,,,,not_applicable,32,,,stacked_bar,Stacked bar chart,Requires a declared component-composition target,7,False,Requires a declared component-composition target,0,8,,False,,False
Parkinsons__21,,,,,,,not_applicable,32,,,area,Area chart,Requires an ordered-trend or accumulation target,8,False,Requires an ordered-trend or accumulation target,0,9,,False,,False
Parkinsons__21,,,,,,,not_applicable,32,,,bubble,Bubble chart,Requires a joint-association and size-variable target,9,False,Requires a joint-association and size-variable target,0,10,,False,,False
Parkinsons__21,,,,,,,not_applicable,32,,,treemap,Treemap,Requires a meaningful hierarchy and part-to-whole target,11,False,Requires a meaningful hierarchy and part-to-whole target,0,12,,False,,False
Parkinsons__21,,,,,,,not_applicable,32,,,choropleth,Choropleth map,Requires geographic identifiers and a geographic target,12,False,Requires geographic identifiers and a geographic target,0,13,,False,,False
Retinopathy__00,Binned,bins_4,10.0,8.394604941850034,99.13119026933101,True,qualifies,1151,0.8836426254578983,1.0,histogram,Histogram,Common bins with group probabilities,4,True,Implemented for the declared marginal comparison,5,5,1.0,True,1.0,True
Retinopathy__00,Binned,bins_4,10.0,8.394604941850034,99.13119026933101,True,qualifies,1151,0.8836426254578983,1.0,heatmap,Heatmap,Two-by-bin probability matrix with common bin boundaries,6,True,Implemented for the declared marginal comparison,5,7,2.0,False,1.0,True
Retinopathy__00,Density,density_16,34.0,4.200106810434885,97.04604691572546,True,qualifies,1151,0.44211650636156685,4.0,violin,Violin plot,Sampled density on the declared grid,13,True,Implemented for the declared marginal comparison,6,14,3.0,False,3.0,False
Retinopathy__00,Observations,raw,1151.0,0.0,0.0,True,qualifies,1151,0.0,11.0,dot,Dot plot,Mean dots or all raw dots; report the chosen setting,10,True,Implemented for the declared marginal comparison,2,11,4.0,False,4.0,False
Retinopathy__00,Means,means,2.0,12.513920514112378,0.0,False,does_not_qualify,1151,1.3172547909591976,12.0,bar,Bar chart,Two group means,0,True,Implemented for the declared marginal comparison,1,1,5.0,False,5.0,False
Retinopathy__00,Five-number,five_number,10.0,19.543599257885006,0.0,False,does_not_qualify,1151,2.057220974514211,14.0,box,Box plot,Five-number summary; min–max whiskers,5,True,Implemented for the declared marginal comparison,1,6,6.0,False,6.0,False
Retinopathy__00,Five-number,five_number,10.0,19.543599257885006,0.0,False,does_not_qualify,1151,2.057220974514211,14.0,interval,Error-bar / interval plot,"Median dot, thick interquartile interval, thin min–max interval; not a confidence interval",14,True,Implemented for the declared marginal comparison,1,15,7.0,False,6.0,False
Retinopathy__00,,,,,,,not_applicable,1151,,,line,Line chart,Requires an ordered-trend target; row order is not time,1,False,Requires an ordered-trend target; row order is not time,0,2,,False,,False
Retinopathy__00,,,,,,,not_applicable,1151,,,scatter,Scatter plot,"Requires a joint-association target, not marginal contrast",2,False,"Requires a joint-association target, not marginal contrast",0,3,,False,,False
Retinopathy__00,,,,,,,not_applicable,1151,,,pie,Pie chart,Requires a declared part-to-whole target,3,False,Requires a declared part-to-whole target,0,4,,False,,False
Retinopathy__00,,,,,,,not_applicable,1151,,,stacked_bar,Stacked bar chart,Requires a declared component-composition target,7,False,Requires a declared component-composition target,0,8,,False,,False
Retinopathy__00,,,,,,,not_applicable,1151,,,area,Area chart,Requires an ordered-trend or accumulation target,8,False,Requires an ordered-trend or accumulation target,0,9,,False,,False
Retinopathy__00,,,,,,,not_applicable,1151,,,bubble,Bubble chart,Requires a joint-association and size-variable target,9,False,Requires a joint-association and size-variable target,0,10,,False,,False
Retinopathy__00,,,,,,,not_applicable,1151,,,treemap,Treemap,Requires a meaningful hierarchy and part-to-whole target,11,False,Requires a meaningful hierarchy and part-to-whole target,0,12,,False,,False
Retinopathy__00,,,,,,,not_applicable,1151,,,choropleth,Choropleth map,Requires geographic identifiers and a geographic target,12,False,Requires geographic identifiers and a geographic target,0,13,,False,,False
Retinopathy__01,Binned,bins_4,10.0,6.528177981237942,99.13119026933101,True,qualifies,1151,0.8160222476547427,1.0,histogram,Histogram,Common bins with group probabilities,4,True,Implemented for the declared marginal comparison,5,5,1.0,True,1.0,True
Retinopathy__01,Binned,bins_4,10.0,6.528177981237942,99.13119026933101,True,qualifies,1151,0.8160222476547427,1.0,heatmap,Heatmap,Two-by-bin probability matrix with common bin boundaries,6,True,Implemented for the declared marginal comparison,5,7,2.0,False,1.0,True
Retinopathy__01,Density,density_16,34.0,4.0475681009213424,97.04604691572546,True,qualifies,1151,0.5059460126151678,4.0,violin,Violin plot,Sampled density on the declared grid,13,True,Implemented for the declared marginal comparison,6,14,3.0,False,3.0,False
Retinopathy__01,Observations,raw,1151.0,0.0,0.0,True,qualifies,1151,0.0,11.0,dot,Dot plot,Mean dots or all raw dots; report the chosen setting,10,True,Implemented for the declared marginal comparison,2,11,4.0,False,4.0,False
Retinopathy__01,Means,means,2.0,9.140616475722855,0.0,False,does_not_qualify,1151,1.1425770594653568,12.0,bar,Bar chart,Two group means,0,True,Implemented for the declared marginal comparison,1,1,5.0,False,5.0,False
Retinopathy__01,Five-number,five_number,10.0,9.409836065573785,0.0,False,does_not_qualify,1151,1.1762295081967231,13.0,box,Box plot,Five-number summary; min–max whiskers,5,True,Implemented for the declared marginal comparison,1,6,6.0,False,6.0,False
Retinopathy__01,Five-number,five_number,10.0,9.409836065573785,0.0,False,does_not_qualify,1151,1.1762295081967231,13.0,interval,Error-bar / interval plot,"Median dot, thick interquartile interval, thin min–max interval; not a confidence interval",14,True,Implemented for the declared marginal comparison,1,15,7.0,False,6.0,False
Retinopathy__01,,,,,,,not_applicable,1151,,,line,Line chart,Requires an ordered-trend target; row order is not time,1,False,Requires an ordered-trend target; row order is not time,0,2,,False,,False
Retinopathy__01,,,,,,,not_applicable,1151,,,scatter,Scatter plot,"Requires a joint-association target, not marginal contrast",2,False,"Requires a joint-association target, not marginal contrast",0,3,,False,,False
Retinopathy__01,,,,,,,not_applicable,1151,,,pie,Pie chart,Requires a declared part-to-whole target,3,False,Requires a declared part-to-whole target,0,4,,False,,False
Retinopathy__01,,,,,,,not_applicable,1151,,,stacked_bar,Stacked bar chart,Requires a declared component-composition target,7,False,Requires a declared component-composition target,0,8,,False,,False
Retinopathy__01,,,,,,,not_applicable,1151,,,area,Area chart,Requires an ordered-trend or accumulation target,8,False,Requires an ordered-trend or accumulation target,0,9,,False,,False
Retinopathy__01,,,,,,,not_applicable,1151,,,bubble,Bubble chart,Requires a joint-association and size-variable target,9,False,Requires a joint-association and size-variable target,0,10,,False,,False
Retinopathy__01,,,,,,,not_applicable,1151,,,treemap,Treemap,Requires a meaningful hierarchy and part-to-whole target,11,False,Requires a meaningful hierarchy and part-to-whole target,0,12,,False,,False
Retinopathy__01,,,,,,,not_applicable,1151,,,choropleth,Choropleth map,Requires geographic identifiers and a geographic target,12,False,Requires geographic identifiers and a geographic target,0,13,,False,,False
Retinopathy__02,Means,means,2.0,7.720212765957445,99.8262380538662,True,qualifies,1151,0.9650265957446806,1.0,bar,Bar chart,Two group means,0,True,Implemented for the declared marginal comparison,1,1,1.0,True,1.0,True
Retinopathy__02,Means,means,2.0,7.720212765957445,99.8262380538662,True,qualifies,1151,0.9650265957446806,1.0,dot,Dot plot,Mean dots or all raw dots; report the chosen setting,10,True,Implemented for the declared marginal comparison,2,11,2.0,False,1.0,True
Retinopathy__02,Binned,bins_4,10.0,6.2825801471639835,99.13119026933101,True,qualifies,1151,0.7853225183954979,2.0,histogram,Histogram,Common bins with group probabilities,4,True,Implemented for the declared marginal comparison,5,5,3.0,False,3.0,False
Retinopathy__02,Binned,bins_4,10.0,6.2825801471639835,99.13119026933101,True,qualifies,1151,0.7853225183954979,2.0,heatmap,Heatmap,Two-by-bin probability matrix with common bin boundaries,6,True,Implemented for the declared marginal comparison,5,7,4.0,False,3.0,False
Retinopathy__02,Density,density_16,34.0,4.011769219956136,97.04604691572546,True,qualifies,1151,0.501471152494517,5.0,violin,Violin plot,Sampled density on the declared grid,13,True,Implemented for the declared marginal comparison,6,14,5.0,False,5.0,False
Retinopathy__02,Five-number,five_number,10.0,8.747540983606541,0.0,False,does_not_qualify,1151,1.0934426229508176,13.0,box,Box plot,Five-number summary; min–max whiskers,5,True,Implemented for the declared marginal comparison,1,6,6.0,False,6.0,False
Retinopathy__02,Five-number,five_number,10.0,8.747540983606541,0.0,False,does_not_qualify,1151,1.0934426229508176,13.0,interval,Error-bar / interval plot,"Median dot, thick interquartile interval, thin min–max interval; not a confidence interval",14,True,Implemented for the declared marginal comparison,1,15,7.0,False,6.0,False
Retinopathy__02,,,,,,,not_applicable,1151,,,line,Line chart,Requires an ordered-trend target; row order is not time,1,False,Requires an ordered-trend target; row order is not time,0,2,,False,,False
Retinopathy__02,,,,,,,not_applicable,1151,,,scatter,Scatter plot,"Requires a joint-association target, not marginal contrast",2,False,"Requires a joint-association target, not marginal contrast",0,3,,False,,False
Retinopathy__02,,,,,,,not_applicable,1151,,,pie,Pie chart,Requires a declared part-to-whole target,3,False,Requires a declared part-to-whole target,0,4,,False,,False
Retinopathy__02,,,,,,,not_applicable,1151,,,stacked_bar,Stacked bar chart,Requires a declared component-composition target,7,False,Requires a declared component-composition target,0,8,,False,,False
Retinopathy__02,,,,,,,not_applicable,1151,,,area,Area chart,Requires an ordered-trend or accumulation target,8,False,Requires an ordered-trend or accumulation target,0,9,,False,,False
Retinopathy__02,,,,,,,not_applicable,1151,,,bubble,Bubble chart,Requires a joint-association and size-variable target,9,False,Requires a joint-association and size-variable target,0,10,,False,,False
Retinopathy__02,,,,,,,not_applicable,1151,,,treemap,Treemap,Requires a meaningful hierarchy and part-to-whole target,11,False,Requires a meaningful hierarchy and part-to-whole target,0,12,,False,,False
Retinopathy__02,,,,,,,not_applicable,1151,,,choropleth,Choropleth map,Requires geographic identifiers and a geographic target,12,False,Requires geographic identifiers and a geographic target,0,13,,False,,False
Retinopathy__03,Means,means,2.0,6.353076316906101,99.8262380538662,True,qualifies,1151,0.7941345396132677,1.0,bar,Bar chart,Two group means,0,True,Implemented for the declared marginal comparison,1,1,1.0,True,1.0,True
Retinopathy__03,Means,means,2.0,6.353076316906101,99.8262380538662,True,qualifies,1151,0.7941345396132677,1.0,dot,Dot plot,Mean dots or all raw dots; report the chosen setting,10,True,Implemented for the declared marginal comparison,2,11,2.0,False,1.0,True
Retinopathy__03,Five-number,five_number,10.0,3.849721706864564,99.13119026933101,True,qualifies,1151,0.4812152133580736,2.0,box,Box plot,Five-number summary; min–max whiskers,5,True,Implemented for the declared marginal comparison,1,6,3.0,False,3.0,False
Retinopathy__03,Five-number,five_number,10.0,3.849721706864564,99.13119026933101,True,qualifies,1151,0.4812152133580736,2.0,interval,Error-bar / interval plot,"Median dot, thick interquartile interval, thin min–max interval; not a confidence interval",14,True,Implemented for the declared marginal comparison,1,15,4.0,False,3.0,False
Retinopathy__03,Binned,bins_4,10.0,5.038108744771883,99.13119026933101,True,qualifies,1151,0.6297635930964894,3.0,histogram,Histogram,Common bins with group probabilities,4,True,Implemented for the declared marginal comparison,5,5,5.0,False,5.0,False
Retinopathy__03,Binned,bins_4,10.0,5.038108744771883,99.13119026933101,True,qualifies,1151,0.6297635930964894,3.0,heatmap,Heatmap,Two-by-bin probability matrix with common bin boundaries,6,True,Implemented for the declared marginal comparison,5,7,6.0,False,5.0,False
Retinopathy__03,Density,density_8,18.0,6.6288150313077505,98.43614248479582,True,qualifies,1151,0.8286018789134741,5.0,violin,Violin plot,Sampled density on the declared grid,13,True,Implemented for the declared marginal comparison,6,14,7.0,False,7.0,False
Retinopathy__03,,,,,,,not_applicable,1151,,,line,Line chart,Requires an ordered-trend target; row order is not time,1,False,Requires an ordered-trend target; row order is not time,0,2,,False,,False
Retinopathy__03,,,,,,,not_applicable,1151,,,scatter,Scatter plot,"Requires a joint-association target, not marginal contrast",2,False,"Requires a joint-association target, not marginal contrast",0,3,,False,,False
Retinopathy__03,,,,,,,not_applicable,1151,,,pie,Pie chart,Requires a declared part-to-whole target,3,False,Requires a declared part-to-whole target,0,4,,False,,False
Retinopathy__03,,,,,,,not_applicable,1151,,,stacked_bar,Stacked bar chart,Requires a declared component-composition target,7,False,Requires a declared component-composition target,0,8,,False,,False
Retinopathy__03,,,,,,,not_applicable,1151,,,area,Area chart,Requires an ordered-trend or accumulation target,8,False,Requires an ordered-trend or accumulation target,0,9,,False,,False
Retinopathy__03,,,,,,,not_applicable,1151,,,bubble,Bubble chart,Requires a joint-association and size-variable target,9,False,Requires a joint-association and size-variable target,0,10,,False,,False
Retinopathy__03,,,,,,,not_applicable,1151,,,treemap,Treemap,Requires a meaningful hierarchy and part-to-whole target,11,False,Requires a meaningful hierarchy and part-to-whole target,0,12,,False,,False
Retinopathy__03,,,,,,,not_applicable,1151,,,choropleth,Choropleth map,Requires geographic identifiers and a geographic target,12,False,Requires geographic identifiers and a geographic target,0,13,,False,,False
Retinopathy__04,Means,means,2.0,4.684133478814331,99.8262380538662,True,qualifies,1151,0.6666794423754023,1.0,bar,Bar chart,Two group means,0,True,Implemented for the declared marginal comparison,1,1,1.0,True,1.0,True
Retinopathy__04,Means,means,2.0,4.684133478814331,99.8262380538662,True,qualifies,1151,0.6666794423754023,1.0,dot,Dot plot,Mean dots or all raw dots; report the chosen setting,10,True,Implemented for the declared marginal comparison,2,11,2.0,False,1.0,True
Retinopathy__04,Five-number,five_number,10.0,3.4672131147541023,99.13119026933101,True,qualifies,1151,0.4934786159266428,2.0,box,Box plot,Five-number summary; min–max whiskers,5,True,Implemented for the declared marginal comparison,1,6,3.0,False,3.0,False
Retinopathy__04,Five-number,five_number,10.0,3.4672131147541023,99.13119026933101,True,qualifies,1151,0.4934786159266428,2.0,interval,Error-bar / interval plot,"Median dot, thick interquartile interval, thin min–max interval; not a confidence interval",14,True,Implemented for the declared marginal comparison,1,15,4.0,False,3.0,False
Retinopathy__04,Binned,bins_4,10.0,4.467102993910444,99.13119026933101,True,qualifies,1151,0.635790108561881,3.0,histogram,Histogram,Common bins with group probabilities,4,True,Implemented for the declared marginal comparison,5,5,5.0,False,5.0,False
Retinopathy__04,Binned,bins_4,10.0,4.467102993910444,99.13119026933101,True,qualifies,1151,0.635790108561881,3.0,heatmap,Heatmap,Two-by-bin probability matrix with common bin boundaries,6,True,Implemented for the declared marginal comparison,5,7,6.0,False,5.0,False
Retinopathy__04,Density,density_8,18.0,6.528306452931808,98.43614248479582,True,qualifies,1151,0.9291553550685727,5.0,violin,Violin plot,Sampled density on the declared grid,13,True,Implemented for the declared marginal comparison,6,14,7.0,False,7.0,False
Retinopathy__04,,,,,,,not_applicable,1151,,,line,Line chart,Requires an ordered-trend target; row order is not time,1,False,Requires an ordered-trend target; row order is not time,0,2,,False,,False
Retinopathy__04,,,,,,,not_applicable,1151,,,scatter,Scatter plot,"Requires a joint-association target, not marginal contrast",2,False,"Requires a joint-association target, not marginal contrast",0,3,,False,,False
Retinopathy__04,,,,,,,not_applicable,1151,,,pie,Pie chart,Requires a declared part-to-whole target,3,False,Requires a declared part-to-whole target,0,4,,False,,False
Retinopathy__04,,,,,,,not_applicable,1151,,,stacked_bar,Stacked bar chart,Requires a declared component-composition target,7,False,Requires a declared component-composition target,0,8,,False,,False
Retinopathy__04,,,,,,,not_applicable,1151,,,area,Area chart,Requires an ordered-trend or accumulation target,8,False,Requires an ordered-trend or accumulation target,0,9,,False,,False
Retinopathy__04,,,,,,,not_applicable,1151,,,bubble,Bubble chart,Requires a joint-association and size-variable target,9,False,Requires a joint-association and size-variable target,0,10,,False,,False
Retinopathy__04,,,,,,,not_applicable,1151,,,treemap,Treemap,Requires a meaningful hierarchy and part-to-whole target,11,False,Requires a meaningful hierarchy and part-to-whole target,0,12,,False,,False
Retinopathy__04,,,,,,,not_applicable,1151,,,choropleth,Choropleth map,Requires geographic identifiers and a geographic target,12,False,Requires geographic identifiers and a geographic target,0,13,,False,,False
Retinopathy__05,Means,means,2.0,4.132518033581864,99.8262380538662,True,qualifies,1151,0.6887530055969773,1.0,bar,Bar chart,Two group means,0,True,Implemented for the declared marginal comparison,1,1,1.0,True,1.0,True
Retinopathy__05,Means,means,2.0,4.132518033581864,99.8262380538662,True,qualifies,1151,0.6887530055969773,1.0,dot,Dot plot,Mean dots or all raw dots; report the chosen setting,10,True,Implemented for the declared marginal comparison,2,11,2.0,False,1.0,True
Retinopathy__05,Binned,bins_4,10.0,4.7943776720174185,99.13119026933101,True,qualifies,1151,0.7990629453362365,2.0,histogram,Histogram,Common bins with group probabilities,4,True,Implemented for the declared marginal comparison,5,5,3.0,False,3.0,False
Retinopathy__05,Binned,bins_4,10.0,4.7943776720174185,99.13119026933101,True,qualifies,1151,0.7990629453362365,2.0,heatmap,Heatmap,Two-by-bin probability matrix with common bin boundaries,6,True,Implemented for the declared marginal comparison,5,7,4.0,False,3.0,False
Retinopathy__05,Five-number,five_number,10.0,5.268852459016401,99.13119026933101,True,qualifies,1151,0.8781420765027335,3.0,box,Box plot,Five-number summary; min–max whiskers,5,True,Implemented for the declared marginal comparison,1,6,5.0,False,5.0,False
Retinopathy__05,Five-number,five_number,10.0,5.268852459016401,99.13119026933101,True,qualifies,1151,0.8781420765027335,3.0,interval,Error-bar / interval plot,"Median dot, thick interquartile interval, thin min–max interval; not a confidence interval",14,True,Implemented for the declared marginal comparison,1,15,6.0,False,5.0,False
Retinopathy__05,Density,density_8,18.0,4.987672864020695,98.43614248479582,True,qualifies,1151,0.8312788106701158,5.0,violin,Violin plot,Sampled density on the declared grid,13,True,Implemented for the declared marginal comparison,6,14,7.0,False,7.0,False
Retinopathy__05,,,,,,,not_applicable,1151,,,line,Line chart,Requires an ordered-trend target; row order is not time,1,False,Requires an ordered-trend target; row order is not time,0,2,,False,,False
Retinopathy__05,,,,,,,not_applicable,1151,,,scatter,Scatter plot,"Requires a joint-association target, not marginal contrast",2,False,"Requires a joint-association target, not marginal contrast",0,3,,False,,False
Retinopathy__05,,,,,,,not_applicable,1151,,,pie,Pie chart,Requires a declared part-to-whole target,3,False,Requires a declared part-to-whole target,0,4,,False,,False
Retinopathy__05,,,,,,,not_applicable,1151,,,stacked_bar,Stacked bar chart,Requires a declared component-composition target,7,False,Requires a declared component-composition target,0,8,,False,,False
Retinopathy__05,,,,,,,not_applicable,1151,,,area,Area chart,Requires an ordered-trend or accumulation target,8,False,Requires an ordered-trend or accumulation target,0,9,,False,,False
Retinopathy__05,,,,,,,not_applicable,1151,,,bubble,Bubble chart,Requires a joint-association and size-variable target,9,False,Requires a joint-association and size-variable target,0,10,,False,,False
Retinopathy__05,,,,,,,not_applicable,1151,,,treemap,Treemap,Requires a meaningful hierarchy and part-to-whole target,11,False,Requires a meaningful hierarchy and part-to-whole target,0,12,,False,,False
Retinopathy__05,,,,,,,not_applicable,1151,,,choropleth,Choropleth map,Requires geographic identifiers and a geographic target,12,False,Requires geographic identifiers and a geographic target,0,13,,False,,False
Retinopathy__06,Binned,bins_4,10.0,30.155552916571338,99.13119026933101,True,qualifies,1151,0.8980465616222972,1.0,histogram,Histogram,Common bins with group probabilities,4,True,Implemented for the declared marginal comparison,5,5,1.0,True,1.0,True
Retinopathy__06,Binned,bins_4,10.0,30.155552916571338,99.13119026933101,True,qualifies,1151,0.8980465616222972,1.0,heatmap,Heatmap,Two-by-bin probability matrix with common bin boundaries,6,True,Implemented for the declared marginal comparison,5,7,2.0,False,1.0,True
Retinopathy__06,Density,density_8,18.0,21.68550993243015,98.43614248479582,True,qualifies,1151,0.6458046942705277,3.0,violin,Violin plot,Sampled density on the declared grid,13,True,Implemented for the declared marginal comparison,6,14,3.0,False,3.0,False
Retinopathy__06,Observations,raw,1151.0,0.0,0.0,True,qualifies,1151,0.0,12.0,dot,Dot plot,Mean dots or all raw dots; report the chosen setting,10,True,Implemented for the declared marginal comparison,2,11,4.0,False,4.0,False
Retinopathy__06,Means,means,2.0,44.621784410914586,0.0,False,does_not_qualify,1151,1.3288577455216322,13.0,bar,Bar chart,Two group means,0,True,Implemented for the declared marginal comparison,1,1,5.0,False,5.0,False
Retinopathy__06,Five-number,five_number,10.0,101.20050503606552,0.0,False,does_not_qualify,1151,3.013798680246912,14.0,box,Box plot,Five-number summary; min–max whiskers,5,True,Implemented for the declared marginal comparison,1,6,6.0,False,6.0,False
Retinopathy__06,Five-number,five_number,10.0,101.20050503606552,0.0,False,does_not_qualify,1151,3.013798680246912,14.0,interval,Error-bar / interval plot,"Median dot, thick interquartile interval, thin min–max interval; not a confidence interval",14,True,Implemented for the declared marginal comparison,1,15,7.0,False,6.0,False
Retinopathy__06,,,,,,,not_applicable,1151,,,line,Line chart,Requires an ordered-trend target; row order is not time,1,False,Requires an ordered-trend target; row order is not time,0,2,,False,,False
Retinopathy__06,,,,,,,not_applicable,1151,,,scatter,Scatter plot,"Requires a joint-association target, not marginal contrast",2,False,"Requires a joint-association target, not marginal contrast",0,3,,False,,False
Retinopathy__06,,,,,,,not_applicable,1151,,,pie,Pie chart,Requires a declared part-to-whole target,3,False,Requires a declared part-to-whole target,0,4,,False,,False
Retinopathy__06,,,,,,,not_applicable,1151,,,stacked_bar,Stacked bar chart,Requires a declared component-composition target,7,False,Requires a declared component-composition target,0,8,,False,,False
Retinopathy__06,,,,,,,not_applicable,1151,,,area,Area chart,Requires an ordered-trend or accumulation target,8,False,Requires an ordered-trend or accumulation target,0,9,,False,,False
Retinopathy__06,,,,,,,not_applicable,1151,,,bubble,Bubble chart,Requires a joint-association and size-variable target,9,False,Requires a joint-association and size-variable target,0,10,,False,,False
Retinopathy__06,,,,,,,not_applicable,1151,,,treemap,Treemap,Requires a meaningful hierarchy and part-to-whole target,11,False,Requires a meaningful hierarchy and part-to-whole target,0,12,,False,,False
Retinopathy__06,,,,,,,not_applicable,1151,,,choropleth,Choropleth map,Requires geographic identifiers and a geographic target,12,False,Requires geographic identifiers and a geographic target,0,13,,False,,False
Retinopathy__07,Binned,bins_4,10.0,11.187504437684467,99.13119026933101,True,qualifies,1151,0.7519312560786581,1.0,histogram,Histogram,Common bins with group probabilities,4,True,Implemented for the declared marginal comparison,5,5,1.0,True,1.0,True
Retinopathy__07,Binned,bins_4,10.0,11.187504437684467,99.13119026933101,True,qualifies,1151,0.7519312560786581,1.0,heatmap,Heatmap,Two-by-bin probability matrix with common bin boundaries,6,True,Implemented for the declared marginal comparison,5,7,2.0,False,1.0,True
Retinopathy__07,Five-number,five_number,10.0,12.68561999628951,99.13119026933101,True,qualifies,1151,0.8526221581477904,2.0,box,Box plot,Five-number summary; min–max whiskers,5,True,Implemented for the declared marginal comparison,1,6,3.0,False,3.0,False
Retinopathy__07,Five-number,five_number,10.0,12.68561999628951,99.13119026933101,True,qualifies,1151,0.8526221581477904,2.0,interval,Error-bar / interval plot,"Median dot, thick interquartile interval, thin min–max interval; not a confidence interval",14,True,Implemented for the declared marginal comparison,1,15,4.0,False,3.0,False
Retinopathy__07,Density,density_8,18.0,10.946219692062918,98.43614248479582,True,qualifies,1151,0.7357140967596686,4.0,violin,Violin plot,Sampled density on the declared grid,13,True,Implemented for the declared marginal comparison,6,14,5.0,False,5.0,False
Retinopathy__07,Observations,raw,1151.0,0.0,0.0,True,qualifies,1151,0.0,13.0,dot,Dot plot,Mean dots or all raw dots; report the chosen setting,10,True,Implemented for the declared marginal comparison,2,11,6.0,False,6.0,False
Retinopathy__07,Means,means,2.0,15.798349299226249,0.0,False,does_not_qualify,1151,1.0618340040627767,14.0,bar,Bar chart,Two group means,0,True,Implemented for the declared marginal comparison,1,1,7.0,False,7.0,False
Retinopathy__07,,,,,,,not_applicable,1151,,,line,Line chart,Requires an ordered-trend target; row order is not time,1,False,Requires an ordered-trend target; row order is not time,0,2,,False,,False
Retinopathy__07,,,,,,,not_applicable,1151,,,scatter,Scatter plot,"Requires a joint-association target, not marginal contrast",2,False,"Requires a joint-association target, not marginal contrast",0,3,,False,,False
Retinopathy__07,,,,,,,not_applicable,1151,,,pie,Pie chart,Requires a declared part-to-whole target,3,False,Requires a declared part-to-whole target,0,4,,False,,False
Retinopathy__07,,,,,,,not_applicable,1151,,,stacked_bar,Stacked bar chart,Requires a declared component-composition target,7,False,Requires a declared component-composition target,0,8,,False,,False
Retinopathy__07,,,,,,,not_applicable,1151,,,area,Area chart,Requires an ordered-trend or accumulation target,8,False,Requires an ordered-trend or accumulation target,0,9,,False,,False
Retinopathy__07,,,,,,,not_applicable,1151,,,bubble,Bubble chart,Requires a joint-association and size-variable target,9,False,Requires a joint-association and size-variable target,0,10,,False,,False
Retinopathy__07,,,,,,,not_applicable,1151,,,treemap,Treemap,Requires a meaningful hierarchy and part-to-whole target,11,False,Requires a meaningful hierarchy and part-to-whole target,0,12,,False,,False
Retinopathy__07,,,,,,,not_applicable,1151,,,choropleth,Choropleth map,Requires geographic identifiers and a geographic target,12,False,Requires geographic identifiers and a geographic target,0,13,,False,,False
Retinopathy__08,Binned,bins_4,10.0,3.9378642478972203,99.13119026933101,True,qualifies,1151,0.5062345503153337,1.0,histogram,Histogram,Common bins with group probabilities,4,True,Implemented for the declared marginal comparison,5,5,1.0,True,1.0,True
Retinopathy__08,Binned,bins_4,10.0,3.9378642478972203,99.13119026933101,True,qualifies,1151,0.5062345503153337,1.0,heatmap,Heatmap,Two-by-bin probability matrix with common bin boundaries,6,True,Implemented for the declared marginal comparison,5,7,2.0,False,1.0,True
Retinopathy__08,Density,density_8,18.0,3.0962227151470856,98.43614248479582,True,qualifies,1151,0.39803680757039556,3.0,violin,Violin plot,Sampled density on the declared grid,13,True,Implemented for the declared marginal comparison,6,14,3.0,False,3.0,False
Retinopathy__08,Observations,raw,1151.0,0.0,0.0,True,qualifies,1151,0.0,12.0,dot,Dot plot,Mean dots or all raw dots; report the chosen setting,10,True,Implemented for the declared marginal comparison,2,11,4.0,False,4.0,False
Retinopathy__08,Means,means,2.0,8.017589249551461,0.0,False,does_not_qualify,1151,1.0307060967190744,13.0,bar,Bar chart,Two group means,0,True,Implemented for the declared marginal comparison,1,1,5.0,False,5.0,False
Retinopathy__08,Five-number,five_number,10.0,20.818450950000038,0.0,False,does_not_qualify,1151,2.6763287130994495,14.0,box,Box plot,Five-number summary; min–max whiskers,5,True,Implemented for the declared marginal comparison,1,6,6.0,False,6.0,False
Retinopathy__08,Five-number,five_number,10.0,20.818450950000038,0.0,False,does_not_qualify,1151,2.6763287130994495,14.0,interval,Error-bar / interval plot,"Median dot, thick interquartile interval, thin min–max interval; not a confidence interval",14,True,Implemented for the declared marginal comparison,1,15,7.0,False,6.0,False
Retinopathy__08,,,,,,,not_applicable,1151,,,line,Line chart,Requires an ordered-trend target; row order is not time,1,False,Requires an ordered-trend target; row order is not time,0,2,,False,,False
Retinopathy__08,,,,,,,not_applicable,1151,,,scatter,Scatter plot,"Requires a joint-association target, not marginal contrast",2,False,"Requires a joint-association target, not marginal contrast",0,3,,False,,False
Retinopathy__08,,,,,,,not_applicable,1151,,,pie,Pie chart,Requires a declared part-to-whole target,3,False,Requires a declared part-to-whole target,0,4,,False,,False
Retinopathy__08,,,,,,,not_applicable,1151,,,stacked_bar,Stacked bar chart,Requires a declared component-composition target,7,False,Requires a declared component-composition target,0,8,,False,,False
Retinopathy__08,,,,,,,not_applicable,1151,,,area,Area chart,Requires an ordered-trend or accumulation target,8,False,Requires an ordered-trend or accumulation target,0,9,,False,,False
Retinopathy__08,,,,,,,not_applicable,1151,,,bubble,Bubble chart,Requires a joint-association and size-variable target,9,False,Requires a joint-association and size-variable target,0,10,,False,,False
Retinopathy__08,,,,,,,not_applicable,1151,,,treemap,Treemap,Requires a meaningful hierarchy and part-to-whole target,11,False,Requires a meaningful hierarchy and part-to-whole target,0,12,,False,,False
Retinopathy__08,,,,,,,not_applicable,1151,,,choropleth,Choropleth map,Requires geographic identifiers and a geographic target,12,False,Requires geographic identifiers and a geographic target,0,13,,False,,False
Retinopathy__09,Means,means,2.0,2.498252609688052,99.8262380538662,True,qualifies,1151,0.9652263670850996,1.0,bar,Bar chart,Two group means,0,True,Implemented for the declared marginal comparison,1,1,1.0,True,1.0,True
Retinopathy__09,Means,means,2.0,2.498252609688052,99.8262380538662,True,qualifies,1151,0.9652263670850996,1.0,dot,Dot plot,Mean dots or all raw dots; report the chosen setting,10,True,Implemented for the declared marginal comparison,2,11,2.0,False,1.0,True
Retinopathy__09,Density,density_16,34.0,1.0237387470011168,97.04604691572546,True,qualifies,1151,0.39553231237714004,2.0,violin,Violin plot,Sampled density on the declared grid,13,True,Implemented for the declared marginal comparison,6,14,3.0,False,3.0,False
Retinopathy__09,Binned,bins_16,34.0,1.04581666925254,97.04604691572546,True,qualifies,1151,0.4040623515752936,3.0,histogram,Histogram,Common bins with group probabilities,4,True,Implemented for the declared marginal comparison,5,5,4.0,False,4.0,False
Retinopathy__09,Binned,bins_16,34.0,1.04581666925254,97.04604691572546,True,qualifies,1151,0.4040623515752936,3.0,heatmap,Heatmap,Two-by-bin probability matrix with common bin boundaries,6,True,Implemented for the declared marginal comparison,5,7,5.0,False,4.0,False
Retinopathy__09,Five-number,five_number,10.0,18.251297855737697,0.0,False,does_not_qualify,1151,7.051582316202,14.0,box,Box plot,Five-number summary; min–max whiskers,5,True,Implemented for the declared marginal comparison,1,6,6.0,False,6.0,False
Retinopathy__09,Five-number,five_number,10.0,18.251297855737697,0.0,False,does_not_qualify,1151,7.051582316202,14.0,interval,Error-bar / interval plot,"Median dot, thick interquartile interval, thin min–max interval; not a confidence interval",14,True,Implemented for the declared marginal comparison,1,15,7.0,False,6.0,False
Retinopathy__09,,,,,,,not_applicable,1151,,,line,Line chart,Requires an ordered-trend target; row order is not time,1,False,Requires an ordered-trend target; row order is not time,0,2,,False,,False
Retinopathy__09,,,,,,,not_applicable,1151,,,scatter,Scatter plot,"Requires a joint-association target, not marginal contrast",2,False,"Requires a joint-association target, not marginal contrast",0,3,,False,,False
Retinopathy__09,,,,,,,not_applicable,1151,,,pie,Pie chart,Requires a declared part-to-whole target,3,False,Requires a declared part-to-whole target,0,4,,False,,False
Retinopathy__09,,,,,,,not_applicable,1151,,,stacked_bar,Stacked bar chart,Requires a declared component-composition target,7,False,Requires a declared component-composition target,0,8,,False,,False
Retinopathy__09,,,,,,,not_applicable,1151,,,area,Area chart,Requires an ordered-trend or accumulation target,8,False,Requires an ordered-trend or accumulation target,0,9,,False,,False
Retinopathy__09,,,,,,,not_applicable,1151,,,bubble,Bubble chart,Requires a joint-association and size-variable target,9,False,Requires a joint-association and size-variable target,0,10,,False,,False
Retinopathy__09,,,,,,,not_applicable,1151,,,treemap,Treemap,Requires a meaningful hierarchy and part-to-whole target,11,False,Requires a meaningful hierarchy and part-to-whole target,0,12,,False,,False
Retinopathy__09,,,,,,,not_applicable,1151,,,choropleth,Choropleth map,Requires geographic identifiers and a geographic target,12,False,Requires geographic identifiers and a geographic target,0,13,,False,,False
Retinopathy__10,Density,density_8,18.0,1.2135259882743177,98.43614248479582,True,qualifies,1151,0.7657381702248954,1.0,violin,Violin plot,Sampled density on the declared grid,13,True,Implemented for the declared marginal comparison,6,14,1.0,True,1.0,True
Retinopathy__10,Binned,bins_32,66.0,1.1762944326591722,94.2658557775847,True,qualifies,1151,0.7422449582567614,3.0,histogram,Histogram,Common bins with group probabilities,4,True,Implemented for the declared marginal comparison,5,5,2.0,False,2.0,False
Retinopathy__10,Binned,bins_32,66.0,1.1762944326591722,94.2658557775847,True,qualifies,1151,0.7422449582567614,3.0,heatmap,Heatmap,Two-by-bin probability matrix with common bin boundaries,6,True,Implemented for the declared marginal comparison,5,7,3.0,False,2.0,False
Retinopathy__10,Observations,raw,1151.0,0.0,0.0,True,qualifies,1151,0.0,8.0,dot,Dot plot,Mean dots or all raw dots; report the chosen setting,10,True,Implemented for the declared marginal comparison,2,11,4.0,False,4.0,False
Retinopathy__10,Means,means,2.0,2.596062257901488,0.0,False,does_not_qualify,1151,1.6381222836292735,10.0,bar,Bar chart,Two group means,0,True,Implemented for the declared marginal comparison,1,1,5.0,False,5.0,False
Retinopathy__10,Five-number,five_number,10.0,32.62994584999999,0.0,False,does_not_qualify,1151,20.589583800547604,14.0,box,Box plot,Five-number summary; min–max whiskers,5,True,Implemented for the declared marginal comparison,1,6,6.0,False,6.0,False
Retinopathy__10,Five-number,five_number,10.0,32.62994584999999,0.0,False,does_not_qualify,1151,20.589583800547604,14.0,interval,Error-bar / interval plot,"Median dot, thick interquartile interval, thin min–max interval; not a confidence interval",14,True,Implemented for the declared marginal comparison,1,15,7.0,False,6.0,False
Retinopathy__10,,,,,,,not_applicable,1151,,,line,Line chart,Requires an ordered-trend target; row order is not time,1,False,Requires an ordered-trend target; row order is not time,0,2,,False,,False
Retinopathy__10,,,,,,,not_applicable,1151,,,scatter,Scatter plot,"Requires a joint-association target, not marginal contrast",2,False,"Requires a joint-association target, not marginal contrast",0,3,,False,,False
Retinopathy__10,,,,,,,not_applicable,1151,,,pie,Pie chart,Requires a declared part-to-whole target,3,False,Requires a declared part-to-whole target,0,4,,False,,False
Retinopathy__10,,,,,,,not_applicable,1151,,,stacked_bar,Stacked bar chart,Requires a declared component-composition target,7,False,Requires a declared component-composition target,0,8,,False,,False
Retinopathy__10,,,,,,,not_applicable,1151,,,area,Area chart,Requires an ordered-trend or accumulation target,8,False,Requires an ordered-trend or accumulation target,0,9,,False,,False
Retinopathy__10,,,,,,,not_applicable,1151,,,bubble,Bubble chart,Requires a joint-association and size-variable target,9,False,Requires a joint-association and size-variable target,0,10,,False,,False
Retinopathy__10,,,,,,,not_applicable,1151,,,treemap,Treemap,Requires a meaningful hierarchy and part-to-whole target,11,False,Requires a meaningful hierarchy and part-to-whole target,0,12,,False,,False
Retinopathy__10,,,,,,,not_applicable,1151,,,choropleth,Choropleth map,Requires geographic identifiers and a geographic target,12,False,Requires geographic identifiers and a geographic target,0,13,,False,,False
Retinopathy__11,Density,density_32,66.0,0.36797105608437675,94.2658557775847,True,qualifies,1151,0.5456176996598153,1.0,violin,Violin plot,Sampled density on the declared grid,13,True,Implemented for the declared marginal comparison,6,14,1.0,True,1.0,True
Retinopathy__11,Binned,bins_32,66.0,0.5009289023218677,94.2658557775847,True,qualifies,1151,0.7427640594517352,2.0,histogram,Histogram,Common bins with group probabilities,4,True,Implemented for the declared marginal comparison,5,5,2.0,False,2.0,False
Retinopathy__11,Binned,bins_32,66.0,0.5009289023218677,94.2658557775847,True,qualifies,1151,0.7427640594517352,2.0,heatmap,Heatmap,Two-by-bin probability matrix with common bin boundaries,6,True,Implemented for the declared marginal comparison,5,7,3.0,False,2.0,False
Retinopathy__11,Observations,raw,1151.0,0.0,0.0,True,qualifies,1151,0.0,7.0,dot,Dot plot,Mean dots or all raw dots; report the chosen setting,10,True,Implemented for the declared marginal comparison,2,11,4.0,False,4.0,False
Retinopathy__11,Means,means,2.0,1.3028633403588532,0.0,False,does_not_qualify,1151,1.9318511252001769,9.0,bar,Bar chart,Two group means,0,True,Implemented for the declared marginal comparison,1,1,5.0,False,5.0,False
Retinopathy__11,Five-number,five_number,10.0,13.244553499999999,0.0,False,does_not_qualify,1151,19.63867183084723,14.0,box,Box plot,Five-number summary; min–max whiskers,5,True,Implemented for the declared marginal comparison,1,6,6.0,False,6.0,False
Retinopathy__11,Five-number,five_number,10.0,13.244553499999999,0.0,False,does_not_qualify,1151,19.63867183084723,14.0,interval,Error-bar / interval plot,"Median dot, thick interquartile interval, thin min–max interval; not a confidence interval",14,True,Implemented for the declared marginal comparison,1,15,7.0,False,6.0,False
Retinopathy__11,,,,,,,not_applicable,1151,,,line,Line chart,Requires an ordered-trend target; row order is not time,1,False,Requires an ordered-trend target; row order is not time,0,2,,False,,False
Retinopathy__11,,,,,,,not_applicable,1151,,,scatter,Scatter plot,"Requires a joint-association target, not marginal contrast",2,False,"Requires a joint-association target, not marginal contrast",0,3,,False,,False
Retinopathy__11,,,,,,,not_applicable,1151,,,pie,Pie chart,Requires a declared part-to-whole target,3,False,Requires a declared part-to-whole target,0,4,,False,,False
Retinopathy__11,,,,,,,not_applicable,1151,,,stacked_bar,Stacked bar chart,Requires a declared component-composition target,7,False,Requires a declared component-composition target,0,8,,False,,False
Retinopathy__11,,,,,,,not_applicable,1151,,,area,Area chart,Requires an ordered-trend or accumulation target,8,False,Requires an ordered-trend or accumulation target,0,9,,False,,False
Retinopathy__11,,,,,,,not_applicable,1151,,,bubble,Bubble chart,Requires a joint-association and size-variable target,9,False,Requires a joint-association and size-variable target,0,10,,False,,False
Retinopathy__11,,,,,,,not_applicable,1151,,,treemap,Treemap,Requires a meaningful hierarchy and part-to-whole target,11,False,Requires a meaningful hierarchy and part-to-whole target,0,12,,False,,False
Retinopathy__11,,,,,,,not_applicable,1151,,,choropleth,Choropleth map,Requires geographic identifiers and a geographic target,12,False,Requires geographic identifiers and a geographic target,0,13,,False,,False
Retinopathy__12,Binned,bins_16,34.0,0.35060151902427106,97.04604691572546,True,qualifies,1151,0.9555080970447304,1.0,histogram,Histogram,Common bins with group probabilities,4,True,Implemented for the declared marginal comparison,5,5,1.0,True,1.0,True
Retinopathy__12,Binned,bins_16,34.0,0.35060151902427106,97.04604691572546,True,qualifies,1151,0.9555080970447304,1.0,heatmap,Heatmap,Two-by-bin probability matrix with common bin boundaries,6,True,Implemented for the declared marginal comparison,5,7,2.0,False,1.0,True
Retinopathy__12,Density,density_64,130.0,0.26860564197360254,88.70547350130322,True,qualifies,1151,0.7320415112060815,4.0,violin,Violin plot,Sampled density on the declared grid,13,True,Implemented for the declared marginal comparison,6,14,3.0,False,3.0,False
Retinopathy__12,Observations,raw,1151.0,0.0,0.0,True,qualifies,1151,0.0,7.0,dot,Dot plot,Mean dots or all raw dots; report the chosen setting,10,True,Implemented for the declared marginal comparison,2,11,4.0,False,4.0,False
Retinopathy__12,Means,means,2.0,0.7761635096653938,0.0,False,does_not_qualify,1151,2.115308913035824,12.0,bar,Bar chart,Two group means,0,True,Implemented for the declared marginal comparison,1,1,5.0,False,5.0,False
Retinopathy__12,Five-number,five_number,10.0,3.4382029475409843,0.0,False,does_not_qualify,1151,9.37026960066035,14.0,box,Box plot,Five-number summary; min–max whiskers,5,True,Implemented for the declared marginal comparison,1,6,6.0,False,6.0,False
Retinopathy__12,Five-number,five_number,10.0,3.4382029475409843,0.0,False,does_not_qualify,1151,9.37026960066035,14.0,interval,Error-bar / interval plot,"Median dot, thick interquartile interval, thin min–max interval; not a confidence interval",14,True,Implemented for the declared marginal comparison,1,15,7.0,False,6.0,False
Retinopathy__12,,,,,,,not_applicable,1151,,,line,Line chart,Requires an ordered-trend target; row order is not time,1,False,Requires an ordered-trend target; row order is not time,0,2,,False,,False
Retinopathy__12,,,,,,,not_applicable,1151,,,scatter,Scatter plot,"Requires a joint-association target, not marginal contrast",2,False,"Requires a joint-association target, not marginal contrast",0,3,,False,,False
Retinopathy__12,,,,,,,not_applicable,1151,,,pie,Pie chart,Requires a declared part-to-whole target,3,False,Requires a declared part-to-whole target,0,4,,False,,False
Retinopathy__12,,,,,,,not_applicable,1151,,,stacked_bar,Stacked bar chart,Requires a declared component-composition target,7,False,Requires a declared component-composition target,0,8,,False,,False
Retinopathy__12,,,,,,,not_applicable,1151,,,area,Area chart,Requires an ordered-trend or accumulation target,8,False,Requires an ordered-trend or accumulation target,0,9,,False,,False
Retinopathy__12,,,,,,,not_applicable,1151,,,bubble,Bubble chart,Requires a joint-association and size-variable target,9,False,Requires a joint-association and size-variable target,0,10,,False,,False
Retinopathy__12,,,,,,,not_applicable,1151,,,treemap,Treemap,Requires a meaningful hierarchy and part-to-whole target,11,False,Requires a meaningful hierarchy and part-to-whole target,0,12,,False,,False
Retinopathy__12,,,,,,,not_applicable,1151,,,choropleth,Choropleth map,Requires geographic identifiers and a geographic target,12,False,Requires geographic identifiers and a geographic target,0,13,,False,,False
Retinopathy__13,Binned,bins_32,66.0,0.0821203822615707,94.2658557775847,True,qualifies,1151,0.5904492010646311,1.0,histogram,Histogram,Common bins with group probabilities,4,True,Implemented for the declared marginal comparison,5,5,1.0,True,1.0,True
Retinopathy__13,Binned,bins_32,66.0,0.0821203822615707,94.2658557775847,True,qualifies,1151,0.5904492010646311,1.0,heatmap,Heatmap,Two-by-bin probability matrix with common bin boundaries,6,True,Implemented for the declared marginal comparison,5,7,2.0,False,1.0,True
Retinopathy__13,Density,density_128,258.0,0.1190013611884955,77.58470894874023,True,qualifies,1151,0.8556250799654623,3.0,violin,Violin plot,Sampled density on the declared grid,13,True,Implemented for the declared marginal comparison,6,14,3.0,False,3.0,False
Retinopathy__13,Observations,raw,1151.0,0.0,0.0,True,qualifies,1151,0.0,5.0,dot,Dot plot,Mean dots or all raw dots; report the chosen setting,10,True,Implemented for the declared marginal comparison,2,11,4.0,False,4.0,False
Retinopathy__13,Means,means,2.0,0.29880760961993086,0.0,False,does_not_qualify,1151,2.148440003727106,11.0,bar,Bar chart,Two group means,0,True,Implemented for the declared marginal comparison,1,1,5.0,False,5.0,False
Retinopathy__13,Five-number,five_number,10.0,1.9602826999999996,0.0,False,does_not_qualify,1151,14.09451980373282,14.0,box,Box plot,Five-number summary; min–max whiskers,5,True,Implemented for the declared marginal comparison,1,6,6.0,False,6.0,False
Retinopathy__13,Five-number,five_number,10.0,1.9602826999999996,0.0,False,does_not_qualify,1151,14.09451980373282,14.0,interval,Error-bar / interval plot,"Median dot, thick interquartile interval, thin min–max interval; not a confidence interval",14,True,Implemented for the declared marginal comparison,1,15,7.0,False,6.0,False
Retinopathy__13,,,,,,,not_applicable,1151,,,line,Line chart,Requires an ordered-trend target; row order is not time,1,False,Requires an ordered-trend target; row order is not time,0,2,,False,,False
Retinopathy__13,,,,,,,not_applicable,1151,,,scatter,Scatter plot,"Requires a joint-association target, not marginal contrast",2,False,"Requires a joint-association target, not marginal contrast",0,3,,False,,False
Retinopathy__13,,,,,,,not_applicable,1151,,,pie,Pie chart,Requires a declared part-to-whole target,3,False,Requires a declared part-to-whole target,0,4,,False,,False
Retinopathy__13,,,,,,,not_applicable,1151,,,stacked_bar,Stacked bar chart,Requires a declared component-composition target,7,False,Requires a declared component-composition target,0,8,,False,,False
Retinopathy__13,,,,,,,not_applicable,1151,,,area,Area chart,Requires an ordered-trend or accumulation target,8,False,Requires an ordered-trend or accumulation target,0,9,,False,,False
Retinopathy__13,,,,,,,not_applicable,1151,,,bubble,Bubble chart,Requires a joint-association and size-variable target,9,False,Requires a joint-association and size-variable target,0,10,,False,,False
Retinopathy__13,,,,,,,not_applicable,1151,,,treemap,Treemap,Requires a meaningful hierarchy and part-to-whole target,11,False,Requires a meaningful hierarchy and part-to-whole target,0,12,,False,,False
Retinopathy__13,,,,,,,not_applicable,1151,,,choropleth,Choropleth map,Requires geographic identifiers and a geographic target,12,False,Requires geographic identifiers and a geographic target,0,13,,False,,False
Retinopathy__14,Means,means,2.0,0.00652002302429644,99.8262380538662,True,qualifies,1151,0.7191884762472139,1.0,bar,Bar chart,Two group means,0,True,Implemented for the declared marginal comparison,1,1,1.0,True,1.0,True
Retinopathy__14,Means,means,2.0,0.00652002302429644,99.8262380538662,True,qualifies,1151,0.7191884762472139,1.0,dot,Dot plot,Mean dots or all raw dots; report the chosen setting,10,True,Implemented for the declared marginal comparison,2,11,2.0,False,1.0,True
Retinopathy__14,Binned,bins_4,10.0,0.005500344751744435,99.13119026933101,True,qualifies,1151,0.6067132809348169,2.0,histogram,Histogram,Common bins with group probabilities,4,True,Implemented for the declared marginal comparison,5,5,3.0,False,3.0,False
Retinopathy__14,Binned,bins_4,10.0,0.005500344751744435,99.13119026933101,True,qualifies,1151,0.6067132809348169,2.0,heatmap,Heatmap,Two-by-bin probability matrix with common bin boundaries,6,True,Implemented for the declared marginal comparison,5,7,4.0,False,3.0,False
Retinopathy__14,Density,density_8,18.0,0.006144804803129955,98.43614248479582,True,qualifies,1151,0.6778001836391471,4.0,violin,Violin plot,Sampled density on the declared grid,13,True,Implemented for the declared marginal comparison,6,14,5.0,False,5.0,False
Retinopathy__14,Five-number,five_number,10.0,0.04011600000000004,0.0,False,does_not_qualify,1151,4.424978992500797,14.0,box,Box plot,Five-number summary; min–max whiskers,5,True,Implemented for the declared marginal comparison,1,6,6.0,False,6.0,False
Retinopathy__14,Five-number,five_number,10.0,0.04011600000000004,0.0,False,does_not_qualify,1151,4.424978992500797,14.0,interval,Error-bar / interval plot,"Median dot, thick interquartile interval, thin min–max interval; not a confidence interval",14,True,Implemented for the declared marginal comparison,1,15,7.0,False,6.0,False
Retinopathy__14,,,,,,,not_applicable,1151,,,line,Line chart,Requires an ordered-trend target; row order is not time,1,False,Requires an ordered-trend target; row order is not time,0,2,,False,,False
Retinopathy__14,,,,,,,not_applicable,1151,,,scatter,Scatter plot,"Requires a joint-association target, not marginal contrast",2,False,"Requires a joint-association target, not marginal contrast",0,3,,False,,False
Retinopathy__14,,,,,,,not_applicable,1151,,,pie,Pie chart,Requires a declared part-to-whole target,3,False,Requires a declared part-to-whole target,0,4,,False,,False
Retinopathy__14,,,,,,,not_applicable,1151,,,stacked_bar,Stacked bar chart,Requires a declared component-composition target,7,False,Requires a declared component-composition target,0,8,,False,,False
Retinopathy__14,,,,,,,not_applicable,1151,,,area,Area chart,Requires an ordered-trend or accumulation target,8,False,Requires an ordered-trend or accumulation target,0,9,,False,,False
Retinopathy__14,,,,,,,not_applicable,1151,,,bubble,Bubble chart,Requires a joint-association and size-variable target,9,False,Requires a joint-association and size-variable target,0,10,,False,,False
Retinopathy__14,,,,,,,not_applicable,1151,,,treemap,Treemap,Requires a meaningful hierarchy and part-to-whole target,11,False,Requires a meaningful hierarchy and part-to-whole target,0,12,,False,,False
Retinopathy__14,,,,,,,not_applicable,1151,,,choropleth,Choropleth map,Requires geographic identifiers and a geographic target,12,False,Requires geographic identifiers and a geographic target,0,13,,False,,False
Retinopathy__15,Means,means,2.0,0.0033459383909841545,99.8262380538662,True,qualifies,1151,0.5121994423708007,1.0,bar,Bar chart,Two group means,0,True,Implemented for the declared marginal comparison,1,1,1.0,True,1.0,True
Retinopathy__15,Means,means,2.0,0.0033459383909841545,99.8262380538662,True,qualifies,1151,0.5121994423708007,1.0,dot,Dot plot,Mean dots or all raw dots; report the chosen setting,10,True,Implemented for the declared marginal comparison,2,11,2.0,False,1.0,True
Retinopathy__15,Binned,bins_4,10.0,0.0033050104697886634,99.13119026933101,True,qualifies,1151,0.5059341571311761,2.0,histogram,Histogram,Common bins with group probabilities,4,True,Implemented for the declared marginal comparison,5,5,3.0,False,3.0,False
Retinopathy__15,Binned,bins_4,10.0,0.0033050104697886634,99.13119026933101,True,qualifies,1151,0.5059341571311761,2.0,heatmap,Heatmap,Two-by-bin probability matrix with common bin boundaries,6,True,Implemented for the declared marginal comparison,5,7,4.0,False,3.0,False
Retinopathy__15,Density,density_8,18.0,0.003137083346547276,98.43614248479582,True,qualifies,1151,0.480227712829949,4.0,violin,Violin plot,Sampled density on the declared grid,13,True,Implemented for the declared marginal comparison,6,14,5.0,False,5.0,False
Retinopathy__15,Five-number,five_number,10.0,0.0182686262295082,0.0,False,does_not_qualify,1151,2.7965787394197714,14.0,box,Box plot,Five-number summary; min–max whiskers,5,True,Implemented for the declared marginal comparison,1,6,6.0,False,6.0,False
Retinopathy__15,Five-number,five_number,10.0,0.0182686262295082,0.0,False,does_not_qualify,1151,2.7965787394197714,14.0,interval,Error-bar / interval plot,"Median dot, thick interquartile interval, thin min–max interval; not a confidence interval",14,True,Implemented for the declared marginal comparison,1,15,7.0,False,6.0,False
Retinopathy__15,,,,,,,not_applicable,1151,,,line,Line chart,Requires an ordered-trend target; row order is not time,1,False,Requires an ordered-trend target; row order is not time,0,2,,False,,False
Retinopathy__15,,,,,,,not_applicable,1151,,,scatter,Scatter plot,"Requires a joint-association target, not marginal contrast",2,False,"Requires a joint-association target, not marginal contrast",0,3,,False,,False
Retinopathy__15,,,,,,,not_applicable,1151,,,pie,Pie chart,Requires a declared part-to-whole target,3,False,Requires a declared part-to-whole target,0,4,,False,,False
Retinopathy__15,,,,,,,not_applicable,1151,,,stacked_bar,Stacked bar chart,Requires a declared component-composition target,7,False,Requires a declared component-composition target,0,8,,False,,False
Retinopathy__15,,,,,,,not_applicable,1151,,,area,Area chart,Requires an ordered-trend or accumulation target,8,False,Requires an ordered-trend or accumulation target,0,9,,False,,False
Retinopathy__15,,,,,,,not_applicable,1151,,,bubble,Bubble chart,Requires a joint-association and size-variable target,9,False,Requires a joint-association and size-variable target,0,10,,False,,False
Retinopathy__15,,,,,,,not_applicable,1151,,,treemap,Treemap,Requires a meaningful hierarchy and part-to-whole target,11,False,Requires a meaningful hierarchy and part-to-whole target,0,12,,False,,False
Retinopathy__15,,,,,,,not_applicable,1151,,,choropleth,Choropleth map,Requires geographic identifiers and a geographic target,12,False,Requires geographic identifiers and a geographic target,0,13,,False,,False
HAR__00,Five-number,five_number,10.0,0.00455206586206891,83.33333333333334,True,qualifies,60,0.5647833006799641,1.0,box,Box plot,Five-number summary; min–max whiskers,5,True,Implemented for the declared marginal comparison,1,6,1.0,True,1.0,True
HAR__00,Five-number,five_number,10.0,0.00455206586206891,83.33333333333334,True,qualifies,60,0.5647833006799641,1.0,interval,Error-bar / interval plot,"Median dot, thick interquartile interval, thin min–max interval; not a confidence interval",14,True,Implemented for the declared marginal comparison,1,15,2.0,False,1.0,True
HAR__00,Binned,bins_4,10.0,0.005424954000000037,83.33333333333334,True,qualifies,60,0.6730841598070473,2.0,histogram,Histogram,Common bins with group probabilities,4,True,Implemented for the declared marginal comparison,5,5,3.0,False,3.0,False
HAR__00,Binned,bins_4,10.0,0.005424954000000037,83.33333333333334,True,qualifies,60,0.6730841598070473,2.0,heatmap,Heatmap,Two-by-bin probability matrix with common bin boundaries,6,True,Implemented for the declared marginal comparison,5,7,4.0,False,3.0,False
HAR__00,Density,density_8,18.0,0.006714940973745587,70.0,True,qualifies,60,0.8331352493435765,4.0,violin,Violin plot,Sampled density on the declared grid,13,True,Implemented for the declared marginal comparison,6,14,5.0,False,5.0,False
HAR__00,Observations,raw,60.0,0.0,0.0,True,qualifies,60,0.0,7.0,dot,Dot plot,Mean dots or all raw dots; report the chosen setting,10,True,Implemented for the declared marginal comparison,2,11,6.0,False,6.0,False
HAR__00,Means,means,2.0,0.009648834666666661,0.0,False,does_not_qualify,60,1.197148911259044,14.0,bar,Bar chart,Two group means,0,True,Implemented for the declared marginal comparison,1,1,7.0,False,7.0,False
HAR__00,,,,,,,not_applicable,60,,,line,Line chart,Requires an ordered-trend target; row order is not time,1,False,Requires an ordered-trend target; row order is not time,0,2,,False,,False
HAR__00,,,,,,,not_applicable,60,,,scatter,Scatter plot,"Requires a joint-association target, not marginal contrast",2,False,"Requires a joint-association target, not marginal contrast",0,3,,False,,False
HAR__00,,,,,,,not_applicable,60,,,pie,Pie chart,Requires a declared part-to-whole target,3,False,Requires a declared part-to-whole target,0,4,,False,,False
HAR__00,,,,,,,not_applicable,60,,,stacked_bar,Stacked bar chart,Requires a declared component-composition target,7,False,Requires a declared component-composition target,0,8,,False,,False
HAR__00,,,,,,,not_applicable,60,,,area,Area chart,Requires an ordered-trend or accumulation target,8,False,Requires an ordered-trend or accumulation target,0,9,,False,,False
HAR__00,,,,,,,not_applicable,60,,,bubble,Bubble chart,Requires a joint-association and size-variable target,9,False,Requires a joint-association and size-variable target,0,10,,False,,False
HAR__00,,,,,,,not_applicable,60,,,treemap,Treemap,Requires a meaningful hierarchy and part-to-whole target,11,False,Requires a meaningful hierarchy and part-to-whole target,0,12,,False,,False
HAR__00,,,,,,,not_applicable,60,,,choropleth,Choropleth map,Requires geographic identifiers and a geographic target,12,False,Requires geographic identifiers and a geographic target,0,13,,False,,False
HAR__01,Means,means,2.0,0.0018984744500000032,96.66666666666667,True,qualifies,60,0.7200225472301905,1.0,bar,Bar chart,Two group means,0,True,Implemented for the declared marginal comparison,1,1,1.0,True,1.0,True
HAR__01,Means,means,2.0,0.0018984744500000032,96.66666666666667,True,qualifies,60,0.7200225472301905,1.0,dot,Dot plot,Mean dots or all raw dots; report the chosen setting,10,True,Implemented for the declared marginal comparison,2,11,2.0,False,1.0,True
HAR__01,Five-number,five_number,10.0,0.0008069993793103428,83.33333333333334,True,qualifies,60,0.3060656142642398,2.0,box,Box plot,Five-number summary; min–max whiskers,5,True,Implemented for the declared marginal comparison,1,6,3.0,False,3.0,False
HAR__01,Five-number,five_number,10.0,0.0008069993793103428,83.33333333333334,True,qualifies,60,0.3060656142642398,2.0,interval,Error-bar / interval plot,"Median dot, thick interquartile interval, thin min–max interval; not a confidence interval",14,True,Implemented for the declared marginal comparison,1,15,4.0,False,3.0,False
HAR__01,Binned,bins_4,10.0,0.0008819760291666687,83.33333333333334,True,qualifies,60,0.3345015399688695,3.0,histogram,Histogram,Common bins with group probabilities,4,True,Implemented for the declared marginal comparison,5,5,5.0,False,5.0,False
HAR__01,Binned,bins_4,10.0,0.0008819760291666687,83.33333333333334,True,qualifies,60,0.3345015399688695,3.0,heatmap,Heatmap,Two-by-bin probability matrix with common bin boundaries,6,True,Implemented for the declared marginal comparison,5,7,6.0,False,5.0,False
HAR__01,Density,density_8,18.0,0.001099845458562029,70.0,True,qualifies,60,0.41713151769484585,5.0,violin,Violin plot,Sampled density on the declared grid,13,True,Implemented for the declared marginal comparison,6,14,7.0,False,7.0,False
HAR__01,,,,,,,not_applicable,60,,,line,Line chart,Requires an ordered-trend target; row order is not time,1,False,Requires an ordered-trend target; row order is not time,0,2,,False,,False
HAR__01,,,,,,,not_applicable,60,,,scatter,Scatter plot,"Requires a joint-association target, not marginal contrast",2,False,"Requires a joint-association target, not marginal contrast",0,3,,False,,False
HAR__01,,,,,,,not_applicable,60,,,pie,Pie chart,Requires a declared part-to-whole target,3,False,Requires a declared part-to-whole target,0,4,,False,,False
HAR__01,,,,,,,not_applicable,60,,,stacked_bar,Stacked bar chart,Requires a declared component-composition target,7,False,Requires a declared component-composition target,0,8,,False,,False
HAR__01,,,,,,,not_applicable,60,,,area,Area chart,Requires an ordered-trend or accumulation target,8,False,Requires an ordered-trend or accumulation target,0,9,,False,,False
HAR__01,,,,,,,not_applicable,60,,,bubble,Bubble chart,Requires a joint-association and size-variable target,9,False,Requires a joint-association and size-variable target,0,10,,False,,False
HAR__01,,,,,,,not_applicable,60,,,treemap,Treemap,Requires a meaningful hierarchy and part-to-whole target,11,False,Requires a meaningful hierarchy and part-to-whole target,0,12,,False,,False
HAR__01,,,,,,,not_applicable,60,,,choropleth,Choropleth map,Requires geographic identifiers and a geographic target,12,False,Requires geographic identifiers and a geographic target,0,13,,False,,False
HAR__02,Means,means,2.0,0.006352167083333346,96.66666666666667,True,qualifies,60,0.817774001714674,1.0,bar,Bar chart,Two group means,0,True,Implemented for the declared marginal comparison,1,1,1.0,True,1.0,True
HAR__02,Means,means,2.0,0.006352167083333346,96.66666666666667,True,qualifies,60,0.817774001714674,1.0,dot,Dot plot,Mean dots or all raw dots; report the chosen setting,10,True,Implemented for the declared marginal comparison,2,11,2.0,False,1.0,True
HAR__02,Five-number,five_number,10.0,0.004159526249999976,83.33333333333334,True,qualifies,60,0.5354947976139699,2.0,box,Box plot,Five-number summary; min–max whiskers,5,True,Implemented for the declared marginal comparison,1,6,3.0,False,3.0,False
HAR__02,Five-number,five_number,10.0,0.004159526249999976,83.33333333333334,True,qualifies,60,0.5354947976139699,2.0,interval,Error-bar / interval plot,"Median dot, thick interquartile interval, thin min–max interval; not a confidence interval",14,True,Implemented for the declared marginal comparison,1,15,4.0,False,3.0,False
HAR__02,Binned,bins_4,10.0,0.005080799758620691,83.33333333333334,True,qualifies,60,0.6540989706363098,3.0,histogram,Histogram,Common bins with group probabilities,4,True,Implemented for the declared marginal comparison,5,5,5.0,False,5.0,False
HAR__02,Binned,bins_4,10.0,0.005080799758620691,83.33333333333334,True,qualifies,60,0.6540989706363098,3.0,heatmap,Heatmap,Two-by-bin probability matrix with common bin boundaries,6,True,Implemented for the declared marginal comparison,5,7,6.0,False,5.0,False
HAR__02,Density,density_8,18.0,0.0022472129655749795,70.0,True,qualifies,60,0.28930478613906324,5.0,violin,Violin plot,Sampled density on the declared grid,13,True,Implemented for the declared marginal comparison,6,14,7.0,False,7.0,False
HAR__02,,,,,,,not_applicable,60,,,line,Line chart,Requires an ordered-trend target; row order is not time,1,False,Requires an ordered-trend target; row order is not time,0,2,,False,,False
HAR__02,,,,,,,not_applicable,60,,,scatter,Scatter plot,"Requires a joint-association target, not marginal contrast",2,False,"Requires a joint-association target, not marginal contrast",0,3,,False,,False
HAR__02,,,,,,,not_applicable,60,,,pie,Pie chart,Requires a declared part-to-whole target,3,False,Requires a declared part-to-whole target,0,4,,False,,False
HAR__02,,,,,,,not_applicable,60,,,stacked_bar,Stacked bar chart,Requires a declared component-composition target,7,False,Requires a declared component-composition target,0,8,,False,,False
HAR__02,,,,,,,not_applicable,60,,,area,Area chart,Requires an ordered-trend or accumulation target,8,False,Requires an ordered-trend or accumulation target,0,9,,False,,False
HAR__02,,,,,,,not_applicable,60,,,bubble,Bubble chart,Requires a joint-association and size-variable target,9,False,Requires a joint-association and size-variable target,0,10,,False,,False
HAR__02,,,,,,,not_applicable,60,,,treemap,Treemap,Requires a meaningful hierarchy and part-to-whole target,11,False,Requires a meaningful hierarchy and part-to-whole target,0,12,,False,,False
HAR__02,,,,,,,not_applicable,60,,,choropleth,Choropleth map,Requires geographic identifiers and a geographic target,12,False,Requires geographic identifiers and a geographic target,0,13,,False,,False
HAR__03,Five-number,five_number,10.0,0.0980822242499998,83.33333333333334,True,qualifies,60,0.615022345440999,1.0,box,Box plot,Five-number summary; min–max whiskers,5,True,Implemented for the declared marginal comparison,1,6,1.0,True,1.0,True
HAR__03,Five-number,five_number,10.0,0.0980822242499998,83.33333333333334,True,qualifies,60,0.615022345440999,1.0,interval,Error-bar / interval plot,"Median dot, thick interquartile interval, thin min–max interval; not a confidence interval",14,True,Implemented for the declared marginal comparison,1,15,2.0,False,1.0,True
HAR__03,Density,density_8,18.0,0.09515356433189359,70.0,True,qualifies,60,0.5966582503605112,2.0,violin,Violin plot,Sampled density on the declared grid,13,True,Implemented for the declared marginal comparison,6,14,3.0,False,3.0,False
HAR__03,Binned,bins_8,18.0,0.11064013326431021,70.0,True,qualifies,60,0.6937664268978984,3.0,histogram,Histogram,Common bins with group probabilities,4,True,Implemented for the declared marginal comparison,5,5,4.0,False,4.0,False
HAR__03,Binned,bins_8,18.0,0.11064013326431021,70.0,True,qualifies,60,0.6937664268978984,3.0,heatmap,Heatmap,Two-by-bin probability matrix with common bin boundaries,6,True,Implemented for the declared marginal comparison,5,7,5.0,False,4.0,False
HAR__03,Observations,raw,60.0,0.0,0.0,True,qualifies,60,0.0,6.0,dot,Dot plot,Mean dots or all raw dots; report the chosen setting,10,True,Implemented for the declared marginal comparison,2,11,6.0,False,6.0,False
HAR__03,Means,means,2.0,0.21980884311833326,0.0,False,does_not_qualify,60,1.3783063269317142,14.0,bar,Bar chart,Two group means,0,True,Implemented for the declared marginal comparison,1,1,7.0,False,7.0,False
HAR__03,,,,,,,not_applicable,60,,,line,Line chart,Requires an ordered-trend target; row order is not time,1,False,Requires an ordered-trend target; row order is not time,0,2,,False,,False
HAR__03,,,,,,,not_applicable,60,,,scatter,Scatter plot,"Requires a joint-association target, not marginal contrast",2,False,"Requires a joint-association target, not marginal contrast",0,3,,False,,False
HAR__03,,,,,,,not_applicable,60,,,pie,Pie chart,Requires a declared part-to-whole target,3,False,Requires a declared part-to-whole target,0,4,,False,,False
HAR__03,,,,,,,not_applicable,60,,,stacked_bar,Stacked bar chart,Requires a declared component-composition target,7,False,Requires a declared component-composition target,0,8,,False,,False
HAR__03,,,,,,,not_applicable,60,,,area,Area chart,Requires an ordered-trend or accumulation target,8,False,Requires an ordered-trend or accumulation target,0,9,,False,,False
HAR__03,,,,,,,not_applicable,60,,,bubble,Bubble chart,Requires a joint-association and size-variable target,9,False,Requires a joint-association and size-variable target,0,10,,False,,False
HAR__03,,,,,,,not_applicable,60,,,treemap,Treemap,Requires a meaningful hierarchy and part-to-whole target,11,False,Requires a meaningful hierarchy and part-to-whole target,0,12,,False,,False
HAR__03,,,,,,,not_applicable,60,,,choropleth,Choropleth map,Requires geographic identifiers and a geographic target,12,False,Requires geographic identifiers and a geographic target,0,13,,False,,False
HAR__04,Five-number,five_number,10.0,0.10583181718965551,83.33333333333334,True,qualifies,60,0.4631706433265678,1.0,box,Box plot,Five-number summary; min–max whiskers,5,True,Implemented for the declared marginal comparison,1,6,1.0,True,1.0,True
HAR__04,Five-number,five_number,10.0,0.10583181718965551,83.33333333333334,True,qualifies,60,0.4631706433265678,1.0,interval,Error-bar / interval plot,"Median dot, thick interquartile interval, thin min–max interval; not a confidence interval",14,True,Implemented for the declared marginal comparison,1,15,2.0,False,1.0,True
HAR__04,Density,density_8,18.0,0.12560878950935617,70.0,True,qualifies,60,0.5497241320184622,2.0,violin,Violin plot,Sampled density on the declared grid,13,True,Implemented for the declared marginal comparison,6,14,3.0,False,3.0,False
HAR__04,Binned,bins_8,18.0,0.15016817650000003,70.0,True,qualifies,60,0.6572077543754118,3.0,histogram,Histogram,Common bins with group probabilities,4,True,Implemented for the declared marginal comparison,5,5,4.0,False,4.0,False
HAR__04,Binned,bins_8,18.0,0.15016817650000003,70.0,True,qualifies,60,0.6572077543754118,3.0,heatmap,Heatmap,Two-by-bin probability matrix with common bin boundaries,6,True,Implemented for the declared marginal comparison,5,7,5.0,False,4.0,False
HAR__04,Observations,raw,60.0,0.0,0.0,True,qualifies,60,0.0,6.0,dot,Dot plot,Mean dots or all raw dots; report the chosen setting,10,True,Implemented for the declared marginal comparison,2,11,6.0,False,6.0,False
HAR__04,Means,means,2.0,0.28769252306666604,0.0,False,does_not_qualify,60,1.2590800623808593,14.0,bar,Bar chart,Two group means,0,True,Implemented for the declared marginal comparison,1,1,7.0,False,7.0,False
HAR__04,,,,,,,not_applicable,60,,,line,Line chart,Requires an ordered-trend target; row order is not time,1,False,Requires an ordered-trend target; row order is not time,0,2,,False,,False
HAR__04,,,,,,,not_applicable,60,,,scatter,Scatter plot,"Requires a joint-association target, not marginal contrast",2,False,"Requires a joint-association target, not marginal contrast",0,3,,False,,False
HAR__04,,,,,,,not_applicable,60,,,pie,Pie chart,Requires a declared part-to-whole target,3,False,Requires a declared part-to-whole target,0,4,,False,,False
HAR__04,,,,,,,not_applicable,60,,,stacked_bar,Stacked bar chart,Requires a declared component-composition target,7,False,Requires a declared component-composition target,0,8,,False,,False
HAR__04,,,,,,,not_applicable,60,,,area,Area chart,Requires an ordered-trend or accumulation target,8,False,Requires an ordered-trend or accumulation target,0,9,,False,,False
HAR__04,,,,,,,not_applicable,60,,,bubble,Bubble chart,Requires a joint-association and size-variable target,9,False,Requires a joint-association and size-variable target,0,10,,False,,False
HAR__04,,,,,,,not_applicable,60,,,treemap,Treemap,Requires a meaningful hierarchy and part-to-whole target,11,False,Requires a meaningful hierarchy and part-to-whole target,0,12,,False,,False
HAR__04,,,,,,,not_applicable,60,,,choropleth,Choropleth map,Requires geographic identifiers and a geographic target,12,False,Requires geographic identifiers and a geographic target,0,13,,False,,False
HAR__05,Five-number,five_number,10.0,0.07701961177586214,83.33333333333334,True,qualifies,60,0.3695460753761255,1.0,box,Box plot,Five-number summary; min–max whiskers,5,True,Implemented for the declared marginal comparison,1,6,1.0,True,1.0,True
HAR__05,Five-number,five_number,10.0,0.07701961177586214,83.33333333333334,True,qualifies,60,0.3695460753761255,1.0,interval,Error-bar / interval plot,"Median dot, thick interquartile interval, thin min–max interval; not a confidence interval",14,True,Implemented for the declared marginal comparison,1,15,2.0,False,1.0,True
HAR__05,Binned,bins_8,18.0,0.099603703175,70.0,True,qualifies,60,0.47790629883161023,2.0,histogram,Histogram,Common bins with group probabilities,4,True,Implemented for the declared marginal comparison,5,5,3.0,False,3.0,False
HAR__05,Binned,bins_8,18.0,0.099603703175,70.0,True,qualifies,60,0.47790629883161023,2.0,heatmap,Heatmap,Two-by-bin probability matrix with common bin boundaries,6,True,Implemented for the declared marginal comparison,5,7,4.0,False,3.0,False
HAR__05,Density,density_16,34.0,0.08278596566872543,43.333333333333336,True,qualifies,60,0.39721348892449265,4.0,violin,Violin plot,Sampled density on the declared grid,13,True,Implemented for the declared marginal comparison,6,14,5.0,False,5.0,False
HAR__05,Observations,raw,60.0,0.0,0.0,True,qualifies,60,0.0,5.0,dot,Dot plot,Mean dots or all raw dots; report the chosen setting,10,True,Implemented for the declared marginal comparison,2,11,6.0,False,6.0,False
HAR__05,Means,means,2.0,0.3430435930333333,0.0,False,does_not_qualify,60,1.6459497855859462,14.0,bar,Bar chart,Two group means,0,True,Implemented for the declared marginal comparison,1,1,7.0,False,7.0,False
HAR__05,,,,,,,not_applicable,60,,,line,Line chart,Requires an ordered-trend target; row order is not time,1,False,Requires an ordered-trend target; row order is not time,0,2,,False,,False
HAR__05,,,,,,,not_applicable,60,,,scatter,Scatter plot,"Requires a joint-association target, not marginal contrast",2,False,"Requires a joint-association target, not marginal contrast",0,3,,False,,False
HAR__05,,,,,,,not_applicable,60,,,pie,Pie chart,Requires a declared part-to-whole target,3,False,Requires a declared part-to-whole target,0,4,,False,,False
HAR__05,,,,,,,not_applicable,60,,,stacked_bar,Stacked bar chart,Requires a declared component-composition target,7,False,Requires a declared component-composition target,0,8,,False,,False
HAR__05,,,,,,,not_applicable,60,,,area,Area chart,Requires an ordered-trend or accumulation target,8,False,Requires an ordered-trend or accumulation target,0,9,,False,,False
HAR__05,,,,,,,not_applicable,60,,,bubble,Bubble chart,Requires a joint-association and size-variable target,9,False,Requires a joint-association and size-variable target,0,10,,False,,False
HAR__05,,,,,,,not_applicable,60,,,treemap,Treemap,Requires a meaningful hierarchy and part-to-whole target,11,False,Requires a meaningful hierarchy and part-to-whole target,0,12,,False,,False
HAR__05,,,,,,,not_applicable,60,,,choropleth,Choropleth map,Requires geographic identifiers and a geographic target,12,False,Requires geographic identifiers and a geographic target,0,13,,False,,False
HAR__06,Means,means,2.0,0.07441935224999996,96.66666666666667,True,qualifies,60,0.5281773743933658,1.0,bar,Bar chart,Two group means,0,True,Implemented for the declared marginal comparison,1,1,1.0,True,1.0,True
HAR__06,Means,means,2.0,0.07441935224999996,96.66666666666667,True,qualifies,60,0.5281773743933658,1.0,dot,Dot plot,Mean dots or all raw dots; report the chosen setting,10,True,Implemented for the declared marginal comparison,2,11,2.0,False,1.0,True
HAR__06,Binned,bins_4,10.0,0.030592970701970534,83.33333333333334,True,qualifies,60,0.2171278632737625,2.0,histogram,Histogram,Common bins with group probabilities,4,True,Implemented for the declared marginal comparison,5,5,3.0,False,3.0,False
HAR__06,Binned,bins_4,10.0,0.030592970701970534,83.33333333333334,True,qualifies,60,0.2171278632737625,2.0,heatmap,Heatmap,Two-by-bin probability matrix with common bin boundaries,6,True,Implemented for the declared marginal comparison,5,7,4.0,False,3.0,False
HAR__06,Five-number,five_number,10.0,0.04847995568965524,83.33333333333334,True,qualifies,60,0.34407737950808126,3.0,box,Box plot,Five-number summary; min–max whiskers,5,True,Implemented for the declared marginal comparison,1,6,5.0,False,5.0,False
HAR__06,Five-number,five_number,10.0,0.04847995568965524,83.33333333333334,True,qualifies,60,0.34407737950808126,3.0,interval,Error-bar / interval plot,"Median dot, thick interquartile interval, thin min–max interval; not a confidence interval",14,True,Implemented for the declared marginal comparison,1,15,6.0,False,5.0,False
HAR__06,Density,density_8,18.0,0.024314394855938892,70.0,True,qualifies,60,0.17256685051264162,4.0,violin,Violin plot,Sampled density on the declared grid,13,True,Implemented for the declared marginal comparison,6,14,7.0,False,7.0,False
HAR__06,,,,,,,not_applicable,60,,,line,Line chart,Requires an ordered-trend target; row order is not time,1,False,Requires an ordered-trend target; row order is not time,0,2,,False,,False
HAR__06,,,,,,,not_applicable,60,,,scatter,Scatter plot,"Requires a joint-association target, not marginal contrast",2,False,"Requires a joint-association target, not marginal contrast",0,3,,False,,False
HAR__06,,,,,,,not_applicable,60,,,pie,Pie chart,Requires a declared part-to-whole target,3,False,Requires a declared part-to-whole target,0,4,,False,,False
HAR__06,,,,,,,not_applicable,60,,,stacked_bar,Stacked bar chart,Requires a declared component-composition target,7,False,Requires a declared component-composition target,0,8,,False,,False
HAR__06,,,,,,,not_applicable,60,,,area,Area chart,Requires an ordered-trend or accumulation target,8,False,Requires an ordered-trend or accumulation target,0,9,,False,,False
HAR__06,,,,,,,not_applicable,60,,,bubble,Bubble chart,Requires a joint-association and size-variable target,9,False,Requires a joint-association and size-variable target,0,10,,False,,False
HAR__06,,,,,,,not_applicable,60,,,treemap,Treemap,Requires a meaningful hierarchy and part-to-whole target,11,False,Requires a meaningful hierarchy and part-to-whole target,0,12,,False,,False
HAR__06,,,,,,,not_applicable,60,,,choropleth,Choropleth map,Requires geographic identifiers and a geographic target,12,False,Requires geographic identifiers and a geographic target,0,13,,False,,False
HAR__07,Means,means,2.0,0.08299106120333333,96.66666666666667,True,qualifies,60,0.6036979799671217,1.0,bar,Bar chart,Two group means,0,True,Implemented for the declared marginal comparison,1,1,1.0,True,1.0,True
HAR__07,Means,means,2.0,0.08299106120333333,96.66666666666667,True,qualifies,60,0.6036979799671217,1.0,dot,Dot plot,Mean dots or all raw dots; report the chosen setting,10,True,Implemented for the declared marginal comparison,2,11,2.0,False,1.0,True
HAR__07,Five-number,five_number,10.0,0.01916242597586204,83.33333333333334,True,qualifies,60,0.13939233557400005,2.0,box,Box plot,Five-number summary; min–max whiskers,5,True,Implemented for the declared marginal comparison,1,6,3.0,False,3.0,False
HAR__07,Five-number,five_number,10.0,0.01916242597586204,83.33333333333334,True,qualifies,60,0.13939233557400005,2.0,interval,Error-bar / interval plot,"Median dot, thick interquartile interval, thin min–max interval; not a confidence interval",14,True,Implemented for the declared marginal comparison,1,15,4.0,False,3.0,False
HAR__07,Binned,bins_4,10.0,0.04004414724097366,83.33333333333334,True,qualifies,60,0.29129126014731355,3.0,histogram,Histogram,Common bins with group probabilities,4,True,Implemented for the declared marginal comparison,5,5,5.0,False,5.0,False
HAR__07,Binned,bins_4,10.0,0.04004414724097366,83.33333333333334,True,qualifies,60,0.29129126014731355,3.0,heatmap,Heatmap,Two-by-bin probability matrix with common bin boundaries,6,True,Implemented for the declared marginal comparison,5,7,6.0,False,5.0,False
HAR__07,Density,density_8,18.0,0.048176856151321945,70.0,True,qualifies,60,0.35045064273200904,5.0,violin,Violin plot,Sampled density on the declared grid,13,True,Implemented for the declared marginal comparison,6,14,7.0,False,7.0,False
HAR__07,,,,,,,not_applicable,60,,,line,Line chart,Requires an ordered-trend target; row order is not time,1,False,Requires an ordered-trend target; row order is not time,0,2,,False,,False
HAR__07,,,,,,,not_applicable,60,,,scatter,Scatter plot,"Requires a joint-association target, not marginal contrast",2,False,"Requires a joint-association target, not marginal contrast",0,3,,False,,False
HAR__07,,,,,,,not_applicable,60,,,pie,Pie chart,Requires a declared part-to-whole target,3,False,Requires a declared part-to-whole target,0,4,,False,,False
HAR__07,,,,,,,not_applicable,60,,,stacked_bar,Stacked bar chart,Requires a declared component-composition target,7,False,Requires a declared component-composition target,0,8,,False,,False
HAR__07,,,,,,,not_applicable,60,,,area,Area chart,Requires an ordered-trend or accumulation target,8,False,Requires an ordered-trend or accumulation target,0,9,,False,,False
HAR__07,,,,,,,not_applicable,60,,,bubble,Bubble chart,Requires a joint-association and size-variable target,9,False,Requires a joint-association and size-variable target,0,10,,False,,False
HAR__07,,,,,,,not_applicable,60,,,treemap,Treemap,Requires a meaningful hierarchy and part-to-whole target,11,False,Requires a meaningful hierarchy and part-to-whole target,0,12,,False,,False
HAR__07,,,,,,,not_applicable,60,,,choropleth,Choropleth map,Requires geographic identifiers and a geographic target,12,False,Requires geographic identifiers and a geographic target,0,13,,False,,False
HAR__08,Means,means,2.0,0.03964580389333333,96.66666666666667,True,qualifies,60,0.26178377939066416,1.0,bar,Bar chart,Two group means,0,True,Implemented for the declared marginal comparison,1,1,1.0,True,1.0,True
HAR__08,Means,means,2.0,0.03964580389333333,96.66666666666667,True,qualifies,60,0.26178377939066416,1.0,dot,Dot plot,Mean dots or all raw dots; report the chosen setting,10,True,Implemented for the declared marginal comparison,2,11,2.0,False,1.0,True
HAR__08,Binned,bins_4,10.0,0.04920201849494363,83.33333333333334,True,qualifies,60,0.32488407575010975,2.0,histogram,Histogram,Common bins with group probabilities,4,True,Implemented for the declared marginal comparison,5,5,3.0,False,3.0,False
HAR__08,Binned,bins_4,10.0,0.04920201849494363,83.33333333333334,True,qualifies,60,0.32488407575010975,2.0,heatmap,Heatmap,Two-by-bin probability matrix with common bin boundaries,6,True,Implemented for the declared marginal comparison,5,7,4.0,False,3.0,False
HAR__08,Five-number,five_number,10.0,0.09113392679310339,83.33333333333334,True,qualifies,60,0.601763148776067,3.0,box,Box plot,Five-number summary; min–max whiskers,5,True,Implemented for the declared marginal comparison,1,6,5.0,False,5.0,False
HAR__08,Five-number,five_number,10.0,0.09113392679310339,83.33333333333334,True,qualifies,60,0.601763148776067,3.0,interval,Error-bar / interval plot,"Median dot, thick interquartile interval, thin min–max interval; not a confidence interval",14,True,Implemented for the declared marginal comparison,1,15,6.0,False,5.0,False
HAR__08,Density,density_8,18.0,0.04315583452529312,70.0,True,qualifies,60,0.28496073620262957,5.0,violin,Violin plot,Sampled density on the declared grid,13,True,Implemented for the declared marginal comparison,6,14,7.0,False,7.0,False
HAR__08,,,,,,,not_applicable,60,,,line,Line chart,Requires an ordered-trend target; row order is not time,1,False,Requires an ordered-trend target; row order is not time,0,2,,False,,False
HAR__08,,,,,,,not_applicable,60,,,scatter,Scatter plot,"Requires a joint-association target, not marginal contrast",2,False,"Requires a joint-association target, not marginal contrast",0,3,,False,,False
HAR__08,,,,,,,not_applicable,60,,,pie,Pie chart,Requires a declared part-to-whole target,3,False,Requires a declared part-to-whole target,0,4,,False,,False
HAR__08,,,,,,,not_applicable,60,,,stacked_bar,Stacked bar chart,Requires a declared component-composition target,7,False,Requires a declared component-composition target,0,8,,False,,False
HAR__08,,,,,,,not_applicable,60,,,area,Area chart,Requires an ordered-trend or accumulation target,8,False,Requires an ordered-trend or accumulation target,0,9,,False,,False
HAR__08,,,,,,,not_applicable,60,,,bubble,Bubble chart,Requires a joint-association and size-variable target,9,False,Requires a joint-association and size-variable target,0,10,,False,,False
HAR__08,,,,,,,not_applicable,60,,,treemap,Treemap,Requires a meaningful hierarchy and part-to-whole target,11,False,Requires a meaningful hierarchy and part-to-whole target,0,12,,False,,False
HAR__08,,,,,,,not_applicable,60,,,choropleth,Choropleth map,Requires geographic identifiers and a geographic target,12,False,Requires geographic identifiers and a geographic target,0,13,,False,,False
HAR__09,Means,means,2.0,0.0032787053333334093,96.66666666666667,True,qualifies,60,0.5934893728582249,1.0,bar,Bar chart,Two group means,0,True,Implemented for the declared marginal comparison,1,1,1.0,True,1.0,True
HAR__09,Means,means,2.0,0.0032787053333334093,96.66666666666667,True,qualifies,60,0.5934893728582249,1.0,dot,Dot plot,Mean dots or all raw dots; report the chosen setting,10,True,Implemented for the declared marginal comparison,2,11,2.0,False,1.0,True
HAR__09,Binned,bins_4,10.0,0.0025157559880205627,83.33333333333334,True,qualifies,60,0.4553853706873566,2.0,histogram,Histogram,Common bins with group probabilities,4,True,Implemented for the declared marginal comparison,5,5,3.0,False,3.0,False
HAR__09,Binned,bins_4,10.0,0.0025157559880205627,83.33333333333334,True,qualifies,60,0.4553853706873566,2.0,heatmap,Heatmap,Two-by-bin probability matrix with common bin boundaries,6,True,Implemented for the declared marginal comparison,5,7,4.0,False,3.0,False
HAR__09,Five-number,five_number,10.0,0.0027839165517240527,83.33333333333334,True,qualifies,60,0.503926007492887,3.0,box,Box plot,Five-number summary; min–max whiskers,5,True,Implemented for the declared marginal comparison,1,6,5.0,False,5.0,False
HAR__09,Five-number,five_number,10.0,0.0027839165517240527,83.33333333333334,True,qualifies,60,0.503926007492887,3.0,interval,Error-bar / interval plot,"Median dot, thick interquartile interval, thin min–max interval; not a confidence interval",14,True,Implemented for the declared marginal comparison,1,15,6.0,False,5.0,False
HAR__09,Density,density_8,18.0,0.003870196930583658,70.0,True,qualifies,60,0.7005572369733751,5.0,violin,Violin plot,Sampled density on the declared grid,13,True,Implemented for the declared marginal comparison,6,14,7.0,False,7.0,False
HAR__09,,,,,,,not_applicable,60,,,line,Line chart,Requires an ordered-trend target; row order is not time,1,False,Requires an ordered-trend target; row order is not time,0,2,,False,,False
HAR__09,,,,,,,not_applicable,60,,,scatter,Scatter plot,"Requires a joint-association target, not marginal contrast",2,False,"Requires a joint-association target, not marginal contrast",0,3,,False,,False
HAR__09,,,,,,,not_applicable,60,,,pie,Pie chart,Requires a declared part-to-whole target,3,False,Requires a declared part-to-whole target,0,4,,False,,False
HAR__09,,,,,,,not_applicable,60,,,stacked_bar,Stacked bar chart,Requires a declared component-composition target,7,False,Requires a declared component-composition target,0,8,,False,,False
HAR__09,,,,,,,not_applicable,60,,,area,Area chart,Requires an ordered-trend or accumulation target,8,False,Requires an ordered-trend or accumulation target,0,9,,False,,False
HAR__09,,,,,,,not_applicable,60,,,bubble,Bubble chart,Requires a joint-association and size-variable target,9,False,Requires a joint-association and size-variable target,0,10,,False,,False
HAR__09,,,,,,,not_applicable,60,,,treemap,Treemap,Requires a meaningful hierarchy and part-to-whole target,11,False,Requires a meaningful hierarchy and part-to-whole target,0,12,,False,,False
HAR__09,,,,,,,not_applicable,60,,,choropleth,Choropleth map,Requires geographic identifiers and a geographic target,12,False,Requires geographic identifiers and a geographic target,0,13,,False,,False
HAR__10,Means,means,2.0,0.0027709891666667374,96.66666666666667,True,qualifies,60,0.3400783701047479,1.0,bar,Bar chart,Two group means,0,True,Implemented for the declared marginal comparison,1,1,1.0,True,1.0,True
HAR__10,Means,means,2.0,0.0027709891666667374,96.66666666666667,True,qualifies,60,0.3400783701047479,1.0,dot,Dot plot,Mean dots or all raw dots; report the chosen setting,10,True,Implemented for the declared marginal comparison,2,11,2.0,False,1.0,True
HAR__10,Binned,bins_4,10.0,0.0036624374545455307,83.33333333333334,True,qualifies,60,0.44948416801306895,2.0,histogram,Histogram,Common bins with group probabilities,4,True,Implemented for the declared marginal comparison,5,5,3.0,False,3.0,False
HAR__10,Binned,bins_4,10.0,0.0036624374545455307,83.33333333333334,True,qualifies,60,0.44948416801306895,2.0,heatmap,Heatmap,Two-by-bin probability matrix with common bin boundaries,6,True,Implemented for the declared marginal comparison,5,7,4.0,False,3.0,False
HAR__10,Five-number,five_number,10.0,0.006353490249999871,83.33333333333334,True,qualifies,60,0.7797520952763167,3.0,box,Box plot,Five-number summary; min–max whiskers,5,True,Implemented for the declared marginal comparison,1,6,5.0,False,5.0,False
HAR__10,Five-number,five_number,10.0,0.006353490249999871,83.33333333333334,True,qualifies,60,0.7797520952763167,3.0,interval,Error-bar / interval plot,"Median dot, thick interquartile interval, thin min–max interval; not a confidence interval",14,True,Implemented for the declared marginal comparison,1,15,6.0,False,5.0,False
HAR__10,Density,density_8,18.0,0.0034432113028469713,70.0,True,qualifies,60,0.42257894829917725,5.0,violin,Violin plot,Sampled density on the declared grid,13,True,Implemented for the declared marginal comparison,6,14,7.0,False,7.0,False
HAR__10,,,,,,,not_applicable,60,,,line,Line chart,Requires an ordered-trend target; row order is not time,1,False,Requires an ordered-trend target; row order is not time,0,2,,False,,False
HAR__10,,,,,,,not_applicable,60,,,scatter,Scatter plot,"Requires a joint-association target, not marginal contrast",2,False,"Requires a joint-association target, not marginal contrast",0,3,,False,,False
HAR__10,,,,,,,not_applicable,60,,,pie,Pie chart,Requires a declared part-to-whole target,3,False,Requires a declared part-to-whole target,0,4,,False,,False
HAR__10,,,,,,,not_applicable,60,,,stacked_bar,Stacked bar chart,Requires a declared component-composition target,7,False,Requires a declared component-composition target,0,8,,False,,False
HAR__10,,,,,,,not_applicable,60,,,area,Area chart,Requires an ordered-trend or accumulation target,8,False,Requires an ordered-trend or accumulation target,0,9,,False,,False
HAR__10,,,,,,,not_applicable,60,,,bubble,Bubble chart,Requires a joint-association and size-variable target,9,False,Requires a joint-association and size-variable target,0,10,,False,,False
HAR__10,,,,,,,not_applicable,60,,,treemap,Treemap,Requires a meaningful hierarchy and part-to-whole target,11,False,Requires a meaningful hierarchy and part-to-whole target,0,12,,False,,False
HAR__10,,,,,,,not_applicable,60,,,choropleth,Choropleth map,Requires geographic identifiers and a geographic target,12,False,Requires geographic identifiers and a geographic target,0,13,,False,,False
HAR__11,Means,means,2.0,0.004298354166666463,96.66666666666667,True,qualifies,60,0.3213240370989598,1.0,bar,Bar chart,Two group means,0,True,Implemented for the declared marginal comparison,1,1,1.0,True,1.0,True
HAR__11,Means,means,2.0,0.004298354166666463,96.66666666666667,True,qualifies,60,0.3213240370989598,1.0,dot,Dot plot,Mean dots or all raw dots; report the chosen setting,10,True,Implemented for the declared marginal comparison,2,11,2.0,False,1.0,True
HAR__11,Binned,bins_4,10.0,0.004177509019963721,83.33333333333334,True,qualifies,60,0.31229024209354367,2.0,histogram,Histogram,Common bins with group probabilities,4,True,Implemented for the declared marginal comparison,5,5,3.0,False,3.0,False
HAR__11,Binned,bins_4,10.0,0.004177509019963721,83.33333333333334,True,qualifies,60,0.31229024209354367,2.0,heatmap,Heatmap,Two-by-bin probability matrix with common bin boundaries,6,True,Implemented for the declared marginal comparison,5,7,4.0,False,3.0,False
HAR__11,Five-number,five_number,10.0,0.009063932249999906,83.33333333333334,True,qualifies,60,0.6775754601953033,3.0,box,Box plot,Five-number summary; min–max whiskers,5,True,Implemented for the declared marginal comparison,1,6,5.0,False,5.0,False
HAR__11,Five-number,five_number,10.0,0.009063932249999906,83.33333333333334,True,qualifies,60,0.6775754601953033,3.0,interval,Error-bar / interval plot,"Median dot, thick interquartile interval, thin min–max interval; not a confidence interval",14,True,Implemented for the declared marginal comparison,1,15,6.0,False,5.0,False
HAR__11,Density,density_8,18.0,0.004340262829144348,70.0,True,qualifies,60,0.3244569247333111,5.0,violin,Violin plot,Sampled density on the declared grid,13,True,Implemented for the declared marginal comparison,6,14,7.0,False,7.0,False
HAR__11,,,,,,,not_applicable,60,,,line,Line chart,Requires an ordered-trend target; row order is not time,1,False,Requires an ordered-trend target; row order is not time,0,2,,False,,False
HAR__11,,,,,,,not_applicable,60,,,scatter,Scatter plot,"Requires a joint-association target, not marginal contrast",2,False,"Requires a joint-association target, not marginal contrast",0,3,,False,,False
HAR__11,,,,,,,not_applicable,60,,,pie,Pie chart,Requires a declared part-to-whole target,3,False,Requires a declared part-to-whole target,0,4,,False,,False
HAR__11,,,,,,,not_applicable,60,,,stacked_bar,Stacked bar chart,Requires a declared component-composition target,7,False,Requires a declared component-composition target,0,8,,False,,False
HAR__11,,,,,,,not_applicable,60,,,area,Area chart,Requires an ordered-trend or accumulation target,8,False,Requires an ordered-trend or accumulation target,0,9,,False,,False
HAR__11,,,,,,,not_applicable,60,,,bubble,Bubble chart,Requires a joint-association and size-variable target,9,False,Requires a joint-association and size-variable target,0,10,,False,,False
HAR__11,,,,,,,not_applicable,60,,,treemap,Treemap,Requires a meaningful hierarchy and part-to-whole target,11,False,Requires a meaningful hierarchy and part-to-whole target,0,12,,False,,False
HAR__11,,,,,,,not_applicable,60,,,choropleth,Choropleth map,Requires geographic identifiers and a geographic target,12,False,Requires geographic identifiers and a geographic target,0,13,,False,,False
HAR__12,Binned,bins_4,10.0,0.020686584288401255,83.33333333333334,True,qualifies,60,0.6720711742582263,1.0,histogram,Histogram,Common bins with group probabilities,4,True,Implemented for the declared marginal comparison,5,5,1.0,True,1.0,True
HAR__12,Binned,bins_4,10.0,0.020686584288401255,83.33333333333334,True,qualifies,60,0.6720711742582263,1.0,heatmap,Heatmap,Two-by-bin probability matrix with common bin boundaries,6,True,Implemented for the declared marginal comparison,5,7,2.0,False,1.0,True
HAR__12,Five-number,five_number,10.0,0.021369708274999996,83.33333333333334,True,qualifies,60,0.6942646854458028,2.0,box,Box plot,Five-number summary; min–max whiskers,5,True,Implemented for the declared marginal comparison,1,6,3.0,False,3.0,False
HAR__12,Five-number,five_number,10.0,0.021369708274999996,83.33333333333334,True,qualifies,60,0.6942646854458028,2.0,interval,Error-bar / interval plot,"Median dot, thick interquartile interval, thin min–max interval; not a confidence interval",14,True,Implemented for the declared marginal comparison,1,15,4.0,False,3.0,False
HAR__12,Density,density_8,18.0,0.027554893498895193,70.0,True,qualifies,60,0.8952106047176758,4.0,violin,Violin plot,Sampled density on the declared grid,13,True,Implemented for the declared marginal comparison,6,14,5.0,False,5.0,False
HAR__12,Observations,raw,60.0,0.0,0.0,True,qualifies,60,0.0,7.0,dot,Dot plot,Mean dots or all raw dots; report the chosen setting,10,True,Implemented for the declared marginal comparison,2,11,6.0,False,6.0,False
HAR__12,Means,means,2.0,0.036000064250000005,0.0,False,does_not_qualify,60,1.1695795263520015,14.0,bar,Bar chart,Two group means,0,True,Implemented for the declared marginal comparison,1,1,7.0,False,7.0,False
HAR__12,,,,,,,not_applicable,60,,,line,Line chart,Requires an ordered-trend target; row order is not time,1,False,Requires an ordered-trend target; row order is not time,0,2,,False,,False
HAR__12,,,,,,,not_applicable,60,,,scatter,Scatter plot,"Requires a joint-association target, not marginal contrast",2,False,"Requires a joint-association target, not marginal contrast",0,3,,False,,False
HAR__12,,,,,,,not_applicable,60,,,pie,Pie chart,Requires a declared part-to-whole target,3,False,Requires a declared part-to-whole target,0,4,,False,,False
HAR__12,,,,,,,not_applicable,60,,,stacked_bar,Stacked bar chart,Requires a declared component-composition target,7,False,Requires a declared component-composition target,0,8,,False,,False
HAR__12,,,,,,,not_applicable,60,,,area,Area chart,Requires an ordered-trend or accumulation target,8,False,Requires an ordered-trend or accumulation target,0,9,,False,,False
HAR__12,,,,,,,not_applicable,60,,,bubble,Bubble chart,Requires a joint-association and size-variable target,9,False,Requires a joint-association and size-variable target,0,10,,False,,False
HAR__12,,,,,,,not_applicable,60,,,treemap,Treemap,Requires a meaningful hierarchy and part-to-whole target,11,False,Requires a meaningful hierarchy and part-to-whole target,0,12,,False,,False
HAR__12,,,,,,,not_applicable,60,,,choropleth,Choropleth map,Requires geographic identifiers and a geographic target,12,False,Requires geographic identifiers and a geographic target,0,13,,False,,False
HAR__13,Five-number,five_number,10.0,0.010458366699999992,83.33333333333334,True,qualifies,60,0.33380957945701795,1.0,box,Box plot,Five-number summary; min–max whiskers,5,True,Implemented for the declared marginal comparison,1,6,1.0,True,1.0,True
HAR__13,Five-number,five_number,10.0,0.010458366699999992,83.33333333333334,True,qualifies,60,0.33380957945701795,1.0,interval,Error-bar / interval plot,"Median dot, thick interquartile interval, thin min–max interval; not a confidence interval",14,True,Implemented for the declared marginal comparison,1,15,2.0,False,1.0,True
HAR__13,Binned,bins_4,10.0,0.01744055305172415,83.33333333333334,True,qualifies,60,0.5566666236415151,2.0,histogram,Histogram,Common bins with group probabilities,4,True,Implemented for the declared marginal comparison,5,5,3.0,False,3.0,False
HAR__13,Binned,bins_4,10.0,0.01744055305172415,83.33333333333334,True,qualifies,60,0.5566666236415151,2.0,heatmap,Heatmap,Two-by-bin probability matrix with common bin boundaries,6,True,Implemented for the declared marginal comparison,5,7,4.0,False,3.0,False
HAR__13,Density,density_8,18.0,0.02563910645427764,70.0,True,qualifies,60,0.8183476051911759,4.0,violin,Violin plot,Sampled density on the declared grid,13,True,Implemented for the declared marginal comparison,6,14,5.0,False,5.0,False
HAR__13,Observations,raw,60.0,0.0,0.0,True,qualifies,60,0.0,7.0,dot,Dot plot,Mean dots or all raw dots; report the chosen setting,10,True,Implemented for the declared marginal comparison,2,11,6.0,False,6.0,False
HAR__13,Means,means,2.0,0.052966835374500004,0.0,False,does_not_qualify,60,1.690592570399254,14.0,bar,Bar chart,Two group means,0,True,Implemented for the declared marginal comparison,1,1,7.0,False,7.0,False
HAR__13,,,,,,,not_applicable,60,,,line,Line chart,Requires an ordered-trend target; row order is not time,1,False,Requires an ordered-trend target; row order is not time,0,2,,False,,False
HAR__13,,,,,,,not_applicable,60,,,scatter,Scatter plot,"Requires a joint-association target, not marginal contrast",2,False,"Requires a joint-association target, not marginal contrast",0,3,,False,,False
HAR__13,,,,,,,not_applicable,60,,,pie,Pie chart,Requires a declared part-to-whole target,3,False,Requires a declared part-to-whole target,0,4,,False,,False
HAR__13,,,,,,,not_applicable,60,,,stacked_bar,Stacked bar chart,Requires a declared component-composition target,7,False,Requires a declared component-composition target,0,8,,False,,False
HAR__13,,,,,,,not_applicable,60,,,area,Area chart,Requires an ordered-trend or accumulation target,8,False,Requires an ordered-trend or accumulation target,0,9,,False,,False
HAR__13,,,,,,,not_applicable,60,,,bubble,Bubble chart,Requires a joint-association and size-variable target,9,False,Requires a joint-association and size-variable target,0,10,,False,,False
HAR__13,,,,,,,not_applicable,60,,,treemap,Treemap,Requires a meaningful hierarchy and part-to-whole target,11,False,Requires a meaningful hierarchy and part-to-whole target,0,12,,False,,False
HAR__13,,,,,,,not_applicable,60,,,choropleth,Choropleth map,Requires geographic identifiers and a geographic target,12,False,Requires geographic identifiers and a geographic target,0,13,,False,,False
HAR__14,Five-number,five_number,10.0,0.02288657118965519,83.33333333333334,True,qualifies,60,0.5191277239216865,1.0,box,Box plot,Five-number summary; min–max whiskers,5,True,Implemented for the declared marginal comparison,1,6,1.0,True,1.0,True
HAR__14,Five-number,five_number,10.0,0.02288657118965519,83.33333333333334,True,qualifies,60,0.5191277239216865,1.0,interval,Error-bar / interval plot,"Median dot, thick interquartile interval, thin min–max interval; not a confidence interval",14,True,Implemented for the declared marginal comparison,1,15,2.0,False,1.0,True
HAR__14,Binned,bins_4,10.0,0.025379557546249987,83.33333333333334,True,qualifies,60,0.5756752216810647,2.0,histogram,Histogram,Common bins with group probabilities,4,True,Implemented for the declared marginal comparison,5,5,3.0,False,3.0,False
HAR__14,Binned,bins_4,10.0,0.025379557546249987,83.33333333333334,True,qualifies,60,0.5756752216810647,2.0,heatmap,Heatmap,Two-by-bin probability matrix with common bin boundaries,6,True,Implemented for the declared marginal comparison,5,7,4.0,False,3.0,False
HAR__14,Density,density_8,18.0,0.029995659692637372,70.0,True,qualifies,60,0.680380578406901,4.0,violin,Violin plot,Sampled density on the declared grid,13,True,Implemented for the declared marginal comparison,6,14,5.0,False,5.0,False
HAR__14,Observations,raw,60.0,0.0,0.0,True,qualifies,60,0.0,7.0,dot,Dot plot,Mean dots or all raw dots; report the chosen setting,10,True,Implemented for the declared marginal comparison,2,11,6.0,False,6.0,False
HAR__14,Means,means,2.0,0.05364788997383332,0.0,False,does_not_qualify,60,1.216875467475246,14.0,bar,Bar chart,Two group means,0,True,Implemented for the declared marginal comparison,1,1,7.0,False,7.0,False
HAR__14,,,,,,,not_applicable,60,,,line,Line chart,Requires an ordered-trend target; row order is not time,1,False,Requires an ordered-trend target; row order is not time,0,2,,False,,False
HAR__14,,,,,,,not_applicable,60,,,scatter,Scatter plot,"Requires a joint-association target, not marginal contrast",2,False,"Requires a joint-association target, not marginal contrast",0,3,,False,,False
HAR__14,,,,,,,not_applicable,60,,,pie,Pie chart,Requires a declared part-to-whole target,3,False,Requires a declared part-to-whole target,0,4,,False,,False
HAR__14,,,,,,,not_applicable,60,,,stacked_bar,Stacked bar chart,Requires a declared component-composition target,7,False,Requires a declared component-composition target,0,8,,False,,False
HAR__14,,,,,,,not_applicable,60,,,area,Area chart,Requires an ordered-trend or accumulation target,8,False,Requires an ordered-trend or accumulation target,0,9,,False,,False
HAR__14,,,,,,,not_applicable,60,,,bubble,Bubble chart,Requires a joint-association and size-variable target,9,False,Requires a joint-association and size-variable target,0,10,,False,,False
HAR__14,,,,,,,not_applicable,60,,,treemap,Treemap,Requires a meaningful hierarchy and part-to-whole target,11,False,Requires a meaningful hierarchy and part-to-whole target,0,12,,False,,False
HAR__14,,,,,,,not_applicable,60,,,choropleth,Choropleth map,Requires geographic identifiers and a geographic target,12,False,Requires geographic identifiers and a geographic target,0,13,,False,,False
HAR__15,Five-number,five_number,10.0,0.10240470862068973,83.33333333333334,True,qualifies,60,0.5663957285029396,1.0,box,Box plot,Five-number summary; min–max whiskers,5,True,Implemented for the declared marginal comparison,1,6,1.0,True,1.0,True
HAR__15,Five-number,five_number,10.0,0.10240470862068973,83.33333333333334,True,qualifies,60,0.5663957285029396,1.0,interval,Error-bar / interval plot,"Median dot, thick interquartile interval, thin min–max interval; not a confidence interval",14,True,Implemented for the declared marginal comparison,1,15,2.0,False,1.0,True
HAR__15,Binned,bins_8,18.0,0.10864097967241382,70.0,True,qualifies,60,0.6008882565620391,2.0,histogram,Histogram,Common bins with group probabilities,4,True,Implemented for the declared marginal comparison,5,5,3.0,False,3.0,False
HAR__15,Binned,bins_8,18.0,0.10864097967241382,70.0,True,qualifies,60,0.6008882565620391,2.0,heatmap,Heatmap,Two-by-bin probability matrix with common bin boundaries,6,True,Implemented for the declared marginal comparison,5,7,4.0,False,3.0,False
HAR__15,Density,density_16,34.0,0.07882758507813437,43.333333333333336,True,qualifies,60,0.43599174371789395,4.0,violin,Violin plot,Sampled density on the declared grid,13,True,Implemented for the declared marginal comparison,6,14,5.0,False,5.0,False
HAR__15,Observations,raw,60.0,0.0,0.0,True,qualifies,60,0.0,5.0,dot,Dot plot,Mean dots or all raw dots; report the chosen setting,10,True,Implemented for the declared marginal comparison,2,11,6.0,False,6.0,False
HAR__15,Means,means,2.0,0.24492183583333316,0.0,False,does_not_qualify,60,1.3546513973974703,14.0,bar,Bar chart,Two group means,0,True,Implemented for the declared marginal comparison,1,1,7.0,False,7.0,False
HAR__15,,,,,,,not_applicable,60,,,line,Line chart,Requires an ordered-trend target; row order is not time,1,False,Requires an ordered-trend target; row order is not time,0,2,,False,,False
HAR__15,,,,,,,not_applicable,60,,,scatter,Scatter plot,"Requires a joint-association target, not marginal contrast",2,False,"Requires a joint-association target, not marginal contrast",0,3,,False,,False
HAR__15,,,,,,,not_applicable,60,,,pie,Pie chart,Requires a declared part-to-whole target,3,False,Requires a declared part-to-whole target,0,4,,False,,False
HAR__15,,,,,,,not_applicable,60,,,stacked_bar,Stacked bar chart,Requires a declared component-composition target,7,False,Requires a declared component-composition target,0,8,,False,,False
HAR__15,,,,,,,not_applicable,60,,,area,Area chart,Requires an ordered-trend or accumulation target,8,False,Requires an ordered-trend or accumulation target,0,9,,False,,False
HAR__15,,,,,,,not_applicable,60,,,bubble,Bubble chart,Requires a joint-association and size-variable target,9,False,Requires a joint-association and size-variable target,0,10,,False,,False
HAR__15,,,,,,,not_applicable,60,,,treemap,Treemap,Requires a meaningful hierarchy and part-to-whole target,11,False,Requires a meaningful hierarchy and part-to-whole target,0,12,,False,,False
HAR__15,,,,,,,not_applicable,60,,,choropleth,Choropleth map,Requires geographic identifiers and a geographic target,12,False,Requires geographic identifiers and a geographic target,0,13,,False,,False
HAR__16,Five-number,five_number,10.0,0.06358325840517243,83.33333333333334,True,qualifies,60,0.34813911341857856,1.0,box,Box plot,Five-number summary; min–max whiskers,5,True,Implemented for the declared marginal comparison,1,6,1.0,True,1.0,True
HAR__16,Five-number,five_number,10.0,0.06358325840517243,83.33333333333334,True,qualifies,60,0.34813911341857856,1.0,interval,Error-bar / interval plot,"Median dot, thick interquartile interval, thin min–max interval; not a confidence interval",14,True,Implemented for the declared marginal comparison,1,15,2.0,False,1.0,True
HAR__16,Binned,bins_8,18.0,0.11937424813423647,70.0,True,qualifies,60,0.653613009978767,2.0,histogram,Histogram,Common bins with group probabilities,4,True,Implemented for the declared marginal comparison,5,5,3.0,False,3.0,False
HAR__16,Binned,bins_8,18.0,0.11937424813423647,70.0,True,qualifies,60,0.653613009978767,2.0,heatmap,Heatmap,Two-by-bin probability matrix with common bin boundaries,6,True,Implemented for the declared marginal comparison,5,7,4.0,False,3.0,False
HAR__16,Density,density_16,34.0,0.07420700630304333,43.333333333333336,True,qualifies,60,0.40630760410490036,4.0,violin,Violin plot,Sampled density on the declared grid,13,True,Implemented for the declared marginal comparison,6,14,5.0,False,5.0,False
HAR__16,Observations,raw,60.0,0.0,0.0,True,qualifies,60,0.0,5.0,dot,Dot plot,Mean dots or all raw dots; report the chosen setting,10,True,Implemented for the declared marginal comparison,2,11,6.0,False,6.0,False
HAR__16,Means,means,2.0,0.266030300583333,0.0,False,does_not_qualify,60,1.4566028119758225,14.0,bar,Bar chart,Two group means,0,True,Implemented for the declared marginal comparison,1,1,7.0,False,7.0,False
HAR__16,,,,,,,not_applicable,60,,,line,Line chart,Requires an ordered-trend target; row order is not time,1,False,Requires an ordered-trend target; row order is not time,0,2,,False,,False
HAR__16,,,,,,,not_applicable,60,,,scatter,Scatter plot,"Requires a joint-association target, not marginal contrast",2,False,"Requires a joint-association target, not marginal contrast",0,3,,False,,False
HAR__16,,,,,,,not_applicable,60,,,pie,Pie chart,Requires a declared part-to-whole target,3,False,Requires a declared part-to-whole target,0,4,,False,,False
HAR__16,,,,,,,not_applicable,60,,,stacked_bar,Stacked bar chart,Requires a declared component-composition target,7,False,Requires a declared component-composition target,0,8,,False,,False
HAR__16,,,,,,,not_applicable,60,,,area,Area chart,Requires an ordered-trend or accumulation target,8,False,Requires an ordered-trend or accumulation target,0,9,,False,,False
HAR__16,,,,,,,not_applicable,60,,,bubble,Bubble chart,Requires a joint-association and size-variable target,9,False,Requires a joint-association and size-variable target,0,10,,False,,False
HAR__16,,,,,,,not_applicable,60,,,treemap,Treemap,Requires a meaningful hierarchy and part-to-whole target,11,False,Requires a meaningful hierarchy and part-to-whole target,0,12,,False,,False
HAR__16,,,,,,,not_applicable,60,,,choropleth,Choropleth map,Requires geographic identifiers and a geographic target,12,False,Requires geographic identifiers and a geographic target,0,13,,False,,False
HAR__17,Five-number,five_number,10.0,0.12239982906896552,83.33333333333334,True,qualifies,60,0.5470707430989621,1.0,box,Box plot,Five-number summary; min–max whiskers,5,True,Implemented for the declared marginal comparison,1,6,1.0,True,1.0,True
HAR__17,Five-number,five_number,10.0,0.12239982906896552,83.33333333333334,True,qualifies,60,0.5470707430989621,1.0,interval,Error-bar / interval plot,"Median dot, thick interquartile interval, thin min–max interval; not a confidence interval",14,True,Implemented for the declared marginal comparison,1,15,2.0,False,1.0,True
HAR__17,Binned,bins_4,10.0,0.2090912766293106,83.33333333333334,True,qualifies,60,0.9345415018239647,2.0,histogram,Histogram,Common bins with group probabilities,4,True,Implemented for the declared marginal comparison,5,5,3.0,False,3.0,False
HAR__17,Binned,bins_4,10.0,0.2090912766293106,83.33333333333334,True,qualifies,60,0.9345415018239647,2.0,heatmap,Heatmap,Two-by-bin probability matrix with common bin boundaries,6,True,Implemented for the declared marginal comparison,5,7,4.0,False,3.0,False
HAR__17,Density,density_16,34.0,0.07768446951409258,43.333333333333336,True,qualifies,60,0.34721372396996997,5.0,violin,Violin plot,Sampled density on the declared grid,13,True,Implemented for the declared marginal comparison,6,14,5.0,False,5.0,False
HAR__17,Observations,raw,60.0,0.0,0.0,True,qualifies,60,0.0,6.0,dot,Dot plot,Mean dots or all raw dots; report the chosen setting,10,True,Implemented for the declared marginal comparison,2,11,6.0,False,6.0,False
HAR__17,Means,means,2.0,0.30614978444999996,0.0,False,does_not_qualify,60,1.3683482350639535,13.0,bar,Bar chart,Two group means,0,True,Implemented for the declared marginal comparison,1,1,7.0,False,7.0,False
HAR__17,,,,,,,not_applicable,60,,,line,Line chart,Requires an ordered-trend target; row order is not time,1,False,Requires an ordered-trend target; row order is not time,0,2,,False,,False
HAR__17,,,,,,,not_applicable,60,,,scatter,Scatter plot,"Requires a joint-association target, not marginal contrast",2,False,"Requires a joint-association target, not marginal contrast",0,3,,False,,False
HAR__17,,,,,,,not_applicable,60,,,pie,Pie chart,Requires a declared part-to-whole target,3,False,Requires a declared part-to-whole target,0,4,,False,,False
HAR__17,,,,,,,not_applicable,60,,,stacked_bar,Stacked bar chart,Requires a declared component-composition target,7,False,Requires a declared component-composition target,0,8,,False,,False
HAR__17,,,,,,,not_applicable,60,,,area,Area chart,Requires an ordered-trend or accumulation target,8,False,Requires an ordered-trend or accumulation target,0,9,,False,,False
HAR__17,,,,,,,not_applicable,60,,,bubble,Bubble chart,Requires a joint-association and size-variable target,9,False,Requires a joint-association and size-variable target,0,10,,False,,False
HAR__17,,,,,,,not_applicable,60,,,treemap,Treemap,Requires a meaningful hierarchy and part-to-whole target,11,False,Requires a meaningful hierarchy and part-to-whole target,0,12,,False,,False
HAR__17,,,,,,,not_applicable,60,,,choropleth,Choropleth map,Requires geographic identifiers and a geographic target,12,False,Requires geographic identifiers and a geographic target,0,13,,False,,False
HAR__18,Means,means,2.0,0.013086913731666662,96.66666666666667,True,qualifies,60,0.5195655409592828,1.0,bar,Bar chart,Two group means,0,True,Implemented for the declared marginal comparison,1,1,1.0,True,1.0,True
HAR__18,Means,means,2.0,0.013086913731666662,96.66666666666667,True,qualifies,60,0.5195655409592828,1.0,dot,Dot plot,Mean dots or all raw dots; report the chosen setting,10,True,Implemented for the declared marginal comparison,2,11,2.0,False,1.0,True
HAR__18,Binned,bins_4,10.0,0.005896544236250006,83.33333333333334,True,qualifies,60,0.23409959435160196,2.0,histogram,Histogram,Common bins with group probabilities,4,True,Implemented for the declared marginal comparison,5,5,3.0,False,3.0,False
HAR__18,Binned,bins_4,10.0,0.005896544236250006,83.33333333333334,True,qualifies,60,0.23409959435160196,2.0,heatmap,Heatmap,Two-by-bin probability matrix with common bin boundaries,6,True,Implemented for the declared marginal comparison,5,7,4.0,False,3.0,False
HAR__18,Five-number,five_number,10.0,0.01741079246499999,83.33333333333334,True,qualifies,60,0.6912285043736954,3.0,box,Box plot,Five-number summary; min–max whiskers,5,True,Implemented for the declared marginal comparison,1,6,5.0,False,5.0,False
HAR__18,Five-number,five_number,10.0,0.01741079246499999,83.33333333333334,True,qualifies,60,0.6912285043736954,3.0,interval,Error-bar / interval plot,"Median dot, thick interquartile interval, thin min–max interval; not a confidence interval",14,True,Implemented for the declared marginal comparison,1,15,6.0,False,5.0,False
HAR__18,Density,density_8,18.0,0.010474767904301177,70.0,True,qualifies,60,0.4158603444792537,5.0,violin,Violin plot,Sampled density on the declared grid,13,True,Implemented for the declared marginal comparison,6,14,7.0,False,7.0,False
HAR__18,,,,,,,not_applicable,60,,,line,Line chart,Requires an ordered-trend target; row order is not time,1,False,Requires an ordered-trend target; row order is not time,0,2,,False,,False
HAR__18,,,,,,,not_applicable,60,,,scatter,Scatter plot,"Requires a joint-association target, not marginal contrast",2,False,"Requires a joint-association target, not marginal contrast",0,3,,False,,False
HAR__18,,,,,,,not_applicable,60,,,pie,Pie chart,Requires a declared part-to-whole target,3,False,Requires a declared part-to-whole target,0,4,,False,,False
HAR__18,,,,,,,not_applicable,60,,,stacked_bar,Stacked bar chart,Requires a declared component-composition target,7,False,Requires a declared component-composition target,0,8,,False,,False
HAR__18,,,,,,,not_applicable,60,,,area,Area chart,Requires an ordered-trend or accumulation target,8,False,Requires an ordered-trend or accumulation target,0,9,,False,,False
HAR__18,,,,,,,not_applicable,60,,,bubble,Bubble chart,Requires a joint-association and size-variable target,9,False,Requires a joint-association and size-variable target,0,10,,False,,False
HAR__18,,,,,,,not_applicable,60,,,treemap,Treemap,Requires a meaningful hierarchy and part-to-whole target,11,False,Requires a meaningful hierarchy and part-to-whole target,0,12,,False,,False
HAR__18,,,,,,,not_applicable,60,,,choropleth,Choropleth map,Requires geographic identifiers and a geographic target,12,False,Requires geographic identifiers and a geographic target,0,13,,False,,False
HAR__19,Five-number,five_number,10.0,0.007793516172413785,83.33333333333334,True,qualifies,60,0.5155807707575351,1.0,box,Box plot,Five-number summary; min–max whiskers,5,True,Implemented for the declared marginal comparison,1,6,1.0,True,1.0,True
HAR__19,Five-number,five_number,10.0,0.007793516172413785,83.33333333333334,True,qualifies,60,0.5155807707575351,1.0,interval,Error-bar / interval plot,"Median dot, thick interquartile interval, thin min–max interval; not a confidence interval",14,True,Implemented for the declared marginal comparison,1,15,2.0,False,1.0,True
HAR__19,Binned,bins_4,10.0,0.00981955748902822,83.33333333333334,True,qualifies,60,0.6496137182099498,2.0,histogram,Histogram,Common bins with group probabilities,4,True,Implemented for the declared marginal comparison,5,5,3.0,False,3.0,False
HAR__19,Binned,bins_4,10.0,0.00981955748902822,83.33333333333334,True,qualifies,60,0.6496137182099498,2.0,heatmap,Heatmap,Two-by-bin probability matrix with common bin boundaries,6,True,Implemented for the declared marginal comparison,5,7,4.0,False,3.0,False
HAR__19,Density,density_8,18.0,0.00954547375300785,70.0,True,qualifies,60,0.6314816837413897,4.0,violin,Violin plot,Sampled density on the declared grid,13,True,Implemented for the declared marginal comparison,6,14,5.0,False,5.0,False
HAR__19,Observations,raw,60.0,0.0,0.0,True,qualifies,60,0.0,7.0,dot,Dot plot,Mean dots or all raw dots; report the chosen setting,10,True,Implemented for the declared marginal comparison,2,11,6.0,False,6.0,False
HAR__19,Means,means,2.0,0.01804465540833332,0.0,False,does_not_qualify,60,1.1937458186605867,14.0,bar,Bar chart,Two group means,0,True,Implemented for the declared marginal comparison,1,1,7.0,False,7.0,False
HAR__19,,,,,,,not_applicable,60,,,line,Line chart,Requires an ordered-trend target; row order is not time,1,False,Requires an ordered-trend target; row order is not time,0,2,,False,,False
HAR__19,,,,,,,not_applicable,60,,,scatter,Scatter plot,"Requires a joint-association target, not marginal contrast",2,False,"Requires a joint-association target, not marginal contrast",0,3,,False,,False
HAR__19,,,,,,,not_applicable,60,,,pie,Pie chart,Requires a declared part-to-whole target,3,False,Requires a declared part-to-whole target,0,4,,False,,False
HAR__19,,,,,,,not_applicable,60,,,stacked_bar,Stacked bar chart,Requires a declared component-composition target,7,False,Requires a declared component-composition target,0,8,,False,,False
HAR__19,,,,,,,not_applicable,60,,,area,Area chart,Requires an ordered-trend or accumulation target,8,False,Requires an ordered-trend or accumulation target,0,9,,False,,False
HAR__19,,,,,,,not_applicable,60,,,bubble,Bubble chart,Requires a joint-association and size-variable target,9,False,Requires a joint-association and size-variable target,0,10,,False,,False
HAR__19,,,,,,,not_applicable,60,,,treemap,Treemap,Requires a meaningful hierarchy and part-to-whole target,11,False,Requires a meaningful hierarchy and part-to-whole target,0,12,,False,,False
HAR__19,,,,,,,not_applicable,60,,,choropleth,Choropleth map,Requires geographic identifiers and a geographic target,12,False,Requires geographic identifiers and a geographic target,0,13,,False,,False
HAR__20,Five-number,five_number,10.0,0.00385902460344828,83.33333333333334,True,qualifies,60,0.46692781346241186,1.0,box,Box plot,Five-number summary; min–max whiskers,5,True,Implemented for the declared marginal comparison,1,6,1.0,True,1.0,True
HAR__20,Five-number,five_number,10.0,0.00385902460344828,83.33333333333334,True,qualifies,60,0.46692781346241186,1.0,interval,Error-bar / interval plot,"Median dot, thick interquartile interval, thin min–max interval; not a confidence interval",14,True,Implemented for the declared marginal comparison,1,15,2.0,False,1.0,True
HAR__20,Binned,bins_4,10.0,0.005741603406079862,83.33333333333334,True,qualifies,60,0.6947129390607257,2.0,histogram,Histogram,Common bins with group probabilities,4,True,Implemented for the declared marginal comparison,5,5,3.0,False,3.0,False
HAR__20,Binned,bins_4,10.0,0.005741603406079862,83.33333333333334,True,qualifies,60,0.6947129390607257,2.0,heatmap,Heatmap,Two-by-bin probability matrix with common bin boundaries,6,True,Implemented for the declared marginal comparison,5,7,4.0,False,3.0,False
HAR__20,Density,density_8,18.0,0.006897948581964269,70.0,True,qualifies,60,0.8346264612759128,4.0,violin,Violin plot,Sampled density on the declared grid,13,True,Implemented for the declared marginal comparison,6,14,5.0,False,5.0,False
HAR__20,Observations,raw,60.0,0.0,0.0,True,qualifies,60,0.0,7.0,dot,Dot plot,Mean dots or all raw dots; report the chosen setting,10,True,Implemented for the declared marginal comparison,2,11,6.0,False,6.0,False
HAR__20,Means,means,2.0,0.008875416466666647,0.0,False,does_not_qualify,60,1.0738928175388827,14.0,bar,Bar chart,Two group means,0,True,Implemented for the declared marginal comparison,1,1,7.0,False,7.0,False
HAR__20,,,,,,,not_applicable,60,,,line,Line chart,Requires an ordered-trend target; row order is not time,1,False,Requires an ordered-trend target; row order is not time,0,2,,False,,False
HAR__20,,,,,,,not_applicable,60,,,scatter,Scatter plot,"Requires a joint-association target, not marginal contrast",2,False,"Requires a joint-association target, not marginal contrast",0,3,,False,,False
HAR__20,,,,,,,not_applicable,60,,,pie,Pie chart,Requires a declared part-to-whole target,3,False,Requires a declared part-to-whole target,0,4,,False,,False
HAR__20,,,,,,,not_applicable,60,,,stacked_bar,Stacked bar chart,Requires a declared component-composition target,7,False,Requires a declared component-composition target,0,8,,False,,False
HAR__20,,,,,,,not_applicable,60,,,area,Area chart,Requires an ordered-trend or accumulation target,8,False,Requires an ordered-trend or accumulation target,0,9,,False,,False
HAR__20,,,,,,,not_applicable,60,,,bubble,Bubble chart,Requires a joint-association and size-variable target,9,False,Requires a joint-association and size-variable target,0,10,,False,,False
HAR__20,,,,,,,not_applicable,60,,,treemap,Treemap,Requires a meaningful hierarchy and part-to-whole target,11,False,Requires a meaningful hierarchy and part-to-whole target,0,12,,False,,False
HAR__20,,,,,,,not_applicable,60,,,choropleth,Choropleth map,Requires geographic identifiers and a geographic target,12,False,Requires geographic identifiers and a geographic target,0,13,,False,,False
HAR__21,Five-number,five_number,10.0,0.10751425831034489,83.33333333333334,True,qualifies,60,0.530175154107815,1.0,box,Box plot,Five-number summary; min–max whiskers,5,True,Implemented for the declared marginal comparison,1,6,1.0,True,1.0,True
HAR__21,Five-number,five_number,10.0,0.10751425831034489,83.33333333333334,True,qualifies,60,0.530175154107815,1.0,interval,Error-bar / interval plot,"Median dot, thick interquartile interval, thin min–max interval; not a confidence interval",14,True,Implemented for the declared marginal comparison,1,15,2.0,False,1.0,True
HAR__21,Binned,bins_4,10.0,0.19101316675000024,83.33333333333334,True,qualifies,60,0.9419256265153346,2.0,histogram,Histogram,Common bins with group probabilities,4,True,Implemented for the declared marginal comparison,5,5,3.0,False,3.0,False
HAR__21,Binned,bins_4,10.0,0.19101316675000024,83.33333333333334,True,qualifies,60,0.9419256265153346,2.0,heatmap,Heatmap,Two-by-bin probability matrix with common bin boundaries,6,True,Implemented for the declared marginal comparison,5,7,4.0,False,3.0,False
HAR__21,Density,density_8,18.0,0.16152104586495153,70.0,True,qualifies,60,0.7964938486197648,4.0,violin,Violin plot,Sampled density on the declared grid,13,True,Implemented for the declared marginal comparison,6,14,5.0,False,5.0,False
HAR__21,Observations,raw,60.0,0.0,0.0,True,qualifies,60,0.0,7.0,dot,Dot plot,Mean dots or all raw dots; report the chosen setting,10,True,Implemented for the declared marginal comparison,2,11,6.0,False,6.0,False
HAR__21,Means,means,2.0,0.2560898418166665,0.0,False,does_not_qualify,60,1.2628322371781013,14.0,bar,Bar chart,Two group means,0,True,Implemented for the declared marginal comparison,1,1,7.0,False,7.0,False
HAR__21,,,,,,,not_applicable,60,,,line,Line chart,Requires an ordered-trend target; row order is not time,1,False,Requires an ordered-trend target; row order is not time,0,2,,False,,False
HAR__21,,,,,,,not_applicable,60,,,scatter,Scatter plot,"Requires a joint-association target, not marginal contrast",2,False,"Requires a joint-association target, not marginal contrast",0,3,,False,,False
HAR__21,,,,,,,not_applicable,60,,,pie,Pie chart,Requires a declared part-to-whole target,3,False,Requires a declared part-to-whole target,0,4,,False,,False
HAR__21,,,,,,,not_applicable,60,,,stacked_bar,Stacked bar chart,Requires a declared component-composition target,7,False,Requires a declared component-composition target,0,8,,False,,False
HAR__21,,,,,,,not_applicable,60,,,area,Area chart,Requires an ordered-trend or accumulation target,8,False,Requires an ordered-trend or accumulation target,0,9,,False,,False
HAR__21,,,,,,,not_applicable,60,,,bubble,Bubble chart,Requires a joint-association and size-variable target,9,False,Requires a joint-association and size-variable target,0,10,,False,,False
HAR__21,,,,,,,not_applicable,60,,,treemap,Treemap,Requires a meaningful hierarchy and part-to-whole target,11,False,Requires a meaningful hierarchy and part-to-whole target,0,12,,False,,False
HAR__21,,,,,,,not_applicable,60,,,choropleth,Choropleth map,Requires geographic identifiers and a geographic target,12,False,Requires geographic identifiers and a geographic target,0,13,,False,,False
HAR__22,Five-number,five_number,10.0,0.1251924633025,83.33333333333334,True,qualifies,60,0.4908231292104027,1.0,box,Box plot,Five-number summary; min–max whiskers,5,True,Implemented for the declared marginal comparison,1,6,1.0,True,1.0,True
HAR__22,Five-number,five_number,10.0,0.1251924633025,83.33333333333334,True,qualifies,60,0.4908231292104027,1.0,interval,Error-bar / interval plot,"Median dot, thick interquartile interval, thin min–max interval; not a confidence interval",14,True,Implemented for the declared marginal comparison,1,15,2.0,False,1.0,True
HAR__22,Binned,bins_4,10.0,0.25127112664000006,83.33333333333334,True,qualifies,60,0.9851206486741076,2.0,histogram,Histogram,Common bins with group probabilities,4,True,Implemented for the declared marginal comparison,5,5,3.0,False,3.0,False
HAR__22,Binned,bins_4,10.0,0.25127112664000006,83.33333333333334,True,qualifies,60,0.9851206486741076,2.0,heatmap,Heatmap,Two-by-bin probability matrix with common bin boundaries,6,True,Implemented for the declared marginal comparison,5,7,4.0,False,3.0,False
HAR__22,Density,density_16,34.0,0.1258957189685802,43.333333333333336,True,qualifies,60,0.49358027718524844,5.0,violin,Violin plot,Sampled density on the declared grid,13,True,Implemented for the declared marginal comparison,6,14,5.0,False,5.0,False
HAR__22,Observations,raw,60.0,0.0,0.0,True,qualifies,60,0.0,6.0,dot,Dot plot,Mean dots or all raw dots; report the chosen setting,10,True,Implemented for the declared marginal comparison,2,11,6.0,False,6.0,False
HAR__22,Means,means,2.0,0.3740744707524999,0.0,False,does_not_qualify,60,1.4665771201324451,14.0,bar,Bar chart,Two group means,0,True,Implemented for the declared marginal comparison,1,1,7.0,False,7.0,False
HAR__22,,,,,,,not_applicable,60,,,line,Line chart,Requires an ordered-trend target; row order is not time,1,False,Requires an ordered-trend target; row order is not time,0,2,,False,,False
HAR__22,,,,,,,not_applicable,60,,,scatter,Scatter plot,"Requires a joint-association target, not marginal contrast",2,False,"Requires a joint-association target, not marginal contrast",0,3,,False,,False
HAR__22,,,,,,,not_applicable,60,,,pie,Pie chart,Requires a declared part-to-whole target,3,False,Requires a declared part-to-whole target,0,4,,False,,False
HAR__22,,,,,,,not_applicable,60,,,stacked_bar,Stacked bar chart,Requires a declared component-composition target,7,False,Requires a declared component-composition target,0,8,,False,,False
HAR__22,,,,,,,not_applicable,60,,,area,Area chart,Requires an ordered-trend or accumulation target,8,False,Requires an ordered-trend or accumulation target,0,9,,False,,False
HAR__22,,,,,,,not_applicable,60,,,bubble,Bubble chart,Requires a joint-association and size-variable target,9,False,Requires a joint-association and size-variable target,0,10,,False,,False
HAR__22,,,,,,,not_applicable,60,,,treemap,Treemap,Requires a meaningful hierarchy and part-to-whole target,11,False,Requires a meaningful hierarchy and part-to-whole target,0,12,,False,,False
HAR__22,,,,,,,not_applicable,60,,,choropleth,Choropleth map,Requires geographic identifiers and a geographic target,12,False,Requires geographic identifiers and a geographic target,0,13,,False,,False
HAR__23,Five-number,five_number,10.0,0.08577797017241384,83.33333333333334,True,qualifies,60,0.5627641003275978,1.0,box,Box plot,Five-number summary; min–max whiskers,5,True,Implemented for the declared marginal comparison,1,6,1.0,True,1.0,True
HAR__23,Five-number,five_number,10.0,0.08577797017241384,83.33333333333334,True,qualifies,60,0.5627641003275978,1.0,interval,Error-bar / interval plot,"Median dot, thick interquartile interval, thin min–max interval; not a confidence interval",14,True,Implemented for the declared marginal comparison,1,15,2.0,False,1.0,True
HAR__23,Binned,bins_8,18.0,0.07019790157343742,70.0,True,qualifies,60,0.46054784048230507,2.0,histogram,Histogram,Common bins with group probabilities,4,True,Implemented for the declared marginal comparison,5,5,3.0,False,3.0,False
HAR__23,Binned,bins_8,18.0,0.07019790157343742,70.0,True,qualifies,60,0.46054784048230507,2.0,heatmap,Heatmap,Two-by-bin probability matrix with common bin boundaries,6,True,Implemented for the declared marginal comparison,5,7,4.0,False,3.0,False
HAR__23,Density,density_16,34.0,0.039017018661797076,43.333333333333336,True,qualifies,60,0.25597921424973064,4.0,violin,Violin plot,Sampled density on the declared grid,13,True,Implemented for the declared marginal comparison,6,14,5.0,False,5.0,False
HAR__23,Observations,raw,60.0,0.0,0.0,True,qualifies,60,0.0,5.0,dot,Dot plot,Mean dots or all raw dots; report the chosen setting,10,True,Implemented for the declared marginal comparison,2,11,6.0,False,6.0,False
HAR__23,Means,means,2.0,0.19542627525833345,0.0,False,does_not_qualify,60,1.2821344659365543,14.0,bar,Bar chart,Two group means,0,True,Implemented for the declared marginal comparison,1,1,7.0,False,7.0,False
HAR__23,,,,,,,not_applicable,60,,,line,Line chart,Requires an ordered-trend target; row order is not time,1,False,Requires an ordered-trend target; row order is not time,0,2,,False,,False
HAR__23,,,,,,,not_applicable,60,,,scatter,Scatter plot,"Requires a joint-association target, not marginal contrast",2,False,"Requires a joint-association target, not marginal contrast",0,3,,False,,False
HAR__23,,,,,,,not_applicable,60,,,pie,Pie chart,Requires a declared part-to-whole target,3,False,Requires a declared part-to-whole target,0,4,,False,,False
HAR__23,,,,,,,not_applicable,60,,,stacked_bar,Stacked bar chart,Requires a declared component-composition target,7,False,Requires a declared component-composition target,0,8,,False,,False
HAR__23,,,,,,,not_applicable,60,,,area,Area chart,Requires an ordered-trend or accumulation target,8,False,Requires an ordered-trend or accumulation target,0,9,,False,,False
HAR__23,,,,,,,not_applicable,60,,,bubble,Bubble chart,Requires a joint-association and size-variable target,9,False,Requires a joint-association and size-variable target,0,10,,False,,False
HAR__23,,,,,,,not_applicable,60,,,treemap,Treemap,Requires a meaningful hierarchy and part-to-whole target,11,False,Requires a meaningful hierarchy and part-to-whole target,0,12,,False,,False
HAR__23,,,,,,,not_applicable,60,,,choropleth,Choropleth map,Requires geographic identifiers and a geographic target,12,False,Requires geographic identifiers and a geographic target,0,13,,False,,False
HAR__24,Five-number,five_number,10.0,0.026441566825,83.33333333333334,True,qualifies,60,0.6487693526808902,1.0,box,Box plot,Five-number summary; min–max whiskers,5,True,Implemented for the declared marginal comparison,1,6,1.0,True,1.0,True
HAR__24,Five-number,five_number,10.0,0.026441566825,83.33333333333334,True,qualifies,60,0.6487693526808902,1.0,interval,Error-bar / interval plot,"Median dot, thick interquartile interval, thin min–max interval; not a confidence interval",14,True,Implemented for the declared marginal comparison,1,15,2.0,False,1.0,True
HAR__24,Binned,bins_4,10.0,0.029974816300000012,83.33333333333334,True,qualifies,60,0.7354610374031648,2.0,histogram,Histogram,Common bins with group probabilities,4,True,Implemented for the declared marginal comparison,5,5,3.0,False,3.0,False
HAR__24,Binned,bins_4,10.0,0.029974816300000012,83.33333333333334,True,qualifies,60,0.7354610374031648,2.0,heatmap,Heatmap,Two-by-bin probability matrix with common bin boundaries,6,True,Implemented for the declared marginal comparison,5,7,4.0,False,3.0,False
HAR__24,Density,density_16,34.0,0.014206161883584104,43.333333333333336,True,qualifies,60,0.348561887814407,5.0,violin,Violin plot,Sampled density on the declared grid,13,True,Implemented for the declared marginal comparison,6,14,5.0,False,5.0,False
HAR__24,Observations,raw,60.0,0.0,0.0,True,qualifies,60,0.0,6.0,dot,Dot plot,Mean dots or all raw dots; report the chosen setting,10,True,Implemented for the declared marginal comparison,2,11,6.0,False,6.0,False
HAR__24,Means,means,2.0,0.04387814020000001,0.0,False,does_not_qualify,60,1.076592503114473,13.0,bar,Bar chart,Two group means,0,True,Implemented for the declared marginal comparison,1,1,7.0,False,7.0,False
HAR__24,,,,,,,not_applicable,60,,,line,Line chart,Requires an ordered-trend target; row order is not time,1,False,Requires an ordered-trend target; row order is not time,0,2,,False,,False
HAR__24,,,,,,,not_applicable,60,,,scatter,Scatter plot,"Requires a joint-association target, not marginal contrast",2,False,"Requires a joint-association target, not marginal contrast",0,3,,False,,False
HAR__24,,,,,,,not_applicable,60,,,pie,Pie chart,Requires a declared part-to-whole target,3,False,Requires a declared part-to-whole target,0,4,,False,,False
HAR__24,,,,,,,not_applicable,60,,,stacked_bar,Stacked bar chart,Requires a declared component-composition target,7,False,Requires a declared component-composition target,0,8,,False,,False
HAR__24,,,,,,,not_applicable,60,,,area,Area chart,Requires an ordered-trend or accumulation target,8,False,Requires an ordered-trend or accumulation target,0,9,,False,,False
HAR__24,,,,,,,not_applicable,60,,,bubble,Bubble chart,Requires a joint-association and size-variable target,9,False,Requires a joint-association and size-variable target,0,10,,False,,False
HAR__24,,,,,,,not_applicable,60,,,treemap,Treemap,Requires a meaningful hierarchy and part-to-whole target,11,False,Requires a meaningful hierarchy and part-to-whole target,0,12,,False,,False
HAR__24,,,,,,,not_applicable,60,,,choropleth,Choropleth map,Requires geographic identifiers and a geographic target,12,False,Requires geographic identifiers and a geographic target,0,13,,False,,False
HAR__25,Five-number,five_number,10.0,0.003098983965517249,83.33333333333334,True,qualifies,60,0.26126161767819456,1.0,box,Box plot,Five-number summary; min–max whiskers,5,True,Implemented for the declared marginal comparison,1,6,1.0,True,1.0,True
HAR__25,Five-number,five_number,10.0,0.003098983965517249,83.33333333333334,True,qualifies,60,0.26126161767819456,1.0,interval,Error-bar / interval plot,"Median dot, thick interquartile interval, thin min–max interval; not a confidence interval",14,True,Implemented for the declared marginal comparison,1,15,2.0,False,1.0,True
HAR__25,Binned,bins_4,10.0,0.007655585698275867,83.33333333333334,True,qualifies,60,0.6454085358495125,2.0,histogram,Histogram,Common bins with group probabilities,4,True,Implemented for the declared marginal comparison,5,5,3.0,False,3.0,False
HAR__25,Binned,bins_4,10.0,0.007655585698275867,83.33333333333334,True,qualifies,60,0.6454085358495125,2.0,heatmap,Heatmap,Two-by-bin probability matrix with common bin boundaries,6,True,Implemented for the declared marginal comparison,5,7,4.0,False,3.0,False
HAR__25,Density,density_8,18.0,0.007762068208110408,70.0,True,qualifies,60,0.6543856048125535,4.0,violin,Violin plot,Sampled density on the declared grid,13,True,Implemented for the declared marginal comparison,6,14,5.0,False,5.0,False
HAR__25,Observations,raw,60.0,0.0,0.0,True,qualifies,60,0.0,7.0,dot,Dot plot,Mean dots or all raw dots; report the chosen setting,10,True,Implemented for the declared marginal comparison,2,11,6.0,False,6.0,False
HAR__25,Means,means,2.0,0.0188637107,0.0,False,does_not_qualify,60,1.5903159318453843,14.0,bar,Bar chart,Two group means,0,True,Implemented for the declared marginal comparison,1,1,7.0,False,7.0,False
HAR__25,,,,,,,not_applicable,60,,,line,Line chart,Requires an ordered-trend target; row order is not time,1,False,Requires an ordered-trend target; row order is not time,0,2,,False,,False
HAR__25,,,,,,,not_applicable,60,,,scatter,Scatter plot,"Requires a joint-association target, not marginal contrast",2,False,"Requires a joint-association target, not marginal contrast",0,3,,False,,False
HAR__25,,,,,,,not_applicable,60,,,pie,Pie chart,Requires a declared part-to-whole target,3,False,Requires a declared part-to-whole target,0,4,,False,,False
HAR__25,,,,,,,not_applicable,60,,,stacked_bar,Stacked bar chart,Requires a declared component-composition target,7,False,Requires a declared component-composition target,0,8,,False,,False
HAR__25,,,,,,,not_applicable,60,,,area,Area chart,Requires an ordered-trend or accumulation target,8,False,Requires an ordered-trend or accumulation target,0,9,,False,,False
HAR__25,,,,,,,not_applicable,60,,,bubble,Bubble chart,Requires a joint-association and size-variable target,9,False,Requires a joint-association and size-variable target,0,10,,False,,False
HAR__25,,,,,,,not_applicable,60,,,treemap,Treemap,Requires a meaningful hierarchy and part-to-whole target,11,False,Requires a meaningful hierarchy and part-to-whole target,0,12,,False,,False
HAR__25,,,,,,,not_applicable,60,,,choropleth,Choropleth map,Requires geographic identifiers and a geographic target,12,False,Requires geographic identifiers and a geographic target,0,13,,False,,False
HAR__26,Means,means,2.0,0.030459586491666663,96.66666666666667,True,qualifies,60,0.7772158477551443,1.0,bar,Bar chart,Two group means,0,True,Implemented for the declared marginal comparison,1,1,1.0,True,1.0,True
HAR__26,Means,means,2.0,0.030459586491666663,96.66666666666667,True,qualifies,60,0.7772158477551443,1.0,dot,Dot plot,Mean dots or all raw dots; report the chosen setting,10,True,Implemented for the declared marginal comparison,2,11,2.0,False,1.0,True
HAR__26,Binned,bins_4,10.0,0.011996548250000003,83.33333333333334,True,qualifies,60,0.3061074851035861,2.0,histogram,Histogram,Common bins with group probabilities,4,True,Implemented for the declared marginal comparison,5,5,3.0,False,3.0,False
HAR__26,Binned,bins_4,10.0,0.011996548250000003,83.33333333333334,True,qualifies,60,0.3061074851035861,2.0,heatmap,Heatmap,Two-by-bin probability matrix with common bin boundaries,6,True,Implemented for the declared marginal comparison,5,7,4.0,False,3.0,False
HAR__26,Five-number,five_number,10.0,0.025690305475000008,83.33333333333334,True,qualifies,60,0.6555214580573324,3.0,box,Box plot,Five-number summary; min–max whiskers,5,True,Implemented for the declared marginal comparison,1,6,5.0,False,5.0,False
HAR__26,Five-number,five_number,10.0,0.025690305475000008,83.33333333333334,True,qualifies,60,0.6555214580573324,3.0,interval,Error-bar / interval plot,"Median dot, thick interquartile interval, thin min–max interval; not a confidence interval",14,True,Implemented for the declared marginal comparison,1,15,6.0,False,5.0,False
HAR__26,Density,density_8,18.0,0.0187628615314958,70.0,True,qualifies,60,0.4787587426869223,5.0,violin,Violin plot,Sampled density on the declared grid,13,True,Implemented for the declared marginal comparison,6,14,7.0,False,7.0,False
HAR__26,,,,,,,not_applicable,60,,,line,Line chart,Requires an ordered-trend target; row order is not time,1,False,Requires an ordered-trend target; row order is not time,0,2,,False,,False
HAR__26,,,,,,,not_applicable,60,,,scatter,Scatter plot,"Requires a joint-association target, not marginal contrast",2,False,"Requires a joint-association target, not marginal contrast",0,3,,False,,False
HAR__26,,,,,,,not_applicable,60,,,pie,Pie chart,Requires a declared part-to-whole target,3,False,Requires a declared part-to-whole target,0,4,,False,,False
HAR__26,,,,,,,not_applicable,60,,,stacked_bar,Stacked bar chart,Requires a declared component-composition target,7,False,Requires a declared component-composition target,0,8,,False,,False
HAR__26,,,,,,,not_applicable,60,,,area,Area chart,Requires an ordered-trend or accumulation target,8,False,Requires an ordered-trend or accumulation target,0,9,,False,,False
HAR__26,,,,,,,not_applicable,60,,,bubble,Bubble chart,Requires a joint-association and size-variable target,9,False,Requires a joint-association and size-variable target,0,10,,False,,False
HAR__26,,,,,,,not_applicable,60,,,treemap,Treemap,Requires a meaningful hierarchy and part-to-whole target,11,False,Requires a meaningful hierarchy and part-to-whole target,0,12,,False,,False
HAR__26,,,,,,,not_applicable,60,,,choropleth,Choropleth map,Requires geographic identifiers and a geographic target,12,False,Requires geographic identifiers and a geographic target,0,13,,False,,False
HAR__27,Means,means,2.0,0.1846357857166666,96.66666666666667,True,qualifies,60,0.6053368570333559,1.0,bar,Bar chart,Two group means,0,True,Implemented for the declared marginal comparison,1,1,1.0,True,1.0,True
HAR__27,Means,means,2.0,0.1846357857166666,96.66666666666667,True,qualifies,60,0.6053368570333559,1.0,dot,Dot plot,Mean dots or all raw dots; report the chosen setting,10,True,Implemented for the declared marginal comparison,2,11,2.0,False,1.0,True
HAR__27,Binned,bins_4,10.0,0.2146413594269737,83.33333333333334,True,qualifies,60,0.7037115009994656,2.0,histogram,Histogram,Common bins with group probabilities,4,True,Implemented for the declared marginal comparison,5,5,3.0,False,3.0,False
HAR__27,Binned,bins_4,10.0,0.2146413594269737,83.33333333333334,True,qualifies,60,0.7037115009994656,2.0,heatmap,Heatmap,Two-by-bin probability matrix with common bin boundaries,6,True,Implemented for the declared marginal comparison,5,7,4.0,False,3.0,False
HAR__27,Five-number,five_number,10.0,0.22357914844999993,83.33333333333334,True,qualifies,60,0.7330144505605459,3.0,box,Box plot,Five-number summary; min–max whiskers,5,True,Implemented for the declared marginal comparison,1,6,5.0,False,5.0,False
HAR__27,Five-number,five_number,10.0,0.22357914844999993,83.33333333333334,True,qualifies,60,0.7330144505605459,3.0,interval,Error-bar / interval plot,"Median dot, thick interquartile interval, thin min–max interval; not a confidence interval",14,True,Implemented for the declared marginal comparison,1,15,6.0,False,5.0,False
HAR__27,Density,density_8,18.0,0.15933934523093818,70.0,True,qualifies,60,0.5224013214418938,5.0,violin,Violin plot,Sampled density on the declared grid,13,True,Implemented for the declared marginal comparison,6,14,7.0,False,7.0,False
HAR__27,,,,,,,not_applicable,60,,,line,Line chart,Requires an ordered-trend target; row order is not time,1,False,Requires an ordered-trend target; row order is not time,0,2,,False,,False
HAR__27,,,,,,,not_applicable,60,,,scatter,Scatter plot,"Requires a joint-association target, not marginal contrast",2,False,"Requires a joint-association target, not marginal contrast",0,3,,False,,False
HAR__27,,,,,,,not_applicable,60,,,pie,Pie chart,Requires a declared part-to-whole target,3,False,Requires a declared part-to-whole target,0,4,,False,,False
HAR__27,,,,,,,not_applicable,60,,,stacked_bar,Stacked bar chart,Requires a declared component-composition target,7,False,Requires a declared component-composition target,0,8,,False,,False
HAR__27,,,,,,,not_applicable,60,,,area,Area chart,Requires an ordered-trend or accumulation target,8,False,Requires an ordered-trend or accumulation target,0,9,,False,,False
HAR__27,,,,,,,not_applicable,60,,,bubble,Bubble chart,Requires a joint-association and size-variable target,9,False,Requires a joint-association and size-variable target,0,10,,False,,False
HAR__27,,,,,,,not_applicable,60,,,treemap,Treemap,Requires a meaningful hierarchy and part-to-whole target,11,False,Requires a meaningful hierarchy and part-to-whole target,0,12,,False,,False
HAR__27,,,,,,,not_applicable,60,,,choropleth,Choropleth map,Requires geographic identifiers and a geographic target,12,False,Requires geographic identifiers and a geographic target,0,13,,False,,False
HAR__28,Means,means,2.0,0.3670997149999997,96.66666666666667,True,qualifies,60,0.8173976625570518,1.0,bar,Bar chart,Two group means,0,True,Implemented for the declared marginal comparison,1,1,1.0,True,1.0,True
HAR__28,Means,means,2.0,0.3670997149999997,96.66666666666667,True,qualifies,60,0.8173976625570518,1.0,dot,Dot plot,Mean dots or all raw dots; report the chosen setting,10,True,Implemented for the declared marginal comparison,2,11,2.0,False,1.0,True
HAR__28,Binned,bins_4,10.0,0.24410629258620709,83.33333333333334,True,qualifies,60,0.5435360062195461,2.0,histogram,Histogram,Common bins with group probabilities,4,True,Implemented for the declared marginal comparison,5,5,3.0,False,3.0,False
HAR__28,Binned,bins_4,10.0,0.24410629258620709,83.33333333333334,True,qualifies,60,0.5435360062195461,2.0,heatmap,Heatmap,Two-by-bin probability matrix with common bin boundaries,6,True,Implemented for the declared marginal comparison,5,7,4.0,False,3.0,False
HAR__28,Five-number,five_number,10.0,0.271988479,83.33333333333334,True,qualifies,60,0.605619503074384,3.0,box,Box plot,Five-number summary; min–max whiskers,5,True,Implemented for the declared marginal comparison,1,6,5.0,False,5.0,False
HAR__28,Five-number,five_number,10.0,0.271988479,83.33333333333334,True,qualifies,60,0.605619503074384,3.0,interval,Error-bar / interval plot,"Median dot, thick interquartile interval, thin min–max interval; not a confidence interval",14,True,Implemented for the declared marginal comparison,1,15,6.0,False,5.0,False
HAR__28,Density,density_16,34.0,0.07799078653880365,43.333333333333336,True,qualifies,60,0.17365714004382743,6.0,violin,Violin plot,Sampled density on the declared grid,13,True,Implemented for the declared marginal comparison,6,14,7.0,False,7.0,False
HAR__28,,,,,,,not_applicable,60,,,line,Line chart,Requires an ordered-trend target; row order is not time,1,False,Requires an ordered-trend target; row order is not time,0,2,,False,,False
HAR__28,,,,,,,not_applicable,60,,,scatter,Scatter plot,"Requires a joint-association target, not marginal contrast",2,False,"Requires a joint-association target, not marginal contrast",0,3,,False,,False
HAR__28,,,,,,,not_applicable,60,,,pie,Pie chart,Requires a declared part-to-whole target,3,False,Requires a declared part-to-whole target,0,4,,False,,False
HAR__28,,,,,,,not_applicable,60,,,stacked_bar,Stacked bar chart,Requires a declared component-composition target,7,False,Requires a declared component-composition target,0,8,,False,,False
HAR__28,,,,,,,not_applicable,60,,,area,Area chart,Requires an ordered-trend or accumulation target,8,False,Requires an ordered-trend or accumulation target,0,9,,False,,False
HAR__28,,,,,,,not_applicable,60,,,bubble,Bubble chart,Requires a joint-association and size-variable target,9,False,Requires a joint-association and size-variable target,0,10,,False,,False
HAR__28,,,,,,,not_applicable,60,,,treemap,Treemap,Requires a meaningful hierarchy and part-to-whole target,11,False,Requires a meaningful hierarchy and part-to-whole target,0,12,,False,,False
HAR__28,,,,,,,not_applicable,60,,,choropleth,Choropleth map,Requires geographic identifiers and a geographic target,12,False,Requires geographic identifiers and a geographic target,0,13,,False,,False
HAR__29,Five-number,five_number,10.0,0.026304752413793153,83.33333333333334,True,qualifies,60,0.16352003365413295,1.0,box,Box plot,Five-number summary; min–max whiskers,5,True,Implemented for the declared marginal comparison,1,6,1.0,True,1.0,True
HAR__29,Five-number,five_number,10.0,0.026304752413793153,83.33333333333334,True,qualifies,60,0.16352003365413295,1.0,interval,Error-bar / interval plot,"Median dot, thick interquartile interval, thin min–max interval; not a confidence interval",14,True,Implemented for the declared marginal comparison,1,15,2.0,False,1.0,True
HAR__29,Binned,bins_8,18.0,0.08804138168103459,70.0,True,qualifies,60,0.5472976695986761,2.0,histogram,Histogram,Common bins with group probabilities,4,True,Implemented for the declared marginal comparison,5,5,3.0,False,3.0,False
HAR__29,Binned,bins_8,18.0,0.08804138168103459,70.0,True,qualifies,60,0.5472976695986761,2.0,heatmap,Heatmap,Two-by-bin probability matrix with common bin boundaries,6,True,Implemented for the declared marginal comparison,5,7,4.0,False,3.0,False
HAR__29,Density,density_16,34.0,0.059340845212342064,43.333333333333336,True,qualifies,60,0.3688845594721807,4.0,violin,Violin plot,Sampled density on the declared grid,13,True,Implemented for the declared marginal comparison,6,14,5.0,False,5.0,False
HAR__29,Observations,raw,60.0,0.0,0.0,True,qualifies,60,0.0,5.0,dot,Dot plot,Mean dots or all raw dots; report the chosen setting,10,True,Implemented for the declared marginal comparison,2,11,6.0,False,6.0,False
HAR__29,Means,means,2.0,0.23240538500000008,0.0,False,does_not_qualify,60,1.444717508790333,14.0,bar,Bar chart,Two group means,0,True,Implemented for the declared marginal comparison,1,1,7.0,False,7.0,False
HAR__29,,,,,,,not_applicable,60,,,line,Line chart,Requires an ordered-trend target; row order is not time,1,False,Requires an ordered-trend target; row order is not time,0,2,,False,,False
HAR__29,,,,,,,not_applicable,60,,,scatter,Scatter plot,"Requires a joint-association target, not marginal contrast",2,False,"Requires a joint-association target, not marginal contrast",0,3,,False,,False
HAR__29,,,,,,,not_applicable,60,,,pie,Pie chart,Requires a declared part-to-whole target,3,False,Requires a declared part-to-whole target,0,4,,False,,False
HAR__29,,,,,,,not_applicable,60,,,stacked_bar,Stacked bar chart,Requires a declared component-composition target,7,False,Requires a declared component-composition target,0,8,,False,,False
HAR__29,,,,,,,not_applicable,60,,,area,Area chart,Requires an ordered-trend or accumulation target,8,False,Requires an ordered-trend or accumulation target,0,9,,False,,False
HAR__29,,,,,,,not_applicable,60,,,bubble,Bubble chart,Requires a joint-association and size-variable target,9,False,Requires a joint-association and size-variable target,0,10,,False,,False
HAR__29,,,,,,,not_applicable,60,,,treemap,Treemap,Requires a meaningful hierarchy and part-to-whole target,11,False,Requires a meaningful hierarchy and part-to-whole target,0,12,,False,,False
HAR__29,,,,,,,not_applicable,60,,,choropleth,Choropleth map,Requires geographic identifiers and a geographic target,12,False,Requires geographic identifiers and a geographic target,0,13,,False,,False
HAR__30,Five-number,five_number,10.0,0.06527286075000016,83.33333333333334,True,qualifies,60,0.49124475472854934,1.0,box,Box plot,Five-number summary; min–max whiskers,5,True,Implemented for the declared marginal comparison,1,6,1.0,True,1.0,True
HAR__30,Five-number,five_number,10.0,0.06527286075000016,83.33333333333334,True,qualifies,60,0.49124475472854934,1.0,interval,Error-bar / interval plot,"Median dot, thick interquartile interval, thin min–max interval; not a confidence interval",14,True,Implemented for the declared marginal comparison,1,15,2.0,False,1.0,True
HAR__30,Binned,bins_16,34.0,0.039643510476185306,43.333333333333336,True,qualifies,60,0.2983577915336318,2.0,histogram,Histogram,Common bins with group probabilities,4,True,Implemented for the declared marginal comparison,5,5,3.0,False,3.0,False
HAR__30,Binned,bins_16,34.0,0.039643510476185306,43.333333333333336,True,qualifies,60,0.2983577915336318,2.0,heatmap,Heatmap,Two-by-bin probability matrix with common bin boundaries,6,True,Implemented for the declared marginal comparison,5,7,4.0,False,3.0,False
HAR__30,Density,density_16,34.0,0.08936669342712866,43.333333333333336,True,qualifies,60,0.6725753841501603,3.0,violin,Violin plot,Sampled density on the declared grid,13,True,Implemented for the declared marginal comparison,6,14,5.0,False,5.0,False
HAR__30,Observations,raw,60.0,0.0,0.0,True,qualifies,60,0.0,4.0,dot,Dot plot,Mean dots or all raw dots; report the chosen setting,10,True,Implemented for the declared marginal comparison,2,11,6.0,False,6.0,False
HAR__30,Means,means,2.0,0.19457721549166662,0.0,False,does_not_qualify,60,1.464391715050847,13.0,bar,Bar chart,Two group means,0,True,Implemented for the declared marginal comparison,1,1,7.0,False,7.0,False
HAR__30,,,,,,,not_applicable,60,,,line,Line chart,Requires an ordered-trend target; row order is not time,1,False,Requires an ordered-trend target; row order is not time,0,2,,False,,False
HAR__30,,,,,,,not_applicable,60,,,scatter,Scatter plot,"Requires a joint-association target, not marginal contrast",2,False,"Requires a joint-association target, not marginal contrast",0,3,,False,,False
HAR__30,,,,,,,not_applicable,60,,,pie,Pie chart,Requires a declared part-to-whole target,3,False,Requires a declared part-to-whole target,0,4,,False,,False
HAR__30,,,,,,,not_applicable,60,,,stacked_bar,Stacked bar chart,Requires a declared component-composition target,7,False,Requires a declared component-composition target,0,8,,False,,False
HAR__30,,,,,,,not_applicable,60,,,area,Area chart,Requires an ordered-trend or accumulation target,8,False,Requires an ordered-trend or accumulation target,0,9,,False,,False
HAR__30,,,,,,,not_applicable,60,,,bubble,Bubble chart,Requires a joint-association and size-variable target,9,False,Requires a joint-association and size-variable target,0,10,,False,,False
HAR__30,,,,,,,not_applicable,60,,,treemap,Treemap,Requires a meaningful hierarchy and part-to-whole target,11,False,Requires a meaningful hierarchy and part-to-whole target,0,12,,False,,False
HAR__30,,,,,,,not_applicable,60,,,choropleth,Choropleth map,Requires geographic identifiers and a geographic target,12,False,Requires geographic identifiers and a geographic target,0,13,,False,,False
HAR__31,Five-number,five_number,10.0,0.04321412293103455,83.33333333333334,True,qualifies,60,0.4167970400900536,1.0,box,Box plot,Five-number summary; min–max whiskers,5,True,Implemented for the declared marginal comparison,1,6,1.0,True,1.0,True
HAR__31,Five-number,five_number,10.0,0.04321412293103455,83.33333333333334,True,qualifies,60,0.4167970400900536,1.0,interval,Error-bar / interval plot,"Median dot, thick interquartile interval, thin min–max interval; not a confidence interval",14,True,Implemented for the declared marginal comparison,1,15,2.0,False,1.0,True
HAR__31,Binned,bins_8,18.0,0.06091060341594823,70.0,True,qualifies,60,0.5874782939452927,2.0,histogram,Histogram,Common bins with group probabilities,4,True,Implemented for the declared marginal comparison,5,5,3.0,False,3.0,False
HAR__31,Binned,bins_8,18.0,0.06091060341594823,70.0,True,qualifies,60,0.5874782939452927,2.0,heatmap,Heatmap,Two-by-bin probability matrix with common bin boundaries,6,True,Implemented for the declared marginal comparison,5,7,4.0,False,3.0,False
HAR__31,Density,density_16,34.0,0.05371144690697749,43.333333333333336,True,qualifies,60,0.5180429584446119,4.0,violin,Violin plot,Sampled density on the declared grid,13,True,Implemented for the declared marginal comparison,6,14,5.0,False,5.0,False
HAR__31,Observations,raw,60.0,0.0,0.0,True,qualifies,60,0.0,5.0,dot,Dot plot,Mean dots or all raw dots; report the chosen setting,10,True,Implemented for the declared marginal comparison,2,11,6.0,False,6.0,False
HAR__31,Means,means,2.0,0.16234261066666678,0.0,False,does_not_qualify,60,1.5657825501710072,14.0,bar,Bar chart,Two group means,0,True,Implemented for the declared marginal comparison,1,1,7.0,False,7.0,False
HAR__31,,,,,,,not_applicable,60,,,line,Line chart,Requires an ordered-trend target; row order is not time,1,False,Requires an ordered-trend target; row order is not time,0,2,,False,,False
HAR__31,,,,,,,not_applicable,60,,,scatter,Scatter plot,"Requires a joint-association target, not marginal contrast",2,False,"Requires a joint-association target, not marginal contrast",0,3,,False,,False
HAR__31,,,,,,,not_applicable,60,,,pie,Pie chart,Requires a declared part-to-whole target,3,False,Requires a declared part-to-whole target,0,4,,False,,False
HAR__31,,,,,,,not_applicable,60,,,stacked_bar,Stacked bar chart,Requires a declared component-composition target,7,False,Requires a declared component-composition target,0,8,,False,,False
HAR__31,,,,,,,not_applicable,60,,,area,Area chart,Requires an ordered-trend or accumulation target,8,False,Requires an ordered-trend or accumulation target,0,9,,False,,False
HAR__31,,,,,,,not_applicable,60,,,bubble,Bubble chart,Requires a joint-association and size-variable target,9,False,Requires a joint-association and size-variable target,0,10,,False,,False
HAR__31,,,,,,,not_applicable,60,,,treemap,Treemap,Requires a meaningful hierarchy and part-to-whole target,11,False,Requires a meaningful hierarchy and part-to-whole target,0,12,,False,,False
HAR__31,,,,,,,not_applicable,60,,,choropleth,Choropleth map,Requires geographic identifiers and a geographic target,12,False,Requires geographic identifiers and a geographic target,0,13,,False,,False
HAR__32,Five-number,five_number,10.0,0.06527286075000016,83.33333333333334,True,qualifies,60,0.4743061199457819,1.0,box,Box plot,Five-number summary; min–max whiskers,5,True,Implemented for the declared marginal comparison,1,6,1.0,True,1.0,True
HAR__32,Five-number,five_number,10.0,0.06527286075000016,83.33333333333334,True,qualifies,60,0.4743061199457819,1.0,interval,Error-bar / interval plot,"Median dot, thick interquartile interval, thin min–max interval; not a confidence interval",14,True,Implemented for the declared marginal comparison,1,15,2.0,False,1.0,True
HAR__32,Density,density_8,18.0,0.13443695541595058,70.0,True,qualifies,60,0.9768879434423048,2.0,violin,Violin plot,Sampled density on the declared grid,13,True,Implemented for the declared marginal comparison,6,14,3.0,False,3.0,False
HAR__32,Binned,bins_8,18.0,0.1367653268976292,70.0,True,qualifies,60,0.9938070861086142,3.0,histogram,Histogram,Common bins with group probabilities,4,True,Implemented for the declared marginal comparison,5,5,4.0,False,4.0,False
HAR__32,Binned,bins_8,18.0,0.1367653268976292,70.0,True,qualifies,60,0.9938070861086142,3.0,heatmap,Heatmap,Two-by-bin probability matrix with common bin boundaries,6,True,Implemented for the declared marginal comparison,5,7,5.0,False,4.0,False
HAR__32,Observations,raw,60.0,0.0,0.0,True,qualifies,60,0.0,6.0,dot,Dot plot,Mean dots or all raw dots; report the chosen setting,10,True,Implemented for the declared marginal comparison,2,11,6.0,False,6.0,False
HAR__32,Means,means,2.0,0.19457721549166662,0.0,False,does_not_qualify,60,1.4138979516032084,13.0,bar,Bar chart,Two group means,0,True,Implemented for the declared marginal comparison,1,1,7.0,False,7.0,False
HAR__32,,,,,,,not_applicable,60,,,line,Line chart,Requires an ordered-trend target; row order is not time,1,False,Requires an ordered-trend target; row order is not time,0,2,,False,,False
HAR__32,,,,,,,not_applicable,60,,,scatter,Scatter plot,"Requires a joint-association target, not marginal contrast",2,False,"Requires a joint-association target, not marginal contrast",0,3,,False,,False
HAR__32,,,,,,,not_applicable,60,,,pie,Pie chart,Requires a declared part-to-whole target,3,False,Requires a declared part-to-whole target,0,4,,False,,False
HAR__32,,,,,,,not_applicable,60,,,stacked_bar,Stacked bar chart,Requires a declared component-composition target,7,False,Requires a declared component-composition target,0,8,,False,,False
HAR__32,,,,,,,not_applicable,60,,,area,Area chart,Requires an ordered-trend or accumulation target,8,False,Requires an ordered-trend or accumulation target,0,9,,False,,False
HAR__32,,,,,,,not_applicable,60,,,bubble,Bubble chart,Requires a joint-association and size-variable target,9,False,Requires a joint-association and size-variable target,0,10,,False,,False
HAR__32,,,,,,,not_applicable,60,,,treemap,Treemap,Requires a meaningful hierarchy and part-to-whole target,11,False,Requires a meaningful hierarchy and part-to-whole target,0,12,,False,,False
HAR__32,,,,,,,not_applicable,60,,,choropleth,Choropleth map,Requires geographic identifiers and a geographic target,12,False,Requires geographic identifiers and a geographic target,0,13,,False,,False
HAR__33,Five-number,five_number,10.0,0.04321412293103455,83.33333333333334,True,qualifies,60,0.43383195268888597,1.0,box,Box plot,Five-number summary; min–max whiskers,5,True,Implemented for the declared marginal comparison,1,6,1.0,True,1.0,True
HAR__33,Five-number,five_number,10.0,0.04321412293103455,83.33333333333334,True,qualifies,60,0.43383195268888597,1.0,interval,Error-bar / interval plot,"Median dot, thick interquartile interval, thin min–max interval; not a confidence interval",14,True,Implemented for the declared marginal comparison,1,15,2.0,False,1.0,True
HAR__33,Binned,bins_8,18.0,0.06091060341594823,70.0,True,qualifies,60,0.611489120387119,2.0,histogram,Histogram,Common bins with group probabilities,4,True,Implemented for the declared marginal comparison,5,5,3.0,False,3.0,False
HAR__33,Binned,bins_8,18.0,0.06091060341594823,70.0,True,qualifies,60,0.611489120387119,2.0,heatmap,Heatmap,Two-by-bin probability matrix with common bin boundaries,6,True,Implemented for the declared marginal comparison,5,7,4.0,False,3.0,False
HAR__33,Density,density_16,34.0,0.05371144690697749,43.333333333333336,True,qualifies,60,0.5392158931603618,4.0,violin,Violin plot,Sampled density on the declared grid,13,True,Implemented for the declared marginal comparison,6,14,5.0,False,5.0,False
HAR__33,Observations,raw,60.0,0.0,0.0,True,qualifies,60,0.0,5.0,dot,Dot plot,Mean dots or all raw dots; report the chosen setting,10,True,Implemented for the declared marginal comparison,2,11,6.0,False,6.0,False
HAR__33,Means,means,2.0,0.16234261066666678,0.0,False,does_not_qualify,60,1.629777651684149,14.0,bar,Bar chart,Two group means,0,True,Implemented for the declared marginal comparison,1,1,7.0,False,7.0,False
HAR__33,,,,,,,not_applicable,60,,,line,Line chart,Requires an ordered-trend target; row order is not time,1,False,Requires an ordered-trend target; row order is not time,0,2,,False,,False
HAR__33,,,,,,,not_applicable,60,,,scatter,Scatter plot,"Requires a joint-association target, not marginal contrast",2,False,"Requires a joint-association target, not marginal contrast",0,3,,False,,False
HAR__33,,,,,,,not_applicable,60,,,pie,Pie chart,Requires a declared part-to-whole target,3,False,Requires a declared part-to-whole target,0,4,,False,,False
HAR__33,,,,,,,not_applicable,60,,,stacked_bar,Stacked bar chart,Requires a declared component-composition target,7,False,Requires a declared component-composition target,0,8,,False,,False
HAR__33,,,,,,,not_applicable,60,,,area,Area chart,Requires an ordered-trend or accumulation target,8,False,Requires an ordered-trend or accumulation target,0,9,,False,,False
HAR__33,,,,,,,not_applicable,60,,,bubble,Bubble chart,Requires a joint-association and size-variable target,9,False,Requires a joint-association and size-variable target,0,10,,False,,False
HAR__33,,,,,,,not_applicable,60,,,treemap,Treemap,Requires a meaningful hierarchy and part-to-whole target,11,False,Requires a meaningful hierarchy and part-to-whole target,0,12,,False,,False
HAR__33,,,,,,,not_applicable,60,,,choropleth,Choropleth map,Requires geographic identifiers and a geographic target,12,False,Requires geographic identifiers and a geographic target,0,13,,False,,False
HAR__34,Five-number,five_number,10.0,0.1045152262500002,83.33333333333334,True,qualifies,60,0.5771921984504377,1.0,box,Box plot,Five-number summary; min–max whiskers,5,True,Implemented for the declared marginal comparison,1,6,1.0,True,1.0,True
HAR__34,Five-number,five_number,10.0,0.1045152262500002,83.33333333333334,True,qualifies,60,0.5771921984504377,1.0,interval,Error-bar / interval plot,"Median dot, thick interquartile interval, thin min–max interval; not a confidence interval",14,True,Implemented for the declared marginal comparison,1,15,2.0,False,1.0,True
HAR__34,Binned,bins_4,10.0,0.1797402791810342,83.33333333333334,True,qualifies,60,0.9926274918301328,2.0,histogram,Histogram,Common bins with group probabilities,4,True,Implemented for the declared marginal comparison,5,5,3.0,False,3.0,False
HAR__34,Binned,bins_4,10.0,0.1797402791810342,83.33333333333334,True,qualifies,60,0.9926274918301328,2.0,heatmap,Heatmap,Two-by-bin probability matrix with common bin boundaries,6,True,Implemented for the declared marginal comparison,5,7,4.0,False,3.0,False
HAR__34,Density,density_8,18.0,0.14926743232256445,70.0,True,qualifies,60,0.8243391944942828,4.0,violin,Violin plot,Sampled density on the declared grid,13,True,Implemented for the declared marginal comparison,6,14,5.0,False,5.0,False
HAR__34,Observations,raw,60.0,0.0,0.0,True,qualifies,60,0.0,7.0,dot,Dot plot,Mean dots or all raw dots; report the chosen setting,10,True,Implemented for the declared marginal comparison,2,11,6.0,False,6.0,False
HAR__34,Means,means,2.0,0.20921601956666647,0.0,False,does_not_qualify,60,1.1554092032091234,14.0,bar,Bar chart,Two group means,0,True,Implemented for the declared marginal comparison,1,1,7.0,False,7.0,False
HAR__34,,,,,,,not_applicable,60,,,line,Line chart,Requires an ordered-trend target; row order is not time,1,False,Requires an ordered-trend target; row order is not time,0,2,,False,,False
HAR__34,,,,,,,not_applicable,60,,,scatter,Scatter plot,"Requires a joint-association target, not marginal contrast",2,False,"Requires a joint-association target, not marginal contrast",0,3,,False,,False
HAR__34,,,,,,,not_applicable,60,,,pie,Pie chart,Requires a declared part-to-whole target,3,False,Requires a declared part-to-whole target,0,4,,False,,False
HAR__34,,,,,,,not_applicable,60,,,stacked_bar,Stacked bar chart,Requires a declared component-composition target,7,False,Requires a declared component-composition target,0,8,,False,,False
HAR__34,,,,,,,not_applicable,60,,,area,Area chart,Requires an ordered-trend or accumulation target,8,False,Requires an ordered-trend or accumulation target,0,9,,False,,False
HAR__34,,,,,,,not_applicable,60,,,bubble,Bubble chart,Requires a joint-association and size-variable target,9,False,Requires a joint-association and size-variable target,0,10,,False,,False
HAR__34,,,,,,,not_applicable,60,,,treemap,Treemap,Requires a meaningful hierarchy and part-to-whole target,11,False,Requires a meaningful hierarchy and part-to-whole target,0,12,,False,,False
HAR__34,,,,,,,not_applicable,60,,,choropleth,Choropleth map,Requires geographic identifiers and a geographic target,12,False,Requires geographic identifiers and a geographic target,0,13,,False,,False
HAR__35,Five-number,five_number,10.0,0.0759689615000001,83.33333333333334,True,qualifies,60,0.5015552055074468,1.0,box,Box plot,Five-number summary; min–max whiskers,5,True,Implemented for the declared marginal comparison,1,6,1.0,True,1.0,True
HAR__35,Five-number,five_number,10.0,0.0759689615000001,83.33333333333334,True,qualifies,60,0.5015552055074468,1.0,interval,Error-bar / interval plot,"Median dot, thick interquartile interval, thin min–max interval; not a confidence interval",14,True,Implemented for the declared marginal comparison,1,15,2.0,False,1.0,True
HAR__35,Binned,bins_8,18.0,0.09977636764778319,70.0,True,qualifies,60,0.6587342460956295,2.0,histogram,Histogram,Common bins with group probabilities,4,True,Implemented for the declared marginal comparison,5,5,3.0,False,3.0,False
HAR__35,Binned,bins_8,18.0,0.09977636764778319,70.0,True,qualifies,60,0.6587342460956295,2.0,heatmap,Heatmap,Two-by-bin probability matrix with common bin boundaries,6,True,Implemented for the declared marginal comparison,5,7,4.0,False,3.0,False
HAR__35,Density,density_16,34.0,0.06814201834456324,43.333333333333336,True,qualifies,60,0.4498808900329588,4.0,violin,Violin plot,Sampled density on the declared grid,13,True,Implemented for the declared marginal comparison,6,14,5.0,False,5.0,False
HAR__35,Observations,raw,60.0,0.0,0.0,True,qualifies,60,0.0,5.0,dot,Dot plot,Mean dots or all raw dots; report the chosen setting,10,True,Implemented for the declared marginal comparison,2,11,6.0,False,6.0,False
HAR__35,Means,means,2.0,0.22515496668000012,0.0,False,does_not_qualify,60,1.4864971608728605,14.0,bar,Bar chart,Two group means,0,True,Implemented for the declared marginal comparison,1,1,7.0,False,7.0,False
HAR__35,,,,,,,not_applicable,60,,,line,Line chart,Requires an ordered-trend target; row order is not time,1,False,Requires an ordered-trend target; row order is not time,0,2,,False,,False
HAR__35,,,,,,,not_applicable,60,,,scatter,Scatter plot,"Requires a joint-association target, not marginal contrast",2,False,"Requires a joint-association target, not marginal contrast",0,3,,False,,False
HAR__35,,,,,,,not_applicable,60,,,pie,Pie chart,Requires a declared part-to-whole target,3,False,Requires a declared part-to-whole target,0,4,,False,,False
HAR__35,,,,,,,not_applicable,60,,,stacked_bar,Stacked bar chart,Requires a declared component-composition target,7,False,Requires a declared component-composition target,0,8,,False,,False
HAR__35,,,,,,,not_applicable,60,,,area,Area chart,Requires an ordered-trend or accumulation target,8,False,Requires an ordered-trend or accumulation target,0,9,,False,,False
HAR__35,,,,,,,not_applicable,60,,,bubble,Bubble chart,Requires a joint-association and size-variable target,9,False,Requires a joint-association and size-variable target,0,10,,False,,False
HAR__35,,,,,,,not_applicable,60,,,treemap,Treemap,Requires a meaningful hierarchy and part-to-whole target,11,False,Requires a meaningful hierarchy and part-to-whole target,0,12,,False,,False
HAR__35,,,,,,,not_applicable,60,,,choropleth,Choropleth map,Requires geographic identifiers and a geographic target,12,False,Requires geographic identifiers and a geographic target,0,13,,False,,False
HAR__36,Five-number,five_number,10.0,0.056105092155172676,83.33333333333334,True,qualifies,60,0.27724474812899047,1.0,box,Box plot,Five-number summary; min–max whiskers,5,True,Implemented for the declared marginal comparison,1,6,1.0,True,1.0,True
HAR__36,Five-number,five_number,10.0,0.056105092155172676,83.33333333333334,True,qualifies,60,0.27724474812899047,1.0,interval,Error-bar / interval plot,"Median dot, thick interquartile interval, thin min–max interval; not a confidence interval",14,True,Implemented for the declared marginal comparison,1,15,2.0,False,1.0,True
HAR__36,Binned,bins_8,18.0,0.11792825964439657,70.0,True,qualifies,60,0.5827455117973025,2.0,histogram,Histogram,Common bins with group probabilities,4,True,Implemented for the declared marginal comparison,5,5,3.0,False,3.0,False
HAR__36,Binned,bins_8,18.0,0.11792825964439657,70.0,True,qualifies,60,0.5827455117973025,2.0,heatmap,Heatmap,Two-by-bin probability matrix with common bin boundaries,6,True,Implemented for the declared marginal comparison,5,7,4.0,False,3.0,False
HAR__36,Density,density_16,34.0,0.09447891046193724,43.333333333333336,True,qualifies,60,0.4668699529460851,4.0,violin,Violin plot,Sampled density on the declared grid,13,True,Implemented for the declared marginal comparison,6,14,5.0,False,5.0,False
HAR__36,Observations,raw,60.0,0.0,0.0,True,qualifies,60,0.0,5.0,dot,Dot plot,Mean dots or all raw dots; report the chosen setting,10,True,Implemented for the declared marginal comparison,2,11,6.0,False,6.0,False
HAR__36,Means,means,2.0,0.2891284310125001,0.0,False,does_not_qualify,60,1.428735538144917,14.0,bar,Bar chart,Two group means,0,True,Implemented for the declared marginal comparison,1,1,7.0,False,7.0,False
HAR__36,,,,,,,not_applicable,60,,,line,Line chart,Requires an ordered-trend target; row order is not time,1,False,Requires an ordered-trend target; row order is not time,0,2,,False,,False
HAR__36,,,,,,,not_applicable,60,,,scatter,Scatter plot,"Requires a joint-association target, not marginal contrast",2,False,"Requires a joint-association target, not marginal contrast",0,3,,False,,False
HAR__36,,,,,,,not_applicable,60,,,pie,Pie chart,Requires a declared part-to-whole target,3,False,Requires a declared part-to-whole target,0,4,,False,,False
HAR__36,,,,,,,not_applicable,60,,,stacked_bar,Stacked bar chart,Requires a declared component-composition target,7,False,Requires a declared component-composition target,0,8,,False,,False
HAR__36,,,,,,,not_applicable,60,,,area,Area chart,Requires an ordered-trend or accumulation target,8,False,Requires an ordered-trend or accumulation target,0,9,,False,,False
HAR__36,,,,,,,not_applicable,60,,,bubble,Bubble chart,Requires a joint-association and size-variable target,9,False,Requires a joint-association and size-variable target,0,10,,False,,False
HAR__36,,,,,,,not_applicable,60,,,treemap,Treemap,Requires a meaningful hierarchy and part-to-whole target,11,False,Requires a meaningful hierarchy and part-to-whole target,0,12,,False,,False
HAR__36,,,,,,,not_applicable,60,,,choropleth,Choropleth map,Requires geographic identifiers and a geographic target,12,False,Requires geographic identifiers and a geographic target,0,13,,False,,False
HAR__37,Five-number,five_number,10.0,0.17193084586206886,83.33333333333334,True,qualifies,60,0.790297511461122,1.0,box,Box plot,Five-number summary; min–max whiskers,5,True,Implemented for the declared marginal comparison,1,6,1.0,True,1.0,True
HAR__37,Five-number,five_number,10.0,0.17193084586206886,83.33333333333334,True,qualifies,60,0.790297511461122,1.0,interval,Error-bar / interval plot,"Median dot, thick interquartile interval, thin min–max interval; not a confidence interval",14,True,Implemented for the declared marginal comparison,1,15,2.0,False,1.0,True
HAR__37,Binned,bins_4,10.0,0.2164342771810347,83.33333333333334,True,qualifies,60,0.9948620318443666,2.0,histogram,Histogram,Common bins with group probabilities,4,True,Implemented for the declared marginal comparison,5,5,3.0,False,3.0,False
HAR__37,Binned,bins_4,10.0,0.2164342771810347,83.33333333333334,True,qualifies,60,0.9948620318443666,2.0,heatmap,Heatmap,Two-by-bin probability matrix with common bin boundaries,6,True,Implemented for the declared marginal comparison,5,7,4.0,False,3.0,False
HAR__37,Density,density_16,34.0,0.07117111486285621,43.333333333333336,True,qualifies,60,0.32714522331352025,4.0,violin,Violin plot,Sampled density on the declared grid,13,True,Implemented for the declared marginal comparison,6,14,5.0,False,5.0,False
HAR__37,Observations,raw,60.0,0.0,0.0,True,qualifies,60,0.0,6.0,dot,Dot plot,Mean dots or all raw dots; report the chosen setting,10,True,Implemented for the declared marginal comparison,2,11,6.0,False,6.0,False
HAR__37,Means,means,2.0,0.31448443564999984,0.0,False,does_not_qualify,60,1.4455594959780396,14.0,bar,Bar chart,Two group means,0,True,Implemented for the declared marginal comparison,1,1,7.0,False,7.0,False
HAR__37,,,,,,,not_applicable,60,,,line,Line chart,Requires an ordered-trend target; row order is not time,1,False,Requires an ordered-trend target; row order is not time,0,2,,False,,False
HAR__37,,,,,,,not_applicable,60,,,scatter,Scatter plot,"Requires a joint-association target, not marginal contrast",2,False,"Requires a joint-association target, not marginal contrast",0,3,,False,,False
HAR__37,,,,,,,not_applicable,60,,,pie,Pie chart,Requires a declared part-to-whole target,3,False,Requires a declared part-to-whole target,0,4,,False,,False
HAR__37,,,,,,,not_applicable,60,,,stacked_bar,Stacked bar chart,Requires a declared component-composition target,7,False,Requires a declared component-composition target,0,8,,False,,False
HAR__37,,,,,,,not_applicable,60,,,area,Area chart,Requires an ordered-trend or accumulation target,8,False,Requires an ordered-trend or accumulation target,0,9,,False,,False
HAR__37,,,,,,,not_applicable,60,,,bubble,Bubble chart,Requires a joint-association and size-variable target,9,False,Requires a joint-association and size-variable target,0,10,,False,,False
HAR__37,,,,,,,not_applicable,60,,,treemap,Treemap,Requires a meaningful hierarchy and part-to-whole target,11,False,Requires a meaningful hierarchy and part-to-whole target,0,12,,False,,False
HAR__37,,,,,,,not_applicable,60,,,choropleth,Choropleth map,Requires geographic identifiers and a geographic target,12,False,Requires geographic identifiers and a geographic target,0,13,,False,,False
HAR__38,Means,means,2.0,0.23084481796,96.66666666666667,True,qualifies,60,0.9817503786475282,1.0,bar,Bar chart,Two group means,0,True,Implemented for the declared marginal comparison,1,1,1.0,True,1.0,True
HAR__38,Means,means,2.0,0.23084481796,96.66666666666667,True,qualifies,60,0.9817503786475282,1.0,dot,Dot plot,Mean dots or all raw dots; report the chosen setting,10,True,Implemented for the declared marginal comparison,2,11,2.0,False,1.0,True
HAR__38,Five-number,five_number,10.0,0.13825340370999994,83.33333333333334,True,qualifies,60,0.5879721825296547,2.0,box,Box plot,Five-number summary; min–max whiskers,5,True,Implemented for the declared marginal comparison,1,6,3.0,False,3.0,False
HAR__38,Five-number,five_number,10.0,0.13825340370999994,83.33333333333334,True,qualifies,60,0.5879721825296547,2.0,interval,Error-bar / interval plot,"Median dot, thick interquartile interval, thin min–max interval; not a confidence interval",14,True,Implemented for the declared marginal comparison,1,15,4.0,False,3.0,False
HAR__38,Binned,bins_4,10.0,0.18351136667767243,83.33333333333334,True,qualifies,60,0.7804479013825998,3.0,histogram,Histogram,Common bins with group probabilities,4,True,Implemented for the declared marginal comparison,5,5,5.0,False,5.0,False
HAR__38,Binned,bins_4,10.0,0.18351136667767243,83.33333333333334,True,qualifies,60,0.7804479013825998,3.0,heatmap,Heatmap,Two-by-bin probability matrix with common bin boundaries,6,True,Implemented for the declared marginal comparison,5,7,6.0,False,5.0,False
HAR__38,Density,density_8,18.0,0.15383235514987004,70.0,True,qualifies,60,0.6542272607687257,5.0,violin,Violin plot,Sampled density on the declared grid,13,True,Implemented for the declared marginal comparison,6,14,7.0,False,7.0,False
HAR__38,,,,,,,not_applicable,60,,,line,Line chart,Requires an ordered-trend target; row order is not time,1,False,Requires an ordered-trend target; row order is not time,0,2,,False,,False
HAR__38,,,,,,,not_applicable,60,,,scatter,Scatter plot,"Requires a joint-association target, not marginal contrast",2,False,"Requires a joint-association target, not marginal contrast",0,3,,False,,False
HAR__38,,,,,,,not_applicable,60,,,pie,Pie chart,Requires a declared part-to-whole target,3,False,Requires a declared part-to-whole target,0,4,,False,,False
HAR__38,,,,,,,not_applicable,60,,,stacked_bar,Stacked bar chart,Requires a declared component-composition target,7,False,Requires a declared component-composition target,0,8,,False,,False
HAR__38,,,,,,,not_applicable,60,,,area,Area chart,Requires an ordered-trend or accumulation target,8,False,Requires an ordered-trend or accumulation target,0,9,,False,,False
HAR__38,,,,,,,not_applicable,60,,,bubble,Bubble chart,Requires a joint-association and size-variable target,9,False,Requires a joint-association and size-variable target,0,10,,False,,False
HAR__38,,,,,,,not_applicable,60,,,treemap,Treemap,Requires a meaningful hierarchy and part-to-whole target,11,False,Requires a meaningful hierarchy and part-to-whole target,0,12,,False,,False
HAR__38,,,,,,,not_applicable,60,,,choropleth,Choropleth map,Requires geographic identifiers and a geographic target,12,False,Requires geographic identifiers and a geographic target,0,13,,False,,False
HAR__39,Five-number,five_number,10.0,0.26012737982758627,83.33333333333334,True,qualifies,60,0.7116247627656551,1.0,box,Box plot,Five-number summary; min–max whiskers,5,True,Implemented for the declared marginal comparison,1,6,1.0,True,1.0,True
HAR__39,Five-number,five_number,10.0,0.26012737982758627,83.33333333333334,True,qualifies,60,0.7116247627656551,1.0,interval,Error-bar / interval plot,"Median dot, thick interquartile interval, thin min–max interval; not a confidence interval",14,True,Implemented for the declared marginal comparison,1,15,2.0,False,1.0,True
HAR__39,Binned,bins_4,10.0,0.2783731924655174,83.33333333333334,True,qualifies,60,0.7615394318733065,2.0,histogram,Histogram,Common bins with group probabilities,4,True,Implemented for the declared marginal comparison,5,5,3.0,False,3.0,False
HAR__39,Binned,bins_4,10.0,0.2783731924655174,83.33333333333334,True,qualifies,60,0.7615394318733065,2.0,heatmap,Heatmap,Two-by-bin probability matrix with common bin boundaries,6,True,Implemented for the declared marginal comparison,5,7,4.0,False,3.0,False
HAR__39,Density,density_16,34.0,0.08991227645882993,43.333333333333336,True,qualifies,60,0.2459710409843963,4.0,violin,Violin plot,Sampled density on the declared grid,13,True,Implemented for the declared marginal comparison,6,14,5.0,False,5.0,False
HAR__39,Observations,raw,60.0,0.0,0.0,True,qualifies,60,0.0,6.0,dot,Dot plot,Mean dots or all raw dots; report the chosen setting,10,True,Implemented for the declared marginal comparison,2,11,6.0,False,6.0,False
HAR__39,Means,means,2.0,0.38172321958333333,0.0,False,does_not_qualify,60,1.044271832354512,13.0,bar,Bar chart,Two group means,0,True,Implemented for the declared marginal comparison,1,1,7.0,False,7.0,False
HAR__39,,,,,,,not_applicable,60,,,line,Line chart,Requires an ordered-trend target; row order is not time,1,False,Requires an ordered-trend target; row order is not time,0,2,,False,,False
HAR__39,,,,,,,not_applicable,60,,,scatter,Scatter plot,"Requires a joint-association target, not marginal contrast",2,False,"Requires a joint-association target, not marginal contrast",0,3,,False,,False
HAR__39,,,,,,,not_applicable,60,,,pie,Pie chart,Requires a declared part-to-whole target,3,False,Requires a declared part-to-whole target,0,4,,False,,False
HAR__39,,,,,,,not_applicable,60,,,stacked_bar,Stacked bar chart,Requires a declared component-composition target,7,False,Requires a declared component-composition target,0,8,,False,,False
HAR__39,,,,,,,not_applicable,60,,,area,Area chart,Requires an ordered-trend or accumulation target,8,False,Requires an ordered-trend or accumulation target,0,9,,False,,False
HAR__39,,,,,,,not_applicable,60,,,bubble,Bubble chart,Requires a joint-association and size-variable target,9,False,Requires a joint-association and size-variable target,0,10,,False,,False
HAR__39,,,,,,,not_applicable,60,,,treemap,Treemap,Requires a meaningful hierarchy and part-to-whole target,11,False,Requires a meaningful hierarchy and part-to-whole target,0,12,,False,,False
HAR__39,,,,,,,not_applicable,60,,,choropleth,Choropleth map,Requires geographic identifiers and a geographic target,12,False,Requires geographic identifiers and a geographic target,0,13,,False,,False
BIDMC__00,Means,means,2.0,3.29640575400488,97.82608695652173,True,qualifies,92,0.573028972777864,1.0,bar,Bar chart,Two group means,0,True,Implemented for the declared marginal comparison,1,1,1.0,True,1.0,True
BIDMC__00,Means,means,2.0,3.29640575400488,97.82608695652173,True,qualifies,92,0.573028972777864,1.0,dot,Dot plot,Mean dots or all raw dots; report the chosen setting,10,True,Implemented for the declared marginal comparison,2,11,2.0,False,1.0,True
BIDMC__00,Binned,bins_4,10.0,3.7564949698630272,89.13043478260869,True,qualifies,92,0.653008341345905,2.0,histogram,Histogram,Common bins with group probabilities,4,True,Implemented for the declared marginal comparison,5,5,3.0,False,3.0,False
BIDMC__00,Binned,bins_4,10.0,3.7564949698630272,89.13043478260869,True,qualifies,92,0.653008341345905,2.0,heatmap,Heatmap,Two-by-bin probability matrix with common bin boundaries,6,True,Implemented for the declared marginal comparison,5,7,4.0,False,3.0,False
BIDMC__00,Five-number,five_number,10.0,3.9829563275473703,89.13043478260869,True,qualifies,92,0.6923751331949,3.0,box,Box plot,Five-number summary; min–max whiskers,5,True,Implemented for the declared marginal comparison,1,6,5.0,False,5.0,False
BIDMC__00,Five-number,five_number,10.0,3.9829563275473703,89.13043478260869,True,qualifies,92,0.6923751331949,3.0,interval,Error-bar / interval plot,"Median dot, thick interquartile interval, thin min–max interval; not a confidence interval",14,True,Implemented for the declared marginal comparison,1,15,6.0,False,5.0,False
BIDMC__00,Density,density_8,18.0,3.035561916104342,80.43478260869566,True,qualifies,92,0.5276853204359201,5.0,violin,Violin plot,Sampled density on the declared grid,13,True,Implemented for the declared marginal comparison,6,14,7.0,False,7.0,False
BIDMC__00,,,,,,,not_applicable,92,,,line,Line chart,Requires an ordered-trend target; row order is not time,1,False,Requires an ordered-trend target; row order is not time,0,2,,False,,False
BIDMC__00,,,,,,,not_applicable,92,,,scatter,Scatter plot,"Requires a joint-association target, not marginal contrast",2,False,"Requires a joint-association target, not marginal contrast",0,3,,False,,False
BIDMC__00,,,,,,,not_applicable,92,,,pie,Pie chart,Requires a declared part-to-whole target,3,False,Requires a declared part-to-whole target,0,4,,False,,False
BIDMC__00,,,,,,,not_applicable,92,,,stacked_bar,Stacked bar chart,Requires a declared component-composition target,7,False,Requires a declared component-composition target,0,8,,False,,False
BIDMC__00,,,,,,,not_applicable,92,,,area,Area chart,Requires an ordered-trend or accumulation target,8,False,Requires an ordered-trend or accumulation target,0,9,,False,,False
BIDMC__00,,,,,,,not_applicable,92,,,bubble,Bubble chart,Requires a joint-association and size-variable target,9,False,Requires a joint-association and size-variable target,0,10,,False,,False
BIDMC__00,,,,,,,not_applicable,92,,,treemap,Treemap,Requires a meaningful hierarchy and part-to-whole target,11,False,Requires a meaningful hierarchy and part-to-whole target,0,12,,False,,False
BIDMC__00,,,,,,,not_applicable,92,,,choropleth,Choropleth map,Requires geographic identifiers and a geographic target,12,False,Requires geographic identifiers and a geographic target,0,13,,False,,False
BIDMC__01,Means,means,2.0,1.5652173913043583,97.82608695652173,True,qualifies,92,0.3913043478260896,1.0,bar,Bar chart,Two group means,0,True,Implemented for the declared marginal comparison,1,1,1.0,True,1.0,True
BIDMC__01,Means,means,2.0,1.5652173913043583,97.82608695652173,True,qualifies,92,0.3913043478260896,1.0,dot,Dot plot,Mean dots or all raw dots; report the chosen setting,10,True,Implemented for the declared marginal comparison,2,11,2.0,False,1.0,True
BIDMC__01,Five-number,five_number,10.0,2.6000000000000085,89.13043478260869,True,qualifies,92,0.6500000000000021,2.0,box,Box plot,Five-number summary; min–max whiskers,5,True,Implemented for the declared marginal comparison,1,6,3.0,False,3.0,False
BIDMC__01,Five-number,five_number,10.0,2.6000000000000085,89.13043478260869,True,qualifies,92,0.6500000000000021,2.0,interval,Error-bar / interval plot,"Median dot, thick interquartile interval, thin min–max interval; not a confidence interval",14,True,Implemented for the declared marginal comparison,1,15,4.0,False,3.0,False
BIDMC__01,Binned,bins_4,10.0,2.6098765432098645,89.13043478260869,True,qualifies,92,0.6524691358024661,3.0,histogram,Histogram,Common bins with group probabilities,4,True,Implemented for the declared marginal comparison,5,5,5.0,False,5.0,False
BIDMC__01,Binned,bins_4,10.0,2.6098765432098645,89.13043478260869,True,qualifies,92,0.6524691358024661,3.0,heatmap,Heatmap,Two-by-bin probability matrix with common bin boundaries,6,True,Implemented for the declared marginal comparison,5,7,6.0,False,5.0,False
BIDMC__01,Density,density_8,18.0,1.7488924512888673,80.43478260869566,True,qualifies,92,0.4372231128222168,4.0,violin,Violin plot,Sampled density on the declared grid,13,True,Implemented for the declared marginal comparison,6,14,7.0,False,7.0,False
BIDMC__01,,,,,,,not_applicable,92,,,line,Line chart,Requires an ordered-trend target; row order is not time,1,False,Requires an ordered-trend target; row order is not time,0,2,,False,,False
BIDMC__01,,,,,,,not_applicable,92,,,scatter,Scatter plot,"Requires a joint-association target, not marginal contrast",2,False,"Requires a joint-association target, not marginal contrast",0,3,,False,,False
BIDMC__01,,,,,,,not_applicable,92,,,pie,Pie chart,Requires a declared part-to-whole target,3,False,Requires a declared part-to-whole target,0,4,,False,,False
BIDMC__01,,,,,,,not_applicable,92,,,stacked_bar,Stacked bar chart,Requires a declared component-composition target,7,False,Requires a declared component-composition target,0,8,,False,,False
BIDMC__01,,,,,,,not_applicable,92,,,area,Area chart,Requires an ordered-trend or accumulation target,8,False,Requires an ordered-trend or accumulation target,0,9,,False,,False
BIDMC__01,,,,,,,not_applicable,92,,,bubble,Bubble chart,Requires a joint-association and size-variable target,9,False,Requires a joint-association and size-variable target,0,10,,False,,False
BIDMC__01,,,,,,,not_applicable,92,,,treemap,Treemap,Requires a meaningful hierarchy and part-to-whole target,11,False,Requires a meaningful hierarchy and part-to-whole target,0,12,,False,,False
BIDMC__01,,,,,,,not_applicable,92,,,choropleth,Choropleth map,Requires geographic identifiers and a geographic target,12,False,Requires geographic identifiers and a geographic target,0,13,,False,,False
BIDMC__02,Means,means,2.0,2.5869565217391397,97.82608695652173,True,qualifies,92,0.22446477412053317,1.0,bar,Bar chart,Two group means,0,True,Implemented for the declared marginal comparison,1,1,1.0,True,1.0,True
BIDMC__02,Means,means,2.0,2.5869565217391397,97.82608695652173,True,qualifies,92,0.22446477412053317,1.0,dot,Dot plot,Mean dots or all raw dots; report the chosen setting,10,True,Implemented for the declared marginal comparison,2,11,2.0,False,1.0,True
BIDMC__02,Binned,bins_4,10.0,3.5,89.13043478260869,True,qualifies,92,0.3036876355748379,2.0,histogram,Histogram,Common bins with group probabilities,4,True,Implemented for the declared marginal comparison,5,5,3.0,False,3.0,False
BIDMC__02,Binned,bins_4,10.0,3.5,89.13043478260869,True,qualifies,92,0.3036876355748379,2.0,heatmap,Heatmap,Two-by-bin probability matrix with common bin boundaries,6,True,Implemented for the declared marginal comparison,5,7,4.0,False,3.0,False
BIDMC__02,Five-number,five_number,10.0,4.311111111111117,89.13043478260869,True,qualifies,92,0.3740660400096421,3.0,box,Box plot,Five-number summary; min–max whiskers,5,True,Implemented for the declared marginal comparison,1,6,5.0,False,5.0,False
BIDMC__02,Five-number,five_number,10.0,4.311111111111117,89.13043478260869,True,qualifies,92,0.3740660400096421,3.0,interval,Error-bar / interval plot,"Median dot, thick interquartile interval, thin min–max interval; not a confidence interval",14,True,Implemented for the declared marginal comparison,1,15,6.0,False,5.0,False
BIDMC__02,Density,density_8,18.0,2.0556003931539664,80.43478260869566,True,qualifies,92,0.17836012088103864,5.0,violin,Violin plot,Sampled density on the declared grid,13,True,Implemented for the declared marginal comparison,6,14,7.0,False,7.0,False
BIDMC__02,,,,,,,not_applicable,92,,,line,Line chart,Requires an ordered-trend target; row order is not time,1,False,Requires an ordered-trend target; row order is not time,0,2,,False,,False
BIDMC__02,,,,,,,not_applicable,92,,,scatter,Scatter plot,"Requires a joint-association target, not marginal contrast",2,False,"Requires a joint-association target, not marginal contrast",0,3,,False,,False
BIDMC__02,,,,,,,not_applicable,92,,,pie,Pie chart,Requires a declared part-to-whole target,3,False,Requires a declared part-to-whole target,0,4,,False,,False
BIDMC__02,,,,,,,not_applicable,92,,,stacked_bar,Stacked bar chart,Requires a declared component-composition target,7,False,Requires a declared component-composition target,0,8,,False,,False
BIDMC__02,,,,,,,not_applicable,92,,,area,Area chart,Requires an ordered-trend or accumulation target,8,False,Requires an ordered-trend or accumulation target,0,9,,False,,False
BIDMC__02,,,,,,,not_applicable,92,,,bubble,Bubble chart,Requires a joint-association and size-variable target,9,False,Requires a joint-association and size-variable target,0,10,,False,,False
BIDMC__02,,,,,,,not_applicable,92,,,treemap,Treemap,Requires a meaningful hierarchy and part-to-whole target,11,False,Requires a meaningful hierarchy and part-to-whole target,0,12,,False,,False
BIDMC__02,,,,,,,not_applicable,92,,,choropleth,Choropleth map,Requires geographic identifiers and a geographic target,12,False,Requires geographic identifiers and a geographic target,0,13,,False,,False
BIDMC__03,Means,means,2.0,2.326086956521749,97.82608695652173,True,qualifies,92,0.5815217391304373,1.0,bar,Bar chart,Two group means,0,True,Implemented for the declared marginal comparison,1,1,1.0,True,1.0,True
BIDMC__03,Means,means,2.0,2.326086956521749,97.82608695652173,True,qualifies,92,0.5815217391304373,1.0,dot,Dot plot,Mean dots or all raw dots; report the chosen setting,10,True,Implemented for the declared marginal comparison,2,11,2.0,False,1.0,True
BIDMC__03,Five-number,five_number,10.0,2.4666666666666686,89.13043478260869,True,qualifies,92,0.6166666666666671,2.0,box,Box plot,Five-number summary; min–max whiskers,5,True,Implemented for the declared marginal comparison,1,6,3.0,False,3.0,False
BIDMC__03,Five-number,five_number,10.0,2.4666666666666686,89.13043478260869,True,qualifies,92,0.6166666666666671,2.0,interval,Error-bar / interval plot,"Median dot, thick interquartile interval, thin min–max interval; not a confidence interval",14,True,Implemented for the declared marginal comparison,1,15,4.0,False,3.0,False
BIDMC__03,Binned,bins_4,10.0,3.0,89.13043478260869,True,qualifies,92,0.75,3.0,histogram,Histogram,Common bins with group probabilities,4,True,Implemented for the declared marginal comparison,5,5,5.0,False,5.0,False
BIDMC__03,Binned,bins_4,10.0,3.0,89.13043478260869,True,qualifies,92,0.75,3.0,heatmap,Heatmap,Two-by-bin probability matrix with common bin boundaries,6,True,Implemented for the declared marginal comparison,5,7,6.0,False,5.0,False
BIDMC__03,Density,density_8,18.0,2.494963320832511,80.43478260869566,True,qualifies,92,0.6237408302081278,4.0,violin,Violin plot,Sampled density on the declared grid,13,True,Implemented for the declared marginal comparison,6,14,7.0,False,7.0,False
BIDMC__03,,,,,,,not_applicable,92,,,line,Line chart,Requires an ordered-trend target; row order is not time,1,False,Requires an ordered-trend target; row order is not time,0,2,,False,,False
BIDMC__03,,,,,,,not_applicable,92,,,scatter,Scatter plot,"Requires a joint-association target, not marginal contrast",2,False,"Requires a joint-association target, not marginal contrast",0,3,,False,,False
BIDMC__03,,,,,,,not_applicable,92,,,pie,Pie chart,Requires a declared part-to-whole target,3,False,Requires a declared part-to-whole target,0,4,,False,,False
BIDMC__03,,,,,,,not_applicable,92,,,stacked_bar,Stacked bar chart,Requires a declared component-composition target,7,False,Requires a declared component-composition target,0,8,,False,,False
BIDMC__03,,,,,,,not_applicable,92,,,area,Area chart,Requires an ordered-trend or accumulation target,8,False,Requires an ordered-trend or accumulation target,0,9,,False,,False
BIDMC__03,,,,,,,not_applicable,92,,,bubble,Bubble chart,Requires a joint-association and size-variable target,9,False,Requires a joint-association and size-variable target,0,10,,False,,False
BIDMC__03,,,,,,,not_applicable,92,,,treemap,Treemap,Requires a meaningful hierarchy and part-to-whole target,11,False,Requires a meaningful hierarchy and part-to-whole target,0,12,,False,,False
BIDMC__03,,,,,,,not_applicable,92,,,choropleth,Choropleth map,Requires geographic identifiers and a geographic target,12,False,Requires geographic identifiers and a geographic target,0,13,,False,,False
BIDMC__04,Means,means,2.0,3.731045083945992,97.82608695652173,True,qualifies,92,0.792967052776044,1.0,bar,Bar chart,Two group means,0,True,Implemented for the declared marginal comparison,1,1,1.0,True,1.0,True
BIDMC__04,Means,means,2.0,3.731045083945992,97.82608695652173,True,qualifies,92,0.792967052776044,1.0,dot,Dot plot,Mean dots or all raw dots; report the chosen setting,10,True,Implemented for the declared marginal comparison,2,11,2.0,False,1.0,True
BIDMC__04,Binned,bins_4,10.0,0.9706678161599231,89.13043478260869,True,qualifies,92,0.20629812293526145,2.0,histogram,Histogram,Common bins with group probabilities,4,True,Implemented for the declared marginal comparison,5,5,3.0,False,3.0,False
BIDMC__04,Binned,bins_4,10.0,0.9706678161599231,89.13043478260869,True,qualifies,92,0.20629812293526145,2.0,heatmap,Heatmap,Two-by-bin probability matrix with common bin boundaries,6,True,Implemented for the declared marginal comparison,5,7,4.0,False,3.0,False
BIDMC__04,Five-number,five_number,10.0,3.72755477541782,89.13043478260869,True,qualifies,92,0.7922252499822979,3.0,box,Box plot,Five-number summary; min–max whiskers,5,True,Implemented for the declared marginal comparison,1,6,5.0,False,5.0,False
BIDMC__04,Five-number,five_number,10.0,3.72755477541782,89.13043478260869,True,qualifies,92,0.7922252499822979,3.0,interval,Error-bar / interval plot,"Median dot, thick interquartile interval, thin min–max interval; not a confidence interval",14,True,Implemented for the declared marginal comparison,1,15,6.0,False,5.0,False
BIDMC__04,Density,density_8,18.0,1.747355140151793,80.43478260869566,True,qualifies,92,0.3713691538065841,4.0,violin,Violin plot,Sampled density on the declared grid,13,True,Implemented for the declared marginal comparison,6,14,7.0,False,7.0,False
BIDMC__04,,,,,,,not_applicable,92,,,line,Line chart,Requires an ordered-trend target; row order is not time,1,False,Requires an ordered-trend target; row order is not time,0,2,,False,,False
BIDMC__04,,,,,,,not_applicable,92,,,scatter,Scatter plot,"Requires a joint-association target, not marginal contrast",2,False,"Requires a joint-association target, not marginal contrast",0,3,,False,,False
BIDMC__04,,,,,,,not_applicable,92,,,pie,Pie chart,Requires a declared part-to-whole target,3,False,Requires a declared part-to-whole target,0,4,,False,,False
BIDMC__04,,,,,,,not_applicable,92,,,stacked_bar,Stacked bar chart,Requires a declared component-composition target,7,False,Requires a declared component-composition target,0,8,,False,,False
BIDMC__04,,,,,,,not_applicable,92,,,area,Area chart,Requires an ordered-trend or accumulation target,8,False,Requires an ordered-trend or accumulation target,0,9,,False,,False
BIDMC__04,,,,,,,not_applicable,92,,,bubble,Bubble chart,Requires a joint-association and size-variable target,9,False,Requires a joint-association and size-variable target,0,10,,False,,False
BIDMC__04,,,,,,,not_applicable,92,,,treemap,Treemap,Requires a meaningful hierarchy and part-to-whole target,11,False,Requires a meaningful hierarchy and part-to-whole target,0,12,,False,,False
BIDMC__04,,,,,,,not_applicable,92,,,choropleth,Choropleth map,Requires geographic identifiers and a geographic target,12,False,Requires geographic identifiers and a geographic target,0,13,,False,,False
Wrist__00,Means,means,2.0,6.097638687811667,87.5,True,qualifies,16,0.4632920077243722,1.0,bar,Bar chart,Two group means,0,True,Implemented for the declared marginal comparison,1,1,1.0,True,1.0,True
Wrist__00,Means,means,2.0,6.097638687811667,87.5,True,qualifies,16,0.4632920077243722,1.0,dot,Dot plot,Mean dots or all raw dots; report the chosen setting,10,True,Implemented for the declared marginal comparison,2,11,2.0,False,1.0,True
Wrist__00,Five-number,five_number,10.0,6.866632126397832,37.5,True,qualifies,16,0.5217192993908306,2.0,box,Box plot,Five-number summary; min–max whiskers,5,True,Implemented for the declared marginal comparison,1,6,3.0,False,3.0,False
Wrist__00,Five-number,five_number,10.0,6.866632126397832,37.5,True,qualifies,16,0.5217192993908306,2.0,interval,Error-bar / interval plot,"Median dot, thick interquartile interval, thin min–max interval; not a confidence interval",14,True,Implemented for the declared marginal comparison,1,15,4.0,False,3.0,False
Wrist__00,Density,density_8,18.0,7.177638334634807,0.0,True,qualifies,16,0.5453492154953813,4.0,violin,Violin plot,Sampled density on the declared grid,13,True,Implemented for the declared marginal comparison,6,14,5.0,False,5.0,False
Wrist__00,Binned,bins_8,18.0,8.91771261405097,0.0,True,qualifies,16,0.6775581815844448,5.0,histogram,Histogram,Common bins with group probabilities,4,True,Implemented for the declared marginal comparison,5,5,6.0,False,6.0,False
Wrist__00,Binned,bins_8,18.0,8.91771261405097,0.0,True,qualifies,16,0.6775581815844448,5.0,heatmap,Heatmap,Two-by-bin probability matrix with common bin boundaries,6,True,Implemented for the declared marginal comparison,5,7,7.0,False,6.0,False
Wrist__00,,,,,,,not_applicable,16,,,line,Line chart,Requires an ordered-trend target; row order is not time,1,False,Requires an ordered-trend target; row order is not time,0,2,,False,,False
Wrist__00,,,,,,,not_applicable,16,,,scatter,Scatter plot,"Requires a joint-association target, not marginal contrast",2,False,"Requires a joint-association target, not marginal contrast",0,3,,False,,False
Wrist__00,,,,,,,not_applicable,16,,,pie,Pie chart,Requires a declared part-to-whole target,3,False,Requires a declared part-to-whole target,0,4,,False,,False
Wrist__00,,,,,,,not_applicable,16,,,stacked_bar,Stacked bar chart,Requires a declared component-composition target,7,False,Requires a declared component-composition target,0,8,,False,,False
Wrist__00,,,,,,,not_applicable,16,,,area,Area chart,Requires an ordered-trend or accumulation target,8,False,Requires an ordered-trend or accumulation target,0,9,,False,,False
Wrist__00,,,,,,,not_applicable,16,,,bubble,Bubble chart,Requires a joint-association and size-variable target,9,False,Requires a joint-association and size-variable target,0,10,,False,,False
Wrist__00,,,,,,,not_applicable,16,,,treemap,Treemap,Requires a meaningful hierarchy and part-to-whole target,11,False,Requires a meaningful hierarchy and part-to-whole target,0,12,,False,,False
Wrist__00,,,,,,,not_applicable,16,,,choropleth,Choropleth map,Requires geographic identifiers and a geographic target,12,False,Requires geographic identifiers and a geographic target,0,13,,False,,False
Wrist__01,Means,means,2.0,6.197104640093983,87.5,True,qualifies,16,0.44475486138762865,1.0,bar,Bar chart,Two group means,0,True,Implemented for the declared marginal comparison,1,1,1.0,True,1.0,True
Wrist__01,Means,means,2.0,6.197104640093983,87.5,True,qualifies,16,0.44475486138762865,1.0,dot,Dot plot,Mean dots or all raw dots; report the chosen setting,10,True,Implemented for the declared marginal comparison,2,11,2.0,False,1.0,True
Wrist__01,Binned,bins_4,10.0,7.393313881159926,37.5,True,qualifies,16,0.5306046099555044,2.0,histogram,Histogram,Common bins with group probabilities,4,True,Implemented for the declared marginal comparison,5,5,3.0,False,3.0,False
Wrist__01,Binned,bins_4,10.0,7.393313881159926,37.5,True,qualifies,16,0.5306046099555044,2.0,heatmap,Heatmap,Two-by-bin probability matrix with common bin boundaries,6,True,Implemented for the declared marginal comparison,5,7,4.0,False,3.0,False
Wrist__01,Five-number,five_number,10.0,7.547830296119059,37.5,True,qualifies,16,0.541693970343684,3.0,box,Box plot,Five-number summary; min–max whiskers,5,True,Implemented for the declared marginal comparison,1,6,5.0,False,5.0,False
Wrist__01,Five-number,five_number,10.0,7.547830296119059,37.5,True,qualifies,16,0.541693970343684,3.0,interval,Error-bar / interval plot,"Median dot, thick interquartile interval, thin min–max interval; not a confidence interval",14,True,Implemented for the declared marginal comparison,1,15,6.0,False,5.0,False
Wrist__01,Density,density_8,18.0,7.463757460511715,0.0,True,qualifies,16,0.5356602167573573,6.0,violin,Violin plot,Sampled density on the declared grid,13,True,Implemented for the declared marginal comparison,6,14,7.0,False,7.0,False
Wrist__01,,,,,,,not_applicable,16,,,line,Line chart,Requires an ordered-trend target; row order is not time,1,False,Requires an ordered-trend target; row order is not time,0,2,,False,,False
Wrist__01,,,,,,,not_applicable,16,,,scatter,Scatter plot,"Requires a joint-association target, not marginal contrast",2,False,"Requires a joint-association target, not marginal contrast",0,3,,False,,False
Wrist__01,,,,,,,not_applicable,16,,,pie,Pie chart,Requires a declared part-to-whole target,3,False,Requires a declared part-to-whole target,0,4,,False,,False
Wrist__01,,,,,,,not_applicable,16,,,stacked_bar,Stacked bar chart,Requires a declared component-composition target,7,False,Requires a declared component-composition target,0,8,,False,,False
Wrist__01,,,,,,,not_applicable,16,,,area,Area chart,Requires an ordered-trend or accumulation target,8,False,Requires an ordered-trend or accumulation target,0,9,,False,,False
Wrist__01,,,,,,,not_applicable,16,,,bubble,Bubble chart,Requires a joint-association and size-variable target,9,False,Requires a joint-association and size-variable target,0,10,,False,,False
Wrist__01,,,,,,,not_applicable,16,,,treemap,Treemap,Requires a meaningful hierarchy and part-to-whole target,11,False,Requires a meaningful hierarchy and part-to-whole target,0,12,,False,,False
Wrist__01,,,,,,,not_applicable,16,,,choropleth,Choropleth map,Requires geographic identifiers and a geographic target,12,False,Requires geographic identifiers and a geographic target,0,13,,False,,False
Wrist__02,Means,means,2.0,6.913014906248833,87.5,True,qualifies,16,0.5526091177525242,1.0,bar,Bar chart,Two group means,0,True,Implemented for the declared marginal comparison,1,1,1.0,True,1.0,True
Wrist__02,Means,means,2.0,6.913014906248833,87.5,True,qualifies,16,0.5526091177525242,1.0,dot,Dot plot,Mean dots or all raw dots; report the chosen setting,10,True,Implemented for the declared marginal comparison,2,11,2.0,False,1.0,True
Wrist__02,Five-number,five_number,10.0,6.493072805522061,37.5,True,qualifies,16,0.5190399967630706,2.0,box,Box plot,Five-number summary; min–max whiskers,5,True,Implemented for the declared marginal comparison,1,6,3.0,False,3.0,False
Wrist__02,Five-number,five_number,10.0,6.493072805522061,37.5,True,qualifies,16,0.5190399967630706,2.0,interval,Error-bar / interval plot,"Median dot, thick interquartile interval, thin min–max interval; not a confidence interval",14,True,Implemented for the declared marginal comparison,1,15,4.0,False,3.0,False
Wrist__02,Binned,bins_8,18.0,7.989688405303681,0.0,True,qualifies,16,0.638675703820841,4.0,histogram,Histogram,Common bins with group probabilities,4,True,Implemented for the declared marginal comparison,5,5,5.0,False,5.0,False
Wrist__02,Binned,bins_8,18.0,7.989688405303681,0.0,True,qualifies,16,0.638675703820841,4.0,heatmap,Heatmap,Two-by-bin probability matrix with common bin boundaries,6,True,Implemented for the declared marginal comparison,5,7,6.0,False,5.0,False
Wrist__02,Density,density_8,18.0,9.716596165084418,0.0,True,qualifies,16,0.7767203900415814,5.0,violin,Violin plot,Sampled density on the declared grid,13,True,Implemented for the declared marginal comparison,6,14,7.0,False,7.0,False
Wrist__02,,,,,,,not_applicable,16,,,line,Line chart,Requires an ordered-trend target; row order is not time,1,False,Requires an ordered-trend target; row order is not time,0,2,,False,,False
Wrist__02,,,,,,,not_applicable,16,,,scatter,Scatter plot,"Requires a joint-association target, not marginal contrast",2,False,"Requires a joint-association target, not marginal contrast",0,3,,False,,False
Wrist__02,,,,,,,not_applicable,16,,,pie,Pie chart,Requires a declared part-to-whole target,3,False,Requires a declared part-to-whole target,0,4,,False,,False
Wrist__02,,,,,,,not_applicable,16,,,stacked_bar,Stacked bar chart,Requires a declared component-composition target,7,False,Requires a declared component-composition target,0,8,,False,,False
Wrist__02,,,,,,,not_applicable,16,,,area,Area chart,Requires an ordered-trend or accumulation target,8,False,Requires an ordered-trend or accumulation target,0,9,,False,,False
Wrist__02,,,,,,,not_applicable,16,,,bubble,Bubble chart,Requires a joint-association and size-variable target,9,False,Requires a joint-association and size-variable target,0,10,,False,,False
Wrist__02,,,,,,,not_applicable,16,,,treemap,Treemap,Requires a meaningful hierarchy and part-to-whole target,11,False,Requires a meaningful hierarchy and part-to-whole target,0,12,,False,,False
Wrist__02,,,,,,,not_applicable,16,,,choropleth,Choropleth map,Requires geographic identifiers and a geographic target,12,False,Requires geographic identifiers and a geographic target,0,13,,False,,False
Wrist__03,Means,means,2.0,5.706539345798333,87.5,True,qualifies,16,0.44594452235605875,1.0,bar,Bar chart,Two group means,0,True,Implemented for the declared marginal comparison,1,1,1.0,True,1.0,True
Wrist__03,Means,means,2.0,5.706539345798333,87.5,True,qualifies,16,0.44594452235605875,1.0,dot,Dot plot,Mean dots or all raw dots; report the chosen setting,10,True,Implemented for the declared marginal comparison,2,11,2.0,False,1.0,True
Wrist__03,Five-number,five_number,10.0,6.775509489965842,37.5,True,qualifies,16,0.5294805065081101,2.0,box,Box plot,Five-number summary; min–max whiskers,5,True,Implemented for the declared marginal comparison,1,6,3.0,False,3.0,False
Wrist__03,Five-number,five_number,10.0,6.775509489965842,37.5,True,qualifies,16,0.5294805065081101,2.0,interval,Error-bar / interval plot,"Median dot, thick interquartile interval, thin min–max interval; not a confidence interval",14,True,Implemented for the declared marginal comparison,1,15,4.0,False,3.0,False
Wrist__03,Density,density_8,18.0,7.157328748013157,0.0,True,qualifies,16,0.5593182411382275,4.0,violin,Violin plot,Sampled density on the declared grid,13,True,Implemented for the declared marginal comparison,6,14,5.0,False,5.0,False
Wrist__03,Binned,bins_8,18.0,8.983848722038104,0.0,True,qualifies,16,0.7020538866902175,5.0,histogram,Histogram,Common bins with group probabilities,4,True,Implemented for the declared marginal comparison,5,5,6.0,False,6.0,False
Wrist__03,Binned,bins_8,18.0,8.983848722038104,0.0,True,qualifies,16,0.7020538866902175,5.0,heatmap,Heatmap,Two-by-bin probability matrix with common bin boundaries,6,True,Implemented for the declared marginal comparison,5,7,7.0,False,6.0,False
Wrist__03,,,,,,,not_applicable,16,,,line,Line chart,Requires an ordered-trend target; row order is not time,1,False,Requires an ordered-trend target; row order is not time,0,2,,False,,False
Wrist__03,,,,,,,not_applicable,16,,,scatter,Scatter plot,"Requires a joint-association target, not marginal contrast",2,False,"Requires a joint-association target, not marginal contrast",0,3,,False,,False
Wrist__03,,,,,,,not_applicable,16,,,pie,Pie chart,Requires a declared part-to-whole target,3,False,Requires a declared part-to-whole target,0,4,,False,,False
Wrist__03,,,,,,,not_applicable,16,,,stacked_bar,Stacked bar chart,Requires a declared component-composition target,7,False,Requires a declared component-composition target,0,8,,False,,False
Wrist__03,,,,,,,not_applicable,16,,,area,Area chart,Requires an ordered-trend or accumulation target,8,False,Requires an ordered-trend or accumulation target,0,9,,False,,False
Wrist__03,,,,,,,not_applicable,16,,,bubble,Bubble chart,Requires a joint-association and size-variable target,9,False,Requires a joint-association and size-variable target,0,10,,False,,False
Wrist__03,,,,,,,not_applicable,16,,,treemap,Treemap,Requires a meaningful hierarchy and part-to-whole target,11,False,Requires a meaningful hierarchy and part-to-whole target,0,12,,False,,False
Wrist__03,,,,,,,not_applicable,16,,,choropleth,Choropleth map,Requires geographic identifiers and a geographic target,12,False,Requires geographic identifiers and a geographic target,0,13,,False,,False
Wrist__04,Means,means,2.0,1.2216705040453593,87.5,True,qualifies,16,0.6498370190963002,1.0,bar,Bar chart,Two group means,0,True,Implemented for the declared marginal comparison,1,1,1.0,True,1.0,True
Wrist__04,Means,means,2.0,1.2216705040453593,87.5,True,qualifies,16,0.6498370190963002,1.0,dot,Dot plot,Mean dots or all raw dots; report the chosen setting,10,True,Implemented for the declared marginal comparison,2,11,2.0,False,1.0,True
Wrist__04,Five-number,five_number,10.0,0.24812926897670495,37.5,True,qualifies,16,0.13198614844873036,2.0,box,Box plot,Five-number summary; min–max whiskers,5,True,Implemented for the declared marginal comparison,1,6,3.0,False,3.0,False
Wrist__04,Five-number,five_number,10.0,0.24812926897670495,37.5,True,qualifies,16,0.13198614844873036,2.0,interval,Error-bar / interval plot,"Median dot, thick interquartile interval, thin min–max interval; not a confidence interval",14,True,Implemented for the declared marginal comparison,1,15,4.0,False,3.0,False
Wrist__04,Binned,bins_4,10.0,0.36704166779528524,37.5,True,qualifies,16,0.1952386199833853,3.0,histogram,Histogram,Common bins with group probabilities,4,True,Implemented for the declared marginal comparison,5,5,5.0,False,5.0,False
Wrist__04,Binned,bins_4,10.0,0.36704166779528524,37.5,True,qualifies,16,0.1952386199833853,3.0,heatmap,Heatmap,Two-by-bin probability matrix with common bin boundaries,6,True,Implemented for the declared marginal comparison,5,7,6.0,False,5.0,False
Wrist__04,Density,density_8,18.0,0.72496104294918,0.0,True,qualifies,16,0.3856248649296589,6.0,violin,Violin plot,Sampled density on the declared grid,13,True,Implemented for the declared marginal comparison,6,14,7.0,False,7.0,False
Wrist__04,,,,,,,not_applicable,16,,,line,Line chart,Requires an ordered-trend target; row order is not time,1,False,Requires an ordered-trend target; row order is not time,0,2,,False,,False
Wrist__04,,,,,,,not_applicable,16,,,scatter,Scatter plot,"Requires a joint-association target, not marginal contrast",2,False,"Requires a joint-association target, not marginal contrast",0,3,,False,,False
Wrist__04,,,,,,,not_applicable,16,,,pie,Pie chart,Requires a declared part-to-whole target,3,False,Requires a declared part-to-whole target,0,4,,False,,False
Wrist__04,,,,,,,not_applicable,16,,,stacked_bar,Stacked bar chart,Requires a declared component-composition target,7,False,Requires a declared component-composition target,0,8,,False,,False
Wrist__04,,,,,,,not_applicable,16,,,area,Area chart,Requires an ordered-trend or accumulation target,8,False,Requires an ordered-trend or accumulation target,0,9,,False,,False
Wrist__04,,,,,,,not_applicable,16,,,bubble,Bubble chart,Requires a joint-association and size-variable target,9,False,Requires a joint-association and size-variable target,0,10,,False,,False
Wrist__04,,,,,,,not_applicable,16,,,treemap,Treemap,Requires a meaningful hierarchy and part-to-whole target,11,False,Requires a meaningful hierarchy and part-to-whole target,0,12,,False,,False
Wrist__04,,,,,,,not_applicable,16,,,choropleth,Choropleth map,Requires geographic identifiers and a geographic target,12,False,Requires geographic identifiers and a geographic target,0,13,,False,,False
