key,kind,family,H,phase,loss,error,decoded
comp_BIDMC_0,empirical,Bar chart,256,0.0,1.3877787807814457e-17,,"[0.2173913043478261, 0.2608695652173913, 0.2608695652173913, 0.2608695652173913]"
comp_BIDMC_0,empirical,Bar chart,256,0.25,1.3877787807814457e-17,,"[0.2173913043478261, 0.2608695652173913, 0.2608695652173913, 0.2608695652173913]"
comp_BIDMC_0,empirical,Bar chart,256,0.5,0.004576659038901573,,"[0.2149122807017544, 0.2631578947368421, 0.25877192982456143, 0.2631578947368421]"
comp_BIDMC_0,empirical,Bar chart,256,0.75,0.0005771450557907204,,"[0.2168141592920354, 0.2610619469026549, 0.2610619469026549, 0.2610619469026549]"
comp_BIDMC_0,empirical,Pie chart,256,0.0,0.002430791440217392,,"[0.216552734375, 0.26318359375, 0.260986328125, 0.25927734375]"
comp_BIDMC_0,empirical,Pie chart,256,0.25,0.002547554347826095,,"[0.21484375, 0.26123046875, 0.262939453125, 0.260986328125]"
comp_BIDMC_0,empirical,Pie chart,256,0.5,0.0012549987237301247,,"[0.2172211350293542, 0.25978473581213307, 0.26149706457925637, 0.26149706457925637]"
comp_BIDMC_0,empirical,Pie chart,256,0.75,0.002186650815217392,,"[0.216796875, 0.25927734375, 0.26123046875, 0.2626953125]"
comp_BIDMC_0,empirical,Donut chart,256,0.0,0.002430791440217392,,"[0.216552734375, 0.26318359375, 0.260986328125, 0.25927734375]"
comp_BIDMC_0,empirical,Donut chart,256,0.25,0.002547554347826095,,"[0.21484375, 0.26123046875, 0.262939453125, 0.260986328125]"
comp_BIDMC_0,empirical,Donut chart,256,0.5,0.0012549987237301247,,"[0.2172211350293542, 0.25978473581213307, 0.26149706457925637, 0.26149706457925637]"
comp_BIDMC_0,empirical,Donut chart,256,0.75,0.002186650815217392,,"[0.216796875, 0.25927734375, 0.26123046875, 0.2626953125]"
comp_BIDMC_0,empirical,Stacked bar,256,0.0,0.0,,"[0.21739130434782608, 0.2608695652173913, 0.2608695652173913, 0.2608695652173913]"
comp_BIDMC_0,empirical,Stacked bar,256,0.25,0.0075287031808771165,,"[0.21212121212121213, 0.2597402597402597, 0.2597402597402597, 0.2683982683982684]"
comp_BIDMC_0,empirical,Stacked bar,256,0.5,0.006399397703745535,,"[0.21212121212121213, 0.2597402597402597, 0.26406926406926406, 0.26406926406926406]"
comp_BIDMC_0,empirical,Stacked bar,256,0.75,0.0031996988518727815,,"[0.21645021645021645, 0.2597402597402597, 0.2597402597402597, 0.26406926406926406]"
comp_BIDMC_0,empirical,Bar chart,384,0.125,0.001096090610157155,,"[0.2184873949579832, 0.26050420168067223, 0.26050420168067223, 0.26050420168067223]"
comp_BIDMC_0,empirical,Bar chart,384,0.375,0.0010991695163653642,,"[0.2162921348314607, 0.26123595505617975, 0.26123595505617975, 0.26123595505617975]"
comp_BIDMC_0,empirical,Bar chart,384,0.625,0.0010991695163653642,,"[0.2162921348314607, 0.26123595505617975, 0.26123595505617975, 0.26123595505617975]"
comp_BIDMC_0,empirical,Bar chart,384,0.875,0.002204531537048332,,"[0.21690140845070424, 0.2619718309859155, 0.25915492957746483, 0.2619718309859155]"
comp_BIDMC_0,empirical,Pie chart,384,0.125,0.002314028532608689,,"[0.216796875, 0.2607421875, 0.26318359375, 0.25927734375]"
comp_BIDMC_0,empirical,Pie chart,384,0.375,0.000849184782608689,,"[0.216796875, 0.2607421875, 0.2607421875, 0.26171875]"
comp_BIDMC_0,empirical,Pie chart,384,0.625,0.000849184782608689,,"[0.216796875, 0.2607421875, 0.2607421875, 0.26171875]"
comp_BIDMC_0,empirical,Pie chart,384,0.875,0.002582551305623154,,"[0.217061843070154, 0.25861647518944025, 0.26228306037643606, 0.2620386213639697]"
comp_BIDMC_0,empirical,Donut chart,384,0.125,0.002314028532608689,,"[0.216796875, 0.2607421875, 0.26318359375, 0.25927734375]"
comp_BIDMC_0,empirical,Donut chart,384,0.375,0.000849184782608689,,"[0.216796875, 0.2607421875, 0.2607421875, 0.26171875]"
comp_BIDMC_0,empirical,Donut chart,384,0.625,0.000849184782608689,,"[0.216796875, 0.2607421875, 0.2607421875, 0.26171875]"
comp_BIDMC_0,empirical,Donut chart,384,0.875,0.002582551305623154,,"[0.217061843070154, 0.25861647518944025, 0.26228306037643606, 0.2620386213639697]"
comp_BIDMC_0,empirical,Stacked bar,384,0.125,0.0019377497880586209,,"[0.21727019498607242, 0.2618384401114206, 0.2590529247910863, 0.2618384401114206]"
comp_BIDMC_0,empirical,Stacked bar,384,0.375,0.004723265108392882,,"[0.21448467966573817, 0.2590529247910863, 0.2618384401114206, 0.2646239554317549]"
comp_BIDMC_0,empirical,Stacked bar,384,0.625,0.004723265108392882,,"[0.21448467966573817, 0.2590529247910863, 0.2646239554317549, 0.2618384401114206]"
comp_BIDMC_0,empirical,Stacked bar,384,0.875,0.0021860578090843047,,"[0.21787709497206703, 0.25977653631284914, 0.25977653631284914, 0.26256983240223464]"
comp_BIDMC_1,empirical,Bar chart,256,0.0,6.938893903907228e-17,,"[0.28260869565217395, 0.23913043478260868, 0.23913043478260868, 0.23913043478260868]"
comp_BIDMC_1,empirical,Bar chart,256,0.25,6.938893903907228e-17,,"[0.28260869565217395, 0.23913043478260868, 0.23913043478260868, 0.23913043478260868]"
comp_BIDMC_1,empirical,Bar chart,256,0.5,0.004195270785659788,,"[0.28070175438596495, 0.24122807017543862, 0.2368421052631579, 0.24122807017543862]"
comp_BIDMC_1,empirical,Bar chart,256,0.75,0.0005771450557906926,,"[0.2831858407079646, 0.23893805309734514, 0.23893805309734514, 0.23893805309734514]"
comp_BIDMC_1,empirical,Pie chart,256,0.0,0.003184442934782594,,"[0.28125, 0.24072265625, 0.24072265625, 0.2373046875]"
comp_BIDMC_1,empirical,Pie chart,256,0.25,0.001592221467391297,,"[0.281494140625, 0.23876953125, 0.24072265625, 0.239013671875]"
comp_BIDMC_1,empirical,Pie chart,256,0.5,0.001592221467391297,,"[0.281494140625, 0.23876953125, 0.239013671875, 0.24072265625]"
comp_BIDMC_1,empirical,Pie chart,256,0.75,0.0024142772058197842,,"[0.2820450097847358, 0.237279843444227, 0.23948140900195694, 0.24119373776908024]"
comp_BIDMC_1,empirical,Donut chart,256,0.0,0.003184442934782594,,"[0.28125, 0.24072265625, 0.24072265625, 0.2373046875]"
comp_BIDMC_1,empirical,Donut chart,256,0.25,0.001592221467391297,,"[0.281494140625, 0.23876953125, 0.24072265625, 0.239013671875]"
comp_BIDMC_1,empirical,Donut chart,256,0.5,0.001592221467391297,,"[0.281494140625, 0.23876953125, 0.239013671875, 0.24072265625]"
comp_BIDMC_1,empirical,Donut chart,256,0.75,0.0024142772058197842,,"[0.2820450097847358, 0.237279843444227, 0.23948140900195694, 0.24119373776908024]"
comp_BIDMC_1,empirical,Stacked bar,256,0.0,0.0,,"[0.2826086956521739, 0.2391304347826087, 0.2391304347826087, 0.2391304347826087]"
comp_BIDMC_1,empirical,Stacked bar,256,0.25,0.007622811970638063,,"[0.27705627705627706, 0.23809523809523808, 0.23809523809523808, 0.24675324675324675]"
comp_BIDMC_1,empirical,Stacked bar,256,0.5,0.006587615283267456,,"[0.27705627705627706, 0.23809523809523808, 0.24242424242424243, 0.24242424242424243]"
comp_BIDMC_1,empirical,Stacked bar,256,0.75,0.003293807641633728,,"[0.2813852813852814, 0.23809523809523808, 0.23809523809523808, 0.24242424242424243]"
comp_BIDMC_1,empirical,Bar chart,384,0.125,0.0021860578090842353,,"[0.28212290502793297, 0.2402234636871508, 0.23743016759776536, 0.2402234636871508]"
comp_BIDMC_1,empirical,Bar chart,384,0.375,0.0010991695163654475,,"[0.28370786516853935, 0.23876404494382023, 0.23876404494382023, 0.23876404494382023]"
comp_BIDMC_1,empirical,Bar chart,384,0.625,0.0009185548071034833,,"[0.28169014084507044, 0.23943661971830987, 0.23943661971830987, 0.23943661971830987]"
comp_BIDMC_1,empirical,Bar chart,384,0.875,0.0009185548071034833,,"[0.28169014084507044, 0.23943661971830987, 0.23943661971830987, 0.23943661971830987]"
comp_BIDMC_1,empirical,Pie chart,384,0.125,0.0014754585597825942,,"[0.281982421875, 0.2392578125, 0.240478515625, 0.23828125]"
comp_BIDMC_1,empirical,Pie chart,384,0.375,0.0006262737771738913,,"[0.281982421875, 0.2392578125, 0.2392578125, 0.239501953125]"
comp_BIDMC_1,empirical,Pie chart,384,0.625,0.0006262737771738913,,"[0.281982421875, 0.2392578125, 0.2392578125, 0.239501953125]"
comp_BIDMC_1,empirical,Pie chart,384,0.875,0.002306228943704622,,"[0.28232705939868, 0.23710584209239793, 0.23955023221706184, 0.24101686629186017]"
comp_BIDMC_1,empirical,Donut chart,384,0.125,0.0014754585597825942,,"[0.281982421875, 0.2392578125, 0.240478515625, 0.23828125]"
comp_BIDMC_1,empirical,Donut chart,384,0.375,0.0006262737771738913,,"[0.281982421875, 0.2392578125, 0.2392578125, 0.239501953125]"
comp_BIDMC_1,empirical,Donut chart,384,0.625,0.0006262737771738913,,"[0.281982421875, 0.2392578125, 0.2392578125, 0.239501953125]"
comp_BIDMC_1,empirical,Donut chart,384,0.875,0.002306228943704622,,"[0.28232705939868, 0.23710584209239793, 0.23955023221706184, 0.24101686629186017]"
comp_BIDMC_1,empirical,Stacked bar,384,0.125,0.0038863249939276034,,"[0.28212290502793297, 0.23743016759776536, 0.23743016759776536, 0.2430167597765363]"
comp_BIDMC_1,empirical,Stacked bar,384,0.375,0.0040571636187476945,,"[0.2785515320334262, 0.2395543175487465, 0.2395543175487465, 0.24233983286908078]"
comp_BIDMC_1,empirical,Stacked bar,384,0.625,0.0012716482984134192,,"[0.28133704735376047, 0.2395543175487465, 0.2395543175487465, 0.2395543175487465]"
comp_BIDMC_1,empirical,Stacked bar,384,0.875,0.0012716482984134192,,"[0.28133704735376047, 0.2395543175487465, 0.2395543175487465, 0.2395543175487465]"
comp_CKD_0,empirical,Bar chart,256,0.0,0.0015532956243955454,,"[0.37554585152838427, 0.27510917030567683, 0.2096069868995633, 0.13973799126637554]"
comp_CKD_0,empirical,Bar chart,256,0.25,0.0025020605204285756,,"[0.37719298245614036, 0.2763157894736842, 0.20614035087719298, 0.14035087719298245]"
comp_CKD_0,empirical,Bar chart,256,0.5,0.0025020605204285756,,"[0.37719298245614036, 0.2763157894736842, 0.20614035087719298, 0.14035087719298245]"
comp_CKD_0,empirical,Bar chart,256,0.75,0.0025020605204285756,,"[0.37719298245614036, 0.2763157894736842, 0.20614035087719298, 0.14035087719298245]"
comp_CKD_0,empirical,Pie chart,256,0.0,0.0010928979656040227,,"[0.37646484375, 0.275634765625, 0.20703125, 0.140869140625]"
comp_CKD_0,empirical,Pie chart,256,0.25,0.0019634355204825177,,"[0.37484737484737485, 0.2754578754578755, 0.2070818070818071, 0.1426129426129426]"
comp_CKD_0,empirical,Pie chart,256,0.5,0.0018613674496644472,,"[0.374755859375, 0.275390625, 0.207275390625, 0.142578125]"
comp_CKD_0,empirical,Pie chart,256,0.75,0.0018613674496644472,,"[0.374755859375, 0.275390625, 0.207275390625, 0.142578125]"
comp_CKD_0,empirical,Donut chart,256,0.0,0.0010928979656040227,,"[0.37646484375, 0.275634765625, 0.20703125, 0.140869140625]"
comp_CKD_0,empirical,Donut chart,256,0.25,0.0019634355204825177,,"[0.37484737484737485, 0.2754578754578755, 0.2070818070818071, 0.1426129426129426]"
comp_CKD_0,empirical,Donut chart,256,0.5,0.0018613674496644472,,"[0.374755859375, 0.275390625, 0.207275390625, 0.142578125]"
comp_CKD_0,empirical,Donut chart,256,0.75,0.0018613674496644472,,"[0.374755859375, 0.275390625, 0.207275390625, 0.142578125]"
comp_CKD_0,empirical,Stacked bar,256,0.0,0.003180624452874245,,"[0.3739130434782609, 0.27391304347826084, 0.20869565217391303, 0.14347826086956522]"
comp_CKD_0,empirical,Stacked bar,256,0.25,0.0038060373630843525,,"[0.3722943722943723, 0.27705627705627706, 0.2077922077922078, 0.14285714285714285]"
comp_CKD_0,empirical,Stacked bar,256,0.5,0.0038060373630843525,,"[0.3722943722943723, 0.27705627705627706, 0.2077922077922078, 0.14285714285714285]"
comp_CKD_0,empirical,Stacked bar,256,0.75,0.006246549870710966,,"[0.3722943722943723, 0.2727272727272727, 0.2077922077922078, 0.1471861471861472]"
comp_CKD_0,empirical,Bar chart,384,0.125,0.0021431391348485512,,"[0.37535014005602246, 0.2773109243697479, 0.20728291316526612, 0.1400560224089636]"
comp_CKD_0,empirical,Bar chart,384,0.375,0.0006786818490310126,,"[0.3764044943820225, 0.2752808988764045, 0.20786516853932582, 0.1404494382022472]"
comp_CKD_0,empirical,Bar chart,384,0.625,0.0006786818490310126,,"[0.3764044943820225, 0.2752808988764045, 0.20786516853932582, 0.1404494382022472]"
comp_CKD_0,empirical,Bar chart,384,0.875,0.002514415351167379,,"[0.37746478873239436, 0.276056338028169, 0.2056338028169014, 0.14084507042253522]"
comp_CKD_0,empirical,Pie chart,384,0.125,0.0007528193823928692,,"[0.3763440860215054, 0.27541544477028346, 0.20772238514174, 0.14051808406647115]"
comp_CKD_0,empirical,Pie chart,384,0.375,0.001935352660617895,,"[0.37512218963831867, 0.2739491691104594, 0.20918866080156404, 0.14173998044965788]"
comp_CKD_0,empirical,Pie chart,384,0.625,0.001935352660617895,,"[0.37512218963831867, 0.2739491691104594, 0.20918866080156404, 0.14173998044965788]"
comp_CKD_0,empirical,Pie chart,384,0.875,0.001935352660617895,,"[0.37512218963831867, 0.2739491691104594, 0.20918866080156404, 0.14173998044965788]"
comp_CKD_0,empirical,Donut chart,384,0.125,0.0007528193823928692,,"[0.3763440860215054, 0.27541544477028346, 0.20772238514174, 0.14051808406647115]"
comp_CKD_0,empirical,Donut chart,384,0.375,0.001935352660617895,,"[0.37512218963831867, 0.2739491691104594, 0.20918866080156404, 0.14173998044965788]"
comp_CKD_0,empirical,Donut chart,384,0.625,0.001935352660617895,,"[0.37512218963831867, 0.2739491691104594, 0.20918866080156404, 0.14173998044965788]"
comp_CKD_0,empirical,Donut chart,384,0.875,0.001935352660617895,,"[0.37512218963831867, 0.2739491691104594, 0.20918866080156404, 0.14173998044965788]"
comp_CKD_0,empirical,Stacked bar,384,0.125,0.001925557570432404,,"[0.37604456824512533, 0.2757660167130919, 0.20612813370473537, 0.14206128133704735]"
comp_CKD_0,empirical,Stacked bar,384,0.375,0.002579873249705558,,"[0.3732590529247911, 0.2757660167130919, 0.20891364902506965, 0.14206128133704735]"
comp_CKD_0,empirical,Stacked bar,384,0.625,0.004767157091847232,,"[0.3732590529247911, 0.27298050139275765, 0.20891364902506965, 0.14484679665738162]"
comp_CKD_0,empirical,Stacked bar,384,0.875,0.002962018671965813,,"[0.3743016759776536, 0.2737430167597765, 0.20949720670391062, 0.1424581005586592]"
comp_CKD_1,empirical,Bar chart,256,0.0,0.001401365432985996,,"[0.16521739130434782, 0.23913043478260868, 0.2782608695652174, 0.3173913043478261]"
comp_CKD_1,empirical,Bar chart,256,0.25,0.0017503338265545398,,"[0.16593886462882096, 0.24017467248908295, 0.27510917030567683, 0.3187772925764192]"
comp_CKD_1,empirical,Bar chart,256,0.5,0.0035522691025083736,,"[0.16228070175438597, 0.24122807017543862, 0.27631578947368424, 0.3201754385964913]"
comp_CKD_1,empirical,Bar chart,256,0.75,0.0040776204172279645,,"[0.16299559471365638, 0.2378854625550661, 0.2775330396475771, 0.3215859030837005]"
comp_CKD_1,empirical,Pie chart,256,0.0,0.002025761880165275,,"[0.1650390625, 0.2412109375, 0.27734375, 0.31640625]"
comp_CKD_1,empirical,Pie chart,256,0.25,0.001799520127965859,,"[0.16348973607038123, 0.23998044965786902, 0.2781036168132942, 0.3184261974584555]"
comp_CKD_1,empirical,Pie chart,256,0.5,0.0024344694190622518,,"[0.16409880166299828, 0.2384446074834923, 0.276840303252629, 0.3206162876008804]"
comp_CKD_1,empirical,Pie chart,256,0.75,0.0031032089359504106,,"[0.163818359375, 0.238037109375, 0.278076171875, 0.320068359375]"
comp_CKD_1,empirical,Donut chart,256,0.0,0.002025761880165275,,"[0.1650390625, 0.2412109375, 0.27734375, 0.31640625]"
comp_CKD_1,empirical,Donut chart,256,0.25,0.001799520127965859,,"[0.16348973607038123, 0.23998044965786902, 0.2781036168132942, 0.3184261974584555]"
comp_CKD_1,empirical,Donut chart,256,0.5,0.0024344694190622518,,"[0.16409880166299828, 0.2384446074834923, 0.276840303252629, 0.3206162876008804]"
comp_CKD_1,empirical,Donut chart,256,0.75,0.0031032089359504106,,"[0.163818359375, 0.238037109375, 0.278076171875, 0.320068359375]"
comp_CKD_1,empirical,Stacked bar,256,0.0,0.003557312252964448,,"[0.16521739130434782, 0.2391304347826087, 0.27391304347826084, 0.3217391304347826]"
comp_CKD_1,empirical,Stacked bar,256,0.25,0.006690279417552153,,"[0.16017316017316016, 0.23809523809523808, 0.27705627705627706, 0.3246753246753247]"
comp_CKD_1,empirical,Stacked bar,256,0.5,0.006690279417552153,,"[0.16017316017316016, 0.23809523809523808, 0.2813852813852814, 0.3203463203463203]"
comp_CKD_1,empirical,Stacked bar,256,0.75,0.002361275088547804,,"[0.1645021645021645, 0.23809523809523808, 0.27705627705627706, 0.3203463203463203]"
comp_CKD_1,empirical,Bar chart,384,0.125,0.0008079782076734904,,"[0.164804469273743, 0.24022346368715083, 0.276536312849162, 0.31843575418994413]"
comp_CKD_1,empirical,Bar chart,384,0.375,0.0008079782076734904,,"[0.164804469273743, 0.24022346368715083, 0.276536312849162, 0.31843575418994413]"
comp_CKD_1,empirical,Bar chart,384,0.625,0.001470794228883604,,"[0.16384180790960454, 0.2401129943502825, 0.2768361581920904, 0.3192090395480226]"
comp_CKD_1,empirical,Bar chart,384,0.875,0.001470794228883604,,"[0.16384180790960454, 0.2401129943502825, 0.2768361581920904, 0.3192090395480226]"
comp_CKD_1,empirical,Pie chart,384,0.125,0.0017328712343374908,,"[0.16495601173020527, 0.23949169110459434, 0.2785923753665689, 0.31695992179863147]"
comp_CKD_1,empirical,Pie chart,384,0.375,0.0013942245609504106,,"[0.16455078125, 0.239013671875, 0.27734375, 0.319091796875]"
comp_CKD_1,empirical,Pie chart,384,0.625,0.0013942245609504106,,"[0.16455078125, 0.239013671875, 0.27734375, 0.319091796875]"
comp_CKD_1,empirical,Pie chart,384,0.875,0.0026005779062013984,,"[0.16503667481662593, 0.23789731051344742, 0.2762836185819071, 0.32078239608801956]"
comp_CKD_1,empirical,Donut chart,384,0.125,0.0017328712343374908,,"[0.16495601173020527, 0.23949169110459434, 0.2785923753665689, 0.31695992179863147]"
comp_CKD_1,empirical,Donut chart,384,0.375,0.0013942245609504106,,"[0.16455078125, 0.239013671875, 0.27734375, 0.319091796875]"
comp_CKD_1,empirical,Donut chart,384,0.625,0.0013942245609504106,,"[0.16455078125, 0.239013671875, 0.27734375, 0.319091796875]"
comp_CKD_1,empirical,Donut chart,384,0.875,0.0026005779062013984,,"[0.16503667481662593, 0.23789731051344742, 0.2762836185819071, 0.32078239608801956]"
comp_CKD_1,empirical,Stacked bar,384,0.125,0.003047232097511454,,"[0.164804469273743, 0.23743016759776536, 0.276536312849162, 0.32122905027932963]"
comp_CKD_1,empirical,Stacked bar,384,0.375,0.0038444715578167116,,"[0.1615598885793872, 0.2395543175487465, 0.2785515320334262, 0.3203342618384401]"
comp_CKD_1,empirical,Stacked bar,384,0.625,0.002152443656621955,,"[0.16434540389972144, 0.2395543175487465, 0.2757660167130919, 0.3203342618384401]"
comp_CKD_1,empirical,Stacked bar,384,0.875,0.001692027901194798,,"[0.16434540389972144, 0.2395543175487465, 0.2785515320334262, 0.31754874651810583]"
cohort_CKD,empirical,Bar chart,256,0.0,0.00012178784557304034,,"[0.38095238095238093, 0.6190476190476191]"
cohort_CKD,empirical,Bar chart,256,0.25,0.0028132992327365713,,"[0.3782608695652174, 0.6217391304347826]"
cohort_CKD,empirical,Bar chart,256,0.5,0.001161505042495431,,"[0.37991266375545857, 0.6200873362445415]"
cohort_CKD,empirical,Bar chart,256,0.75,0.001161505042495431,,"[0.37991266375545857, 0.6200873362445415]"
cohort_CKD,empirical,Pie chart,256,0.0,0.0007617687020460284,,"[0.3818359375, 0.6181640625]"
cohort_CKD,empirical,Pie chart,256,0.25,0.00029647253970011,,"[0.38077769625825386, 0.6192223037417461]"
cohort_CKD,empirical,Pie chart,256,0.5,0.0009472156729539716,,"[0.380126953125, 0.619873046875]"
cohort_CKD,empirical,Pie chart,256,0.75,0.0009472156729539716,,"[0.380126953125, 0.619873046875]"
cohort_CKD,empirical,Donut chart,256,0.0,0.0007617687020460284,,"[0.3818359375, 0.6181640625]"
cohort_CKD,empirical,Donut chart,256,0.25,0.00029647253970011,,"[0.38077769625825386, 0.6192223037417461]"
cohort_CKD,empirical,Donut chart,256,0.5,0.0009472156729539716,,"[0.380126953125, 0.619873046875]"
cohort_CKD,empirical,Donut chart,256,0.75,0.0009472156729539716,,"[0.380126953125, 0.619873046875]"
cohort_CKD,empirical,Stacked bar,256,0.0,0.00012178784557304034,,"[0.38095238095238093, 0.6190476190476191]"
cohort_CKD,empirical,Stacked bar,256,0.25,0.0028132992327365713,,"[0.3782608695652174, 0.6217391304347826]"
cohort_CKD,empirical,Stacked bar,256,0.5,0.0028132992327365713,,"[0.3782608695652174, 0.6217391304347826]"
cohort_CKD,empirical,Stacked bar,256,0.75,0.00012178784557304034,,"[0.38095238095238093, 0.6190476190476191]"
cohort_CKD,empirical,Bar chart,384,0.125,0.001185900641529375,,"[0.37988826815642457, 0.6201117318435754]"
cohort_CKD,empirical,Bar chart,384,0.375,0.001185900641529375,,"[0.37988826815642457, 0.6201117318435754]"
cohort_CKD,empirical,Bar chart,384,0.625,0.00012178784557304034,,"[0.38095238095238093, 0.6190476190476191]"
cohort_CKD,empirical,Bar chart,384,0.875,0.00012178784557304034,,"[0.38095238095238093, 0.6190476190476191]"
cohort_CKD,empirical,Pie chart,384,0.125,0.0010059093270460284,,"[0.382080078125, 0.617919921875]"
cohort_CKD,empirical,Pie chart,384,0.375,0.0009715044127180938,,"[0.3801026643852359, 0.6198973356147641]"
cohort_CKD,empirical,Pie chart,384,0.625,0.0009715044127180938,,"[0.3801026643852359, 0.6198973356147641]"
cohort_CKD,empirical,Pie chart,384,0.875,0.0009715044127180938,,"[0.3801026643852359, 0.6198973356147641]"
cohort_CKD,empirical,Donut chart,384,0.125,0.0010059093270460284,,"[0.382080078125, 0.617919921875]"
cohort_CKD,empirical,Donut chart,384,0.375,0.0009715044127180938,,"[0.3801026643852359, 0.6198973356147641]"
cohort_CKD,empirical,Donut chart,384,0.625,0.0009715044127180938,,"[0.3801026643852359, 0.6198973356147641]"
cohort_CKD,empirical,Donut chart,384,0.875,0.0009715044127180938,,"[0.3801026643852359, 0.6198973356147641]"
cohort_CKD,empirical,Stacked bar,384,0.125,0.0005414300878399114,,"[0.3816155988857939, 0.6183844011142061]"
cohort_CKD,empirical,Stacked bar,384,0.375,0.002244085232494336,,"[0.3788300835654596, 0.6211699164345403]"
cohort_CKD,empirical,Stacked bar,384,0.625,0.001185900641529375,,"[0.37988826815642457, 0.6201117318435754]"
cohort_CKD,empirical,Stacked bar,384,0.875,0.0005414300878399114,,"[0.3816155988857939, 0.6183844011142061]"
comp_Cleveland_0,empirical,Bar chart,256,0.0,0.0017497348886532094,,"[0.33043478260869563, 0.29130434782608694, 0.16521739130434782, 0.21304347826086956]"
comp_Cleveland_0,empirical,Bar chart,256,0.25,0.0026743688489516693,,"[0.3289473684210526, 0.293859649122807, 0.16228070175438594, 0.21491228070175436]"
comp_Cleveland_0,empirical,Bar chart,256,0.5,0.0026743688489516693,,"[0.3289473684210526, 0.293859649122807, 0.16228070175438594, 0.21491228070175436]"
comp_Cleveland_0,empirical,Bar chart,256,0.75,0.003599441280756413,,"[0.33039647577092507, 0.2951541850220264, 0.16299559471365635, 0.21145374449339205]"
comp_Cleveland_0,empirical,Pie chart,256,0.0,0.0009348799542683028,,"[0.32861328125, 0.29345703125, 0.164794921875, 0.213134765625]"
comp_Cleveland_0,empirical,Pie chart,256,0.25,0.0028105945121951192,,"[0.326904296875, 0.292236328125, 0.166015625, 0.21484375]"
comp_Cleveland_0,empirical,Pie chart,256,0.5,0.0028105945121951192,,"[0.326904296875, 0.292236328125, 0.166015625, 0.21484375]"
comp_Cleveland_0,empirical,Pie chart,256,0.75,0.0023223132621951192,,"[0.32861328125, 0.291015625, 0.16552734375, 0.21484375]"
comp_Cleveland_0,empirical,Donut chart,256,0.0,0.0009348799542683028,,"[0.32861328125, 0.29345703125, 0.164794921875, 0.213134765625]"
comp_Cleveland_0,empirical,Donut chart,256,0.25,0.0028105945121951192,,"[0.326904296875, 0.292236328125, 0.166015625, 0.21484375]"
comp_Cleveland_0,empirical,Donut chart,256,0.5,0.0028105945121951192,,"[0.326904296875, 0.292236328125, 0.166015625, 0.21484375]"
comp_Cleveland_0,empirical,Donut chart,256,0.75,0.0023223132621951192,,"[0.32861328125, 0.291015625, 0.16552734375, 0.21484375]"
comp_Cleveland_0,empirical,Stacked bar,256,0.0,0.0016893675430260935,,"[0.329004329004329, 0.2943722943722944, 0.1645021645021645, 0.21212121212121213]"
comp_Cleveland_0,empirical,Stacked bar,256,0.25,0.004724949846901097,,"[0.3246753246753247, 0.2943722943722944, 0.1645021645021645, 0.21645021645021645]"
comp_Cleveland_0,empirical,Stacked bar,256,0.5,0.007364586632879311,,"[0.3246753246753247, 0.29004329004329005, 0.1645021645021645, 0.22077922077922077]"
comp_Cleveland_0,empirical,Stacked bar,256,0.75,0.00455991516436903,,"[0.32608695652173914, 0.29130434782608694, 0.16521739130434782, 0.21739130434782608]"
comp_Cleveland_0,empirical,Bar chart,384,0.125,0.001124131353045385,,"[0.329608938547486, 0.2932960893854749, 0.164804469273743, 0.2122905027932961]"
comp_Cleveland_0,empirical,Bar chart,384,0.375,0.0023294053165250767,,"[0.32865168539325845, 0.2949438202247191, 0.16292134831460675, 0.21348314606741572]"
comp_Cleveland_0,empirical,Bar chart,384,0.625,0.0012538646513225726,,"[0.3295774647887324, 0.29295774647887324, 0.16338028169014085, 0.2140845070422535]"
comp_Cleveland_0,empirical,Bar chart,384,0.875,0.0012538646513225726,,"[0.3295774647887324, 0.29295774647887324, 0.16338028169014085, 0.2140845070422535]"
comp_Cleveland_0,empirical,Pie chart,384,0.125,0.0018280773628048808,,"[0.32958984375, 0.294189453125, 0.164306640625, 0.2119140625]"
comp_Cleveland_0,empirical,Pie chart,384,0.375,0.0010455514911768549,,"[0.3285295554469956, 0.29262335124572547, 0.16438690766976063, 0.2144601856375183]"
comp_Cleveland_0,empirical,Pie chart,384,0.625,0.0010455514911768549,,"[0.3285295554469956, 0.29262335124572547, 0.16438690766976063, 0.2144601856375183]"
comp_Cleveland_0,empirical,Pie chart,384,0.875,0.0015650058724982069,,"[0.32877047176729407, 0.29161574187240286, 0.164996333414813, 0.2146174529454901]"
comp_Cleveland_0,empirical,Donut chart,384,0.125,0.0018280773628048808,,"[0.32958984375, 0.294189453125, 0.164306640625, 0.2119140625]"
comp_Cleveland_0,empirical,Donut chart,384,0.375,0.0010455514911768549,,"[0.3285295554469956, 0.29262335124572547, 0.16438690766976063, 0.2144601856375183]"
comp_Cleveland_0,empirical,Donut chart,384,0.625,0.0010455514911768549,,"[0.3285295554469956, 0.29262335124572547, 0.16438690766976063, 0.2144601856375183]"
comp_Cleveland_0,empirical,Donut chart,384,0.875,0.0015650058724982069,,"[0.32877047176729407, 0.29161574187240286, 0.164996333414813, 0.2146174529454901]"
comp_Cleveland_0,empirical,Stacked bar,384,0.125,0.0026229731571058706,,"[0.329608938547486, 0.29329608938547486, 0.16201117318435754, 0.21508379888268156]"
comp_Cleveland_0,empirical,Stacked bar,384,0.375,0.0038555608397309454,,"[0.32590529247910865, 0.2924791086350975, 0.16434540389972144, 0.21727019498607242]"
comp_Cleveland_0,empirical,Stacked bar,384,0.625,0.0035668183979889745,,"[0.32590529247910865, 0.2924791086350975, 0.1671309192200557, 0.21448467966573817]"
comp_Cleveland_0,empirical,Stacked bar,384,0.875,0.0010700455193967118,,"[0.3286908077994429, 0.2924791086350975, 0.16434540389972144, 0.21448467966573817]"
comp_Cleveland_1,empirical,Bar chart,256,0.0,0.0019393181107288382,,"[0.15217391304347827, 0.19999999999999998, 0.33043478260869563, 0.3173913043478261]"
comp_Cleveland_1,empirical,Bar chart,256,0.25,0.003173007445571918,,"[0.14847161572052403, 0.20087336244541484, 0.3318777292576419, 0.3187772925764192]"
comp_Cleveland_1,empirical,Bar chart,256,0.5,0.0027136185788211586,,"[0.14912280701754388, 0.20175438596491227, 0.33333333333333337, 0.3157894736842105]"
comp_Cleveland_1,empirical,Bar chart,256,0.75,0.001838177035464128,,"[0.14977973568281938, 0.2026431718061674, 0.3303964757709251, 0.3171806167400881]"
comp_Cleveland_1,empirical,Pie chart,256,0.0,0.004269826326438839,,"[0.149658203125, 0.200927734375, 0.335205078125, 0.314208984375]"
comp_Cleveland_1,empirical,Pie chart,256,0.25,0.0020725607014388386,,"[0.150146484375, 0.200927734375, 0.3330078125, 0.31591796875]"
comp_Cleveland_1,empirical,Pie chart,256,0.5,0.0016461556029901403,,"[0.15018315018315018, 0.20073260073260074, 0.3308913308913309, 0.3181929181929182]"
comp_Cleveland_1,empirical,Pie chart,256,0.75,0.0016879074865108062,,"[0.150146484375, 0.20068359375, 0.3310546875, 0.318115234375]"
comp_Cleveland_1,empirical,Donut chart,256,0.0,0.004269826326438839,,"[0.149658203125, 0.200927734375, 0.335205078125, 0.314208984375]"
comp_Cleveland_1,empirical,Donut chart,256,0.25,0.0020725607014388386,,"[0.150146484375, 0.200927734375, 0.3330078125, 0.31591796875]"
comp_Cleveland_1,empirical,Donut chart,256,0.5,0.0016461556029901403,,"[0.15018315018315018, 0.20073260073260074, 0.3308913308913309, 0.3181929181929182]"
comp_Cleveland_1,empirical,Donut chart,256,0.75,0.0016879074865108062,,"[0.150146484375, 0.20068359375, 0.3310546875, 0.318115234375]"
comp_Cleveland_1,empirical,Stacked bar,256,0.0,0.0019393181107288243,,"[0.15217391304347827, 0.2, 0.33043478260869563, 0.3173913043478261]"
comp_Cleveland_1,empirical,Stacked bar,256,0.25,0.005823912298732428,,"[0.1471861471861472, 0.20346320346320346, 0.329004329004329, 0.3203463203463203]"
comp_Cleveland_1,empirical,Stacked bar,256,0.5,0.008128562085396612,,"[0.1471861471861472, 0.19913419913419914, 0.329004329004329, 0.3246753246753247]"
comp_Cleveland_1,empirical,Stacked bar,256,0.75,0.0067270858637764885,,"[0.1471861471861472, 0.19913419913419914, 0.33766233766233766, 0.31601731601731603]"
comp_Cleveland_1,empirical,Bar chart,384,0.125,0.00042319085907742415,,"[0.1512605042016807, 0.20168067226890757, 0.33053221288515405, 0.31652661064425774]"
comp_Cleveland_1,empirical,Bar chart,384,0.375,0.002202732196265461,,"[0.14887640449438203, 0.20224719101123595, 0.33146067415730335, 0.31741573033707865]"
comp_Cleveland_1,empirical,Bar chart,384,0.625,0.002202732196265461,,"[0.14887640449438203, 0.20224719101123595, 0.33146067415730335, 0.31741573033707865]"
comp_Cleveland_1,empirical,Bar chart,384,0.875,0.003222210963623462,,"[0.14929577464788732, 0.2, 0.33239436619718304, 0.3183098591549296]"
comp_Cleveland_1,empirical,Pie chart,384,0.125,0.0011058601798912548,,"[0.1507820136852395, 0.20210166177908112, 0.3313782991202346, 0.31573802541544477]"
comp_Cleveland_1,empirical,Pie chart,384,0.375,0.002322482190200925,,"[0.1495601173020528, 0.20063538611925708, 0.33186705767350927, 0.31793743890518084]"
comp_Cleveland_1,empirical,Pie chart,384,0.625,0.002322482190200925,,"[0.1495601173020528, 0.20063538611925708, 0.33186705767350927, 0.31793743890518084]"
comp_Cleveland_1,empirical,Pie chart,384,0.875,0.0013243311600719537,,"[0.15087890625, 0.20068359375, 0.33056640625, 0.31787109375]"
comp_Cleveland_1,empirical,Donut chart,384,0.125,0.0011058601798912548,,"[0.1507820136852395, 0.20210166177908112, 0.3313782991202346, 0.31573802541544477]"
comp_Cleveland_1,empirical,Donut chart,384,0.375,0.002322482190200925,,"[0.1495601173020528, 0.20063538611925708, 0.33186705767350927, 0.31793743890518084]"
comp_Cleveland_1,empirical,Donut chart,384,0.625,0.002322482190200925,,"[0.1495601173020528, 0.20063538611925708, 0.33186705767350927, 0.31793743890518084]"
comp_Cleveland_1,empirical,Donut chart,384,0.875,0.0013243311600719537,,"[0.15087890625, 0.20068359375, 0.33056640625, 0.31787109375]"
comp_Cleveland_1,empirical,Stacked bar,384,0.125,0.0029057533917156153,,"[0.15041782729805014, 0.20334261838440112, 0.3286908077994429, 0.31754874651810583]"
comp_Cleveland_1,empirical,Stacked bar,384,0.375,0.0033559744383264423,,"[0.14804469273743018, 0.2011173184357542, 0.3324022346368715, 0.31843575418994413]"
comp_Cleveland_1,empirical,Stacked bar,384,0.625,0.004328570569728074,,"[0.14763231197771587, 0.20055710306406685, 0.3342618384401114, 0.31754874651810583]"
comp_Cleveland_1,empirical,Stacked bar,384,0.875,0.001888991600016085,,"[0.15083798882681565, 0.2011173184357542, 0.329608938547486, 0.31843575418994413]"
cohort_Cleveland,empirical,Bar chart,256,0.0,0.00012858428700013302,,"[0.5411255411255411, 0.4588744588744589]"
cohort_Cleveland,empirical,Bar chart,256,0.25,0.002123690629932562,,"[0.5391304347826087, 0.4608695652173913]"
cohort_Cleveland,empirical,Bar chart,256,0.5,0.00023059074466402762,,"[0.5414847161572053, 0.4585152838427947]"
cohort_Cleveland,empirical,Bar chart,256,0.75,0.00023059074466402762,,"[0.5414847161572053, 0.4585152838427947]"
cohort_Cleveland,empirical,Pie chart,256,0.0,0.0014704839624587462,,"[0.542724609375, 0.457275390625]"
cohort_Cleveland,empirical,Pie chart,256,0.25,0.0006876696473755717,,"[0.5419417950599168, 0.45805820494008315]"
cohort_Cleveland,empirical,Pie chart,256,0.5,0.0011367085827956591,,"[0.5401174168297456, 0.4598825831702544]"
cohort_Cleveland,empirical,Pie chart,256,0.75,0.0021916254125412538,,"[0.5390625, 0.4609375]"
cohort_Cleveland,empirical,Donut chart,256,0.0,0.0014704839624587462,,"[0.542724609375, 0.457275390625]"
cohort_Cleveland,empirical,Donut chart,256,0.25,0.0006876696473755717,,"[0.5419417950599168, 0.45805820494008315]"
cohort_Cleveland,empirical,Donut chart,256,0.5,0.0011367085827956591,,"[0.5401174168297456, 0.4598825831702544]"
cohort_Cleveland,empirical,Donut chart,256,0.75,0.0021916254125412538,,"[0.5390625, 0.4609375]"
cohort_Cleveland,empirical,Stacked bar,256,0.0,0.00012858428700013302,,"[0.5411255411255411, 0.4588744588744589]"
cohort_Cleveland,empirical,Stacked bar,256,0.25,0.002123690629932562,,"[0.5391304347826087, 0.4608695652173913]"
cohort_Cleveland,empirical,Stacked bar,256,0.5,0.002123690629932562,,"[0.5391304347826087, 0.4608695652173913]"
cohort_Cleveland,empirical,Stacked bar,256,0.75,0.00012858428700013302,,"[0.5411255411255411, 0.4588744588744589]"
cohort_Cleveland,empirical,Bar chart,384,0.125,0.000645315928240825,,"[0.541899441340782, 0.4581005586592179]"
cohort_Cleveland,empirical,Bar chart,384,0.375,0.000645315928240825,,"[0.541899441340782, 0.4581005586592179]"
cohort_Cleveland,empirical,Bar chart,384,0.625,0.0006378789139418195,,"[0.5406162464985994, 0.45938375350140054]"
cohort_Cleveland,empirical,Bar chart,384,0.875,0.0006378789139418195,,"[0.5406162464985994, 0.45938375350140054]"
cohort_Cleveland,empirical,Pie chart,384,0.125,0.0011560432503773255,,"[0.5424101686629186, 0.4575898313370814]"
cohort_Cleveland,empirical,Pie chart,384,0.375,0.0007267816625412538,,"[0.54052734375, 0.45947265625]"
cohort_Cleveland,empirical,Pie chart,384,0.625,0.0007267816625412538,,"[0.54052734375, 0.45947265625]"
cohort_Cleveland,empirical,Pie chart,384,0.875,0.0012883468742865556,,"[0.5399657785382547, 0.4600342214617453]"
cohort_Cleveland,empirical,Donut chart,384,0.125,0.0011560432503773255,,"[0.5424101686629186, 0.4575898313370814]"
cohort_Cleveland,empirical,Donut chart,384,0.375,0.0007267816625412538,,"[0.54052734375, 0.45947265625]"
cohort_Cleveland,empirical,Donut chart,384,0.625,0.0007267816625412538,,"[0.54052734375, 0.45947265625]"
cohort_Cleveland,empirical,Donut chart,384,0.875,0.0012883468742865556,,"[0.5399657785382547, 0.4600342214617453]"
cohort_Cleveland,empirical,Stacked bar,384,0.125,0.0006453159282408805,,"[0.5418994413407822, 0.4581005586592179]"
cohort_Cleveland,empirical,Stacked bar,384,0.375,0.0008641532676944841,,"[0.5403899721448467, 0.4596100278551532]"
cohort_Cleveland,empirical,Stacked bar,384,0.625,0.0008641532676944841,,"[0.5403899721448467, 0.4596100278551532]"
cohort_Cleveland,empirical,Stacked bar,384,0.875,0.0008641532676944841,,"[0.5403899721448467, 0.4596100278551532]"
comp_HAR_0,empirical,Bar chart,256,0.0,0.0014492753623188553,,"[0.0, 0.39999999999999997, 0.43478260869565216, 0.16521739130434782]"
comp_HAR_0,empirical,Bar chart,256,0.25,0.001746724890829665,,"[0.0, 0.4017467248908297, 0.43231441048034935, 0.165938864628821]"
comp_HAR_0,empirical,Bar chart,256,0.5,0.001746724890829665,,"[0.0, 0.4017467248908297, 0.43231441048034935, 0.165938864628821]"
comp_HAR_0,empirical,Bar chart,256,0.75,0.001746724890829665,,"[0.0, 0.4017467248908297, 0.43231441048034935, 0.165938864628821]"
comp_HAR_0,empirical,Pie chart,256,0.0,0.0018554687499999917,,"[0.0, 0.40185546875, 0.4326171875, 0.16552734375]"
comp_HAR_0,empirical,Pie chart,256,0.25,0.0018554687499999917,,"[0.0, 0.40185546875, 0.4326171875, 0.16552734375]"
comp_HAR_0,empirical,Pie chart,256,0.5,0.001174455590898002,,"[0.0, 0.398825544409102, 0.43356985563983363, 0.16760459995106436]"
comp_HAR_0,empirical,Pie chart,256,0.75,0.001174455590898002,,"[0.0, 0.398825544409102, 0.43356985563983363, 0.16760459995106436]"
comp_HAR_0,empirical,Donut chart,256,0.0,0.0018554687499999917,,"[0.0, 0.40185546875, 0.4326171875, 0.16552734375]"
comp_HAR_0,empirical,Donut chart,256,0.25,0.0018554687499999917,,"[0.0, 0.40185546875, 0.4326171875, 0.16552734375]"
comp_HAR_0,empirical,Donut chart,256,0.5,0.001174455590898002,,"[0.0, 0.398825544409102, 0.43356985563983363, 0.16760459995106436]"
comp_HAR_0,empirical,Donut chart,256,0.75,0.001174455590898002,,"[0.0, 0.398825544409102, 0.43356985563983363, 0.16760459995106436]"
comp_HAR_0,empirical,Stacked bar,256,0.0,0.002898550724637683,,"[0.0, 0.4, 0.43043478260869567, 0.16956521739130434]"
comp_HAR_0,empirical,Stacked bar,256,0.25,0.0025974025974025983,,"[0.0, 0.4025974025974026, 0.4329004329004329, 0.1645021645021645]"
comp_HAR_0,empirical,Stacked bar,256,0.5,0.0021645021645021884,,"[0.0, 0.39826839826839827, 0.4329004329004329, 0.16883116883116883]"
comp_HAR_0,empirical,Stacked bar,256,0.75,0.0021645021645021884,,"[0.0, 0.39826839826839827, 0.4329004329004329, 0.16883116883116883]"
comp_HAR_0,empirical,Bar chart,384,0.125,0.0009310986964618517,,"[0.0, 0.3994413407821229, 0.4329608938547486, 0.1675977653631285]"
comp_HAR_0,empirical,Bar chart,384,0.375,0.001400560224089617,,"[0.0, 0.4005602240896359, 0.4341736694677871, 0.16526610644257705]"
comp_HAR_0,empirical,Bar chart,384,0.625,0.001400560224089617,,"[0.0, 0.4005602240896359, 0.4341736694677871, 0.16526610644257705]"
comp_HAR_0,empirical,Bar chart,384,0.875,0.0016853932584269399,,"[0.0, 0.401685393258427, 0.4325842696629214, 0.1657303370786517]"
comp_HAR_0,empirical,Pie chart,384,0.125,0.0006347656249999917,,"[0.0, 0.400634765625, 0.43310546875, 0.166259765625]"
comp_HAR_0,empirical,Pie chart,384,0.375,0.0008138020833333565,,"[0.0, 0.3994140625, 0.43310546875, 0.16748046875]"
comp_HAR_0,empirical,Pie chart,384,0.625,0.0008138020833333565,,"[0.0, 0.3994140625, 0.43310546875, 0.16748046875]"
comp_HAR_0,empirical,Pie chart,384,0.875,0.0008138020833333565,,"[0.0, 0.3994140625, 0.43310546875, 0.16748046875]"
comp_HAR_0,empirical,Donut chart,384,0.125,0.0006347656249999917,,"[0.0, 0.400634765625, 0.43310546875, 0.166259765625]"
comp_HAR_0,empirical,Donut chart,384,0.375,0.0008138020833333565,,"[0.0, 0.3994140625, 0.43310546875, 0.16748046875]"
comp_HAR_0,empirical,Donut chart,384,0.625,0.0008138020833333565,,"[0.0, 0.3994140625, 0.43310546875, 0.16748046875]"
comp_HAR_0,empirical,Donut chart,384,0.875,0.0008138020833333565,,"[0.0, 0.3994140625, 0.43310546875, 0.16748046875]"
comp_HAR_0,empirical,Stacked bar,384,0.125,0.0015784586815227597,,"[0.0, 0.4011142061281337, 0.43175487465181056, 0.1671309192200557]"
comp_HAR_0,empirical,Stacked bar,384,0.375,0.0009310986964618378,,"[0.0, 0.3994413407821229, 0.4329608938547486, 0.16759776536312848]"
comp_HAR_0,empirical,Stacked bar,384,0.625,0.0016713091922005707,,"[0.0, 0.3983286908077994, 0.43454038997214484, 0.1671309192200557]"
comp_HAR_0,empirical,Stacked bar,384,0.875,0.0009310986964618378,,"[0.0, 0.3994413407821229, 0.4329608938547486, 0.16759776536312848]"
comp_HAR_1,empirical,Bar chart,256,0.0,0.0014492753623188345,,"[0.5, 0.09999999999999999, 0.06521739130434782, 0.33478260869565213]"
comp_HAR_1,empirical,Bar chart,256,0.25,0.0014492753623188345,,"[0.5, 0.09999999999999999, 0.06521739130434782, 0.33478260869565213]"
comp_HAR_1,empirical,Bar chart,256,0.5,0.004385964912280729,,"[0.5043859649122807, 0.09649122807017542, 0.06578947368421051, 0.3333333333333333]"
comp_HAR_1,empirical,Bar chart,256,0.75,0.007374631268436602,,"[0.504424778761062, 0.09734513274336283, 0.06194690265486726, 0.336283185840708]"
comp_HAR_1,empirical,Pie chart,256,0.0,0.0025227864583333218,,"[0.5, 0.100341796875, 0.06884765625, 0.330810546875]"
comp_HAR_1,empirical,Pie chart,256,0.25,0.003588614305521591,,"[0.49938830437974063, 0.09836065573770492, 0.06532909224369954, 0.3369219476388549]"
comp_HAR_1,empirical,Pie chart,256,0.5,0.0018554687500000125,,"[0.498291015625, 0.099853515625, 0.0673828125, 0.33447265625]"
comp_HAR_1,empirical,Pie chart,256,0.75,0.0018554687500000125,,"[0.498291015625, 0.099853515625, 0.0673828125, 0.33447265625]"
comp_HAR_1,empirical,Donut chart,256,0.0,0.0025227864583333218,,"[0.5, 0.100341796875, 0.06884765625, 0.330810546875]"
comp_HAR_1,empirical,Donut chart,256,0.25,0.003588614305521591,,"[0.49938830437974063, 0.09836065573770492, 0.06532909224369954, 0.3369219476388549]"
comp_HAR_1,empirical,Donut chart,256,0.5,0.0018554687500000125,,"[0.498291015625, 0.099853515625, 0.0673828125, 0.33447265625]"
comp_HAR_1,empirical,Donut chart,256,0.75,0.0018554687500000125,,"[0.498291015625, 0.099853515625, 0.0673828125, 0.33447265625]"
comp_HAR_1,empirical,Stacked bar,256,0.0,0.005797101449275366,,"[0.5, 0.09565217391304348, 0.06521739130434782, 0.3391304347826087]"
comp_HAR_1,empirical,Stacked bar,256,0.25,0.00692640692640694,,"[0.4935064935064935, 0.09956709956709957, 0.06926406926406926, 0.33766233766233766]"
comp_HAR_1,empirical,Stacked bar,256,0.5,0.004329004329004335,,"[0.49783549783549785, 0.09956709956709957, 0.06493506493506493, 0.33766233766233766]"
comp_HAR_1,empirical,Stacked bar,256,0.75,0.0025974025974025913,,"[0.49783549783549785, 0.09956709956709957, 0.06926406926406926, 0.3333333333333333]"
comp_HAR_1,empirical,Bar chart,384,0.125,0.0022408963585434094,,"[0.5014005602240896, 0.10084033613445377, 0.06442577030812324, 0.3333333333333333]"
comp_HAR_1,empirical,Bar chart,384,0.375,0.003745318352059955,,"[0.502808988764045, 0.09831460674157304, 0.06460674157303371, 0.3342696629213483]"
comp_HAR_1,empirical,Bar chart,384,0.625,0.003745318352059955,,"[0.502808988764045, 0.09831460674157304, 0.06460674157303371, 0.3342696629213483]"
comp_HAR_1,empirical,Bar chart,384,0.875,0.0032863849765258357,,"[0.5014084507042254, 0.09859154929577464, 0.0647887323943662, 0.3352112676056338]"
comp_HAR_1,empirical,Pie chart,384,0.125,0.0014485677083333273,,"[0.5, 0.099365234375, 0.068115234375, 0.33251953125]"
comp_HAR_1,empirical,Pie chart,384,0.375,0.001220703125000007,,"[0.498779296875, 0.1005859375, 0.06689453125, 0.333740234375]"
comp_HAR_1,empirical,Pie chart,384,0.625,0.001220703125000007,,"[0.498779296875, 0.1005859375, 0.06689453125, 0.333740234375]"
comp_HAR_1,empirical,Pie chart,384,0.875,0.0033203125000000125,,"[0.49755859375, 0.09912109375, 0.068115234375, 0.335205078125]"
comp_HAR_1,empirical,Donut chart,384,0.125,0.0014485677083333273,,"[0.5, 0.099365234375, 0.068115234375, 0.33251953125]"
comp_HAR_1,empirical,Donut chart,384,0.375,0.001220703125000007,,"[0.498779296875, 0.1005859375, 0.06689453125, 0.333740234375]"
comp_HAR_1,empirical,Donut chart,384,0.625,0.001220703125000007,,"[0.498779296875, 0.1005859375, 0.06689453125, 0.333740234375]"
comp_HAR_1,empirical,Donut chart,384,0.875,0.0033203125000000125,,"[0.49755859375, 0.09912109375, 0.068115234375, 0.335205078125]"
comp_HAR_1,empirical,Stacked bar,384,0.125,0.004655493482309141,,"[0.5, 0.09776536312849161, 0.06424581005586592, 0.33798882681564246]"
comp_HAR_1,empirical,Stacked bar,384,0.375,0.0013927576601671307,,"[0.4986072423398329, 0.10027855153203342, 0.06685236768802229, 0.3342618384401114]"
comp_HAR_1,empirical,Stacked bar,384,0.625,0.0013927576601671307,,"[0.4986072423398329, 0.10027855153203342, 0.06685236768802229, 0.3342618384401114]"
comp_HAR_1,empirical,Stacked bar,384,0.875,0.00389972144846798,,"[0.4986072423398329, 0.09749303621169916, 0.06685236768802229, 0.3370473537604457]"
comp_HeartFailure_0,empirical,Bar chart,256,0.0,0.0021846219747269358,,"[0.26956521739130435, 0.21304347826086956, 0.32608695652173914, 0.19130434782608693]"
comp_HeartFailure_0,empirical,Bar chart,256,0.25,0.002172650418396538,,"[0.27074235807860264, 0.21397379912663755, 0.3231441048034934, 0.19213973799126635]"
comp_HeartFailure_0,empirical,Bar chart,256,0.5,0.0018580935096361717,,"[0.2719298245614035, 0.2105263157894737, 0.3245614035087719, 0.19298245614035087]"
comp_HeartFailure_0,empirical,Bar chart,256,0.75,0.002582409235910646,,"[0.26872246696035246, 0.2114537444933921, 0.32599118942731276, 0.19383259911894274]"
comp_HeartFailure_0,empirical,Pie chart,256,0.0,0.0020962163295252106,,"[0.2707263389581805, 0.21178772315969674, 0.3272193690388848, 0.19026656884323795]"
comp_HeartFailure_0,empirical,Pie chart,256,0.25,0.0027781519396551796,,"[0.2685546875, 0.21142578125, 0.326416015625, 0.193603515625]"
comp_HeartFailure_0,empirical,Pie chart,256,0.5,0.001485289024014777,,"[0.270263671875, 0.21142578125, 0.32470703125, 0.193603515625]"
comp_HeartFailure_0,empirical,Pie chart,256,0.75,0.001485289024014777,,"[0.270263671875, 0.21142578125, 0.32470703125, 0.193603515625]"
comp_HeartFailure_0,empirical,Donut chart,256,0.0,0.0020962163295252106,,"[0.2707263389581805, 0.21178772315969674, 0.3272193690388848, 0.19026656884323795]"
comp_HeartFailure_0,empirical,Donut chart,256,0.25,0.0027781519396551796,,"[0.2685546875, 0.21142578125, 0.326416015625, 0.193603515625]"
comp_HeartFailure_0,empirical,Donut chart,256,0.5,0.001485289024014777,,"[0.270263671875, 0.21142578125, 0.32470703125, 0.193603515625]"
comp_HeartFailure_0,empirical,Donut chart,256,0.75,0.001485289024014777,,"[0.270263671875, 0.21142578125, 0.32470703125, 0.193603515625]"
comp_HeartFailure_0,empirical,Stacked bar,256,0.0,0.007881773399014802,,"[0.26956521739130435, 0.20869565217391303, 0.3217391304347826, 0.2]"
comp_HeartFailure_0,empirical,Stacked bar,256,0.25,0.00686669652186897,,"[0.26406926406926406, 0.21212121212121213, 0.329004329004329, 0.19480519480519481]"
comp_HeartFailure_0,empirical,Stacked bar,256,0.5,0.002985520226899546,,"[0.2683982683982684, 0.21212121212121213, 0.3246753246753247, 0.19480519480519481]"
comp_HeartFailure_0,empirical,Stacked bar,256,0.75,0.002985520226899546,,"[0.2683982683982684, 0.21212121212121213, 0.3246753246753247, 0.19480519480519481]"
comp_HeartFailure_0,empirical,Bar chart,384,0.125,0.0011008063406444946,,"[0.270949720670391, 0.2122905027932961, 0.32402234636871513, 0.19273743016759778]"
comp_HeartFailure_0,empirical,Bar chart,384,0.375,0.0018352168453587975,,"[0.27170868347338933, 0.21288515406162464, 0.32492997198879553, 0.1904761904761905]"
comp_HeartFailure_0,empirical,Bar chart,384,0.625,0.0016374106709221015,,"[0.2704225352112676, 0.2112676056338028, 0.3267605633802817, 0.19154929577464788]"
comp_HeartFailure_0,empirical,Bar chart,384,0.875,0.0002922267679719426,,"[0.2711864406779661, 0.21186440677966104, 0.3248587570621469, 0.192090395480226]"
comp_HeartFailure_0,empirical,Pie chart,384,0.125,0.001200257850985223,,"[0.271240234375, 0.212158203125, 0.32568359375, 0.19091796875]"
comp_HeartFailure_0,empirical,Pie chart,384,0.375,0.0010884101754926184,,"[0.27001953125, 0.212158203125, 0.324951171875, 0.19287109375]"
comp_HeartFailure_0,empirical,Pie chart,384,0.625,0.0010884101754926184,,"[0.27001953125, 0.212158203125, 0.324951171875, 0.19287109375]"
comp_HeartFailure_0,empirical,Pie chart,384,0.875,0.0027781519396551796,,"[0.27001953125, 0.2099609375, 0.326416015625, 0.193603515625]"
comp_HeartFailure_0,empirical,Donut chart,384,0.125,0.001200257850985223,,"[0.271240234375, 0.212158203125, 0.32568359375, 0.19091796875]"
comp_HeartFailure_0,empirical,Donut chart,384,0.375,0.0010884101754926184,,"[0.27001953125, 0.212158203125, 0.324951171875, 0.19287109375]"
comp_HeartFailure_0,empirical,Donut chart,384,0.625,0.0010884101754926184,,"[0.27001953125, 0.212158203125, 0.324951171875, 0.19287109375]"
comp_HeartFailure_0,empirical,Donut chart,384,0.875,0.0027781519396551796,,"[0.27001953125, 0.2099609375, 0.326416015625, 0.193603515625]"
comp_HeartFailure_0,empirical,Stacked bar,384,0.125,0.003426259735256079,,"[0.2709497206703911, 0.20949720670391062, 0.3240223463687151, 0.19553072625698323]"
comp_HeartFailure_0,empirical,Stacked bar,384,0.375,0.003649985592162147,,"[0.26740947075208915, 0.2116991643454039, 0.32590529247910865, 0.19498607242339833]"
comp_HeartFailure_0,empirical,Stacked bar,384,0.625,0.0008644702718279135,,"[0.27019498607242337, 0.2116991643454039, 0.32590529247910865, 0.19220055710306408]"
comp_HeartFailure_0,empirical,Stacked bar,384,0.875,0.0008644702718279135,,"[0.27019498607242337, 0.2116991643454039, 0.32590529247910865, 0.19220055710306408]"
comp_HeartFailure_1,empirical,Bar chart,256,0.0,0.0024456521739130432,,"[0.1956521739130435, 0.12608695652173912, 0.28260869565217395, 0.39565217391304347]"
comp_HeartFailure_1,empirical,Bar chart,256,0.25,0.0032894736842105157,,"[0.19736842105263158, 0.12280701754385966, 0.2807017543859649, 0.3991228070175438]"
comp_HeartFailure_1,empirical,Bar chart,256,0.5,0.0032894736842105157,,"[0.19736842105263158, 0.12280701754385966, 0.2807017543859649, 0.3991228070175438]"
comp_HeartFailure_1,empirical,Bar chart,256,0.75,0.0032894736842105157,,"[0.19736842105263158, 0.12280701754385966, 0.2807017543859649, 0.3991228070175438]"
comp_HeartFailure_1,empirical,Pie chart,256,0.0,0.0019531249999999861,,"[0.197509765625, 0.126708984375, 0.281494140625, 0.394287109375]"
comp_HeartFailure_1,empirical,Pie chart,256,0.25,0.0017327136333985527,,"[0.1961839530332681, 0.125, 0.2820450097847358, 0.3967710371819961]"
comp_HeartFailure_1,empirical,Pie chart,256,0.5,0.0023600260416666713,,"[0.19580078125, 0.124755859375, 0.2822265625, 0.397216796875]"
comp_HeartFailure_1,empirical,Pie chart,256,0.75,0.0013834635416666713,,"[0.19775390625, 0.124755859375, 0.2802734375, 0.397216796875]"
comp_HeartFailure_1,empirical,Donut chart,256,0.0,0.0019531249999999861,,"[0.197509765625, 0.126708984375, 0.281494140625, 0.394287109375]"
comp_HeartFailure_1,empirical,Donut chart,256,0.25,0.0017327136333985527,,"[0.1961839530332681, 0.125, 0.2820450097847358, 0.3967710371819961]"
comp_HeartFailure_1,empirical,Donut chart,256,0.5,0.0023600260416666713,,"[0.19580078125, 0.124755859375, 0.2822265625, 0.397216796875]"
comp_HeartFailure_1,empirical,Donut chart,256,0.75,0.0013834635416666713,,"[0.19775390625, 0.124755859375, 0.2802734375, 0.397216796875]"
comp_HeartFailure_1,empirical,Stacked bar,256,0.0,0.005525362318840578,,"[0.1956521739130435, 0.12173913043478261, 0.2826086956521739, 0.4]"
comp_HeartFailure_1,empirical,Stacked bar,256,0.25,0.0031114718614718706,,"[0.19480519480519481, 0.12554112554112554, 0.2813852813852814, 0.39826839826839827]"
comp_HeartFailure_1,empirical,Stacked bar,256,0.5,0.0031114718614718706,,"[0.19480519480519481, 0.12554112554112554, 0.2813852813852814, 0.39826839826839827]"
comp_HeartFailure_1,empirical,Stacked bar,256,0.75,0.006899350649350669,,"[0.19480519480519481, 0.12121212121212122, 0.2813852813852814, 0.4025974025974026]"
comp_HeartFailure_1,empirical,Bar chart,384,0.125,0.001920391061452545,,"[0.19832402234636873, 0.12569832402234635, 0.27932960893854747, 0.39664804469273746]"
comp_HeartFailure_1,empirical,Bar chart,384,0.375,0.0030430711610486966,,"[0.19662921348314608, 0.12359550561797752, 0.2808988764044944, 0.39887640449438205]"
comp_HeartFailure_1,empirical,Bar chart,384,0.625,0.001789906103286401,,"[0.1971830985915493, 0.12394366197183099, 0.28169014084507044, 0.3971830985915493]"
comp_HeartFailure_1,empirical,Bar chart,384,0.875,0.001789906103286401,,"[0.1971830985915493, 0.12394366197183099, 0.28169014084507044, 0.3971830985915493]"
comp_HeartFailure_1,empirical,Pie chart,384,0.125,0.0010770593986800109,,"[0.19750672207284284, 0.12466389635785871, 0.28232705939868, 0.3955023221706184]"
comp_HeartFailure_1,empirical,Pie chart,384,0.375,0.0011393229166666713,,"[0.197265625, 0.12451171875, 0.281494140625, 0.396728515625]"
comp_HeartFailure_1,empirical,Pie chart,384,0.625,0.0011393229166666713,,"[0.197265625, 0.12451171875, 0.281494140625, 0.396728515625]"
comp_HeartFailure_1,empirical,Pie chart,384,0.875,0.002455175224123897,,"[0.19755501222493888, 0.1234718826405868, 0.2806845965770171, 0.39828850855745723]"
comp_HeartFailure_1,empirical,Donut chart,384,0.125,0.0010770593986800109,,"[0.19750672207284284, 0.12466389635785871, 0.28232705939868, 0.3955023221706184]"
comp_HeartFailure_1,empirical,Donut chart,384,0.375,0.0011393229166666713,,"[0.197265625, 0.12451171875, 0.281494140625, 0.396728515625]"
comp_HeartFailure_1,empirical,Donut chart,384,0.625,0.0011393229166666713,,"[0.197265625, 0.12451171875, 0.281494140625, 0.396728515625]"
comp_HeartFailure_1,empirical,Donut chart,384,0.875,0.002455175224123897,,"[0.19755501222493888, 0.1234718826405868, 0.2806845965770171, 0.39828850855745723]"
comp_HeartFailure_1,empirical,Stacked bar,384,0.125,0.00043523676880220796,,"[0.1977715877437326, 0.12534818941504178, 0.28133704735376047, 0.3955431754874652]"
comp_HeartFailure_1,empirical,Stacked bar,384,0.375,0.0053679201485608355,,"[0.19498607242339833, 0.12256267409470752, 0.28133704735376047, 0.4011142061281337]"
comp_HeartFailure_1,empirical,Stacked bar,384,0.625,0.004480912476722547,,"[0.19553072625698323, 0.12290502793296089, 0.28212290502793297, 0.3994413407821229]"
comp_HeartFailure_1,empirical,Stacked bar,384,0.875,0.00043523676880220796,,"[0.1977715877437326, 0.12534818941504178, 0.28133704735376047, 0.3955431754874652]"
cohort_HeartFailure,empirical,Bar chart,256,0.0,0.0006688963210702281,,"[0.6782608695652174, 0.3217391304347826]"
cohort_HeartFailure,empirical,Bar chart,256,0.25,0.0006688963210702281,,"[0.6782608695652174, 0.3217391304347826]"
cohort_HeartFailure,empirical,Bar chart,256,0.5,0.0006688963210702281,,"[0.6782608695652174, 0.3217391304347826]"
cohort_HeartFailure,empirical,Bar chart,256,0.75,0.002292941537293147,,"[0.6812227074235807, 0.3187772925764192]"
cohort_HeartFailure,empirical,Pie chart,256,0.0,0.0019212979434996003,,"[0.6808510638297872, 0.3191489361702128]"
cohort_HeartFailure,empirical,Pie chart,256,0.25,0.00020938794105404557,,"[0.6791391538273417, 0.32086084617265836]"
cohort_HeartFailure,empirical,Pie chart,256,0.5,0.0009512502612876172,,"[0.677978515625, 0.322021484375]"
cohort_HeartFailure,empirical,Pie chart,256,0.75,0.0016603751351254026,,"[0.6772693907511622, 0.3227306092488378]"
cohort_HeartFailure,empirical,Donut chart,256,0.0,0.0019212979434996003,,"[0.6808510638297872, 0.3191489361702128]"
cohort_HeartFailure,empirical,Donut chart,256,0.25,0.00020938794105404557,,"[0.6791391538273417, 0.32086084617265836]"
cohort_HeartFailure,empirical,Donut chart,256,0.5,0.0009512502612876172,,"[0.677978515625, 0.322021484375]"
cohort_HeartFailure,empirical,Donut chart,256,0.75,0.0016603751351254026,,"[0.6772693907511622, 0.3227306092488378]"
cohort_HeartFailure,empirical,Stacked bar,256,0.0,0.0007239137673920315,,"[0.6796536796536796, 0.3203463203463203]"
cohort_HeartFailure,empirical,Stacked bar,256,0.25,0.0006688963210702281,,"[0.6782608695652174, 0.3217391304347826]"
cohort_HeartFailure,empirical,Stacked bar,256,0.5,0.0036050905616122897,,"[0.6753246753246753, 0.3246753246753247]"
cohort_HeartFailure,empirical,Stacked bar,256,0.75,0.0006688963210702281,,"[0.6782608695652174, 0.3217391304347826]"
cohort_HeartFailure,empirical,Bar chart,384,0.125,0.0001588161656172482,,"[0.6787709497206703, 0.3212290502793296]"
cohort_HeartFailure,empirical,Bar chart,384,0.375,0.0001588161656172482,,"[0.6787709497206703, 0.3212290502793296]"
cohort_HeartFailure,empirical,Bar chart,384,0.625,0.0001588161656172482,,"[0.6787709497206703, 0.3212290502793296]"
cohort_HeartFailure,empirical,Bar chart,384,0.875,0.00084551501258881,,"[0.6797752808988764, 0.32022471910112354]"
cohort_HeartFailure,empirical,Pie chart,384,0.125,0.0013440058076747141,,"[0.6802737716939623, 0.31972622830603764]"
cohort_HeartFailure,empirical,Pie chart,384,0.375,0.0007071096362876172,,"[0.67822265625, 0.32177734375]"
cohort_HeartFailure,empirical,Pie chart,384,0.625,0.0007071096362876172,,"[0.67822265625, 0.32177734375]"
cohort_HeartFailure,empirical,Pie chart,384,0.875,0.0019278127612876172,,"[0.677001953125, 0.322998046875]"
cohort_HeartFailure,empirical,Donut chart,384,0.125,0.0013440058076747141,,"[0.6802737716939623, 0.31972622830603764]"
cohort_HeartFailure,empirical,Donut chart,384,0.375,0.0007071096362876172,,"[0.67822265625, 0.32177734375]"
cohort_HeartFailure,empirical,Donut chart,384,0.625,0.0007071096362876172,,"[0.67822265625, 0.32177734375]"
cohort_HeartFailure,empirical,Donut chart,384,0.875,0.0019278127612876172,,"[0.677001953125, 0.322998046875]"
cohort_HeartFailure,empirical,Stacked bar,384,0.125,0.0007359722752722508,,"[0.6796657381615598, 0.3203342618384401]"
cohort_HeartFailure,empirical,Stacked bar,384,0.375,0.0020495430450619967,,"[0.6768802228412256, 0.3231197771587744]"
cohort_HeartFailure,empirical,Stacked bar,384,0.625,0.0020495430450619967,,"[0.6768802228412256, 0.3231197771587744]"
cohort_HeartFailure,empirical,Stacked bar,384,0.875,0.00015881616561722045,,"[0.6787709497206704, 0.32122905027932963]"
comp_ILPD_0,empirical,Bar chart,256,0.0,0.0009632908096849913,,"[0.31739130434782614, 0.2565217391304348, 0.20434782608695654, 0.2217391304347826]"
comp_ILPD_0,empirical,Bar chart,256,0.25,0.002719451925842678,,"[0.31877729257641924, 0.25764192139737996, 0.20087336244541484, 0.22270742358078602]"
comp_ILPD_0,empirical,Bar chart,256,0.5,0.0034142241832125636,,"[0.3157894736842105, 0.25877192982456143, 0.20175438596491227, 0.2236842105263158]"
comp_ILPD_0,empirical,Bar chart,256,0.75,0.0024268643330080386,,"[0.3171806167400881, 0.2599118942731278, 0.2026431718061674, 0.22026431718061673]"
comp_ILPD_0,empirical,Pie chart,256,0.0,0.00254520256362277,,"[0.31591796875, 0.258056640625, 0.20556640625, 0.220458984375]"
comp_ILPD_0,empirical,Pie chart,256,0.25,0.0011826932073353419,,"[0.31640625, 0.258056640625, 0.203369140625, 0.22216796875]"
comp_ILPD_0,empirical,Pie chart,256,0.5,0.001852252526197598,,"[0.31640625, 0.256591796875, 0.204833984375, 0.22216796875]"
comp_ILPD_0,empirical,Pie chart,256,0.75,0.002060851428554722,,"[0.3165608207132389, 0.256228627259404, 0.20493404982901808, 0.22227650219833903]"
comp_ILPD_0,empirical,Donut chart,256,0.0,0.00254520256362277,,"[0.31591796875, 0.258056640625, 0.20556640625, 0.220458984375]"
comp_ILPD_0,empirical,Donut chart,256,0.25,0.0011826932073353419,,"[0.31640625, 0.258056640625, 0.203369140625, 0.22216796875]"
comp_ILPD_0,empirical,Donut chart,256,0.5,0.001852252526197598,,"[0.31640625, 0.256591796875, 0.204833984375, 0.22216796875]"
comp_ILPD_0,empirical,Donut chart,256,0.75,0.002060851428554722,,"[0.3165608207132389, 0.256228627259404, 0.20493404982901808, 0.22227650219833903]"
comp_ILPD_0,empirical,Stacked bar,256,0.0,0.0022552298001399795,,"[0.31601731601731603, 0.2597402597402597, 0.20346320346320346, 0.22077922077922077]"
comp_ILPD_0,empirical,Stacked bar,256,0.25,0.007880343209684518,,"[0.3116883116883117, 0.2554112554112554, 0.20346320346320346, 0.22943722943722944]"
comp_ILPD_0,empirical,Stacked bar,256,0.5,0.0077507323016305085,,"[0.3116883116883117, 0.2554112554112554, 0.2077922077922078, 0.22510822510822512]"
comp_ILPD_0,empirical,Stacked bar,256,0.75,0.0045561051809424324,,"[0.3173913043478261, 0.2565217391304348, 0.2, 0.22608695652173913]"
comp_ILPD_0,empirical,Bar chart,384,0.125,0.0011070296382025974,,"[0.3165266106442577, 0.25770308123249297, 0.20448179271708683, 0.22128851540616246]"
comp_ILPD_0,empirical,Bar chart,384,0.375,0.0013456233600215584,,"[0.31741573033707865, 0.25842696629213485, 0.20224719101123595, 0.22191011235955058]"
comp_ILPD_0,empirical,Bar chart,384,0.625,0.0013456233600215584,,"[0.31741573033707865, 0.25842696629213485, 0.20224719101123595, 0.22191011235955058]"
comp_ILPD_0,empirical,Bar chart,384,0.875,0.0019229147339124703,,"[0.3183098591549296, 0.2563380281690141, 0.20281690140845068, 0.22253521126760564]"
comp_ILPD_0,empirical,Pie chart,384,0.125,0.001097901852544922,,"[0.317626953125, 0.2578125, 0.2041015625, 0.220458984375]"
comp_ILPD_0,empirical,Pie chart,384,0.375,0.0016709744573353419,,"[0.316650390625, 0.2578125, 0.20263671875, 0.222900390625]"
comp_ILPD_0,empirical,Pie chart,384,0.625,0.0016709744573353419,,"[0.316650390625, 0.2578125, 0.20263671875, 0.222900390625]"
comp_ILPD_0,empirical,Pie chart,384,0.875,0.001608111901197598,,"[0.316650390625, 0.256591796875, 0.203857421875, 0.222900390625]"
comp_ILPD_0,empirical,Donut chart,384,0.125,0.001097901852544922,,"[0.317626953125, 0.2578125, 0.2041015625, 0.220458984375]"
comp_ILPD_0,empirical,Donut chart,384,0.375,0.0016709744573353419,,"[0.316650390625, 0.2578125, 0.20263671875, 0.222900390625]"
comp_ILPD_0,empirical,Donut chart,384,0.625,0.0016709744573353419,,"[0.316650390625, 0.2578125, 0.20263671875, 0.222900390625]"
comp_ILPD_0,empirical,Donut chart,384,0.875,0.001608111901197598,,"[0.316650390625, 0.256591796875, 0.203857421875, 0.222900390625]"
comp_ILPD_0,empirical,Stacked bar,384,0.125,0.0029772856521593366,,"[0.31843575418994413, 0.2569832402234637, 0.2011173184357542, 0.22346368715083798]"
comp_ILPD_0,empirical,Stacked bar,384,0.375,0.002852234250162608,,"[0.3147632311977716, 0.2590529247910863, 0.20334261838440112, 0.22284122562674094]"
comp_ILPD_0,empirical,Stacked bar,384,0.625,0.0040698547195302665,,"[0.3147632311977716, 0.2562674094707521, 0.20334261838440112, 0.22562674094707522]"
comp_ILPD_0,empirical,Stacked bar,384,0.875,0.0038196587326738973,,"[0.3147632311977716, 0.2562674094707521, 0.20612813370473537, 0.22284122562674094]"
comp_ILPD_1,empirical,Bar chart,256,0.0,0.0018394648829431204,,"[0.21739130434782608, 0.21304347826086956, 0.30434782608695654, 0.2652173913043478]"
comp_ILPD_1,empirical,Bar chart,256,0.25,0.002372354719516259,,"[0.21397379912663755, 0.21397379912663755, 0.3056768558951965, 0.26637554585152834]"
comp_ILPD_1,empirical,Bar chart,256,0.5,0.0026990553306342896,,"[0.2149122807017544, 0.2149122807017544, 0.30701754385964913, 0.2631578947368421]"
comp_ILPD_1,empirical,Bar chart,256,0.75,0.0019167231446967775,,"[0.21585903083700442, 0.21585903083700442, 0.3039647577092511, 0.26431718061674003]"
comp_ILPD_1,empirical,Pie chart,256,0.0,0.002497746394230768,,"[0.21533203125, 0.215087890625, 0.306640625, 0.262939453125]"
comp_ILPD_1,empirical,Pie chart,256,0.25,0.0014499389499389587,,"[0.2148962148962149, 0.2148962148962149, 0.3054945054945055, 0.2647130647130647]"
comp_ILPD_1,empirical,Pie chart,256,0.5,0.002700210748155976,,"[0.21526418786692758, 0.21330724070450097, 0.30430528375733856, 0.2671232876712329]"
comp_ILPD_1,empirical,Pie chart,256,0.75,0.0025540865384615224,,"[0.21484375, 0.212890625, 0.3056640625, 0.2666015625]"
comp_ILPD_1,empirical,Donut chart,256,0.0,0.002497746394230768,,"[0.21533203125, 0.215087890625, 0.306640625, 0.262939453125]"
comp_ILPD_1,empirical,Donut chart,256,0.25,0.0014499389499389587,,"[0.2148962148962149, 0.2148962148962149, 0.3054945054945055, 0.2647130647130647]"
comp_ILPD_1,empirical,Donut chart,256,0.5,0.002700210748155976,,"[0.21526418786692758, 0.21330724070450097, 0.30430528375733856, 0.2671232876712329]"
comp_ILPD_1,empirical,Donut chart,256,0.75,0.0025540865384615224,,"[0.21484375, 0.212890625, 0.3056640625, 0.2666015625]"
comp_ILPD_1,empirical,Stacked bar,256,0.0,0.0018394648829431481,,"[0.21739130434782608, 0.21304347826086956, 0.30434782608695654, 0.26521739130434785]"
comp_ILPD_1,empirical,Stacked bar,256,0.25,0.006483100233100253,,"[0.21212121212121213, 0.21645021645021645, 0.30303030303030304, 0.2683982683982684]"
comp_ILPD_1,empirical,Stacked bar,256,0.5,0.008304195804195794,,"[0.21212121212121213, 0.21212121212121213, 0.30303030303030304, 0.2727272727272727]"
comp_ILPD_1,empirical,Stacked bar,256,0.75,0.006399850149850131,,"[0.21212121212121213, 0.21212121212121213, 0.3116883116883117, 0.26406926406926406]"
comp_ILPD_1,empirical,Bar chart,384,0.125,0.0020815427589170737,,"[0.21508379888268156, 0.21508379888268156, 0.30446927374301674, 0.2653631284916201]"
comp_ILPD_1,empirical,Bar chart,384,0.375,0.0008913137424373524,,"[0.21629213483146065, 0.2134831460674157, 0.30617977528089885, 0.2640449438202247]"
comp_ILPD_1,empirical,Bar chart,384,0.625,0.0008913137424373524,,"[0.21629213483146065, 0.2134831460674157, 0.30617977528089885, 0.2640449438202247]"
comp_ILPD_1,empirical,Bar chart,384,0.875,0.0018606040851803646,,"[0.21468926553672316, 0.21468926553672316, 0.3050847457627119, 0.2655367231638418]"
comp_ILPD_1,empirical,Pie chart,384,0.125,0.002159645909645902,,"[0.21562881562881564, 0.2139194139194139, 0.30744810744810747, 0.263003663003663]"
comp_ILPD_1,empirical,Pie chart,384,0.375,0.0009577824519230865,,"[0.215576171875, 0.2138671875, 0.30517578125, 0.265380859375]"
comp_ILPD_1,empirical,Pie chart,384,0.625,0.0009577824519230865,,"[0.215576171875, 0.2138671875, 0.30517578125, 0.265380859375]"
comp_ILPD_1,empirical,Pie chart,384,0.875,0.0021784855769230865,,"[0.215576171875, 0.212646484375, 0.30517578125, 0.2666015625]"
comp_ILPD_1,empirical,Donut chart,384,0.125,0.002159645909645902,,"[0.21562881562881564, 0.2139194139194139, 0.30744810744810747, 0.263003663003663]"
comp_ILPD_1,empirical,Donut chart,384,0.375,0.0009577824519230865,,"[0.215576171875, 0.2138671875, 0.30517578125, 0.265380859375]"
comp_ILPD_1,empirical,Donut chart,384,0.625,0.0009577824519230865,,"[0.215576171875, 0.2138671875, 0.30517578125, 0.265380859375]"
comp_ILPD_1,empirical,Donut chart,384,0.875,0.0021784855769230865,,"[0.215576171875, 0.212646484375, 0.30517578125, 0.2666015625]"
comp_ILPD_1,empirical,Stacked bar,384,0.125,0.0029141598624838894,,"[0.21508379888268156, 0.2122905027932961, 0.30726256983240224, 0.26536312849162014]"
comp_ILPD_1,empirical,Stacked bar,384,0.375,0.0035287658024426988,,"[0.21448467966573817, 0.21448467966573817, 0.30362116991643456, 0.26740947075208915]"
comp_ILPD_1,empirical,Stacked bar,384,0.625,0.0018614741804156704,,"[0.21448467966573817, 0.21448467966573817, 0.3064066852367688, 0.2646239554317549]"
comp_ILPD_1,empirical,Stacked bar,384,0.875,0.004104617527319457,,"[0.21448467966573817, 0.2116991643454039, 0.3064066852367688, 0.26740947075208915]"
cohort_ILPD,empirical,Bar chart,256,0.0,0.0007351139426611253,,"[0.2857142857142857, 0.7142857142857143]"
cohort_ILPD,empirical,Bar chart,256,0.25,0.000507122082183592,,"[0.2869565217391304, 0.7130434782608696]"
cohort_ILPD,empirical,Bar chart,256,0.5,0.0026066048971215006,,"[0.2838427947598253, 0.7161572052401747]"
cohort_ILPD,empirical,Bar chart,256,0.75,0.0026066048971215006,,"[0.2838427947598253, 0.7161572052401747]"
cohort_ILPD,empirical,Pie chart,256,0.0,0.0004158347180531763,,"[0.286865234375, 0.713134765625]"
cohort_ILPD,empirical,Pie chart,256,0.25,0.0008049878203119365,,"[0.28564441183663486, 0.7143555881633651]"
cohort_ILPD,empirical,Pie chart,256,0.5,0.0012931496569468237,,"[0.28515625, 0.71484375]"
cohort_ILPD,empirical,Pie chart,256,0.75,0.0007351139426611253,,"[0.2857142857142857, 0.7142857142857143]"
cohort_ILPD,empirical,Donut chart,256,0.0,0.0004158347180531763,,"[0.286865234375, 0.713134765625]"
cohort_ILPD,empirical,Donut chart,256,0.25,0.0008049878203119365,,"[0.28564441183663486, 0.7143555881633651]"
cohort_ILPD,empirical,Donut chart,256,0.5,0.0012931496569468237,,"[0.28515625, 0.71484375]"
cohort_ILPD,empirical,Donut chart,256,0.75,0.0007351139426611253,,"[0.2857142857142857, 0.7142857142857143]"
cohort_ILPD,empirical,Stacked bar,256,0.0,0.0007351139426611253,,"[0.2857142857142857, 0.7142857142857143]"
cohort_ILPD,empirical,Stacked bar,256,0.25,0.0026066048971215006,,"[0.2838427947598253, 0.7161572052401747]"
cohort_ILPD,empirical,Stacked bar,256,0.5,0.0007351139426611253,,"[0.2857142857142857, 0.7142857142857143]"
cohort_ILPD,empirical,Stacked bar,256,0.75,0.0007351139426611253,,"[0.2857142857142857, 0.7142857142857143]"
cohort_ILPD,empirical,Bar chart,384,0.125,0.001533198539628411,,"[0.2849162011173184, 0.7150837988826816]"
cohort_ILPD,empirical,Bar chart,384,0.375,0.001533198539628411,,"[0.2849162011173184, 0.7150837988826816]"
cohort_ILPD,empirical,Bar chart,384,0.625,0.0007351139426611253,,"[0.2857142857142857, 0.7142857142857143]"
cohort_ILPD,empirical,Bar chart,384,0.875,0.0007351139426611253,,"[0.2857142857142857, 0.7142857142857143]"
cohort_ILPD,empirical,Pie chart,384,0.125,0.0004158347180531763,,"[0.286865234375, 0.713134765625]"
cohort_ILPD,empirical,Pie chart,384,0.375,0.00045575507127093573,,"[0.2859936445856759, 0.7140063554143241]"
cohort_ILPD,empirical,Pie chart,384,0.625,0.00045575507127093573,,"[0.2859936445856759, 0.7140063554143241]"
cohort_ILPD,empirical,Pie chart,384,0.875,0.0004158347180531763,,"[0.286865234375, 0.713134765625]"
cohort_ILPD,empirical,Donut chart,384,0.125,0.0004158347180531763,,"[0.286865234375, 0.713134765625]"
cohort_ILPD,empirical,Donut chart,384,0.375,0.00045575507127093573,,"[0.2859936445856759, 0.7140063554143241]"
cohort_ILPD,empirical,Donut chart,384,0.625,0.00045575507127093573,,"[0.2859936445856759, 0.7140063554143241]"
cohort_ILPD,empirical,Donut chart,384,0.875,0.0004158347180531763,,"[0.286865234375, 0.713134765625]"
cohort_ILPD,empirical,Stacked bar,384,0.125,0.0004586783374821435,,"[0.28690807799442897, 0.713091922005571]"
cohort_ILPD,empirical,Stacked bar,384,0.375,0.002326836982852104,,"[0.2841225626740947, 0.7158774373259053]"
cohort_ILPD,empirical,Stacked bar,384,0.625,0.001533198539628411,,"[0.2849162011173184, 0.7150837988826816]"
cohort_ILPD,empirical,Stacked bar,384,0.875,0.0004586783374821435,,"[0.28690807799442897, 0.713091922005571]"
comp_Retinopathy_0,empirical,Bar chart,256,0.0,0.002093397745571643,,"[0.31304347826086953, 0.28260869565217395, 0.2608695652173913, 0.1434782608695652]"
comp_Retinopathy_0,empirical,Bar chart,256,0.25,0.002093397745571643,,"[0.31304347826086953, 0.28260869565217395, 0.2608695652173913, 0.1434782608695652]"
comp_Retinopathy_0,empirical,Bar chart,256,0.5,0.0018110621634850749,,"[0.31277533039647576, 0.28193832599118945, 0.2643171806167401, 0.14096916299559473]"
comp_Retinopathy_0,empirical,Bar chart,256,0.75,0.0018110621634850749,,"[0.31277533039647576, 0.28193832599118945, 0.2643171806167401, 0.14096916299559473]"
comp_Retinopathy_0,empirical,Pie chart,256,0.0,0.002186414930555547,,"[0.31201171875, 0.282470703125, 0.26416015625, 0.141357421875]"
comp_Retinopathy_0,empirical,Pie chart,256,0.25,0.002660228587962943,,"[0.310302734375, 0.281494140625, 0.26513671875, 0.14306640625]"
comp_Retinopathy_0,empirical,Pie chart,256,0.5,0.0007071035879629428,,"[0.312255859375, 0.281494140625, 0.26318359375, 0.14306640625]"
comp_Retinopathy_0,empirical,Pie chart,256,0.75,0.002891710069444442,,"[0.312255859375, 0.279296875, 0.265380859375, 0.14306640625]"
comp_Retinopathy_0,empirical,Donut chart,256,0.0,0.002186414930555547,,"[0.31201171875, 0.282470703125, 0.26416015625, 0.141357421875]"
comp_Retinopathy_0,empirical,Donut chart,256,0.25,0.002660228587962943,,"[0.310302734375, 0.281494140625, 0.26513671875, 0.14306640625]"
comp_Retinopathy_0,empirical,Donut chart,256,0.5,0.0007071035879629428,,"[0.312255859375, 0.281494140625, 0.26318359375, 0.14306640625]"
comp_Retinopathy_0,empirical,Donut chart,256,0.75,0.002891710069444442,,"[0.312255859375, 0.279296875, 0.265380859375, 0.14306640625]"
comp_Retinopathy_0,empirical,Stacked bar,256,0.0,0.0013708513708513559,,"[0.3116883116883117, 0.2813852813852814, 0.26406926406926406, 0.14285714285714285]"
comp_Retinopathy_0,empirical,Stacked bar,256,0.25,0.009581320450885666,,"[0.30869565217391304, 0.2782608695652174, 0.2608695652173913, 0.15217391304347827]"
comp_Retinopathy_0,empirical,Stacked bar,256,0.5,0.005699855699855705,,"[0.30735930735930733, 0.2813852813852814, 0.26406926406926406, 0.1471861471861472]"
comp_Retinopathy_0,empirical,Stacked bar,256,0.75,0.0013708513708513559,,"[0.3116883116883117, 0.2813852813852814, 0.26406926406926406, 0.14285714285714285]"
comp_Retinopathy_0,empirical,Bar chart,384,0.125,0.0006414235464514972,,"[0.3128491620111732, 0.282122905027933, 0.26256983240223464, 0.1424581005586592]"
comp_Retinopathy_0,empirical,Bar chart,384,0.375,0.0006414235464514972,,"[0.3128491620111732, 0.282122905027933, 0.26256983240223464, 0.1424581005586592]"
comp_Retinopathy_0,empirical,Bar chart,384,0.625,0.0016007532956685694,,"[0.3135593220338983, 0.2824858757062147, 0.2627118644067796, 0.14124293785310735]"
comp_Retinopathy_0,empirical,Bar chart,384,0.875,0.0016007532956685694,,"[0.3135593220338983, 0.2824858757062147, 0.2627118644067796, 0.14124293785310735]"
comp_Retinopathy_0,empirical,Pie chart,384,0.125,0.0012534289361470913,,"[0.3131263749694451, 0.2825714984111464, 0.2620386213639697, 0.14226350525543877]"
comp_Retinopathy_0,empirical,Pie chart,384,0.375,0.002159288194444442,,"[0.3115234375, 0.28076171875, 0.264404296875, 0.143310546875]"
comp_Retinopathy_0,empirical,Pie chart,384,0.625,0.002159288194444442,,"[0.3115234375, 0.28076171875, 0.264404296875, 0.143310546875]"
comp_Retinopathy_0,empirical,Pie chart,384,0.875,0.001426866319444442,,"[0.312744140625, 0.2802734375, 0.263671875, 0.143310546875]"
comp_Retinopathy_0,empirical,Donut chart,384,0.125,0.0012534289361470913,,"[0.3131263749694451, 0.2825714984111464, 0.2620386213639697, 0.14226350525543877]"
comp_Retinopathy_0,empirical,Donut chart,384,0.375,0.002159288194444442,,"[0.3115234375, 0.28076171875, 0.264404296875, 0.143310546875]"
comp_Retinopathy_0,empirical,Donut chart,384,0.625,0.002159288194444442,,"[0.3115234375, 0.28076171875, 0.264404296875, 0.143310546875]"
comp_Retinopathy_0,empirical,Donut chart,384,0.875,0.001426866319444442,,"[0.312744140625, 0.2802734375, 0.263671875, 0.143310546875]"
comp_Retinopathy_0,empirical,Stacked bar,384,0.125,0.002658804055452102,,"[0.3128491620111732, 0.27932960893854747, 0.26256983240223464, 0.1452513966480447]"
comp_Retinopathy_0,empirical,Stacked bar,384,0.375,0.003915196533580925,,"[0.30919220055710306, 0.28133704735376047, 0.2646239554317549, 0.14484679665738162]"
comp_Retinopathy_0,empirical,Stacked bar,384,0.625,0.0022542040647890033,,"[0.31197771587743733, 0.28133704735376047, 0.2618384401114206, 0.14484679665738162]"
comp_Retinopathy_0,empirical,Stacked bar,384,0.875,0.001660992468791908,,"[0.31197771587743733, 0.28133704735376047, 0.2646239554317549, 0.14206128133704735]"
comp_Retinopathy_1,empirical,Bar chart,256,0.0,0.001820874161299682,,"[0.14285714285714288, 0.25108225108225113, 0.2380952380952381, 0.367965367965368]"
comp_Retinopathy_1,empirical,Bar chart,256,0.25,0.002651534101873257,,"[0.13973799126637554, 0.25327510917030566, 0.24017467248908297, 0.36681222707423583]"
comp_Retinopathy_1,empirical,Bar chart,256,0.5,0.004149079736985722,,"[0.14035087719298245, 0.2543859649122807, 0.23684210526315788, 0.368421052631579]"
comp_Retinopathy_1,empirical,Bar chart,256,0.75,0.0034319415704737732,,"[0.1409691629955947, 0.2511013215859031, 0.23788546255506607, 0.3700440528634361]"
comp_Retinopathy_1,empirical,Pie chart,256,0.0,0.004118824161211135,,"[0.14013671875, 0.25244140625, 0.24267578125, 0.36474609375]"
comp_Retinopathy_1,empirical,Pie chart,256,0.25,0.0014515673809503,,"[0.1409379579872985, 0.252076209086468, 0.23961895456766, 0.3673668783585735]"
comp_Retinopathy_1,empirical,Pie chart,256,0.5,0.0016130862571604038,,"[0.140869140625, 0.251953125, 0.239990234375, 0.3671875]"
comp_Retinopathy_1,empirical,Pie chart,256,0.75,0.0030062840103644572,,"[0.14163405088062622, 0.25048923679060664, 0.2382583170254403, 0.3696183953033268]"
comp_Retinopathy_1,empirical,Donut chart,256,0.0,0.004118824161211135,,"[0.14013671875, 0.25244140625, 0.24267578125, 0.36474609375]"
comp_Retinopathy_1,empirical,Donut chart,256,0.25,0.0014515673809503,,"[0.1409379579872985, 0.252076209086468, 0.23961895456766, 0.3673668783585735]"
comp_Retinopathy_1,empirical,Donut chart,256,0.5,0.0016130862571604038,,"[0.140869140625, 0.251953125, 0.239990234375, 0.3671875]"
comp_Retinopathy_1,empirical,Donut chart,256,0.75,0.0030062840103644572,,"[0.14163405088062622, 0.25048923679060664, 0.2382583170254403, 0.3696183953033268]"
comp_Retinopathy_1,empirical,Stacked bar,256,0.0,0.001820874161299682,,"[0.14285714285714285, 0.2510822510822511, 0.23809523809523808, 0.36796536796536794]"
comp_Retinopathy_1,empirical,Stacked bar,256,0.25,0.0056822610014099495,,"[0.13852813852813853, 0.2510822510822511, 0.23809523809523808, 0.3722943722943723]"
comp_Retinopathy_1,empirical,Stacked bar,256,0.5,0.007478830143029969,,"[0.1391304347826087, 0.24782608695652175, 0.2391304347826087, 0.3739130434782609]"
comp_Retinopathy_1,empirical,Stacked bar,256,0.75,0.0048249622717707885,,"[0.13852813852813853, 0.2510822510822511, 0.24242424242424243, 0.36796536796536794]"
comp_Retinopathy_1,empirical,Bar chart,384,0.125,0.0008572987296391887,,"[0.14285714285714288, 0.2521008403361345, 0.23809523809523814, 0.3669467787114846]"
comp_Retinopathy_1,empirical,Bar chart,384,0.375,0.0021285790470586125,,"[0.1404494382022472, 0.25280898876404495, 0.23876404494382025, 0.36797752808988765]"
comp_Retinopathy_1,empirical,Bar chart,384,0.625,0.0021285790470586125,,"[0.1404494382022472, 0.25280898876404495, 0.23876404494382025, 0.36797752808988765]"
comp_Retinopathy_1,empirical,Bar chart,384,0.875,0.0028860561075125246,,"[0.14084507042253522, 0.2507042253521127, 0.23943661971830987, 0.36901408450704226]"
comp_Retinopathy_1,empirical,Pie chart,384,0.125,0.0006886782260033114,,"[0.14180929095354522, 0.25207823960880194, 0.2396088019559902, 0.3665036674816626]"
comp_Retinopathy_1,empirical,Pie chart,384,0.375,0.0011248050071604038,,"[0.141845703125, 0.25146484375, 0.2392578125, 0.367431640625]"
comp_Retinopathy_1,empirical,Pie chart,384,0.625,0.0011248050071604038,,"[0.141845703125, 0.25146484375, 0.2392578125, 0.367431640625]"
comp_Retinopathy_1,empirical,Pie chart,384,0.875,0.0028255415187736083,,"[0.14229828850855747, 0.25036674816625915, 0.23789731051344742, 0.36943765281173596]"
comp_Retinopathy_1,empirical,Donut chart,384,0.125,0.0006886782260033114,,"[0.14180929095354522, 0.25207823960880194, 0.2396088019559902, 0.3665036674816626]"
comp_Retinopathy_1,empirical,Donut chart,384,0.375,0.0011248050071604038,,"[0.141845703125, 0.25146484375, 0.2392578125, 0.367431640625]"
comp_Retinopathy_1,empirical,Donut chart,384,0.625,0.0011248050071604038,,"[0.141845703125, 0.25146484375, 0.2392578125, 0.367431640625]"
comp_Retinopathy_1,empirical,Donut chart,384,0.875,0.0028255415187736083,,"[0.14229828850855747, 0.25036674816625915, 0.23789731051344742, 0.36943765281173596]"
comp_Retinopathy_1,empirical,Stacked bar,384,0.125,0.0025119786276664308,,"[0.14206128133704735, 0.25348189415041783, 0.23676880222841226, 0.36768802228412256]"
comp_Retinopathy_1,empirical,Stacked bar,384,0.375,0.00446320703536375,,"[0.1392757660167131, 0.25069637883008355, 0.2395543175487465, 0.37047353760445684]"
comp_Retinopathy_1,empirical,Stacked bar,384,0.625,0.00446320703536375,,"[0.1392757660167131, 0.25069637883008355, 0.24233983286908078, 0.36768802228412256]"
comp_Retinopathy_1,empirical,Stacked bar,384,0.875,0.002171547696330753,,"[0.1424581005586592, 0.25139664804469275, 0.23743016759776536, 0.3687150837988827]"
cohort_Retinopathy,empirical,Bar chart,256,0.0,0.00040796283005326006,,"[0.4695652173913043, 0.5304347826086956]"
cohort_Retinopathy,empirical,Bar chart,256,0.25,0.00040796283005326006,,"[0.4695652173913043, 0.5304347826086956]"
cohort_Retinopathy,empirical,Bar chart,256,0.5,0.00040796283005326006,,"[0.4695652173913043, 0.5304347826086956]"
cohort_Retinopathy,empirical,Bar chart,256,0.75,0.0019083462643078308,,"[0.4672489082969432, 0.5327510917030567]"
cohort_Retinopathy,empirical,Pie chart,256,0.0,0.001301729813748903,,"[0.470458984375, 0.529541015625]"
cohort_Retinopathy,empirical,Pie chart,256,0.25,0.000395203252395282,,"[0.46955245781364635, 0.5304475421863536]"
cohort_Retinopathy,empirical,Pie chart,256,0.5,0.00040725456125109694,,"[0.46875, 0.53125]"
cohort_Retinopathy,empirical,Pie chart,256,0.75,0.001446882741290234,,"[0.46771037181996084, 0.5322896281800391]"
cohort_Retinopathy,empirical,Donut chart,256,0.0,0.001301729813748903,,"[0.470458984375, 0.529541015625]"
cohort_Retinopathy,empirical,Donut chart,256,0.25,0.000395203252395282,,"[0.46955245781364635, 0.5304475421863536]"
cohort_Retinopathy,empirical,Donut chart,256,0.5,0.00040725456125109694,,"[0.46875, 0.53125]"
cohort_Retinopathy,empirical,Donut chart,256,0.75,0.001446882741290234,,"[0.46771037181996084, 0.5322896281800391]"
cohort_Retinopathy,empirical,Stacked bar,256,0.0,0.0004079628300532323,,"[0.46956521739130436, 0.5304347826086957]"
cohort_Retinopathy,empirical,Stacked bar,256,0.25,0.0004079628300532323,,"[0.46956521739130436, 0.5304347826086957]"
cohort_Retinopathy,empirical,Stacked bar,256,0.5,0.0016247870287835475,,"[0.4675324675324675, 0.5324675324675324]"
cohort_Retinopathy,empirical,Stacked bar,256,0.75,0.0016247870287835475,,"[0.4675324675324675, 0.5324675324675324]"
cohort_Retinopathy,empirical,Bar chart,384,0.125,0.00011648845550868425,,"[0.4692737430167597, 0.5307262569832402]"
cohort_Retinopathy,empirical,Bar chart,384,0.375,0.00011648845550868425,,"[0.4692737430167597, 0.5307262569832402]"
cohort_Retinopathy,empirical,Bar chart,384,0.625,0.0013701397153127182,,"[0.4677871148459384, 0.5322128851540616]"
cohort_Retinopathy,empirical,Bar chart,384,0.875,0.0013701397153127182,,"[0.4677871148459384, 0.5322128851540616]"
cohort_Retinopathy,empirical,Pie chart,384,0.125,0.0006545273991497569,,"[0.46981178196040085, 0.5301882180395991]"
cohort_Retinopathy,empirical,Pie chart,384,0.375,0.001139676436251097,,"[0.468017578125, 0.531982421875]"
cohort_Retinopathy,empirical,Pie chart,384,0.625,0.001139676436251097,,"[0.468017578125, 0.531982421875]"
cohort_Retinopathy,empirical,Pie chart,384,0.875,0.001139676436251097,,"[0.468017578125, 0.531982421875]"
cohort_Retinopathy,empirical,Donut chart,384,0.125,0.0006545273991497569,,"[0.46981178196040085, 0.5301882180395991]"
cohort_Retinopathy,empirical,Donut chart,384,0.375,0.001139676436251097,,"[0.468017578125, 0.531982421875]"
cohort_Retinopathy,empirical,Donut chart,384,0.625,0.001139676436251097,,"[0.468017578125, 0.531982421875]"
cohort_Retinopathy,empirical,Donut chart,384,0.875,0.001139676436251097,,"[0.468017578125, 0.531982421875]"
cohort_Retinopathy,empirical,Stacked bar,384,0.125,0.0001164884555086565,,"[0.4692737430167598, 0.5307262569832403]"
cohort_Retinopathy,empirical,Stacked bar,384,0.375,0.0011906807450950962,,"[0.467966573816156, 0.532033426183844]"
cohort_Retinopathy,empirical,Stacked bar,384,0.625,0.0011906807450950962,,"[0.467966573816156, 0.532033426183844]"
cohort_Retinopathy,empirical,Stacked bar,384,0.875,0.0011906807450950962,,"[0.467966573816156, 0.532033426183844]"
comp_WDBC_0,empirical,Bar chart,256,0.0,0.0015278838808250594,,"[0.38961038961038963, 0.3593073593073593, 0.23376623376623376, 0.017316017316017316]"
comp_WDBC_0,empirical,Bar chart,256,0.25,0.0011742688341711879,,"[0.388646288209607, 0.3580786026200874, 0.23580786026200873, 0.017467248908296942]"
comp_WDBC_0,empirical,Bar chart,256,0.5,0.0054048050938437205,,"[0.3920704845814978, 0.3612334801762115, 0.23348017621145373, 0.013215859030837005]"
comp_WDBC_0,empirical,Bar chart,256,0.75,0.0054048050938437205,,"[0.3920704845814978, 0.3612334801762115, 0.23348017621145373, 0.013215859030837005]"
comp_WDBC_0,empirical,Pie chart,256,0.0,0.002100840336134448,,"[0.39013671875, 0.35986328125, 0.2333984375, 0.0166015625]"
comp_WDBC_0,empirical,Pie chart,256,0.25,0.0016068071064042292,,"[0.38918786692759294, 0.3586105675146771, 0.23385518590998042, 0.01834637964774951]"
comp_WDBC_0,empirical,Pie chart,256,0.5,0.001561269038865552,,"[0.388427734375, 0.35791015625, 0.2353515625, 0.018310546875]"
comp_WDBC_0,empirical,Pie chart,256,0.75,0.001561269038865552,,"[0.388427734375, 0.35791015625, 0.2353515625, 0.018310546875]"
comp_WDBC_0,empirical,Donut chart,256,0.0,0.002100840336134448,,"[0.39013671875, 0.35986328125, 0.2333984375, 0.0166015625]"
comp_WDBC_0,empirical,Donut chart,256,0.25,0.0016068071064042292,,"[0.38918786692759294, 0.3586105675146771, 0.23385518590998042, 0.01834637964774951]"
comp_WDBC_0,empirical,Donut chart,256,0.5,0.001561269038865552,,"[0.388427734375, 0.35791015625, 0.2353515625, 0.018310546875]"
comp_WDBC_0,empirical,Donut chart,256,0.75,0.001561269038865552,,"[0.388427734375, 0.35791015625, 0.2353515625, 0.018310546875]"
comp_WDBC_0,empirical,Stacked bar,256,0.0,0.0015278838808250594,,"[0.38961038961038963, 0.3593073593073593, 0.23376623376623376, 0.017316017316017316]"
comp_WDBC_0,empirical,Stacked bar,256,0.25,0.005602240896358541,,"[0.3852813852813853, 0.3593073593073593, 0.23376623376623376, 0.021645021645021644]"
comp_WDBC_0,empirical,Stacked bar,256,0.5,0.009167303284950338,,"[0.3852813852813853, 0.354978354978355, 0.23376623376623376, 0.025974025974025976]"
comp_WDBC_0,empirical,Stacked bar,256,0.75,0.004420898794300347,,"[0.3869565217391304, 0.3565217391304348, 0.2391304347826087, 0.017391304347826087]"
comp_WDBC_0,empirical,Bar chart,384,0.125,1.734723475976807e-18,,"[0.38935574229691877, 0.3585434173669468, 0.23529411764705882, 0.016806722689075633]"
comp_WDBC_0,empirical,Bar chart,384,0.375,1.734723475976807e-18,,"[0.38935574229691877, 0.3585434173669468, 0.23529411764705882, 0.016806722689075633]"
comp_WDBC_0,empirical,Bar chart,384,0.625,0.004213516392472464,,"[0.39154929577464787, 0.36056338028169016, 0.23380281690140847, 0.014084507042253521]"
comp_WDBC_0,empirical,Bar chart,384,0.875,0.004213516392472464,,"[0.39154929577464787, 0.36056338028169016, 0.23380281690140847, 0.014084507042253521]"
comp_WDBC_0,empirical,Pie chart,384,0.125,0.0004007462359943998,,"[0.38916015625, 0.358642578125, 0.235595703125, 0.0166015625]"
comp_WDBC_0,empirical,Pie chart,384,0.375,0.0016268546039779948,,"[0.38841359080909316, 0.3578587142507944, 0.235883647030066, 0.017844047910046443]"
comp_WDBC_0,empirical,Pie chart,384,0.625,0.0016268546039779948,,"[0.38841359080909316, 0.3578587142507944, 0.235883647030066, 0.017844047910046443]"
comp_WDBC_0,empirical,Pie chart,384,0.875,0.0027429917279411815,,"[0.387939453125, 0.357421875, 0.238037109375, 0.0166015625]"
comp_WDBC_0,empirical,Donut chart,384,0.125,0.0004007462359943998,,"[0.38916015625, 0.358642578125, 0.235595703125, 0.0166015625]"
comp_WDBC_0,empirical,Donut chart,384,0.375,0.0016268546039779948,,"[0.38841359080909316, 0.3578587142507944, 0.235883647030066, 0.017844047910046443]"
comp_WDBC_0,empirical,Donut chart,384,0.625,0.0016268546039779948,,"[0.38841359080909316, 0.3578587142507944, 0.235883647030066, 0.017844047910046443]"
comp_WDBC_0,empirical,Donut chart,384,0.875,0.0027429917279411815,,"[0.387939453125, 0.357421875, 0.238037109375, 0.0166015625]"
comp_WDBC_0,empirical,Stacked bar,384,0.125,0.0017057102170476915,,"[0.39106145251396646, 0.3575418994413408, 0.2346368715083799, 0.01675977653631285]"
comp_WDBC_0,empirical,Stacked bar,384,0.375,0.003479943509437221,,"[0.3871866295264624, 0.3593314763231198, 0.233983286908078, 0.019498607242339833]"
comp_WDBC_0,empirical,Stacked bar,384,0.625,0.005477399873598479,,"[0.3871866295264624, 0.3565459610027855, 0.233983286908078, 0.022284122562674095]"
comp_WDBC_0,empirical,Stacked bar,384,0.875,0.004260199901687703,,"[0.3871866295264624, 0.3565459610027855, 0.2395543175487465, 0.016713091922005572]"
comp_WDBC_1,empirical,Bar chart,256,0.0,0.0019278096800656504,,"[0.013043478260869566, 0.06521739130434782, 0.26956521739130435, 0.6521739130434783]"
comp_WDBC_1,empirical,Bar chart,256,0.25,0.004078437834720272,,"[0.013100436681222708, 0.06550218340611354, 0.2663755458515284, 0.6550218340611353]"
comp_WDBC_1,empirical,Bar chart,256,0.5,0.006951340615690209,,"[0.008771929824561403, 0.06578947368421052, 0.2675438596491228, 0.6578947368421053]"
comp_WDBC_1,empirical,Bar chart,256,0.75,0.009392219068291912,,"[0.008849557522123894, 0.06194690265486726, 0.2699115044247788, 0.6592920353982301]"
comp_WDBC_1,empirical,Pie chart,256,0.0,0.0018195386202830375,,"[0.0126953125, 0.065673828125, 0.26953125, 0.652099609375]"
comp_WDBC_1,empirical,Pie chart,256,0.25,0.0035285229952830375,,"[0.010986328125, 0.065673828125, 0.271484375, 0.65185546875]"
comp_WDBC_1,empirical,Pie chart,256,0.5,0.0015753979952830375,,"[0.012939453125, 0.065673828125, 0.26953125, 0.65185546875]"
comp_WDBC_1,empirical,Pie chart,256,0.75,0.0021969501163091303,,"[0.01296477495107632, 0.06604696673189824, 0.26785714285714285, 0.6531311154598826]"
comp_WDBC_1,empirical,Donut chart,256,0.0,0.0018195386202830375,,"[0.0126953125, 0.065673828125, 0.26953125, 0.652099609375]"
comp_WDBC_1,empirical,Donut chart,256,0.25,0.0035285229952830375,,"[0.010986328125, 0.065673828125, 0.271484375, 0.65185546875]"
comp_WDBC_1,empirical,Donut chart,256,0.5,0.0015753979952830375,,"[0.012939453125, 0.065673828125, 0.26953125, 0.65185546875]"
comp_WDBC_1,empirical,Donut chart,256,0.75,0.0021969501163091303,,"[0.01296477495107632, 0.06604696673189824, 0.26785714285714285, 0.6531311154598826]"
comp_WDBC_1,empirical,Stacked bar,256,0.0,0.0019278096800656513,,"[0.013043478260869565, 0.06521739130434782, 0.26956521739130435, 0.6521739130434783]"
comp_WDBC_1,empirical,Stacked bar,256,0.25,0.007065261782242941,,"[0.008658008658008658, 0.06493506493506493, 0.2683982683982684, 0.658008658008658]"
comp_WDBC_1,empirical,Stacked bar,256,0.5,0.006595605652209417,,"[0.008658008658008658, 0.06493506493506493, 0.2727272727272727, 0.6536796536796536]"
comp_WDBC_1,empirical,Stacked bar,256,0.75,0.002736257453238574,,"[0.012987012987012988, 0.06493506493506493, 0.2683982683982684, 0.6536796536796536]"
comp_WDBC_1,empirical,Bar chart,384,0.125,0.0017573066962634542,,"[0.014005602240896359, 0.06442577030812326, 0.26890756302521013, 0.6526610644257703]"
comp_WDBC_1,empirical,Bar chart,384,0.375,0.004345982616069543,,"[0.011235955056179775, 0.06460674157303371, 0.2696629213483146, 0.6544943820224719]"
comp_WDBC_1,empirical,Bar chart,384,0.625,0.004345982616069543,,"[0.011235955056179775, 0.06460674157303371, 0.2696629213483146, 0.6544943820224719]"
comp_WDBC_1,empirical,Bar chart,384,0.875,0.00539463194259899,,"[0.011267605633802818, 0.06478873239436621, 0.26760563380281693, 0.6563380281690141]"
comp_WDBC_1,empirical,Pie chart,384,0.125,0.0006725383254716829,,"[0.01416015625, 0.0654296875, 0.26953125, 0.65087890625]"
comp_WDBC_1,empirical,Pie chart,384,0.375,0.00237691627358492,,"[0.012939453125, 0.065673828125, 0.26806640625, 0.6533203125]"
comp_WDBC_1,empirical,Pie chart,384,0.625,0.00237691627358492,,"[0.012939453125, 0.065673828125, 0.26806640625, 0.6533203125]"
comp_WDBC_1,empirical,Pie chart,384,0.875,0.0006725383254716829,,"[0.01416015625, 0.065673828125, 0.26953125, 0.650634765625]"
comp_WDBC_1,empirical,Donut chart,384,0.125,0.0006725383254716829,,"[0.01416015625, 0.0654296875, 0.26953125, 0.65087890625]"
comp_WDBC_1,empirical,Donut chart,384,0.375,0.00237691627358492,,"[0.012939453125, 0.065673828125, 0.26806640625, 0.6533203125]"
comp_WDBC_1,empirical,Donut chart,384,0.625,0.00237691627358492,,"[0.012939453125, 0.065673828125, 0.26806640625, 0.6533203125]"
comp_WDBC_1,empirical,Donut chart,384,0.875,0.0006725383254716829,,"[0.01416015625, 0.065673828125, 0.26953125, 0.650634765625]"
comp_WDBC_1,empirical,Stacked bar,384,0.125,0.0016818205707678857,,"[0.013927576601671309, 0.06685236768802229, 0.26740947075208915, 0.6518105849582173]"
comp_WDBC_1,empirical,Stacked bar,384,0.375,0.004979765596257951,,"[0.011142061281337047, 0.06406685236768803, 0.27019498607242337, 0.6545961002785515]"
comp_WDBC_1,empirical,Stacked bar,384,0.625,0.004769684831875241,,"[0.0111731843575419, 0.06424581005586592, 0.2709497206703911, 0.6536312849162011]"
comp_WDBC_1,empirical,Stacked bar,384,0.875,0.0016818205707678857,,"[0.013927576601671309, 0.06685236768802229, 0.26740947075208915, 0.6518105849582173]"
cohort_WDBC,empirical,Bar chart,256,0.0,0.0002891074947313499,,"[0.6277056277056277, 0.3722943722943723]"
cohort_WDBC,empirical,Bar chart,256,0.25,0.001329563689157237,,"[0.6260869565217391, 0.3739130434782609]"
cohort_WDBC,empirical,Bar chart,256,0.5,0.0014044404877936456,,"[0.62882096069869, 0.37117903930131]"
cohort_WDBC,empirical,Bar chart,256,0.75,0.0014044404877936456,,"[0.62882096069869, 0.37117903930131]"
cohort_WDBC,empirical,Pie chart,256,0.0,0.0017338704141036665,,"[0.629150390625, 0.370849609375]"
cohort_WDBC,empirical,Pie chart,256,0.25,0.0006442045687314879,,"[0.6280607247796278, 0.3719392752203722]"
cohort_WDBC,empirical,Pie chart,256,0.5,0.0011958170858963335,,"[0.626220703125, 0.373779296875]"
cohort_WDBC,empirical,Pie chart,256,0.75,0.0017441485727545114,,"[0.6256723716381418, 0.3743276283618582]"
cohort_WDBC,empirical,Donut chart,256,0.0,0.0017338704141036665,,"[0.629150390625, 0.370849609375]"
cohort_WDBC,empirical,Donut chart,256,0.25,0.0006442045687314879,,"[0.6280607247796278, 0.3719392752203722]"
cohort_WDBC,empirical,Donut chart,256,0.5,0.0011958170858963335,,"[0.626220703125, 0.373779296875]"
cohort_WDBC,empirical,Donut chart,256,0.75,0.0017441485727545114,,"[0.6256723716381418, 0.3743276283618582]"
cohort_WDBC,empirical,Stacked bar,256,0.0,0.0002891074947313499,,"[0.6277056277056277, 0.3722943722943723]"
cohort_WDBC,empirical,Stacked bar,256,0.25,0.0013295636891571816,,"[0.6260869565217392, 0.3739130434782609]"
cohort_WDBC,empirical,Stacked bar,256,0.5,0.0013295636891571816,,"[0.6260869565217392, 0.3739130434782609]"
cohort_WDBC,empirical,Stacked bar,256,0.75,0.0002891074947313499,,"[0.6277056277056277, 0.3722943722943723]"
cohort_WDBC,empirical,Bar chart,384,0.125,0.0006755731356874461,,"[0.6267409470752089, 0.3732590529247911]"
cohort_WDBC,empirical,Bar chart,384,0.375,3.446018126052053e-05,,"[0.6274509803921569, 0.37254901960784315]"
cohort_WDBC,empirical,Bar chart,384,0.625,3.446018126052053e-05,,"[0.6274509803921569, 0.37254901960784315]"
cohort_WDBC,empirical,Bar chart,384,0.875,3.446018126052053e-05,,"[0.6274509803921569, 0.37254901960784315]"
cohort_WDBC,empirical,Pie chart,384,0.125,0.0012455891641036665,,"[0.628662109375, 0.371337890625]"
cohort_WDBC,empirical,Pie chart,384,0.375,0.0011958170858963335,,"[0.626220703125, 0.373779296875]"
cohort_WDBC,empirical,Pie chart,384,0.625,0.0011958170858963335,,"[0.626220703125, 0.373779296875]"
cohort_WDBC,empirical,Pie chart,384,0.875,0.0016840983358963335,,"[0.625732421875, 0.374267578125]"
cohort_WDBC,empirical,Donut chart,384,0.125,0.0012455891641036665,,"[0.628662109375, 0.371337890625]"
cohort_WDBC,empirical,Donut chart,384,0.375,0.0011958170858963335,,"[0.626220703125, 0.373779296875]"
cohort_WDBC,empirical,Donut chart,384,0.625,0.0011958170858963335,,"[0.626220703125, 0.373779296875]"
cohort_WDBC,empirical,Donut chart,384,0.875,0.0016840983358963335,,"[0.625732421875, 0.374267578125]"
cohort_WDBC,empirical,Stacked bar,384,0.125,0.0006755731356874461,,"[0.6267409470752089, 0.3732590529247911]"
cohort_WDBC,empirical,Stacked bar,384,0.375,0.0017181961885499586,,"[0.6256983240223464, 0.3743016759776536]"
cohort_WDBC,empirical,Stacked bar,384,0.625,0.0006755731356874461,,"[0.6267409470752089, 0.3732590529247911]"
cohort_WDBC,empirical,Stacked bar,384,0.875,0.0006755731356874461,,"[0.6267409470752089, 0.3732590529247911]"
comp_Wrist_0,empirical,Bar chart,256,0.0,0.0032608695652173864,,"[0.24782608695652172, 0.3739130434782609, 0.12608695652173912, 0.25217391304347825]"
comp_Wrist_0,empirical,Bar chart,256,0.25,0.0021929824561403508,,"[0.25, 0.37719298245614036, 0.12280701754385966, 0.25]"
comp_Wrist_0,empirical,Bar chart,256,0.5,0.0021929824561403508,,"[0.25, 0.37719298245614036, 0.12280701754385966, 0.25]"
comp_Wrist_0,empirical,Bar chart,256,0.75,0.0021929824561403508,,"[0.25, 0.37719298245614036, 0.12280701754385966, 0.25]"
comp_Wrist_0,empirical,Pie chart,256,0.0,0.001708984375,,"[0.25, 0.37646484375, 0.125244140625, 0.248291015625]"
comp_Wrist_0,empirical,Pie chart,256,0.25,0.003173828125,,"[0.248291015625, 0.37646484375, 0.12353515625, 0.251708984375]"
comp_Wrist_0,empirical,Pie chart,256,0.5,0.00341796875,,"[0.248291015625, 0.37353515625, 0.124755859375, 0.25341796875]"
comp_Wrist_0,empirical,Pie chart,256,0.75,0.003173828125,,"[0.248291015625, 0.37353515625, 0.12646484375, 0.251708984375]"
comp_Wrist_0,empirical,Donut chart,256,0.0,0.001708984375,,"[0.25, 0.37646484375, 0.125244140625, 0.248291015625]"
comp_Wrist_0,empirical,Donut chart,256,0.25,0.003173828125,,"[0.248291015625, 0.37646484375, 0.12353515625, 0.251708984375]"
comp_Wrist_0,empirical,Donut chart,256,0.5,0.00341796875,,"[0.248291015625, 0.37353515625, 0.124755859375, 0.25341796875]"
comp_Wrist_0,empirical,Donut chart,256,0.75,0.003173828125,,"[0.248291015625, 0.37353515625, 0.12646484375, 0.251708984375]"
comp_Wrist_0,empirical,Stacked bar,256,0.0,0.0032608695652173725,,"[0.24782608695652175, 0.3739130434782609, 0.12608695652173912, 0.25217391304347825]"
comp_Wrist_0,empirical,Stacked bar,256,0.25,0.00652173913043478,,"[0.24782608695652175, 0.3739130434782609, 0.12173913043478261, 0.2565217391304348]"
comp_Wrist_0,empirical,Stacked bar,256,0.5,0.003246753246753248,,"[0.24675324675324675, 0.37662337662337664, 0.12554112554112554, 0.2510822510822511]"
comp_Wrist_0,empirical,Stacked bar,256,0.75,0.005952380952380959,,"[0.24675324675324675, 0.3722943722943723, 0.12554112554112554, 0.2554112554112554]"
comp_Wrist_0,empirical,Bar chart,384,0.125,0.0014044943820224962,,"[0.24999999999999997, 0.37640449438202245, 0.12359550561797751, 0.24999999999999997]"
comp_Wrist_0,empirical,Bar chart,384,0.375,0.0014044943820224962,,"[0.24999999999999997, 0.37640449438202245, 0.12359550561797751, 0.24999999999999997]"
comp_Wrist_0,empirical,Bar chart,384,0.625,0.0014044943820224962,,"[0.24999999999999997, 0.37640449438202245, 0.12359550561797751, 0.24999999999999997]"
comp_Wrist_0,empirical,Bar chart,384,0.875,0.0014044943820224962,,"[0.24999999999999997, 0.37640449438202245, 0.12359550561797751, 0.24999999999999997]"
comp_Wrist_0,empirical,Pie chart,384,0.125,0.001220703125,,"[0.25, 0.3759765625, 0.125244140625, 0.248779296875]"
comp_Wrist_0,empirical,Pie chart,384,0.375,0.00244140625,,"[0.248779296875, 0.3740234375, 0.124755859375, 0.25244140625]"
comp_Wrist_0,empirical,Pie chart,384,0.625,0.00244140625,,"[0.248779296875, 0.3740234375, 0.124755859375, 0.25244140625]"
comp_Wrist_0,empirical,Pie chart,384,0.875,0.001953125,,"[0.25, 0.373046875, 0.125732421875, 0.251220703125]"
comp_Wrist_0,empirical,Donut chart,384,0.125,0.001220703125,,"[0.25, 0.3759765625, 0.125244140625, 0.248779296875]"
comp_Wrist_0,empirical,Donut chart,384,0.375,0.00244140625,,"[0.248779296875, 0.3740234375, 0.124755859375, 0.25244140625]"
comp_Wrist_0,empirical,Donut chart,384,0.625,0.00244140625,,"[0.248779296875, 0.3740234375, 0.124755859375, 0.25244140625]"
comp_Wrist_0,empirical,Donut chart,384,0.875,0.001953125,,"[0.25, 0.373046875, 0.125732421875, 0.251220703125]"
comp_Wrist_0,empirical,Stacked bar,384,0.125,0.0027932960893854927,,"[0.25139664804469275, 0.3743016759776536, 0.12290502793296089, 0.25139664804469275]"
comp_Wrist_0,empirical,Stacked bar,384,0.375,0.00452646239554317,,"[0.2479108635097493, 0.37604456824512533, 0.12256267409470752, 0.25348189415041783]"
comp_Wrist_0,empirical,Stacked bar,384,0.625,0.003830083565459594,,"[0.2479108635097493, 0.3732590529247911, 0.12534818941504178, 0.25348189415041783]"
comp_Wrist_0,empirical,Stacked bar,384,0.875,0.003830083565459594,,"[0.2479108635097493, 0.3732590529247911, 0.12534818941504178, 0.25348189415041783]"
comp_Wrist_1,empirical,Bar chart,256,0.0,0.0032608695652173864,,"[0.24782608695652172, 0.12608695652173912, 0.3739130434782609, 0.25217391304347825]"
comp_Wrist_1,empirical,Bar chart,256,0.25,0.002192982456140427,,"[0.25000000000000006, 0.12280701754385967, 0.3771929824561404, 0.25000000000000006]"
comp_Wrist_1,empirical,Bar chart,256,0.5,0.002192982456140427,,"[0.25000000000000006, 0.12280701754385967, 0.3771929824561404, 0.25000000000000006]"
comp_Wrist_1,empirical,Bar chart,256,0.75,0.002192982456140427,,"[0.25000000000000006, 0.12280701754385967, 0.3771929824561404, 0.25000000000000006]"
comp_Wrist_1,empirical,Pie chart,256,0.0,0.001708984375,,"[0.25, 0.125244140625, 0.37646484375, 0.248291015625]"
comp_Wrist_1,empirical,Pie chart,256,0.25,0.001953125,,"[0.248291015625, 0.125244140625, 0.374755859375, 0.251708984375]"
comp_Wrist_1,empirical,Pie chart,256,0.5,0.00341796875,,"[0.248291015625, 0.12353515625, 0.374755859375, 0.25341796875]"
comp_Wrist_1,empirical,Pie chart,256,0.75,0.003173828125,,"[0.248291015625, 0.12353515625, 0.37646484375, 0.251708984375]"
comp_Wrist_1,empirical,Donut chart,256,0.0,0.001708984375,,"[0.25, 0.125244140625, 0.37646484375, 0.248291015625]"
comp_Wrist_1,empirical,Donut chart,256,0.25,0.001953125,,"[0.248291015625, 0.125244140625, 0.374755859375, 0.251708984375]"
comp_Wrist_1,empirical,Donut chart,256,0.5,0.00341796875,,"[0.248291015625, 0.12353515625, 0.374755859375, 0.25341796875]"
comp_Wrist_1,empirical,Donut chart,256,0.75,0.003173828125,,"[0.248291015625, 0.12353515625, 0.37646484375, 0.251708984375]"
comp_Wrist_1,empirical,Stacked bar,256,0.0,0.005434782608695628,,"[0.24782608695652175, 0.12173913043478261, 0.3782608695652174, 0.25217391304347825]"
comp_Wrist_1,empirical,Stacked bar,256,0.25,0.005952380952380959,,"[0.24675324675324675, 0.12554112554112554, 0.3722943722943723, 0.2554112554112554]"
comp_Wrist_1,empirical,Stacked bar,256,0.5,0.003246753246753248,,"[0.24675324675324675, 0.12554112554112554, 0.37662337662337664, 0.2510822510822511]"
comp_Wrist_1,empirical,Stacked bar,256,0.75,0.00652173913043478,,"[0.24782608695652175, 0.12173913043478261, 0.3739130434782609, 0.2565217391304348]"
comp_Wrist_1,empirical,Bar chart,384,0.125,0.0014005602240896586,,"[0.24929971988795516, 0.12605042016806722, 0.3753501400560224, 0.24929971988795516]"
comp_Wrist_1,empirical,Bar chart,384,0.375,0.0014044943820224962,,"[0.24999999999999997, 0.12359550561797751, 0.37640449438202245, 0.24999999999999997]"
comp_Wrist_1,empirical,Bar chart,384,0.625,0.0014044943820224962,,"[0.24999999999999997, 0.12359550561797751, 0.37640449438202245, 0.24999999999999997]"
comp_Wrist_1,empirical,Bar chart,384,0.875,0.0014084507042253572,,"[0.2507042253521127, 0.12394366197183097, 0.37464788732394366, 0.2507042253521127]"
comp_Wrist_1,empirical,Pie chart,384,0.125,0.001220703125,,"[0.25, 0.125244140625, 0.3759765625, 0.248779296875]"
comp_Wrist_1,empirical,Pie chart,384,0.375,0.00244140625,,"[0.248779296875, 0.1240234375, 0.374755859375, 0.25244140625]"
comp_Wrist_1,empirical,Pie chart,384,0.625,0.00244140625,,"[0.248779296875, 0.1240234375, 0.374755859375, 0.25244140625]"
comp_Wrist_1,empirical,Pie chart,384,0.875,0.001220703125,,"[0.25, 0.1240234375, 0.374755859375, 0.251220703125]"
comp_Wrist_1,empirical,Donut chart,384,0.125,0.001220703125,,"[0.25, 0.125244140625, 0.3759765625, 0.248779296875]"
comp_Wrist_1,empirical,Donut chart,384,0.375,0.00244140625,,"[0.248779296875, 0.1240234375, 0.374755859375, 0.25244140625]"
comp_Wrist_1,empirical,Donut chart,384,0.625,0.00244140625,,"[0.248779296875, 0.1240234375, 0.374755859375, 0.25244140625]"
comp_Wrist_1,empirical,Donut chart,384,0.875,0.001220703125,,"[0.25, 0.1240234375, 0.374755859375, 0.251220703125]"
comp_Wrist_1,empirical,Stacked bar,384,0.125,0.0017409470752088874,,"[0.25069637883008355, 0.12534818941504178, 0.3732590529247911, 0.25069637883008355]"
comp_Wrist_1,empirical,Stacked bar,384,0.375,0.003830083565459594,,"[0.2479108635097493, 0.12534818941504178, 0.3732590529247911, 0.25348189415041783]"
comp_Wrist_1,empirical,Stacked bar,384,0.625,0.00452646239554317,,"[0.2479108635097493, 0.12256267409470752, 0.37604456824512533, 0.25348189415041783]"
comp_Wrist_1,empirical,Stacked bar,384,0.875,0.004189944134078215,,"[0.24860335195530725, 0.12290502793296089, 0.3743016759776536, 0.2541899441340782]"
synthetic_2_0.3_0,synthetic,Bar chart,256,0.0,0.0006252307754846809,,"[0.8391304347826087, 0.1608695652173913]"
synthetic_2_0.3_0,synthetic,Bar chart,256,0.25,0.0006252307754846809,,"[0.8391304347826087, 0.1608695652173913]"
synthetic_2_0.3_0,synthetic,Bar chart,256,0.5,0.0006252307754846809,,"[0.8391304347826087, 0.1608695652173913]"
synthetic_2_0.3_0,synthetic,Bar chart,256,0.75,0.004289555818203464,,"[0.8427947598253275, 0.15720524017467247]"
synthetic_2_0.3_0,synthetic,Pie chart,256,0.0,0.000976838504481145,,"[0.8394820425116052, 0.1605179574883948]"
synthetic_2_0.3_0,synthetic,Pie chart,256,0.25,0.0007018444510257238,,"[0.8392070484581498, 0.16079295154185022]"
synthetic_2_0.3_0,synthetic,Pie chart,256,0.5,0.0007333984855017323,,"[0.8377718055216223, 0.16222819447837772]"
synthetic_2_0.3_0,synthetic,Pie chart,256,0.75,0.0013470008821240415,,"[0.837158203125, 0.162841796875]"
synthetic_2_0.3_0,synthetic,Donut chart,256,0.0,0.000976838504481145,,"[0.8394820425116052, 0.1605179574883948]"
synthetic_2_0.3_0,synthetic,Donut chart,256,0.25,0.0007018444510257238,,"[0.8392070484581498, 0.16079295154185022]"
synthetic_2_0.3_0,synthetic,Donut chart,256,0.5,0.0007333984855017323,,"[0.8377718055216223, 0.16222819447837772]"
synthetic_2_0.3_0,synthetic,Donut chart,256,0.75,0.0013470008821240415,,"[0.837158203125, 0.162841796875]"
synthetic_2_0.3_0,synthetic,Stacked bar,256,0.0,0.001321635819715783,,"[0.8398268398268398, 0.16017316017316016]"
synthetic_2_0.3_0,synthetic,Stacked bar,256,0.25,0.0006252307754846809,,"[0.8391304347826087, 0.1608695652173913]"
synthetic_2_0.3_0,synthetic,Stacked bar,256,0.5,0.0030073685092885383,,"[0.8354978354978355, 0.1645021645021645]"
synthetic_2_0.3_0,synthetic,Stacked bar,256,0.75,0.0006252307754846809,,"[0.8391304347826087, 0.1608695652173913]"
synthetic_2_0.3_0,synthetic,Bar chart,384,0.125,6.509258651123118e-05,,"[0.8384401114206128, 0.1615598885793872]"
synthetic_2_0.3_0,synthetic,Bar chart,384,0.375,0.0018309304466574833,,"[0.8403361344537815, 0.15966386554621848]"
synthetic_2_0.3_0,synthetic,Bar chart,384,0.625,0.0018309304466574833,,"[0.8403361344537815, 0.15966386554621848]"
synthetic_2_0.3_0,synthetic,Bar chart,384,0.875,0.0018309304466574833,,"[0.8403361344537815, 0.15966386554621848]"
synthetic_2_0.3_0,synthetic,Pie chart,384,0.125,0.0008502647428759585,,"[0.83935546875, 0.16064453125]"
synthetic_2_0.3_0,synthetic,Pie chart,384,0.375,0.00037043838212404145,,"[0.838134765625, 0.161865234375]"
synthetic_2_0.3_0,synthetic,Pie chart,384,0.625,0.00037043838212404145,,"[0.838134765625, 0.161865234375]"
synthetic_2_0.3_0,synthetic,Pie chart,384,0.875,0.0006078934936766256,,"[0.8378973105134474, 0.16210268948655257]"
synthetic_2_0.3_0,synthetic,Donut chart,384,0.125,0.0008502647428759585,,"[0.83935546875, 0.16064453125]"
synthetic_2_0.3_0,synthetic,Donut chart,384,0.375,0.00037043838212404145,,"[0.838134765625, 0.161865234375]"
synthetic_2_0.3_0,synthetic,Donut chart,384,0.625,0.00037043838212404145,,"[0.838134765625, 0.161865234375]"
synthetic_2_0.3_0,synthetic,Donut chart,384,0.875,0.0006078934936766256,,"[0.8378973105134474, 0.16210268948655257]"
synthetic_2_0.3_0,synthetic,Stacked bar,384,0.125,6.509258651123118e-05,,"[0.8384401114206128, 0.1615598885793872]"
synthetic_2_0.3_0,synthetic,Stacked bar,384,0.375,0.000516377191481579,,"[0.8379888268156425, 0.16201117318435754]"
synthetic_2_0.3_0,synthetic,Stacked bar,384,0.625,6.509258651123118e-05,,"[0.8384401114206128, 0.1615598885793872]"
synthetic_2_0.3_0,synthetic,Stacked bar,384,0.875,6.509258651123118e-05,,"[0.8384401114206128, 0.1615598885793872]"
synthetic_2_0.3_1,synthetic,Bar chart,256,0.0,0.0002630352524995716,,"[0.5652173913043479, 0.43478260869565216]"
synthetic_2_0.3_1,synthetic,Bar chart,256,0.25,0.0002630352524995716,,"[0.5652173913043479, 0.43478260869565216]"
synthetic_2_0.3_1,synthetic,Bar chart,256,0.5,0.0002630352524995716,,"[0.5652173913043479, 0.43478260869565216]"
synthetic_2_0.3_1,synthetic,Bar chart,256,0.75,0.001635578759271894,,"[0.5633187772925764, 0.4366812227074236]"
synthetic_2_0.3_1,synthetic,Pie chart,256,0.0,0.0009636126981517057,,"[0.56591796875, 0.43408203125]"
synthetic_2_0.3_1,synthetic,Pie chart,256,0.25,0.0002205033269729595,,"[0.5651748593788213, 0.4348251406211788]"
synthetic_2_0.3_1,synthetic,Pie chart,256,0.5,0.0007453716768482943,,"[0.564208984375, 0.435791015625]"
synthetic_2_0.3_1,synthetic,Pie chart,256,0.75,0.0015981916682866748,,"[0.5633561643835616, 0.4366438356164384]"
synthetic_2_0.3_1,synthetic,Donut chart,256,0.0,0.0009636126981517057,,"[0.56591796875, 0.43408203125]"
synthetic_2_0.3_1,synthetic,Donut chart,256,0.25,0.0002205033269729595,,"[0.5651748593788213, 0.4348251406211788]"
synthetic_2_0.3_1,synthetic,Donut chart,256,0.5,0.0007453716768482943,,"[0.564208984375, 0.435791015625]"
synthetic_2_0.3_1,synthetic,Donut chart,256,0.75,0.0015981916682866748,,"[0.5633561643835616, 0.4366438356164384]"
synthetic_2_0.3_1,synthetic,Stacked bar,256,0.0,0.0002630352524995161,,"[0.5652173913043478, 0.43478260869565216]"
synthetic_2_0.3_1,synthetic,Stacked bar,256,0.25,0.0002630352524995161,,"[0.5652173913043478, 0.43478260869565216]"
synthetic_2_0.3_1,synthetic,Stacked bar,256,0.5,0.002183793281285512,,"[0.5627705627705628, 0.43722943722943725]"
synthetic_2_0.3_1,synthetic,Stacked bar,256,0.75,0.002183793281285512,,"[0.5627705627705628, 0.43722943722943725]"
synthetic_2_0.3_1,synthetic,Bar chart,384,0.125,0.000708545995982357,,"[0.5642458100558659, 0.43575418994413406]"
synthetic_2_0.3_1,synthetic,Bar chart,384,0.375,0.000708545995982357,,"[0.5642458100558659, 0.43575418994413406]"
synthetic_2_0.3_1,synthetic,Bar chart,384,0.625,0.0008719744803646068,,"[0.5658263305322129, 0.43417366946778707]"
synthetic_2_0.3_1,synthetic,Bar chart,384,0.875,0.0008719744803646068,,"[0.5658263305322129, 0.43417366946778707]"
synthetic_2_0.3_1,synthetic,Pie chart,384,0.125,0.0011663968203100838,,"[0.5661207528721584, 0.4338792471278416]"
synthetic_2_0.3_1,synthetic,Pie chart,384,0.375,0.0007453716768482943,,"[0.564208984375, 0.435791015625]"
synthetic_2_0.3_1,synthetic,Pie chart,384,0.625,0.0007453716768482943,,"[0.564208984375, 0.435791015625]"
synthetic_2_0.3_1,synthetic,Pie chart,384,0.875,0.001797747207479855,,"[0.5631566088443685, 0.4368433911556316]"
synthetic_2_0.3_1,synthetic,Donut chart,384,0.125,0.0011663968203100838,,"[0.5661207528721584, 0.4338792471278416]"
synthetic_2_0.3_1,synthetic,Donut chart,384,0.375,0.0007453716768482943,,"[0.564208984375, 0.435791015625]"
synthetic_2_0.3_1,synthetic,Donut chart,384,0.625,0.0007453716768482943,,"[0.564208984375, 0.435791015625]"
synthetic_2_0.3_1,synthetic,Donut chart,384,0.875,0.001797747207479855,,"[0.5631566088443685, 0.4368433911556316]"
synthetic_2_0.3_1,synthetic,Stacked bar,384,0.125,0.0005052539760068697,,"[0.5654596100278552, 0.43454038997214484]"
synthetic_2_0.3_1,synthetic,Stacked bar,384,0.375,0.002280261344327378,,"[0.5626740947075209, 0.4373259052924791]"
synthetic_2_0.3_1,synthetic,Stacked bar,384,0.625,0.000708545995982357,,"[0.5642458100558659, 0.43575418994413406]"
synthetic_2_0.3_1,synthetic,Stacked bar,384,0.875,0.0005052539760068697,,"[0.5654596100278552, 0.43454038997214484]"
synthetic_2_0.3_2,synthetic,Bar chart,256,0.0,0.0013579544232145413,,"[0.49565217391304345, 0.5043478260869565]"
synthetic_2_0.3_2,synthetic,Bar chart,256,0.25,0.0013579544232145413,,"[0.49565217391304345, 0.5043478260869565]"
synthetic_2_0.3_2,synthetic,Bar chart,256,0.5,0.0013579544232145413,,"[0.49565217391304345, 0.5043478260869565]"
synthetic_2_0.3_2,synthetic,Bar chart,256,0.75,0.0008064655502048601,,"[0.4978165938864628, 0.5021834061135371]"
synthetic_2_0.3_2,synthetic,Pie chart,256,0.0,0.001036746663741983,,"[0.498046875, 0.501953125]"
synthetic_2_0.3_2,synthetic,Pie chart,256,0.25,0.00017744808829567305,,"[0.4971875764245537, 0.5028124235754463]"
synthetic_2_0.3_2,synthetic,Pie chart,256,0.5,0.0006722377112580169,,"[0.496337890625, 0.503662109375]"
synthetic_2_0.3_2,synthetic,Pie chart,256,0.75,0.0015344619141499372,,"[0.4954756664221081, 0.504524333577892]"
synthetic_2_0.3_2,synthetic,Donut chart,256,0.0,0.001036746663741983,,"[0.498046875, 0.501953125]"
synthetic_2_0.3_2,synthetic,Donut chart,256,0.25,0.00017744808829567305,,"[0.4971875764245537, 0.5028124235754463]"
synthetic_2_0.3_2,synthetic,Donut chart,256,0.5,0.0006722377112580169,,"[0.496337890625, 0.503662109375]"
synthetic_2_0.3_2,synthetic,Donut chart,256,0.75,0.0015344619141499372,,"[0.4954756664221081, 0.504524333577892]"
synthetic_2_0.3_2,synthetic,Stacked bar,256,0.0,0.0008253694992398364,,"[0.49783549783549785, 0.5021645021645021]"
synthetic_2_0.3_2,synthetic,Stacked bar,256,0.25,0.0013579544232145135,,"[0.4956521739130435, 0.5043478260869565]"
synthetic_2_0.3_2,synthetic,Stacked bar,256,0.5,0.003503634829764485,,"[0.4935064935064935, 0.5064935064935064]"
synthetic_2_0.3_2,synthetic,Stacked bar,256,0.75,0.0013579544232145135,,"[0.4956521739130435, 0.5043478260869565]"
synthetic_2_0.3_2,synthetic,Bar chart,384,0.125,0.00019657557435653894,,"[0.4972067039106145, 0.5027932960893854]"
synthetic_2_0.3_2,synthetic,Bar chart,384,0.375,0.00019657557435653894,,"[0.4972067039106145, 0.5027932960893854]"
synthetic_2_0.3_2,synthetic,Bar chart,384,0.625,0.0012118090085269095,,"[0.4957983193277311, 0.5042016806722689]"
synthetic_2_0.3_2,synthetic,Bar chart,384,0.875,0.0012118090085269095,,"[0.4957983193277311, 0.5042016806722689]"
synthetic_2_0.3_2,synthetic,Pie chart,384,0.125,0.0005484654137419831,,"[0.49755859375, 0.50244140625]"
synthetic_2_0.3_2,synthetic,Pie chart,384,0.375,0.0006722377112580169,,"[0.496337890625, 0.503662109375]"
synthetic_2_0.3_2,synthetic,Pie chart,384,0.625,0.0006722377112580169,,"[0.496337890625, 0.503662109375]"
synthetic_2_0.3_2,synthetic,Pie chart,384,0.875,0.001648800211258017,,"[0.495361328125, 0.504638671875]"
synthetic_2_0.3_2,synthetic,Donut chart,384,0.125,0.0005484654137419831,,"[0.49755859375, 0.50244140625]"
synthetic_2_0.3_2,synthetic,Donut chart,384,0.375,0.0006722377112580169,,"[0.496337890625, 0.503662109375]"
synthetic_2_0.3_2,synthetic,Donut chart,384,0.625,0.0006722377112580169,,"[0.496337890625, 0.503662109375]"
synthetic_2_0.3_2,synthetic,Donut chart,384,0.875,0.001648800211258017,,"[0.495361328125, 0.504638671875]"
synthetic_2_0.3_2,synthetic,Stacked bar,384,0.125,0.00019657557435648343,,"[0.4972067039106145, 0.5027932960893855]"
synthetic_2_0.3_2,synthetic,Stacked bar,384,0.375,0.0011884013167594298,,"[0.4958217270194986, 0.5041782729805014]"
synthetic_2_0.3_2,synthetic,Stacked bar,384,0.625,0.0011884013167594298,,"[0.4958217270194986, 0.5041782729805014]"
synthetic_2_0.3_2,synthetic,Stacked bar,384,0.875,0.0011884013167594298,,"[0.4958217270194986, 0.5041782729805014]"
synthetic_2_0.3_3,synthetic,Bar chart,256,0.0,0.0005908315310254042,,"[0.36796536796536794, 0.6320346320346321]"
synthetic_2_0.3_3,synthetic,Bar chart,256,0.25,0.0010090178949109796,,"[0.3695652173913043, 0.6304347826086957]"
synthetic_2_0.3_3,synthetic,Bar chart,256,0.5,0.001743972422157486,,"[0.36681222707423583, 0.6331877729257641]"
synthetic_2_0.3_3,synthetic,Bar chart,256,0.75,0.001743972422157486,,"[0.36681222707423583, 0.6331877729257641]"
synthetic_2_0.3_3,synthetic,Pie chart,256,0.0,0.0007008875026291439,,"[0.3692570869990225, 0.6307429130009775]"
synthetic_2_0.3_3,synthetic,Pie chart,256,0.25,0.00037994490643006307,,"[0.3681762545899633, 0.6318237454100367]"
synthetic_2_0.3_3,synthetic,Pie chart,256,0.5,0.0010097674338322427,,"[0.3675464320625611, 0.6324535679374389]"
synthetic_2_0.3_3,synthetic,Pie chart,256,0.75,0.0010097674338322427,,"[0.3675464320625611, 0.6324535679374389]"
synthetic_2_0.3_3,synthetic,Donut chart,256,0.0,0.0007008875026291439,,"[0.3692570869990225, 0.6307429130009775]"
synthetic_2_0.3_3,synthetic,Donut chart,256,0.25,0.00037994490643006307,,"[0.3681762545899633, 0.6318237454100367]"
synthetic_2_0.3_3,synthetic,Donut chart,256,0.5,0.0010097674338322427,,"[0.3675464320625611, 0.6324535679374389]"
synthetic_2_0.3_3,synthetic,Donut chart,256,0.75,0.0010097674338322427,,"[0.3675464320625611, 0.6324535679374389]"
synthetic_2_0.3_3,synthetic,Stacked bar,256,0.0,0.0005908315310254042,,"[0.36796536796536794, 0.6320346320346321]"
synthetic_2_0.3_3,synthetic,Stacked bar,256,0.25,0.0017439724221575414,,"[0.36681222707423583, 0.6331877729257642]"
synthetic_2_0.3_3,synthetic,Stacked bar,256,0.5,0.0005908315310254042,,"[0.36796536796536794, 0.6320346320346321]"
synthetic_2_0.3_3,synthetic,Stacked bar,256,0.75,0.0005908315310254042,,"[0.36796536796536794, 0.6320346320346321]"
synthetic_2_0.3_3,synthetic,Bar chart,384,0.125,0.0001588843024893094,,"[0.3687150837988827, 0.6312849162011174]"
synthetic_2_0.3_3,synthetic,Bar chart,384,0.375,0.0001588843024893094,,"[0.3687150837988827, 0.6312849162011174]"
synthetic_2_0.3_3,synthetic,Bar chart,384,0.625,0.0016094207849087494,,"[0.36694677871148457, 0.6330532212885154]"
synthetic_2_0.3_3,synthetic,Bar chart,384,0.875,0.0016094207849087494,,"[0.36694677871148457, 0.6330532212885154]"
synthetic_2_0.3_3,synthetic,Pie chart,384,0.125,0.00043036949017566384,,"[0.368986568986569, 0.631013431013431]"
synthetic_2_0.3_3,synthetic,Pie chart,384,0.375,0.0007906317308255528,,"[0.3677655677655678, 0.6322344322344322]"
synthetic_2_0.3_3,synthetic,Pie chart,384,0.625,0.0007906317308255528,,"[0.3677655677655678, 0.6322344322344322]"
synthetic_2_0.3_3,synthetic,Pie chart,384,0.875,0.0007906317308255528,,"[0.3677655677655678, 0.6322344322344322]"
synthetic_2_0.3_3,synthetic,Donut chart,384,0.125,0.00043036949017566384,,"[0.368986568986569, 0.631013431013431]"
synthetic_2_0.3_3,synthetic,Donut chart,384,0.375,0.0007906317308255528,,"[0.3677655677655678, 0.6322344322344322]"
synthetic_2_0.3_3,synthetic,Donut chart,384,0.625,0.0007906317308255528,,"[0.3677655677655678, 0.6322344322344322]"
synthetic_2_0.3_3,synthetic,Donut chart,384,0.875,0.0007906317308255528,,"[0.3677655677655678, 0.6322344322344322]"
synthetic_2_0.3_3,synthetic,Stacked bar,384,0.125,0.00015888430248936491,,"[0.3687150837988827, 0.6312849162011173]"
synthetic_2_0.3_3,synthetic,Stacked bar,384,0.375,0.000868177212270782,,"[0.36768802228412256, 0.6323119777158774]"
synthetic_2_0.3_3,synthetic,Stacked bar,384,0.625,0.000868177212270782,,"[0.36768802228412256, 0.6323119777158774]"
synthetic_2_0.3_3,synthetic,Stacked bar,384,0.875,0.000868177212270782,,"[0.36768802228412256, 0.6323119777158774]"
synthetic_2_1_0,synthetic,Bar chart,256,0.0,0.0010066805737983936,,"[0.13852813852813853, 0.8614718614718615]"
synthetic_2_1_0,synthetic,Bar chart,256,0.25,0.0004043843193282243,,"[0.1391304347826087, 0.8608695652173913]"
synthetic_2_1_0,synthetic,Bar chart,256,0.5,0.004163640062635601,,"[0.13537117903930132, 0.8646288209606987]"
synthetic_2_1_0,synthetic,Bar chart,256,0.75,0.004163640062635601,,"[0.13537117903930132, 0.8646288209606987]"
synthetic_2_1_0,synthetic,Pie chart,256,0.0,0.0006018996480630923,,"[0.14013671875, 0.85986328125]"
synthetic_2_1_0,synthetic,Pie chart,256,0.25,0.000870108903844452,,"[0.13866471019809246, 0.8613352898019075]"
synthetic_2_1_0,synthetic,Pie chart,256,0.5,0.0011070847269369077,,"[0.138427734375, 0.861572265625]"
synthetic_2_1_0,synthetic,Pie chart,256,0.75,0.0007682992781483794,,"[0.13876651982378854, 0.8612334801762115]"
synthetic_2_1_0,synthetic,Donut chart,256,0.0,0.0006018996480630923,,"[0.14013671875, 0.85986328125]"
synthetic_2_1_0,synthetic,Donut chart,256,0.25,0.000870108903844452,,"[0.13866471019809246, 0.8613352898019075]"
synthetic_2_1_0,synthetic,Donut chart,256,0.5,0.0011070847269369077,,"[0.138427734375, 0.861572265625]"
synthetic_2_1_0,synthetic,Donut chart,256,0.75,0.0007682992781483794,,"[0.13876651982378854, 0.8612334801762115]"
synthetic_2_1_0,synthetic,Stacked bar,256,0.0,0.0010066805737983936,,"[0.13852813852813853, 0.8614718614718615]"
synthetic_2_1_0,synthetic,Stacked bar,256,0.25,0.004163640062635601,,"[0.13537117903930132, 0.8646288209606987]"
synthetic_2_1_0,synthetic,Stacked bar,256,0.5,0.0010066805737983936,,"[0.13852813852813853, 0.8614718614718615]"
synthetic_2_1_0,synthetic,Stacked bar,256,0.75,0.0010066805737983936,,"[0.13852813852813853, 0.8614718614718615]"
synthetic_2_1_0,synthetic,Bar chart,384,0.125,0.0002590530852238093,,"[0.1392757660167131, 0.8607242339832869]"
synthetic_2_1_0,synthetic,Bar chart,384,0.375,0.002279917141152568,,"[0.1372549019607843, 0.8627450980392156]"
synthetic_2_1_0,synthetic,Bar chart,384,0.625,0.002279917141152568,,"[0.1372549019607843, 0.8627450980392156]"
synthetic_2_1_0,synthetic,Bar chart,384,0.875,0.002279917141152568,,"[0.1372549019607843, 0.8627450980392156]"
synthetic_2_1_0,synthetic,Pie chart,384,0.125,0.00037466285193690774,,"[0.13916015625, 0.86083984375]"
synthetic_2_1_0,synthetic,Pie chart,384,0.375,0.0006188034769369077,,"[0.138916015625, 0.861083984375]"
synthetic_2_1_0,synthetic,Pie chart,384,0.625,0.0006188034769369077,,"[0.138916015625, 0.861083984375]"
synthetic_2_1_0,synthetic,Pie chart,384,0.875,0.00035775902306309226,,"[0.139892578125, 0.860107421875]"
synthetic_2_1_0,synthetic,Donut chart,384,0.125,0.00037466285193690774,,"[0.13916015625, 0.86083984375]"
synthetic_2_1_0,synthetic,Donut chart,384,0.375,0.0006188034769369077,,"[0.138916015625, 0.861083984375]"
synthetic_2_1_0,synthetic,Donut chart,384,0.625,0.0006188034769369077,,"[0.138916015625, 0.861083984375]"
synthetic_2_1_0,synthetic,Donut chart,384,0.875,0.00035775902306309226,,"[0.139892578125, 0.860107421875]"
synthetic_2_1_0,synthetic,Stacked bar,384,0.125,0.0002590530852238093,,"[0.1392757660167131, 0.8607242339832869]"
synthetic_2_1_0,synthetic,Stacked bar,384,0.375,0.002663310722048645,,"[0.13687150837988826, 0.8631284916201117]"
synthetic_2_1_0,synthetic,Stacked bar,384,0.625,0.0002590530852238093,,"[0.1392757660167131, 0.8607242339832869]"
synthetic_2_1_0,synthetic,Stacked bar,384,0.875,0.0002590530852238093,,"[0.1392757660167131, 0.8607242339832869]"
synthetic_2_1_1,synthetic,Bar chart,256,0.0,0.0002664724247186945,,"[0.3593073593073593, 0.6406926406926406]"
synthetic_2_1_1,synthetic,Bar chart,256,0.25,0.0025191477522058248,,"[0.3565217391304348, 0.6434782608695652]"
synthetic_2_1_1,synthetic,Bar chart,256,0.5,0.0009622842625532646,,"[0.35807860262008734, 0.6419213973799126]"
synthetic_2_1_1,synthetic,Bar chart,256,0.75,0.0009622842625532646,,"[0.35807860262008734, 0.6419213973799126]"
synthetic_2_1_1,synthetic,Pie chart,256,0.0,8.997249235936922e-05,,"[0.359130859375, 0.640869140625]"
synthetic_2_1_1,synthetic,Pie chart,256,0.25,0.001007137799735297,,"[0.35803374908290536, 0.6419662509170947]"
synthetic_2_1_1,synthetic,Pie chart,256,0.5,0.0016190118826406308,,"[0.357421875, 0.642578125]"
synthetic_2_1_1,synthetic,Pie chart,256,0.75,0.0016190118826406308,,"[0.357421875, 0.642578125]"
synthetic_2_1_1,synthetic,Donut chart,256,0.0,8.997249235936922e-05,,"[0.359130859375, 0.640869140625]"
synthetic_2_1_1,synthetic,Donut chart,256,0.25,0.001007137799735297,,"[0.35803374908290536, 0.6419662509170947]"
synthetic_2_1_1,synthetic,Donut chart,256,0.5,0.0016190118826406308,,"[0.357421875, 0.642578125]"
synthetic_2_1_1,synthetic,Donut chart,256,0.75,0.0016190118826406308,,"[0.357421875, 0.642578125]"
synthetic_2_1_1,synthetic,Stacked bar,256,0.0,0.0002664724247186945,,"[0.3593073593073593, 0.6406926406926406]"
synthetic_2_1_1,synthetic,Stacked bar,256,0.25,0.0025191477522058248,,"[0.3565217391304348, 0.6434782608695652]"
synthetic_2_1_1,synthetic,Stacked bar,256,0.5,0.0025191477522058248,,"[0.3565217391304348, 0.6434782608695652]"
synthetic_2_1_1,synthetic,Stacked bar,256,0.75,0.0002664724247186945,,"[0.3593073593073593, 0.6406926406926406]"
synthetic_2_1_1,synthetic,Bar chart,384,0.125,0.0014989874412998094,,"[0.3575418994413408, 0.6424581005586592]"
synthetic_2_1_1,synthetic,Bar chart,384,0.375,0.0014989874412998094,,"[0.3575418994413408, 0.6424581005586592]"
synthetic_2_1_1,synthetic,Bar chart,384,0.625,0.0004974695156938491,,"[0.3585434173669467, 0.6414565826330532]"
synthetic_2_1_1,synthetic,Bar chart,384,0.875,0.0004974695156938491,,"[0.3585434173669467, 0.6414565826330532]"
synthetic_2_1_1,synthetic,Pie chart,384,0.125,0.0005782537423593692,,"[0.359619140625, 0.640380859375]"
synthetic_2_1_1,synthetic,Pie chart,384,0.375,0.00046736465499039315,,"[0.3585735222276502, 0.6414264777723497]"
synthetic_2_1_1,synthetic,Pie chart,384,0.625,0.00046736465499039315,,"[0.3585735222276502, 0.6414264777723497]"
synthetic_2_1_1,synthetic,Pie chart,384,0.875,0.00046736465499039315,,"[0.3585735222276502, 0.6414264777723497]"
synthetic_2_1_1,synthetic,Donut chart,384,0.125,0.0005782537423593692,,"[0.359619140625, 0.640380859375]"
synthetic_2_1_1,synthetic,Donut chart,384,0.375,0.00046736465499039315,,"[0.3585735222276502, 0.6414264777723497]"
synthetic_2_1_1,synthetic,Donut chart,384,0.625,0.00046736465499039315,,"[0.3585735222276502, 0.6414264777723497]"
synthetic_2_1_1,synthetic,Donut chart,384,0.875,0.00046736465499039315,,"[0.3585735222276502, 0.6414264777723497]"
synthetic_2_1_1,synthetic,Stacked bar,384,0.125,0.0002905894404791609,,"[0.3593314763231198, 0.6406685236768802]"
synthetic_2_1_1,synthetic,Stacked bar,384,0.375,0.002494925879855142,,"[0.3565459610027855, 0.6434540389972145]"
synthetic_2_1_1,synthetic,Stacked bar,384,0.625,0.001498987441299865,,"[0.3575418994413408, 0.6424581005586593]"
synthetic_2_1_1,synthetic,Stacked bar,384,0.875,0.0002905894404791609,,"[0.3593314763231198, 0.6406685236768802]"
synthetic_2_1_2,synthetic,Bar chart,256,0.0,0.0029236017941439846,,"[0.09565217391304347, 0.9043478260869565]"
synthetic_2_1_2,synthetic,Bar chart,256,0.25,0.0029236017941439846,,"[0.09565217391304347, 0.9043478260869565]"
synthetic_2_1_2,synthetic,Bar chart,256,0.5,0.0029236017941439846,,"[0.09565217391304347, 0.9043478260869565]"
synthetic_2_1_2,synthetic,Bar chart,256,0.75,0.002505906711554269,,"[0.09606986899563319, 0.9039301310043668]"
synthetic_2_1_2,synthetic,Pie chart,256,0.0,0.0007284175858567402,,"[0.09784735812133072, 0.9021526418786693]"
synthetic_2_1_2,synthetic,Pie chart,256,0.25,0.0005077884242331784,,"[0.09806798728295427, 0.9019320127170457]"
synthetic_2_1_2,synthetic,Pie chart,256,0.5,0.0006514777828895424,,"[0.09792429792429792, 0.9020757020757021]"
synthetic_2_1_2,synthetic,Pie chart,256,0.75,0.0004312444571874588,,"[0.09814453125, 0.90185546875]"
synthetic_2_1_2,synthetic,Donut chart,256,0.0,0.0007284175858567402,,"[0.09784735812133072, 0.9021526418786693]"
synthetic_2_1_2,synthetic,Donut chart,256,0.25,0.0005077884242331784,,"[0.09806798728295427, 0.9019320127170457]"
synthetic_2_1_2,synthetic,Donut chart,256,0.5,0.0006514777828895424,,"[0.09792429792429792, 0.9020757020757021]"
synthetic_2_1_2,synthetic,Donut chart,256,0.75,0.0004312444571874588,,"[0.09814453125, 0.90185546875]"
synthetic_2_1_2,synthetic,Stacked bar,256,0.0,0.0009913238599120883,,"[0.09956709956709957, 0.9004329004329005]"
synthetic_2_1_2,synthetic,Stacked bar,256,0.25,0.0029236017941439776,,"[0.09565217391304348, 0.9043478260869565]"
synthetic_2_1_2,synthetic,Stacked bar,256,0.5,0.003337680469092226,,"[0.09523809523809523, 0.9047619047619048]"
synthetic_2_1_2,synthetic,Stacked bar,256,0.75,0.0029236017941439776,,"[0.09565217391304348, 0.9043478260869565]"
synthetic_2_1_2,synthetic,Bar chart,384,0.125,0.0008104125786958447,,"[0.09776536312849163, 0.9022346368715084]"
synthetic_2_1_2,synthetic,Bar chart,384,0.375,0.0008104125786958447,,"[0.09776536312849163, 0.9022346368715084]"
synthetic_2_1_2,synthetic,Bar chart,384,0.625,0.003337680469092219,,"[0.09523809523809525, 0.9047619047619048]"
synthetic_2_1_2,synthetic,Bar chart,384,0.875,0.003337680469092219,,"[0.09523809523809525, 0.9047619047619048]"
synthetic_2_1_2,synthetic,Pie chart,384,0.125,0.0001871038321874588,,"[0.098388671875, 0.901611328125]"
synthetic_2_1_2,synthetic,Pie chart,384,0.375,0.0006753850821874588,,"[0.097900390625, 0.902099609375]"
synthetic_2_1_2,synthetic,Pie chart,384,0.625,0.0006753850821874588,,"[0.097900390625, 0.902099609375]"
synthetic_2_1_2,synthetic,Pie chart,384,0.875,0.0007894586678125412,,"[0.099365234375, 0.900634765625]"
synthetic_2_1_2,synthetic,Donut chart,384,0.125,0.0001871038321874588,,"[0.098388671875, 0.901611328125]"
synthetic_2_1_2,synthetic,Donut chart,384,0.375,0.0006753850821874588,,"[0.097900390625, 0.902099609375]"
synthetic_2_1_2,synthetic,Donut chart,384,0.625,0.0006753850821874588,,"[0.097900390625, 0.902099609375]"
synthetic_2_1_2,synthetic,Donut chart,384,0.875,0.0007894586678125412,,"[0.099365234375, 0.900634765625]"
synthetic_2_1_2,synthetic,Stacked bar,384,0.125,0.0008104125786958516,,"[0.09776536312849161, 0.9022346368715084]"
synthetic_2_1_2,synthetic,Stacked bar,384,0.375,0.0010827394954883093,,"[0.09749303621169916, 0.9025069637883009]"
synthetic_2_1_2,synthetic,Stacked bar,384,0.625,0.0010827394954883093,,"[0.09749303621169916, 0.9025069637883009]"
synthetic_2_1_2,synthetic,Stacked bar,384,0.875,0.0010827394954883093,,"[0.09749303621169916, 0.9025069637883009]"
synthetic_2_1_3,synthetic,Bar chart,256,0.0,3.214064075217349e-05,,"[0.8739130434782609, 0.12608695652173912]"
synthetic_2_1_3,synthetic,Bar chart,256,0.25,3.214064075217349e-05,,"[0.8739130434782609, 0.12608695652173912]"
synthetic_2_1_3,synthetic,Bar chart,256,0.5,3.214064075217349e-05,,"[0.8739130434782609, 0.12608695652173912]"
synthetic_2_1_3,synthetic,Bar chart,256,0.75,0.003848354804412632,,"[0.8777292576419213, 0.12227074235807861]"
synthetic_2_1_3,synthetic,Pie chart,256,0.0,0.0011802218568678219,,"[0.8750611246943766, 0.12493887530562348]"
synthetic_2_1_3,synthetic,Pie chart,256,0.25,0.0009660234421875608,,"[0.8748469262796963, 0.1251530737203037]"
synthetic_2_1_3,synthetic,Pie chart,256,0.5,0.0005312695856749677,,"[0.8733496332518338, 0.12665036674816627]"
synthetic_2_1_3,synthetic,Pie chart,256,0.75,0.0005312695856749677,,"[0.8733496332518338, 0.12665036674816627]"
synthetic_2_1_3,synthetic,Donut chart,256,0.0,0.0011802218568678219,,"[0.8750611246943766, 0.12493887530562348]"
synthetic_2_1_3,synthetic,Donut chart,256,0.25,0.0009660234421875608,,"[0.8748469262796963, 0.1251530737203037]"
synthetic_2_1_3,synthetic,Donut chart,256,0.5,0.0005312695856749677,,"[0.8733496332518338, 0.12665036674816627]"
synthetic_2_1_3,synthetic,Donut chart,256,0.75,0.0005312695856749677,,"[0.8733496332518338, 0.12665036674816627]"
synthetic_2_1_3,synthetic,Stacked bar,256,0.0,0.0005779716213657471,,"[0.8744588744588745, 0.12554112554112554]"
synthetic_2_1_3,synthetic,Stacked bar,256,0.25,3.214064075211798e-05,,"[0.8739130434782608, 0.12608695652173912]"
synthetic_2_1_3,synthetic,Stacked bar,256,0.5,0.0037510327076386157,,"[0.8701298701298701, 0.12987012987012986]"
synthetic_2_1_3,synthetic,Stacked bar,256,0.75,3.214064075211798e-05,,"[0.8739130434782608, 0.12608695652173912]"
synthetic_2_1_3,synthetic,Bar chart,384,0.125,0.00042077314014490885,,"[0.8743016759776536, 0.12569832402234635]"
synthetic_2_1_3,synthetic,Bar chart,384,0.375,0.00042077314014490885,,"[0.8743016759776536, 0.12569832402234635]"
synthetic_2_1_3,synthetic,Bar chart,384,0.625,0.00042077314014490885,,"[0.8743016759776536, 0.12569832402234635]"
synthetic_2_1_3,synthetic,Bar chart,384,0.875,0.0025235915445137036,,"[0.8764044943820224, 0.12359550561797752]"
synthetic_2_1_3,synthetic,Pie chart,384,0.125,0.0003866752874912699,,"[0.874267578125, 0.125732421875]"
synthetic_2_1_3,synthetic,Pie chart,384,0.375,0.0008340278375087301,,"[0.873046875, 0.126953125]"
synthetic_2_1_3,synthetic,Pie chart,384,0.625,0.0008340278375087301,,"[0.873046875, 0.126953125]"
synthetic_2_1_3,synthetic,Pie chart,384,0.875,0.0008340278375087301,,"[0.873046875, 0.126953125]"
synthetic_2_1_3,synthetic,Donut chart,384,0.125,0.0003866752874912699,,"[0.874267578125, 0.125732421875]"
synthetic_2_1_3,synthetic,Donut chart,384,0.375,0.0008340278375087301,,"[0.873046875, 0.126953125]"
synthetic_2_1_3,synthetic,Donut chart,384,0.625,0.0008340278375087301,,"[0.873046875, 0.126953125]"
synthetic_2_1_3,synthetic,Donut chart,384,0.875,0.0008340278375087301,,"[0.873046875, 0.126953125]"
synthetic_2_1_3,synthetic,Stacked bar,384,0.125,0.0007709077474494924,,"[0.8746518105849582, 0.12534818941504178]"
synthetic_2_1_3,synthetic,Stacked bar,384,0.375,0.002014607572884755,,"[0.871866295264624, 0.12813370473537605]"
synthetic_2_1_3,synthetic,Stacked bar,384,0.625,0.002014607572884755,,"[0.871866295264624, 0.12813370473537605]"
synthetic_2_1_3,synthetic,Stacked bar,384,0.875,0.000420773140144895,,"[0.8743016759776536, 0.12569832402234637]"
synthetic_2_5_0,synthetic,Bar chart,256,0.0,0.001181895334909977,,"[0.30735930735930733, 0.6926406926406926]"
synthetic_2_5_0,synthetic,Bar chart,256,0.25,0.00015444947969567302,,"[0.308695652173913, 0.691304347826087]"
synthetic_2_5_0,synthetic,Bar chart,256,0.5,0.0028643467990208116,,"[0.3056768558951965, 0.6943231441048034]"
synthetic_2_5_0,synthetic,Bar chart,256,0.75,0.0028643467990208116,,"[0.3056768558951965, 0.6943231441048034]"
synthetic_2_5_0,synthetic,Pie chart,256,0.0,0.00016721217858109427,,"[0.30870841487279843, 0.6912915851272016]"
synthetic_2_5_0,synthetic,Pie chart,256,0.25,0.0010185366809852825,,"[0.307522666013232, 0.6924773339867679]"
synthetic_2_5_0,synthetic,Pie chart,256,0.5,0.0001915933192173369,,"[0.308349609375, 0.691650390625]"
synthetic_2_5_0,synthetic,Pie chart,256,0.75,0.0001915933192173369,,"[0.308349609375, 0.691650390625]"
synthetic_2_5_0,synthetic,Donut chart,256,0.0,0.00016721217858109427,,"[0.30870841487279843, 0.6912915851272016]"
synthetic_2_5_0,synthetic,Donut chart,256,0.25,0.0010185366809852825,,"[0.307522666013232, 0.6924773339867679]"
synthetic_2_5_0,synthetic,Donut chart,256,0.5,0.0001915933192173369,,"[0.308349609375, 0.691650390625]"
synthetic_2_5_0,synthetic,Donut chart,256,0.75,0.0001915933192173369,,"[0.308349609375, 0.691650390625]"
synthetic_2_5_0,synthetic,Stacked bar,256,0.0,0.001181895334909977,,"[0.30735930735930733, 0.6926406926406926]"
synthetic_2_5_0,synthetic,Stacked bar,256,0.25,0.0028643467990208116,,"[0.3056768558951965, 0.6943231441048034]"
synthetic_2_5_0,synthetic,Stacked bar,256,0.5,0.001181895334909977,,"[0.30735930735930733, 0.6926406926406926]"
synthetic_2_5_0,synthetic,Stacked bar,256,0.75,0.001181895334909977,,"[0.30735930735930733, 0.6926406926406926]"
synthetic_2_5_0,synthetic,Bar chart,384,0.125,0.0012786328618150933,,"[0.3072625698324022, 0.6927374301675977]"
synthetic_2_5_0,synthetic,Bar chart,384,0.375,0.0012786328618150933,,"[0.3072625698324022, 0.6927374301675977]"
synthetic_2_5_0,synthetic,Bar chart,384,0.625,0.00041795339449746116,,"[0.30812324929971985, 0.6918767507002801]"
synthetic_2_5_0,synthetic,Bar chart,384,0.875,0.00041795339449746116,,"[0.30812324929971985, 0.6918767507002801]"
synthetic_2_5_0,synthetic,Pie chart,384,0.125,0.0005408285557826631,,"[0.30908203125, 0.69091796875]"
synthetic_2_5_0,synthetic,Pie chart,384,0.375,0.0006798745692173369,,"[0.307861328125, 0.692138671875]"
synthetic_2_5_0,synthetic,Pie chart,384,0.625,0.0006798745692173369,,"[0.307861328125, 0.692138671875]"
synthetic_2_5_0,synthetic,Pie chart,384,0.875,0.00030360797409997864,,"[0.30823759472011736, 0.6917624052798826]"
synthetic_2_5_0,synthetic,Donut chart,384,0.125,0.0005408285557826631,,"[0.30908203125, 0.69091796875]"
synthetic_2_5_0,synthetic,Donut chart,384,0.375,0.0006798745692173369,,"[0.307861328125, 0.692138671875]"
synthetic_2_5_0,synthetic,Donut chart,384,0.625,0.0006798745692173369,,"[0.307861328125, 0.692138671875]"
synthetic_2_5_0,synthetic,Donut chart,384,0.875,0.00030360797409997864,,"[0.30823759472011736, 0.6917624052798826]"
synthetic_2_5_0,synthetic,Stacked bar,384,0.125,0.0006509978628857216,,"[0.30919220055710306, 0.6908077994428969]"
synthetic_2_5_0,synthetic,Stacked bar,384,0.375,0.002134517457448526,,"[0.3064066852367688, 0.6935933147632312]"
synthetic_2_5_0,synthetic,Stacked bar,384,0.625,0.001278632861815121,,"[0.30726256983240224, 0.6927374301675978]"
synthetic_2_5_0,synthetic,Stacked bar,384,0.875,0.0006509978628857216,,"[0.30919220055710306, 0.6908077994428969]"
synthetic_2_5_1,synthetic,Bar chart,256,0.0,0.0012379303385967877,,"[0.4782608695652174, 0.5217391304347826]"
synthetic_2_5_1,synthetic,Bar chart,256,0.25,0.0012379303385967877,,"[0.4782608695652174, 0.5217391304347826]"
synthetic_2_5_1,synthetic,Bar chart,256,0.5,0.0012379303385967877,,"[0.4782608695652174, 0.5217391304347826]"
synthetic_2_5_1,synthetic,Bar chart,256,0.75,0.0008505450743517551,,"[0.48034934497816595, 0.519650655021834]"
synthetic_2_5_1,synthetic,Pie chart,256,0.0,0.0010587936398394893,,"[0.4805575935436537, 0.5194424064563463]"
synthetic_2_5_1,synthetic,Pie chart,256,0.25,0.0001680300814871083,,"[0.4796668299853013, 0.5203331700146987]"
synthetic_2_5_1,synthetic,Pie chart,256,0.5,0.0014714561538141935,,"[0.47802734375, 0.52197265625]"
synthetic_2_5_1,synthetic,Pie chart,256,0.75,0.0014714561538141935,,"[0.47802734375, 0.52197265625]"
synthetic_2_5_1,synthetic,Donut chart,256,0.0,0.0010587936398394893,,"[0.4805575935436537, 0.5194424064563463]"
synthetic_2_5_1,synthetic,Donut chart,256,0.25,0.0001680300814871083,,"[0.4796668299853013, 0.5203331700146987]"
synthetic_2_5_1,synthetic,Donut chart,256,0.5,0.0014714561538141935,,"[0.47802734375, 0.52197265625]"
synthetic_2_5_1,synthetic,Donut chart,256,0.75,0.0014714561538141935,,"[0.47802734375, 0.52197265625]"
synthetic_2_5_1,synthetic,Stacked bar,256,0.0,0.0010206806156663473,,"[0.4805194805194805, 0.5194805194805194]"
synthetic_2_5_1,synthetic,Stacked bar,256,0.25,0.0012379303385967877,,"[0.4782608695652174, 0.5217391304347826]"
synthetic_2_5_1,synthetic,Stacked bar,256,0.5,0.0033083237133380294,,"[0.47619047619047616, 0.5238095238095238]"
synthetic_2_5_1,synthetic,Stacked bar,256,0.75,0.0012379303385967877,,"[0.4782608695652174, 0.5217391304347826]"
synthetic_2_5_1,synthetic,Bar chart,384,0.125,0.0003901648063211749,,"[0.479108635097493, 0.520891364902507]"
synthetic_2_5_1,synthetic,Bar chart,384,0.375,0.0005072032651586844,,"[0.4789915966386555, 0.5210084033613445]"
synthetic_2_5_1,synthetic,Bar chart,384,0.625,0.0005072032651586844,,"[0.4789915966386555, 0.5210084033613445]"
synthetic_2_5_1,synthetic,Bar chart,384,0.875,0.0005072032651586844,,"[0.4789915966386555, 0.5210084033613445]"
synthetic_2_5_1,synthetic,Pie chart,384,0.125,0.0010682986051078203,,"[0.48056709850892204, 0.519432901491078]"
synthetic_2_5_1,synthetic,Pie chart,384,0.375,0.0007390342788141935,,"[0.478759765625, 0.521240234375]"
synthetic_2_5_1,synthetic,Pie chart,384,0.625,0.0007390342788141935,,"[0.478759765625, 0.521240234375]"
synthetic_2_5_1,synthetic,Pie chart,384,0.875,0.0013760915195560885,,"[0.47812270838425813, 0.5218772916157419]"
synthetic_2_5_1,synthetic,Donut chart,384,0.125,0.0010682986051078203,,"[0.48056709850892204, 0.519432901491078]"
synthetic_2_5_1,synthetic,Donut chart,384,0.375,0.0007390342788141935,,"[0.478759765625, 0.521240234375]"
synthetic_2_5_1,synthetic,Donut chart,384,0.625,0.0007390342788141935,,"[0.478759765625, 0.521240234375]"
synthetic_2_5_1,synthetic,Donut chart,384,0.875,0.0013760915195560885,,"[0.47812270838425813, 0.5218772916157419]"
synthetic_2_5_1,synthetic,Stacked bar,384,0.125,0.0003901648063211749,,"[0.479108635097493, 0.520891364902507]"
synthetic_2_5_1,synthetic,Stacked bar,384,0.375,0.0018451686188979688,,"[0.4776536312849162, 0.5223463687150838]"
synthetic_2_5_1,synthetic,Stacked bar,384,0.625,0.0003901648063211749,,"[0.479108635097493, 0.520891364902507]"
synthetic_2_5_1,synthetic,Stacked bar,384,0.875,0.0003901648063211749,,"[0.479108635097493, 0.520891364902507]"
synthetic_2_5_2,synthetic,Bar chart,256,0.0,0.0012386963274765295,,"[0.27705627705627706, 0.7229437229437229]"
synthetic_2_5_2,synthetic,Bar chart,256,0.25,3.410381853619082e-05,,"[0.2782608695652174, 0.7217391304347825]"
synthetic_2_5_2,synthetic,Bar chart,256,0.5,0.003185803078076782,,"[0.27510917030567683, 0.7248908296943232]"
synthetic_2_5_2,synthetic,Bar chart,256,0.75,0.003185803078076782,,"[0.27510917030567683, 0.7248908296943232]"
synthetic_2_5_2,synthetic,Pie chart,256,0.0,0.00016385792387105247,,"[0.27813111545988256, 0.7218688845401174]"
synthetic_2_5_2,synthetic,Pie chart,256,0.25,1.2681299543043645e-05,,"[0.27830765468329666, 0.7216923453167033]"
synthetic_2_5_2,synthetic,Pie chart,256,0.5,0.00046294213375361326,,"[0.27783203125, 0.72216796875]"
synthetic_2_5_2,synthetic,Pie chart,256,0.75,0.00046294213375361326,,"[0.27783203125, 0.72216796875]"
synthetic_2_5_2,synthetic,Donut chart,256,0.0,0.00016385792387105247,,"[0.27813111545988256, 0.7218688845401174]"
synthetic_2_5_2,synthetic,Donut chart,256,0.25,1.2681299543043645e-05,,"[0.27830765468329666, 0.7216923453167033]"
synthetic_2_5_2,synthetic,Donut chart,256,0.5,0.00046294213375361326,,"[0.27783203125, 0.72216796875]"
synthetic_2_5_2,synthetic,Donut chart,256,0.75,0.00046294213375361326,,"[0.27783203125, 0.72216796875]"
synthetic_2_5_2,synthetic,Stacked bar,256,0.0,0.0012386963274765295,,"[0.27705627705627706, 0.7229437229437229]"
synthetic_2_5_2,synthetic,Stacked bar,256,0.25,0.003185803078076782,,"[0.27510917030567683, 0.7248908296943232]"
synthetic_2_5_2,synthetic,Stacked bar,256,0.5,0.0012386963274765295,,"[0.27705627705627706, 0.7229437229437229]"
synthetic_2_5_2,synthetic,Stacked bar,256,0.75,0.0012386963274765295,,"[0.27705627705627706, 0.7229437229437229]"
synthetic_2_5_2,synthetic,Bar chart,384,0.125,0.0017586605345915884,,"[0.276536312849162, 0.723463687150838]"
synthetic_2_5_2,synthetic,Bar chart,384,0.375,0.0017586605345915884,,"[0.276536312849162, 0.723463687150838]"
synthetic_2_5_2,synthetic,Bar chart,384,0.625,0.0009840490140057279,,"[0.27731092436974786, 0.7226890756302521]"
synthetic_2_5_2,synthetic,Bar chart,384,0.875,0.0009840490140057279,,"[0.27731092436974786, 0.7226890756302521]"
synthetic_2_5_2,synthetic,Pie chart,384,0.125,2.533911624638674e-05,,"[0.2783203125, 0.7216796875]"
synthetic_2_5_2,synthetic,Pie chart,384,0.375,0.0008566942344013506,,"[0.27743827914935226, 0.7225617208506477]"
synthetic_2_5_2,synthetic,Pie chart,384,0.625,0.0008566942344013506,,"[0.27743827914935226, 0.7225617208506477]"
synthetic_2_5_2,synthetic,Pie chart,384,0.875,2.533911624638674e-05,,"[0.2783203125, 0.7216796875]"
synthetic_2_5_2,synthetic,Donut chart,384,0.125,2.533911624638674e-05,,"[0.2783203125, 0.7216796875]"
synthetic_2_5_2,synthetic,Donut chart,384,0.375,0.0008566942344013506,,"[0.27743827914935226, 0.7225617208506477]"
synthetic_2_5_2,synthetic,Donut chart,384,0.625,0.0008566942344013506,,"[0.27743827914935226, 0.7225617208506477]"
synthetic_2_5_2,synthetic,Donut chart,384,0.875,2.533911624638674e-05,,"[0.2783203125, 0.7216796875]"
synthetic_2_5_2,synthetic,Stacked bar,384,0.125,0.00025655864967258357,,"[0.2785515320334262, 0.7214484679665738]"
synthetic_2_5_2,synthetic,Stacked bar,384,0.375,0.0017586605345915884,,"[0.276536312849162, 0.723463687150838]"
synthetic_2_5_2,synthetic,Stacked bar,384,0.625,0.0017586605345915884,,"[0.276536312849162, 0.723463687150838]"
synthetic_2_5_2,synthetic,Stacked bar,384,0.875,0.00025655864967258357,,"[0.2785515320334262, 0.7214484679665738]"
synthetic_2_5_3,synthetic,Bar chart,256,0.0,0.0012160789003506645,,"[0.591304347826087, 0.408695652173913]"
synthetic_2_5_3,synthetic,Bar chart,256,0.25,0.0012160789003506645,,"[0.591304347826087, 0.408695652173913]"
synthetic_2_5_3,synthetic,Bar chart,256,0.5,0.0012160789003506645,,"[0.591304347826087, 0.408695652173913]"
synthetic_2_5_3,synthetic,Bar chart,256,0.75,0.0013660361556584455,,"[0.5938864628820961, 0.40611353711790393]"
synthetic_2_5_3,synthetic,Pie chart,256,0.0,0.002047716165659269,,"[0.5945681428920969, 0.4054318571079031]"
synthetic_2_5_3,synthetic,Pie chart,256,0.25,4.499269151295171e-05,,"[0.5925654194179506, 0.4074345805820494]"
synthetic_2_5_3,synthetic,Pie chart,256,0.5,0.0010674352734461878,,"[0.5914529914529915, 0.40854700854700854]"
synthetic_2_5_3,synthetic,Pie chart,256,0.75,0.001211832976437649,,"[0.59130859375, 0.40869140625]"
synthetic_2_5_3,synthetic,Donut chart,256,0.0,0.002047716165659269,,"[0.5945681428920969, 0.4054318571079031]"
synthetic_2_5_3,synthetic,Donut chart,256,0.25,4.499269151295171e-05,,"[0.5925654194179506, 0.4074345805820494]"
synthetic_2_5_3,synthetic,Donut chart,256,0.5,0.0010674352734461878,,"[0.5914529914529915, 0.40854700854700854]"
synthetic_2_5_3,synthetic,Donut chart,256,0.75,0.001211832976437649,,"[0.59130859375, 0.40869140625]"
synthetic_2_5_3,synthetic,Stacked bar,256,0.0,0.0005531663471554371,,"[0.5930735930735931, 0.4069264069264069]"
synthetic_2_5_3,synthetic,Stacked bar,256,0.25,0.0012160789003506922,,"[0.591304347826087, 0.40869565217391307]"
synthetic_2_5_3,synthetic,Stacked bar,256,0.5,0.003775837981848884,,"[0.5887445887445888, 0.41125541125541126]"
synthetic_2_5_3,synthetic,Stacked bar,256,0.75,0.0012160789003506922,,"[0.591304347826087, 0.40869565217391307]"
synthetic_2_5_3,synthetic,Bar chart,384,0.125,0.0003416557767170203,,"[0.5921787709497206, 0.40782122905027934]"
synthetic_2_5_3,synthetic,Bar chart,384,0.375,0.0003416557767170203,,"[0.5921787709497206, 0.40782122905027934]"
synthetic_2_5_3,synthetic,Bar chart,384,0.625,0.0003416557767170203,,"[0.5921787709497206, 0.40782122905027934]"
synthetic_2_5_3,synthetic,Bar chart,384,0.875,0.0001762024870454737,,"[0.5926966292134831, 0.40730337078651685]"
synthetic_2_5_3,synthetic,Pie chart,384,0.125,0.001420447937622915,,"[0.5939408746640605, 0.4060591253359394]"
synthetic_2_5_3,synthetic,Pie chart,384,0.375,0.0007335775453083393,,"[0.5917868491811293, 0.4082131508188707]"
synthetic_2_5_3,synthetic,Pie chart,384,0.625,0.0007335775453083393,,"[0.5917868491811293, 0.4082131508188707]"
synthetic_2_5_3,synthetic,Pie chart,384,0.875,0.0015558357618466745,,"[0.590964590964591, 0.409035409035409]"
synthetic_2_5_3,synthetic,Donut chart,384,0.125,0.001420447937622915,,"[0.5939408746640605, 0.4060591253359394]"
synthetic_2_5_3,synthetic,Donut chart,384,0.375,0.0007335775453083393,,"[0.5917868491811293, 0.4082131508188707]"
synthetic_2_5_3,synthetic,Donut chart,384,0.625,0.0007335775453083393,,"[0.5917868491811293, 0.4082131508188707]"
synthetic_2_5_3,synthetic,Donut chart,384,0.875,0.0015558357618466745,,"[0.590964590964591, 0.409035409035409]"
synthetic_2_5_3,synthetic,Stacked bar,384,0.125,0.0007943365047601292,,"[0.5933147632311978, 0.40668523676880225]"
synthetic_2_5_3,synthetic,Stacked bar,384,0.375,0.001991178815574146,,"[0.5905292479108635, 0.40947075208913647]"
synthetic_2_5_3,synthetic,Stacked bar,384,0.625,0.001991178815574146,,"[0.5905292479108635, 0.40947075208913647]"
synthetic_2_5_3,synthetic,Stacked bar,384,0.875,0.0003416557767169648,,"[0.5921787709497207, 0.40782122905027934]"
synthetic_3_0.3_0,synthetic,Bar chart,256,0.0,0.0034594841917290594,,"[0.004347826086956522, 0.8913043478260869, 0.10434782608695653]"
synthetic_3_0.3_0,synthetic,Bar chart,256,0.25,0.00719046605110501,,"[0.004366812227074236, 0.8951965065502184, 0.10043668122270742]"
synthetic_3_0.3_0,synthetic,Bar chart,256,0.5,0.00719046605110501,,"[0.004366812227074236, 0.8951965065502184, 0.10043668122270742]"
synthetic_3_0.3_0,synthetic,Bar chart,256,0.75,0.006730801606149836,,"[0.004385964912280702, 0.8947368421052633, 0.10087719298245615]"
synthetic_3_0.3_0,synthetic,Pie chart,256,0.0,0.000665834500886624,,"[0.00732421875, 0.888671875, 0.10400390625]"
synthetic_3_0.3_0,synthetic,Pie chart,256,0.25,0.00047525077014562347,,"[0.007336757153338224, 0.888481291269259, 0.10418195157740279]"
synthetic_3_0.3_0,synthetic,Pie chart,256,0.5,0.0032352257777989546,,"[0.005615234375, 0.886962890625, 0.107421875]"
synthetic_3_0.3_0,synthetic,Pie chart,256,0.75,0.00047413990469390935,,"[0.007333170373991689, 0.8880469322903936, 0.10461989733561476]"
synthetic_3_0.3_0,synthetic,Donut chart,256,0.0,0.000665834500886624,,"[0.00732421875, 0.888671875, 0.10400390625]"
synthetic_3_0.3_0,synthetic,Donut chart,256,0.25,0.00047525077014562347,,"[0.007336757153338224, 0.888481291269259, 0.10418195157740279]"
synthetic_3_0.3_0,synthetic,Donut chart,256,0.5,0.0032352257777989546,,"[0.005615234375, 0.886962890625, 0.107421875]"
synthetic_3_0.3_0,synthetic,Donut chart,256,0.75,0.00047413990469390935,,"[0.007333170373991689, 0.8880469322903936, 0.10461989733561476]"
synthetic_3_0.3_0,synthetic,Stacked bar,256,0.0,0.004038459002907161,,"[0.004329004329004329, 0.8874458874458875, 0.10822510822510822]"
synthetic_3_0.3_0,synthetic,Stacked bar,256,0.25,0.0034594841917290524,,"[0.004347826086956522, 0.8913043478260869, 0.10434782608695652]"
synthetic_3_0.3_0,synthetic,Stacked bar,256,0.5,0.007190466051104955,,"[0.004366812227074236, 0.8951965065502183, 0.10043668122270742]"
synthetic_3_0.3_0,synthetic,Stacked bar,256,0.75,0.0034594841917290524,,"[0.004347826086956522, 0.8913043478260869, 0.10434782608695652]"
synthetic_3_0.3_0,synthetic,Bar chart,384,0.125,0.003055412014853126,,"[0.00558659217877095, 0.8910614525139665, 0.10335195530726256]"
synthetic_3_0.3_0,synthetic,Bar chart,384,0.375,0.002750262021894996,,"[0.0056022408963585435, 0.8907563025210083, 0.10364145658263306]"
synthetic_3_0.3_0,synthetic,Bar chart,384,0.625,0.005252386467178741,,"[0.0056179775280898875, 0.8932584269662921, 0.10112359550561797]"
synthetic_3_0.3_0,synthetic,Bar chart,384,0.875,0.005252386467178741,,"[0.0056179775280898875, 0.8932584269662921, 0.10112359550561797]"
synthetic_3_0.3_0,synthetic,Pie chart,384,0.125,0.001018647841145701,,"[0.007088731361525299, 0.889024688340259, 0.1038865802982156]"
synthetic_3_0.3_0,synthetic,Pie chart,384,0.375,0.0007938195277989546,,"[0.007080078125, 0.887939453125, 0.10498046875]"
synthetic_3_0.3_0,synthetic,Pie chart,384,0.625,0.0007938195277989546,,"[0.007080078125, 0.887939453125, 0.10498046875]"
synthetic_3_0.3_0,synthetic,Pie chart,384,0.875,0.0020145226527989546,,"[0.007080078125, 0.88671875, 0.106201171875]"
synthetic_3_0.3_0,synthetic,Donut chart,384,0.125,0.001018647841145701,,"[0.007088731361525299, 0.889024688340259, 0.1038865802982156]"
synthetic_3_0.3_0,synthetic,Donut chart,384,0.375,0.0007938195277989546,,"[0.007080078125, 0.887939453125, 0.10498046875]"
synthetic_3_0.3_0,synthetic,Donut chart,384,0.625,0.0007938195277989546,,"[0.007080078125, 0.887939453125, 0.10498046875]"
synthetic_3_0.3_0,synthetic,Donut chart,384,0.875,0.0020145226527989546,,"[0.007080078125, 0.88671875, 0.106201171875]"
synthetic_3_0.3_0,synthetic,Stacked bar,384,0.125,0.001122582369833367,,"[0.008356545961002786, 0.8885793871866295, 0.10306406685236769]"
synthetic_3_0.3_0,synthetic,Stacked bar,384,0.375,0.003055412014853119,,"[0.00558659217877095, 0.8910614525139665, 0.10335195530726257]"
synthetic_3_0.3_0,synthetic,Stacked bar,384,0.625,0.0027502620218950516,,"[0.0056022408963585435, 0.8907563025210085, 0.10364145658263306]"
synthetic_3_0.3_0,synthetic,Stacked bar,384,0.875,0.0022207180999146495,,"[0.00558659217877095, 0.888268156424581, 0.10614525139664804]"
synthetic_3_0.3_1,synthetic,Bar chart,256,0.0,0.002052069633218537,,"[0.4826086956521739, 0.5130434782608696, 0.004347826086956522]"
synthetic_3_0.3_1,synthetic,Bar chart,256,0.25,0.002052069633218537,,"[0.4826086956521739, 0.5130434782608696, 0.004347826086956522]"
synthetic_3_0.3_1,synthetic,Bar chart,256,0.5,0.0029550413050808176,,"[0.48034934497816595, 0.5152838427947599, 0.004366812227074236]"
synthetic_3_0.3_1,synthetic,Bar chart,256,0.75,0.006399895720175046,,"[0.4845814977973568, 0.5154185022026432, 0.0]"
synthetic_3_0.3_1,synthetic,Pie chart,256,0.0,0.0021796207608944795,,"[0.48226950354609927, 0.5101491807287846, 0.007581315725116165]"
synthetic_3_0.3_1,synthetic,Pie chart,256,0.25,0.001116172748014596,,"[0.48238747553816047, 0.511986301369863, 0.005626223091976516]"
synthetic_3_0.3_1,synthetic,Pie chart,256,0.5,0.0015349746651458782,,"[0.479736328125, 0.512939453125, 0.00732421875]"
synthetic_3_0.3_1,synthetic,Pie chart,256,0.75,0.0015349746651458782,,"[0.479736328125, 0.512939453125, 0.00732421875]"
synthetic_3_0.3_1,synthetic,Donut chart,256,0.0,0.0021796207608944795,,"[0.48226950354609927, 0.5101491807287846, 0.007581315725116165]"
synthetic_3_0.3_1,synthetic,Donut chart,256,0.25,0.001116172748014596,,"[0.48238747553816047, 0.511986301369863, 0.005626223091976516]"
synthetic_3_0.3_1,synthetic,Donut chart,256,0.5,0.0015349746651458782,,"[0.479736328125, 0.512939453125, 0.00732421875]"
synthetic_3_0.3_1,synthetic,Donut chart,256,0.75,0.0015349746651458782,,"[0.479736328125, 0.512939453125, 0.00732421875]"
synthetic_3_0.3_1,synthetic,Stacked bar,256,0.0,0.002052069633218537,,"[0.4826086956521739, 0.5130434782608696, 0.004347826086956522]"
synthetic_3_0.3_1,synthetic,Stacked bar,256,0.25,0.002955041305080762,,"[0.48034934497816595, 0.5152838427947598, 0.004366812227074236]"
synthetic_3_0.3_1,synthetic,Stacked bar,256,0.5,0.0030104332249284976,,"[0.4782608695652174, 0.5130434782608696, 0.008695652173913044]"
synthetic_3_0.3_1,synthetic,Stacked bar,256,0.75,0.002258112937833604,,"[0.4805194805194805, 0.5108225108225108, 0.008658008658008658]"
synthetic_3_0.3_1,synthetic,Bar chart,384,0.125,0.0016376789572483635,,"[0.4804469273743016, 0.5139664804469274, 0.00558659217877095]"
synthetic_3_0.3_1,synthetic,Bar chart,384,0.375,0.0007976548238164852,,"[0.48179271708683474, 0.5126050420168067, 0.0056022408963585435]"
synthetic_3_0.3_1,synthetic,Bar chart,384,0.625,0.003590906956130099,,"[0.48314606741573035, 0.5140449438202247, 0.002808988764044944]"
synthetic_3_0.3_1,synthetic,Bar chart,384,0.875,0.003590906956130099,,"[0.48314606741573035, 0.5140449438202247, 0.002808988764044944]"
synthetic_3_0.3_1,synthetic,Pie chart,384,0.125,0.001740185843440054,,"[0.4830114886335859, 0.5111219750672207, 0.005866536299193351]"
synthetic_3_0.3_1,synthetic,Pie chart,384,0.375,0.0007042042812238519,,"[0.48056709850892204, 0.5123441701295527, 0.007088731361525299]"
synthetic_3_0.3_1,synthetic,Pie chart,384,0.625,0.0007042042812238519,,"[0.48056709850892204, 0.5123441701295527, 0.007088731361525299]"
synthetic_3_0.3_1,synthetic,Pie chart,384,0.875,0.0012375637022055495,,"[0.48056709850892204, 0.5135663651918846, 0.005866536299193351]"
synthetic_3_0.3_1,synthetic,Donut chart,384,0.125,0.001740185843440054,,"[0.4830114886335859, 0.5111219750672207, 0.005866536299193351]"
synthetic_3_0.3_1,synthetic,Donut chart,384,0.375,0.0007042042812238519,,"[0.48056709850892204, 0.5123441701295527, 0.007088731361525299]"
synthetic_3_0.3_1,synthetic,Donut chart,384,0.625,0.0007042042812238519,,"[0.48056709850892204, 0.5123441701295527, 0.007088731361525299]"
synthetic_3_0.3_1,synthetic,Donut chart,384,0.875,0.0012375637022055495,,"[0.48056709850892204, 0.5135663651918846, 0.005866536299193351]"
synthetic_3_0.3_1,synthetic,Stacked bar,384,0.125,0.000828865079506537,,"[0.4818941504178273, 0.5125348189415042, 0.005571030640668524]"
synthetic_3_0.3_1,synthetic,Stacked bar,384,0.375,0.0016376789572483358,,"[0.48044692737430167, 0.5139664804469274, 0.00558659217877095]"
synthetic_3_0.3_1,synthetic,Stacked bar,384,0.625,0.0007976548238164852,,"[0.48179271708683474, 0.5126050420168067, 0.0056022408963585435]"
synthetic_3_0.3_1,synthetic,Stacked bar,384,0.875,0.0019799925479813876,,"[0.48044692737430167, 0.5111731843575419, 0.008379888268156424]"
synthetic_3_0.3_2,synthetic,Bar chart,256,0.0,0.0026857892228598786,,"[0.20869565217391306, 0.004347826086956522, 0.7869565217391304]"
synthetic_3_0.3_2,synthetic,Bar chart,256,0.25,0.0026857892228598786,,"[0.20869565217391306, 0.004347826086956522, 0.7869565217391304]"
synthetic_3_0.3_2,synthetic,Bar chart,256,0.5,0.004843775115584728,,"[0.21052631578947367, 0.0, 0.7894736842105262]"
synthetic_3_0.3_2,synthetic,Bar chart,256,0.75,0.004843775115584728,,"[0.21052631578947367, 0.0, 0.7894736842105262]"
synthetic_3_0.3_2,synthetic,Pie chart,256,0.0,0.0005263409050584563,,"[0.2109375, 0.00390625, 0.78515625]"
synthetic_3_0.3_2,synthetic,Pie chart,256,0.25,0.001730394009433898,,"[0.21119530677096066, 0.0024443901246638962, 0.7863603031043754]"
synthetic_3_0.3_2,synthetic,Pie chart,256,0.5,0.0024794659050584563,,"[0.209228515625, 0.003662109375, 0.787109375]"
synthetic_3_0.3_2,synthetic,Pie chart,256,0.75,0.0005263409050584563,,"[0.211181640625, 0.003662109375, 0.78515625]"
synthetic_3_0.3_2,synthetic,Donut chart,256,0.0,0.0005263409050584563,,"[0.2109375, 0.00390625, 0.78515625]"
synthetic_3_0.3_2,synthetic,Donut chart,256,0.25,0.001730394009433898,,"[0.21119530677096066, 0.0024443901246638962, 0.7863603031043754]"
synthetic_3_0.3_2,synthetic,Donut chart,256,0.5,0.0024794659050584563,,"[0.209228515625, 0.003662109375, 0.787109375]"
synthetic_3_0.3_2,synthetic,Donut chart,256,0.75,0.0005263409050584563,,"[0.211181640625, 0.003662109375, 0.78515625]"
synthetic_3_0.3_2,synthetic,Stacked bar,256,0.0,0.00358923360456511,,"[0.2077922077922078, 0.004329004329004329, 0.7878787878787878]"
synthetic_3_0.3_2,synthetic,Stacked bar,256,0.25,0.0026857892228598925,,"[0.20869565217391303, 0.004347826086956522, 0.7869565217391304]"
synthetic_3_0.3_2,synthetic,Stacked bar,256,0.5,0.0026857892228598925,,"[0.20869565217391303, 0.004347826086956522, 0.7869565217391304]"
synthetic_3_0.3_2,synthetic,Stacked bar,256,0.75,0.005763104005495121,,"[0.2096069868995633, 0.0, 0.7903930131004366]"
synthetic_3_0.3_2,synthetic,Bar chart,384,0.125,0.0024849368434337942,,"[0.21008403361344538, 0.0028011204481792717, 0.7871148459383753]"
synthetic_3_0.3_2,synthetic,Bar chart,384,0.375,0.0024849368434337942,,"[0.21008403361344538, 0.0028011204481792717, 0.7871148459383753]"
synthetic_3_0.3_2,synthetic,Bar chart,384,0.625,0.0024849368434337942,,"[0.21008403361344538, 0.0028011204481792717, 0.7871148459383753]"
synthetic_3_0.3_2,synthetic,Bar chart,384,0.875,0.004102485271255657,,"[0.21126760563380284, 0.0, 0.7887323943661972]"
synthetic_3_0.3_2,synthetic,Pie chart,384,0.125,0.0010146221550584563,,"[0.210693359375, 0.003662109375, 0.78564453125]"
synthetic_3_0.3_2,synthetic,Pie chart,384,0.375,0.0007526379595683764,,"[0.21095086775849425, 0.0036665851869958446, 0.7853825470545099]"
synthetic_3_0.3_2,synthetic,Pie chart,384,0.625,0.0007526379595683764,,"[0.21095086775849425, 0.0036665851869958446, 0.7853825470545099]"
synthetic_3_0.3_2,synthetic,Pie chart,384,0.875,0.0010146221550584563,,"[0.210693359375, 0.003662109375, 0.78564453125]"
synthetic_3_0.3_2,synthetic,Donut chart,384,0.125,0.0010146221550584563,,"[0.210693359375, 0.003662109375, 0.78564453125]"
synthetic_3_0.3_2,synthetic,Donut chart,384,0.375,0.0007526379595683764,,"[0.21095086775849425, 0.0036665851869958446, 0.7853825470545099]"
synthetic_3_0.3_2,synthetic,Donut chart,384,0.625,0.0007526379595683764,,"[0.21095086775849425, 0.0036665851869958446, 0.7853825470545099]"
synthetic_3_0.3_2,synthetic,Donut chart,384,0.875,0.0010146221550584563,,"[0.210693359375, 0.003662109375, 0.78564453125]"
synthetic_3_0.3_2,synthetic,Stacked bar,384,0.125,0.0011953534189000179,,"[0.2122905027932961, 0.002793296089385475, 0.7849162011173184]"
synthetic_3_0.3_2,synthetic,Stacked bar,384,0.375,0.0018842346928622995,,"[0.20949720670391062, 0.00558659217877095, 0.7849162011173184]"
synthetic_3_0.3_2,synthetic,Stacked bar,384,0.625,0.0024849368434337942,,"[0.21008403361344538, 0.0028011204481792717, 0.7871148459383753]"
synthetic_3_0.3_2,synthetic,Stacked bar,384,0.875,0.0036709265596545403,,"[0.20891364902506965, 0.002785515320334262, 0.7883008356545961]"
synthetic_3_0.3_3,synthetic,Bar chart,256,0.0,0.001888136957675951,,"[0.6173913043478261, 0.11304347826086958, 0.2695652173913044]"
synthetic_3_0.3_3,synthetic,Bar chart,256,0.25,0.001888136957675951,,"[0.6173913043478261, 0.11304347826086958, 0.2695652173913044]"
synthetic_3_0.3_3,synthetic,Bar chart,256,0.5,0.000731274834244941,,"[0.6157205240174672, 0.11353711790393015, 0.27074235807860264]"
synthetic_3_0.3_3,synthetic,Bar chart,256,0.75,0.002917885241428858,,"[0.618421052631579, 0.11403508771929827, 0.2675438596491228]"
synthetic_3_0.3_3,synthetic,Pie chart,256,0.0,0.0009519107348499034,,"[0.616455078125, 0.1142578125, 0.269287109375]"
synthetic_3_0.3_3,synthetic,Pie chart,256,0.25,0.0014769128743624613,,"[0.6169069142438309, 0.11434155875885658, 0.2687515269973125]"
synthetic_3_0.3_3,synthetic,Pie chart,256,0.5,0.0036973413783250586,,"[0.61279296875, 0.11328125, 0.27392578125]"
synthetic_3_0.3_3,synthetic,Pie chart,256,0.75,0.0022764524962311516,,"[0.6139921722113503, 0.11350293542074363, 0.2725048923679061]"
synthetic_3_0.3_3,synthetic,Donut chart,256,0.0,0.0009519107348499034,,"[0.616455078125, 0.1142578125, 0.269287109375]"
synthetic_3_0.3_3,synthetic,Donut chart,256,0.25,0.0014769128743624613,,"[0.6169069142438309, 0.11434155875885658, 0.2687515269973125]"
synthetic_3_0.3_3,synthetic,Donut chart,256,0.5,0.0036973413783250586,,"[0.61279296875, 0.11328125, 0.27392578125]"
synthetic_3_0.3_3,synthetic,Donut chart,256,0.75,0.0022764524962311516,,"[0.6139921722113503, 0.11350293542074363, 0.2725048923679061]"
synthetic_3_0.3_3,synthetic,Stacked bar,256,0.0,0.0018881369576759857,,"[0.6173913043478261, 0.11304347826086956, 0.26956521739130435]"
synthetic_3_0.3_3,synthetic,Stacked bar,256,0.25,0.0007312748342449479,,"[0.6157205240174672, 0.11353711790393013, 0.27074235807860264]"
synthetic_3_0.3_3,synthetic,Stacked bar,256,0.5,0.003684603606585908,,"[0.6130434782608696, 0.11304347826086956, 0.27391304347826084]"
synthetic_3_0.3_3,synthetic,Stacked bar,256,0.75,0.0024988328555978004,,"[0.6147186147186147, 0.11255411255411256, 0.2727272727272727]"
synthetic_3_0.3_3,synthetic,Bar chart,384,0.125,0.000978027725345637,,"[0.6145251396648045, 0.11452513966480449, 0.2709497206703911]"
synthetic_3_0.3_3,synthetic,Bar chart,384,0.375,0.0013208768464648551,,"[0.6162464985994398, 0.11484593837535015, 0.26890756302521013]"
synthetic_3_0.3_3,synthetic,Bar chart,384,0.625,0.0024743606997375475,,"[0.6179775280898877, 0.11235955056179776, 0.26966292134831465]"
synthetic_3_0.3_3,synthetic,Bar chart,384,0.875,0.0024743606997375475,,"[0.6179775280898877, 0.11235955056179776, 0.26966292134831465]"
synthetic_3_0.3_3,synthetic,Pie chart,384,0.125,0.00025472086317507303,,"[0.61572265625, 0.114013671875, 0.270263671875]"
synthetic_3_0.3_3,synthetic,Pie chart,384,0.375,0.0012559351283250586,,"[0.6142578125, 0.1142578125, 0.271484375]"
synthetic_3_0.3_3,synthetic,Pie chart,384,0.625,0.0012559351283250586,,"[0.6142578125, 0.1142578125, 0.271484375]"
synthetic_3_0.3_3,synthetic,Pie chart,384,0.875,0.0027101986401500966,,"[0.61279296875, 0.114501953125, 0.272705078125]"
synthetic_3_0.3_3,synthetic,Donut chart,384,0.125,0.00025472086317507303,,"[0.61572265625, 0.114013671875, 0.270263671875]"
synthetic_3_0.3_3,synthetic,Donut chart,384,0.375,0.0012559351283250586,,"[0.6142578125, 0.1142578125, 0.271484375]"
synthetic_3_0.3_3,synthetic,Donut chart,384,0.625,0.0012559351283250586,,"[0.6142578125, 0.1142578125, 0.271484375]"
synthetic_3_0.3_3,synthetic,Donut chart,384,0.875,0.0027101986401500966,,"[0.61279296875, 0.114501953125, 0.272705078125]"
synthetic_3_0.3_3,synthetic,Stacked bar,384,0.125,9.571840372180063e-05,,"[0.6155988857938719, 0.11420612813370473, 0.27019498607242337]"
synthetic_3_0.3_3,synthetic,Stacked bar,384,0.375,0.0009780277253456302,,"[0.6145251396648045, 0.11452513966480447, 0.2709497206703911]"
synthetic_3_0.3_3,synthetic,Stacked bar,384,0.625,0.0024743606997375267,,"[0.6179775280898876, 0.11235955056179775, 0.2696629213483146]"
synthetic_3_0.3_3,synthetic,Stacked bar,384,0.875,0.0027520615210827326,,"[0.6128133704735376, 0.11420612813370473, 0.27298050139275765]"
synthetic_3_1_0,synthetic,Bar chart,256,0.0,0.0010630528760928598,,"[0.5478260869565217, 0.26956521739130435, 0.1826086956521739]"
synthetic_3_1_0,synthetic,Bar chart,256,0.25,0.0010630528760928598,,"[0.5478260869565217, 0.26956521739130435, 0.1826086956521739]"
synthetic_3_1_0,synthetic,Bar chart,256,0.5,0.004087996126916557,,"[0.5526315789473684, 0.2675438596491228, 0.17982456140350878]"
synthetic_3_1_0,synthetic,Bar chart,256,0.75,0.004087996126916557,,"[0.5526315789473684, 0.2675438596491228, 0.17982456140350878]"
synthetic_3_1_0,synthetic,Pie chart,256,0.0,0.0017493859295481667,,"[0.55029296875, 0.267822265625, 0.181884765625]"
synthetic_3_1_0,synthetic,Pie chart,256,0.25,0.0008836379606633055,,"[0.54833984375, 0.267822265625, 0.183837890625]"
synthetic_3_1_0,synthetic,Pie chart,256,0.5,0.0009987806037650843,,"[0.5477005870841487, 0.2683463796477495, 0.18395303326810175]"
synthetic_3_1_0,synthetic,Pie chart,256,0.75,0.0019127234454518333,,"[0.546630859375, 0.269775390625, 0.18359375]"
synthetic_3_1_0,synthetic,Donut chart,256,0.0,0.0017493859295481667,,"[0.55029296875, 0.267822265625, 0.181884765625]"
synthetic_3_1_0,synthetic,Donut chart,256,0.25,0.0008836379606633055,,"[0.54833984375, 0.267822265625, 0.183837890625]"
synthetic_3_1_0,synthetic,Donut chart,256,0.5,0.0009987806037650843,,"[0.5477005870841487, 0.2683463796477495, 0.18395303326810175]"
synthetic_3_1_0,synthetic,Donut chart,256,0.75,0.0019127234454518333,,"[0.546630859375, 0.269775390625, 0.18359375]"
synthetic_3_1_0,synthetic,Stacked bar,256,0.0,0.0031929334828494638,,"[0.5454545454545454, 0.2683982683982684, 0.18614718614718614]"
synthetic_3_1_0,synthetic,Stacked bar,256,0.25,0.0010630528760928598,,"[0.5478260869565217, 0.26956521739130435, 0.1826086956521739]"
synthetic_3_1_0,synthetic,Stacked bar,256,0.5,0.0010630528760928598,,"[0.5478260869565217, 0.26956521739130435, 0.1826086956521739]"
synthetic_3_1_0,synthetic,Stacked bar,256,0.75,0.0021266186636831053,,"[0.5502183406113537, 0.2663755458515284, 0.18340611353711792]"
synthetic_3_1_0,synthetic,Bar chart,384,0.125,0.0008814235326840697,,"[0.5490196078431373, 0.26890756302521013, 0.18207282913165268]"
synthetic_3_1_0,synthetic,Bar chart,384,0.375,0.0008814235326840697,,"[0.5490196078431373, 0.26890756302521013, 0.18207282913165268]"
synthetic_3_1_0,synthetic,Bar chart,384,0.625,0.0008814235326840697,,"[0.5490196078431373, 0.26890756302521013, 0.18207282913165268]"
synthetic_3_1_0,synthetic,Bar chart,384,0.875,0.003569093235886195,,"[0.5521126760563381, 0.26760563380281693, 0.18028169014084508]"
synthetic_3_1_0,synthetic,Pie chart,384,0.125,0.0009240395152115138,,"[0.549072265625, 0.267578125, 0.183349609375]"
synthetic_3_1_0,synthetic,Pie chart,384,0.375,0.0017792360561050963,,"[0.5467643467643467, 0.2686202686202686, 0.18461538461538463]"
synthetic_3_1_0,synthetic,Pie chart,384,0.625,0.0017792360561050963,,"[0.5467643467643467, 0.2686202686202686, 0.18461538461538463]"
synthetic_3_1_0,synthetic,Pie chart,384,0.875,0.0019127234454518333,,"[0.546630859375, 0.269775390625, 0.18359375]"
synthetic_3_1_0,synthetic,Donut chart,384,0.125,0.0009240395152115138,,"[0.549072265625, 0.267578125, 0.183349609375]"
synthetic_3_1_0,synthetic,Donut chart,384,0.375,0.0017792360561050963,,"[0.5467643467643467, 0.2686202686202686, 0.18461538461538463]"
synthetic_3_1_0,synthetic,Donut chart,384,0.625,0.0017792360561050963,,"[0.5467643467643467, 0.2686202686202686, 0.18461538461538463]"
synthetic_3_1_0,synthetic,Donut chart,384,0.875,0.0019127234454518333,,"[0.546630859375, 0.269775390625, 0.18359375]"
synthetic_3_1_0,synthetic,Stacked bar,384,0.125,0.0017357467884867167,,"[0.5502793296089385, 0.2681564245810056, 0.18156424581005587]"
synthetic_3_1_0,synthetic,Stacked bar,384,0.375,0.002447556155179567,,"[0.547486033519553, 0.2709497206703911, 0.18156424581005587]"
synthetic_3_1_0,synthetic,Stacked bar,384,0.625,0.0008814235326840558,,"[0.5490196078431373, 0.2689075630252101, 0.18207282913165265]"
synthetic_3_1_0,synthetic,Stacked bar,384,0.875,0.003675273798058862,,"[0.5459610027855153, 0.26740947075208915, 0.18662952646239556]"
synthetic_3_1_1,synthetic,Bar chart,256,0.0,0.002213988460304052,,"[0.23913043478260868, 0.05652173913043478, 0.7043478260869566]"
synthetic_3_1_1,synthetic,Bar chart,256,0.25,0.0036545738587394315,,"[0.24017467248908295, 0.05240174672489083, 0.7074235807860262]"
synthetic_3_1_1,synthetic,Bar chart,256,0.5,0.0036545738587394315,,"[0.24017467248908295, 0.05240174672489083, 0.7074235807860262]"
synthetic_3_1_1,synthetic,Bar chart,256,0.75,0.0023713439499062107,,"[0.24122807017543857, 0.05263157894736842, 0.706140350877193]"
synthetic_3_1_1,synthetic,Pie chart,256,0.0,0.0005320683415304464,,"[0.24095796676441839, 0.05474095796676442, 0.7043010752688172]"
synthetic_3_1_1,synthetic,Pie chart,256,0.25,0.0017973993227132258,,"[0.24072265625, 0.0537109375, 0.70556640625]"
synthetic_3_1_1,synthetic,Pie chart,256,0.5,0.0015532586977132258,,"[0.240966796875, 0.0537109375, 0.705322265625]"
synthetic_3_1_1,synthetic,Pie chart,256,0.75,0.0010705228630685272,,"[0.24143835616438356, 0.053816046966731895, 0.7047455968688845]"
synthetic_3_1_1,synthetic,Donut chart,256,0.0,0.0005320683415304464,,"[0.24095796676441839, 0.05474095796676442, 0.7043010752688172]"
synthetic_3_1_1,synthetic,Donut chart,256,0.25,0.0017973993227132258,,"[0.24072265625, 0.0537109375, 0.70556640625]"
synthetic_3_1_1,synthetic,Donut chart,256,0.5,0.0015532586977132258,,"[0.240966796875, 0.0537109375, 0.705322265625]"
synthetic_3_1_1,synthetic,Donut chart,256,0.75,0.0010705228630685272,,"[0.24143835616438356, 0.053816046966731895, 0.7047455968688845]"
synthetic_3_1_1,synthetic,Stacked bar,256,0.0,0.004926645246626275,,"[0.2391304347826087, 0.05217391304347826, 0.7086956521739131]"
synthetic_3_1_1,synthetic,Stacked bar,256,0.25,0.002213988460304038,,"[0.2391304347826087, 0.05652173913043478, 0.7043478260869566]"
synthetic_3_1_1,synthetic,Stacked bar,256,0.5,0.002213988460304038,,"[0.2391304347826087, 0.05652173913043478, 0.7043478260869566]"
synthetic_3_1_1,synthetic,Stacked bar,256,0.75,0.004926645246626275,,"[0.2391304347826087, 0.05217391304347826, 0.7086956521739131]"
synthetic_3_1_1,synthetic,Bar chart,384,0.125,0.0021133460138897005,,"[0.2408963585434174, 0.05322128851540617, 0.7058823529411765]"
synthetic_3_1_1,synthetic,Bar chart,384,0.375,0.0021133460138897005,,"[0.2408963585434174, 0.05322128851540617, 0.7058823529411765]"
synthetic_3_1_1,synthetic,Bar chart,384,0.625,0.0021133460138897005,,"[0.2408963585434174, 0.05322128851540617, 0.7058823529411765]"
synthetic_3_1_1,synthetic,Bar chart,384,0.875,0.0032732465938400054,,"[0.23943661971830987, 0.053521126760563385, 0.7070422535211268]"
synthetic_3_1_1,synthetic,Pie chart,384,0.125,0.0006217669929127166,,"[0.24072265625, 0.054931640625, 0.704345703125]"
synthetic_3_1_1,synthetic,Pie chart,384,0.375,0.0006896467953192813,,"[0.24065477644759345, 0.05497190324945028, 0.7043733203029563]"
synthetic_3_1_1,synthetic,Pie chart,384,0.625,0.0006896467953192813,,"[0.24065477644759345, 0.05497190324945028, 0.7043733203029563]"
synthetic_3_1_1,synthetic,Pie chart,384,0.875,0.0011650429017313023,,"[0.2405959941377626, 0.054469956033219344, 0.7049340498290181]"
synthetic_3_1_1,synthetic,Donut chart,384,0.125,0.0006217669929127166,,"[0.24072265625, 0.054931640625, 0.704345703125]"
synthetic_3_1_1,synthetic,Donut chart,384,0.375,0.0006896467953192813,,"[0.24065477644759345, 0.05497190324945028, 0.7043733203029563]"
synthetic_3_1_1,synthetic,Donut chart,384,0.625,0.0006896467953192813,,"[0.24065477644759345, 0.05497190324945028, 0.7043733203029563]"
synthetic_3_1_1,synthetic,Donut chart,384,0.875,0.0011650429017313023,,"[0.2405959941377626, 0.054469956033219344, 0.7049340498290181]"
synthetic_3_1_1,synthetic,Stacked bar,384,0.125,0.0029349036872383417,,"[0.24022346368715083, 0.05307262569832402, 0.7067039106145251]"
synthetic_3_1_1,synthetic,Stacked bar,384,0.375,0.001120959555761896,,"[0.24022346368715083, 0.055865921787709494, 0.7039106145251397]"
synthetic_3_1_1,synthetic,Stacked bar,384,0.625,0.0017901056941662108,,"[0.2395543175487465, 0.055710306406685235, 0.7047353760445683]"
synthetic_3_1_1,synthetic,Stacked bar,384,0.875,0.0029349036872383417,,"[0.24022346368715083, 0.05307262569832402, 0.7067039106145251]"
synthetic_3_1_2,synthetic,Bar chart,256,0.0,0.0014395724644377383,,"[0.43478260869565216, 0.09565217391304347, 0.4695652173913043]"
synthetic_3_1_2,synthetic,Bar chart,256,0.25,0.0014395724644377383,,"[0.43478260869565216, 0.09565217391304347, 0.4695652173913043]"
synthetic_3_1_2,synthetic,Bar chart,256,0.5,0.002969471454234006,,"[0.4342105263157895, 0.09210526315789475, 0.4736842105263158]"
synthetic_3_1_2,synthetic,Bar chart,256,0.75,0.002969471454234006,,"[0.4342105263157895, 0.09210526315789475, 0.4736842105263158]"
synthetic_3_1_2,synthetic,Pie chart,256,0.0,0.001164243049399466,,"[0.4343360234776229, 0.09391049156272928, 0.47175348495964786]"
synthetic_3_1_2,synthetic,Pie chart,256,0.25,0.0016514601442579255,,"[0.43359375, 0.09375, 0.47265625]"
synthetic_3_1_2,synthetic,Pie chart,256,0.5,0.0033604445192579255,,"[0.431884765625, 0.09375, 0.474365234375]"
synthetic_3_1_2,synthetic,Pie chart,256,0.75,0.0022029419768980207,,"[0.43283582089552236, 0.09395644727183754, 0.4732077318326401]"
synthetic_3_1_2,synthetic,Donut chart,256,0.0,0.001164243049399466,,"[0.4343360234776229, 0.09391049156272928, 0.47175348495964786]"
synthetic_3_1_2,synthetic,Donut chart,256,0.25,0.0016514601442579255,,"[0.43359375, 0.09375, 0.47265625]"
synthetic_3_1_2,synthetic,Donut chart,256,0.5,0.0033604445192579255,,"[0.431884765625, 0.09375, 0.474365234375]"
synthetic_3_1_2,synthetic,Donut chart,256,0.75,0.0022029419768980207,,"[0.43283582089552236, 0.09395644727183754, 0.4732077318326401]"
synthetic_3_1_2,synthetic,Stacked bar,256,0.0,0.0010200426316963676,,"[0.4329004329004329, 0.09523809523809523, 0.47186147186147187]"
synthetic_3_1_2,synthetic,Stacked bar,256,0.25,0.002969471454233985,,"[0.4342105263157895, 0.09210526315789473, 0.47368421052631576]"
synthetic_3_1_2,synthetic,Stacked bar,256,0.5,0.003485692923433599,,"[0.43043478260869567, 0.09565217391304348, 0.47391304347826085]"
synthetic_3_1_2,synthetic,Stacked bar,256,0.75,0.0010200426316963676,,"[0.4329004329004329, 0.09523809523809523, 0.47186147186147187]"
synthetic_3_1_2,synthetic,Bar chart,384,0.125,0.0010622492504031786,,"[0.4329608938547486, 0.09497206703910616, 0.4720670391061453]"
synthetic_3_1_2,synthetic,Bar chart,384,0.375,0.0004165545616244132,,"[0.4341736694677871, 0.09523809523809525, 0.4705882352941177]"
synthetic_3_1_2,synthetic,Bar chart,384,0.625,0.002378105398645601,,"[0.4353932584269663, 0.09269662921348315, 0.4719101123595506]"
synthetic_3_1_2,synthetic,Bar chart,384,0.875,0.002378105398645601,,"[0.4353932584269663, 0.09269662921348315, 0.4719101123595506]"
synthetic_3_1_2,synthetic,Pie chart,384,0.125,0.0006498369678707358,,"[0.4345703125, 0.094970703125, 0.470458984375]"
synthetic_3_1_2,synthetic,Pie chart,384,0.375,0.0016514601442579255,,"[0.432373046875, 0.094970703125, 0.47265625]"
synthetic_3_1_2,synthetic,Pie chart,384,0.625,0.0016514601442579255,,"[0.432373046875, 0.094970703125, 0.47265625]"
synthetic_3_1_2,synthetic,Pie chart,384,0.875,0.0026022482674250905,,"[0.43255131964809385, 0.093841642228739, 0.4736070381231672]"
synthetic_3_1_2,synthetic,Donut chart,384,0.125,0.0006498369678707358,,"[0.4345703125, 0.094970703125, 0.470458984375]"
synthetic_3_1_2,synthetic,Donut chart,384,0.375,0.0016514601442579255,,"[0.432373046875, 0.094970703125, 0.47265625]"
synthetic_3_1_2,synthetic,Donut chart,384,0.625,0.0016514601442579255,,"[0.432373046875, 0.094970703125, 0.47265625]"
synthetic_3_1_2,synthetic,Donut chart,384,0.875,0.0026022482674250905,,"[0.43255131964809385, 0.093841642228739, 0.4736070381231672]"
synthetic_3_1_2,synthetic,Stacked bar,384,0.125,0.0006199144400155787,,"[0.43454038997214484, 0.0947075208913649, 0.47075208913649025]"
synthetic_3_1_2,synthetic,Stacked bar,384,0.375,0.0010622492504031578,,"[0.4329608938547486, 0.09497206703910614, 0.4720670391061452]"
synthetic_3_1_2,synthetic,Stacked bar,384,0.625,0.0023781053986455733,,"[0.4353932584269663, 0.09269662921348315, 0.47191011235955055]"
synthetic_3_1_2,synthetic,Stacked bar,384,0.875,0.002532814601082456,,"[0.43175487465181056, 0.0947075208913649, 0.4735376044568245]"
synthetic_3_1_3,synthetic,Bar chart,256,0.0,0.00018431254219643256,,"[0.5064935064935066, 0.01731601731601732, 0.4761904761904762]"
synthetic_3_1_3,synthetic,Bar chart,256,0.25,0.00012455812722899848,,"[0.5065502183406113, 0.017467248908296942, 0.47598253275109176]"
synthetic_3_1_3,synthetic,Bar chart,256,0.5,0.0043424351213716085,,"[0.5087719298245614, 0.013157894736842106, 0.4780701754385965]"
synthetic_3_1_3,synthetic,Bar chart,256,0.75,0.0043424351213716085,,"[0.5087719298245614, 0.013157894736842106, 0.4780701754385965]"
synthetic_3_1_3,synthetic,Pie chart,256,0.0,0.0017087755534039815,,"[0.50732421875, 0.018310546875, 0.474365234375]"
synthetic_3_1_3,synthetic,Pie chart,256,0.25,0.0017087755534039815,,"[0.50732421875, 0.018310546875, 0.474365234375]"
synthetic_3_1_3,synthetic,Pie chart,256,0.5,0.0036623181965960185,,"[0.503662109375, 0.0166015625, 0.479736328125]"
synthetic_3_1_3,synthetic,Pie chart,256,0.75,0.002644189680206594,,"[0.5046477495107632, 0.016634050880626222, 0.47871819960861056]"
synthetic_3_1_3,synthetic,Donut chart,256,0.0,0.0017087755534039815,,"[0.50732421875, 0.018310546875, 0.474365234375]"
synthetic_3_1_3,synthetic,Donut chart,256,0.25,0.0017087755534039815,,"[0.50732421875, 0.018310546875, 0.474365234375]"
synthetic_3_1_3,synthetic,Donut chart,256,0.5,0.0036623181965960185,,"[0.503662109375, 0.0166015625, 0.479736328125]"
synthetic_3_1_3,synthetic,Donut chart,256,0.75,0.002644189680206594,,"[0.5046477495107632, 0.016634050880626222, 0.47871819960861056]"
synthetic_3_1_3,synthetic,Stacked bar,256,0.0,0.00018431254219635103,,"[0.5064935064935064, 0.017316017316017316, 0.47619047619047616]"
synthetic_3_1_3,synthetic,Stacked bar,256,0.25,0.0021868596368134294,,"[0.5043478260869565, 0.017391304347826087, 0.4782608695652174]"
synthetic_3_1_3,synthetic,Stacked bar,256,0.5,0.004342435121371609,,"[0.5087719298245614, 0.013157894736842105, 0.4780701754385965]"
synthetic_3_1_3,synthetic,Stacked bar,256,0.75,0.004445470591076544,,"[0.5021645021645021, 0.017316017316017316, 0.4805194805194805]"
synthetic_3_1_3,synthetic,Bar chart,384,0.125,0.0006936071691380514,,"[0.5070028011204482, 0.01680672268907563, 0.47619047619047616]"
synthetic_3_1_3,synthetic,Bar chart,384,0.375,0.0006936071691380514,,"[0.5070028011204482, 0.01680672268907563, 0.47619047619047616]"
synthetic_3_1_3,synthetic,Bar chart,384,0.625,0.0006936071691380514,,"[0.5070028011204482, 0.01680672268907563, 0.47619047619047616]"
synthetic_3_1_3,synthetic,Bar chart,384,0.875,0.003455386037988944,,"[0.5084269662921348, 0.014044943820224717, 0.4775280898876404]"
synthetic_3_1_3,synthetic,Pie chart,384,0.125,0.0009763536784039815,,"[0.507080078125, 0.017822265625, 0.47509765625]"
synthetic_3_1_3,synthetic,Pie chart,384,0.375,0.0020486984558541546,,"[0.5052554387680274, 0.016621852847714495, 0.47812270838425813]"
synthetic_3_1_3,synthetic,Pie chart,384,0.625,0.0020486984558541546,,"[0.5052554387680274, 0.016621852847714495, 0.47812270838425813]"
synthetic_3_1_3,synthetic,Pie chart,384,0.875,0.001786988338382308,,"[0.504638671875, 0.017822265625, 0.4775390625]"
synthetic_3_1_3,synthetic,Donut chart,384,0.125,0.0009763536784039815,,"[0.507080078125, 0.017822265625, 0.47509765625]"
synthetic_3_1_3,synthetic,Donut chart,384,0.375,0.0020486984558541546,,"[0.5052554387680274, 0.016621852847714495, 0.47812270838425813]"
synthetic_3_1_3,synthetic,Donut chart,384,0.625,0.0020486984558541546,,"[0.5052554387680274, 0.016621852847714495, 0.47812270838425813]"
synthetic_3_1_3,synthetic,Donut chart,384,0.875,0.001786988338382308,,"[0.504638671875, 0.017822265625, 0.4775390625]"
synthetic_3_1_3,synthetic,Stacked bar,384,0.125,0.0007872379362081506,,"[0.5069637883008357, 0.016713091922005572, 0.4763231197771588]"
synthetic_3_1_3,synthetic,Stacked bar,384,0.375,0.0006936071691380514,,"[0.5070028011204482, 0.01680672268907563, 0.47619047619047616]"
synthetic_3_1_3,synthetic,Stacked bar,384,0.625,0.0006936071691380514,,"[0.5070028011204482, 0.01680672268907563, 0.47619047619047616]"
synthetic_3_1_3,synthetic,Stacked bar,384,0.875,0.0030346251690890214,,"[0.5041782729805014, 0.016713091922005572, 0.479108635097493]"
synthetic_3_5_0,synthetic,Bar chart,256,0.0,0.001226203183571653,,"[0.49565217391304345, 0.1956521739130435, 0.308695652173913]"
synthetic_3_5_0,synthetic,Bar chart,256,0.25,0.001226203183571653,,"[0.49565217391304345, 0.1956521739130435, 0.308695652173913]"
synthetic_3_5_0,synthetic,Bar chart,256,0.5,0.0031216229033848714,,"[0.5000000000000001, 0.1929824561403509, 0.3070175438596492]"
synthetic_3_5_0,synthetic,Bar chart,256,0.75,0.0031216229033848714,,"[0.5000000000000001, 0.1929824561403509, 0.3070175438596492]"
synthetic_3_5_0,synthetic,Pie chart,256,0.0,0.001705493035277228,,"[0.498046875, 0.195556640625, 0.306396484375]"
synthetic_3_5_0,synthetic,Pie chart,256,0.25,0.0005404864716151425,,"[0.496337890625, 0.195556640625, 0.30810546875]"
synthetic_3_5_0,synthetic,Pie chart,256,0.5,0.002487408747707587,,"[0.4954756664221081, 0.19393494741990708, 0.3105893861579848]"
synthetic_3_5_0,synthetic,Pie chart,256,0.75,0.0022494708466151425,,"[0.49462890625, 0.1953125, 0.31005859375]"
synthetic_3_5_0,synthetic,Donut chart,256,0.0,0.001705493035277228,,"[0.498046875, 0.195556640625, 0.306396484375]"
synthetic_3_5_0,synthetic,Donut chart,256,0.25,0.0005404864716151425,,"[0.496337890625, 0.195556640625, 0.30810546875]"
synthetic_3_5_0,synthetic,Donut chart,256,0.5,0.002487408747707587,,"[0.4954756664221081, 0.19393494741990708, 0.3105893861579848]"
synthetic_3_5_0,synthetic,Donut chart,256,0.75,0.0022494708466151425,,"[0.49462890625, 0.1953125, 0.31005859375]"
synthetic_3_5_0,synthetic,Stacked bar,256,0.0,0.003586334278034453,,"[0.4935064935064935, 0.19480519480519481, 0.3116883116883117]"
synthetic_3_5_0,synthetic,Stacked bar,256,0.25,0.001226203183571653,,"[0.4956521739130435, 0.1956521739130435, 0.30869565217391304]"
synthetic_3_5_0,synthetic,Stacked bar,256,0.5,0.001226203183571653,,"[0.4956521739130435, 0.1956521739130435, 0.30869565217391304]"
synthetic_3_5_0,synthetic,Stacked bar,256,0.75,0.00287990750184125,,"[0.4978165938864629, 0.19213973799126638, 0.31004366812227074]"
synthetic_3_5_0,synthetic,Bar chart,384,0.125,0.0008394075778749982,,"[0.4972067039106145, 0.19553072625698323, 0.3072625698324022]"
synthetic_3_5_0,synthetic,Bar chart,384,0.375,0.0008394075778749982,,"[0.4972067039106145, 0.19553072625698323, 0.3072625698324022]"
synthetic_3_5_0,synthetic,Bar chart,384,0.625,0.0011994207740065321,,"[0.4971910112359551, 0.19382022471910115, 0.30898876404494385]"
synthetic_3_5_0,synthetic,Bar chart,384,0.875,0.0017131721991594795,,"[0.49859154929577465, 0.1943661971830986, 0.3070422535211268]"
synthetic_3_5_0,synthetic,Pie chart,384,0.125,0.0014809170633434121,,"[0.49792328365502075, 0.19545565599804543, 0.3066210603469338]"
synthetic_3_5_0,synthetic,Pie chart,384,0.375,0.001956616339722772,,"[0.495361328125, 0.194580078125, 0.31005859375]"
synthetic_3_5_0,synthetic,Pie chart,384,0.625,0.001956616339722772,,"[0.495361328125, 0.194580078125, 0.31005859375]"
synthetic_3_5_0,synthetic,Pie chart,384,0.875,0.0013578123721720292,,"[0.4959667562943046, 0.19457345392324615, 0.30945978978244926]"
synthetic_3_5_0,synthetic,Donut chart,384,0.125,0.0014809170633434121,,"[0.49792328365502075, 0.19545565599804543, 0.3066210603469338]"
synthetic_3_5_0,synthetic,Donut chart,384,0.375,0.001956616339722772,,"[0.495361328125, 0.194580078125, 0.31005859375]"
synthetic_3_5_0,synthetic,Donut chart,384,0.625,0.001956616339722772,,"[0.495361328125, 0.194580078125, 0.31005859375]"
synthetic_3_5_0,synthetic,Donut chart,384,0.875,0.0013578123721720292,,"[0.4959667562943046, 0.19457345392324615, 0.30945978978244926]"
synthetic_3_5_0,synthetic,Stacked bar,384,0.125,0.0017423345687378883,,"[0.49859943977591037, 0.19327731092436976, 0.3081232492997199]"
synthetic_3_5_0,synthetic,Stacked bar,384,0.375,0.0024649692753860725,,"[0.49441340782122906, 0.19553072625698323, 0.3100558659217877]"
synthetic_3_5_0,synthetic,Stacked bar,384,0.625,0.0008394075778749704,,"[0.4972067039106145, 0.19553072625698323, 0.30726256983240224]"
synthetic_3_5_0,synthetic,Stacked bar,384,0.875,0.0010902231468258305,,"[0.4958217270194986, 0.19498607242339833, 0.30919220055710306]"
synthetic_3_5_1,synthetic,Bar chart,256,0.0,0.0021448329734473914,,"[0.3, 0.2956521739130435, 0.4043478260869565]"
synthetic_3_5_1,synthetic,Bar chart,256,0.25,0.0015372504966633949,,"[0.30131004366812225, 0.29694323144104806, 0.4017467248908297]"
synthetic_3_5_1,synthetic,Bar chart,256,0.5,0.0015372504966633949,,"[0.30131004366812225, 0.29694323144104806, 0.4017467248908297]"
synthetic_3_5_1,synthetic,Bar chart,256,0.75,0.0015463318215776234,,"[0.30263157894736836, 0.293859649122807, 0.40350877192982454]"
synthetic_3_5_1,synthetic,Pie chart,256,0.0,0.002058561082167981,,"[0.30224609375, 0.29736328125, 0.400390625]"
synthetic_3_5_1,synthetic,Pie chart,256,0.25,0.002058561082167981,,"[0.30224609375, 0.29736328125, 0.400390625]"
synthetic_3_5_1,synthetic,Pie chart,256,0.5,0.002394258144837874,,"[0.3011252446183953, 0.29403131115459885, 0.40484344422700586]"
synthetic_3_5_1,synthetic,Pie chart,256,0.75,0.003556673292832019,,"[0.300537109375, 0.29345703125, 0.406005859375]"
synthetic_3_5_1,synthetic,Donut chart,256,0.0,0.002058561082167981,,"[0.30224609375, 0.29736328125, 0.400390625]"
synthetic_3_5_1,synthetic,Donut chart,256,0.25,0.002058561082167981,,"[0.30224609375, 0.29736328125, 0.400390625]"
synthetic_3_5_1,synthetic,Donut chart,256,0.5,0.002394258144837874,,"[0.3011252446183953, 0.29403131115459885, 0.40484344422700586]"
synthetic_3_5_1,synthetic,Donut chart,256,0.75,0.003556673292832019,,"[0.300537109375, 0.29345703125, 0.406005859375]"
synthetic_3_5_1,synthetic,Stacked bar,256,0.0,0.004477220844238933,,"[0.2987012987012987, 0.2943722943722944, 0.4069264069264069]"
synthetic_3_5_1,synthetic,Stacked bar,256,0.25,0.0021448329734473914,,"[0.3, 0.2956521739130435, 0.4043478260869565]"
synthetic_3_5_1,synthetic,Stacked bar,256,0.5,0.0015372504966633949,,"[0.30131004366812225, 0.29694323144104806, 0.4017467248908297]"
synthetic_3_5_1,synthetic,Stacked bar,256,0.75,0.0021448329734473914,,"[0.3, 0.2956521739130435, 0.4043478260869565]"
synthetic_3_5_1,synthetic,Bar chart,384,0.125,0.000683404530475662,,"[0.3016759776536313, 0.2960893854748603, 0.40223463687150834]"
synthetic_3_5_1,synthetic,Bar chart,384,0.375,0.000683404530475662,,"[0.3016759776536313, 0.2960893854748603, 0.40223463687150834]"
synthetic_3_5_1,synthetic,Bar chart,384,0.625,0.000736382269222069,,"[0.30140845070422534, 0.295774647887324, 0.4028169014084507]"
synthetic_3_5_1,synthetic,Bar chart,384,0.875,0.000736382269222069,,"[0.30140845070422534, 0.295774647887324, 0.4028169014084507]"
synthetic_3_5_1,synthetic,Pie chart,384,0.125,0.0004650183226566351,,"[0.30173466894698264, 0.2958709992670413, 0.40239433178597606]"
synthetic_3_5_1,synthetic,Pie chart,384,0.375,0.0011152670428320188,,"[0.301513671875, 0.294921875, 0.403564453125]"
synthetic_3_5_1,synthetic,Pie chart,384,0.625,0.0011152670428320188,,"[0.301513671875, 0.294921875, 0.403564453125]"
synthetic_3_5_1,synthetic,Pie chart,384,0.875,0.0022097009639636955,,"[0.3022515907978463, 0.29319627998042097, 0.4045521292217327]"
synthetic_3_5_1,synthetic,Donut chart,384,0.125,0.0004650183226566351,,"[0.30173466894698264, 0.2958709992670413, 0.40239433178597606]"
synthetic_3_5_1,synthetic,Donut chart,384,0.375,0.0011152670428320188,,"[0.301513671875, 0.294921875, 0.403564453125]"
synthetic_3_5_1,synthetic,Donut chart,384,0.625,0.0011152670428320188,,"[0.301513671875, 0.294921875, 0.403564453125]"
synthetic_3_5_1,synthetic,Donut chart,384,0.875,0.0022097009639636955,,"[0.3022515907978463, 0.29319627998042097, 0.4045521292217327]"
synthetic_3_5_1,synthetic,Stacked bar,384,0.125,0.000683404530475662,,"[0.3016759776536313, 0.29608938547486036, 0.4022346368715084]"
synthetic_3_5_1,synthetic,Stacked bar,384,0.375,0.00326215140920158,,"[0.2988826815642458, 0.29608938547486036, 0.40502793296089384]"
synthetic_3_5_1,synthetic,Stacked bar,384,0.625,0.000683404530475662,,"[0.3016759776536313, 0.29608938547486036, 0.4022346368715084]"
synthetic_3_5_1,synthetic,Stacked bar,384,0.875,0.000683404530475662,,"[0.3016759776536313, 0.29608938547486036, 0.4022346368715084]"
synthetic_3_5_2,synthetic,Bar chart,256,0.0,0.0018566899992208674,,"[0.22173913043478258, 0.308695652173913, 0.4695652173913043]"
synthetic_3_5_2,synthetic,Bar chart,256,0.25,0.0012424359752910702,,"[0.222707423580786, 0.3100436681222707, 0.4672489082969432]"
synthetic_3_5_2,synthetic,Bar chart,256,0.5,0.0012424359752910702,,"[0.222707423580786, 0.3100436681222707, 0.4672489082969432]"
synthetic_3_5_2,synthetic,Bar chart,256,0.75,0.0017836882873305399,,"[0.22368421052631576, 0.3070175438596491, 0.46929824561403505]"
synthetic_3_5_2,synthetic,Pie chart,256,0.0,0.0013222717109368093,,"[0.22216796875, 0.30908203125, 0.46875]"
synthetic_3_5_2,synthetic,Pie chart,256,0.25,0.0009116523920835035,,"[0.22412109375, 0.30908203125, 0.466796875]"
synthetic_3_5_2,synthetic,Pie chart,256,0.5,0.0010781310859368093,,"[0.222412109375, 0.30908203125, 0.468505859375]"
synthetic_3_5_2,synthetic,Pie chart,256,0.75,0.0031533727058596916,,"[0.22306562193927523, 0.3060724779627816, 0.4708619000979432]"
synthetic_3_5_2,synthetic,Donut chart,256,0.0,0.0013222717109368093,,"[0.22216796875, 0.30908203125, 0.46875]"
synthetic_3_5_2,synthetic,Donut chart,256,0.25,0.0009116523920835035,,"[0.22412109375, 0.30908203125, 0.466796875]"
synthetic_3_5_2,synthetic,Donut chart,256,0.5,0.0010781310859368093,,"[0.222412109375, 0.30908203125, 0.468505859375]"
synthetic_3_5_2,synthetic,Donut chart,256,0.75,0.0031533727058596916,,"[0.22306562193927523, 0.3060724779627816, 0.4708619000979432]"
synthetic_3_5_2,synthetic,Stacked bar,256,0.0,0.004152944469388381,,"[0.22077922077922077, 0.30735930735930733, 0.47186147186147187]"
synthetic_3_5_2,synthetic,Stacked bar,256,0.25,0.0018566899992208535,,"[0.2217391304347826, 0.30869565217391304, 0.46956521739130436]"
synthetic_3_5_2,synthetic,Stacked bar,256,0.5,0.001242435975291084,,"[0.22270742358078602, 0.31004366812227074, 0.4672489082969432]"
synthetic_3_5_2,synthetic,Stacked bar,256,0.75,0.0018566899992208535,,"[0.2217391304347826, 0.30869565217391304, 0.46956521739130436]"
synthetic_3_5_2,synthetic,Bar chart,384,0.125,0.0012546337748080422,,"[0.22346368715083798, 0.3100558659217877, 0.4664804469273743]"
synthetic_3_5_2,synthetic,Bar chart,384,0.375,0.001580128101386205,,"[0.22191011235955055, 0.30898876404494374, 0.4691011235955056]"
synthetic_3_5_2,synthetic,Bar chart,384,0.625,0.001580128101386205,,"[0.22191011235955055, 0.30898876404494374, 0.4691011235955056]"
synthetic_3_5_2,synthetic,Bar chart,384,0.875,0.001580128101386205,,"[0.22191011235955055, 0.30898876404494374, 0.4691011235955056]"
synthetic_3_5_2,synthetic,Pie chart,384,0.125,0.0005898498359368093,,"[0.222900390625, 0.30908203125, 0.468017578125]"
synthetic_3_5_2,synthetic,Pie chart,384,0.375,0.0005898498359368093,,"[0.222900390625, 0.308837890625, 0.46826171875]"
synthetic_3_5_2,synthetic,Pie chart,384,0.625,0.0005898498359368093,,"[0.222900390625, 0.308837890625, 0.46826171875]"
synthetic_3_5_2,synthetic,Pie chart,384,0.875,0.0025063163579164965,,"[0.222900390625, 0.306884765625, 0.47021484375]"
synthetic_3_5_2,synthetic,Donut chart,384,0.125,0.0005898498359368093,,"[0.222900390625, 0.30908203125, 0.468017578125]"
synthetic_3_5_2,synthetic,Donut chart,384,0.375,0.0005898498359368093,,"[0.222900390625, 0.308837890625, 0.46826171875]"
synthetic_3_5_2,synthetic,Donut chart,384,0.625,0.0005898498359368093,,"[0.222900390625, 0.308837890625, 0.46826171875]"
synthetic_3_5_2,synthetic,Donut chart,384,0.875,0.0025063163579164965,,"[0.222900390625, 0.306884765625, 0.47021484375]"
synthetic_3_5_2,synthetic,Stacked bar,384,0.125,0.0006490148341958546,,"[0.22284122562674094, 0.30919220055710306, 0.467966573816156]"
synthetic_3_5_2,synthetic,Stacked bar,384,0.375,0.0015801281013862328,,"[0.22191011235955055, 0.3089887640449438, 0.4691011235955056]"
synthetic_3_5_2,synthetic,Stacked bar,384,0.625,0.002819849399484292,,"[0.2206703910614525, 0.3100558659217877, 0.4692737430167598]"
synthetic_3_5_2,synthetic,Stacked bar,384,0.875,0.0006490148341958546,,"[0.22284122562674094, 0.30919220055710306, 0.467966573816156]"
synthetic_3_5_3,synthetic,Bar chart,256,0.0,0.0021571343325182124,,"[0.22270742358078602, 0.5283842794759825, 0.24890829694323144]"
synthetic_3_5_3,synthetic,Bar chart,256,0.25,0.0021571343325182124,,"[0.22270742358078602, 0.5283842794759825, 0.24890829694323144]"
synthetic_3_5_3,synthetic,Bar chart,256,0.5,0.0021571343325182124,,"[0.22270742358078602, 0.5283842794759825, 0.24890829694323144]"
synthetic_3_5_3,synthetic,Bar chart,256,0.75,0.0021571343325182124,,"[0.22270742358078602, 0.5283842794759825, 0.24890829694323144]"
synthetic_3_5_3,synthetic,Pie chart,256,0.0,0.0014632912913640495,,"[0.22216796875, 0.527587890625, 0.250244140625]"
synthetic_3_5_3,synthetic,Pie chart,256,0.25,0.0014255273170057647,,"[0.22450476889214968, 0.5267791636096845, 0.2487160674981658]"
synthetic_3_5_3,synthetic,Pie chart,256,0.5,0.0018134393979271496,,"[0.2226295210166178, 0.5254154447702835, 0.2519550342130987]"
synthetic_3_5_3,synthetic,Pie chart,256,0.75,0.0035205145598284082,,"[0.222412109375, 0.52392578125, 0.253662109375]"
synthetic_3_5_3,synthetic,Donut chart,256,0.0,0.0014632912913640495,,"[0.22216796875, 0.527587890625, 0.250244140625]"
synthetic_3_5_3,synthetic,Donut chart,256,0.25,0.0014255273170057647,,"[0.22450476889214968, 0.5267791636096845, 0.2487160674981658]"
synthetic_3_5_3,synthetic,Donut chart,256,0.5,0.0018134393979271496,,"[0.2226295210166178, 0.5254154447702835, 0.2519550342130987]"
synthetic_3_5_3,synthetic,Donut chart,256,0.75,0.0035205145598284082,,"[0.222412109375, 0.52392578125, 0.253662109375]"
synthetic_3_5_3,synthetic,Stacked bar,256,0.0,0.005269660596083817,,"[0.22077922077922077, 0.5238095238095238, 0.2554112554112554]"
synthetic_3_5_3,synthetic,Stacked bar,256,0.25,0.0021571343325182124,,"[0.22270742358078602, 0.5283842794759825, 0.24890829694323144]"
synthetic_3_5_3,synthetic,Stacked bar,256,0.5,0.00420763746523134,,"[0.2217391304347826, 0.5304347826086957, 0.24782608695652175]"
synthetic_3_5_3,synthetic,Stacked bar,256,0.75,0.0020323182283066843,,"[0.2217391304347826, 0.5260869565217391, 0.25217391304347825]"
synthetic_3_5_3,synthetic,Bar chart,384,0.125,0.0017058157503904436,,"[0.22346368715083798, 0.5279329608938548, 0.24860335195530725]"
synthetic_3_5_3,synthetic,Bar chart,384,0.375,0.0008418749272164211,,"[0.22408963585434175, 0.5266106442577031, 0.24929971988795518]"
synthetic_3_5_3,synthetic,Bar chart,384,0.625,0.0018627424969850787,,"[0.22191011235955058, 0.5280898876404494, 0.25]"
synthetic_3_5_3,synthetic,Bar chart,384,0.875,0.0018627424969850787,,"[0.22191011235955058, 0.5280898876404494, 0.25]"
synthetic_3_5_3,synthetic,Pie chart,384,0.125,0.000872464231535669,,"[0.222900390625, 0.527099609375, 0.25]"
synthetic_3_5_3,synthetic,Pie chart,384,0.375,0.001263242712314358,,"[0.22306376740776937, 0.5255313950647447, 0.25140483752748594]"
synthetic_3_5_3,synthetic,Pie chart,384,0.625,0.001263242712314358,,"[0.22306376740776937, 0.5255313950647447, 0.25140483752748594]"
synthetic_3_5_3,synthetic,Pie chart,384,0.875,0.001324801393464331,,"[0.2236328125, 0.52490234375, 0.25146484375]"
synthetic_3_5_3,synthetic,Donut chart,384,0.125,0.000872464231535669,,"[0.222900390625, 0.527099609375, 0.25]"
synthetic_3_5_3,synthetic,Donut chart,384,0.375,0.001263242712314358,,"[0.22306376740776937, 0.5255313950647447, 0.25140483752748594]"
synthetic_3_5_3,synthetic,Donut chart,384,0.625,0.001263242712314358,,"[0.22306376740776937, 0.5255313950647447, 0.25140483752748594]"
synthetic_3_5_3,synthetic,Donut chart,384,0.875,0.001324801393464331,,"[0.2236328125, 0.52490234375, 0.25146484375]"
synthetic_3_5_3,synthetic,Stacked bar,384,0.125,0.001255053229521158,,"[0.22346368715083798, 0.5251396648044693, 0.25139664804469275]"
synthetic_3_5_3,synthetic,Stacked bar,384,0.375,0.0023427446352015935,,"[0.22128851540616246, 0.5266106442577031, 0.25210084033613445]"
synthetic_3_5_3,synthetic,Stacked bar,384,0.625,0.0017058157503904436,,"[0.22346368715083798, 0.5279329608938548, 0.24860335195530725]"
synthetic_3_5_3,synthetic,Stacked bar,384,0.875,0.0007900344146231225,,"[0.22284122562674094, 0.5264623955431755, 0.25069637883008355]"
synthetic_5_0.3_0,synthetic,Bar chart,256,0.0,0.0037813567629952833,,"[0.09130434782608696, 0.4173913043478261, 0.16956521739130434, 0.004347826086956522, 0.3173913043478261]"
synthetic_5_0.3_0,synthetic,Bar chart,256,0.25,0.005982108460239645,,"[0.09210526315789475, 0.4210526315789474, 0.17105263157894737, 0.0, 0.3157894736842105]"
synthetic_5_0.3_0,synthetic,Bar chart,256,0.5,0.007734174899141556,,"[0.09251101321585903, 0.42290748898678415, 0.16740088105726872, 0.0, 0.3171806167400881]"
synthetic_5_0.3_0,synthetic,Bar chart,256,0.75,0.007734174899141556,,"[0.09251101321585903, 0.42290748898678415, 0.16740088105726872, 0.0, 0.3171806167400881]"
synthetic_5_0.3_0,synthetic,Pie chart,256,0.0,0.0028560120793735227,,"[0.09175434303890384, 0.4181551260092978, 0.17103009542451675, 0.004159530217763641, 0.314900905309518]"
synthetic_5_0.3_0,synthetic,Pie chart,256,0.25,0.006568789252234107,,"[0.091552734375, 0.419189453125, 0.1748046875, 0.002197265625, 0.312255859375]"
synthetic_5_0.3_0,synthetic,Pie chart,256,0.5,0.002104065866043288,,"[0.09375, 0.417236328125, 0.1689453125, 0.004150390625, 0.31591796875]"
synthetic_5_0.3_0,synthetic,Pie chart,256,0.75,0.004176227686908347,,"[0.09375, 0.41455078125, 0.169921875, 0.004150390625, 0.317626953125]"
synthetic_5_0.3_0,synthetic,Donut chart,256,0.0,0.0028560120793735227,,"[0.09175434303890384, 0.4181551260092978, 0.17103009542451675, 0.004159530217763641, 0.314900905309518]"
synthetic_5_0.3_0,synthetic,Donut chart,256,0.25,0.006568789252234107,,"[0.091552734375, 0.419189453125, 0.1748046875, 0.002197265625, 0.312255859375]"
synthetic_5_0.3_0,synthetic,Donut chart,256,0.5,0.002104065866043288,,"[0.09375, 0.417236328125, 0.1689453125, 0.004150390625, 0.31591796875]"
synthetic_5_0.3_0,synthetic,Donut chart,256,0.75,0.004176227686908347,,"[0.09375, 0.41455078125, 0.169921875, 0.004150390625, 0.317626953125]"
synthetic_5_0.3_0,synthetic,Stacked bar,256,0.0,0.009460518943258826,,"[0.09090909090909091, 0.4155844155844156, 0.17316017316017315, 0.0, 0.3203463203463203]"
synthetic_5_0.3_0,synthetic,Stacked bar,256,0.25,0.004428792932152575,,"[0.09090909090909091, 0.4199134199134199, 0.16883116883116883, 0.004329004329004329, 0.31601731601731603]"
synthetic_5_0.3_0,synthetic,Stacked bar,256,0.5,0.006711031166367936,,"[0.09090909090909091, 0.4155844155844156, 0.16883116883116883, 0.004329004329004329, 0.3203463203463203]"
synthetic_5_0.3_0,synthetic,Stacked bar,256,0.75,0.006711031166367954,,"[0.09090909090909091, 0.4155844155844156, 0.16883116883116883, 0.008658008658008658, 0.31601731601731603]"
synthetic_5_0.3_0,synthetic,Bar chart,384,0.125,0.004340747043417784,,"[0.09243697478991596, 0.42016806722689076, 0.1680672268907563, 0.0028011204481792713, 0.3165266106442577]"
synthetic_5_0.3_0,synthetic,Bar chart,384,0.375,0.003601125352044602,,"[0.09269662921348314, 0.42134831460674155, 0.1685393258426966, 0.0028089887640449433, 0.3146067415730337]"
synthetic_5_0.3_0,synthetic,Bar chart,384,0.625,0.004934204765489676,,"[0.09322033898305085, 0.4209039548022599, 0.1694915254237288, 0.0, 0.3163841807909605]"
synthetic_5_0.3_0,synthetic,Bar chart,384,0.875,0.004934204765489676,,"[0.09322033898305085, 0.4209039548022599, 0.1694915254237288, 0.0, 0.3163841807909605]"
synthetic_5_0.3_0,synthetic,Pie chart,384,0.125,0.0022180291841466457,,"[0.09306301905227161, 0.41914997557401074, 0.1704934049829018, 0.0031753786028334147, 0.31411822178798243]"
synthetic_5_0.3_0,synthetic,Pie chart,384,0.375,0.002592347116043288,,"[0.093505859375, 0.416748046875, 0.169189453125, 0.003662109375, 0.31689453125]"
synthetic_5_0.3_0,synthetic,Pie chart,384,0.625,0.002592347116043288,,"[0.093505859375, 0.416748046875, 0.169189453125, 0.003662109375, 0.31689453125]"
synthetic_5_0.3_0,synthetic,Pie chart,384,0.875,0.0030145723117653497,,"[0.09375, 0.416748046875, 0.171630859375, 0.00244140625, 0.3154296875]"
synthetic_5_0.3_0,synthetic,Donut chart,384,0.125,0.0022180291841466457,,"[0.09306301905227161, 0.41914997557401074, 0.1704934049829018, 0.0031753786028334147, 0.31411822178798243]"
synthetic_5_0.3_0,synthetic,Donut chart,384,0.375,0.002592347116043288,,"[0.093505859375, 0.416748046875, 0.169189453125, 0.003662109375, 0.31689453125]"
synthetic_5_0.3_0,synthetic,Donut chart,384,0.625,0.002592347116043288,,"[0.093505859375, 0.416748046875, 0.169189453125, 0.003662109375, 0.31689453125]"
synthetic_5_0.3_0,synthetic,Donut chart,384,0.875,0.0030145723117653497,,"[0.09375, 0.416748046875, 0.171630859375, 0.00244140625, 0.3154296875]"
synthetic_5_0.3_0,synthetic,Stacked bar,384,0.125,0.0007308569480144118,,"[0.0947075208913649, 0.4178272980501393, 0.16991643454038996, 0.002785515320334262, 0.3147632311977716]"
synthetic_5_0.3_0,synthetic,Stacked bar,384,0.375,0.0034192064952611456,,"[0.09192200557103064, 0.4178272980501393, 0.16991643454038996, 0.002785515320334262, 0.31754874651810583]"
synthetic_5_0.3_0,synthetic,Stacked bar,384,0.625,0.007940998970151908,,"[0.09192200557103064, 0.415041782729805, 0.1671309192200557, 0.008356545961002786, 0.31754874651810583]"
synthetic_5_0.3_0,synthetic,Stacked bar,384,0.875,0.006204721815595421,,"[0.09192200557103064, 0.415041782729805, 0.17270194986072424, 0.002785515320334262, 0.31754874651810583]"
synthetic_5_0.3_1,synthetic,Bar chart,256,0.0,0.0035963420521130194,,"[0.09999999999999999, 0.1608695652173913, 0.4695652173913043, 0.030434782608695653, 0.23913043478260868]"
synthetic_5_0.3_1,synthetic,Bar chart,256,0.25,0.0030267578485816075,,"[0.10043668122270742, 0.1615720524017467, 0.4672489082969432, 0.03056768558951965, 0.24017467248908295]"
synthetic_5_0.3_1,synthetic,Bar chart,256,0.5,0.0043019317087492435,,"[0.1013215859030837, 0.15859030837004404, 0.4713656387665198, 0.030837004405286344, 0.23788546255506607]"
synthetic_5_0.3_1,synthetic,Bar chart,256,0.75,0.007040845225916257,,"[0.09734513274336283, 0.1592920353982301, 0.4734513274336284, 0.03097345132743363, 0.23893805309734514]"
synthetic_5_0.3_1,synthetic,Pie chart,256,0.0,0.0056167341580953475,,"[0.09814453125, 0.16064453125, 0.47265625, 0.03125, 0.2373046875]"
synthetic_5_0.3_1,synthetic,Pie chart,256,0.25,0.0033952773172294046,,"[0.100341796875, 0.159912109375, 0.470458984375, 0.03125, 0.238037109375]"
synthetic_5_0.3_1,synthetic,Pie chart,256,0.5,0.003604474963560887,,"[0.100341796875, 0.159912109375, 0.4658203125, 0.032958984375, 0.240966796875]"
synthetic_5_0.3_1,synthetic,Pie chart,256,0.75,0.003094482097540957,,"[0.1012472487160675, 0.16018586451455125, 0.4658840792369773, 0.031303497187576426, 0.2413793103448276]"
synthetic_5_0.3_1,synthetic,Donut chart,256,0.0,0.0056167341580953475,,"[0.09814453125, 0.16064453125, 0.47265625, 0.03125, 0.2373046875]"
synthetic_5_0.3_1,synthetic,Donut chart,256,0.25,0.0033952773172294046,,"[0.100341796875, 0.159912109375, 0.470458984375, 0.03125, 0.238037109375]"
synthetic_5_0.3_1,synthetic,Donut chart,256,0.5,0.003604474963560887,,"[0.100341796875, 0.159912109375, 0.4658203125, 0.032958984375, 0.240966796875]"
synthetic_5_0.3_1,synthetic,Donut chart,256,0.75,0.003094482097540957,,"[0.1012472487160675, 0.16018586451455125, 0.4658840792369773, 0.031303497187576426, 0.2413793103448276]"
synthetic_5_0.3_1,synthetic,Stacked bar,256,0.0,0.011063975098842264,,"[0.09956709956709957, 0.15584415584415584, 0.46320346320346323, 0.03896103896103896, 0.24242424242424243]"
synthetic_5_0.3_1,synthetic,Stacked bar,256,0.25,0.007393321396583424,,"[0.09523809523809523, 0.16017316017316016, 0.47186147186147187, 0.03463203463203463, 0.23809523809523808]"
synthetic_5_0.3_1,synthetic,Stacked bar,256,0.5,0.004350584942727387,,"[0.09956709956709957, 0.1645021645021645, 0.4675324675324675, 0.030303030303030304, 0.23809523809523808]"
synthetic_5_0.3_1,synthetic,Stacked bar,256,0.75,0.011063975098842261,,"[0.09956709956709957, 0.15584415584415584, 0.46320346320346323, 0.03463203463203463, 0.24675324675324675]"
synthetic_5_0.3_1,synthetic,Bar chart,384,0.125,0.002516633234268659,,"[0.10112359550561799, 0.1601123595505618, 0.4691011235955057, 0.030898876404494385, 0.23876404494382025]"
synthetic_5_0.3_1,synthetic,Bar chart,384,0.375,0.002516633234268659,,"[0.10112359550561799, 0.1601123595505618, 0.4691011235955057, 0.030898876404494385, 0.23876404494382025]"
synthetic_5_0.3_1,synthetic,Bar chart,384,0.625,0.002516633234268659,,"[0.10112359550561799, 0.1601123595505618, 0.4691011235955057, 0.030898876404494385, 0.23876404494382025]"
synthetic_5_0.3_1,synthetic,Bar chart,384,0.875,0.004087621835949951,,"[0.09887005649717515, 0.16101694915254236, 0.4689265536723164, 0.031073446327683614, 0.2401129943502825]"
synthetic_5_0.3_1,synthetic,Pie chart,384,0.125,0.0038835585672294046,,"[0.099365234375, 0.15966796875, 0.470947265625, 0.03173828125, 0.23828125]"
synthetic_5_0.3_1,synthetic,Pie chart,384,0.375,0.0016827146949427649,,"[0.100830078125, 0.160400390625, 0.467529296875, 0.03173828125, 0.239501953125]"
synthetic_5_0.3_1,synthetic,Pie chart,384,0.625,0.0016827146949427649,,"[0.100830078125, 0.160400390625, 0.467529296875, 0.03173828125, 0.239501953125]"
synthetic_5_0.3_1,synthetic,Pie chart,384,0.875,0.003391699069942765,,"[0.10009765625, 0.159423828125, 0.468017578125, 0.03173828125, 0.24072265625]"
synthetic_5_0.3_1,synthetic,Donut chart,384,0.125,0.0038835585672294046,,"[0.099365234375, 0.15966796875, 0.470947265625, 0.03173828125, 0.23828125]"
synthetic_5_0.3_1,synthetic,Donut chart,384,0.375,0.0016827146949427649,,"[0.100830078125, 0.160400390625, 0.467529296875, 0.03173828125, 0.239501953125]"
synthetic_5_0.3_1,synthetic,Donut chart,384,0.625,0.0016827146949427649,,"[0.100830078125, 0.160400390625, 0.467529296875, 0.03173828125, 0.239501953125]"
synthetic_5_0.3_1,synthetic,Donut chart,384,0.875,0.003391699069942765,,"[0.10009765625, 0.159423828125, 0.468017578125, 0.03173828125, 0.24072265625]"
synthetic_5_0.3_1,synthetic,Stacked bar,384,0.125,0.003111904605098392,,"[0.10027855153203342, 0.1615598885793872, 0.467966573816156, 0.03064066852367688, 0.2395543175487465]"
synthetic_5_0.3_1,synthetic,Stacked bar,384,0.375,0.005444710426652805,,"[0.10027855153203342, 0.15877437325905291, 0.46518105849582175, 0.033426183844011144, 0.24233983286908078]"
synthetic_5_0.3_1,synthetic,Stacked bar,384,0.625,0.005444710426652805,,"[0.10027855153203342, 0.15877437325905291, 0.46518105849582175, 0.033426183844011144, 0.24233983286908078]"
synthetic_5_0.3_1,synthetic,Stacked bar,384,0.875,0.0035620618647039144,,"[0.10027855153203342, 0.15877437325905291, 0.467966573816156, 0.033426183844011144, 0.2395543175487465]"
synthetic_5_0.3_2,synthetic,Bar chart,256,0.0,0.0033043838270974332,,"[0.0, 0.5260869565217391, 0.42173913043478256, 0.052173913043478265, 0.0]"
synthetic_5_0.3_2,synthetic,Bar chart,256,0.25,0.0033043838270974332,,"[0.0, 0.5260869565217391, 0.42173913043478256, 0.052173913043478265, 0.0]"
synthetic_5_0.3_2,synthetic,Bar chart,256,0.5,0.0029639186746866254,,"[0.0, 0.5263157894736842, 0.4210526315789474, 0.052631578947368425, 0.0]"
synthetic_5_0.3_2,synthetic,Bar chart,256,0.75,0.0029639186746866254,,"[0.0, 0.5263157894736842, 0.4210526315789474, 0.052631578947368425, 0.0]"
synthetic_5_0.3_2,synthetic,Pie chart,256,0.0,0.002137734467935343,,"[0.0, 0.52392578125, 0.419921875, 0.054443359375, 0.001708984375]"
synthetic_5_0.3_2,synthetic,Pie chart,256,0.25,0.00327280839193293,,"[0.0, 0.522216796875, 0.419921875, 0.054443359375, 0.00341796875]"
synthetic_5_0.3_2,synthetic,Pie chart,256,0.5,0.00327280839193293,,"[0.0, 0.522216796875, 0.419921875, 0.054443359375, 0.00341796875]"
synthetic_5_0.3_2,synthetic,Pie chart,256,0.75,0.00228786211535624,,"[0.0, 0.522216796875, 0.421875, 0.055908203125, 0.0]"
synthetic_5_0.3_2,synthetic,Donut chart,256,0.0,0.002137734467935343,,"[0.0, 0.52392578125, 0.419921875, 0.054443359375, 0.001708984375]"
synthetic_5_0.3_2,synthetic,Donut chart,256,0.25,0.00327280839193293,,"[0.0, 0.522216796875, 0.419921875, 0.054443359375, 0.00341796875]"
synthetic_5_0.3_2,synthetic,Donut chart,256,0.5,0.00327280839193293,,"[0.0, 0.522216796875, 0.419921875, 0.054443359375, 0.00341796875]"
synthetic_5_0.3_2,synthetic,Donut chart,256,0.75,0.00228786211535624,,"[0.0, 0.522216796875, 0.421875, 0.055908203125, 0.0]"
synthetic_5_0.3_2,synthetic,Stacked bar,256,0.0,0.002409200608365466,,"[0.0, 0.5238095238095238, 0.4199134199134199, 0.05627705627705628, 0.0]"
synthetic_5_0.3_2,synthetic,Stacked bar,256,0.25,0.0049171241913124565,,"[0.0, 0.5217391304347826, 0.4260869565217391, 0.05217391304347826, 0.0]"
synthetic_5_0.3_2,synthetic,Stacked bar,256,0.5,0.0060175408729935655,,"[0.0, 0.5194805194805194, 0.4199134199134199, 0.05627705627705628, 0.004329004329004329]"
synthetic_5_0.3_2,synthetic,Stacked bar,256,0.75,0.0060175408729935655,,"[0.0, 0.5194805194805194, 0.4199134199134199, 0.05627705627705628, 0.004329004329004329]"
synthetic_5_0.3_2,synthetic,Bar chart,384,0.125,0.002405671172251732,,"[0.0, 0.5251396648044693, 0.42178770949720673, 0.05307262569832402, 0.0]"
synthetic_5_0.3_2,synthetic,Bar chart,384,0.375,0.002107510353721826,,"[0.0, 0.5252808988764045, 0.4213483146067416, 0.05337078651685393, 0.0]"
synthetic_5_0.3_2,synthetic,Bar chart,384,0.625,0.002107510353721826,,"[0.0, 0.5252808988764045, 0.4213483146067416, 0.05337078651685393, 0.0]"
synthetic_5_0.3_2,synthetic,Bar chart,384,0.875,0.002107510353721826,,"[0.0, 0.5252808988764045, 0.4213483146067416, 0.05337078651685393, 0.0]"
synthetic_5_0.3_2,synthetic,Pie chart,384,0.125,0.0016114184814723237,,"[0.0, 0.5249632892804699, 0.4209495839451787, 0.05408712677435144, 0.0]"
synthetic_5_0.3_2,synthetic,Pie chart,384,0.375,0.00302866776693293,,"[0.0, 0.521240234375, 0.421142578125, 0.05517578125, 0.00244140625]"
synthetic_5_0.3_2,synthetic,Pie chart,384,0.625,0.00302866776693293,,"[0.0, 0.521240234375, 0.421142578125, 0.05517578125, 0.00244140625]"
synthetic_5_0.3_2,synthetic,Pie chart,384,0.875,0.002627367374614338,,"[0.0, 0.5218772916157419, 0.42287949156685406, 0.05524321681740406, 0.0]"
synthetic_5_0.3_2,synthetic,Donut chart,384,0.125,0.0016114184814723237,,"[0.0, 0.5249632892804699, 0.4209495839451787, 0.05408712677435144, 0.0]"
synthetic_5_0.3_2,synthetic,Donut chart,384,0.375,0.00302866776693293,,"[0.0, 0.521240234375, 0.421142578125, 0.05517578125, 0.00244140625]"
synthetic_5_0.3_2,synthetic,Donut chart,384,0.625,0.00302866776693293,,"[0.0, 0.521240234375, 0.421142578125, 0.05517578125, 0.00244140625]"
synthetic_5_0.3_2,synthetic,Donut chart,384,0.875,0.002627367374614338,,"[0.0, 0.5218772916157419, 0.42287949156685406, 0.05524321681740406, 0.0]"
synthetic_5_0.3_2,synthetic,Stacked bar,384,0.125,0.004170313047802447,,"[0.0, 0.520891364902507, 0.4206128133704735, 0.0584958217270195, 0.0]"
synthetic_5_0.3_2,synthetic,Stacked bar,384,0.375,0.0031481622023155137,,"[0.0, 0.5223463687150838, 0.42178770949720673, 0.05307262569832402, 0.002793296089385475]"
synthetic_5_0.3_2,synthetic,Stacked bar,384,0.625,0.00390730199395243,,"[0.0, 0.520891364902507, 0.4206128133704735, 0.055710306406685235, 0.002785515320334262]"
synthetic_5_0.3_2,synthetic,Stacked bar,384,0.875,0.0017098071513118214,,"[0.0, 0.5236768802228412, 0.4206128133704735, 0.055710306406685235, 0.0]"
synthetic_5_0.3_3,synthetic,Bar chart,256,0.0,0.004883736053855696,,"[0.49344978165938863, 0.0, 0.2794759825327511, 0.21397379912663758, 0.013100436681222708]"
synthetic_5_0.3_3,synthetic,Bar chart,256,0.25,0.0036110472884600567,,"[0.4912280701754386, 0.0, 0.2807017543859649, 0.2149122807017544, 0.013157894736842106]"
synthetic_5_0.3_3,synthetic,Bar chart,256,0.5,0.0036110472884600567,,"[0.4912280701754386, 0.0, 0.2807017543859649, 0.2149122807017544, 0.013157894736842106]"
synthetic_5_0.3_3,synthetic,Bar chart,256,0.75,0.005003514351257156,,"[0.4933920704845815, 0.0, 0.2819383259911894, 0.21145374449339208, 0.013215859030837005]"
synthetic_5_0.3_3,synthetic,Pie chart,256,0.0,0.002162718222925592,,"[0.48949169110459434, 0.001710654936461388, 0.28225806451612906, 0.21163245356793745, 0.014907135874877811]"
synthetic_5_0.3_3,synthetic,Pie chart,256,0.25,0.002498360907288552,,"[0.489013671875, 0.0, 0.282958984375, 0.213134765625, 0.014892578125]"
synthetic_5_0.3_3,synthetic,Pie chart,256,0.5,0.0034457693691239033,,"[0.4873046875, 0.0, 0.282958984375, 0.213134765625, 0.0166015625]"
synthetic_5_0.3_3,synthetic,Pie chart,256,0.75,0.0034457693691239033,,"[0.4873046875, 0.0, 0.282958984375, 0.213134765625, 0.0166015625]"
synthetic_5_0.3_3,synthetic,Donut chart,256,0.0,0.002162718222925592,,"[0.48949169110459434, 0.001710654936461388, 0.28225806451612906, 0.21163245356793745, 0.014907135874877811]"
synthetic_5_0.3_3,synthetic,Donut chart,256,0.25,0.002498360907288552,,"[0.489013671875, 0.0, 0.282958984375, 0.213134765625, 0.014892578125]"
synthetic_5_0.3_3,synthetic,Donut chart,256,0.5,0.0034457693691239033,,"[0.4873046875, 0.0, 0.282958984375, 0.213134765625, 0.0166015625]"
synthetic_5_0.3_3,synthetic,Donut chart,256,0.75,0.0034457693691239033,,"[0.4873046875, 0.0, 0.282958984375, 0.213134765625, 0.0166015625]"
synthetic_5_0.3_3,synthetic,Stacked bar,256,0.0,0.003908284484620899,,"[0.48917748917748916, 0.004329004329004329, 0.2813852813852814, 0.21212121212121213, 0.012987012987012988]"
synthetic_5_0.3_3,synthetic,Stacked bar,256,0.25,0.008569113071790714,,"[0.48484848484848486, 0.0, 0.2813852813852814, 0.22077922077922077, 0.012987012987012988]"
synthetic_5_0.3_3,synthetic,Stacked bar,256,0.5,0.0066849357496110064,,"[0.48484848484848486, 0.0, 0.2857142857142857, 0.21212121212121213, 0.017316017316017316]"
synthetic_5_0.3_3,synthetic,Stacked bar,256,0.75,0.0066849357496110064,,"[0.48484848484848486, 0.0, 0.2857142857142857, 0.21212121212121213, 0.017316017316017316]"
synthetic_5_0.3_3,synthetic,Bar chart,384,0.125,0.0027239982050774607,,"[0.4915730337078652, 0.0, 0.2808988764044944, 0.21348314606741572, 0.014044943820224719]"
synthetic_5_0.3_3,synthetic,Bar chart,384,0.375,0.0027239982050774607,,"[0.4915730337078652, 0.0, 0.2808988764044944, 0.21348314606741572, 0.014044943820224719]"
synthetic_5_0.3_3,synthetic,Bar chart,384,0.625,0.0027239982050774607,,"[0.4915730337078652, 0.0, 0.2808988764044944, 0.21348314606741572, 0.014044943820224719]"
synthetic_5_0.3_3,synthetic,Bar chart,384,0.875,0.004321005199429935,,"[0.4929577464788733, 0.0, 0.28169014084507044, 0.21126760563380284, 0.014084507042253521]"
synthetic_5_0.3_3,synthetic,Pie chart,384,0.125,0.001994476469307994,,"[0.489501953125, 0.0, 0.281982421875, 0.212158203125, 0.016357421875]"
synthetic_5_0.3_3,synthetic,Pie chart,384,0.375,0.002359105953236133,,"[0.48887802493277926, 0.0, 0.28110486433634807, 0.21241750183329258, 0.017599608897580055]"
synthetic_5_0.3_3,synthetic,Pie chart,384,0.625,0.002359105953236133,,"[0.48887802493277926, 0.0, 0.28110486433634807, 0.21241750183329258, 0.017599608897580055]"
synthetic_5_0.3_3,synthetic,Pie chart,384,0.875,0.0025751220069864275,,"[0.487060546875, 0.001220703125, 0.28173828125, 0.21337890625, 0.0166015625]"
synthetic_5_0.3_3,synthetic,Donut chart,384,0.125,0.001994476469307994,,"[0.489501953125, 0.0, 0.281982421875, 0.212158203125, 0.016357421875]"
synthetic_5_0.3_3,synthetic,Donut chart,384,0.375,0.002359105953236133,,"[0.48887802493277926, 0.0, 0.28110486433634807, 0.21241750183329258, 0.017599608897580055]"
synthetic_5_0.3_3,synthetic,Donut chart,384,0.625,0.002359105953236133,,"[0.48887802493277926, 0.0, 0.28110486433634807, 0.21241750183329258, 0.017599608897580055]"
synthetic_5_0.3_3,synthetic,Donut chart,384,0.875,0.0025751220069864275,,"[0.487060546875, 0.001220703125, 0.28173828125, 0.21337890625, 0.0166015625]"
synthetic_5_0.3_3,synthetic,Stacked bar,384,0.125,0.002931588941273567,,"[0.49025069637883006, 0.002785515320334262, 0.28133704735376047, 0.2116991643454039, 0.013927576601671309]"
synthetic_5_0.3_3,synthetic,Stacked bar,384,0.375,0.0032852758106280884,,"[0.48746518105849584, 0.0, 0.28133704735376047, 0.21448467966573817, 0.016713091922005572]"
synthetic_5_0.3_3,synthetic,Stacked bar,384,0.625,0.0032852758106280884,,"[0.48746518105849584, 0.0, 0.28133704735376047, 0.21448467966573817, 0.016713091922005572]"
synthetic_5_0.3_3,synthetic,Stacked bar,384,0.875,0.004490287315408256,,"[0.48746518105849584, 0.0, 0.2841225626740947, 0.2116991643454039, 0.016713091922005572]"
synthetic_5_1_0,synthetic,Bar chart,256,0.0,0.002928710868856984,,"[0.43478260869565216, 0.22608695652173913, 0.1782608695652174, 0.10869565217391304, 0.052173913043478265]"
synthetic_5_1_0,synthetic,Bar chart,256,0.25,0.002231149606251051,,"[0.43231441048034935, 0.2270742358078603, 0.1790393013100437, 0.1091703056768559, 0.052401746724890834]"
synthetic_5_1_0,synthetic,Bar chart,256,0.5,0.0061726662388635785,,"[0.43612334801762115, 0.22907488986784144, 0.18061674008810574, 0.10572687224669605, 0.048458149779735685]"
synthetic_5_1_0,synthetic,Bar chart,256,0.75,0.005884165152028525,,"[0.43805309734513276, 0.22566371681415928, 0.18141592920353986, 0.10619469026548674, 0.048672566371681415]"
synthetic_5_1_0,synthetic,Pie chart,256,0.0,0.0019031505441864903,,"[0.431884765625, 0.22705078125, 0.18212890625, 0.1083984375, 0.050537109375]"
synthetic_5_1_0,synthetic,Pie chart,256,0.25,0.0021232376411730765,,"[0.431884765625, 0.22509765625, 0.18212890625, 0.1083984375, 0.052490234375]"
synthetic_5_1_0,synthetic,Pie chart,256,0.5,0.0043205032661730765,,"[0.429931640625, 0.224853515625, 0.184326171875, 0.1083984375, 0.052490234375]"
synthetic_5_1_0,synthetic,Pie chart,256,0.75,0.0043205032661730765,,"[0.429931640625, 0.224853515625, 0.184326171875, 0.1083984375, 0.052490234375]"
synthetic_5_1_0,synthetic,Donut chart,256,0.0,0.0019031505441864903,,"[0.431884765625, 0.22705078125, 0.18212890625, 0.1083984375, 0.050537109375]"
synthetic_5_1_0,synthetic,Donut chart,256,0.25,0.0021232376411730765,,"[0.431884765625, 0.22509765625, 0.18212890625, 0.1083984375, 0.052490234375]"
synthetic_5_1_0,synthetic,Donut chart,256,0.5,0.0043205032661730765,,"[0.429931640625, 0.224853515625, 0.184326171875, 0.1083984375, 0.052490234375]"
synthetic_5_1_0,synthetic,Donut chart,256,0.75,0.0043205032661730765,,"[0.429931640625, 0.224853515625, 0.184326171875, 0.1083984375, 0.052490234375]"
synthetic_5_1_0,synthetic,Stacked bar,256,0.0,0.0015038156391249911,,"[0.4329004329004329, 0.22510822510822512, 0.18181818181818182, 0.10822510822510822, 0.05194805194805195]"
synthetic_5_1_0,synthetic,Stacked bar,256,0.25,0.013103658159701433,,"[0.42857142857142855, 0.22077922077922077, 0.1774891774891775, 0.11255411255411256, 0.06060606060606061]"
synthetic_5_1_0,synthetic,Stacked bar,256,0.5,0.008774653830697095,,"[0.42857142857142855, 0.22510822510822512, 0.1774891774891775, 0.11255411255411256, 0.05627705627705628]"
synthetic_5_1_0,synthetic,Stacked bar,256,0.75,0.005599335111411179,,"[0.42857142857142855, 0.22510822510822512, 0.18614718614718614, 0.10822510822510822, 0.05194805194805195]"
synthetic_5_1_0,synthetic,Bar chart,384,0.125,0.0028040262331266615,,"[0.4341736694677871, 0.22689075630252103, 0.1792717086834734, 0.1092436974789916, 0.05042016806722689]"
synthetic_5_1_0,synthetic,Bar chart,384,0.375,0.003895776668007764,,"[0.4353932584269663, 0.22752808988764048, 0.17977528089887643, 0.10674157303370788, 0.050561797752808994]"
synthetic_5_1_0,synthetic,Bar chart,384,0.625,0.0029462593393165364,,"[0.4338028169014085, 0.22816901408450707, 0.18028169014084508, 0.10704225352112677, 0.05070422535211268]"
synthetic_5_1_0,synthetic,Bar chart,384,0.875,0.0023613005438558633,,"[0.43502824858757067, 0.22598870056497175, 0.1807909604519774, 0.10734463276836158, 0.05084745762711865]"
synthetic_5_1_0,synthetic,Pie chart,384,0.125,0.0018790970161730765,,"[0.43212890625, 0.2255859375, 0.18115234375, 0.10791015625, 0.05322265625]"
synthetic_5_1_0,synthetic,Pie chart,384,0.375,0.0011064109132888807,,"[0.43212890625, 0.226806640625, 0.181396484375, 0.10791015625, 0.0517578125]"
synthetic_5_1_0,synthetic,Pie chart,384,0.625,0.0011064109132888807,,"[0.43212890625, 0.226806640625, 0.181396484375, 0.10791015625, 0.0517578125]"
synthetic_5_1_0,synthetic,Pie chart,384,0.875,0.004972837271598977,,"[0.4296875, 0.224365234375, 0.18359375, 0.109619140625, 0.052734375]"
synthetic_5_1_0,synthetic,Donut chart,384,0.125,0.0018790970161730765,,"[0.43212890625, 0.2255859375, 0.18115234375, 0.10791015625, 0.05322265625]"
synthetic_5_1_0,synthetic,Donut chart,384,0.375,0.0011064109132888807,,"[0.43212890625, 0.226806640625, 0.181396484375, 0.10791015625, 0.0517578125]"
synthetic_5_1_0,synthetic,Donut chart,384,0.625,0.0011064109132888807,,"[0.43212890625, 0.226806640625, 0.181396484375, 0.10791015625, 0.0517578125]"
synthetic_5_1_0,synthetic,Donut chart,384,0.875,0.004972837271598977,,"[0.4296875, 0.224365234375, 0.18359375, 0.109619140625, 0.052734375]"
synthetic_5_1_0,synthetic,Stacked bar,384,0.125,0.0016439560477131826,,"[0.43175487465181056, 0.22562674094707522, 0.181058495821727, 0.10863509749303621, 0.052924791086350974]"
synthetic_5_1_0,synthetic,Stacked bar,384,0.375,0.0038996506629714427,,"[0.4301675977653631, 0.22625698324022347, 0.18435754189944134, 0.10893854748603352, 0.05027932960893855]"
synthetic_5_1_0,synthetic,Stacked bar,384,0.625,0.0016439560477131826,,"[0.43175487465181056, 0.22562674094707522, 0.181058495821727, 0.10863509749303621, 0.052924791086350974]"
synthetic_5_1_0,synthetic,Stacked bar,384,0.875,0.007074404219583982,,"[0.43175487465181056, 0.22284122562674094, 0.17827298050139276, 0.10863509749303621, 0.0584958217270195]"
synthetic_5_1_1,synthetic,Bar chart,256,0.0,0.00226209885303974,,"[0.4260869565217391, 0.03913043478260869, 0.2782608695652174, 0.09130434782608696, 0.16521739130434782]"
synthetic_5_1_1,synthetic,Bar chart,256,0.25,0.00226209885303974,,"[0.4260869565217391, 0.03913043478260869, 0.2782608695652174, 0.09130434782608696, 0.16521739130434782]"
synthetic_5_1_1,synthetic,Bar chart,256,0.5,0.0046122298240781415,,"[0.4273127753303965, 0.039647577092511016, 0.28193832599118945, 0.0881057268722467, 0.16299559471365638]"
synthetic_5_1_1,synthetic,Bar chart,256,0.75,0.006472239613603308,,"[0.4311111111111111, 0.035555555555555556, 0.27999999999999997, 0.08888888888888889, 0.16444444444444442]"
synthetic_5_1_1,synthetic,Pie chart,256,0.0,0.0027111154932441123,,"[0.423828125, 0.038818359375, 0.281494140625, 0.09130859375, 0.16455078125]"
synthetic_5_1_1,synthetic,Pie chart,256,0.25,0.002954304547600029,,"[0.42444987775061127, 0.038386308068459656, 0.2819070904645477, 0.08997555012224939, 0.16528117359413202]"
synthetic_5_1_1,synthetic,Pie chart,256,0.5,0.005251037209637224,,"[0.423828125, 0.037841796875, 0.27783203125, 0.091796875, 0.168701171875]"
synthetic_5_1_1,synthetic,Pie chart,256,0.75,0.0025654903346372243,,"[0.423828125, 0.039306640625, 0.279052734375, 0.091796875, 0.166015625]"
synthetic_5_1_1,synthetic,Donut chart,256,0.0,0.0027111154932441123,,"[0.423828125, 0.038818359375, 0.281494140625, 0.09130859375, 0.16455078125]"
synthetic_5_1_1,synthetic,Donut chart,256,0.25,0.002954304547600029,,"[0.42444987775061127, 0.038386308068459656, 0.2819070904645477, 0.08997555012224939, 0.16528117359413202]"
synthetic_5_1_1,synthetic,Donut chart,256,0.5,0.005251037209637224,,"[0.423828125, 0.037841796875, 0.27783203125, 0.091796875, 0.168701171875]"
synthetic_5_1_1,synthetic,Donut chart,256,0.75,0.0025654903346372243,,"[0.423828125, 0.039306640625, 0.279052734375, 0.091796875, 0.166015625]"
synthetic_5_1_1,synthetic,Stacked bar,256,0.0,0.008822254403901286,,"[0.42424242424242425, 0.03463203463203463, 0.27705627705627706, 0.09090909090909091, 0.17316017316017315]"
synthetic_5_1_1,synthetic,Stacked bar,256,0.25,0.013151258732905628,,"[0.4199134199134199, 0.03463203463203463, 0.27705627705627706, 0.09956709956709957, 0.16883116883116883]"
synthetic_5_1_1,synthetic,Stacked bar,256,0.5,0.005378677865530281,,"[0.4199134199134199, 0.04329004329004329, 0.2813852813852814, 0.09090909090909091, 0.1645021645021645]"
synthetic_5_1_1,synthetic,Stacked bar,256,0.75,0.002202753412616408,,"[0.42424242424242425, 0.03896103896103896, 0.2813852813852814, 0.09090909090909091, 0.1645021645021645]"
synthetic_5_1_1,synthetic,Bar chart,384,0.125,0.0018149127389024342,,"[0.4257703081232493, 0.0392156862745098, 0.2801120448179272, 0.0896358543417367, 0.16526610644257703]"
synthetic_5_1_1,synthetic,Bar chart,384,0.375,0.0018149127389024342,,"[0.4257703081232493, 0.0392156862745098, 0.2801120448179272, 0.0896358543417367, 0.16526610644257703]"
synthetic_5_1_1,synthetic,Bar chart,384,0.625,0.0030694269507356223,,"[0.4281690140845071, 0.03943661971830986, 0.27887323943661974, 0.09014084507042254, 0.16338028169014085]"
synthetic_5_1_1,synthetic,Bar chart,384,0.875,0.003675649508552037,,"[0.4277620396600566, 0.036827195467422094, 0.2804532577903683, 0.0906515580736544, 0.16430594900849857]"
synthetic_5_1_1,synthetic,Pie chart,384,0.125,0.0015394591799701464,,"[0.42483500366658516, 0.04106575409435346, 0.2801271082864825, 0.09019799560009778, 0.16377413835248106]"
synthetic_5_1_1,synthetic,Pie chart,384,0.375,0.0013226811139203237,,"[0.42431640625, 0.0400390625, 0.27978515625, 0.090087890625, 0.165771484375]"
synthetic_5_1_1,synthetic,Pie chart,384,0.625,0.0013226811139203237,,"[0.42431640625, 0.0400390625, 0.27978515625, 0.090087890625, 0.165771484375]"
synthetic_5_1_1,synthetic,Pie chart,384,0.875,0.003299643470900851,,"[0.423095703125, 0.038818359375, 0.27978515625, 0.09130859375, 0.1669921875]"
synthetic_5_1_1,synthetic,Donut chart,384,0.125,0.0015394591799701464,,"[0.42483500366658516, 0.04106575409435346, 0.2801271082864825, 0.09019799560009778, 0.16377413835248106]"
synthetic_5_1_1,synthetic,Donut chart,384,0.375,0.0013226811139203237,,"[0.42431640625, 0.0400390625, 0.27978515625, 0.090087890625, 0.165771484375]"
synthetic_5_1_1,synthetic,Donut chart,384,0.625,0.0013226811139203237,,"[0.42431640625, 0.0400390625, 0.27978515625, 0.090087890625, 0.165771484375]"
synthetic_5_1_1,synthetic,Donut chart,384,0.875,0.003299643470900851,,"[0.423095703125, 0.038818359375, 0.27978515625, 0.09130859375, 0.1669921875]"
synthetic_5_1_1,synthetic,Stacked bar,384,0.125,0.0031674340430352214,,"[0.4233983286908078, 0.03899721448467967, 0.28133704735376047, 0.09192200557103064, 0.16434540389972144]"
synthetic_5_1_1,synthetic,Stacked bar,384,0.375,0.005221759393046661,,"[0.4233983286908078, 0.03899721448467967, 0.2785515320334262, 0.08913649025069638, 0.16991643454038996]"
synthetic_5_1_1,synthetic,Stacked bar,384,0.625,0.005221759393046661,,"[0.4233983286908078, 0.03899721448467967, 0.2785515320334262, 0.08913649025069638, 0.16991643454038996]"
synthetic_5_1_1,synthetic,Stacked bar,384,0.875,0.004155186373345391,,"[0.4233983286908078, 0.03899721448467967, 0.2785515320334262, 0.0947075208913649, 0.16434540389972144]"
synthetic_5_1_2,synthetic,Bar chart,256,0.0,0.0029599779106885687,,"[0.3930131004366812, 0.21397379912663755, 0.09606986899563318, 0.2096069868995633, 0.08733624454148471]"
synthetic_5_1_2,synthetic,Bar chart,256,0.25,0.0029599779106885687,,"[0.3930131004366812, 0.21397379912663755, 0.09606986899563318, 0.2096069868995633, 0.08733624454148471]"
synthetic_5_1_2,synthetic,Bar chart,256,0.5,0.0025364942818717207,,"[0.3903508771929825, 0.21491228070175442, 0.09649122807017545, 0.21052631578947373, 0.08771929824561404]"
synthetic_5_1_2,synthetic,Bar chart,256,0.75,0.003292186110962776,,"[0.39207048458149785, 0.2114537444933921, 0.09691629955947137, 0.2114537444933921, 0.0881057268722467]"
synthetic_5_1_2,synthetic,Pie chart,256,0.0,0.00371029488747579,,"[0.388427734375, 0.213134765625, 0.101806640625, 0.208740234375, 0.087890625]"
synthetic_5_1_2,synthetic,Pie chart,256,0.25,0.003819455427193516,,"[0.388427734375, 0.212646484375, 0.101806640625, 0.208740234375, 0.08837890625]"
synthetic_5_1_2,synthetic,Pie chart,256,0.5,0.0037918750561035525,,"[0.388427734375, 0.2119140625, 0.098876953125, 0.2119140625, 0.0888671875]"
synthetic_5_1_2,synthetic,Pie chart,256,0.75,0.004971084726875449,,"[0.38937836514929025, 0.21071953010279001, 0.09716103768967205, 0.21194322075379343, 0.09079784630445423]"
synthetic_5_1_2,synthetic,Donut chart,256,0.0,0.00371029488747579,,"[0.388427734375, 0.213134765625, 0.101806640625, 0.208740234375, 0.087890625]"
synthetic_5_1_2,synthetic,Donut chart,256,0.25,0.003819455427193516,,"[0.388427734375, 0.212646484375, 0.101806640625, 0.208740234375, 0.08837890625]"
synthetic_5_1_2,synthetic,Donut chart,256,0.5,0.0037918750561035525,,"[0.388427734375, 0.2119140625, 0.098876953125, 0.2119140625, 0.0888671875]"
synthetic_5_1_2,synthetic,Donut chart,256,0.75,0.004971084726875449,,"[0.38937836514929025, 0.21071953010279001, 0.09716103768967205, 0.21194322075379343, 0.09079784630445423]"
synthetic_5_1_2,synthetic,Stacked bar,256,0.0,0.006968349527812959,,"[0.38961038961038963, 0.21212121212121213, 0.09523809523809523, 0.2077922077922078, 0.09523809523809523]"
synthetic_5_1_2,synthetic,Stacked bar,256,0.25,0.013918329356939457,,"[0.3852813852813853, 0.2077922077922078, 0.09523809523809523, 0.22077922077922077, 0.09090909090909091]"
synthetic_5_1_2,synthetic,Stacked bar,256,0.5,0.008439103357388317,,"[0.3852813852813853, 0.21212121212121213, 0.1038961038961039, 0.2077922077922078, 0.09090909090909091]"
synthetic_5_1_2,synthetic,Stacked bar,256,0.75,0.004110099028383975,,"[0.38961038961038963, 0.21212121212121213, 0.09956709956709957, 0.2077922077922078, 0.09090909090909091]"
synthetic_5_1_2,synthetic,Bar chart,384,0.125,0.002008853394616303,,"[0.392156862745098, 0.21288515406162462, 0.0980392156862745, 0.21008403361344538, 0.08683473389355742]"
synthetic_5_1_2,synthetic,Bar chart,384,0.375,0.003781821784885106,,"[0.3932584269662921, 0.2134831460674157, 0.09550561797752807, 0.21067415730337077, 0.08707865168539325]"
synthetic_5_1_2,synthetic,Bar chart,384,0.625,0.0032109608372580256,,"[0.3926553672316384, 0.21468926553672316, 0.096045197740113, 0.20903954802259886, 0.08757062146892655]"
synthetic_5_1_2,synthetic,Bar chart,384,0.875,0.0032109608372580256,,"[0.3926553672316384, 0.21468926553672316, 0.096045197740113, 0.20903954802259886, 0.08757062146892655]"
synthetic_5_1_2,synthetic,Pie chart,384,0.125,0.0016429708920892225,,"[0.3900830483634587, 0.21348314606741572, 0.09965803615046409, 0.20859794821690278, 0.08817782120175867]"
synthetic_5_1_2,synthetic,Pie chart,384,0.375,0.0014483860125457243,,"[0.3900830483634587, 0.21299462628236443, 0.09770395701025891, 0.20981924767953103, 0.0893991206643869]"
synthetic_5_1_2,synthetic,Pie chart,384,0.625,0.0014483860125457243,,"[0.3900830483634587, 0.21299462628236443, 0.09770395701025891, 0.20981924767953103, 0.0893991206643869]"
synthetic_5_1_2,synthetic,Pie chart,384,0.875,0.0035477344311035525,,"[0.388671875, 0.2119140625, 0.099853515625, 0.209716796875, 0.08984375]"
synthetic_5_1_2,synthetic,Donut chart,384,0.125,0.0016429708920892225,,"[0.3900830483634587, 0.21348314606741572, 0.09965803615046409, 0.20859794821690278, 0.08817782120175867]"
synthetic_5_1_2,synthetic,Donut chart,384,0.375,0.0014483860125457243,,"[0.3900830483634587, 0.21299462628236443, 0.09770395701025891, 0.20981924767953103, 0.0893991206643869]"
synthetic_5_1_2,synthetic,Donut chart,384,0.625,0.0014483860125457243,,"[0.3900830483634587, 0.21299462628236443, 0.09770395701025891, 0.20981924767953103, 0.0893991206643869]"
synthetic_5_1_2,synthetic,Donut chart,384,0.875,0.0035477344311035525,,"[0.388671875, 0.2119140625, 0.099853515625, 0.209716796875, 0.08984375]"
synthetic_5_1_2,synthetic,Stacked bar,384,0.125,0.003281741801785712,,"[0.38997214484679665, 0.21448467966573817, 0.09749303621169916, 0.2116991643454039, 0.08635097493036212]"
synthetic_5_1_2,synthetic,Stacked bar,384,0.375,0.005247878059237265,,"[0.3871866295264624, 0.2116991643454039, 0.10027855153203342, 0.2116991643454039, 0.08913649025069638]"
synthetic_5_1_2,synthetic,Stacked bar,384,0.625,0.0036522598607483803,,"[0.38997214484679665, 0.2116991643454039, 0.09749303621169916, 0.20891364902506965, 0.09192200557103064]"
synthetic_5_1_2,synthetic,Stacked bar,384,0.875,0.006437775181082635,,"[0.38997214484679665, 0.20891364902506965, 0.09749303621169916, 0.20891364902506965, 0.0947075208913649]"
synthetic_5_1_3,synthetic,Bar chart,256,0.0,0.003215304844759917,,"[0.21739130434782608, 0.021739130434782608, 0.11304347826086956, 0.1826086956521739, 0.46521739130434786]"
synthetic_5_1_3,synthetic,Bar chart,256,0.25,0.00423807820137174,,"[0.21397379912663755, 0.021834061135371178, 0.11353711790393013, 0.1834061135371179, 0.4672489082969432]"
synthetic_5_1_3,synthetic,Bar chart,256,0.5,0.004532808398137522,,"[0.21585903083700442, 0.017621145374449337, 0.1145374449339207, 0.18502202643171806, 0.46696035242290745]"
synthetic_5_1_3,synthetic,Bar chart,256,0.75,0.007944215461461596,,"[0.2168141592920354, 0.017699115044247787, 0.11061946902654868, 0.18584070796460178, 0.4690265486725664]"
synthetic_5_1_3,synthetic,Pie chart,256,0.0,0.004459331418321853,,"[0.21404109589041095, 0.02054794520547945, 0.11692759295499021, 0.18639921722113503, 0.46208414872798437]"
synthetic_5_1_3,synthetic,Pie chart,256,0.25,0.0023199695699216566,,"[0.21484375, 0.0205078125, 0.115478515625, 0.18408203125, 0.465087890625]"
synthetic_5_1_3,synthetic,Pie chart,256,0.5,0.003429335793511998,,"[0.21484375, 0.0205078125, 0.11376953125, 0.18408203125, 0.466796875]"
synthetic_5_1_3,synthetic,Pie chart,256,0.75,0.0023199695699216566,,"[0.21484375, 0.0205078125, 0.11572265625, 0.18408203125, 0.46484375]"
synthetic_5_1_3,synthetic,Donut chart,256,0.0,0.004459331418321853,,"[0.21404109589041095, 0.02054794520547945, 0.11692759295499021, 0.18639921722113503, 0.46208414872798437]"
synthetic_5_1_3,synthetic,Donut chart,256,0.25,0.0023199695699216566,,"[0.21484375, 0.0205078125, 0.115478515625, 0.18408203125, 0.465087890625]"
synthetic_5_1_3,synthetic,Donut chart,256,0.5,0.003429335793511998,,"[0.21484375, 0.0205078125, 0.11376953125, 0.18408203125, 0.466796875]"
synthetic_5_1_3,synthetic,Donut chart,256,0.75,0.0023199695699216566,,"[0.21484375, 0.0205078125, 0.11572265625, 0.18408203125, 0.46484375]"
synthetic_5_1_3,synthetic,Stacked bar,256,0.0,0.0025823108882894862,,"[0.21645021645021645, 0.021645021645021644, 0.11255411255411256, 0.18614718614718614, 0.46320346320346323]"
synthetic_5_1_3,synthetic,Stacked bar,256,0.25,0.008234302632692208,,"[0.21212121212121213, 0.017316017316017316, 0.11688311688311688, 0.18614718614718614, 0.4675324675324675]"
synthetic_5_1_3,synthetic,Stacked bar,256,0.5,0.006491202809519562,,"[0.21212121212121213, 0.021645021645021644, 0.11255411255411256, 0.18614718614718614, 0.4675324675324675]"
synthetic_5_1_3,synthetic,Stacked bar,256,0.75,0.008234302632692208,,"[0.21212121212121213, 0.017316017316017316, 0.11688311688311688, 0.18614718614718614, 0.4675324675324675]"
synthetic_5_1_3,synthetic,Bar chart,384,0.125,0.002410373521103043,,"[0.21568627450980393, 0.0196078431372549, 0.11484593837535013, 0.18487394957983194, 0.4649859943977591]"
synthetic_5_1_3,synthetic,Bar chart,384,0.375,0.0042403276221457085,,"[0.21629213483146068, 0.019662921348314606, 0.11235955056179775, 0.1853932584269663, 0.4662921348314607]"
synthetic_5_1_3,synthetic,Bar chart,384,0.625,0.0047584230699922615,,"[0.21690140845070421, 0.019718309859154928, 0.11267605633802816, 0.18309859154929575, 0.4676056338028169]"
synthetic_5_1_3,synthetic,Bar chart,384,0.875,0.0041085031979029175,,"[0.21529745042492918, 0.019830028328611898, 0.11331444759206798, 0.18413597733711046, 0.46742209631728043]"
synthetic_5_1_3,synthetic,Pie chart,384,0.125,0.0033786149921966185,,"[0.21435546875, 0.020263671875, 0.11669921875, 0.185546875, 0.463134765625]"
synthetic_5_1_3,synthetic,Pie chart,384,0.375,0.0024706602291347385,,"[0.215576171875, 0.020263671875, 0.115234375, 0.183349609375, 0.465576171875]"
synthetic_5_1_3,synthetic,Pie chart,384,0.625,0.0024706602291347385,,"[0.215576171875, 0.020263671875, 0.115234375, 0.183349609375, 0.465576171875]"
synthetic_5_1_3,synthetic,Pie chart,384,0.875,0.003791836295466991,,"[0.21435546875, 0.021484375, 0.116455078125, 0.18212890625, 0.465576171875]"
synthetic_5_1_3,synthetic,Donut chart,384,0.125,0.0033786149921966185,,"[0.21435546875, 0.020263671875, 0.11669921875, 0.185546875, 0.463134765625]"
synthetic_5_1_3,synthetic,Donut chart,384,0.375,0.0024706602291347385,,"[0.215576171875, 0.020263671875, 0.115234375, 0.183349609375, 0.465576171875]"
synthetic_5_1_3,synthetic,Donut chart,384,0.625,0.0024706602291347385,,"[0.215576171875, 0.020263671875, 0.115234375, 0.183349609375, 0.465576171875]"
synthetic_5_1_3,synthetic,Donut chart,384,0.875,0.003791836295466991,,"[0.21435546875, 0.021484375, 0.116455078125, 0.18212890625, 0.465576171875]"
synthetic_5_1_3,synthetic,Stacked bar,384,0.125,0.0038328153039954693,,"[0.21448467966573817, 0.019498607242339833, 0.116991643454039, 0.18384401114206128, 0.46518105849582175]"
synthetic_5_1_3,synthetic,Stacked bar,384,0.375,0.004505584643881058,,"[0.21448467966573817, 0.019498607242339833, 0.11420612813370473, 0.18384401114206128, 0.467966573816156]"
synthetic_5_1_3,synthetic,Stacked bar,384,0.625,0.004505584643881058,,"[0.21448467966573817, 0.019498607242339833, 0.11420612813370473, 0.18384401114206128, 0.467966573816156]"
synthetic_5_1_3,synthetic,Stacked bar,384,0.875,0.0035411656821888477,,"[0.21448467966573817, 0.022284122562674095, 0.11420612813370473, 0.18662952646239556, 0.4623955431754875]"
synthetic_5_5_0,synthetic,Bar chart,256,0.0,0.002232999203324315,,"[0.27074235807860264, 0.08733624454148471, 0.14410480349344978, 0.24890829694323144, 0.24890829694323144]"
synthetic_5_5_0,synthetic,Bar chart,256,0.25,0.002232999203324315,,"[0.27074235807860264, 0.08733624454148471, 0.14410480349344978, 0.24890829694323144, 0.24890829694323144]"
synthetic_5_5_0,synthetic,Bar chart,256,0.5,0.0020412906708377407,,"[0.2719298245614035, 0.08771929824561403, 0.14473684210526316, 0.25, 0.2456140350877193]"
synthetic_5_5_0,synthetic,Bar chart,256,0.75,0.0066865603715646205,,"[0.27111111111111114, 0.08444444444444445, 0.14222222222222222, 0.25333333333333335, 0.2488888888888889]"
synthetic_5_5_0,synthetic,Pie chart,256,0.0,0.0040310241822284765,,"[0.2690144289557349, 0.08681829298116898, 0.14820249449743214, 0.2504279775006114, 0.24553680606505257]"
synthetic_5_5_0,synthetic,Pie chart,256,0.25,0.004683882336768745,,"[0.2685546875, 0.08837890625, 0.149658203125, 0.248291015625, 0.2451171875]"
synthetic_5_5_0,synthetic,Pie chart,256,0.5,0.0034177037379819544,,"[0.2685546875, 0.086669921875, 0.146240234375, 0.25, 0.24853515625]"
synthetic_5_5_0,synthetic,Pie chart,256,0.75,0.002547800035538013,,"[0.270263671875, 0.086669921875, 0.14453125, 0.25, 0.24853515625]"
synthetic_5_5_0,synthetic,Donut chart,256,0.0,0.0040310241822284765,,"[0.2690144289557349, 0.08681829298116898, 0.14820249449743214, 0.2504279775006114, 0.24553680606505257]"
synthetic_5_5_0,synthetic,Donut chart,256,0.25,0.004683882336768745,,"[0.2685546875, 0.08837890625, 0.149658203125, 0.248291015625, 0.2451171875]"
synthetic_5_5_0,synthetic,Donut chart,256,0.5,0.0034177037379819544,,"[0.2685546875, 0.086669921875, 0.146240234375, 0.25, 0.24853515625]"
synthetic_5_5_0,synthetic,Donut chart,256,0.75,0.002547800035538013,,"[0.270263671875, 0.086669921875, 0.14453125, 0.25, 0.24853515625]"
synthetic_5_5_0,synthetic,Stacked bar,256,0.0,0.010506150279044502,,"[0.2683982683982684, 0.08225108225108226, 0.14285714285714285, 0.2554112554112554, 0.2510822510822511]"
synthetic_5_5_0,synthetic,Stacked bar,256,0.25,0.007997954781587532,,"[0.26406926406926406, 0.08658008658008658, 0.15151515151515152, 0.2510822510822511, 0.24675324675324675]"
synthetic_5_5_0,synthetic,Stacked bar,256,0.5,0.004742011057006841,,"[0.2683982683982684, 0.09090909090909091, 0.1471861471861472, 0.24675324675324675, 0.24675324675324675]"
synthetic_5_5_0,synthetic,Stacked bar,256,0.75,0.010506150279044502,,"[0.2683982683982684, 0.08225108225108226, 0.14285714285714285, 0.2510822510822511, 0.2554112554112554]"
synthetic_5_5_0,synthetic,Bar chart,384,0.125,0.001407802103544846,,"[0.27170868347338933, 0.08683473389355742, 0.14565826330532214, 0.24929971988795518, 0.2464985994397759]"
synthetic_5_5_0,synthetic,Bar chart,384,0.375,0.002604193081312642,,"[0.27042253521126763, 0.08732394366197184, 0.14366197183098592, 0.2507042253521127, 0.24788732394366197]"
synthetic_5_5_0,synthetic,Bar chart,384,0.625,0.002604193081312642,,"[0.27042253521126763, 0.08732394366197184, 0.14366197183098592, 0.2507042253521127, 0.24788732394366197]"
synthetic_5_5_0,synthetic,Bar chart,384,0.875,0.00235635548092529,,"[0.27118644067796616, 0.08757062146892657, 0.1440677966101695, 0.24858757062146894, 0.24858757062146894]"
synthetic_5_5_0,synthetic,Pie chart,384,0.125,0.0029294224879819544,,"[0.268798828125, 0.0869140625, 0.1474609375, 0.25, 0.246826171875]"
synthetic_5_5_0,synthetic,Pie chart,384,0.375,0.002265198428797001,,"[0.27001953125, 0.0869140625, 0.14501953125, 0.2490234375, 0.2490234375]"
synthetic_5_5_0,synthetic,Pie chart,384,0.625,0.002265198428797001,,"[0.27001953125, 0.0869140625, 0.14501953125, 0.2490234375, 0.2490234375]"
synthetic_5_5_0,synthetic,Pie chart,384,0.875,0.004150125612981954,,"[0.268798828125, 0.085693359375, 0.146484375, 0.25, 0.2490234375]"
synthetic_5_5_0,synthetic,Donut chart,384,0.125,0.0029294224879819544,,"[0.268798828125, 0.0869140625, 0.1474609375, 0.25, 0.246826171875]"
synthetic_5_5_0,synthetic,Donut chart,384,0.375,0.002265198428797001,,"[0.27001953125, 0.0869140625, 0.14501953125, 0.2490234375, 0.2490234375]"
synthetic_5_5_0,synthetic,Donut chart,384,0.625,0.002265198428797001,,"[0.27001953125, 0.0869140625, 0.14501953125, 0.2490234375, 0.2490234375]"
synthetic_5_5_0,synthetic,Donut chart,384,0.875,0.004150125612981954,,"[0.268798828125, 0.085693359375, 0.146484375, 0.25, 0.2490234375]"
synthetic_5_5_0,synthetic,Stacked bar,384,0.125,0.0023062183235675188,,"[0.27019498607242337, 0.08913649025069638, 0.14484679665738162, 0.2479108635097493, 0.2479108635097493]"
synthetic_5_5_0,synthetic,Stacked bar,384,0.375,0.005405401445705137,,"[0.26740947075208915, 0.08635097493036212, 0.14484679665738162, 0.25348189415041783, 0.2479108635097493]"
synthetic_5_5_0,synthetic,Stacked bar,384,0.625,0.005405401445705123,,"[0.26740947075208915, 0.08635097493036212, 0.14484679665738162, 0.25069637883008355, 0.25069637883008355]"
synthetic_5_5_0,synthetic,Stacked bar,384,0.875,0.00393813975888057,,"[0.27019498607242337, 0.08635097493036212, 0.14484679665738162, 0.2479108635097493, 0.25069637883008355]"
synthetic_5_5_1,synthetic,Bar chart,256,0.0,0.0019278417380332868,,"[0.19650655021834063, 0.30131004366812225, 0.25327510917030566, 0.1615720524017467, 0.08733624454148471]"
synthetic_5_5_1,synthetic,Bar chart,256,0.25,0.0019278417380332868,,"[0.19650655021834063, 0.30131004366812225, 0.25327510917030566, 0.1615720524017467, 0.08733624454148471]"
synthetic_5_5_1,synthetic,Bar chart,256,0.5,0.0019278417380332868,,"[0.19650655021834063, 0.30131004366812225, 0.25327510917030566, 0.1615720524017467, 0.08733624454148471]"
synthetic_5_5_1,synthetic,Bar chart,256,0.75,0.006009549155349667,,"[0.19469026548672566, 0.3008849557522124, 0.25663716814159293, 0.16371681415929204, 0.084070796460177]"
synthetic_5_5_1,synthetic,Pie chart,256,0.0,0.0037608889011019123,,"[0.19417950599168501, 0.30007336757153336, 0.25605282465150403, 0.16067498165810712, 0.08901932012717045]"
synthetic_5_5_1,synthetic,Pie chart,256,0.25,0.003944844105983079,,"[0.194091796875, 0.298828125, 0.257080078125, 0.1611328125, 0.0888671875]"
synthetic_5_5_1,synthetic,Pie chart,256,0.5,0.00178180945759384,,"[0.19580078125, 0.298828125, 0.253662109375, 0.162841796875, 0.0888671875]"
synthetic_5_5_1,synthetic,Pie chart,256,0.75,0.002471686575845601,,"[0.1961839530332681, 0.2974559686888454, 0.25415851272015655, 0.16316046966731898, 0.08904109589041095]"
synthetic_5_5_1,synthetic,Donut chart,256,0.0,0.0037608889011019123,,"[0.19417950599168501, 0.30007336757153336, 0.25605282465150403, 0.16067498165810712, 0.08901932012717045]"
synthetic_5_5_1,synthetic,Donut chart,256,0.25,0.003944844105983079,,"[0.194091796875, 0.298828125, 0.257080078125, 0.1611328125, 0.0888671875]"
synthetic_5_5_1,synthetic,Donut chart,256,0.5,0.00178180945759384,,"[0.19580078125, 0.298828125, 0.253662109375, 0.162841796875, 0.0888671875]"
synthetic_5_5_1,synthetic,Donut chart,256,0.75,0.002471686575845601,,"[0.1961839530332681, 0.2974559686888454, 0.25415851272015655, 0.16316046966731898, 0.08904109589041095]"
synthetic_5_5_1,synthetic,Stacked bar,256,0.0,0.00981308482285357,,"[0.19480519480519481, 0.2943722943722944, 0.2510822510822511, 0.16883116883116883, 0.09090909090909091]"
synthetic_5_5_1,synthetic,Stacked bar,256,0.25,0.011263123449474256,,"[0.19047619047619047, 0.2943722943722944, 0.2554112554112554, 0.16883116883116883, 0.09090909090909091]"
synthetic_5_5_1,synthetic,Stacked bar,256,0.5,0.004317924801329413,,"[0.19480519480519481, 0.2987012987012987, 0.2554112554112554, 0.16017316017316016, 0.09090909090909091]"
synthetic_5_5_1,synthetic,Stacked bar,256,0.75,0.004317924801329413,,"[0.19480519480519481, 0.2987012987012987, 0.2554112554112554, 0.16017316017316016, 0.09090909090909091]"
synthetic_5_5_1,synthetic,Bar chart,384,0.125,0.0018574458361458532,,"[0.196078431372549, 0.29971988795518206, 0.2549019607843137, 0.16246498599439774, 0.08683473389355742]"
synthetic_5_5_1,synthetic,Bar chart,384,0.375,0.0022149739543027708,,"[0.19662921348314608, 0.300561797752809, 0.25280898876404495, 0.16292134831460675, 0.08707865168539326]"
synthetic_5_5_1,synthetic,Bar chart,384,0.625,0.0024799409978155385,,"[0.1971830985915493, 0.30140845070422534, 0.2535211267605634, 0.16056338028169015, 0.08732394366197184]"
synthetic_5_5_1,synthetic,Bar chart,384,0.875,0.001897374486409413,,"[0.1954674220963173, 0.30028328611898014, 0.254957507082153, 0.16147308781869688, 0.08781869688385269]"
synthetic_5_5_1,synthetic,Pie chart,384,0.125,0.0027991497669253504,,"[0.19501466275659823, 0.29960899315738027, 0.2553763440860215, 0.16080156402737047, 0.08919843597262953]"
synthetic_5_5_1,synthetic,Pie chart,384,0.375,0.0013990480699110144,,"[0.196044921875, 0.30078125, 0.25341796875, 0.161865234375, 0.087890625]"
synthetic_5_5_1,synthetic,Pie chart,384,0.625,0.0013990480699110144,,"[0.196044921875, 0.30078125, 0.25341796875, 0.161865234375, 0.087890625]"
synthetic_5_5_1,synthetic,Pie chart,384,0.875,0.004412389547959104,,"[0.19482421875, 0.296875, 0.255859375, 0.163330078125, 0.089111328125]"
synthetic_5_5_1,synthetic,Donut chart,384,0.125,0.0027991497669253504,,"[0.19501466275659823, 0.29960899315738027, 0.2553763440860215, 0.16080156402737047, 0.08919843597262953]"
synthetic_5_5_1,synthetic,Donut chart,384,0.375,0.0013990480699110144,,"[0.196044921875, 0.30078125, 0.25341796875, 0.161865234375, 0.087890625]"
synthetic_5_5_1,synthetic,Donut chart,384,0.625,0.0013990480699110144,,"[0.196044921875, 0.30078125, 0.25341796875, 0.161865234375, 0.087890625]"
synthetic_5_5_1,synthetic,Donut chart,384,0.875,0.004412389547959104,,"[0.19482421875, 0.296875, 0.255859375, 0.163330078125, 0.089111328125]"
synthetic_5_5_1,synthetic,Stacked bar,384,0.125,0.0037596453521286585,,"[0.19498607242339833, 0.3008356545961003, 0.2562674094707521, 0.1615598885793872, 0.08635097493036212]"
synthetic_5_5_1,synthetic,Stacked bar,384,0.375,0.0038808008366484556,,"[0.19498607242339833, 0.298050139275766, 0.25348189415041783, 0.1615598885793872, 0.09192200557103064]"
synthetic_5_5_1,synthetic,Stacked bar,384,0.625,0.006666316156982724,,"[0.19498607242339833, 0.29526462395543174, 0.25348189415041783, 0.1615598885793872, 0.0947075208913649]"
synthetic_5_5_1,synthetic,Stacked bar,384,0.875,0.0035547192330116634,,"[0.19498607242339833, 0.298050139275766, 0.25348189415041783, 0.16434540389972144, 0.08913649025069638]"
synthetic_5_5_2,synthetic,Bar chart,256,0.0,0.004430368813683236,,"[0.12608695652173912, 0.07391304347826087, 0.4478260869565217, 0.1608695652173913, 0.19130434782608693]"
synthetic_5_5_2,synthetic,Bar chart,256,0.25,0.004813611429808129,,"[0.12719298245614033, 0.07456140350877193, 0.45175438596491224, 0.15789473684210525, 0.18859649122807015]"
synthetic_5_5_2,synthetic,Bar chart,256,0.5,0.0023984325133539763,,"[0.1277533039647577, 0.0748898678414097, 0.44933920704845814, 0.15859030837004406, 0.1894273127753304]"
synthetic_5_5_2,synthetic,Bar chart,256,0.75,0.005315324565895646,,"[0.12389380530973453, 0.0752212389380531, 0.45132743362831856, 0.1592920353982301, 0.19026548672566373]"
synthetic_5_5_2,synthetic,Pie chart,256,0.0,0.004235056313683268,,"[0.124755859375, 0.075439453125, 0.449951171875, 0.159912109375, 0.18994140625]"
synthetic_5_5_2,synthetic,Pie chart,256,0.25,0.0028110336828045743,,"[0.12637496944512344, 0.07528721583964801, 0.44903446590075774, 0.15912979711561964, 0.19017355169885114]"
synthetic_5_5_2,synthetic,Pie chart,256,0.5,0.002037790688683268,,"[0.126220703125, 0.076171875, 0.44775390625, 0.1591796875, 0.190673828125]"
synthetic_5_5_2,synthetic,Pie chart,256,0.75,0.004154346473787381,,"[0.12744140625, 0.074951171875, 0.44482421875, 0.160400390625, 0.1923828125]"
synthetic_5_5_2,synthetic,Donut chart,256,0.0,0.004235056313683268,,"[0.124755859375, 0.075439453125, 0.449951171875, 0.159912109375, 0.18994140625]"
synthetic_5_5_2,synthetic,Donut chart,256,0.25,0.0028110336828045743,,"[0.12637496944512344, 0.07528721583964801, 0.44903446590075774, 0.15912979711561964, 0.19017355169885114]"
synthetic_5_5_2,synthetic,Donut chart,256,0.5,0.002037790688683268,,"[0.126220703125, 0.076171875, 0.44775390625, 0.1591796875, 0.190673828125]"
synthetic_5_5_2,synthetic,Donut chart,256,0.75,0.004154346473787381,,"[0.12744140625, 0.074951171875, 0.44482421875, 0.160400390625, 0.1923828125]"
synthetic_5_5_2,synthetic,Stacked bar,256,0.0,0.006349498327142357,,"[0.12554112554112554, 0.0735930735930736, 0.4458874458874459, 0.1645021645021645, 0.19047619047619047]"
synthetic_5_5_2,synthetic,Stacked bar,256,0.25,0.006939132127050572,,"[0.12121212121212122, 0.07792207792207792, 0.45021645021645024, 0.16017316017316016, 0.19047619047619047]"
synthetic_5_5_2,synthetic,Stacked bar,256,0.5,0.006349498327142357,,"[0.12554112554112554, 0.0735930735930736, 0.4458874458874459, 0.16017316017316016, 0.19480519480519481]"
synthetic_5_5_2,synthetic,Stacked bar,256,0.75,0.006349498327142357,,"[0.12554112554112554, 0.0735930735930736, 0.4458874458874459, 0.16017316017316016, 0.19480519480519481]"
synthetic_5_5_2,synthetic,Bar chart,384,0.125,0.0008735212945318385,,"[0.12849162011173185, 0.07541899441340782, 0.44692737430167595, 0.15921787709497204, 0.18994413407821228]"
synthetic_5_5_2,synthetic,Bar chart,384,0.375,0.002749696544775679,,"[0.12605042016806722, 0.07563025210084033, 0.44817927170868344, 0.15966386554621848, 0.19047619047619047]"
synthetic_5_5_2,synthetic,Bar chart,384,0.625,0.0022117678377771705,,"[0.1271186440677966, 0.07627118644067797, 0.4491525423728813, 0.15819209039548024, 0.18926553672316385]"
synthetic_5_5_2,synthetic,Bar chart,384,0.875,0.003829644978379808,,"[0.1274787535410765, 0.07365439093484419, 0.4504249291784702, 0.15864022662889518, 0.1898016997167139]"
synthetic_5_5_2,synthetic,Pie chart,384,0.125,0.003071447415519145,,"[0.12637496944512344, 0.07528721583964801, 0.4500122219506233, 0.15888535810315327, 0.18944023466145196]"
synthetic_5_5_2,synthetic,Pie chart,384,0.375,0.0014503981248703696,,"[0.12750366389838788, 0.07547630679042501, 0.44772838299951145, 0.1595017098192477, 0.18978993649242795]"
synthetic_5_5_2,synthetic,Pie chart,384,0.625,0.0014503981248703696,,"[0.12750366389838788, 0.07547630679042501, 0.44772838299951145, 0.1595017098192477, 0.18978993649242795]"
synthetic_5_5_2,synthetic,Pie chart,384,0.875,0.0016381046281258027,,"[0.12686384747005622, 0.07675384991444635, 0.4465900757760939, 0.15986311415301882, 0.18992911268638474]"
synthetic_5_5_2,synthetic,Donut chart,384,0.125,0.003071447415519145,,"[0.12637496944512344, 0.07528721583964801, 0.4500122219506233, 0.15888535810315327, 0.18944023466145196]"
synthetic_5_5_2,synthetic,Donut chart,384,0.375,0.0014503981248703696,,"[0.12750366389838788, 0.07547630679042501, 0.44772838299951145, 0.1595017098192477, 0.18978993649242795]"
synthetic_5_5_2,synthetic,Donut chart,384,0.625,0.0014503981248703696,,"[0.12750366389838788, 0.07547630679042501, 0.44772838299951145, 0.1595017098192477, 0.18978993649242795]"
synthetic_5_5_2,synthetic,Donut chart,384,0.875,0.0016381046281258027,,"[0.12686384747005622, 0.07675384991444635, 0.4465900757760939, 0.15986311415301882, 0.18992911268638474]"
synthetic_5_5_2,synthetic,Stacked bar,384,0.125,0.005529863041698127,,"[0.12813370473537605, 0.07242339832869081, 0.4456824512534819, 0.15877437325905291, 0.19498607242339833]"
synthetic_5_5_2,synthetic,Stacked bar,384,0.375,0.007917104351572904,,"[0.12534818941504178, 0.07242339832869081, 0.4456824512534819, 0.1615598885793872, 0.19498607242339833]"
synthetic_5_5_2,synthetic,Stacked bar,384,0.625,0.0032425055335598557,,"[0.12534818941504178, 0.07799442896935933, 0.44846796657381616, 0.15877437325905291, 0.1894150417827298]"
synthetic_5_5_2,synthetic,Stacked bar,384,0.875,0.0015271920387119955,,"[0.12813370473537605, 0.07520891364902507, 0.44846796657381616, 0.15877437325905291, 0.1894150417827298]"
synthetic_5_5_3,synthetic,Bar chart,256,0.0,0.0038660152768249523,,"[0.24347826086956523, 0.1956521739130435, 0.16956521739130434, 0.1434782608695652, 0.24782608695652172]"
synthetic_5_5_3,synthetic,Bar chart,256,0.25,0.00395362392242897,,"[0.24122807017543862, 0.1973684210526316, 0.1710526315789474, 0.14035087719298248, 0.25000000000000006]"
synthetic_5_5_3,synthetic,Bar chart,256,0.5,0.0018865070103805809,,"[0.2422907488986784, 0.19823788546255508, 0.17180616740088106, 0.14096916299559473, 0.24669603524229078]"
synthetic_5_5_3,synthetic,Bar chart,256,0.75,0.0018865070103805809,,"[0.2422907488986784, 0.19823788546255508, 0.17180616740088106, 0.14096916299559473, 0.24669603524229078]"
synthetic_5_5_3,synthetic,Pie chart,256,0.0,0.005067502545881883,,"[0.239013671875, 0.197021484375, 0.175537109375, 0.143798828125, 0.24462890625]"
synthetic_5_5_3,synthetic,Pie chart,256,0.25,0.003231046543827207,,"[0.240966796875, 0.19873046875, 0.173583984375, 0.14208984375, 0.24462890625]"
synthetic_5_5_3,synthetic,Pie chart,256,0.5,0.004967609149884214,,"[0.240966796875, 0.193359375, 0.171875, 0.14208984375, 0.251708984375]"
synthetic_5_5_3,synthetic,Pie chart,256,0.75,0.0038131783023118565,,"[0.2413793103448276, 0.1936903888481291, 0.17216923453167032, 0.14233308877476156, 0.2504279775006114]"
synthetic_5_5_3,synthetic,Donut chart,256,0.0,0.005067502545881883,,"[0.239013671875, 0.197021484375, 0.175537109375, 0.143798828125, 0.24462890625]"
synthetic_5_5_3,synthetic,Donut chart,256,0.25,0.003231046543827207,,"[0.240966796875, 0.19873046875, 0.173583984375, 0.14208984375, 0.24462890625]"
synthetic_5_5_3,synthetic,Donut chart,256,0.5,0.004967609149884214,,"[0.240966796875, 0.193359375, 0.171875, 0.14208984375, 0.251708984375]"
synthetic_5_5_3,synthetic,Donut chart,256,0.75,0.0038131783023118565,,"[0.2413793103448276, 0.1936903888481291, 0.17216923453167032, 0.14233308877476156, 0.2504279775006114]"
synthetic_5_5_3,synthetic,Stacked bar,256,0.0,0.0018682270998919698,,"[0.24242424242424243, 0.19480519480519481, 0.17316017316017315, 0.14285714285714285, 0.24675324675324675]"
synthetic_5_5_3,synthetic,Stacked bar,256,0.25,0.01364951462434151,,"[0.23809523809523808, 0.19047619047619047, 0.16883116883116883, 0.1471861471861472, 0.2554112554112554]"
synthetic_5_5_3,synthetic,Stacked bar,256,0.5,0.005741694450419971,,"[0.23809523809523808, 0.19480519480519481, 0.17316017316017315, 0.14285714285714285, 0.2510822510822511]"
synthetic_5_5_3,synthetic,Stacked bar,256,0.75,0.005741694450419985,,"[0.23809523809523808, 0.19480519480519481, 0.1774891774891775, 0.14285714285714285, 0.24675324675324675]"
synthetic_5_5_3,synthetic,Bar chart,384,0.125,0.001501550229186091,,"[0.24157303370786518, 0.19662921348314608, 0.17134831460674158, 0.14325842696629215, 0.24719101123595508]"
synthetic_5_5_3,synthetic,Bar chart,384,0.375,0.001501550229186091,,"[0.24157303370786518, 0.19662921348314608, 0.17134831460674158, 0.14325842696629215, 0.24719101123595508]"
synthetic_5_5_3,synthetic,Bar chart,384,0.625,0.0019404410860031363,,"[0.24225352112676057, 0.1971830985915493, 0.17183098591549295, 0.14084507042253522, 0.24788732394366197]"
synthetic_5_5_3,synthetic,Bar chart,384,0.875,0.0019404410860031363,,"[0.24225352112676057, 0.1971830985915493, 0.17183098591549295, 0.14084507042253522, 0.24788732394366197]"
synthetic_5_5_3,synthetic,Pie chart,384,0.125,0.0016495337958818829,,"[0.240478515625, 0.19677734375, 0.173583984375, 0.142578125, 0.24658203125]"
synthetic_5_5_3,synthetic,Pie chart,384,0.375,0.002606971100852881,,"[0.240478515625, 0.195556640625, 0.172607421875, 0.142578125, 0.248779296875]"
synthetic_5_5_3,synthetic,Pie chart,384,0.625,0.002606971100852881,,"[0.240478515625, 0.195556640625, 0.172607421875, 0.142578125, 0.248779296875]"
synthetic_5_5_3,synthetic,Pie chart,384,0.875,0.003827674225852881,,"[0.240478515625, 0.1943359375, 0.1728515625, 0.1435546875, 0.248779296875]"
synthetic_5_5_3,synthetic,Donut chart,384,0.125,0.0016495337958818829,,"[0.240478515625, 0.19677734375, 0.173583984375, 0.142578125, 0.24658203125]"
synthetic_5_5_3,synthetic,Donut chart,384,0.375,0.002606971100852881,,"[0.240478515625, 0.195556640625, 0.172607421875, 0.142578125, 0.248779296875]"
synthetic_5_5_3,synthetic,Donut chart,384,0.625,0.002606971100852881,,"[0.240478515625, 0.195556640625, 0.172607421875, 0.142578125, 0.248779296875]"
synthetic_5_5_3,synthetic,Donut chart,384,0.875,0.003827674225852881,,"[0.240478515625, 0.1943359375, 0.1728515625, 0.1435546875, 0.248779296875]"
synthetic_5_5_3,synthetic,Stacked bar,384,0.125,0.002638781546593985,,"[0.24233983286908078, 0.1977715877437326, 0.16991643454038996, 0.14206128133704735, 0.2479108635097493]"
synthetic_5_5_3,synthetic,Stacked bar,384,0.375,0.007032484109940271,,"[0.2395543175487465, 0.19220055710306408, 0.17270194986072424, 0.14206128133704735, 0.25348189415041783]"
synthetic_5_5_3,synthetic,Stacked bar,384,0.625,0.004101737378708045,,"[0.2395543175487465, 0.19498607242339833, 0.17270194986072424, 0.14484679665738162, 0.2479108635097493]"
synthetic_5_5_3,synthetic,Stacked bar,384,0.875,0.004246968789606009,,"[0.2395543175487465, 0.19498607242339833, 0.17548746518105848, 0.14206128133704735, 0.2479108635097493]"
synthetic_8_0.3_0,synthetic,Bar chart,256,0.0,0.006108086727538951,,"[0.008733624454148471, 0.017467248908296942, 0.07423580786026202, 0.1834061135371179, 0.5414847161572053, 0.0, 0.1222707423580786, 0.05240174672489083]"
synthetic_8_0.3_0,synthetic,Bar chart,256,0.25,0.006108086727538951,,"[0.008733624454148471, 0.017467248908296942, 0.07423580786026202, 0.1834061135371179, 0.5414847161572053, 0.0, 0.1222707423580786, 0.05240174672489083]"
synthetic_8_0.3_0,synthetic,Bar chart,256,0.5,0.010031375620016858,,"[0.008888888888888889, 0.013333333333333334, 0.07555555555555556, 0.18222222222222223, 0.5466666666666666, 0.0, 0.12, 0.05333333333333334]"
synthetic_8_0.3_0,synthetic,Bar chart,256,0.75,0.016379271368174603,,"[0.008968609865470852, 0.01345291479820628, 0.07174887892376682, 0.1838565022421525, 0.5515695067264573, 0.0, 0.1210762331838565, 0.04932735426008968]"
synthetic_8_0.3_0,synthetic,Pie chart,256,0.0,0.004299193280495481,,"[0.010986328125, 0.016845703125, 0.077880859375, 0.18115234375, 0.537353515625, 0.001953125, 0.121337890625, 0.052490234375]"
synthetic_8_0.3_0,synthetic,Pie chart,256,0.25,0.003183518684962916,,"[0.010986328125, 0.016845703125, 0.076171875, 0.18310546875, 0.535888671875, 0.0, 0.122802734375, 0.05419921875]"
synthetic_8_0.3_0,synthetic,Pie chart,256,0.5,0.0043956271649432735,,"[0.010986328125, 0.014892578125, 0.075439453125, 0.18212890625, 0.53759765625, 0.001953125, 0.122802734375, 0.05419921875]"
synthetic_8_0.3_0,synthetic,Pie chart,256,0.75,0.004395673309343109,,"[0.010986328125, 0.014892578125, 0.075439453125, 0.18212890625, 0.53759765625, 0.0, 0.124755859375, 0.05419921875]"
synthetic_8_0.3_0,synthetic,Donut chart,256,0.0,0.004299193280495481,,"[0.010986328125, 0.016845703125, 0.077880859375, 0.18115234375, 0.537353515625, 0.001953125, 0.121337890625, 0.052490234375]"
synthetic_8_0.3_0,synthetic,Donut chart,256,0.25,0.003183518684962916,,"[0.010986328125, 0.016845703125, 0.076171875, 0.18310546875, 0.535888671875, 0.0, 0.122802734375, 0.05419921875]"
synthetic_8_0.3_0,synthetic,Donut chart,256,0.5,0.0043956271649432735,,"[0.010986328125, 0.014892578125, 0.075439453125, 0.18212890625, 0.53759765625, 0.001953125, 0.122802734375, 0.05419921875]"
synthetic_8_0.3_0,synthetic,Donut chart,256,0.75,0.004395673309343109,,"[0.010986328125, 0.014892578125, 0.075439453125, 0.18212890625, 0.53759765625, 0.0, 0.124755859375, 0.05419921875]"
synthetic_8_0.3_0,synthetic,Stacked bar,256,0.0,0.01090791028756467,,"[0.008658008658008658, 0.017316017316017316, 0.0735930735930736, 0.1774891774891775, 0.5367965367965368, 0.004329004329004329, 0.12554112554112554, 0.05627705627705628]"
synthetic_8_0.3_0,synthetic,Stacked bar,256,0.25,0.009534947657226137,,"[0.008658008658008658, 0.012987012987012988, 0.07792207792207792, 0.18181818181818182, 0.5367965367965368, 0.004329004329004329, 0.12121212121212122, 0.05627705627705628]"
synthetic_8_0.3_0,synthetic,Stacked bar,256,0.5,0.010665268378139057,,"[0.008658008658008658, 0.012987012987012988, 0.0735930735930736, 0.18181818181818182, 0.5411255411255411, 0.0, 0.12554112554112554, 0.05627705627705628]"
synthetic_8_0.3_0,synthetic,Stacked bar,256,0.75,0.008033259193937995,,"[0.012987012987012988, 0.012987012987012988, 0.0735930735930736, 0.18181818181818182, 0.5411255411255411, 0.0, 0.12554112554112554, 0.05194805194805195]"
synthetic_8_0.3_0,synthetic,Bar chart,384,0.125,0.0037195175434528794,,"[0.011204481792717087, 0.016806722689075633, 0.07563025210084034, 0.18207282913165265, 0.5406162464985994, 0.0, 0.12044817927170869, 0.05322128851540616]"
synthetic_8_0.3_0,synthetic,Bar chart,384,0.375,0.007470170346947189,,"[0.00847457627118644, 0.01694915254237288, 0.07344632768361582, 0.18361581920903955, 0.5423728813559322, 0.0, 0.12146892655367231, 0.05367231638418079]"
synthetic_8_0.3_0,synthetic,Bar chart,384,0.625,0.011130868958840459,,"[0.008522727272727272, 0.014204545454545452, 0.07386363636363637, 0.18465909090909088, 0.5454545454545454, 0.0, 0.1221590909090909, 0.05113636363636363]"
synthetic_8_0.3_0,synthetic,Bar chart,384,0.875,0.01070999353796511,,"[0.008547008547008548, 0.014245014245014245, 0.07407407407407407, 0.18233618233618235, 0.5470085470085471, 0.0, 0.1225071225071225, 0.05128205128205128]"
synthetic_8_0.3_0,synthetic,Pie chart,384,0.125,0.002223367299822303,,"[0.01171875, 0.0166015625, 0.076416015625, 0.18310546875, 0.53759765625, 0.0, 0.121826171875, 0.052734375]"
synthetic_8_0.3_0,synthetic,Pie chart,384,0.375,0.0025900575034678228,,"[0.01171875, 0.0166015625, 0.07568359375, 0.181640625, 0.53857421875, 0.000244140625, 0.12158203125, 0.053955078125]"
synthetic_8_0.3_0,synthetic,Pie chart,384,0.625,0.0025900575034678228,,"[0.01171875, 0.0166015625, 0.07568359375, 0.181640625, 0.53857421875, 0.000244140625, 0.12158203125, 0.053955078125]"
synthetic_8_0.3_0,synthetic,Pie chart,384,0.875,0.0037158022653785497,,"[0.01171875, 0.0166015625, 0.074462890625, 0.181884765625, 0.536376953125, 0.0009765625, 0.1240234375, 0.053955078125]"
synthetic_8_0.3_0,synthetic,Donut chart,384,0.125,0.002223367299822303,,"[0.01171875, 0.0166015625, 0.076416015625, 0.18310546875, 0.53759765625, 0.0, 0.121826171875, 0.052734375]"
synthetic_8_0.3_0,synthetic,Donut chart,384,0.375,0.0025900575034678228,,"[0.01171875, 0.0166015625, 0.07568359375, 0.181640625, 0.53857421875, 0.000244140625, 0.12158203125, 0.053955078125]"
synthetic_8_0.3_0,synthetic,Donut chart,384,0.625,0.0025900575034678228,,"[0.01171875, 0.0166015625, 0.07568359375, 0.181640625, 0.53857421875, 0.000244140625, 0.12158203125, 0.053955078125]"
synthetic_8_0.3_0,synthetic,Donut chart,384,0.875,0.0037158022653785497,,"[0.01171875, 0.0166015625, 0.074462890625, 0.181884765625, 0.536376953125, 0.0009765625, 0.1240234375, 0.053955078125]"
synthetic_8_0.3_0,synthetic,Stacked bar,384,0.125,0.0091699672565901,,"[0.008356545961002786, 0.013927576601671309, 0.07520891364902507, 0.181058495821727, 0.5376044568245125, 0.002785515320334262, 0.12534818941504178, 0.055710306406685235]"
synthetic_8_0.3_0,synthetic,Stacked bar,384,0.375,0.005435481152309672,,"[0.008356545961002786, 0.016713091922005572, 0.07520891364902507, 0.18384401114206128, 0.5376044568245125, 0.0, 0.12256267409470752, 0.055710306406685235]"
synthetic_8_0.3_0,synthetic,Stacked bar,384,0.625,0.002474287061149715,,"[0.013927576601671309, 0.016713091922005572, 0.07520891364902507, 0.181058495821727, 0.5376044568245125, 0.0, 0.12256267409470752, 0.052924791086350974]"
synthetic_8_0.3_0,synthetic,Stacked bar,384,0.875,0.009169967256590078,,"[0.008356545961002786, 0.013927576601671309, 0.07520891364902507, 0.181058495821727, 0.5403899721448467, 0.002785515320334262, 0.12256267409470752, 0.055710306406685235]"
synthetic_8_0.3_1,synthetic,Bar chart,256,0.0,0.005670282035781418,,"[0.026200873362445417, 0.0, 0.0, 0.2183406113537118, 0.1572052401746725, 0.4978165938864629, 0.034934497816593885, 0.06550218340611354]"
synthetic_8_0.3_1,synthetic,Bar chart,256,0.25,0.01020092949299019,,"[0.02654867256637168, 0.0, 0.0, 0.2168141592920354, 0.1592920353982301, 0.504424778761062, 0.030973451327433628, 0.061946902654867256]"
synthetic_8_0.3_1,synthetic,Bar chart,256,0.5,0.01020092949299019,,"[0.02654867256637168, 0.0, 0.0, 0.2168141592920354, 0.1592920353982301, 0.504424778761062, 0.030973451327433628, 0.061946902654867256]"
synthetic_8_0.3_1,synthetic,Bar chart,256,0.75,0.014114400486107221,,"[0.022222222222222223, 0.0, 0.0, 0.2177777777777778, 0.16, 0.5066666666666667, 0.031111111111111114, 0.06222222222222223]"
synthetic_8_0.3_1,synthetic,Pie chart,256,0.0,0.0028736675649271137,,"[0.027587890625, 0.0009765625, 0.001953125, 0.215087890625, 0.158935546875, 0.49560546875, 0.03564453125, 0.064208984375]"
synthetic_8_0.3_1,synthetic,Pie chart,256,0.25,0.002772077289951708,,"[0.02978515625, 0.0009765625, 0.001708984375, 0.215087890625, 0.1572265625, 0.497314453125, 0.033935546875, 0.06396484375]"
synthetic_8_0.3_1,synthetic,Pie chart,256,0.5,0.002461853785883308,,"[0.02978515625, 0.0, 0.001708984375, 0.216796875, 0.1572265625, 0.49658203125, 0.033935546875, 0.06396484375]"
synthetic_8_0.3_1,synthetic,Pie chart,256,0.75,0.0035290097781022992,,"[0.02783203125, 0.0, 0.003662109375, 0.216796875, 0.1572265625, 0.49658203125, 0.033935546875, 0.06396484375]"
synthetic_8_0.3_1,synthetic,Donut chart,256,0.0,0.0028736675649271137,,"[0.027587890625, 0.0009765625, 0.001953125, 0.215087890625, 0.158935546875, 0.49560546875, 0.03564453125, 0.064208984375]"
synthetic_8_0.3_1,synthetic,Donut chart,256,0.25,0.002772077289951708,,"[0.02978515625, 0.0009765625, 0.001708984375, 0.215087890625, 0.1572265625, 0.497314453125, 0.033935546875, 0.06396484375]"
synthetic_8_0.3_1,synthetic,Donut chart,256,0.5,0.002461853785883308,,"[0.02978515625, 0.0, 0.001708984375, 0.216796875, 0.1572265625, 0.49658203125, 0.033935546875, 0.06396484375]"
synthetic_8_0.3_1,synthetic,Donut chart,256,0.75,0.0035290097781022992,,"[0.02783203125, 0.0, 0.003662109375, 0.216796875, 0.1572265625, 0.49658203125, 0.033935546875, 0.06396484375]"
synthetic_8_0.3_1,synthetic,Stacked bar,256,0.0,0.009969727858831106,,"[0.025974025974025976, 0.004329004329004329, 0.0, 0.21645021645021645, 0.15584415584415584, 0.4935064935064935, 0.03463203463203463, 0.06926406926406926]"
synthetic_8_0.3_1,synthetic,Stacked bar,256,0.25,0.008493484116292147,,"[0.030303030303030304, 0.004329004329004329, 0.0, 0.21645021645021645, 0.15584415584415584, 0.49783549783549785, 0.030303030303030304, 0.06493506493506493]"
synthetic_8_0.3_1,synthetic,Stacked bar,256,0.5,0.008383453562735938,,"[0.030303030303030304, 0.0, 0.0, 0.21212121212121213, 0.15584415584415584, 0.5021645021645021, 0.03463203463203463, 0.06493506493506493]"
synthetic_8_0.3_1,synthetic,Stacked bar,256,0.75,0.004635515671083749,,"[0.030303030303030304, 0.0, 0.0, 0.21645021645021645, 0.15584415584415584, 0.49783549783549785, 0.03463203463203463, 0.06493506493506493]"
synthetic_8_0.3_1,synthetic,Bar chart,384,0.125,0.0049097697939875975,,"[0.028089887640449437, 0.0, 0.0, 0.21629213483146068, 0.15730337078651685, 0.5, 0.033707865168539325, 0.06460674157303371]"
synthetic_8_0.3_1,synthetic,Bar chart,384,0.375,0.007856924880189643,,"[0.025495750708215296, 0.0, 0.0, 0.21813031161473087, 0.15864022662889518, 0.5014164305949008, 0.0339943342776204, 0.06232294617563739]"
synthetic_8_0.3_1,synthetic,Bar chart,384,0.625,0.007856924880189643,,"[0.025495750708215296, 0.0, 0.0, 0.21813031161473087, 0.15864022662889518, 0.5014164305949008, 0.0339943342776204, 0.06232294617563739]"
synthetic_8_0.3_1,synthetic,Bar chart,384,0.875,0.010011836383543162,,"[0.025641025641025644, 0.0, 0.0, 0.21652421652421655, 0.15954415954415957, 0.5042735042735044, 0.03133903133903134, 0.06267806267806268]"
synthetic_8_0.3_1,synthetic,Pie chart,384,0.125,0.002742769318136171,,"[0.0283203125, 0.0, 0.003173828125, 0.2158203125, 0.158447265625, 0.4970703125, 0.03369140625, 0.0634765625]"
synthetic_8_0.3_1,synthetic,Pie chart,384,0.375,0.0026012847909666296,,"[0.0283203125, 0.0, 0.003173828125, 0.215576171875, 0.157470703125, 0.4970703125, 0.034423828125, 0.06396484375]"
synthetic_8_0.3_1,synthetic,Pie chart,384,0.625,0.0026012847909666296,,"[0.0283203125, 0.0, 0.003173828125, 0.215576171875, 0.157470703125, 0.4970703125, 0.034423828125, 0.06396484375]"
synthetic_8_0.3_1,synthetic,Pie chart,384,0.875,0.0019464992745083876,,"[0.0283203125, 0.0, 0.00244140625, 0.215576171875, 0.157470703125, 0.4970703125, 0.03515625, 0.06396484375]"
synthetic_8_0.3_1,synthetic,Donut chart,384,0.125,0.002742769318136171,,"[0.0283203125, 0.0, 0.003173828125, 0.2158203125, 0.158447265625, 0.4970703125, 0.03369140625, 0.0634765625]"
synthetic_8_0.3_1,synthetic,Donut chart,384,0.375,0.0026012847909666296,,"[0.0283203125, 0.0, 0.003173828125, 0.215576171875, 0.157470703125, 0.4970703125, 0.034423828125, 0.06396484375]"
synthetic_8_0.3_1,synthetic,Donut chart,384,0.625,0.0026012847909666296,,"[0.0283203125, 0.0, 0.003173828125, 0.215576171875, 0.157470703125, 0.4970703125, 0.034423828125, 0.06396484375]"
synthetic_8_0.3_1,synthetic,Donut chart,384,0.875,0.0019464992745083876,,"[0.0283203125, 0.0, 0.00244140625, 0.215576171875, 0.157470703125, 0.4970703125, 0.03515625, 0.06396484375]"
synthetic_8_0.3_1,synthetic,Stacked bar,384,0.125,0.008132288143913376,,"[0.025069637883008356, 0.002785515320334262, 0.002785515320334262, 0.21727019498607242, 0.15598885793871867, 0.4958217270194986, 0.033426183844011144, 0.06685236768802229]"
synthetic_8_0.3_1,synthetic,Stacked bar,384,0.375,0.006455881868557537,,"[0.027932960893854747, 0.002793296089385475, 0.002793296089385475, 0.21787709497206703, 0.1564245810055866, 0.4972067039106145, 0.0335195530726257, 0.061452513966480445]"
synthetic_8_0.3_1,synthetic,Stacked bar,384,0.625,0.0049521365465345565,,"[0.027855153203342618, 0.0, 0.0, 0.21448467966573817, 0.15877437325905291, 0.4958217270194986, 0.03899721448467967, 0.06406685236768803]"
synthetic_8_0.3_1,synthetic,Stacked bar,384,0.875,0.00942294108449029,,"[0.025069637883008356, 0.0, 0.002785515320334262, 0.21448467966573817, 0.15598885793871867, 0.5013927576601671, 0.033426183844011144, 0.06685236768802229]"
synthetic_8_0.3_2,synthetic,Bar chart,256,0.0,0.006066624435555983,,"[0.07423580786026202, 0.10043668122270742, 0.08296943231441048, 0.0, 0.2096069868995633, 0.07423580786026202, 0.4410480349344978, 0.017467248908296942]"
synthetic_8_0.3_2,synthetic,Bar chart,256,0.25,0.009611797008427441,,"[0.07048458149779735, 0.09691629955947136, 0.08370044052863436, 0.0, 0.21145374449339208, 0.07488986784140969, 0.44493392070484583, 0.017621145374449337]"
synthetic_8_0.3_2,synthetic,Bar chart,256,0.5,0.013938417524475243,,"[0.07142857142857142, 0.09821428571428571, 0.08035714285714285, 0.0, 0.20982142857142855, 0.07589285714285715, 0.45089285714285715, 0.013392857142857144]"
synthetic_8_0.3_2,synthetic,Bar chart,256,0.75,0.016236182640048714,,"[0.07207207207207207, 0.0990990990990991, 0.08108108108108109, 0.0, 0.21171171171171171, 0.07207207207207207, 0.45045045045045046, 0.013513513513513514]"
synthetic_8_0.3_2,synthetic,Pie chart,256,0.0,0.0033031454849448243,,"[0.076171875, 0.098388671875, 0.083984375, 0.001708984375, 0.209716796875, 0.076171875, 0.437255859375, 0.0166015625]"
synthetic_8_0.3_2,synthetic,Pie chart,256,0.25,0.005538830774628644,,"[0.072998046875, 0.09912109375, 0.0859375, 0.001708984375, 0.20556640625, 0.078125, 0.438232421875, 0.018310546875]"
synthetic_8_0.3_2,synthetic,Pie chart,256,0.5,0.005685529417239838,,"[0.072998046875, 0.09912109375, 0.083251953125, 0.003662109375, 0.20556640625, 0.075439453125, 0.441650390625, 0.018310546875]"
synthetic_8_0.3_2,synthetic,Pie chart,256,0.75,0.004445492511595119,,"[0.074462890625, 0.094970703125, 0.08349609375, 0.001953125, 0.207763671875, 0.078369140625, 0.440673828125, 0.018310546875]"
synthetic_8_0.3_2,synthetic,Donut chart,256,0.0,0.0033031454849448243,,"[0.076171875, 0.098388671875, 0.083984375, 0.001708984375, 0.209716796875, 0.076171875, 0.437255859375, 0.0166015625]"
synthetic_8_0.3_2,synthetic,Donut chart,256,0.25,0.005538830774628644,,"[0.072998046875, 0.09912109375, 0.0859375, 0.001708984375, 0.20556640625, 0.078125, 0.438232421875, 0.018310546875]"
synthetic_8_0.3_2,synthetic,Donut chart,256,0.5,0.005685529417239838,,"[0.072998046875, 0.09912109375, 0.083251953125, 0.003662109375, 0.20556640625, 0.075439453125, 0.441650390625, 0.018310546875]"
synthetic_8_0.3_2,synthetic,Donut chart,256,0.75,0.004445492511595119,,"[0.074462890625, 0.094970703125, 0.08349609375, 0.001953125, 0.207763671875, 0.078369140625, 0.440673828125, 0.018310546875]"
synthetic_8_0.3_2,synthetic,Stacked bar,256,0.0,0.012801439314011296,,"[0.06926406926406926, 0.09523809523809523, 0.08658008658008658, 0.0, 0.2077922077922078, 0.08225108225108226, 0.43722943722943725, 0.021645021645021644]"
synthetic_8_0.3_2,synthetic,Stacked bar,256,0.25,0.011015867889055663,,"[0.06926406926406926, 0.09523809523809523, 0.08658008658008658, 0.0, 0.2077922077922078, 0.07792207792207792, 0.44155844155844154, 0.021645021645021644]"
synthetic_8_0.3_2,synthetic,Stacked bar,256,0.5,0.005582722260027534,,"[0.0735930735930736, 0.09956709956709957, 0.08225108225108226, 0.0, 0.2077922077922078, 0.07792207792207792, 0.44155844155844154, 0.017316017316017316]"
synthetic_8_0.3_2,synthetic,Stacked bar,256,0.75,0.00609108334358304,,"[0.0735930735930736, 0.09956709956709957, 0.08225108225108226, 0.004329004329004329, 0.2077922077922078, 0.0735930735930736, 0.44155844155844154, 0.017316017316017316]"
synthetic_8_0.3_2,synthetic,Bar chart,384,0.125,0.0033037203978031685,,"[0.07303370786516854, 0.09831460674157304, 0.08426966292134831, 0.0028089887640449437, 0.20786516853932582, 0.07584269662921349, 0.4410112359550562, 0.016853932584269662]"
synthetic_8_0.3_2,synthetic,Bar chart,384,0.375,0.006426511239409747,,"[0.07344632768361582, 0.09887005649717515, 0.08192090395480227, 0.0, 0.20903954802259886, 0.07627118644067797, 0.4435028248587571, 0.01694915254237288]"
synthetic_8_0.3_2,synthetic,Bar chart,384,0.625,0.008515997866039557,,"[0.07365439093484419, 0.09915014164305949, 0.08215297450424928, 0.0, 0.20963172804532576, 0.07365439093484419, 0.4447592067988668, 0.0169971671388102]"
synthetic_8_0.3_2,synthetic,Bar chart,384,0.875,0.012249919775805567,,"[0.07163323782234958, 0.09742120343839542, 0.0830945558739255, 0.0, 0.21203438395415472, 0.07449856733524356, 0.4469914040114613, 0.014326647564469913]"
synthetic_8_0.3_2,synthetic,Pie chart,384,0.125,0.0019024085328569371,,"[0.074462890625, 0.09716796875, 0.084228515625, 0.00244140625, 0.20849609375, 0.076171875, 0.439453125, 0.017578125]"
synthetic_8_0.3_2,synthetic,Pie chart,384,0.375,0.001933803221768112,,"[0.075439453125, 0.098388671875, 0.084228515625, 0.001220703125, 0.20751953125, 0.0771484375, 0.438232421875, 0.017822265625]"
synthetic_8_0.3_2,synthetic,Pie chart,384,0.625,0.001933803221768112,,"[0.075439453125, 0.098388671875, 0.084228515625, 0.001220703125, 0.20751953125, 0.0771484375, 0.438232421875, 0.017822265625]"
synthetic_8_0.3_2,synthetic,Pie chart,384,0.875,0.00310747406322422,,"[0.074462890625, 0.096923828125, 0.082763671875, 0.002197265625, 0.207763671875, 0.076171875, 0.44189453125, 0.017822265625]"
synthetic_8_0.3_2,synthetic,Donut chart,384,0.125,0.0019024085328569371,,"[0.074462890625, 0.09716796875, 0.084228515625, 0.00244140625, 0.20849609375, 0.076171875, 0.439453125, 0.017578125]"
synthetic_8_0.3_2,synthetic,Donut chart,384,0.375,0.001933803221768112,,"[0.075439453125, 0.098388671875, 0.084228515625, 0.001220703125, 0.20751953125, 0.0771484375, 0.438232421875, 0.017822265625]"
synthetic_8_0.3_2,synthetic,Donut chart,384,0.625,0.001933803221768112,,"[0.075439453125, 0.098388671875, 0.084228515625, 0.001220703125, 0.20751953125, 0.0771484375, 0.438232421875, 0.017822265625]"
synthetic_8_0.3_2,synthetic,Donut chart,384,0.875,0.00310747406322422,,"[0.074462890625, 0.096923828125, 0.082763671875, 0.002197265625, 0.207763671875, 0.076171875, 0.44189453125, 0.017822265625]"
synthetic_8_0.3_2,synthetic,Stacked bar,384,0.125,0.0077460747817183605,,"[0.07242339832869081, 0.10027855153203342, 0.08356545961002786, 0.0, 0.20612813370473537, 0.07520891364902507, 0.4428969359331476, 0.019498607242339833]"
synthetic_8_0.3_2,synthetic,Stacked bar,384,0.375,0.010321029543425305,,"[0.07242339832869081, 0.0947075208913649, 0.08356545961002786, 0.0, 0.20891364902506965, 0.08356545961002786, 0.4373259052924791, 0.019498607242339833]"
synthetic_8_0.3_2,synthetic,Stacked bar,384,0.625,0.00650133489955392,,"[0.07242339832869081, 0.0947075208913649, 0.08356545961002786, 0.002785515320334262, 0.20891364902506965, 0.07799442896935933, 0.4401114206128134, 0.019498607242339833]"
synthetic_8_0.3_2,synthetic,Stacked bar,384,0.875,0.0056154834997607355,,"[0.07242339832869081, 0.10027855153203342, 0.08356545961002786, 0.002785515320334262, 0.20612813370473537, 0.07520891364902507, 0.4401114206128134, 0.019498607242339833]"
synthetic_8_0.3_3,synthetic,Bar chart,256,0.0,0.003915270530197809,,"[0.12608695652173912, 0.1826086956521739, 0.0, 0.008695652173913044, 0.17391304347826086, 0.2565217391304348, 0.13478260869565217, 0.11739130434782608]"
synthetic_8_0.3_3,synthetic,Bar chart,256,0.25,0.005063945574258081,,"[0.12775330396475768, 0.18502202643171803, 0.0, 0.004405286343612334, 0.17180616740088103, 0.25550660792951535, 0.13656387665198236, 0.11894273127753302]"
synthetic_8_0.3_3,synthetic,Bar chart,256,0.5,0.008569316176520483,,"[0.125, 0.1875, 0.0, 0.004464285714285714, 0.17410714285714285, 0.2589285714285714, 0.13392857142857142, 0.11607142857142858]"
synthetic_8_0.3_3,synthetic,Bar chart,256,0.75,0.008569316176520483,,"[0.125, 0.1875, 0.0, 0.004464285714285714, 0.17410714285714285, 0.2589285714285714, 0.13392857142857142, 0.11607142857142858]"
synthetic_8_0.3_3,synthetic,Pie chart,256,0.0,0.0027561890176033797,,"[0.12646484375, 0.185791015625, 0.0, 0.008056640625, 0.17236328125, 0.255859375, 0.135986328125, 0.115478515625]"
synthetic_8_0.3_3,synthetic,Pie chart,256,0.25,0.003790015774763022,,"[0.126220703125, 0.182861328125, 0.0, 0.008056640625, 0.17236328125, 0.2587890625, 0.134521484375, 0.1171875]"
synthetic_8_0.3_3,synthetic,Pie chart,256,0.5,0.0034840249477836142,,"[0.126220703125, 0.182861328125, 0.0, 0.00830078125, 0.17236328125, 0.25537109375, 0.1376953125, 0.1171875]"
synthetic_8_0.3_3,synthetic,Pie chart,256,0.75,0.0033822848766873297,,"[0.12744140625, 0.184326171875, 0.0, 0.00830078125, 0.169677734375, 0.256591796875, 0.136474609375, 0.1171875]"
synthetic_8_0.3_3,synthetic,Donut chart,256,0.0,0.0027561890176033797,,"[0.12646484375, 0.185791015625, 0.0, 0.008056640625, 0.17236328125, 0.255859375, 0.135986328125, 0.115478515625]"
synthetic_8_0.3_3,synthetic,Donut chart,256,0.25,0.003790015774763022,,"[0.126220703125, 0.182861328125, 0.0, 0.008056640625, 0.17236328125, 0.2587890625, 0.134521484375, 0.1171875]"
synthetic_8_0.3_3,synthetic,Donut chart,256,0.5,0.0034840249477836142,,"[0.126220703125, 0.182861328125, 0.0, 0.00830078125, 0.17236328125, 0.25537109375, 0.1376953125, 0.1171875]"
synthetic_8_0.3_3,synthetic,Donut chart,256,0.75,0.0033822848766873297,,"[0.12744140625, 0.184326171875, 0.0, 0.00830078125, 0.169677734375, 0.256591796875, 0.136474609375, 0.1171875]"
synthetic_8_0.3_3,synthetic,Stacked bar,256,0.0,0.010993512221672042,,"[0.12121212121212122, 0.18614718614718614, 0.0, 0.008658008658008658, 0.16883116883116883, 0.2554112554112554, 0.13852813852813853, 0.12121212121212122]"
synthetic_8_0.3_3,synthetic,Stacked bar,256,0.25,0.00949559150622516,,"[0.12121212121212122, 0.18181818181818182, 0.0, 0.008658008658008658, 0.17316017316017315, 0.2554112554112554, 0.13852813852813853, 0.12121212121212122]"
synthetic_8_0.3_3,synthetic,Stacked bar,256,0.5,0.01081532862587196,,"[0.12987012987012986, 0.18181818181818182, 0.0, 0.004329004329004329, 0.16883116883116883, 0.26406926406926406, 0.1341991341991342, 0.11688311688311688]"
synthetic_8_0.3_3,synthetic,Stacked bar,256,0.75,0.007333010556768324,,"[0.12554112554112554, 0.18614718614718614, 0.0, 0.008658008658008658, 0.16883116883116883, 0.2597402597402597, 0.1341991341991342, 0.11688311688311688]"
synthetic_8_0.3_3,synthetic,Bar chart,384,0.125,0.004179572006192357,,"[0.12605042016806722, 0.18487394957983194, 0.0, 0.008403361344537816, 0.17366946778711484, 0.2549019607843137, 0.13445378151260506, 0.11764705882352941]"
synthetic_8_0.3_3,synthetic,Bar chart,384,0.375,0.0033388035617470386,,"[0.1274787535410765, 0.18413597733711046, 0.0, 0.0056657223796034, 0.17280453257790365, 0.2577903682719547, 0.1359773371104816, 0.11614730878186968]"
synthetic_8_0.3_3,synthetic,Bar chart,384,0.625,0.0033388035617470386,,"[0.1274787535410765, 0.18413597733711046, 0.0, 0.0056657223796034, 0.17280453257790365, 0.2577903682719547, 0.1359773371104816, 0.11614730878186968]"
synthetic_8_0.3_3,synthetic,Bar chart,384,0.875,0.0067001343856066195,,"[0.12535612535612536, 0.18518518518518517, 0.0, 0.005698005698005698, 0.17378917378917377, 0.25925925925925924, 0.1339031339031339, 0.1168091168091168]"
synthetic_8_0.3_3,synthetic,Pie chart,384,0.125,0.0015354858926033797,,"[0.126953125, 0.18408203125, 0.000244140625, 0.009033203125, 0.17236328125, 0.255859375, 0.135498046875, 0.115966796875]"
synthetic_8_0.3_3,synthetic,Pie chart,384,0.375,0.00334394129791076,,"[0.126220703125, 0.18408203125, 0.0, 0.0078125, 0.171142578125, 0.257080078125, 0.136474609375, 0.1171875]"
synthetic_8_0.3_3,synthetic,Pie chart,384,0.625,0.00334394129791076,,"[0.126220703125, 0.18408203125, 0.0, 0.0078125, 0.171142578125, 0.257080078125, 0.136474609375, 0.1171875]"
synthetic_8_0.3_3,synthetic,Pie chart,384,0.875,0.0024691188690070445,,"[0.12744140625, 0.182373046875, 0.0, 0.0078125, 0.17236328125, 0.255859375, 0.136962890625, 0.1171875]"
synthetic_8_0.3_3,synthetic,Donut chart,384,0.125,0.0015354858926033797,,"[0.126953125, 0.18408203125, 0.000244140625, 0.009033203125, 0.17236328125, 0.255859375, 0.135498046875, 0.115966796875]"
synthetic_8_0.3_3,synthetic,Donut chart,384,0.375,0.00334394129791076,,"[0.126220703125, 0.18408203125, 0.0, 0.0078125, 0.171142578125, 0.257080078125, 0.136474609375, 0.1171875]"
synthetic_8_0.3_3,synthetic,Donut chart,384,0.625,0.00334394129791076,,"[0.126220703125, 0.18408203125, 0.0, 0.0078125, 0.171142578125, 0.257080078125, 0.136474609375, 0.1171875]"
synthetic_8_0.3_3,synthetic,Donut chart,384,0.875,0.0024691188690070445,,"[0.12744140625, 0.182373046875, 0.0, 0.0078125, 0.17236328125, 0.255859375, 0.136962890625, 0.1171875]"
synthetic_8_0.3_3,synthetic,Stacked bar,384,0.125,0.006935079796720607,,"[0.12534818941504178, 0.18662952646239556, 0.0, 0.008356545961002786, 0.16991643454038996, 0.2562674094707521, 0.13370473537604458, 0.11977715877437325]"
synthetic_8_0.3_3,synthetic,Stacked bar,384,0.375,0.005917788708160462,,"[0.12849162011173185, 0.18156424581005587, 0.0, 0.008379888268156424, 0.17318435754189945, 0.25977653631284914, 0.1340782122905028, 0.11452513966480447]"
synthetic_8_0.3_3,synthetic,Stacked bar,384,0.625,0.01038000123319832,,"[0.12534818941504178, 0.181058495821727, 0.0, 0.005571030640668524, 0.16991643454038996, 0.2618384401114206, 0.1392757660167131, 0.116991643454039]"
synthetic_8_0.3_3,synthetic,Stacked bar,384,0.875,0.008022316866589854,,"[0.12256267409470752, 0.18662952646239556, 0.0, 0.008356545961002786, 0.16991643454038996, 0.2562674094707521, 0.13649025069637882, 0.11977715877437325]"
synthetic_8_1_0,synthetic,Bar chart,256,0.0,0.0055028086943418025,,"[0.06550218340611354, 0.05676855895196507, 0.1572052401746725, 0.29694323144104806, 0.021834061135371178, 0.05676855895196507, 0.017467248908296942, 0.32751091703056767]"
synthetic_8_1_0,synthetic,Bar chart,256,0.25,0.007221441378672158,,"[0.06578947368421052, 0.05701754385964913, 0.15789473684210525, 0.29824561403508776, 0.017543859649122806, 0.05701754385964913, 0.017543859649122806, 0.32894736842105265]"
synthetic_8_1_0,synthetic,Bar chart,256,0.5,0.014836470899229105,,"[0.06222222222222223, 0.05777777777777778, 0.15555555555555556, 0.3022222222222222, 0.017777777777777778, 0.05777777777777778, 0.013333333333333334, 0.3333333333333333]"
synthetic_8_1_0,synthetic,Bar chart,256,0.75,0.014926514873219306,,"[0.06306306306306307, 0.05405405405405406, 0.15765765765765766, 0.30180180180180183, 0.018018018018018018, 0.058558558558558564, 0.013513513513513514, 0.3333333333333333]"
synthetic_8_1_0,synthetic,Pie chart,256,0.0,0.004308275539308584,,"[0.06591796875, 0.057861328125, 0.157470703125, 0.297119140625, 0.019287109375, 0.060791015625, 0.01708984375, 0.324462890625]"
synthetic_8_1_0,synthetic,Pie chart,256,0.25,0.0046320703448805185,,"[0.064208984375, 0.056884765625, 0.156005859375, 0.294921875, 0.01953125, 0.060791015625, 0.021484375, 0.326171875]"
synthetic_8_1_0,synthetic,Pie chart,256,0.5,0.001620592329141756,,"[0.06640625, 0.05712890625, 0.158203125, 0.294921875, 0.020263671875, 0.059814453125, 0.01708984375, 0.326171875]"
synthetic_8_1_0,synthetic,Pie chart,256,0.75,0.0045803714396123844,,"[0.06640625, 0.05615234375, 0.15673828125, 0.29296875, 0.0205078125, 0.061767578125, 0.01708984375, 0.328369140625]"
synthetic_8_1_0,synthetic,Donut chart,256,0.0,0.004308275539308584,,"[0.06591796875, 0.057861328125, 0.157470703125, 0.297119140625, 0.019287109375, 0.060791015625, 0.01708984375, 0.324462890625]"
synthetic_8_1_0,synthetic,Donut chart,256,0.25,0.0046320703448805185,,"[0.064208984375, 0.056884765625, 0.156005859375, 0.294921875, 0.01953125, 0.060791015625, 0.021484375, 0.326171875]"
synthetic_8_1_0,synthetic,Donut chart,256,0.5,0.001620592329141756,,"[0.06640625, 0.05712890625, 0.158203125, 0.294921875, 0.020263671875, 0.059814453125, 0.01708984375, 0.326171875]"
synthetic_8_1_0,synthetic,Donut chart,256,0.75,0.0045803714396123844,,"[0.06640625, 0.05615234375, 0.15673828125, 0.29296875, 0.0205078125, 0.061767578125, 0.01708984375, 0.328369140625]"
synthetic_8_1_0,synthetic,Stacked bar,256,0.0,0.008960874452569309,,"[0.06060606060606061, 0.05627705627705628, 0.15584415584415584, 0.2943722943722944, 0.021645021645021644, 0.06060606060606061, 0.021645021645021644, 0.329004329004329]"
synthetic_8_1_0,synthetic,Stacked bar,256,0.25,0.008960874452569309,,"[0.06060606060606061, 0.05627705627705628, 0.15584415584415584, 0.2943722943722944, 0.021645021645021644, 0.06060606060606061, 0.021645021645021644, 0.329004329004329]"
synthetic_8_1_0,synthetic,Stacked bar,256,0.5,0.01176922030429611,,"[0.06493506493506493, 0.05627705627705628, 0.15584415584415584, 0.29004329004329005, 0.017316017316017316, 0.06493506493506493, 0.021645021645021644, 0.329004329004329]"
synthetic_8_1_0,synthetic,Stacked bar,256,0.75,0.004655785447202323,,"[0.06926406926406926, 0.05627705627705628, 0.15584415584415584, 0.2943722943722944, 0.021645021645021644, 0.06060606060606061, 0.017316017316017316, 0.3246753246753247]"
synthetic_8_1_0,synthetic,Bar chart,384,0.125,0.005841587248965861,,"[0.06460674157303371, 0.05617977528089888, 0.15730337078651688, 0.29775280898876405, 0.01966292134831461, 0.058988764044943826, 0.016853932584269666, 0.32865168539325845]"
synthetic_8_1_0,synthetic,Bar chart,384,0.375,0.005232313629722344,,"[0.06478873239436621, 0.056338028169014086, 0.15774647887323945, 0.295774647887324, 0.01971830985915493, 0.05915492957746479, 0.016901408450704227, 0.32957746478873245]"
synthetic_8_1_0,synthetic,Bar chart,384,0.625,0.01070515065185506,,"[0.06571428571428571, 0.05714285714285714, 0.1571428571428571, 0.3, 0.017142857142857144, 0.05714285714285714, 0.014285714285714285, 0.3314285714285714]"
synthetic_8_1_0,synthetic,Bar chart,384,0.875,0.01070515065185506,,"[0.06571428571428571, 0.05714285714285714, 0.1571428571428571, 0.3, 0.017142857142857144, 0.05714285714285714, 0.014285714285714285, 0.3314285714285714]"
synthetic_8_1_0,synthetic,Pie chart,384,0.125,0.002327928026833976,,"[0.066650390625, 0.057373046875, 0.15771484375, 0.295166015625, 0.019775390625, 0.060302734375, 0.0185546875, 0.324462890625]"
synthetic_8_1_0,synthetic,Pie chart,384,0.375,0.0019737459823551268,,"[0.06640625, 0.05810546875, 0.15673828125, 0.293701171875, 0.02001953125, 0.06005859375, 0.017822265625, 0.3271484375]"
synthetic_8_1_0,synthetic,Pie chart,384,0.625,0.0019737459823551268,,"[0.06640625, 0.05810546875, 0.15673828125, 0.293701171875, 0.02001953125, 0.06005859375, 0.017822265625, 0.3271484375]"
synthetic_8_1_0,synthetic,Pie chart,384,0.875,0.0027061678573551268,,"[0.066650390625, 0.0576171875, 0.156005859375, 0.293701171875, 0.019775390625, 0.06005859375, 0.017822265625, 0.328369140625]"
synthetic_8_1_0,synthetic,Donut chart,384,0.125,0.002327928026833976,,"[0.066650390625, 0.057373046875, 0.15771484375, 0.295166015625, 0.019775390625, 0.060302734375, 0.0185546875, 0.324462890625]"
synthetic_8_1_0,synthetic,Donut chart,384,0.375,0.0019737459823551268,,"[0.06640625, 0.05810546875, 0.15673828125, 0.293701171875, 0.02001953125, 0.06005859375, 0.017822265625, 0.3271484375]"
synthetic_8_1_0,synthetic,Donut chart,384,0.625,0.0019737459823551268,,"[0.06640625, 0.05810546875, 0.15673828125, 0.293701171875, 0.02001953125, 0.06005859375, 0.017822265625, 0.3271484375]"
synthetic_8_1_0,synthetic,Donut chart,384,0.875,0.0027061678573551268,,"[0.066650390625, 0.0576171875, 0.156005859375, 0.293701171875, 0.019775390625, 0.06005859375, 0.017822265625, 0.328369140625]"
synthetic_8_1_0,synthetic,Stacked bar,384,0.125,0.009279901804009727,,"[0.06406685236768803, 0.052924791086350974, 0.15598885793871867, 0.29526462395543174, 0.022284122562674095, 0.06406685236768803, 0.016713091922005572, 0.3286908077994429]"
synthetic_8_1_0,synthetic,Stacked bar,384,0.375,0.00557759965265377,,"[0.06406685236768803, 0.0584958217270195, 0.15598885793871867, 0.29526462395543174, 0.019498607242339833, 0.0584958217270195, 0.019498607242339833, 0.3286908077994429]"
synthetic_8_1_0,synthetic,Stacked bar,384,0.625,0.00698268867018997,,"[0.06685236768802229, 0.0584958217270195, 0.15598885793871867, 0.2924791086350975, 0.016713091922005572, 0.06128133704735376, 0.022284122562674095, 0.32590529247910865]"
synthetic_8_1_0,synthetic,Stacked bar,384,0.875,0.006494386483675462,,"[0.06406685236768803, 0.055710306406685235, 0.15598885793871867, 0.29526462395543174, 0.022284122562674095, 0.06128133704735376, 0.016713091922005572, 0.3286908077994429]"
synthetic_8_1_1,synthetic,Bar chart,256,0.0,0.005665941764918505,,"[0.021929824561403508, 0.030701754385964914, 0.3114035087719298, 0.2675438596491228, 0.052631578947368425, 0.16228070175438594, 0.008771929824561403, 0.14473684210526316]"
synthetic_8_1_1,synthetic,Bar chart,256,0.25,0.009392919100357843,,"[0.017621145374449337, 0.030837004405286344, 0.31277533039647576, 0.2687224669603524, 0.05286343612334802, 0.16299559471365638, 0.008810572687224669, 0.14537444933920704]"
synthetic_8_1_1,synthetic,Bar chart,256,0.5,0.009407720512199937,,"[0.017777777777777778, 0.031111111111111114, 0.31555555555555553, 0.26666666666666666, 0.05333333333333334, 0.16444444444444442, 0.008888888888888889, 0.14222222222222222]"
synthetic_8_1_1,synthetic,Bar chart,256,0.75,0.012923435274477119,,"[0.017937219730941704, 0.026905829596412557, 0.3183856502242152, 0.2690582959641255, 0.053811659192825115, 0.16143497757847533, 0.008968609865470852, 0.14349775784753363]"
synthetic_8_1_1,synthetic,Pie chart,256,0.0,0.004554811837233857,,"[0.02392578125, 0.0302734375, 0.310302734375, 0.265869140625, 0.05517578125, 0.161865234375, 0.01123046875, 0.141357421875]"
synthetic_8_1_1,synthetic,Pie chart,256,0.25,0.0030692423161325774,,"[0.022216796875, 0.0302734375, 0.310302734375, 0.2646484375, 0.05322265625, 0.1650390625, 0.01123046875, 0.14306640625]"
synthetic_8_1_1,synthetic,Pie chart,256,0.5,0.004335183450238035,,"[0.022216796875, 0.0322265625, 0.30859375, 0.2646484375, 0.052490234375, 0.161865234375, 0.014892578125, 0.14306640625]"
synthetic_8_1_1,synthetic,Pie chart,256,0.75,0.004751927348704859,,"[0.022216796875, 0.0302734375, 0.308349609375, 0.263427734375, 0.05419921875, 0.1650390625, 0.011474609375, 0.14501953125]"
synthetic_8_1_1,synthetic,Donut chart,256,0.0,0.004554811837233857,,"[0.02392578125, 0.0302734375, 0.310302734375, 0.265869140625, 0.05517578125, 0.161865234375, 0.01123046875, 0.141357421875]"
synthetic_8_1_1,synthetic,Donut chart,256,0.25,0.0030692423161325774,,"[0.022216796875, 0.0302734375, 0.310302734375, 0.2646484375, 0.05322265625, 0.1650390625, 0.01123046875, 0.14306640625]"
synthetic_8_1_1,synthetic,Donut chart,256,0.5,0.004335183450238035,,"[0.022216796875, 0.0322265625, 0.30859375, 0.2646484375, 0.052490234375, 0.161865234375, 0.014892578125, 0.14306640625]"
synthetic_8_1_1,synthetic,Donut chart,256,0.75,0.004751927348704859,,"[0.022216796875, 0.0302734375, 0.308349609375, 0.263427734375, 0.05419921875, 0.1650390625, 0.011474609375, 0.14501953125]"
synthetic_8_1_1,synthetic,Stacked bar,256,0.0,0.009673657181462646,,"[0.017316017316017316, 0.030303030303030304, 0.30735930735930733, 0.26406926406926406, 0.05627705627705628, 0.1645021645021645, 0.012987012987012988, 0.1471861471861472]"
synthetic_8_1_1,synthetic,Stacked bar,256,0.25,0.018331665839471316,,"[0.017316017316017316, 0.025974025974025976, 0.30735930735930733, 0.2597402597402597, 0.05627705627705628, 0.1645021645021645, 0.021645021645021644, 0.1471861471861472]"
synthetic_8_1_1,synthetic,Stacked bar,256,0.5,0.004307308539330216,,"[0.021645021645021644, 0.030303030303030304, 0.3116883116883117, 0.26406926406926406, 0.05194805194805195, 0.1645021645021645, 0.012987012987012988, 0.14285714285714285]"
synthetic_8_1_1,synthetic,Stacked bar,256,0.75,0.005395880297928997,,"[0.021645021645021644, 0.03463203463203463, 0.3116883116883117, 0.26406926406926406, 0.05194805194805195, 0.16017316017316016, 0.012987012987012988, 0.14285714285714285]"
synthetic_8_1_1,synthetic,Bar chart,384,0.125,0.004356538364823528,,"[0.019662921348314606, 0.03089887640449438, 0.31179775280898875, 0.26685393258426965, 0.05337078651685393, 0.16292134831460675, 0.011235955056179775, 0.14325842696629212]"
synthetic_8_1_1,synthetic,Bar chart,384,0.375,0.006530727408180295,,"[0.019774011299435026, 0.03107344632768361, 0.31355932203389825, 0.26553672316384175, 0.05367231638418078, 0.1638418079096045, 0.00847457627118644, 0.14406779661016947]"
synthetic_8_1_1,synthetic,Bar chart,384,0.625,0.007194195827837841,,"[0.019830028328611898, 0.031161473087818695, 0.31444759206798867, 0.26628895184135976, 0.053824362606232294, 0.16147308781869688, 0.0084985835694051, 0.14447592067988668]"
synthetic_8_1_1,synthetic,Bar chart,384,0.875,0.010642556200694903,,"[0.02005730659025788, 0.028653295128939826, 0.3151862464183381, 0.2693409742120344, 0.05157593123209169, 0.16332378223495703, 0.008595988538681949, 0.14326647564469916]"
synthetic_8_1_1,synthetic,Pie chart,384,0.125,0.005295965032972637,,"[0.021240234375, 0.030517578125, 0.314208984375, 0.263671875, 0.05419921875, 0.163818359375, 0.01025390625, 0.14208984375]"
synthetic_8_1_1,synthetic,Pie chart,384,0.375,0.0016670543236745336,,"[0.022705078125, 0.031494140625, 0.310546875, 0.26318359375, 0.053955078125, 0.161865234375, 0.012939453125, 0.143310546875]"
synthetic_8_1_1,synthetic,Pie chart,384,0.625,0.0016670543236745336,,"[0.022705078125, 0.031494140625, 0.310546875, 0.26318359375, 0.053955078125, 0.161865234375, 0.012939453125, 0.143310546875]"
synthetic_8_1_1,synthetic,Pie chart,384,0.875,0.002961026093852833,,"[0.02392578125, 0.03125, 0.310302734375, 0.261962890625, 0.0537109375, 0.163818359375, 0.01171875, 0.143310546875]"
synthetic_8_1_1,synthetic,Donut chart,384,0.125,0.005295965032972637,,"[0.021240234375, 0.030517578125, 0.314208984375, 0.263671875, 0.05419921875, 0.163818359375, 0.01025390625, 0.14208984375]"
synthetic_8_1_1,synthetic,Donut chart,384,0.375,0.0016670543236745336,,"[0.022705078125, 0.031494140625, 0.310546875, 0.26318359375, 0.053955078125, 0.161865234375, 0.012939453125, 0.143310546875]"
synthetic_8_1_1,synthetic,Donut chart,384,0.625,0.0016670543236745336,,"[0.022705078125, 0.031494140625, 0.310546875, 0.26318359375, 0.053955078125, 0.161865234375, 0.012939453125, 0.143310546875]"
synthetic_8_1_1,synthetic,Donut chart,384,0.875,0.002961026093852833,,"[0.02392578125, 0.03125, 0.310302734375, 0.261962890625, 0.0537109375, 0.163818359375, 0.01171875, 0.143310546875]"
synthetic_8_1_1,synthetic,Stacked bar,384,0.125,0.008644488428651375,,"[0.019498607242339833, 0.027855153203342618, 0.30919220055710306, 0.2646239554317549, 0.055710306406685235, 0.1671309192200557, 0.011142061281337047, 0.14484679665738162]"
synthetic_8_1_1,synthetic,Stacked bar,384,0.375,0.00612496073858026,,"[0.019498607242339833, 0.03064066852367688, 0.30919220055710306, 0.2646239554317549, 0.055710306406685235, 0.1615598885793872, 0.013927576601671309, 0.14484679665738162]"
synthetic_8_1_1,synthetic,Stacked bar,384,0.625,0.008499305729700243,,"[0.019498607242339833, 0.033426183844011144, 0.30919220055710306, 0.2618384401114206, 0.052924791086350974, 0.1615598885793872, 0.016713091922005572, 0.14484679665738162]"
synthetic_8_1_1,synthetic,Stacked bar,384,0.875,0.004856598261137565,,"[0.022284122562674095, 0.03064066852367688, 0.31197771587743733, 0.2618384401114206, 0.052924791086350974, 0.16434540389972144, 0.011142061281337047, 0.14484679665738162]"
synthetic_8_1_2,synthetic,Bar chart,256,0.0,0.00402850409757592,,"[0.0, 0.2445414847161572, 0.0611353711790393, 0.017467248908296942, 0.07423580786026202, 0.13100436681222705, 0.13973799126637554, 0.3318777292576419]"
synthetic_8_1_2,synthetic,Bar chart,256,0.25,0.005354879027596559,,"[0.0, 0.24561403508771928, 0.06140350877192982, 0.017543859649122806, 0.07017543859649122, 0.13157894736842102, 0.14035087719298245, 0.3333333333333333]"
synthetic_8_1_2,synthetic,Bar chart,256,0.5,0.014065020618729947,,"[0.0, 0.24888888888888888, 0.057777777777777775, 0.013333333333333332, 0.0711111111111111, 0.12888888888888886, 0.1422222222222222, 0.33777777777777773]"
synthetic_8_1_2,synthetic,Bar chart,256,0.75,0.013295496273195088,,"[0.0, 0.25112107623318386, 0.05829596412556055, 0.01345291479820628, 0.07174887892376682, 0.13004484304932737, 0.13901345291479822, 0.336322869955157]"
synthetic_8_1_2,synthetic,Pie chart,256,0.0,0.003532595202064137,,"[0.00341796875, 0.245361328125, 0.061767578125, 0.01806640625, 0.07275390625, 0.131591796875, 0.14013671875, 0.326904296875]"
synthetic_8_1_2,synthetic,Pie chart,256,0.25,0.004404703677753337,,"[0.0, 0.24267578125, 0.061767578125, 0.01806640625, 0.07275390625, 0.13427734375, 0.14013671875, 0.330322265625]"
synthetic_8_1_2,synthetic,Pie chart,256,0.5,0.0055006079229358625,,"[0.0, 0.24267578125, 0.06201171875, 0.01611328125, 0.074462890625, 0.130615234375, 0.143798828125, 0.330322265625]"
synthetic_8_1_2,synthetic,Pie chart,256,0.75,0.004643514939620645,,"[0.002197265625, 0.24267578125, 0.06396484375, 0.01611328125, 0.074462890625, 0.130615234375, 0.1396484375, 0.330322265625]"
synthetic_8_1_2,synthetic,Donut chart,256,0.0,0.003532595202064137,,"[0.00341796875, 0.245361328125, 0.061767578125, 0.01806640625, 0.07275390625, 0.131591796875, 0.14013671875, 0.326904296875]"
synthetic_8_1_2,synthetic,Donut chart,256,0.25,0.004404703677753337,,"[0.0, 0.24267578125, 0.061767578125, 0.01806640625, 0.07275390625, 0.13427734375, 0.14013671875, 0.330322265625]"
synthetic_8_1_2,synthetic,Donut chart,256,0.5,0.0055006079229358625,,"[0.0, 0.24267578125, 0.06201171875, 0.01611328125, 0.074462890625, 0.130615234375, 0.143798828125, 0.330322265625]"
synthetic_8_1_2,synthetic,Donut chart,256,0.75,0.004643514939620645,,"[0.002197265625, 0.24267578125, 0.06396484375, 0.01611328125, 0.074462890625, 0.130615234375, 0.1396484375, 0.330322265625]"
synthetic_8_1_2,synthetic,Stacked bar,256,0.0,0.007474503010588419,,"[0.0, 0.24242424242424243, 0.06060606060606061, 0.021645021645021644, 0.0735930735930736, 0.12987012987012986, 0.14285714285714285, 0.329004329004329]"
synthetic_8_1_2,synthetic,Stacked bar,256,0.25,0.009459033850431283,,"[0.0, 0.24242424242424243, 0.06060606060606061, 0.017316017316017316, 0.06926406926406926, 0.13852813852813853, 0.14285714285714285, 0.329004329004329]"
synthetic_8_1_2,synthetic,Stacked bar,256,0.5,0.006901904350888822,,"[0.0, 0.24675324675324675, 0.06060606060606061, 0.017316017316017316, 0.0735930735930736, 0.12987012987012986, 0.13852813852813853, 0.3333333333333333]"
synthetic_8_1_2,synthetic,Stacked bar,256,0.75,0.005707966959623861,,"[0.004329004329004329, 0.24675324675324675, 0.06060606060606061, 0.017316017316017316, 0.0735930735930736, 0.12987012987012986, 0.13852813852813853, 0.329004329004329]"
synthetic_8_1_2,synthetic,Bar chart,384,0.125,0.0030767832263720097,,"[0.0, 0.2464985994397759, 0.061624649859943974, 0.016806722689075633, 0.07282913165266107, 0.13165266106442577, 0.1400560224089636, 0.33053221288515405]"
synthetic_8_1_2,synthetic,Bar chart,384,0.375,0.006124731982684081,,"[0.0, 0.2457627118644068, 0.059322033898305086, 0.01694915254237288, 0.07344632768361582, 0.12994350282485875, 0.14124293785310735, 0.3333333333333333]"
synthetic_8_1_2,synthetic,Bar chart,384,0.625,0.009607949911659239,,"[0.0, 0.2471590909090909, 0.05965909090909091, 0.014204545454545454, 0.07102272727272728, 0.1306818181818182, 0.14204545454545456, 0.3352272727272727]"
synthetic_8_1_2,synthetic,Bar chart,384,0.875,0.008708692941997153,,"[0.0, 0.24857142857142855, 0.06, 0.014285714285714285, 0.07142857142857142, 0.13142857142857142, 0.13999999999999999, 0.3342857142857143]"
synthetic_8_1_2,synthetic,Pie chart,384,0.125,0.002616662076775271,,"[0.001220703125, 0.24462890625, 0.061767578125, 0.0166015625, 0.072998046875, 0.131591796875, 0.142822265625, 0.328369140625]"
synthetic_8_1_2,synthetic,Pie chart,384,0.375,0.0024477025869740474,,"[0.001220703125, 0.244140625, 0.0615234375, 0.0166015625, 0.073974609375, 0.130859375, 0.140869140625, 0.330810546875]"
synthetic_8_1_2,synthetic,Pie chart,384,0.625,0.0024477025869740474,,"[0.001220703125, 0.244140625, 0.0615234375, 0.0166015625, 0.073974609375, 0.130859375, 0.140869140625, 0.330810546875]"
synthetic_8_1_2,synthetic,Pie chart,384,0.875,0.0029495692298410745,,"[0.001220703125, 0.244873046875, 0.0615234375, 0.0166015625, 0.072021484375, 0.130859375, 0.141845703125, 0.3310546875]"
synthetic_8_1_2,synthetic,Donut chart,384,0.125,0.002616662076775271,,"[0.001220703125, 0.24462890625, 0.061767578125, 0.0166015625, 0.072998046875, 0.131591796875, 0.142822265625, 0.328369140625]"
synthetic_8_1_2,synthetic,Donut chart,384,0.375,0.0024477025869740474,,"[0.001220703125, 0.244140625, 0.0615234375, 0.0166015625, 0.073974609375, 0.130859375, 0.140869140625, 0.330810546875]"
synthetic_8_1_2,synthetic,Donut chart,384,0.625,0.0024477025869740474,,"[0.001220703125, 0.244140625, 0.0615234375, 0.0166015625, 0.073974609375, 0.130859375, 0.140869140625, 0.330810546875]"
synthetic_8_1_2,synthetic,Donut chart,384,0.875,0.0029495692298410745,,"[0.001220703125, 0.244873046875, 0.0615234375, 0.0166015625, 0.072021484375, 0.130859375, 0.141845703125, 0.3310546875]"
synthetic_8_1_2,synthetic,Stacked bar,384,0.125,0.006148067143762599,,"[0.0, 0.24233983286908078, 0.06128133704735376, 0.019498607242339833, 0.07520891364902507, 0.1309192200557103, 0.14206128133704735, 0.3286908077994429]"
synthetic_8_1_2,synthetic,Stacked bar,384,0.375,0.006400555963996045,,"[0.0, 0.24233983286908078, 0.06128133704735376, 0.016713091922005572, 0.07520891364902507, 0.13370473537604458, 0.1392757660167131, 0.33147632311977715]"
synthetic_8_1_2,synthetic,Stacked bar,384,0.625,0.0074852318425872935,,"[0.0, 0.24512534818941503, 0.06128133704735376, 0.016713091922005572, 0.06963788300835655, 0.13649025069637882, 0.1392757660167131, 0.33147632311977715]"
synthetic_8_1_2,synthetic,Stacked bar,384,0.875,0.005348669184025427,,"[0.002785515320334262, 0.24512534818941503, 0.06128133704735376, 0.019498607242339833, 0.06963788300835655, 0.1309192200557103, 0.14206128133704735, 0.3286908077994429]"
synthetic_8_1_3,synthetic,Bar chart,256,0.0,0.003447413913916051,,"[0.048034934497816595, 0.11790393013100436, 0.0, 0.06986899563318777, 0.22270742358078602, 0.004366812227074236, 0.5065502183406113, 0.030567685589519653]"
synthetic_8_1_3,synthetic,Bar chart,256,0.25,0.010890042363418926,,"[0.04405286343612335, 0.11894273127753305, 0.0, 0.07048458149779736, 0.22466960352422907, 0.0, 0.5110132158590308, 0.030837004405286347]"
synthetic_8_1_3,synthetic,Bar chart,256,0.5,0.011956864050474289,,"[0.04424778761061947, 0.11504424778761063, 0.0, 0.07079646017699115, 0.22566371681415928, 0.0, 0.5132743362831859, 0.03097345132743363]"
synthetic_8_1_3,synthetic,Bar chart,256,0.75,0.01700039127016059,,"[0.04484304932735426, 0.1165919282511211, 0.0, 0.06726457399103139, 0.2242152466367713, 0.0, 0.5201793721973095, 0.02690582959641256]"
synthetic_8_1_3,synthetic,Pie chart,256,0.0,0.0038088890230418967,,"[0.04833984375, 0.11669921875, 0.0, 0.071533203125, 0.221923828125, 0.00634765625, 0.503662109375, 0.031494140625]"
synthetic_8_1_3,synthetic,Pie chart,256,0.25,0.005614168036623158,,"[0.046630859375, 0.11474609375, 0.0, 0.06982421875, 0.222412109375, 0.005859375, 0.50732421875, 0.033203125]"
synthetic_8_1_3,synthetic,Pie chart,256,0.5,0.00324502334955716,,"[0.050537109375, 0.115234375, 0.0, 0.06982421875, 0.2216796875, 0.005859375, 0.505615234375, 0.03125]"
synthetic_8_1_3,synthetic,Pie chart,256,0.75,0.003152115565565738,,"[0.048583984375, 0.116943359375, 0.001953125, 0.07177734375, 0.219970703125, 0.00390625, 0.505615234375, 0.03125]"
synthetic_8_1_3,synthetic,Donut chart,256,0.0,0.0038088890230418967,,"[0.04833984375, 0.11669921875, 0.0, 0.071533203125, 0.221923828125, 0.00634765625, 0.503662109375, 0.031494140625]"
synthetic_8_1_3,synthetic,Donut chart,256,0.25,0.005614168036623158,,"[0.046630859375, 0.11474609375, 0.0, 0.06982421875, 0.222412109375, 0.005859375, 0.50732421875, 0.033203125]"
synthetic_8_1_3,synthetic,Donut chart,256,0.5,0.00324502334955716,,"[0.050537109375, 0.115234375, 0.0, 0.06982421875, 0.2216796875, 0.005859375, 0.505615234375, 0.03125]"
synthetic_8_1_3,synthetic,Donut chart,256,0.75,0.003152115565565738,,"[0.048583984375, 0.116943359375, 0.001953125, 0.07177734375, 0.219970703125, 0.00390625, 0.505615234375, 0.03125]"
synthetic_8_1_3,synthetic,Stacked bar,256,0.0,0.01200500061548064,,"[0.04329004329004329, 0.11255411255411256, 0.0, 0.0735930735930736, 0.22077922077922077, 0.008658008658008658, 0.5064935064935064, 0.03463203463203463]"
synthetic_8_1_3,synthetic,Stacked bar,256,0.25,0.01297486533154154,,"[0.04329004329004329, 0.11255411255411256, 0.0, 0.06926406926406926, 0.22077922077922077, 0.008658008658008658, 0.5108225108225108, 0.03463203463203463]"
synthetic_8_1_3,synthetic,Stacked bar,256,0.5,0.013181351864863376,,"[0.04329004329004329, 0.12121212121212122, 0.0, 0.06926406926406926, 0.22077922077922077, 0.0, 0.5108225108225108, 0.03463203463203463]"
synthetic_8_1_3,synthetic,Stacked bar,256,0.75,0.012105789782797284,,"[0.05194805194805195, 0.12121212121212122, 0.0, 0.06926406926406926, 0.21645021645021645, 0.008658008658008658, 0.5021645021645021, 0.030303030303030304]"
synthetic_8_1_3,synthetic,Bar chart,384,0.125,0.0044653098743454725,,"[0.04775280898876404, 0.11797752808988762, 0.0, 0.07022471910112359, 0.22191011235955055, 0.0028089887640449433, 0.5084269662921348, 0.030898876404494378]"
synthetic_8_1_3,synthetic,Bar chart,384,0.375,0.005039252184588714,,"[0.047887323943661964, 0.11549295774647884, 0.0, 0.0704225352112676, 0.22253521126760561, 0.002816901408450704, 0.5098591549295775, 0.03098591549295774]"
synthetic_8_1_3,synthetic,Bar chart,384,0.625,0.0107146988858135,,"[0.045584045584045586, 0.11680911680911682, 0.0, 0.06837606837606838, 0.2250712250712251, 0.0, 0.5128205128205129, 0.03133903133903134]"
synthetic_8_1_3,synthetic,Bar chart,384,0.875,0.013156701327815934,,"[0.045714285714285714, 0.11714285714285715, 0.0, 0.06857142857142857, 0.22571428571428573, 0.0, 0.5142857142857143, 0.028571428571428574]"
synthetic_8_1_3,synthetic,Pie chart,384,0.125,0.0030263796739491136,,"[0.050048828125, 0.11572265625, 0.000244140625, 0.071044921875, 0.223388671875, 0.003662109375, 0.505126953125, 0.03076171875]"
synthetic_8_1_3,synthetic,Pie chart,384,0.375,0.004053698451050886,,"[0.0478515625, 0.116943359375, 0.00146484375, 0.069580078125, 0.219970703125, 0.0048828125, 0.50732421875, 0.031982421875]"
synthetic_8_1_3,synthetic,Pie chart,384,0.625,0.004053698451050886,,"[0.0478515625, 0.116943359375, 0.00146484375, 0.069580078125, 0.219970703125, 0.0048828125, 0.50732421875, 0.031982421875]"
synthetic_8_1_3,synthetic,Pie chart,384,0.875,0.0028861897388572843,,"[0.049072265625, 0.11474609375, 0.00048828125, 0.0703125, 0.221435546875, 0.005859375, 0.506103515625, 0.031982421875]"
synthetic_8_1_3,synthetic,Donut chart,384,0.125,0.0030263796739491136,,"[0.050048828125, 0.11572265625, 0.000244140625, 0.071044921875, 0.223388671875, 0.003662109375, 0.505126953125, 0.03076171875]"
synthetic_8_1_3,synthetic,Donut chart,384,0.375,0.004053698451050886,,"[0.0478515625, 0.116943359375, 0.00146484375, 0.069580078125, 0.219970703125, 0.0048828125, 0.50732421875, 0.031982421875]"
synthetic_8_1_3,synthetic,Donut chart,384,0.625,0.004053698451050886,,"[0.0478515625, 0.116943359375, 0.00146484375, 0.069580078125, 0.219970703125, 0.0048828125, 0.50732421875, 0.031982421875]"
synthetic_8_1_3,synthetic,Donut chart,384,0.875,0.0028861897388572843,,"[0.049072265625, 0.11474609375, 0.00048828125, 0.0703125, 0.221435546875, 0.005859375, 0.506103515625, 0.031982421875]"
synthetic_8_1_3,synthetic,Stacked bar,384,0.125,0.008158032207566585,,"[0.04456824512534819, 0.116991643454039, 0.0, 0.06963788300835655, 0.2200557103064067, 0.005571030640668524, 0.5097493036211699, 0.033426183844011144]"
synthetic_8_1_3,synthetic,Stacked bar,384,0.375,0.005617568323879427,,"[0.04735376044568245, 0.11420612813370473, 0.0, 0.06963788300835655, 0.22284122562674094, 0.005571030640668524, 0.5069637883008357, 0.033426183844011144]"
synthetic_8_1_3,synthetic,Stacked bar,384,0.625,0.008331249308929672,,"[0.04735376044568245, 0.11420612813370473, 0.0, 0.07242339832869081, 0.2200557103064067, 0.008356545961002786, 0.5041782729805014, 0.033426183844011144]"
synthetic_8_1_3,synthetic,Stacked bar,384,0.875,0.0066818161174167215,,"[0.04735376044568245, 0.116991643454039, 0.0, 0.06963788300835655, 0.2200557103064067, 0.002785515320334262, 0.5097493036211699, 0.033426183844011144]"
synthetic_8_5_0,synthetic,Bar chart,256,0.0,0.004226535646989681,,"[0.1703056768558952, 0.05676855895196507, 0.10480349344978167, 0.09170305676855896, 0.07860262008733625, 0.12663755458515283, 0.13100436681222707, 0.24017467248908297]"
synthetic_8_5_0,synthetic,Bar chart,256,0.25,0.004400443713422998,,"[0.16740088105726872, 0.05726872246696035, 0.10572687224669604, 0.09251101321585903, 0.07929515418502202, 0.1277533039647577, 0.13215859030837002, 0.23788546255506607]"
synthetic_8_5_0,synthetic,Bar chart,256,0.5,0.006496029492085855,,"[0.1688888888888889, 0.05777777777777778, 0.10222222222222223, 0.09333333333333334, 0.08, 0.12444444444444445, 0.13333333333333333, 0.24]"
synthetic_8_5_0,synthetic,Bar chart,256,0.75,0.0076163218897540436,,"[0.17040358744394618, 0.05829596412556054, 0.10313901345291479, 0.08968609865470852, 0.07623318385650224, 0.12556053811659193, 0.13452914798206275, 0.24215246636771298]"
synthetic_8_5_0,synthetic,Pie chart,256,0.0,0.003905809225266184,,"[0.169189453125, 0.05859375, 0.104736328125, 0.091064453125, 0.078369140625, 0.1279296875, 0.134765625, 0.2353515625]"
synthetic_8_5_0,synthetic,Pie chart,256,0.25,0.00309659786325555,,"[0.16943359375, 0.0595703125, 0.104736328125, 0.091064453125, 0.07861328125, 0.128662109375, 0.130859375, 0.237060546875]"
synthetic_8_5_0,synthetic,Pie chart,256,0.5,0.004853770883200291,,"[0.16748046875, 0.06005859375, 0.104736328125, 0.091064453125, 0.078125, 0.125, 0.134521484375, 0.239013671875]"
synthetic_8_5_0,synthetic,Pie chart,256,0.75,0.002346737636186709,,"[0.169677734375, 0.058349609375, 0.104736328125, 0.091064453125, 0.078125, 0.126708984375, 0.13232421875, 0.239013671875]"
synthetic_8_5_0,synthetic,Donut chart,256,0.0,0.003905809225266184,,"[0.169189453125, 0.05859375, 0.104736328125, 0.091064453125, 0.078369140625, 0.1279296875, 0.134765625, 0.2353515625]"
synthetic_8_5_0,synthetic,Donut chart,256,0.25,0.00309659786325555,,"[0.16943359375, 0.0595703125, 0.104736328125, 0.091064453125, 0.07861328125, 0.128662109375, 0.130859375, 0.237060546875]"
synthetic_8_5_0,synthetic,Donut chart,256,0.5,0.004853770883200291,,"[0.16748046875, 0.06005859375, 0.104736328125, 0.091064453125, 0.078125, 0.125, 0.134521484375, 0.239013671875]"
synthetic_8_5_0,synthetic,Donut chart,256,0.75,0.002346737636186709,,"[0.169677734375, 0.058349609375, 0.104736328125, 0.091064453125, 0.078125, 0.126708984375, 0.13232421875, 0.239013671875]"
synthetic_8_5_0,synthetic,Stacked bar,256,0.0,0.012330816348915339,,"[0.1645021645021645, 0.05627705627705628, 0.1038961038961039, 0.09090909090909091, 0.08225108225108226, 0.12987012987012986, 0.12987012987012986, 0.24242424242424243]"
synthetic_8_5_0,synthetic,Stacked bar,256,0.25,0.007843445473973441,,"[0.16883116883116883, 0.06060606060606061, 0.1038961038961039, 0.09090909090909091, 0.0735930735930736, 0.12987012987012986, 0.1341991341991342, 0.23809523809523808]"
synthetic_8_5_0,synthetic,Stacked bar,256,0.5,0.011161087667536079,,"[0.1645021645021645, 0.05627705627705628, 0.1038961038961039, 0.09090909090909091, 0.07792207792207792, 0.12554112554112554, 0.14285714285714285, 0.23809523809523808]"
synthetic_8_5_0,synthetic,Stacked bar,256,0.75,0.005915589433760724,,"[0.16883116883116883, 0.05627705627705628, 0.1038961038961039, 0.09090909090909091, 0.08225108225108226, 0.12554112554112554, 0.1341991341991342, 0.23809523809523808]"
synthetic_8_5_0,synthetic,Bar chart,384,0.125,0.002988408319737606,,"[0.16853932584269662, 0.05898876404494382, 0.10393258426966291, 0.09269662921348315, 0.07865168539325842, 0.12640449438202248, 0.13202247191011235, 0.23876404494382023]"
synthetic_8_5_0,synthetic,Bar chart,384,0.375,0.0030620280841820065,,"[0.16901408450704225, 0.059154929577464786, 0.10422535211267604, 0.09014084507042253, 0.07887323943661971, 0.1267605633802817, 0.1323943661971831, 0.23943661971830985]"
synthetic_8_5_0,synthetic,Bar chart,384,0.625,0.003949323347358712,,"[0.17045454545454547, 0.056818181818181816, 0.10511363636363637, 0.09090909090909091, 0.07954545454545454, 0.125, 0.13352272727272727, 0.23863636363636365]"
synthetic_8_5_0,synthetic,Bar chart,384,0.875,0.004853276509951501,,"[0.16954022988505746, 0.05747126436781609, 0.10344827586206896, 0.09195402298850575, 0.07758620689655173, 0.1264367816091954, 0.13218390804597702, 0.24137931034482757]"
synthetic_8_5_0,synthetic,Pie chart,384,0.125,0.0027159184605302436,,"[0.168701171875, 0.05859375, 0.10498046875, 0.091796875, 0.0791015625, 0.126220703125, 0.134765625, 0.23583984375]"
synthetic_8_5_0,synthetic,Pie chart,384,0.375,0.0022330420884085697,,"[0.1689453125, 0.059326171875, 0.103759765625, 0.091796875, 0.079345703125, 0.1259765625, 0.132568359375, 0.23828125]"
synthetic_8_5_0,synthetic,Pie chart,384,0.625,0.0022330420884085697,,"[0.1689453125, 0.059326171875, 0.103759765625, 0.091796875, 0.079345703125, 0.1259765625, 0.132568359375, 0.23828125]"
synthetic_8_5_0,synthetic,Pie chart,384,0.875,0.00370837952060344,,"[0.169189453125, 0.058349609375, 0.105224609375, 0.09033203125, 0.078125, 0.12548828125, 0.135009765625, 0.23828125]"
synthetic_8_5_0,synthetic,Donut chart,384,0.125,0.0027159184605302436,,"[0.168701171875, 0.05859375, 0.10498046875, 0.091796875, 0.0791015625, 0.126220703125, 0.134765625, 0.23583984375]"
synthetic_8_5_0,synthetic,Donut chart,384,0.375,0.0022330420884085697,,"[0.1689453125, 0.059326171875, 0.103759765625, 0.091796875, 0.079345703125, 0.1259765625, 0.132568359375, 0.23828125]"
synthetic_8_5_0,synthetic,Donut chart,384,0.625,0.0022330420884085697,,"[0.1689453125, 0.059326171875, 0.103759765625, 0.091796875, 0.079345703125, 0.1259765625, 0.132568359375, 0.23828125]"
synthetic_8_5_0,synthetic,Donut chart,384,0.875,0.00370837952060344,,"[0.169189453125, 0.058349609375, 0.105224609375, 0.09033203125, 0.078125, 0.12548828125, 0.135009765625, 0.23828125]"
synthetic_8_5_0,synthetic,Stacked bar,384,0.125,0.004682623126240137,,"[0.1671309192200557, 0.0584958217270195, 0.10584958217270195, 0.09192200557103064, 0.07799442896935933, 0.12534818941504178, 0.13370473537604458, 0.2395543175487465]"
synthetic_8_5_0,synthetic,Stacked bar,384,0.375,0.009420077205754874,,"[0.1671309192200557, 0.055710306406685235, 0.10306406685236769, 0.09192200557103064, 0.0807799442896936, 0.1309192200557103, 0.1309192200557103, 0.2395543175487465]"
synthetic_8_5_0,synthetic,Stacked bar,384,0.625,0.006068105985546166,,"[0.16991643454038996, 0.0584958217270195, 0.10306406685236769, 0.08913649025069638, 0.0807799442896936, 0.12534818941504178, 0.13649025069637882, 0.23676880222841226]"
synthetic_8_5_0,synthetic,Stacked bar,384,0.875,0.011366122709416084,,"[0.16434540389972144, 0.06128133704735376, 0.10584958217270195, 0.08913649025069638, 0.07520891364902507, 0.12813370473537605, 0.13649025069637882, 0.2395543175487465]"
synthetic_8_5_1,synthetic,Bar chart,256,0.0,0.004683552403852861,,"[0.10043668122270742, 0.13100436681222705, 0.17030567685589518, 0.10043668122270742, 0.13537117903930132, 0.07423580786026202, 0.13100436681222705, 0.15720524017467247]"
synthetic_8_5_1,synthetic,Bar chart,256,0.25,0.005376979639606275,,"[0.10087719298245613, 0.13157894736842105, 0.16666666666666669, 0.10087719298245613, 0.13596491228070176, 0.07456140350877194, 0.13157894736842105, 0.15789473684210525]"
synthetic_8_5_1,synthetic,Bar chart,256,0.5,0.004915551215882115,,"[0.09821428571428571, 0.1294642857142857, 0.16964285714285715, 0.10267857142857142, 0.13392857142857142, 0.07589285714285715, 0.13392857142857142, 0.15625]"
synthetic_8_5_1,synthetic,Bar chart,256,0.75,0.005391684116351422,,"[0.0990990990990991, 0.13063063063063066, 0.1711711711711712, 0.0990990990990991, 0.13513513513513514, 0.0765765765765766, 0.13063063063063066, 0.15765765765765768]"
synthetic_8_5_1,synthetic,Pie chart,256,0.0,0.0068173785925145225,,"[0.099853515625, 0.127685546875, 0.17041015625, 0.099853515625, 0.13720703125, 0.07568359375, 0.134765625, 0.154541015625]"
synthetic_8_5_1,synthetic,Pie chart,256,0.25,0.006124650593659492,,"[0.09814453125, 0.13134765625, 0.172607421875, 0.099853515625, 0.133544921875, 0.07568359375, 0.132568359375, 0.15625]"
synthetic_8_5_1,synthetic,Pie chart,256,0.5,0.005585846409284015,,"[0.100341796875, 0.128662109375, 0.17041015625, 0.09814453125, 0.133544921875, 0.080078125, 0.132568359375, 0.15625]"
synthetic_8_5_1,synthetic,Pie chart,256,0.75,0.004125275653682758,,"[0.1025390625, 0.12939453125, 0.166259765625, 0.100341796875, 0.136474609375, 0.07763671875, 0.131103515625, 0.15625]"
synthetic_8_5_1,synthetic,Donut chart,256,0.0,0.0068173785925145225,,"[0.099853515625, 0.127685546875, 0.17041015625, 0.099853515625, 0.13720703125, 0.07568359375, 0.134765625, 0.154541015625]"
synthetic_8_5_1,synthetic,Donut chart,256,0.25,0.006124650593659492,,"[0.09814453125, 0.13134765625, 0.172607421875, 0.099853515625, 0.133544921875, 0.07568359375, 0.132568359375, 0.15625]"
synthetic_8_5_1,synthetic,Donut chart,256,0.5,0.005585846409284015,,"[0.100341796875, 0.128662109375, 0.17041015625, 0.09814453125, 0.133544921875, 0.080078125, 0.132568359375, 0.15625]"
synthetic_8_5_1,synthetic,Donut chart,256,0.75,0.004125275653682758,,"[0.1025390625, 0.12939453125, 0.166259765625, 0.100341796875, 0.136474609375, 0.07763671875, 0.131103515625, 0.15625]"
synthetic_8_5_1,synthetic,Stacked bar,256,0.0,0.016301479128737494,,"[0.09523809523809523, 0.12987012987012986, 0.16883116883116883, 0.09523809523809523, 0.12987012987012986, 0.08225108225108226, 0.13852813852813853, 0.16017316017316016]"
synthetic_8_5_1,synthetic,Stacked bar,256,0.25,0.011351793683300325,,"[0.09523809523809523, 0.12554112554112554, 0.16883116883116883, 0.09956709956709957, 0.13852813852813853, 0.07792207792207792, 0.1341991341991342, 0.16017316017316016]"
synthetic_8_5_1,synthetic,Stacked bar,256,0.5,0.007604243819295316,,"[0.1038961038961039, 0.12554112554112554, 0.16883116883116883, 0.09956709956709957, 0.13852813852813853, 0.07792207792207792, 0.12987012987012986, 0.15584415584415584]"
synthetic_8_5_1,synthetic,Stacked bar,256,0.75,0.003503348741860854,,"[0.09956709956709957, 0.12987012987012986, 0.16883116883116883, 0.09956709956709957, 0.1341991341991342, 0.07792207792207792, 0.1341991341991342, 0.15584415584415584]"
synthetic_8_5_1,synthetic,Bar chart,384,0.125,0.001993091821071276,,"[0.10112359550561797, 0.12921348314606743, 0.16853932584269662, 0.10112359550561797, 0.1348314606741573, 0.07584269662921349, 0.13202247191011235, 0.15730337078651685]"
synthetic_8_5_1,synthetic,Bar chart,384,0.375,0.0035670389689118204,,"[0.09859154929577466, 0.12957746478873242, 0.16901408450704228, 0.10140845070422536, 0.13521126760563382, 0.07605633802816902, 0.1323943661971831, 0.15774647887323945]"
synthetic_8_5_1,synthetic,Bar chart,384,0.625,0.004547089521756788,,"[0.09943181818181818, 0.13068181818181818, 0.17045454545454544, 0.09943181818181818, 0.13636363636363635, 0.07670454545454546, 0.13068181818181818, 0.15624999999999997]"
synthetic_8_5_1,synthetic,Bar chart,384,0.875,0.003920298690811237,,"[0.1002865329512894, 0.13180515759312322, 0.16905444126074498, 0.1002865329512894, 0.1346704871060172, 0.07449856733524356, 0.13180515759312322, 0.15759312320916904]"
synthetic_8_5_1,synthetic,Pie chart,384,0.125,0.0026374936021106993,,"[0.1005859375, 0.130615234375, 0.169921875, 0.1005859375, 0.134521484375, 0.077392578125, 0.131103515625, 0.1552734375]"
synthetic_8_5_1,synthetic,Pie chart,384,0.375,0.0017499859857895012,,"[0.101318359375, 0.128662109375, 0.168212890625, 0.1005859375, 0.135498046875, 0.076904296875, 0.13232421875, 0.156494140625]"
synthetic_8_5_1,synthetic,Pie chart,384,0.625,0.0017499859857895012,,"[0.101318359375, 0.128662109375, 0.168212890625, 0.1005859375, 0.135498046875, 0.076904296875, 0.13232421875, 0.156494140625]"
synthetic_8_5_1,synthetic,Pie chart,384,0.875,0.0025492808062266697,,"[0.101318359375, 0.13037109375, 0.168212890625, 0.099365234375, 0.134033203125, 0.077392578125, 0.13232421875, 0.156982421875]"
synthetic_8_5_1,synthetic,Donut chart,384,0.125,0.0026374936021106993,,"[0.1005859375, 0.130615234375, 0.169921875, 0.1005859375, 0.134521484375, 0.077392578125, 0.131103515625, 0.1552734375]"
synthetic_8_5_1,synthetic,Donut chart,384,0.375,0.0017499859857895012,,"[0.101318359375, 0.128662109375, 0.168212890625, 0.1005859375, 0.135498046875, 0.076904296875, 0.13232421875, 0.156494140625]"
synthetic_8_5_1,synthetic,Donut chart,384,0.625,0.0017499859857895012,,"[0.101318359375, 0.128662109375, 0.168212890625, 0.1005859375, 0.135498046875, 0.076904296875, 0.13232421875, 0.156494140625]"
synthetic_8_5_1,synthetic,Donut chart,384,0.875,0.0025492808062266697,,"[0.101318359375, 0.13037109375, 0.168212890625, 0.099365234375, 0.134033203125, 0.077392578125, 0.13232421875, 0.156982421875]"
synthetic_8_5_1,synthetic,Stacked bar,384,0.125,0.006669177929130798,,"[0.09749303621169916, 0.12813370473537605, 0.16991643454038996, 0.10027855153203342, 0.13370473537604458, 0.07799442896935933, 0.13370473537604458, 0.15877437325905291]"
synthetic_8_5_1,synthetic,Stacked bar,384,0.375,0.006665976324857249,,"[0.09749303621169916, 0.1309192200557103, 0.16991643454038996, 0.10027855153203342, 0.13370473537604458, 0.07520891364902507, 0.13370473537604458, 0.15877437325905291]"
synthetic_8_5_1,synthetic,Stacked bar,384,0.625,0.004803468386807251,,"[0.10306406685236769, 0.1309192200557103, 0.1671309192200557, 0.10027855153203342, 0.13649025069637882, 0.07520891364902507, 0.1309192200557103, 0.15598885793871867]"
synthetic_8_5_1,synthetic,Stacked bar,384,0.875,0.013064101802293678,,"[0.09749303621169916, 0.12534818941504178, 0.1671309192200557, 0.09749303621169916, 0.13649025069637882, 0.08356545961002786, 0.13370473537604458, 0.15877437325905291]"
synthetic_8_5_2,synthetic,Bar chart,256,0.0,0.00677775193124127,,"[0.06986899563318777, 0.18340611353711792, 0.10480349344978167, 0.09606986899563319, 0.2052401746724891, 0.08733624454148471, 0.10480349344978167, 0.14847161572052403]"
synthetic_8_5_2,synthetic,Bar chart,256,0.25,0.0037843303802592362,,"[0.07048458149779735, 0.18061674008810574, 0.10572687224669604, 0.09691629955947136, 0.20704845814977973, 0.08810572687224669, 0.10572687224669604, 0.14537444933920704]"
synthetic_8_5_2,synthetic,Bar chart,256,0.5,0.004871711104643017,,"[0.07111111111111111, 0.18222222222222223, 0.10666666666666667, 0.09777777777777777, 0.20444444444444446, 0.08444444444444445, 0.10666666666666667, 0.14666666666666667]"
synthetic_8_5_2,synthetic,Bar chart,256,0.75,0.012112704246452888,,"[0.06756756756756756, 0.18468468468468469, 0.1036036036036036, 0.09909909909909909, 0.2072072072072072, 0.08558558558558559, 0.1036036036036036, 0.14864864864864863]"
synthetic_8_5_2,synthetic,Pie chart,256,0.0,0.004636199376402736,,"[0.0703125, 0.18115234375, 0.107177734375, 0.097900390625, 0.20556640625, 0.087890625, 0.1044921875, 0.1455078125]"
synthetic_8_5_2,synthetic,Pie chart,256,0.25,0.003741387002937302,,"[0.0703125, 0.179443359375, 0.10546875, 0.097900390625, 0.20361328125, 0.089599609375, 0.1064453125, 0.147216796875]"
synthetic_8_5_2,synthetic,Pie chart,256,0.5,0.005005976671187379,,"[0.0703125, 0.181396484375, 0.10546875, 0.097900390625, 0.20166015625, 0.08740234375, 0.108642578125, 0.147216796875]"
synthetic_8_5_2,synthetic,Pie chart,256,0.75,0.0034016266043002674,,"[0.072509765625, 0.1796875, 0.103759765625, 0.097900390625, 0.203125, 0.08935546875, 0.1064453125, 0.147216796875]"
synthetic_8_5_2,synthetic,Donut chart,256,0.0,0.004636199376402736,,"[0.0703125, 0.18115234375, 0.107177734375, 0.097900390625, 0.20556640625, 0.087890625, 0.1044921875, 0.1455078125]"
synthetic_8_5_2,synthetic,Donut chart,256,0.25,0.003741387002937302,,"[0.0703125, 0.179443359375, 0.10546875, 0.097900390625, 0.20361328125, 0.089599609375, 0.1064453125, 0.147216796875]"
synthetic_8_5_2,synthetic,Donut chart,256,0.5,0.005005976671187379,,"[0.0703125, 0.181396484375, 0.10546875, 0.097900390625, 0.20166015625, 0.08740234375, 0.108642578125, 0.147216796875]"
synthetic_8_5_2,synthetic,Donut chart,256,0.75,0.0034016266043002674,,"[0.072509765625, 0.1796875, 0.103759765625, 0.097900390625, 0.203125, 0.08935546875, 0.1064453125, 0.147216796875]"
synthetic_8_5_2,synthetic,Stacked bar,256,0.0,0.014594338213792746,,"[0.06493506493506493, 0.1774891774891775, 0.1038961038961039, 0.09523809523809523, 0.2077922077922078, 0.09090909090909091, 0.10822510822510822, 0.15151515151515152]"
synthetic_8_5_2,synthetic,Stacked bar,256,0.25,0.006202278310608711,,"[0.0735930735930736, 0.18181818181818182, 0.1038961038961039, 0.09523809523809523, 0.20346320346320346, 0.09090909090909091, 0.1038961038961039, 0.1471861471861472]"
synthetic_8_5_2,synthetic,Stacked bar,256,0.5,0.011410040322720819,,"[0.06926406926406926, 0.18181818181818182, 0.1038961038961039, 0.09523809523809523, 0.19913419913419914, 0.09090909090909091, 0.11255411255411256, 0.1471861471861472]"
synthetic_8_5_2,synthetic,Stacked bar,256,0.75,0.00808013807116894,,"[0.06926406926406926, 0.1774891774891775, 0.10822510822510822, 0.09523809523809523, 0.20346320346320346, 0.09090909090909091, 0.10822510822510822, 0.1471861471861472]"
synthetic_8_5_2,synthetic,Bar chart,384,0.125,0.004353817736150026,,"[0.0700280112044818, 0.18207282913165262, 0.10644257703081231, 0.0980392156862745, 0.20448179271708683, 0.08683473389355742, 0.10644257703081231, 0.1456582633053221]"
synthetic_8_5_2,synthetic,Bar chart,384,0.375,0.003750757092019351,,"[0.07102272727272727, 0.1818181818181818, 0.10511363636363635, 0.09659090909090909, 0.20454545454545453, 0.08806818181818181, 0.10511363636363635, 0.14772727272727273]"
synthetic_8_5_2,synthetic,Bar chart,384,0.625,0.003750757092019351,,"[0.07102272727272727, 0.1818181818181818, 0.10511363636363635, 0.09659090909090909, 0.20454545454545453, 0.08806818181818181, 0.10511363636363635, 0.14772727272727273]"
synthetic_8_5_2,synthetic,Bar chart,384,0.875,0.006802705143967407,,"[0.06857142857142857, 0.18285714285714286, 0.10571428571428572, 0.09714285714285714, 0.20571428571428574, 0.08571428571428572, 0.10571428571428572, 0.14857142857142858]"
synthetic_8_5_2,synthetic,Pie chart,384,0.125,0.003831910634418109,,"[0.07177734375, 0.179443359375, 0.10693359375, 0.097412109375, 0.204833984375, 0.08935546875, 0.104736328125, 0.1455078125]"
synthetic_8_5_2,synthetic,Pie chart,384,0.375,0.002751487632356303,,"[0.07177734375, 0.18212890625, 0.10693359375, 0.09619140625, 0.2021484375, 0.088134765625, 0.10595703125, 0.146728515625]"
synthetic_8_5_2,synthetic,Pie chart,384,0.625,0.002751487632356303,,"[0.07177734375, 0.18212890625, 0.10693359375, 0.09619140625, 0.2021484375, 0.088134765625, 0.10595703125, 0.146728515625]"
synthetic_8_5_2,synthetic,Pie chart,384,0.875,0.003211747934223144,,"[0.07275390625, 0.179443359375, 0.10498046875, 0.09619140625, 0.2041015625, 0.08984375, 0.10595703125, 0.146728515625]"
synthetic_8_5_2,synthetic,Donut chart,384,0.125,0.003831910634418109,,"[0.07177734375, 0.179443359375, 0.10693359375, 0.097412109375, 0.204833984375, 0.08935546875, 0.104736328125, 0.1455078125]"
synthetic_8_5_2,synthetic,Donut chart,384,0.375,0.002751487632356303,,"[0.07177734375, 0.18212890625, 0.10693359375, 0.09619140625, 0.2021484375, 0.088134765625, 0.10595703125, 0.146728515625]"
synthetic_8_5_2,synthetic,Donut chart,384,0.625,0.002751487632356303,,"[0.07177734375, 0.18212890625, 0.10693359375, 0.09619140625, 0.2021484375, 0.088134765625, 0.10595703125, 0.146728515625]"
synthetic_8_5_2,synthetic,Donut chart,384,0.875,0.003211747934223144,,"[0.07275390625, 0.179443359375, 0.10498046875, 0.09619140625, 0.2041015625, 0.08984375, 0.10595703125, 0.146728515625]"
synthetic_8_5_2,synthetic,Stacked bar,384,0.125,0.0031321489215450984,,"[0.07242339832869081, 0.181058495821727, 0.10584958217270195, 0.09749303621169916, 0.20334261838440112, 0.08913649025069638, 0.10306406685236769, 0.14763231197771587]"
synthetic_8_5_2,synthetic,Stacked bar,384,0.375,0.005477507544174816,,"[0.06983240223463687, 0.1787709497206704, 0.10614525139664804, 0.09776536312849161, 0.20391061452513967, 0.09217877094972067, 0.10614525139664804, 0.1452513966480447]"
synthetic_8_5_2,synthetic,Stacked bar,384,0.625,0.008191876801833746,,"[0.06963788300835655, 0.181058495821727, 0.10306406685236769, 0.0947075208913649, 0.20334261838440112, 0.08913649025069638, 0.11142061281337047, 0.14763231197771587]"
synthetic_8_5_2,synthetic,Stacked bar,384,0.875,0.007455641578835576,,"[0.06685236768802229, 0.181058495821727, 0.10584958217270195, 0.09749303621169916, 0.20334261838440112, 0.08635097493036212, 0.10863509749303621, 0.15041782729805014]"
synthetic_8_5_3,synthetic,Bar chart,256,0.0,0.0045374254624013545,,"[0.14035087719298245, 0.08333333333333334, 0.08771929824561403, 0.07017543859649122, 0.06140350877192983, 0.16666666666666669, 0.2149122807017544, 0.17543859649122806]"
synthetic_8_5_3,synthetic,Bar chart,256,0.25,0.0045374254624013545,,"[0.14035087719298245, 0.08333333333333334, 0.08771929824561403, 0.07017543859649122, 0.06140350877192983, 0.16666666666666669, 0.2149122807017544, 0.17543859649122806]"
synthetic_8_5_3,synthetic,Bar chart,256,0.5,0.005958236859846828,,"[0.14222222222222222, 0.08, 0.08444444444444445, 0.07111111111111111, 0.06222222222222223, 0.1688888888888889, 0.2177777777777778, 0.17333333333333334]"
synthetic_8_5_3,synthetic,Bar chart,256,0.75,0.004183993376838439,,"[0.14349775784753363, 0.08071748878923767, 0.0852017937219731, 0.07174887892376682, 0.06278026905829596, 0.16591928251121077, 0.2152466367713005, 0.17488789237668162]"
synthetic_8_5_3,synthetic,Pie chart,256,0.0,0.005450107264891084,,"[0.14013671875, 0.083251953125, 0.09033203125, 0.072509765625, 0.061279296875, 0.1669921875, 0.2138671875, 0.171630859375]"
synthetic_8_5_3,synthetic,Pie chart,256,0.25,0.003455271761087682,,"[0.140869140625, 0.082763671875, 0.0869140625, 0.072509765625, 0.061279296875, 0.1669921875, 0.21533203125, 0.17333984375]"
synthetic_8_5_3,synthetic,Pie chart,256,0.5,0.0037654704824229765,,"[0.140869140625, 0.081298828125, 0.0859375, 0.072509765625, 0.06298828125, 0.168212890625, 0.21484375, 0.17333984375]"
synthetic_8_5_3,synthetic,Pie chart,256,0.75,0.003749852389084131,,"[0.141357421875, 0.080322265625, 0.088134765625, 0.072509765625, 0.06201171875, 0.165771484375, 0.216552734375, 0.17333984375]"
synthetic_8_5_3,synthetic,Donut chart,256,0.0,0.005450107264891084,,"[0.14013671875, 0.083251953125, 0.09033203125, 0.072509765625, 0.061279296875, 0.1669921875, 0.2138671875, 0.171630859375]"
synthetic_8_5_3,synthetic,Donut chart,256,0.25,0.003455271761087682,,"[0.140869140625, 0.082763671875, 0.0869140625, 0.072509765625, 0.061279296875, 0.1669921875, 0.21533203125, 0.17333984375]"
synthetic_8_5_3,synthetic,Donut chart,256,0.5,0.0037654704824229765,,"[0.140869140625, 0.081298828125, 0.0859375, 0.072509765625, 0.06298828125, 0.168212890625, 0.21484375, 0.17333984375]"
synthetic_8_5_3,synthetic,Donut chart,256,0.75,0.003749852389084131,,"[0.141357421875, 0.080322265625, 0.088134765625, 0.072509765625, 0.06201171875, 0.165771484375, 0.216552734375, 0.17333984375]"
synthetic_8_5_3,synthetic,Stacked bar,256,0.0,0.013485606473568258,,"[0.13852813852813853, 0.07792207792207792, 0.08658008658008658, 0.06926406926406926, 0.06493506493506493, 0.17316017316017315, 0.21212121212121213, 0.1774891774891775]"
synthetic_8_5_3,synthetic,Stacked bar,256,0.25,0.013004369087302833,,"[0.13852813852813853, 0.07792207792207792, 0.08658008658008658, 0.0735930735930736, 0.06060606060606061, 0.17316017316017315, 0.21212121212121213, 0.1774891774891775]"
synthetic_8_5_3,synthetic,Stacked bar,256,0.5,0.0073302818113926554,,"[0.14285714285714285, 0.08225108225108226, 0.08658008658008658, 0.06926406926406926, 0.06060606060606061, 0.1645021645021645, 0.22077922077922077, 0.17316017316017315]"
synthetic_8_5_3,synthetic,Stacked bar,256,0.75,0.009314130494120956,,"[0.13852813852813853, 0.08225108225108226, 0.08658008658008658, 0.06926406926406926, 0.06493506493506493, 0.1645021645021645, 0.22077922077922077, 0.17316017316017315]"
synthetic_8_5_3,synthetic,Bar chart,384,0.125,0.00254912269298185,,"[0.14124293785310738, 0.08192090395480227, 0.08757062146892657, 0.07062146892655369, 0.062146892655367235, 0.16666666666666669, 0.21468926553672318, 0.17514124293785313]"
synthetic_8_5_3,synthetic,Bar chart,384,0.375,0.00254912269298185,,"[0.14124293785310738, 0.08192090395480227, 0.08757062146892657, 0.07062146892655369, 0.062146892655367235, 0.16666666666666669, 0.21468926553672318, 0.17514124293785313]"
synthetic_8_5_3,synthetic,Bar chart,384,0.625,0.003361563259907205,,"[0.14204545454545456, 0.08238636363636365, 0.08522727272727273, 0.07102272727272728, 0.0625, 0.16761363636363635, 0.2159090909090909, 0.17329545454545453]"
synthetic_8_5_3,synthetic,Bar chart,384,0.875,0.006435427320608592,,"[0.14285714285714288, 0.08, 0.08571428571428572, 0.07142857142857144, 0.060000000000000005, 0.16857142857142857, 0.21714285714285717, 0.1742857142857143]"
synthetic_8_5_3,synthetic,Pie chart,384,0.125,0.003224182816641781,,"[0.142822265625, 0.082275390625, 0.08740234375, 0.072265625, 0.06201171875, 0.168212890625, 0.21337890625, 0.171630859375]"
synthetic_8_5_3,synthetic,Pie chart,384,0.375,0.001627479491163382,,"[0.14306640625, 0.0810546875, 0.087646484375, 0.071044921875, 0.06298828125, 0.16650390625, 0.21484375, 0.1728515625]"
synthetic_8_5_3,synthetic,Pie chart,384,0.625,0.001627479491163382,,"[0.14306640625, 0.0810546875, 0.087646484375, 0.071044921875, 0.06298828125, 0.16650390625, 0.21484375, 0.1728515625]"
synthetic_8_5_3,synthetic,Pie chart,384,0.875,0.0028430024848468197,,"[0.14208984375, 0.080322265625, 0.087646484375, 0.071044921875, 0.06201171875, 0.167724609375, 0.215087890625, 0.174072265625]"
synthetic_8_5_3,synthetic,Donut chart,384,0.125,0.003224182816641781,,"[0.142822265625, 0.082275390625, 0.08740234375, 0.072265625, 0.06201171875, 0.168212890625, 0.21337890625, 0.171630859375]"
synthetic_8_5_3,synthetic,Donut chart,384,0.375,0.001627479491163382,,"[0.14306640625, 0.0810546875, 0.087646484375, 0.071044921875, 0.06298828125, 0.16650390625, 0.21484375, 0.1728515625]"
synthetic_8_5_3,synthetic,Donut chart,384,0.625,0.001627479491163382,,"[0.14306640625, 0.0810546875, 0.087646484375, 0.071044921875, 0.06298828125, 0.16650390625, 0.21484375, 0.1728515625]"
synthetic_8_5_3,synthetic,Donut chart,384,0.875,0.0028430024848468197,,"[0.14208984375, 0.080322265625, 0.087646484375, 0.071044921875, 0.06201171875, 0.167724609375, 0.215087890625, 0.174072265625]"
synthetic_8_5_3,synthetic,Stacked bar,384,0.125,0.008249769315988427,,"[0.1392757660167131, 0.07799442896935933, 0.08635097493036212, 0.07242339832869081, 0.06406685236768803, 0.16991643454038996, 0.21448467966573817, 0.17548746518105848]"
synthetic_8_5_3,synthetic,Stacked bar,384,0.375,0.007650421659150794,,"[0.1392757660167131, 0.0807799442896936, 0.08635097493036212, 0.07242339832869081, 0.06406685236768803, 0.16434540389972144, 0.21727019498607242, 0.17548746518105848]"
synthetic_8_5_3,synthetic,Stacked bar,384,0.625,0.0051908291691471035,,"[0.14206128133704735, 0.08356545961002786, 0.08635097493036212, 0.06963788300835655, 0.06128133704735376, 0.1671309192200557, 0.21727019498607242, 0.17270194986072424]"
synthetic_8_5_3,synthetic,Stacked bar,384,0.875,0.00731951292459802,,"[0.1392757660167131, 0.0807799442896936, 0.08913649025069638, 0.06963788300835655, 0.06128133704735376, 0.16991643454038996, 0.21448467966573817, 0.17548746518105848]"
