key,dataset,task,candidate,H,observer,loss,n
new_assoc_-0.8_16_0,r-0.8,association,Heatmap,256,hard,0.0014125227646079042,4
new_assoc_-0.8_16_0,r-0.8,association,Heatmap,256,soft,0.0014125227646079042,4
new_assoc_-0.8_16_0,r-0.8,association,Heatmap,384,hard,0.0014125227646079042,4
new_assoc_-0.8_16_0,r-0.8,association,Heatmap,384,soft,0.0014125227646079042,4
new_assoc_-0.8_16_0,r-0.8,association,Scatter plot,256,hard,0.0019190772614911394,4
new_assoc_-0.8_16_0,r-0.8,association,Scatter plot,256,soft,0.00011611369075725797,4
new_assoc_-0.8_16_0,r-0.8,association,Scatter plot,384,hard,0.0011084674797028626,4
new_assoc_-0.8_16_0,r-0.8,association,Scatter plot,384,soft,0.00019646868084571834,4
new_assoc_-0.8_16_1,r-0.8,association,Heatmap,256,hard,0.002334855863799834,4
new_assoc_-0.8_16_1,r-0.8,association,Heatmap,256,soft,0.002334855863799834,4
new_assoc_-0.8_16_1,r-0.8,association,Heatmap,384,hard,0.002334855863799834,4
new_assoc_-0.8_16_1,r-0.8,association,Heatmap,384,soft,0.002334855863799834,4
new_assoc_-0.8_16_1,r-0.8,association,Scatter plot,256,hard,0.008488771222418118,4
new_assoc_-0.8_16_1,r-0.8,association,Scatter plot,256,soft,0.0004491213650261866,4
new_assoc_-0.8_16_1,r-0.8,association,Scatter plot,384,hard,0.0029300831755969398,4
new_assoc_-0.8_16_1,r-0.8,association,Scatter plot,384,soft,0.0001566192338131045,4
new_assoc_-0.8_16_2,r-0.8,association,Heatmap,256,hard,0.0010363663085013464,4
new_assoc_-0.8_16_2,r-0.8,association,Heatmap,256,soft,0.0010363663085013464,4
new_assoc_-0.8_16_2,r-0.8,association,Heatmap,384,hard,0.0010363663085013464,4
new_assoc_-0.8_16_2,r-0.8,association,Heatmap,384,soft,0.0010363663085013464,4
new_assoc_-0.8_16_2,r-0.8,association,Scatter plot,256,hard,0.0032528987812358023,4
new_assoc_-0.8_16_2,r-0.8,association,Scatter plot,256,soft,0.00018121793989343826,4
new_assoc_-0.8_16_2,r-0.8,association,Scatter plot,384,hard,0.0023427624273159448,4
new_assoc_-0.8_16_2,r-0.8,association,Scatter plot,384,soft,0.00013918859776690384,4
new_assoc_-0.8_16_3,r-0.8,association,Heatmap,256,hard,0.011347937758297566,4
new_assoc_-0.8_16_3,r-0.8,association,Heatmap,256,soft,0.011347937758297566,4
new_assoc_-0.8_16_3,r-0.8,association,Heatmap,384,hard,0.011347937758297566,4
new_assoc_-0.8_16_3,r-0.8,association,Heatmap,384,soft,0.011347937758297566,4
new_assoc_-0.8_16_3,r-0.8,association,Scatter plot,256,hard,0.002255990808088415,4
new_assoc_-0.8_16_3,r-0.8,association,Scatter plot,256,soft,0.00012856177170965377,4
new_assoc_-0.8_16_3,r-0.8,association,Scatter plot,384,hard,0.00250201285918443,4
new_assoc_-0.8_16_3,r-0.8,association,Scatter plot,384,soft,0.0001774869833132131,4
new_assoc_-0.8_256_0,r-0.8,association,Heatmap,256,hard,0.006718491956646755,4
new_assoc_-0.8_256_0,r-0.8,association,Heatmap,256,soft,0.006718491956646755,4
new_assoc_-0.8_256_0,r-0.8,association,Heatmap,384,hard,0.006718491956646755,4
new_assoc_-0.8_256_0,r-0.8,association,Heatmap,384,soft,0.006718491956646755,4
new_assoc_-0.8_256_0,r-0.8,association,Scatter plot,256,hard,0.001468224653422237,4
new_assoc_-0.8_256_0,r-0.8,association,Scatter plot,256,soft,0.0002705760936180801,4
new_assoc_-0.8_256_0,r-0.8,association,Scatter plot,384,hard,0.0011776722267412137,4
new_assoc_-0.8_256_0,r-0.8,association,Scatter plot,384,soft,0.0005998306051622215,4
new_assoc_-0.8_256_1,r-0.8,association,Heatmap,256,hard,0.002705219321129826,4
new_assoc_-0.8_256_1,r-0.8,association,Heatmap,256,soft,0.002705219321129826,4
new_assoc_-0.8_256_1,r-0.8,association,Heatmap,384,hard,0.002705219321129826,4
new_assoc_-0.8_256_1,r-0.8,association,Heatmap,384,soft,0.002705219321129826,4
new_assoc_-0.8_256_1,r-0.8,association,Scatter plot,256,hard,0.0019235948136790276,4
new_assoc_-0.8_256_1,r-0.8,association,Scatter plot,256,soft,0.0026180446119758727,4
new_assoc_-0.8_256_1,r-0.8,association,Scatter plot,384,hard,0.0008038801137388307,4
new_assoc_-0.8_256_1,r-0.8,association,Scatter plot,384,soft,0.001062847999908717,4
new_assoc_-0.8_256_2,r-0.8,association,Heatmap,256,hard,0.0036970745526750393,4
new_assoc_-0.8_256_2,r-0.8,association,Heatmap,256,soft,0.0036970745526750393,4
new_assoc_-0.8_256_2,r-0.8,association,Heatmap,384,hard,0.0036970745526750393,4
new_assoc_-0.8_256_2,r-0.8,association,Heatmap,384,soft,0.0036970745526750393,4
new_assoc_-0.8_256_2,r-0.8,association,Scatter plot,256,hard,0.0007143242302934394,4
new_assoc_-0.8_256_2,r-0.8,association,Scatter plot,256,soft,0.0002636930398498133,4
new_assoc_-0.8_256_2,r-0.8,association,Scatter plot,384,hard,0.0010809347393283125,4
new_assoc_-0.8_256_2,r-0.8,association,Scatter plot,384,soft,0.0002593862693855281,4
new_assoc_-0.8_256_3,r-0.8,association,Heatmap,256,hard,0.0061514352192953425,4
new_assoc_-0.8_256_3,r-0.8,association,Heatmap,256,soft,0.0061514352192953425,4
new_assoc_-0.8_256_3,r-0.8,association,Heatmap,384,hard,0.0061514352192953425,4
new_assoc_-0.8_256_3,r-0.8,association,Heatmap,384,soft,0.0061514352192953425,4
new_assoc_-0.8_256_3,r-0.8,association,Scatter plot,256,hard,0.0012569262191138991,4
new_assoc_-0.8_256_3,r-0.8,association,Scatter plot,256,soft,0.0011351188570877385,4
new_assoc_-0.8_256_3,r-0.8,association,Scatter plot,384,hard,0.0011736094536713704,4
new_assoc_-0.8_256_3,r-0.8,association,Scatter plot,384,soft,0.0005627152859088297,4
new_assoc_-0.8_64_0,r-0.8,association,Heatmap,256,hard,0.001204977057964851,4
new_assoc_-0.8_64_0,r-0.8,association,Heatmap,256,soft,0.001204977057964851,4
new_assoc_-0.8_64_0,r-0.8,association,Heatmap,384,hard,0.001204977057964851,4
new_assoc_-0.8_64_0,r-0.8,association,Heatmap,384,soft,0.001204977057964851,4
new_assoc_-0.8_64_0,r-0.8,association,Scatter plot,256,hard,0.0011745939110493903,4
new_assoc_-0.8_64_0,r-0.8,association,Scatter plot,256,soft,0.0014429963253300981,4
new_assoc_-0.8_64_0,r-0.8,association,Scatter plot,384,hard,0.0033173657819498964,4
new_assoc_-0.8_64_0,r-0.8,association,Scatter plot,384,soft,0.0007867494383975437,4
new_assoc_-0.8_64_1,r-0.8,association,Heatmap,256,hard,0.0064099358004934825,4
new_assoc_-0.8_64_1,r-0.8,association,Heatmap,256,soft,0.0064099358004934825,4
new_assoc_-0.8_64_1,r-0.8,association,Heatmap,384,hard,0.0064099358004934825,4
new_assoc_-0.8_64_1,r-0.8,association,Heatmap,384,soft,0.0064099358004934825,4
new_assoc_-0.8_64_1,r-0.8,association,Scatter plot,256,hard,0.0037988730767820195,4
new_assoc_-0.8_64_1,r-0.8,association,Scatter plot,256,soft,0.0015219944922285206,4
new_assoc_-0.8_64_1,r-0.8,association,Scatter plot,384,hard,0.0020317021422578824,4
new_assoc_-0.8_64_1,r-0.8,association,Scatter plot,384,soft,0.001358155711732409,4
new_assoc_-0.8_64_2,r-0.8,association,Heatmap,256,hard,0.0012931608836231345,4
new_assoc_-0.8_64_2,r-0.8,association,Heatmap,256,soft,0.0012931608836231345,4
new_assoc_-0.8_64_2,r-0.8,association,Heatmap,384,hard,0.0012931608836231345,4
new_assoc_-0.8_64_2,r-0.8,association,Heatmap,384,soft,0.0012931608836231345,4
new_assoc_-0.8_64_2,r-0.8,association,Scatter plot,256,hard,0.0034855607498046337,4
new_assoc_-0.8_64_2,r-0.8,association,Scatter plot,256,soft,0.00029580401644670185,4
new_assoc_-0.8_64_2,r-0.8,association,Scatter plot,384,hard,0.0009696621569296737,4
new_assoc_-0.8_64_2,r-0.8,association,Scatter plot,384,soft,0.00014784639051514115,4
new_assoc_-0.8_64_3,r-0.8,association,Heatmap,256,hard,0.00879446806600076,4
new_assoc_-0.8_64_3,r-0.8,association,Heatmap,256,soft,0.00879446806600076,4
new_assoc_-0.8_64_3,r-0.8,association,Heatmap,384,hard,0.00879446806600076,4
new_assoc_-0.8_64_3,r-0.8,association,Heatmap,384,soft,0.00879446806600076,4
new_assoc_-0.8_64_3,r-0.8,association,Scatter plot,256,hard,0.0013610324851282135,4
new_assoc_-0.8_64_3,r-0.8,association,Scatter plot,256,soft,0.00043617753586965013,4
new_assoc_-0.8_64_3,r-0.8,association,Scatter plot,384,hard,0.0032437671305247384,4
new_assoc_-0.8_64_3,r-0.8,association,Scatter plot,384,soft,0.00015903899856195558,4
new_assoc_0.8_16_0,r0.8,association,Heatmap,256,hard,0.011395482249459188,4
new_assoc_0.8_16_0,r0.8,association,Heatmap,256,soft,0.011395482249459188,4
new_assoc_0.8_16_0,r0.8,association,Heatmap,384,hard,0.011395482249459188,4
new_assoc_0.8_16_0,r0.8,association,Heatmap,384,soft,0.011395482249459188,4
new_assoc_0.8_16_0,r0.8,association,Scatter plot,256,hard,0.0018012179008314172,4
new_assoc_0.8_16_0,r0.8,association,Scatter plot,256,soft,0.00043906353404014886,4
new_assoc_0.8_16_0,r0.8,association,Scatter plot,384,hard,0.002660025801359961,4
new_assoc_0.8_16_0,r0.8,association,Scatter plot,384,soft,0.0001513460518364207,4
new_assoc_0.8_16_1,r0.8,association,Heatmap,256,hard,0.0036160957737271238,4
new_assoc_0.8_16_1,r0.8,association,Heatmap,256,soft,0.0036160957737271238,4
new_assoc_0.8_16_1,r0.8,association,Heatmap,384,hard,0.0036160957737271238,4
new_assoc_0.8_16_1,r0.8,association,Heatmap,384,soft,0.0036160957737271238,4
new_assoc_0.8_16_1,r0.8,association,Scatter plot,256,hard,0.006490231378208242,4
new_assoc_0.8_16_1,r0.8,association,Scatter plot,256,soft,0.0007784458219803475,4
new_assoc_0.8_16_1,r0.8,association,Scatter plot,384,hard,0.008485095260429662,4
new_assoc_0.8_16_1,r0.8,association,Scatter plot,384,soft,0.00037351200672525176,4
new_assoc_0.8_16_2,r0.8,association,Heatmap,256,hard,0.0005424810894765209,4
new_assoc_0.8_16_2,r0.8,association,Heatmap,256,soft,0.0005424810894765209,4
new_assoc_0.8_16_2,r0.8,association,Heatmap,384,hard,0.0005424810894765209,4
new_assoc_0.8_16_2,r0.8,association,Heatmap,384,soft,0.0005424810894765209,4
new_assoc_0.8_16_2,r0.8,association,Scatter plot,256,hard,0.005474422006834567,4
new_assoc_0.8_16_2,r0.8,association,Scatter plot,256,soft,0.00024760137083870704,4
new_assoc_0.8_16_2,r0.8,association,Scatter plot,384,hard,0.002387817115230839,4
new_assoc_0.8_16_2,r0.8,association,Scatter plot,384,soft,0.00014232543751324656,4
new_assoc_0.8_16_3,r0.8,association,Heatmap,256,hard,0.012426314096030233,4
new_assoc_0.8_16_3,r0.8,association,Heatmap,256,soft,0.012426314096030233,4
new_assoc_0.8_16_3,r0.8,association,Heatmap,384,hard,0.012426314096030233,4
new_assoc_0.8_16_3,r0.8,association,Heatmap,384,soft,0.012426314096030233,4
new_assoc_0.8_16_3,r0.8,association,Scatter plot,256,hard,0.012240593919540008,4
new_assoc_0.8_16_3,r0.8,association,Scatter plot,256,soft,0.0004981023892123848,4
new_assoc_0.8_16_3,r0.8,association,Scatter plot,384,hard,0.004517146394961341,4
new_assoc_0.8_16_3,r0.8,association,Scatter plot,384,soft,0.00027988237254168713,4
new_assoc_0.8_256_0,r0.8,association,Heatmap,256,hard,0.006791829439850183,4
new_assoc_0.8_256_0,r0.8,association,Heatmap,256,soft,0.006791829439850183,4
new_assoc_0.8_256_0,r0.8,association,Heatmap,384,hard,0.006791829439850183,4
new_assoc_0.8_256_0,r0.8,association,Heatmap,384,soft,0.006791829439850183,4
new_assoc_0.8_256_0,r0.8,association,Scatter plot,256,hard,0.0015367512134069061,4
new_assoc_0.8_256_0,r0.8,association,Scatter plot,256,soft,0.0005539455305909324,4
new_assoc_0.8_256_0,r0.8,association,Scatter plot,384,hard,0.0010494944847668497,4
new_assoc_0.8_256_0,r0.8,association,Scatter plot,384,soft,0.0008515373246908708,4
new_assoc_0.8_256_1,r0.8,association,Heatmap,256,hard,0.009080873430084124,4
new_assoc_0.8_256_1,r0.8,association,Heatmap,256,soft,0.009080873430084124,4
new_assoc_0.8_256_1,r0.8,association,Heatmap,384,hard,0.009080873430084124,4
new_assoc_0.8_256_1,r0.8,association,Heatmap,384,soft,0.009080873430084124,4
new_assoc_0.8_256_1,r0.8,association,Scatter plot,256,hard,0.0009537166578247741,4
new_assoc_0.8_256_1,r0.8,association,Scatter plot,256,soft,0.0004024025380976598,4
new_assoc_0.8_256_1,r0.8,association,Scatter plot,384,hard,0.0005111394515804474,4
new_assoc_0.8_256_1,r0.8,association,Scatter plot,384,soft,0.00045151237104373854,4
new_assoc_0.8_256_2,r0.8,association,Heatmap,256,hard,0.005777896700262186,4
new_assoc_0.8_256_2,r0.8,association,Heatmap,256,soft,0.005777896700262186,4
new_assoc_0.8_256_2,r0.8,association,Heatmap,384,hard,0.005777896700262186,4
new_assoc_0.8_256_2,r0.8,association,Heatmap,384,soft,0.005777896700262186,4
new_assoc_0.8_256_2,r0.8,association,Scatter plot,256,hard,0.0016669003986391484,4
new_assoc_0.8_256_2,r0.8,association,Scatter plot,256,soft,0.0019211417572565503,4
new_assoc_0.8_256_2,r0.8,association,Scatter plot,384,hard,0.0017095213318940178,4
new_assoc_0.8_256_2,r0.8,association,Scatter plot,384,soft,0.0008066402548212726,4
new_assoc_0.8_256_3,r0.8,association,Heatmap,256,hard,0.00963031376522544,4
new_assoc_0.8_256_3,r0.8,association,Heatmap,256,soft,0.00963031376522544,4
new_assoc_0.8_256_3,r0.8,association,Heatmap,384,hard,0.00963031376522544,4
new_assoc_0.8_256_3,r0.8,association,Heatmap,384,soft,0.00963031376522544,4
new_assoc_0.8_256_3,r0.8,association,Scatter plot,256,hard,0.0007441708753162662,4
new_assoc_0.8_256_3,r0.8,association,Scatter plot,256,soft,0.0013413132027805391,4
new_assoc_0.8_256_3,r0.8,association,Scatter plot,384,hard,0.0005282488607859237,4
new_assoc_0.8_256_3,r0.8,association,Scatter plot,384,soft,4.328459232710857e-05,4
new_assoc_0.8_64_0,r0.8,association,Heatmap,256,hard,0.00619799954439576,4
new_assoc_0.8_64_0,r0.8,association,Heatmap,256,soft,0.00619799954439576,4
new_assoc_0.8_64_0,r0.8,association,Heatmap,384,hard,0.00619799954439576,4
new_assoc_0.8_64_0,r0.8,association,Heatmap,384,soft,0.00619799954439576,4
new_assoc_0.8_64_0,r0.8,association,Scatter plot,256,hard,0.002319871490401554,4
new_assoc_0.8_64_0,r0.8,association,Scatter plot,256,soft,0.000986617193635686,4
new_assoc_0.8_64_0,r0.8,association,Scatter plot,384,hard,0.002294323743549029,4
new_assoc_0.8_64_0,r0.8,association,Scatter plot,384,soft,0.0013133286027096902,4
new_assoc_0.8_64_1,r0.8,association,Heatmap,256,hard,0.00961176014741455,4
new_assoc_0.8_64_1,r0.8,association,Heatmap,256,soft,0.00961176014741455,4
new_assoc_0.8_64_1,r0.8,association,Heatmap,384,hard,0.00961176014741455,4
new_assoc_0.8_64_1,r0.8,association,Heatmap,384,soft,0.00961176014741455,4
new_assoc_0.8_64_1,r0.8,association,Scatter plot,256,hard,0.0016840425853121843,4
new_assoc_0.8_64_1,r0.8,association,Scatter plot,256,soft,0.0014066258641682455,4
new_assoc_0.8_64_1,r0.8,association,Scatter plot,384,hard,0.0026055427468101577,4
new_assoc_0.8_64_1,r0.8,association,Scatter plot,384,soft,0.000202139019239711,4
new_assoc_0.8_64_2,r0.8,association,Heatmap,256,hard,0.010297094198025769,4
new_assoc_0.8_64_2,r0.8,association,Heatmap,256,soft,0.010297094198025769,4
new_assoc_0.8_64_2,r0.8,association,Heatmap,384,hard,0.010297094198025769,4
new_assoc_0.8_64_2,r0.8,association,Heatmap,384,soft,0.010297094198025769,4
new_assoc_0.8_64_2,r0.8,association,Scatter plot,256,hard,0.0037098531788571504,4
new_assoc_0.8_64_2,r0.8,association,Scatter plot,256,soft,0.0009122858854283128,4
new_assoc_0.8_64_2,r0.8,association,Scatter plot,384,hard,0.0027670138437881214,4
new_assoc_0.8_64_2,r0.8,association,Scatter plot,384,soft,0.0005904864713658642,4
new_assoc_0.8_64_3,r0.8,association,Heatmap,256,hard,0.0068752166201961895,4
new_assoc_0.8_64_3,r0.8,association,Heatmap,256,soft,0.0068752166201961895,4
new_assoc_0.8_64_3,r0.8,association,Heatmap,384,hard,0.0068752166201961895,4
new_assoc_0.8_64_3,r0.8,association,Heatmap,384,soft,0.0068752166201961895,4
new_assoc_0.8_64_3,r0.8,association,Scatter plot,256,hard,0.00434859566494232,4
new_assoc_0.8_64_3,r0.8,association,Scatter plot,256,soft,0.00028274437027700494,4
new_assoc_0.8_64_3,r0.8,association,Scatter plot,384,hard,0.0015964069325588998,4
new_assoc_0.8_64_3,r0.8,association,Scatter plot,384,soft,0.00022130451144324048,4
new_assoc_0_16_0,r0,association,Heatmap,256,hard,0.006009529676518476,4
new_assoc_0_16_0,r0,association,Heatmap,256,soft,0.006009529676518476,4
new_assoc_0_16_0,r0,association,Heatmap,384,hard,0.006009529676518476,4
new_assoc_0_16_0,r0,association,Heatmap,384,soft,0.006009529676518476,4
new_assoc_0_16_0,r0,association,Scatter plot,256,hard,0.011036330953079976,4
new_assoc_0_16_0,r0,association,Scatter plot,256,soft,0.00214955423691418,4
new_assoc_0_16_0,r0,association,Scatter plot,384,hard,0.014002168428082062,4
new_assoc_0_16_0,r0,association,Scatter plot,384,soft,0.001243803183838525,4
new_assoc_0_16_1,r0,association,Heatmap,256,hard,0.01854137376654097,4
new_assoc_0_16_1,r0,association,Heatmap,256,soft,0.01854137376654097,4
new_assoc_0_16_1,r0,association,Heatmap,384,hard,0.01854137376654097,4
new_assoc_0_16_1,r0,association,Heatmap,384,soft,0.01854137376654097,4
new_assoc_0_16_1,r0,association,Scatter plot,256,hard,0.003764275486047422,4
new_assoc_0_16_1,r0,association,Scatter plot,256,soft,0.00010232743712786097,4
new_assoc_0_16_1,r0,association,Scatter plot,384,hard,0.00863963349284258,4
new_assoc_0_16_1,r0,association,Scatter plot,384,soft,0.0004926102163926166,4
new_assoc_0_16_2,r0,association,Heatmap,256,hard,0.016952981344049586,4
new_assoc_0_16_2,r0,association,Heatmap,256,soft,0.016952981344049586,4
new_assoc_0_16_2,r0,association,Heatmap,384,hard,0.016952981344049586,4
new_assoc_0_16_2,r0,association,Heatmap,384,soft,0.016952981344049586,4
new_assoc_0_16_2,r0,association,Scatter plot,256,hard,0.016269678753581596,4
new_assoc_0_16_2,r0,association,Scatter plot,256,soft,0.000992415735401743,4
new_assoc_0_16_2,r0,association,Scatter plot,384,hard,0.017992583194668142,4
new_assoc_0_16_2,r0,association,Scatter plot,384,soft,0.0010058996394751128,4
new_assoc_0_16_3,r0,association,Heatmap,256,hard,0.009976881867500799,4
new_assoc_0_16_3,r0,association,Heatmap,256,soft,0.009976881867500799,4
new_assoc_0_16_3,r0,association,Heatmap,384,hard,0.009976881867500799,4
new_assoc_0_16_3,r0,association,Heatmap,384,soft,0.009976881867500799,4
new_assoc_0_16_3,r0,association,Scatter plot,256,hard,0.006907542042535943,4
new_assoc_0_16_3,r0,association,Scatter plot,256,soft,0.003805186305323455,4
new_assoc_0_16_3,r0,association,Scatter plot,384,hard,0.013083909909979654,4
new_assoc_0_16_3,r0,association,Scatter plot,384,soft,0.0009789565529976446,4
new_assoc_0_256_0,r0,association,Heatmap,256,hard,0.004247283090022929,4
new_assoc_0_256_0,r0,association,Heatmap,256,soft,0.004247283090022929,4
new_assoc_0_256_0,r0,association,Heatmap,384,hard,0.004247283090022929,4
new_assoc_0_256_0,r0,association,Heatmap,384,soft,0.004247283090022929,4
new_assoc_0_256_0,r0,association,Scatter plot,256,hard,0.006810922401226694,4
new_assoc_0_256_0,r0,association,Scatter plot,256,soft,0.003399767900605491,4
new_assoc_0_256_0,r0,association,Scatter plot,384,hard,0.0029607628762747867,4
new_assoc_0_256_0,r0,association,Scatter plot,384,soft,0.0019942827041990402,4
new_assoc_0_256_1,r0,association,Heatmap,256,hard,0.005844361221214588,4
new_assoc_0_256_1,r0,association,Heatmap,256,soft,0.005844361221214588,4
new_assoc_0_256_1,r0,association,Heatmap,384,hard,0.005844361221214588,4
new_assoc_0_256_1,r0,association,Heatmap,384,soft,0.005844361221214588,4
new_assoc_0_256_1,r0,association,Scatter plot,256,hard,0.003267707179662906,4
new_assoc_0_256_1,r0,association,Scatter plot,256,soft,0.003311770587037463,4
new_assoc_0_256_1,r0,association,Scatter plot,384,hard,0.0031485157536195033,4
new_assoc_0_256_1,r0,association,Scatter plot,384,soft,0.0022413592112862047,4
new_assoc_0_256_2,r0,association,Heatmap,256,hard,0.012535096367372623,4
new_assoc_0_256_2,r0,association,Heatmap,256,soft,0.012535096367372623,4
new_assoc_0_256_2,r0,association,Heatmap,384,hard,0.012535096367372623,4
new_assoc_0_256_2,r0,association,Heatmap,384,soft,0.012535096367372623,4
new_assoc_0_256_2,r0,association,Scatter plot,256,hard,0.0036194402855710857,4
new_assoc_0_256_2,r0,association,Scatter plot,256,soft,0.0006525769863295981,4
new_assoc_0_256_2,r0,association,Scatter plot,384,hard,0.0022242114277125757,4
new_assoc_0_256_2,r0,association,Scatter plot,384,soft,0.0004803169919303067,4
new_assoc_0_256_3,r0,association,Heatmap,256,hard,0.003025239149592695,4
new_assoc_0_256_3,r0,association,Heatmap,256,soft,0.003025239149592695,4
new_assoc_0_256_3,r0,association,Heatmap,384,hard,0.003025239149592695,4
new_assoc_0_256_3,r0,association,Heatmap,384,soft,0.003025239149592695,4
new_assoc_0_256_3,r0,association,Scatter plot,256,hard,0.00452525315571694,4
new_assoc_0_256_3,r0,association,Scatter plot,256,soft,0.003132420448148875,4
new_assoc_0_256_3,r0,association,Scatter plot,384,hard,0.005773217642727854,4
new_assoc_0_256_3,r0,association,Scatter plot,384,soft,0.004689865890620162,4
new_assoc_0_64_0,r0,association,Heatmap,256,hard,0.0021769246446697726,4
new_assoc_0_64_0,r0,association,Heatmap,256,soft,0.0021769246446697726,4
new_assoc_0_64_0,r0,association,Heatmap,384,hard,0.0021769246446697726,4
new_assoc_0_64_0,r0,association,Heatmap,384,soft,0.0021769246446697726,4
new_assoc_0_64_0,r0,association,Scatter plot,256,hard,0.006400908090939301,4
new_assoc_0_64_0,r0,association,Scatter plot,256,soft,0.0022751482071919574,4
new_assoc_0_64_0,r0,association,Scatter plot,384,hard,0.00364693335856707,4
new_assoc_0_64_0,r0,association,Scatter plot,384,soft,0.0010196922674083602,4
new_assoc_0_64_1,r0,association,Heatmap,256,hard,0.014207797352680022,4
new_assoc_0_64_1,r0,association,Heatmap,256,soft,0.014207797352680022,4
new_assoc_0_64_1,r0,association,Heatmap,384,hard,0.014207797352680022,4
new_assoc_0_64_1,r0,association,Heatmap,384,soft,0.014207797352680022,4
new_assoc_0_64_1,r0,association,Scatter plot,256,hard,0.005837782815498738,4
new_assoc_0_64_1,r0,association,Scatter plot,256,soft,0.0023325112420606604,4
new_assoc_0_64_1,r0,association,Scatter plot,384,hard,0.007682526663293172,4
new_assoc_0_64_1,r0,association,Scatter plot,384,soft,0.0013404029018044428,4
new_assoc_0_64_2,r0,association,Heatmap,256,hard,0.0056449111712247955,4
new_assoc_0_64_2,r0,association,Heatmap,256,soft,0.0056449111712247955,4
new_assoc_0_64_2,r0,association,Heatmap,384,hard,0.0056449111712247955,4
new_assoc_0_64_2,r0,association,Heatmap,384,soft,0.0056449111712247955,4
new_assoc_0_64_2,r0,association,Scatter plot,256,hard,0.0027579883928107395,4
new_assoc_0_64_2,r0,association,Scatter plot,256,soft,0.0004409705896310581,4
new_assoc_0_64_2,r0,association,Scatter plot,384,hard,0.003142098557555543,4
new_assoc_0_64_2,r0,association,Scatter plot,384,soft,0.0006327295919930677,4
new_assoc_0_64_3,r0,association,Heatmap,256,hard,0.011795229643805758,4
new_assoc_0_64_3,r0,association,Heatmap,256,soft,0.011795229643805758,4
new_assoc_0_64_3,r0,association,Heatmap,384,hard,0.011795229643805758,4
new_assoc_0_64_3,r0,association,Heatmap,384,soft,0.011795229643805758,4
new_assoc_0_64_3,r0,association,Scatter plot,256,hard,0.007853615466876478,4
new_assoc_0_64_3,r0,association,Scatter plot,256,soft,0.0005140144180771058,4
new_assoc_0_64_3,r0,association,Scatter plot,384,hard,0.0064967190677206604,4
new_assoc_0_64_3,r0,association,Scatter plot,384,soft,0.00026366867481884837,4
new_comp_2_0.3_0,k2,composition,Bar chart,256,hard,0.0028087694256697868,4
new_comp_2_0.3_0,k2,composition,Bar chart,256,soft,0.00021218360050445986,4
new_comp_2_0.3_0,k2,composition,Bar chart,384,hard,0.001973160231471937,4
new_comp_2_0.3_0,k2,composition,Bar chart,384,soft,0.0004283610855707713,4
new_comp_2_0.3_0,k2,composition,Donut chart,256,hard,0.0011495261671504407,4
new_comp_2_0.3_0,k2,composition,Donut chart,256,soft,0.001186784509868248,4
new_comp_2_0.3_0,k2,composition,Donut chart,384,hard,0.0005911924702176052,4
new_comp_2_0.3_0,k2,composition,Donut chart,384,soft,0.0006238447351870867,4
new_comp_2_0.3_0,k2,composition,Pie chart,256,hard,0.001425065378228358,4
new_comp_2_0.3_0,k2,composition,Pie chart,256,soft,0.001486219570301546,4
new_comp_2_0.3_0,k2,composition,Pie chart,384,hard,0.0007266665122539831,4
new_comp_2_0.3_0,k2,composition,Pie chart,384,soft,0.0007567186398739351,4
new_comp_2_0.3_0,k2,composition,Stacked bar,256,hard,0.002909701406194485,4
new_comp_2_0.3_0,k2,composition,Stacked bar,256,soft,0.0016640827552429523,4
new_comp_2_0.3_0,k2,composition,Stacked bar,384,hard,0.0011935628227378661,4
new_comp_2_0.3_0,k2,composition,Stacked bar,384,soft,0.0007823680376509608,4
new_comp_2_0.3_1,k2,composition,Bar chart,256,hard,0.00123531089884224,4
new_comp_2_0.3_1,k2,composition,Bar chart,256,soft,0.0016396298187237208,4
new_comp_2_0.3_1,k2,composition,Bar chart,384,hard,0.0019135003132479261,4
new_comp_2_0.3_1,k2,composition,Bar chart,384,soft,0.0016125861426242866,4
new_comp_2_0.3_1,k2,composition,Donut chart,256,hard,0.00041886941471385927,4
new_comp_2_0.3_1,k2,composition,Donut chart,256,soft,0.0017472643937043106,4
new_comp_2_0.3_1,k2,composition,Donut chart,384,hard,0.0004909366392051931,4
new_comp_2_0.3_1,k2,composition,Donut chart,384,soft,0.0009631513669946419,4
new_comp_2_0.3_1,k2,composition,Pie chart,256,hard,0.0005442646551363055,4
new_comp_2_0.3_1,k2,composition,Pie chart,256,soft,0.0012600218395975304,4
new_comp_2_0.3_1,k2,composition,Pie chart,384,hard,0.0004734252277839926,4
new_comp_2_0.3_1,k2,composition,Pie chart,384,soft,0.0006060655389660274,4
new_comp_2_0.3_1,k2,composition,Stacked bar,256,hard,0.0016009899536492227,4
new_comp_2_0.3_1,k2,composition,Stacked bar,256,soft,0.002341723717464741,4
new_comp_2_0.3_1,k2,composition,Stacked bar,384,hard,0.001552023368638633,4
new_comp_2_0.3_1,k2,composition,Stacked bar,384,soft,0.001994089277345304,4
new_comp_2_0.3_2,k2,composition,Bar chart,256,hard,0.0023858237665081022,4
new_comp_2_0.3_2,k2,composition,Bar chart,256,soft,0.0007563124827975332,4
new_comp_2_0.3_2,k2,composition,Bar chart,384,hard,0.0028175419193982726,4
new_comp_2_0.3_2,k2,composition,Bar chart,384,soft,0.000684354644773795,4
new_comp_2_0.3_2,k2,composition,Donut chart,256,hard,0.00089910891246342,4
new_comp_2_0.3_2,k2,composition,Donut chart,256,soft,0.0017069465490254163,4
new_comp_2_0.3_2,k2,composition,Donut chart,384,hard,0.0006283776363803853,4
new_comp_2_0.3_2,k2,composition,Donut chart,384,soft,0.0009773606542026886,4
new_comp_2_0.3_2,k2,composition,Pie chart,256,hard,0.0007880877235205558,4
new_comp_2_0.3_2,k2,composition,Pie chart,256,soft,0.0015817050478517045,4
new_comp_2_0.3_2,k2,composition,Pie chart,384,hard,0.0005190092371051419,4
new_comp_2_0.3_2,k2,composition,Pie chart,384,soft,0.0008357924403712969,4
new_comp_2_0.3_2,k2,composition,Stacked bar,256,hard,0.0028417688637134633,4
new_comp_2_0.3_2,k2,composition,Stacked bar,256,soft,0.0019335233801941396,4
new_comp_2_0.3_2,k2,composition,Stacked bar,384,hard,0.0018054638646210139,4
new_comp_2_0.3_2,k2,composition,Stacked bar,384,soft,0.001478307721053021,4
new_comp_2_0.3_3,k2,composition,Bar chart,256,hard,0.0027583692946070715,4
new_comp_2_0.3_3,k2,composition,Bar chart,256,soft,0.0007107286743814126,4
new_comp_2_0.3_3,k2,composition,Bar chart,384,hard,0.0022383107814756,4
new_comp_2_0.3_3,k2,composition,Bar chart,384,soft,0.0002671074422552211,4
new_comp_2_0.3_3,k2,composition,Donut chart,256,hard,0.001029647781413727,4
new_comp_2_0.3_3,k2,composition,Donut chart,256,soft,0.001387747028827789,4
new_comp_2_0.3_3,k2,composition,Donut chart,384,hard,0.0006018034858664145,4
new_comp_2_0.3_3,k2,composition,Donut chart,384,soft,0.000737895438098532,4
new_comp_2_0.3_3,k2,composition,Pie chart,256,hard,0.0009559468972592244,4
new_comp_2_0.3_3,k2,composition,Pie chart,256,soft,0.0013088024735323778,4
new_comp_2_0.3_3,k2,composition,Pie chart,384,hard,0.0005331737344947685,4
new_comp_2_0.3_3,k2,composition,Pie chart,384,soft,0.0006399634921621655,4
new_comp_2_0.3_3,k2,composition,Stacked bar,256,hard,0.002988405712842382,4
new_comp_2_0.3_3,k2,composition,Stacked bar,256,soft,0.0018091009390737017,4
new_comp_2_0.3_3,k2,composition,Stacked bar,384,hard,0.0019378769516945893,4
new_comp_2_0.3_3,k2,composition,Stacked bar,384,soft,0.0010728235071450418,4
new_comp_2_1_0,k2,composition,Bar chart,256,hard,0.00285356984769047,4
new_comp_2_1_0,k2,composition,Bar chart,256,soft,0.0007393641771293556,4
new_comp_2_1_0,k2,composition,Bar chart,384,hard,0.001713309209178145,4
new_comp_2_1_0,k2,composition,Bar chart,384,soft,0.0004404118705518146,4
new_comp_2_1_0,k2,composition,Donut chart,256,hard,0.0011894237687569628,4
new_comp_2_1_0,k2,composition,Donut chart,256,soft,0.0011937474973216441,4
new_comp_2_1_0,k2,composition,Donut chart,384,hard,0.0006012623903686072,4
new_comp_2_1_0,k2,composition,Donut chart,384,soft,0.0006346009547898712,4
new_comp_2_1_0,k2,composition,Pie chart,256,hard,0.0015419035553733522,4
new_comp_2_1_0,k2,composition,Pie chart,256,soft,0.0015571149314088876,4
new_comp_2_1_0,k2,composition,Pie chart,384,hard,0.0008039756820386185,4
new_comp_2_1_0,k2,composition,Pie chart,384,soft,0.0007984634713084082,4
new_comp_2_1_0,k2,composition,Stacked bar,256,hard,0.002931218061697308,4
new_comp_2_1_0,k2,composition,Stacked bar,256,soft,0.000976738723202298,4
new_comp_2_1_0,k2,composition,Stacked bar,384,hard,0.0014511072503560398,4
new_comp_2_1_0,k2,composition,Stacked bar,384,soft,0.0006559882352310704,4
new_comp_2_1_1,k2,composition,Bar chart,256,hard,0.0025650357414884195,4
new_comp_2_1_1,k2,composition,Bar chart,256,soft,0.00018406829510580341,4
new_comp_2_1_1,k2,composition,Bar chart,384,hard,0.0021848034120053473,4
new_comp_2_1_1,k2,composition,Bar chart,384,soft,0.0002846736133691116,4
new_comp_2_1_1,k2,composition,Donut chart,256,hard,0.001135085888835553,4
new_comp_2_1_1,k2,composition,Donut chart,256,soft,0.001184894958886287,4
new_comp_2_1_1,k2,composition,Donut chart,384,hard,0.0005202490160577996,4
new_comp_2_1_1,k2,composition,Donut chart,384,soft,0.0006790509593200145,4
new_comp_2_1_1,k2,composition,Pie chart,256,hard,0.0015644209524590703,4
new_comp_2_1_1,k2,composition,Pie chart,256,soft,0.0016445115771319165,4
new_comp_2_1_1,k2,composition,Pie chart,384,hard,0.0007087316547719422,4
new_comp_2_1_1,k2,composition,Pie chart,384,soft,0.0009427589168582474,4
new_comp_2_1_1,k2,composition,Stacked bar,256,hard,0.0026148756435559802,4
new_comp_2_1_1,k2,composition,Stacked bar,256,soft,0.0015107339352676986,4
new_comp_2_1_1,k2,composition,Stacked bar,384,hard,0.0016111346817112987,4
new_comp_2_1_1,k2,composition,Stacked bar,384,soft,0.0011679964561981653,4
new_comp_2_1_2,k2,composition,Bar chart,256,hard,0.0028105823671558602,4
new_comp_2_1_2,k2,composition,Bar chart,256,soft,0.0016580229434613805,4
new_comp_2_1_2,k2,composition,Bar chart,384,hard,0.003175463171913806,4
new_comp_2_1_2,k2,composition,Bar chart,384,soft,0.0008125062125058091,4
new_comp_2_1_2,k2,composition,Donut chart,256,hard,0.0008422081479925528,4
new_comp_2_1_2,k2,composition,Donut chart,256,soft,0.0015803948017070885,4
new_comp_2_1_2,k2,composition,Donut chart,384,hard,0.0006627082112198937,4
new_comp_2_1_2,k2,composition,Donut chart,384,soft,0.0008780518076716357,4
new_comp_2_1_2,k2,composition,Pie chart,256,hard,0.0007202206574710227,4
new_comp_2_1_2,k2,composition,Pie chart,256,soft,0.0013477400768093714,4
new_comp_2_1_2,k2,composition,Pie chart,384,hard,0.0004866010099268264,4
new_comp_2_1_2,k2,composition,Pie chart,384,soft,0.0006699476680084582,4
new_comp_2_1_2,k2,composition,Stacked bar,256,hard,0.0030646148608174315,4
new_comp_2_1_2,k2,composition,Stacked bar,256,soft,0.0025042478772053234,4
new_comp_2_1_2,k2,composition,Stacked bar,384,hard,0.0018237294295418705,4
new_comp_2_1_2,k2,composition,Stacked bar,384,soft,0.0016577044244777614,4
new_comp_2_1_3,k2,composition,Bar chart,256,hard,0.0026344108941313144,4
new_comp_2_1_3,k2,composition,Bar chart,256,soft,0.0005227683874846848,4
new_comp_2_1_3,k2,composition,Bar chart,384,hard,0.0019012274163163478,4
new_comp_2_1_3,k2,composition,Bar chart,384,soft,0.0002859532185016528,4
new_comp_2_1_3,k2,composition,Donut chart,256,hard,0.0011788015598772506,4
new_comp_2_1_3,k2,composition,Donut chart,256,soft,0.00114908435714294,4
new_comp_2_1_3,k2,composition,Donut chart,384,hard,0.0006135087427410531,4
new_comp_2_1_3,k2,composition,Donut chart,384,soft,0.0006120522605293551,4
new_comp_2_1_3,k2,composition,Pie chart,256,hard,0.0015806106937827236,4
new_comp_2_1_3,k2,composition,Pie chart,256,soft,0.0015618198522952959,4
new_comp_2_1_3,k2,composition,Pie chart,384,hard,0.0008167508972009817,4
new_comp_2_1_3,k2,composition,Pie chart,384,soft,0.0008167363753587183,4
new_comp_2_1_3,k2,composition,Stacked bar,256,hard,0.002693364212889269,4
new_comp_2_1_3,k2,composition,Stacked bar,256,soft,0.0014155517350598994,4
new_comp_2_1_3,k2,composition,Stacked bar,384,hard,0.001340470332863294,4
new_comp_2_1_3,k2,composition,Stacked bar,384,soft,0.0008802634742778349,4
new_comp_2_5_0,k2,composition,Bar chart,256,hard,0.001962041710986212,4
new_comp_2_5_0,k2,composition,Bar chart,256,soft,0.0011821030470326593,4
new_comp_2_5_0,k2,composition,Bar chart,384,hard,0.002279853533759514,4
new_comp_2_5_0,k2,composition,Bar chart,384,soft,0.0009106584715044969,4
new_comp_2_5_0,k2,composition,Donut chart,256,hard,0.00069385102165085,4
new_comp_2_5_0,k2,composition,Donut chart,256,soft,0.0016444309303545665,4
new_comp_2_5_0,k2,composition,Donut chart,384,hard,0.0006184192102543298,4
new_comp_2_5_0,k2,composition,Donut chart,384,soft,0.0008996778361195293,4
new_comp_2_5_0,k2,composition,Pie chart,256,hard,0.0005738531145780684,4
new_comp_2_5_0,k2,composition,Pie chart,256,soft,0.0012921477259456998,4
new_comp_2_5_0,k2,composition,Pie chart,384,hard,0.0004578989016095908,4
new_comp_2_5_0,k2,composition,Pie chart,384,soft,0.0006238471412761543,4
new_comp_2_5_0,k2,composition,Stacked bar,256,hard,0.002402424541310684,4
new_comp_2_5_0,k2,composition,Stacked bar,256,soft,0.002131808893637538,4
new_comp_2_5_0,k2,composition,Stacked bar,384,hard,0.0017731186409958716,4
new_comp_2_5_0,k2,composition,Stacked bar,384,soft,0.0014524470113715104,4
new_comp_2_5_1,k2,composition,Bar chart,256,hard,0.0029944817654085076,4
new_comp_2_5_1,k2,composition,Bar chart,256,soft,0.0011501809955156914,4
new_comp_2_5_1,k2,composition,Bar chart,384,hard,0.002969558339475681,4
new_comp_2_5_1,k2,composition,Bar chart,384,soft,0.0006584224242406692,4
new_comp_2_5_1,k2,composition,Donut chart,256,hard,0.0009807752147096352,4
new_comp_2_5_1,k2,composition,Donut chart,256,soft,0.001490072420012388,4
new_comp_2_5_1,k2,composition,Donut chart,384,hard,0.0006165974125518087,4
new_comp_2_5_1,k2,composition,Donut chart,384,soft,0.0008172131919229539,4
new_comp_2_5_1,k2,composition,Pie chart,256,hard,0.000913459122406278,4
new_comp_2_5_1,k2,composition,Pie chart,256,soft,0.0013878475258818912,4
new_comp_2_5_1,k2,composition,Pie chart,384,hard,0.0005529911333878867,4
new_comp_2_5_1,k2,composition,Pie chart,384,soft,0.0006958170630465277,4
new_comp_2_5_1,k2,composition,Stacked bar,256,hard,0.003234891075796921,4
new_comp_2_5_1,k2,composition,Stacked bar,256,soft,0.0021965290388915176,4
new_comp_2_5_1,k2,composition,Stacked bar,384,hard,0.0020190802322817836,4
new_comp_2_5_1,k2,composition,Stacked bar,384,soft,0.0015976789537244449,4
new_comp_2_5_2,k2,composition,Bar chart,256,hard,0.0017248084005542438,4
new_comp_2_5_2,k2,composition,Bar chart,256,soft,0.0014767693923307679,4
new_comp_2_5_2,k2,composition,Bar chart,384,hard,0.0027262074424340907,4
new_comp_2_5_2,k2,composition,Bar chart,384,soft,0.0013633874829341447,4
new_comp_2_5_2,k2,composition,Donut chart,256,hard,0.0005668954144712954,4
new_comp_2_5_2,k2,composition,Donut chart,256,soft,0.0016840666030258009,4
new_comp_2_5_2,k2,composition,Donut chart,384,hard,0.0006139244207606018,4
new_comp_2_5_2,k2,composition,Donut chart,384,soft,0.0009531959151825101,4
new_comp_2_5_2,k2,composition,Pie chart,256,hard,0.0005271117099727718,4
new_comp_2_5_2,k2,composition,Pie chart,256,soft,0.0013600595833765869,4
new_comp_2_5_2,k2,composition,Pie chart,384,hard,0.0005419492031499273,4
new_comp_2_5_2,k2,composition,Pie chart,384,soft,0.0007208116651452046,4
new_comp_2_5_2,k2,composition,Stacked bar,256,hard,0.0019691035393642822,4
new_comp_2_5_2,k2,composition,Stacked bar,256,soft,0.002111954124592544,4
new_comp_2_5_2,k2,composition,Stacked bar,384,hard,0.001856484407845839,4
new_comp_2_5_2,k2,composition,Stacked bar,384,soft,0.001870574136153838,4
new_comp_2_5_3,k2,composition,Bar chart,256,hard,0.0013070302525964826,4
new_comp_2_5_3,k2,composition,Bar chart,256,soft,0.0016592286537817809,4
new_comp_2_5_3,k2,composition,Bar chart,384,hard,0.0018347875532168031,4
new_comp_2_5_3,k2,composition,Bar chart,384,soft,0.0013397113199798,4
new_comp_2_5_3,k2,composition,Donut chart,256,hard,0.0004266494797132529,4
new_comp_2_5_3,k2,composition,Donut chart,256,soft,0.0017259994421940199,4
new_comp_2_5_3,k2,composition,Donut chart,384,hard,0.0004802359554722316,4
new_comp_2_5_3,k2,composition,Donut chart,384,soft,0.0009608806660226475,4
new_comp_2_5_3,k2,composition,Pie chart,256,hard,0.0005229958392545427,4
new_comp_2_5_3,k2,composition,Pie chart,256,soft,0.0012416714581946174,4
new_comp_2_5_3,k2,composition,Pie chart,384,hard,0.00045891264950165267,4
new_comp_2_5_3,k2,composition,Pie chart,384,soft,0.00060173144890667,4
new_comp_2_5_3,k2,composition,Stacked bar,256,hard,0.0016558548688413617,4
new_comp_2_5_3,k2,composition,Stacked bar,256,soft,0.002352680915426522,4
new_comp_2_5_3,k2,composition,Stacked bar,384,hard,0.001323089128429756,4
new_comp_2_5_3,k2,composition,Stacked bar,384,soft,0.0017304001574506601,4
new_comp_3_0.3_0,k3,composition,Bar chart,256,hard,0.003821325538016517,4
new_comp_3_0.3_0,k3,composition,Bar chart,256,soft,0.0020156387302018466,4
new_comp_3_0.3_0,k3,composition,Bar chart,384,hard,0.002223546009453143,4
new_comp_3_0.3_0,k3,composition,Bar chart,384,soft,0.0012772384203463766,4
new_comp_3_0.3_0,k3,composition,Donut chart,256,hard,0.0018579132317062654,4
new_comp_3_0.3_0,k3,composition,Donut chart,256,soft,0.0025928218383015613,4
new_comp_3_0.3_0,k3,composition,Donut chart,384,hard,0.0015808682264684616,4
new_comp_3_0.3_0,k3,composition,Donut chart,384,soft,0.0017880707568265239,4
new_comp_3_0.3_0,k3,composition,Pie chart,256,hard,0.0023265203750771984,4
new_comp_3_0.3_0,k3,composition,Pie chart,256,soft,0.002979972546094333,4
new_comp_3_0.3_0,k3,composition,Pie chart,384,hard,0.0019836340453757246,4
new_comp_3_0.3_0,k3,composition,Pie chart,384,soft,0.0020508480226846862,4
new_comp_3_0.3_0,k3,composition,Stacked bar,256,hard,0.003137551538157475,4
new_comp_3_0.3_0,k3,composition,Stacked bar,256,soft,0.0028881147980145717,4
new_comp_3_0.3_0,k3,composition,Stacked bar,384,hard,0.0019515678165378822,4
new_comp_3_0.3_0,k3,composition,Stacked bar,384,soft,0.0019323161939831578,4
new_comp_3_0.3_1,k3,composition,Bar chart,256,hard,0.0020652891002575094,4
new_comp_3_0.3_1,k3,composition,Bar chart,256,soft,0.005034151780127679,4
new_comp_3_0.3_1,k3,composition,Bar chart,384,hard,0.002060501776680246,4
new_comp_3_0.3_1,k3,composition,Bar chart,384,soft,0.003071133199732162,4
new_comp_3_0.3_1,k3,composition,Donut chart,256,hard,0.0011477813872783722,4
new_comp_3_0.3_1,k3,composition,Donut chart,256,soft,0.0021441551458159756,4
new_comp_3_0.3_1,k3,composition,Donut chart,384,hard,0.0008432759176951502,4
new_comp_3_0.3_1,k3,composition,Donut chart,384,soft,0.0013226558718068045,4
new_comp_3_0.3_1,k3,composition,Pie chart,256,hard,0.0020912133584371816,4
new_comp_3_0.3_1,k3,composition,Pie chart,256,soft,0.001862912408345975,4
new_comp_3_0.3_1,k3,composition,Pie chart,384,hard,0.0013860925323500575,4
new_comp_3_0.3_1,k3,composition,Pie chart,384,soft,0.0012658271271169703,4
new_comp_3_0.3_1,k3,composition,Stacked bar,256,hard,0.0038497326937354842,4
new_comp_3_0.3_1,k3,composition,Stacked bar,256,soft,0.002322686116457977,4
new_comp_3_0.3_1,k3,composition,Stacked bar,384,hard,0.0022520548467205503,4
new_comp_3_0.3_1,k3,composition,Stacked bar,384,soft,0.0017796591922948652,4
new_comp_3_0.3_2,k3,composition,Bar chart,256,hard,0.0023624684305483807,4
new_comp_3_0.3_2,k3,composition,Bar chart,256,soft,0.0038808454997769797,4
new_comp_3_0.3_2,k3,composition,Bar chart,384,hard,0.0018159454315280822,4
new_comp_3_0.3_2,k3,composition,Bar chart,384,soft,0.0024447538719172294,4
new_comp_3_0.3_2,k3,composition,Donut chart,256,hard,0.0009081891925079534,4
new_comp_3_0.3_2,k3,composition,Donut chart,256,soft,0.001912132880903528,4
new_comp_3_0.3_2,k3,composition,Donut chart,384,hard,0.0007291629701795589,4
new_comp_3_0.3_2,k3,composition,Donut chart,384,soft,0.0013459385397986677,4
new_comp_3_0.3_2,k3,composition,Pie chart,256,hard,0.0014649795668715475,4
new_comp_3_0.3_2,k3,composition,Pie chart,256,soft,0.0015322132795668859,4
new_comp_3_0.3_2,k3,composition,Pie chart,384,hard,0.0011122260212905917,4
new_comp_3_0.3_2,k3,composition,Pie chart,384,soft,0.001176452054908004,4
new_comp_3_0.3_2,k3,composition,Stacked bar,256,hard,0.002049720872187001,4
new_comp_3_0.3_2,k3,composition,Stacked bar,256,soft,0.003359269284611625,4
new_comp_3_0.3_2,k3,composition,Stacked bar,384,hard,0.001531697825967108,4
new_comp_3_0.3_2,k3,composition,Stacked bar,384,soft,0.0016996312846404337,4
new_comp_3_0.3_3,k3,composition,Bar chart,256,hard,0.001937972142523897,4
new_comp_3_0.3_3,k3,composition,Bar chart,256,soft,0.004035602856865069,4
new_comp_3_0.3_3,k3,composition,Bar chart,384,hard,0.0021234212076263895,4
new_comp_3_0.3_3,k3,composition,Bar chart,384,soft,0.0024754158377326106,4
new_comp_3_0.3_3,k3,composition,Donut chart,256,hard,0.0011679264611569459,4
new_comp_3_0.3_3,k3,composition,Donut chart,256,soft,0.0019017863022025613,4
new_comp_3_0.3_3,k3,composition,Donut chart,384,hard,0.0008313216103537381,4
new_comp_3_0.3_3,k3,composition,Donut chart,384,soft,0.0014025576787908994,4
new_comp_3_0.3_3,k3,composition,Pie chart,256,hard,0.0017163208095519302,4
new_comp_3_0.3_3,k3,composition,Pie chart,256,soft,0.0014771055796765492,4
new_comp_3_0.3_3,k3,composition,Pie chart,384,hard,0.0012215653179659895,4
new_comp_3_0.3_3,k3,composition,Pie chart,384,soft,0.0012362997482382025,4
new_comp_3_0.3_3,k3,composition,Stacked bar,256,hard,0.0025047834755430073,4
new_comp_3_0.3_3,k3,composition,Stacked bar,256,soft,0.0035659526177855855,4
new_comp_3_0.3_3,k3,composition,Stacked bar,384,hard,0.0025959832856801016,4
new_comp_3_0.3_3,k3,composition,Stacked bar,384,soft,0.00256747363716539,4
new_comp_3_1_0,k3,composition,Bar chart,256,hard,0.0021063664452706165,4
new_comp_3_1_0,k3,composition,Bar chart,256,soft,0.004125082849777957,4
new_comp_3_1_0,k3,composition,Bar chart,384,hard,0.001908476477160026,4
new_comp_3_1_0,k3,composition,Bar chart,384,soft,0.001961309724473923,4
new_comp_3_1_0,k3,composition,Donut chart,256,hard,0.0007405156661264732,4
new_comp_3_1_0,k3,composition,Donut chart,256,soft,0.0017818688284609759,4
new_comp_3_1_0,k3,composition,Donut chart,384,hard,0.00068185869134411,4
new_comp_3_1_0,k3,composition,Donut chart,384,soft,0.0012422747967248708,4
new_comp_3_1_0,k3,composition,Pie chart,256,hard,0.001214729015222126,4
new_comp_3_1_0,k3,composition,Pie chart,256,soft,0.0013491235250576812,4
new_comp_3_1_0,k3,composition,Pie chart,384,hard,0.0009368130945855407,4
new_comp_3_1_0,k3,composition,Pie chart,384,soft,0.001048496778609612,4
new_comp_3_1_0,k3,composition,Stacked bar,256,hard,0.0018547852522141526,4
new_comp_3_1_0,k3,composition,Stacked bar,256,soft,0.003032567341278181,4
new_comp_3_1_0,k3,composition,Stacked bar,384,hard,0.0016745222924143127,4
new_comp_3_1_0,k3,composition,Stacked bar,384,soft,0.002148806361219175,4
new_comp_3_1_1,k3,composition,Bar chart,256,hard,0.003106222213770434,4
new_comp_3_1_1,k3,composition,Bar chart,256,soft,0.003800098687337659,4
new_comp_3_1_1,k3,composition,Bar chart,384,hard,0.001963817108099312,4
new_comp_3_1_1,k3,composition,Bar chart,384,soft,0.0023612052184958047,4
new_comp_3_1_1,k3,composition,Donut chart,256,hard,0.0008759427574255539,4
new_comp_3_1_1,k3,composition,Donut chart,256,soft,0.00205707659773619,4
new_comp_3_1_1,k3,composition,Donut chart,384,hard,0.0006870281490390512,4
new_comp_3_1_1,k3,composition,Donut chart,384,soft,0.0012812332794249256,4
new_comp_3_1_1,k3,composition,Pie chart,256,hard,0.0014047292880495135,4
new_comp_3_1_1,k3,composition,Pie chart,256,soft,0.0015992279291667764,4
new_comp_3_1_1,k3,composition,Pie chart,384,hard,0.0011165167518961266,4
new_comp_3_1_1,k3,composition,Pie chart,384,soft,0.0011588766435504244,4
new_comp_3_1_1,k3,composition,Stacked bar,256,hard,0.0038203040671283828,4
new_comp_3_1_1,k3,composition,Stacked bar,256,soft,0.003030019627139313,4
new_comp_3_1_1,k3,composition,Stacked bar,384,hard,0.00181361346833832,4
new_comp_3_1_1,k3,composition,Stacked bar,384,soft,0.0020054103365471313,4
new_comp_3_1_2,k3,composition,Bar chart,256,hard,0.004421469662865024,4
new_comp_3_1_2,k3,composition,Bar chart,256,soft,0.002296556963152674,4
new_comp_3_1_2,k3,composition,Bar chart,384,hard,0.0035843624326870292,4
new_comp_3_1_2,k3,composition,Bar chart,384,soft,0.0011989594959596651,4
new_comp_3_1_2,k3,composition,Donut chart,256,hard,0.0008097848173263915,4
new_comp_3_1_2,k3,composition,Donut chart,256,soft,0.0015428784009100596,4
new_comp_3_1_2,k3,composition,Donut chart,384,hard,0.0007561212282339753,4
new_comp_3_1_2,k3,composition,Donut chart,384,soft,0.0010879100246988654,4
new_comp_3_1_2,k3,composition,Pie chart,256,hard,0.0010324134289404485,4
new_comp_3_1_2,k3,composition,Pie chart,256,soft,0.001385844666689874,4
new_comp_3_1_2,k3,composition,Pie chart,384,hard,0.0009291031892051729,4
new_comp_3_1_2,k3,composition,Pie chart,384,soft,0.0010706895764391947,4
new_comp_3_1_2,k3,composition,Stacked bar,256,hard,0.003577125604550261,4
new_comp_3_1_2,k3,composition,Stacked bar,256,soft,0.0031891036721232863,4
new_comp_3_1_2,k3,composition,Stacked bar,384,hard,0.002665696505863468,4
new_comp_3_1_2,k3,composition,Stacked bar,384,soft,0.002397848860809359,4
new_comp_3_1_3,k3,composition,Bar chart,256,hard,0.0022397349946945014,4
new_comp_3_1_3,k3,composition,Bar chart,256,soft,0.00419475839493528,4
new_comp_3_1_3,k3,composition,Bar chart,384,hard,0.002080801533603547,4
new_comp_3_1_3,k3,composition,Bar chart,384,soft,0.0023862892685581095,4
new_comp_3_1_3,k3,composition,Donut chart,256,hard,0.0008362123575881069,4
new_comp_3_1_3,k3,composition,Donut chart,256,soft,0.001844167525628643,4
new_comp_3_1_3,k3,composition,Donut chart,384,hard,0.0008018380550863739,4
new_comp_3_1_3,k3,composition,Donut chart,384,soft,0.001246413318178632,4
new_comp_3_1_3,k3,composition,Pie chart,256,hard,0.0014912627956102436,4
new_comp_3_1_3,k3,composition,Pie chart,256,soft,0.0014536703861621376,4
new_comp_3_1_3,k3,composition,Pie chart,384,hard,0.0011720698701694152,4
new_comp_3_1_3,k3,composition,Pie chart,384,soft,0.0011084410311906125,4
new_comp_3_1_3,k3,composition,Stacked bar,256,hard,0.002855961606942947,4
new_comp_3_1_3,k3,composition,Stacked bar,256,soft,0.003310095961181393,4
new_comp_3_1_3,k3,composition,Stacked bar,384,hard,0.001659400041418668,4
new_comp_3_1_3,k3,composition,Stacked bar,384,soft,0.002142974335486634,4
new_comp_3_5_0,k3,composition,Bar chart,256,hard,0.0033496257482270517,4
new_comp_3_5_0,k3,composition,Bar chart,256,soft,0.0027294245021834626,4
new_comp_3_5_0,k3,composition,Bar chart,384,hard,0.002841603257647929,4
new_comp_3_5_0,k3,composition,Bar chart,384,soft,0.0016079762041611087,4
new_comp_3_5_0,k3,composition,Donut chart,256,hard,0.0008097321728380499,4
new_comp_3_5_0,k3,composition,Donut chart,256,soft,0.0015771934297493795,4
new_comp_3_5_0,k3,composition,Donut chart,384,hard,0.0007890463670992415,4
new_comp_3_5_0,k3,composition,Donut chart,384,soft,0.0010745750808787563,4
new_comp_3_5_0,k3,composition,Pie chart,256,hard,0.0012894375493174084,4
new_comp_3_5_0,k3,composition,Pie chart,256,soft,0.001317841462810769,4
new_comp_3_5_0,k3,composition,Pie chart,384,hard,0.0010641757780502775,4
new_comp_3_5_0,k3,composition,Pie chart,384,soft,0.0010267224499665578,4
new_comp_3_5_0,k3,composition,Stacked bar,256,hard,0.0029127784265608053,4
new_comp_3_5_0,k3,composition,Stacked bar,256,soft,0.0025486321846330123,4
new_comp_3_5_0,k3,composition,Stacked bar,384,hard,0.0021698853342240823,4
new_comp_3_5_0,k3,composition,Stacked bar,384,soft,0.0024674743105645644,4
new_comp_3_5_1,k3,composition,Bar chart,256,hard,0.0031598598724977486,4
new_comp_3_5_1,k3,composition,Bar chart,256,soft,0.0028799216662707683,4
new_comp_3_5_1,k3,composition,Bar chart,384,hard,0.003085406341116502,4
new_comp_3_5_1,k3,composition,Bar chart,384,soft,0.0014905875182368578,4
new_comp_3_5_1,k3,composition,Donut chart,256,hard,0.0008399660000900852,4
new_comp_3_5_1,k3,composition,Donut chart,256,soft,0.0016477301631660016,4
new_comp_3_5_1,k3,composition,Donut chart,384,hard,0.0008011889717666545,4
new_comp_3_5_1,k3,composition,Donut chart,384,soft,0.0011311420606271091,4
new_comp_3_5_1,k3,composition,Pie chart,256,hard,0.0012663256699503855,4
new_comp_3_5_1,k3,composition,Pie chart,256,soft,0.0013810526457377278,4
new_comp_3_5_1,k3,composition,Pie chart,384,hard,0.0010481809234975797,4
new_comp_3_5_1,k3,composition,Pie chart,384,soft,0.0010566378455199171,4
new_comp_3_5_1,k3,composition,Stacked bar,256,hard,0.0028545771811119697,4
new_comp_3_5_1,k3,composition,Stacked bar,256,soft,0.002897965503682827,4
new_comp_3_5_1,k3,composition,Stacked bar,384,hard,0.0018442706440936277,4
new_comp_3_5_1,k3,composition,Stacked bar,384,soft,0.002103651077813906,4
new_comp_3_5_2,k3,composition,Bar chart,256,hard,0.004150634611018014,4
new_comp_3_5_2,k3,composition,Bar chart,256,soft,0.0019435542897278321,4
new_comp_3_5_2,k3,composition,Bar chart,384,hard,0.0034251446783447465,4
new_comp_3_5_2,k3,composition,Bar chart,384,soft,0.0012833376925664303,4
new_comp_3_5_2,k3,composition,Donut chart,256,hard,0.0009536230766621634,4
new_comp_3_5_2,k3,composition,Donut chart,256,soft,0.0014443323620332987,4
new_comp_3_5_2,k3,composition,Donut chart,384,hard,0.0007973413042880739,4
new_comp_3_5_2,k3,composition,Donut chart,384,soft,0.0010259881471811338,4
new_comp_3_5_2,k3,composition,Pie chart,256,hard,0.001055744597499339,4
new_comp_3_5_2,k3,composition,Pie chart,256,soft,0.0013067378336585195,4
new_comp_3_5_2,k3,composition,Pie chart,384,hard,0.000903021703113599,4
new_comp_3_5_2,k3,composition,Pie chart,384,soft,0.0010250535086618467,4
new_comp_3_5_2,k3,composition,Stacked bar,256,hard,0.004923278543793638,4
new_comp_3_5_2,k3,composition,Stacked bar,256,soft,0.0034587454464046,4
new_comp_3_5_2,k3,composition,Stacked bar,384,hard,0.0030224967258072957,4
new_comp_3_5_2,k3,composition,Stacked bar,384,soft,0.002516166618822646,4
new_comp_3_5_3,k3,composition,Bar chart,256,hard,0.0024890571191298165,4
new_comp_3_5_3,k3,composition,Bar chart,256,soft,0.003590621493189221,4
new_comp_3_5_3,k3,composition,Bar chart,384,hard,0.002651083311347181,4
new_comp_3_5_3,k3,composition,Bar chart,384,soft,0.0020436844791905558,4
new_comp_3_5_3,k3,composition,Donut chart,256,hard,0.0008993702507641439,4
new_comp_3_5_3,k3,composition,Donut chart,256,soft,0.0020546170690190595,4
new_comp_3_5_3,k3,composition,Donut chart,384,hard,0.0007040268503057407,4
new_comp_3_5_3,k3,composition,Donut chart,384,soft,0.0013001995822294731,4
new_comp_3_5_3,k3,composition,Pie chart,256,hard,0.001348521000874514,4
new_comp_3_5_3,k3,composition,Pie chart,256,soft,0.0016377124978292877,4
new_comp_3_5_3,k3,composition,Pie chart,384,hard,0.0010556856279575304,4
new_comp_3_5_3,k3,composition,Pie chart,384,soft,0.0011770538979778457,4
new_comp_3_5_3,k3,composition,Stacked bar,256,hard,0.0031185084507025698,4
new_comp_3_5_3,k3,composition,Stacked bar,256,soft,0.0024519224305434052,4
new_comp_3_5_3,k3,composition,Stacked bar,384,hard,0.0017639890290666697,4
new_comp_3_5_3,k3,composition,Stacked bar,384,soft,0.001917468653436406,4
new_comp_5_0.3_0,k5,composition,Bar chart,256,hard,0.004760134112558338,4
new_comp_5_0.3_0,k5,composition,Bar chart,256,soft,0.026798109249053348,4
new_comp_5_0.3_0,k5,composition,Bar chart,384,hard,0.004102761500895353,4
new_comp_5_0.3_0,k5,composition,Bar chart,384,soft,0.018048888245510687,4
new_comp_5_0.3_0,k5,composition,Donut chart,256,hard,0.0017849858109645952,4
new_comp_5_0.3_0,k5,composition,Donut chart,256,soft,0.013150206684548122,4
new_comp_5_0.3_0,k5,composition,Donut chart,384,hard,0.0015091010369215829,4
new_comp_5_0.3_0,k5,composition,Donut chart,384,soft,0.008676435267397128,4
new_comp_5_0.3_0,k5,composition,Pie chart,256,hard,0.0022200736264906124,4
new_comp_5_0.3_0,k5,composition,Pie chart,256,soft,0.007571913172734297,4
new_comp_5_0.3_0,k5,composition,Pie chart,384,hard,0.0015903840833232236,4
new_comp_5_0.3_0,k5,composition,Pie chart,384,soft,0.004980553244539434,4
new_comp_5_0.3_0,k5,composition,Stacked bar,256,hard,0.003838822765963334,4
new_comp_5_0.3_0,k5,composition,Stacked bar,256,soft,0.01237995467208261,4
new_comp_5_0.3_0,k5,composition,Stacked bar,384,hard,0.0029171141059559777,4
new_comp_5_0.3_0,k5,composition,Stacked bar,384,soft,0.007971079434475552,4
new_comp_5_0.3_1,k5,composition,Bar chart,256,hard,0.007185630736692305,4
new_comp_5_0.3_1,k5,composition,Bar chart,256,soft,0.02746040236193415,4
new_comp_5_0.3_1,k5,composition,Bar chart,384,hard,0.0064823853702786665,4
new_comp_5_0.3_1,k5,composition,Bar chart,384,soft,0.018101426135764515,4
new_comp_5_0.3_1,k5,composition,Donut chart,256,hard,0.0026540738008219247,4
new_comp_5_0.3_1,k5,composition,Donut chart,256,soft,0.011315508515087964,4
new_comp_5_0.3_1,k5,composition,Donut chart,384,hard,0.001865488170330577,4
new_comp_5_0.3_1,k5,composition,Donut chart,384,soft,0.0073736516494841715,4
new_comp_5_0.3_1,k5,composition,Pie chart,256,hard,0.004299934488969168,4
new_comp_5_0.3_1,k5,composition,Pie chart,256,soft,0.007046104187566323,4
new_comp_5_0.3_1,k5,composition,Pie chart,384,hard,0.0028405717069342443,4
new_comp_5_0.3_1,k5,composition,Pie chart,384,soft,0.004731727235881151,4
new_comp_5_0.3_1,k5,composition,Stacked bar,256,hard,0.007515476211073657,4
new_comp_5_0.3_1,k5,composition,Stacked bar,256,soft,0.014458827300596196,4
new_comp_5_0.3_1,k5,composition,Stacked bar,384,hard,0.0043357264789696814,4
new_comp_5_0.3_1,k5,composition,Stacked bar,384,soft,0.008733137451219633,4
new_comp_5_0.3_2,k5,composition,Bar chart,256,hard,0.005706819772199484,4
new_comp_5_0.3_2,k5,composition,Bar chart,256,soft,0.021742674631475636,4
new_comp_5_0.3_2,k5,composition,Bar chart,384,hard,0.004155874429368055,4
new_comp_5_0.3_2,k5,composition,Bar chart,384,soft,0.014670049413268976,4
new_comp_5_0.3_2,k5,composition,Donut chart,256,hard,0.003246406022955595,4
new_comp_5_0.3_2,k5,composition,Donut chart,256,soft,0.009828489541657747,4
new_comp_5_0.3_2,k5,composition,Donut chart,384,hard,0.002121853499277959,4
new_comp_5_0.3_2,k5,composition,Donut chart,384,soft,0.006547132490466862,4
new_comp_5_0.3_2,k5,composition,Pie chart,256,hard,0.0038040462869842087,4
new_comp_5_0.3_2,k5,composition,Pie chart,256,soft,0.006913404688172727,4
new_comp_5_0.3_2,k5,composition,Pie chart,384,hard,0.002786389101326975,4
new_comp_5_0.3_2,k5,composition,Pie chart,384,soft,0.004903177988819445,4
new_comp_5_0.3_2,k5,composition,Stacked bar,256,hard,0.007170861570260959,4
new_comp_5_0.3_2,k5,composition,Stacked bar,256,soft,0.013144113979166306,4
new_comp_5_0.3_2,k5,composition,Stacked bar,384,hard,0.00400807701155464,4
new_comp_5_0.3_2,k5,composition,Stacked bar,384,soft,0.00806557637122009,4
new_comp_5_0.3_3,k5,composition,Bar chart,256,hard,0.009575381710004858,4
new_comp_5_0.3_3,k5,composition,Bar chart,256,soft,0.021054943783031146,4
new_comp_5_0.3_3,k5,composition,Bar chart,384,hard,0.006978170032234862,4
new_comp_5_0.3_3,k5,composition,Bar chart,384,soft,0.014249743966683093,4
new_comp_5_0.3_3,k5,composition,Donut chart,256,hard,0.0034848432355564576,4
new_comp_5_0.3_3,k5,composition,Donut chart,256,soft,0.008245754106644018,4
new_comp_5_0.3_3,k5,composition,Donut chart,384,hard,0.0022887976121927843,4
new_comp_5_0.3_3,k5,composition,Donut chart,384,soft,0.005286061442623727,4
new_comp_5_0.3_3,k5,composition,Pie chart,256,hard,0.0029417175331859437,4
new_comp_5_0.3_3,k5,composition,Pie chart,256,soft,0.0051068045839610205,4
new_comp_5_0.3_3,k5,composition,Pie chart,384,hard,0.0019688828348873467,4
new_comp_5_0.3_3,k5,composition,Pie chart,384,soft,0.0032859112339883615,4
new_comp_5_0.3_3,k5,composition,Stacked bar,256,hard,0.00565877737198153,4
new_comp_5_0.3_3,k5,composition,Stacked bar,256,soft,0.0094491335695053,4
new_comp_5_0.3_3,k5,composition,Stacked bar,384,hard,0.0033959571369651404,4
new_comp_5_0.3_3,k5,composition,Stacked bar,384,soft,0.0061829500944844485,4
new_comp_5_1_0,k5,composition,Bar chart,256,hard,0.008346904839019354,4
new_comp_5_1_0,k5,composition,Bar chart,256,soft,0.019198052551158567,4
new_comp_5_1_0,k5,composition,Bar chart,384,hard,0.006362685062347351,4
new_comp_5_1_0,k5,composition,Bar chart,384,soft,0.012784783568078412,4
new_comp_5_1_0,k5,composition,Donut chart,256,hard,0.0030941263745808793,4
new_comp_5_1_0,k5,composition,Donut chart,256,soft,0.007109874395983639,4
new_comp_5_1_0,k5,composition,Donut chart,384,hard,0.002126669055035054,4
new_comp_5_1_0,k5,composition,Donut chart,384,soft,0.004511301492409896,4
new_comp_5_1_0,k5,composition,Pie chart,256,hard,0.003921717049819487,4
new_comp_5_1_0,k5,composition,Pie chart,256,soft,0.005354369889257275,4
new_comp_5_1_0,k5,composition,Pie chart,384,hard,0.002713650350930682,4
new_comp_5_1_0,k5,composition,Pie chart,384,soft,0.0035159225616192107,4
new_comp_5_1_0,k5,composition,Stacked bar,256,hard,0.009661721825906987,4
new_comp_5_1_0,k5,composition,Stacked bar,256,soft,0.01206890717839633,4
new_comp_5_1_0,k5,composition,Stacked bar,384,hard,0.004256381152620755,4
new_comp_5_1_0,k5,composition,Stacked bar,384,soft,0.005975805830621654,4
new_comp_5_1_1,k5,composition,Bar chart,256,hard,0.010590787138146943,4
new_comp_5_1_1,k5,composition,Bar chart,256,soft,0.025532188008709204,4
new_comp_5_1_1,k5,composition,Bar chart,384,hard,0.008764356799194236,4
new_comp_5_1_1,k5,composition,Bar chart,384,soft,0.01709637354345341,4
new_comp_5_1_1,k5,composition,Donut chart,256,hard,0.004095094169639848,4
new_comp_5_1_1,k5,composition,Donut chart,256,soft,0.010215026167033483,4
new_comp_5_1_1,k5,composition,Donut chart,384,hard,0.0028209900244642342,4
new_comp_5_1_1,k5,composition,Donut chart,384,soft,0.00672278470030199,4
new_comp_5_1_1,k5,composition,Pie chart,256,hard,0.004492157515200454,4
new_comp_5_1_1,k5,composition,Pie chart,256,soft,0.00705871374924157,4
new_comp_5_1_1,k5,composition,Pie chart,384,hard,0.003144304120420261,4
new_comp_5_1_1,k5,composition,Pie chart,384,soft,0.004748152959634218,4
new_comp_5_1_1,k5,composition,Stacked bar,256,hard,0.00888966831025983,4
new_comp_5_1_1,k5,composition,Stacked bar,256,soft,0.01446404741965011,4
new_comp_5_1_1,k5,composition,Stacked bar,384,hard,0.006476201278064273,4
new_comp_5_1_1,k5,composition,Stacked bar,384,soft,0.009582167458030776,4
new_comp_5_1_2,k5,composition,Bar chart,256,hard,0.017387616631709523,4
new_comp_5_1_2,k5,composition,Bar chart,256,soft,0.04168302029964324,4
new_comp_5_1_2,k5,composition,Bar chart,384,hard,0.01170802174440776,4
new_comp_5_1_2,k5,composition,Bar chart,384,soft,0.027148400263012778,4
new_comp_5_1_2,k5,composition,Donut chart,256,hard,0.006204452130266472,4
new_comp_5_1_2,k5,composition,Donut chart,256,soft,0.016517879697840146,4
new_comp_5_1_2,k5,composition,Donut chart,384,hard,0.004128452814824206,4
new_comp_5_1_2,k5,composition,Donut chart,384,soft,0.010731606369623036,4
new_comp_5_1_2,k5,composition,Pie chart,256,hard,0.005402609789594255,4
new_comp_5_1_2,k5,composition,Pie chart,256,soft,0.010017047883639052,4
new_comp_5_1_2,k5,composition,Pie chart,384,hard,0.0037193578770744196,4
new_comp_5_1_2,k5,composition,Pie chart,384,soft,0.006665517254639892,4
new_comp_5_1_2,k5,composition,Stacked bar,256,hard,0.01210930708405535,4
new_comp_5_1_2,k5,composition,Stacked bar,256,soft,0.020579602316855163,4
new_comp_5_1_2,k5,composition,Stacked bar,384,hard,0.007243787638987077,4
new_comp_5_1_2,k5,composition,Stacked bar,384,soft,0.013499054302608953,4
new_comp_5_1_3,k5,composition,Bar chart,256,hard,0.007454220297322569,4
new_comp_5_1_3,k5,composition,Bar chart,256,soft,0.009870786617468227,4
new_comp_5_1_3,k5,composition,Bar chart,384,hard,0.005488878951162226,4
new_comp_5_1_3,k5,composition,Bar chart,384,soft,0.007075796543860764,4
new_comp_5_1_3,k5,composition,Donut chart,256,hard,0.003301555718058535,4
new_comp_5_1_3,k5,composition,Donut chart,256,soft,0.004665811371573713,4
new_comp_5_1_3,k5,composition,Donut chart,384,hard,0.0022630480250454225,4
new_comp_5_1_3,k5,composition,Donut chart,384,soft,0.003211948641927154,4
new_comp_5_1_3,k5,composition,Pie chart,256,hard,0.0042958505940524526,4
new_comp_5_1_3,k5,composition,Pie chart,256,soft,0.004989025648581783,4
new_comp_5_1_3,k5,composition,Pie chart,384,hard,0.002956338297350588,4
new_comp_5_1_3,k5,composition,Pie chart,384,soft,0.003424693560403428,4
new_comp_5_1_3,k5,composition,Stacked bar,256,hard,0.009150476196681263,4
new_comp_5_1_3,k5,composition,Stacked bar,256,soft,0.010348366869404515,4
new_comp_5_1_3,k5,composition,Stacked bar,384,hard,0.004509230833592059,4
new_comp_5_1_3,k5,composition,Stacked bar,384,soft,0.005748658018315534,4
new_comp_5_5_0,k5,composition,Bar chart,256,hard,0.010499937159650459,4
new_comp_5_5_0,k5,composition,Bar chart,256,soft,0.023626287237819364,4
new_comp_5_5_0,k5,composition,Bar chart,384,hard,0.007298670210986236,4
new_comp_5_5_0,k5,composition,Bar chart,384,soft,0.016188952082016844,4
new_comp_5_5_0,k5,composition,Donut chart,256,hard,0.004108558209672774,4
new_comp_5_5_0,k5,composition,Donut chart,256,soft,0.009289245594353538,4
new_comp_5_5_0,k5,composition,Donut chart,384,hard,0.0027800745373350103,4
new_comp_5_5_0,k5,composition,Donut chart,384,soft,0.006083343736988619,4
new_comp_5_5_0,k5,composition,Pie chart,256,hard,0.004797517868045881,4
new_comp_5_5_0,k5,composition,Pie chart,256,soft,0.006944918833777699,4
new_comp_5_5_0,k5,composition,Pie chart,384,hard,0.003299391273240866,4
new_comp_5_5_0,k5,composition,Pie chart,384,soft,0.0047034311846837484,4
new_comp_5_5_0,k5,composition,Stacked bar,256,hard,0.008932878349910757,4
new_comp_5_5_0,k5,composition,Stacked bar,256,soft,0.013221959892384274,4
new_comp_5_5_0,k5,composition,Stacked bar,384,hard,0.004795509422742039,4
new_comp_5_5_0,k5,composition,Stacked bar,384,soft,0.007958573858225461,4
new_comp_5_5_1,k5,composition,Bar chart,256,hard,0.010036657406041389,4
new_comp_5_5_1,k5,composition,Bar chart,256,soft,0.028813348563505585,4
new_comp_5_5_1,k5,composition,Bar chart,384,hard,0.00869088838534049,4
new_comp_5_5_1,k5,composition,Bar chart,384,soft,0.01908788640538487,4
new_comp_5_5_1,k5,composition,Donut chart,256,hard,0.0035401344305710947,4
new_comp_5_5_1,k5,composition,Donut chart,256,soft,0.011554704259763775,4
new_comp_5_5_1,k5,composition,Donut chart,384,hard,0.0024906651366600786,4
new_comp_5_5_1,k5,composition,Donut chart,384,soft,0.0075293125645541584,4
new_comp_5_5_1,k5,composition,Pie chart,256,hard,0.004321962768798976,4
new_comp_5_5_1,k5,composition,Pie chart,256,soft,0.007364325304755746,4
new_comp_5_5_1,k5,composition,Pie chart,384,hard,0.003033488018099384,4
new_comp_5_5_1,k5,composition,Pie chart,384,soft,0.004985330546794588,4
new_comp_5_5_1,k5,composition,Stacked bar,256,hard,0.008146565450967879,4
new_comp_5_5_1,k5,composition,Stacked bar,256,soft,0.014973484036906015,4
new_comp_5_5_1,k5,composition,Stacked bar,384,hard,0.00528916484190704,4
new_comp_5_5_1,k5,composition,Stacked bar,384,soft,0.009397547207894812,4
new_comp_5_5_2,k5,composition,Bar chart,256,hard,0.007910974009353991,4
new_comp_5_5_2,k5,composition,Bar chart,256,soft,0.022526024709143333,4
new_comp_5_5_2,k5,composition,Bar chart,384,hard,0.006943441619500881,4
new_comp_5_5_2,k5,composition,Bar chart,384,soft,0.01482635758526179,4
new_comp_5_5_2,k5,composition,Donut chart,256,hard,0.003045706499294488,4
new_comp_5_5_2,k5,composition,Donut chart,256,soft,0.008548776626834577,4
new_comp_5_5_2,k5,composition,Donut chart,384,hard,0.002165608196840774,4
new_comp_5_5_2,k5,composition,Donut chart,384,soft,0.005551055341449982,4
new_comp_5_5_2,k5,composition,Pie chart,256,hard,0.0037570049770198222,4
new_comp_5_5_2,k5,composition,Pie chart,256,soft,0.005783321548160136,4
new_comp_5_5_2,k5,composition,Pie chart,384,hard,0.002606164516575537,4
new_comp_5_5_2,k5,composition,Pie chart,384,soft,0.003906995010146096,4
new_comp_5_5_2,k5,composition,Stacked bar,256,hard,0.008131854306996361,4
new_comp_5_5_2,k5,composition,Stacked bar,256,soft,0.011603174735967782,4
new_comp_5_5_2,k5,composition,Stacked bar,384,hard,0.005459930538722898,4
new_comp_5_5_2,k5,composition,Stacked bar,384,soft,0.008270857138609814,4
new_comp_5_5_3,k5,composition,Bar chart,256,hard,0.008326773768778894,4
new_comp_5_5_3,k5,composition,Bar chart,256,soft,0.024672066718773894,4
new_comp_5_5_3,k5,composition,Bar chart,384,hard,0.007879683660091553,4
new_comp_5_5_3,k5,composition,Bar chart,384,soft,0.016785763195341998,4
new_comp_5_5_3,k5,composition,Donut chart,256,hard,0.0031785886362316537,4
new_comp_5_5_3,k5,composition,Donut chart,256,soft,0.009410821481369284,4
new_comp_5_5_3,k5,composition,Donut chart,384,hard,0.0022172430227371254,4
new_comp_5_5_3,k5,composition,Donut chart,384,soft,0.006090121422836884,4
new_comp_5_5_3,k5,composition,Pie chart,256,hard,0.004029559013385468,4
new_comp_5_5_3,k5,composition,Pie chart,256,soft,0.006211245346476647,4
new_comp_5_5_3,k5,composition,Pie chart,384,hard,0.002828511454673499,4
new_comp_5_5_3,k5,composition,Pie chart,384,soft,0.004158735335148878,4
new_comp_5_5_3,k5,composition,Stacked bar,256,hard,0.00889560826621185,4
new_comp_5_5_3,k5,composition,Stacked bar,256,soft,0.013153643755288106,4
new_comp_5_5_3,k5,composition,Stacked bar,384,hard,0.00546747609394118,4
new_comp_5_5_3,k5,composition,Stacked bar,384,soft,0.008377722166968117,4
new_comp_8_0.3_0,k8,composition,Bar chart,256,hard,0.04937366645824094,4
new_comp_8_0.3_0,k8,composition,Bar chart,256,soft,0.07568090794089263,4
new_comp_8_0.3_0,k8,composition,Bar chart,384,hard,0.034014223887723675,4
new_comp_8_0.3_0,k8,composition,Bar chart,384,soft,0.05058535485996243,4
new_comp_8_0.3_0,k8,composition,Donut chart,256,hard,0.014277284445987255,4
new_comp_8_0.3_0,k8,composition,Donut chart,256,soft,0.020582591593127038,4
new_comp_8_0.3_0,k8,composition,Donut chart,384,hard,0.008674584883483542,4
new_comp_8_0.3_0,k8,composition,Donut chart,384,soft,0.012987150567281251,4
new_comp_8_0.3_0,k8,composition,Pie chart,256,hard,0.007960827208264654,4
new_comp_8_0.3_0,k8,composition,Pie chart,256,soft,0.010758347452978656,4
new_comp_8_0.3_0,k8,composition,Pie chart,384,hard,0.0050505617048901,4
new_comp_8_0.3_0,k8,composition,Pie chart,384,soft,0.006905504767590238,4
new_comp_8_0.3_0,k8,composition,Stacked bar,256,hard,0.016593990679408886,4
new_comp_8_0.3_0,k8,composition,Stacked bar,256,soft,0.023024468799201014,4
new_comp_8_0.3_0,k8,composition,Stacked bar,384,hard,0.011184163856033156,4
new_comp_8_0.3_0,k8,composition,Stacked bar,384,soft,0.01521215881811704,4
new_comp_8_0.3_1,k8,composition,Bar chart,256,hard,0.020546702713170873,4
new_comp_8_0.3_1,k8,composition,Bar chart,256,soft,0.04134314608481098,4
new_comp_8_0.3_1,k8,composition,Bar chart,384,hard,0.013581678760324236,4
new_comp_8_0.3_1,k8,composition,Bar chart,384,soft,0.028403976181153867,4
new_comp_8_0.3_1,k8,composition,Donut chart,256,hard,0.003362706672721144,4
new_comp_8_0.3_1,k8,composition,Donut chart,256,soft,0.00820286432679903,4
new_comp_8_0.3_1,k8,composition,Donut chart,384,hard,0.002137683220901752,4
new_comp_8_0.3_1,k8,composition,Donut chart,384,soft,0.005407569308763852,4
new_comp_8_0.3_1,k8,composition,Pie chart,256,hard,0.0036599349447047702,4
new_comp_8_0.3_1,k8,composition,Pie chart,256,soft,0.004949464506958526,4
new_comp_8_0.3_1,k8,composition,Pie chart,384,hard,0.0022057949633581975,4
new_comp_8_0.3_1,k8,composition,Pie chart,384,soft,0.00316686686561546,4
new_comp_8_0.3_1,k8,composition,Stacked bar,256,hard,0.012716887627352957,4
new_comp_8_0.3_1,k8,composition,Stacked bar,256,soft,0.015291475503434493,4
new_comp_8_0.3_1,k8,composition,Stacked bar,384,hard,0.008444624238081351,4
new_comp_8_0.3_1,k8,composition,Stacked bar,384,soft,0.010068444377692151,4
new_comp_8_0.3_2,k8,composition,Bar chart,256,hard,0.0270796811567628,4
new_comp_8_0.3_2,k8,composition,Bar chart,256,soft,0.059234670770735826,4
new_comp_8_0.3_2,k8,composition,Bar chart,384,hard,0.01856889601773236,4
new_comp_8_0.3_2,k8,composition,Bar chart,384,soft,0.03898868524187782,4
new_comp_8_0.3_2,k8,composition,Donut chart,256,hard,0.010910342305633905,4
new_comp_8_0.3_2,k8,composition,Donut chart,256,soft,0.017486898589710326,4
new_comp_8_0.3_2,k8,composition,Donut chart,384,hard,0.006774524116070501,4
new_comp_8_0.3_2,k8,composition,Donut chart,384,soft,0.011143347690342215,4
new_comp_8_0.3_2,k8,composition,Pie chart,256,hard,0.007925209931100095,4
new_comp_8_0.3_2,k8,composition,Pie chart,256,soft,0.010149801265875192,4
new_comp_8_0.3_2,k8,composition,Pie chart,384,hard,0.004957832303383125,4
new_comp_8_0.3_2,k8,composition,Pie chart,384,soft,0.0064659555982578415,4
new_comp_8_0.3_2,k8,composition,Stacked bar,256,hard,0.01456785538899956,4
new_comp_8_0.3_2,k8,composition,Stacked bar,256,soft,0.019631431017694052,4
new_comp_8_0.3_2,k8,composition,Stacked bar,384,hard,0.010075242657957032,4
new_comp_8_0.3_2,k8,composition,Stacked bar,384,soft,0.013208417790729251,4
new_comp_8_0.3_3,k8,composition,Bar chart,256,hard,0.032196265404494676,4
new_comp_8_0.3_3,k8,composition,Bar chart,256,soft,0.0632082918283131,4
new_comp_8_0.3_3,k8,composition,Bar chart,384,hard,0.022667296087894764,4
new_comp_8_0.3_3,k8,composition,Bar chart,384,soft,0.04077584690220991,4
new_comp_8_0.3_3,k8,composition,Donut chart,256,hard,0.010666736809633082,4
new_comp_8_0.3_3,k8,composition,Donut chart,256,soft,0.01697707914470522,4
new_comp_8_0.3_3,k8,composition,Donut chart,384,hard,0.0067829694157577995,4
new_comp_8_0.3_3,k8,composition,Donut chart,384,soft,0.010892335984325981,4
new_comp_8_0.3_3,k8,composition,Pie chart,256,hard,0.006520501868863134,4
new_comp_8_0.3_3,k8,composition,Pie chart,256,soft,0.009365115431049249,4
new_comp_8_0.3_3,k8,composition,Pie chart,384,hard,0.004003915779696744,4
new_comp_8_0.3_3,k8,composition,Pie chart,384,soft,0.005917550434135913,4
new_comp_8_0.3_3,k8,composition,Stacked bar,256,hard,0.016631904572111975,4
new_comp_8_0.3_3,k8,composition,Stacked bar,256,soft,0.020907812330969375,4
new_comp_8_0.3_3,k8,composition,Stacked bar,384,hard,0.009874868881995676,4
new_comp_8_0.3_3,k8,composition,Stacked bar,384,soft,0.013516878196311212,4
new_comp_8_1_0,k8,composition,Bar chart,256,hard,0.03469636407839607,4
new_comp_8_1_0,k8,composition,Bar chart,256,soft,0.06100943147026498,4
new_comp_8_1_0,k8,composition,Bar chart,384,hard,0.024228253517181407,4
new_comp_8_1_0,k8,composition,Bar chart,384,soft,0.040708062831966145,4
new_comp_8_1_0,k8,composition,Donut chart,256,hard,0.009550389228150017,4
new_comp_8_1_0,k8,composition,Donut chart,256,soft,0.015344427797583153,4
new_comp_8_1_0,k8,composition,Donut chart,384,hard,0.005690755837731964,4
new_comp_8_1_0,k8,composition,Donut chart,384,soft,0.009630828215309872,4
new_comp_8_1_0,k8,composition,Pie chart,256,hard,0.0050063975236859255,4
new_comp_8_1_0,k8,composition,Pie chart,256,soft,0.007803584452896327,4
new_comp_8_1_0,k8,composition,Pie chart,384,hard,0.002995738968884037,4
new_comp_8_1_0,k8,composition,Pie chart,384,soft,0.004892127312012851,4
new_comp_8_1_0,k8,composition,Stacked bar,256,hard,0.012718373383636431,4
new_comp_8_1_0,k8,composition,Stacked bar,256,soft,0.017011405488261282,4
new_comp_8_1_0,k8,composition,Stacked bar,384,hard,0.010005798472234224,4
new_comp_8_1_0,k8,composition,Stacked bar,384,soft,0.01270342178536165,4
new_comp_8_1_1,k8,composition,Bar chart,256,hard,0.023076461230043727,4
new_comp_8_1_1,k8,composition,Bar chart,256,soft,0.03753928577915175,4
new_comp_8_1_1,k8,composition,Bar chart,384,hard,0.016149386152701325,4
new_comp_8_1_1,k8,composition,Bar chart,384,soft,0.025318858297205468,4
new_comp_8_1_1,k8,composition,Donut chart,256,hard,0.0046432123403859875,4
new_comp_8_1_1,k8,composition,Donut chart,256,soft,0.008061616091433552,4
new_comp_8_1_1,k8,composition,Donut chart,384,hard,0.002958989100745624,4
new_comp_8_1_1,k8,composition,Donut chart,384,soft,0.005168698739715457,4
new_comp_8_1_1,k8,composition,Pie chart,256,hard,0.00405054388358481,4
new_comp_8_1_1,k8,composition,Pie chart,256,soft,0.005592163175366485,4
new_comp_8_1_1,k8,composition,Pie chart,384,hard,0.002397710482950644,4
new_comp_8_1_1,k8,composition,Pie chart,384,soft,0.0034111472850763937,4
new_comp_8_1_1,k8,composition,Stacked bar,256,hard,0.011824834709125178,4
new_comp_8_1_1,k8,composition,Stacked bar,256,soft,0.01388637633691761,4
new_comp_8_1_1,k8,composition,Stacked bar,384,hard,0.005909851845985554,4
new_comp_8_1_1,k8,composition,Stacked bar,384,soft,0.008013351602512566,4
new_comp_8_1_2,k8,composition,Bar chart,256,hard,0.03753076058124352,4
new_comp_8_1_2,k8,composition,Bar chart,256,soft,0.06790656479417254,4
new_comp_8_1_2,k8,composition,Bar chart,384,hard,0.027270159499723216,4
new_comp_8_1_2,k8,composition,Bar chart,384,soft,0.045029516063937854,4
new_comp_8_1_2,k8,composition,Donut chart,256,hard,0.009637875635228301,4
new_comp_8_1_2,k8,composition,Donut chart,256,soft,0.016213913628852265,4
new_comp_8_1_2,k8,composition,Donut chart,384,hard,0.005886947276821922,4
new_comp_8_1_2,k8,composition,Donut chart,384,soft,0.01035950701742246,4
new_comp_8_1_2,k8,composition,Pie chart,256,hard,0.005899233177622257,4
new_comp_8_1_2,k8,composition,Pie chart,256,soft,0.008350242839503016,4
new_comp_8_1_2,k8,composition,Pie chart,384,hard,0.0035202672107076984,4
new_comp_8_1_2,k8,composition,Pie chart,384,soft,0.005245740303665428,4
new_comp_8_1_2,k8,composition,Stacked bar,256,hard,0.014720177275971254,4
new_comp_8_1_2,k8,composition,Stacked bar,256,soft,0.01869694920504552,4
new_comp_8_1_2,k8,composition,Stacked bar,384,hard,0.009497631018604734,4
new_comp_8_1_2,k8,composition,Stacked bar,384,soft,0.012154300148811182,4
new_comp_8_1_3,k8,composition,Bar chart,256,hard,0.03290762720996509,4
new_comp_8_1_3,k8,composition,Bar chart,256,soft,0.056262243803212944,4
new_comp_8_1_3,k8,composition,Bar chart,384,hard,0.02391067997675342,4
new_comp_8_1_3,k8,composition,Bar chart,384,soft,0.03814359233730168,4
new_comp_8_1_3,k8,composition,Donut chart,256,hard,0.0073655919370584876,4
new_comp_8_1_3,k8,composition,Donut chart,256,soft,0.013213152593880353,4
new_comp_8_1_3,k8,composition,Donut chart,384,hard,0.004493836515493362,4
new_comp_8_1_3,k8,composition,Donut chart,384,soft,0.00841027345904179,4
new_comp_8_1_3,k8,composition,Pie chart,256,hard,0.003645674023838209,4
new_comp_8_1_3,k8,composition,Pie chart,256,soft,0.006756425183504604,4
new_comp_8_1_3,k8,composition,Pie chart,384,hard,0.002141140702833475,4
new_comp_8_1_3,k8,composition,Pie chart,384,soft,0.0041889344284765356,4
new_comp_8_1_3,k8,composition,Stacked bar,256,hard,0.012875673400358185,4
new_comp_8_1_3,k8,composition,Stacked bar,256,soft,0.015979213890998198,4
new_comp_8_1_3,k8,composition,Stacked bar,384,hard,0.008770582331314261,4
new_comp_8_1_3,k8,composition,Stacked bar,384,soft,0.011050641352231588,4
new_comp_8_5_0,k8,composition,Bar chart,256,hard,0.032578173901972284,4
new_comp_8_5_0,k8,composition,Bar chart,256,soft,0.05747040226772637,4
new_comp_8_5_0,k8,composition,Bar chart,384,hard,0.02256685107972933,4
new_comp_8_5_0,k8,composition,Bar chart,384,soft,0.03758396591722574,4
new_comp_8_5_0,k8,composition,Donut chart,256,hard,0.007171375501894459,4
new_comp_8_5_0,k8,composition,Donut chart,256,soft,0.013135848654734179,4
new_comp_8_5_0,k8,composition,Donut chart,384,hard,0.004337109918794773,4
new_comp_8_5_0,k8,composition,Donut chart,384,soft,0.008312662372257671,4
new_comp_8_5_0,k8,composition,Pie chart,256,hard,0.004184856404000395,4
new_comp_8_5_0,k8,composition,Pie chart,256,soft,0.006707066119586181,4
new_comp_8_5_0,k8,composition,Pie chart,384,hard,0.0024199400389780974,4
new_comp_8_5_0,k8,composition,Pie chart,384,soft,0.004100446737758862,4
new_comp_8_5_0,k8,composition,Stacked bar,256,hard,0.011729463310983389,4
new_comp_8_5_0,k8,composition,Stacked bar,256,soft,0.015861162990928164,4
new_comp_8_5_0,k8,composition,Stacked bar,384,hard,0.0075992696998526815,4
new_comp_8_5_0,k8,composition,Stacked bar,384,soft,0.01046770146975089,4
new_comp_8_5_1,k8,composition,Bar chart,256,hard,0.03209563096874951,4
new_comp_8_5_1,k8,composition,Bar chart,256,soft,0.054829633334595715,4
new_comp_8_5_1,k8,composition,Bar chart,384,hard,0.022928103057815168,4
new_comp_8_5_1,k8,composition,Bar chart,384,soft,0.03637665449012663,4
new_comp_8_5_1,k8,composition,Donut chart,256,hard,0.0065594670412632795,4
new_comp_8_5_1,k8,composition,Donut chart,256,soft,0.012378098097361031,4
new_comp_8_5_1,k8,composition,Donut chart,384,hard,0.00410818076905983,4
new_comp_8_5_1,k8,composition,Donut chart,384,soft,0.007784340138298788,4
new_comp_8_5_1,k8,composition,Pie chart,256,hard,0.003788435983431573,4
new_comp_8_5_1,k8,composition,Pie chart,256,soft,0.005893609266172236,4
new_comp_8_5_1,k8,composition,Pie chart,384,hard,0.002263442530586168,4
new_comp_8_5_1,k8,composition,Pie chart,384,soft,0.003568539571643452,4
new_comp_8_5_1,k8,composition,Stacked bar,256,hard,0.01244709457380751,4
new_comp_8_5_1,k8,composition,Stacked bar,256,soft,0.016418127692377694,4
new_comp_8_5_1,k8,composition,Stacked bar,384,hard,0.006779708372623891,4
new_comp_8_5_1,k8,composition,Stacked bar,384,soft,0.009741947003416455,4
new_comp_8_5_2,k8,composition,Bar chart,256,hard,0.03324994967922228,4
new_comp_8_5_2,k8,composition,Bar chart,256,soft,0.057758726752864586,4
new_comp_8_5_2,k8,composition,Bar chart,384,hard,0.023884771829032318,4
new_comp_8_5_2,k8,composition,Bar chart,384,soft,0.038338269973182994,4
new_comp_8_5_2,k8,composition,Donut chart,256,hard,0.007706148432522732,4
new_comp_8_5_2,k8,composition,Donut chart,256,soft,0.013352780658743393,4
new_comp_8_5_2,k8,composition,Donut chart,384,hard,0.004433587023834952,4
new_comp_8_5_2,k8,composition,Donut chart,384,soft,0.008254754781955765,4
new_comp_8_5_2,k8,composition,Pie chart,256,hard,0.004257426236592525,4
new_comp_8_5_2,k8,composition,Pie chart,256,soft,0.006664513160502294,4
new_comp_8_5_2,k8,composition,Pie chart,384,hard,0.0024297072339687486,4
new_comp_8_5_2,k8,composition,Pie chart,384,soft,0.0040328267821507155,4
new_comp_8_5_2,k8,composition,Stacked bar,256,hard,0.013336219172290529,4
new_comp_8_5_2,k8,composition,Stacked bar,256,soft,0.015988587934999125,4
new_comp_8_5_2,k8,composition,Stacked bar,384,hard,0.007893518419193184,4
new_comp_8_5_2,k8,composition,Stacked bar,384,soft,0.01062753043937667,4
new_comp_8_5_3,k8,composition,Bar chart,256,hard,0.033876862079857246,4
new_comp_8_5_3,k8,composition,Bar chart,256,soft,0.05864927774788134,4
new_comp_8_5_3,k8,composition,Bar chart,384,hard,0.02372141729449309,4
new_comp_8_5_3,k8,composition,Bar chart,384,soft,0.039062325955029134,4
new_comp_8_5_3,k8,composition,Donut chart,256,hard,0.00794607581579568,4
new_comp_8_5_3,k8,composition,Donut chart,256,soft,0.013786409379940434,4
new_comp_8_5_3,k8,composition,Donut chart,384,hard,0.004687277729558372,4
new_comp_8_5_3,k8,composition,Donut chart,384,soft,0.008598978006092228,4
new_comp_8_5_3,k8,composition,Pie chart,256,hard,0.004391596091592082,4
new_comp_8_5_3,k8,composition,Pie chart,256,soft,0.006870730517155076,4
new_comp_8_5_3,k8,composition,Pie chart,384,hard,0.0025541040558429984,4
new_comp_8_5_3,k8,composition,Pie chart,384,soft,0.004193025414524154,4
new_comp_8_5_3,k8,composition,Stacked bar,256,hard,0.015130858430119234,4
new_comp_8_5_3,k8,composition,Stacked bar,256,soft,0.019017446458290916,4
new_comp_8_5_3,k8,composition,Stacked bar,384,hard,0.010208268196963244,4
new_comp_8_5_3,k8,composition,Stacked bar,384,soft,0.01223922671380954,4
new_heavy_tail_150_0,heavy_tail,five,Bar chart / means,256,hard,0.25302805294279845,4
new_heavy_tail_150_0,heavy_tail,five,Bar chart / means,256,soft,0.24567183190861247,4
new_heavy_tail_150_0,heavy_tail,five,Bar chart / means,384,hard,0.2502886790790235,4
new_heavy_tail_150_0,heavy_tail,five,Bar chart / means,384,soft,0.24549811551725118,4
new_heavy_tail_150_0,heavy_tail,five,Box plot / five,256,hard,0.6135304685225503,4
new_heavy_tail_150_0,heavy_tail,five,Box plot / five,256,soft,0.3705391799853439,4
new_heavy_tail_150_0,heavy_tail,five,Box plot / five,384,hard,0.6094509709290845,4
new_heavy_tail_150_0,heavy_tail,five,Box plot / five,384,soft,0.3616637546649475,4
new_heavy_tail_150_0,heavy_tail,five,Dot plot / raw,256,hard,0.01908766839150753,4
new_heavy_tail_150_0,heavy_tail,five,Dot plot / raw,256,soft,0.014616160886812076,4
new_heavy_tail_150_0,heavy_tail,five,Dot plot / raw,384,hard,0.014515598342243965,4
new_heavy_tail_150_0,heavy_tail,five,Dot plot / raw,384,soft,0.007197495998530092,4
new_heavy_tail_150_0,heavy_tail,five,ECDF / full,256,hard,0.013929109369236553,4
new_heavy_tail_150_0,heavy_tail,five,ECDF / full,256,soft,0.010397392275573087,4
new_heavy_tail_150_0,heavy_tail,five,ECDF / full,384,hard,0.009123346416480048,4
new_heavy_tail_150_0,heavy_tail,five,ECDF / full,384,soft,0.006333673084081986,4
new_heavy_tail_150_0,heavy_tail,five,Heatmap / 16,256,hard,0.05424576127447013,4
new_heavy_tail_150_0,heavy_tail,five,Heatmap / 16,256,soft,0.05424576127447013,4
new_heavy_tail_150_0,heavy_tail,five,Heatmap / 16,384,hard,0.05424576127447013,4
new_heavy_tail_150_0,heavy_tail,five,Heatmap / 16,384,soft,0.05424576127447013,4
new_heavy_tail_150_0,heavy_tail,five,Histogram / 16,256,hard,0.05261866953856838,4
new_heavy_tail_150_0,heavy_tail,five,Histogram / 16,256,soft,0.05670588077278474,4
new_heavy_tail_150_0,heavy_tail,five,Histogram / 16,384,hard,0.05029919487558006,4
new_heavy_tail_150_0,heavy_tail,five,Histogram / 16,384,soft,0.05000239972243088,4
new_heavy_tail_150_0,heavy_tail,five,Interval plot / five,256,hard,0.6117982449242414,4
new_heavy_tail_150_0,heavy_tail,five,Interval plot / five,256,soft,0.3695876087988774,4
new_heavy_tail_150_0,heavy_tail,five,Interval plot / five,384,hard,0.6062890486302345,4
new_heavy_tail_150_0,heavy_tail,five,Interval plot / five,384,soft,0.3616637546649477,4
new_heavy_tail_150_0,heavy_tail,five,Quantile plot / five,256,hard,0.007956752653294843,4
new_heavy_tail_150_0,heavy_tail,five,Quantile plot / five,256,soft,0.004084635929706494,4
new_heavy_tail_150_0,heavy_tail,five,Quantile plot / five,384,hard,0.003156437577286385,4
new_heavy_tail_150_0,heavy_tail,five,Quantile plot / five,384,soft,0.0007139668786558792,4
new_heavy_tail_150_0,heavy_tail,five,Quantile plot / nineteen,256,hard,0.007956752653294843,4
new_heavy_tail_150_0,heavy_tail,five,Quantile plot / nineteen,256,soft,0.004084635929706494,4
new_heavy_tail_150_0,heavy_tail,five,Quantile plot / nineteen,384,hard,0.003156437577286385,4
new_heavy_tail_150_0,heavy_tail,five,Quantile plot / nineteen,384,soft,0.0007139668786558792,4
new_heavy_tail_150_0,heavy_tail,five,Violin plot / 64,256,hard,0.043793502451668014,4
new_heavy_tail_150_0,heavy_tail,five,Violin plot / 64,256,soft,0.04344490141692307,4
new_heavy_tail_150_0,heavy_tail,five,Violin plot / 64,384,hard,0.041714558803129624,4
new_heavy_tail_150_0,heavy_tail,five,Violin plot / 64,384,soft,0.042898054279793,4
new_heavy_tail_150_0,heavy_tail,median,Bar chart / means,256,hard,0.15700132373539058,4
new_heavy_tail_150_0,heavy_tail,median,Bar chart / means,256,soft,0.12022021856446076,4
new_heavy_tail_150_0,heavy_tail,median,Bar chart / means,384,hard,0.14330445441651596,4
new_heavy_tail_150_0,heavy_tail,median,Bar chart / means,384,soft,0.11935163660765417,4
new_heavy_tail_150_0,heavy_tail,median,Box plot / five,256,hard,0.012079772796808715,4
new_heavy_tail_150_0,heavy_tail,median,Box plot / five,256,soft,0.012079772796808715,4
new_heavy_tail_150_0,heavy_tail,median,Box plot / five,384,hard,0.0004124524366550342,4
new_heavy_tail_150_0,heavy_tail,median,Box plot / five,384,soft,0.0004124524366550342,4
new_heavy_tail_150_0,heavy_tail,median,Dot plot / raw,256,hard,0.020177667988597305,4
new_heavy_tail_150_0,heavy_tail,median,Dot plot / raw,256,soft,0.008248347972683754,4
new_heavy_tail_150_0,heavy_tail,median,Dot plot / raw,384,hard,0.007856956372794852,4
new_heavy_tail_150_0,heavy_tail,median,Dot plot / raw,384,soft,0.008002946083234935,4
new_heavy_tail_150_0,heavy_tail,median,ECDF / full,256,hard,0.009876903051670327,4
new_heavy_tail_150_0,heavy_tail,median,ECDF / full,256,soft,0.009355347326355816,4
new_heavy_tail_150_0,heavy_tail,median,ECDF / full,384,hard,0.004404588738131914,4
new_heavy_tail_150_0,heavy_tail,median,ECDF / full,384,soft,0.000264555035145489,4
new_heavy_tail_150_0,heavy_tail,median,Heatmap / 16,256,hard,0.10457411039018205,4
new_heavy_tail_150_0,heavy_tail,median,Heatmap / 16,256,soft,0.10457411039018205,4
new_heavy_tail_150_0,heavy_tail,median,Heatmap / 16,384,hard,0.10457411039018205,4
new_heavy_tail_150_0,heavy_tail,median,Heatmap / 16,384,soft,0.10457411039018205,4
new_heavy_tail_150_0,heavy_tail,median,Histogram / 16,256,hard,0.099175483417045,4
new_heavy_tail_150_0,heavy_tail,median,Histogram / 16,256,soft,0.10502301029870337,4
new_heavy_tail_150_0,heavy_tail,median,Histogram / 16,384,hard,0.09792892416925499,4
new_heavy_tail_150_0,heavy_tail,median,Histogram / 16,384,soft,0.10174100025755907,4
new_heavy_tail_150_0,heavy_tail,median,Interval plot / five,256,hard,0.007321916864474942,4
new_heavy_tail_150_0,heavy_tail,median,Interval plot / five,256,soft,0.007321916864474942,4
new_heavy_tail_150_0,heavy_tail,median,Interval plot / five,384,hard,0.0004124524366550342,4
new_heavy_tail_150_0,heavy_tail,median,Interval plot / five,384,soft,0.0004124524366550342,4
new_heavy_tail_150_0,heavy_tail,median,Quantile plot / five,256,hard,0.007356221034185911,4
new_heavy_tail_150_0,heavy_tail,median,Quantile plot / five,256,soft,0.0023834653386395235,4
new_heavy_tail_150_0,heavy_tail,median,Quantile plot / five,384,hard,0.0023353655791156958,4
new_heavy_tail_150_0,heavy_tail,median,Quantile plot / five,384,soft,0.0004124524366552889,4
new_heavy_tail_150_0,heavy_tail,median,Quantile plot / nineteen,256,hard,0.007356221034185911,4
new_heavy_tail_150_0,heavy_tail,median,Quantile plot / nineteen,256,soft,0.0023834653386395235,4
new_heavy_tail_150_0,heavy_tail,median,Quantile plot / nineteen,384,hard,0.0023353655791156958,4
new_heavy_tail_150_0,heavy_tail,median,Quantile plot / nineteen,384,soft,0.0004124524366552889,4
new_heavy_tail_150_0,heavy_tail,median,Violin plot / 64,256,hard,0.040822001164322684,4
new_heavy_tail_150_0,heavy_tail,median,Violin plot / 64,256,soft,0.043855039334565124,4
new_heavy_tail_150_0,heavy_tail,median,Violin plot / 64,384,hard,0.04197703324871275,4
new_heavy_tail_150_0,heavy_tail,median,Violin plot / 64,384,soft,0.04335594516151665,4
new_heavy_tail_150_0,heavy_tail,spread,Bar chart / means,256,hard,0.1589344859897943,4
new_heavy_tail_150_0,heavy_tail,spread,Bar chart / means,256,soft,0.1589344859897943,4
new_heavy_tail_150_0,heavy_tail,spread,Bar chart / means,384,hard,0.1589344859897943,4
new_heavy_tail_150_0,heavy_tail,spread,Bar chart / means,384,soft,0.1589344859897943,4
new_heavy_tail_150_0,heavy_tail,spread,Box plot / five,256,hard,0.03723140825516534,4
new_heavy_tail_150_0,heavy_tail,spread,Box plot / five,256,soft,0.04313644090820237,4
new_heavy_tail_150_0,heavy_tail,spread,Box plot / five,384,hard,0.01671951127519276,4
new_heavy_tail_150_0,heavy_tail,spread,Box plot / five,384,soft,0.0007509660692847294,4
new_heavy_tail_150_0,heavy_tail,spread,Dot plot / raw,256,hard,0.0222078609065249,4
new_heavy_tail_150_0,heavy_tail,spread,Dot plot / raw,256,soft,0.02101504121379283,4
new_heavy_tail_150_0,heavy_tail,spread,Dot plot / raw,384,hard,0.03200264806544159,4
new_heavy_tail_150_0,heavy_tail,spread,Dot plot / raw,384,soft,0.008734945725851507,4
new_heavy_tail_150_0,heavy_tail,spread,ECDF / full,256,hard,0.012035216848192335,4
new_heavy_tail_150_0,heavy_tail,spread,ECDF / full,256,soft,0.013275376607795484,4
new_heavy_tail_150_0,heavy_tail,spread,ECDF / full,384,hard,0.015593062171265793,4
new_heavy_tail_150_0,heavy_tail,spread,ECDF / full,384,soft,0.01692557280255487,4
new_heavy_tail_150_0,heavy_tail,spread,Heatmap / 16,256,hard,0.07570748876804113,4
new_heavy_tail_150_0,heavy_tail,spread,Heatmap / 16,256,soft,0.07570748876804113,4
new_heavy_tail_150_0,heavy_tail,spread,Heatmap / 16,384,hard,0.07570748876804113,4
new_heavy_tail_150_0,heavy_tail,spread,Heatmap / 16,384,soft,0.07570748876804113,4
new_heavy_tail_150_0,heavy_tail,spread,Histogram / 16,256,hard,0.06437233311809593,4
new_heavy_tail_150_0,heavy_tail,spread,Histogram / 16,256,soft,0.07000267719736156,4
new_heavy_tail_150_0,heavy_tail,spread,Histogram / 16,384,hard,0.06685918146156987,4
new_heavy_tail_150_0,heavy_tail,spread,Histogram / 16,384,soft,0.0705044896499678,4
new_heavy_tail_150_0,heavy_tail,spread,Interval plot / five,256,hard,0.043136440908202886,4
new_heavy_tail_150_0,heavy_tail,spread,Interval plot / five,256,soft,0.04313644090820288,4
new_heavy_tail_150_0,heavy_tail,spread,Interval plot / five,384,hard,0.000750966069284984,4
new_heavy_tail_150_0,heavy_tail,spread,Interval plot / five,384,soft,0.0007509660692842199,4
new_heavy_tail_150_0,heavy_tail,spread,Quantile plot / five,256,hard,0.01271067147454488,4
new_heavy_tail_150_0,heavy_tail,spread,Quantile plot / five,256,soft,0.012710671474545389,4
new_heavy_tail_150_0,heavy_tail,spread,Quantile plot / five,384,hard,0.002504622395430671,4
new_heavy_tail_150_0,heavy_tail,spread,Quantile plot / five,384,soft,0.0007509660692839652,4
new_heavy_tail_150_0,heavy_tail,spread,Quantile plot / nineteen,256,hard,0.01271067147454488,4
new_heavy_tail_150_0,heavy_tail,spread,Quantile plot / nineteen,256,soft,0.012710671474545389,4
new_heavy_tail_150_0,heavy_tail,spread,Quantile plot / nineteen,384,hard,0.002504622395430671,4
new_heavy_tail_150_0,heavy_tail,spread,Quantile plot / nineteen,384,soft,0.0007509660692839652,4
new_heavy_tail_150_0,heavy_tail,spread,Violin plot / 64,256,hard,0.148096675235672,4
new_heavy_tail_150_0,heavy_tail,spread,Violin plot / 64,256,soft,0.1475737601403042,4
new_heavy_tail_150_0,heavy_tail,spread,Violin plot / 64,384,hard,0.14947168379069317,4
new_heavy_tail_150_0,heavy_tail,spread,Violin plot / 64,384,soft,0.14779697871823066,4
new_heavy_tail_150_1,heavy_tail,five,Bar chart / means,256,hard,,0
new_heavy_tail_150_1,heavy_tail,five,Bar chart / means,256,soft,,0
new_heavy_tail_150_1,heavy_tail,five,Bar chart / means,384,hard,,0
new_heavy_tail_150_1,heavy_tail,five,Bar chart / means,384,soft,,2
new_heavy_tail_150_1,heavy_tail,five,Box plot / five,256,hard,0.8069371449676285,4
new_heavy_tail_150_1,heavy_tail,five,Box plot / five,256,soft,0.663182963196401,4
new_heavy_tail_150_1,heavy_tail,five,Box plot / five,384,hard,0.8099635869182985,4
new_heavy_tail_150_1,heavy_tail,five,Box plot / five,384,soft,0.6651035532079022,4
new_heavy_tail_150_1,heavy_tail,five,Dot plot / raw,256,hard,0.019459526552099267,4
new_heavy_tail_150_1,heavy_tail,five,Dot plot / raw,256,soft,0.015042515461610348,4
new_heavy_tail_150_1,heavy_tail,five,Dot plot / raw,384,hard,0.017883138013011998,4
new_heavy_tail_150_1,heavy_tail,five,Dot plot / raw,384,soft,0.013092841323036737,4
new_heavy_tail_150_1,heavy_tail,five,ECDF / full,256,hard,0.010224037076990634,4
new_heavy_tail_150_1,heavy_tail,five,ECDF / full,256,soft,0.005022627575062894,4
new_heavy_tail_150_1,heavy_tail,five,ECDF / full,384,hard,0.008815351285147018,4
new_heavy_tail_150_1,heavy_tail,five,ECDF / full,384,soft,0.003978068125803659,4
new_heavy_tail_150_1,heavy_tail,five,Heatmap / 16,256,hard,0.12381553687819083,4
new_heavy_tail_150_1,heavy_tail,five,Heatmap / 16,256,soft,0.12381553687819083,4
new_heavy_tail_150_1,heavy_tail,five,Heatmap / 16,384,hard,0.12381553687819083,4
new_heavy_tail_150_1,heavy_tail,five,Heatmap / 16,384,soft,0.12381553687819083,4
new_heavy_tail_150_1,heavy_tail,five,Histogram / 16,256,hard,0.13236109460492787,4
new_heavy_tail_150_1,heavy_tail,five,Histogram / 16,256,soft,0.13201238928821524,4
new_heavy_tail_150_1,heavy_tail,five,Histogram / 16,384,hard,0.13236857111694017,4
new_heavy_tail_150_1,heavy_tail,five,Histogram / 16,384,soft,0.13199530862413184,4
new_heavy_tail_150_1,heavy_tail,five,Interval plot / five,256,hard,0.7995629869615497,4
new_heavy_tail_150_1,heavy_tail,five,Interval plot / five,256,soft,0.6631829631964016,4
new_heavy_tail_150_1,heavy_tail,five,Interval plot / five,384,hard,0.8094300726362327,4
new_heavy_tail_150_1,heavy_tail,five,Interval plot / five,384,soft,0.6648037404938397,4
new_heavy_tail_150_1,heavy_tail,five,Quantile plot / five,256,hard,0.005972836761712404,4
new_heavy_tail_150_1,heavy_tail,five,Quantile plot / five,256,soft,0.0028026861478924045,4
new_heavy_tail_150_1,heavy_tail,five,Quantile plot / five,384,hard,0.007232701918000116,4
new_heavy_tail_150_1,heavy_tail,five,Quantile plot / five,384,soft,0.0027148725619164887,4
new_heavy_tail_150_1,heavy_tail,five,Quantile plot / nineteen,256,hard,0.005972836761712404,4
new_heavy_tail_150_1,heavy_tail,five,Quantile plot / nineteen,256,soft,0.0028026861478924045,4
new_heavy_tail_150_1,heavy_tail,five,Quantile plot / nineteen,384,hard,0.007232701918000116,4
new_heavy_tail_150_1,heavy_tail,five,Quantile plot / nineteen,384,soft,0.0027148725619164887,4
new_heavy_tail_150_1,heavy_tail,five,Violin plot / 64,256,hard,0.041938929965695426,4
new_heavy_tail_150_1,heavy_tail,five,Violin plot / 64,256,soft,0.042838802995652216,4
new_heavy_tail_150_1,heavy_tail,five,Violin plot / 64,384,hard,0.041505860371040586,4
new_heavy_tail_150_1,heavy_tail,five,Violin plot / 64,384,soft,0.043258517529795634,4
new_heavy_tail_150_1,heavy_tail,median,Bar chart / means,256,hard,,0
new_heavy_tail_150_1,heavy_tail,median,Bar chart / means,256,soft,,0
new_heavy_tail_150_1,heavy_tail,median,Bar chart / means,384,hard,,0
new_heavy_tail_150_1,heavy_tail,median,Bar chart / means,384,soft,,2
new_heavy_tail_150_1,heavy_tail,median,Box plot / five,256,hard,0.0009538917878922215,4
new_heavy_tail_150_1,heavy_tail,median,Box plot / five,256,soft,0.0009538917878922215,4
new_heavy_tail_150_1,heavy_tail,median,Box plot / five,384,hard,0.01002372533851838,4
new_heavy_tail_150_1,heavy_tail,median,Box plot / five,384,soft,0.01002372533851838,4
new_heavy_tail_150_1,heavy_tail,median,Dot plot / raw,256,hard,0.01735638102062385,4
new_heavy_tail_150_1,heavy_tail,median,Dot plot / raw,256,soft,0.012978649950390962,4
new_heavy_tail_150_1,heavy_tail,median,Dot plot / raw,384,hard,0.022105139003861886,4
new_heavy_tail_150_1,heavy_tail,median,Dot plot / raw,384,soft,0.014452106227705553,4
new_heavy_tail_150_1,heavy_tail,median,ECDF / full,256,hard,0.008003794218779023,4
new_heavy_tail_150_1,heavy_tail,median,ECDF / full,256,soft,0.0003826461896718173,4
new_heavy_tail_150_1,heavy_tail,median,ECDF / full,384,hard,0.009803361033434002,4
new_heavy_tail_150_1,heavy_tail,median,ECDF / full,384,soft,0.008935120416175928,4
new_heavy_tail_150_1,heavy_tail,median,Heatmap / 16,256,hard,0.02952873575212313,4
new_heavy_tail_150_1,heavy_tail,median,Heatmap / 16,256,soft,0.02952873575212313,4
new_heavy_tail_150_1,heavy_tail,median,Heatmap / 16,384,hard,0.02952873575212313,4
new_heavy_tail_150_1,heavy_tail,median,Heatmap / 16,384,soft,0.02952873575212313,4
new_heavy_tail_150_1,heavy_tail,median,Histogram / 16,256,hard,0.04468377320129926,4
new_heavy_tail_150_1,heavy_tail,median,Histogram / 16,256,soft,0.03726523712269225,4
new_heavy_tail_150_1,heavy_tail,median,Histogram / 16,384,hard,0.04241441017136454,4
new_heavy_tail_150_1,heavy_tail,median,Histogram / 16,384,soft,0.03758546920561638,4
new_heavy_tail_150_1,heavy_tail,median,Interval plot / five,256,hard,0.000953891787893066,4
new_heavy_tail_150_1,heavy_tail,median,Interval plot / five,256,soft,0.000953891787893066,4
new_heavy_tail_150_1,heavy_tail,median,Interval plot / five,384,hard,0.00852466176820381,4
new_heavy_tail_150_1,heavy_tail,median,Interval plot / five,384,soft,0.00852466176820381,4
new_heavy_tail_150_1,heavy_tail,median,Quantile plot / five,256,hard,0.004491265000523974,4
new_heavy_tail_150_1,heavy_tail,median,Quantile plot / five,256,soft,0.0009538917878917993,4
new_heavy_tail_150_1,heavy_tail,median,Quantile plot / five,384,hard,0.009149803631205435,4
new_heavy_tail_150_1,heavy_tail,median,Quantile plot / five,384,soft,0.00046610320748939236,4
new_heavy_tail_150_1,heavy_tail,median,Quantile plot / nineteen,256,hard,0.004491265000523974,4
new_heavy_tail_150_1,heavy_tail,median,Quantile plot / nineteen,256,soft,0.0009538917878917993,4
new_heavy_tail_150_1,heavy_tail,median,Quantile plot / nineteen,384,hard,0.009149803631205435,4
new_heavy_tail_150_1,heavy_tail,median,Quantile plot / nineteen,384,soft,0.00046610320748939236,4
new_heavy_tail_150_1,heavy_tail,median,Violin plot / 64,256,hard,0.022206772936827213,4
new_heavy_tail_150_1,heavy_tail,median,Violin plot / 64,256,soft,0.019950855083335037,4
new_heavy_tail_150_1,heavy_tail,median,Violin plot / 64,384,hard,0.01995505508258486,4
new_heavy_tail_150_1,heavy_tail,median,Violin plot / 64,384,soft,0.019380642015134134,4
new_heavy_tail_150_1,heavy_tail,spread,Bar chart / means,256,hard,,0
new_heavy_tail_150_1,heavy_tail,spread,Bar chart / means,256,soft,,0
new_heavy_tail_150_1,heavy_tail,spread,Bar chart / means,384,hard,,0
new_heavy_tail_150_1,heavy_tail,spread,Bar chart / means,384,soft,,2
new_heavy_tail_150_1,heavy_tail,spread,Box plot / five,256,hard,0.04516108994899832,4
new_heavy_tail_150_1,heavy_tail,spread,Box plot / five,256,soft,0.02033325723833773,4
new_heavy_tail_150_1,heavy_tail,spread,Box plot / five,384,hard,0.025865082160269406,4
new_heavy_tail_150_1,heavy_tail,spread,Box plot / five,384,soft,0.019606722066867158,4
new_heavy_tail_150_1,heavy_tail,spread,Dot plot / raw,256,hard,0.03569650248503346,4
new_heavy_tail_150_1,heavy_tail,spread,Dot plot / raw,256,soft,0.021121930155072216,4
new_heavy_tail_150_1,heavy_tail,spread,Dot plot / raw,384,hard,0.028823668628443305,4
new_heavy_tail_150_1,heavy_tail,spread,Dot plot / raw,384,soft,0.018403110497223932,4
new_heavy_tail_150_1,heavy_tail,spread,ECDF / full,256,hard,0.015053696649667093,4
new_heavy_tail_150_1,heavy_tail,spread,ECDF / full,256,soft,0.011485997230049318,4
new_heavy_tail_150_1,heavy_tail,spread,ECDF / full,384,hard,0.01293254108013428,4
new_heavy_tail_150_1,heavy_tail,spread,ECDF / full,384,soft,0.005167509873172961,4
new_heavy_tail_150_1,heavy_tail,spread,Heatmap / 16,256,hard,0.14113415211406816,4
new_heavy_tail_150_1,heavy_tail,spread,Heatmap / 16,256,soft,0.14113415211406816,4
new_heavy_tail_150_1,heavy_tail,spread,Heatmap / 16,384,hard,0.14113415211406816,4
new_heavy_tail_150_1,heavy_tail,spread,Heatmap / 16,384,soft,0.14113415211406816,4
new_heavy_tail_150_1,heavy_tail,spread,Histogram / 16,256,hard,0.14178003094551805,4
new_heavy_tail_150_1,heavy_tail,spread,Histogram / 16,256,soft,0.13909029667315786,4
new_heavy_tail_150_1,heavy_tail,spread,Histogram / 16,384,hard,0.13994661430186636,4
new_heavy_tail_150_1,heavy_tail,spread,Histogram / 16,384,soft,0.13816015161313228,4
new_heavy_tail_150_1,heavy_tail,spread,Interval plot / five,256,hard,0.02033325723833857,4
new_heavy_tail_150_1,heavy_tail,spread,Interval plot / five,256,soft,0.02033325723833604,4
new_heavy_tail_150_1,heavy_tail,spread,Interval plot / five,384,hard,0.019606722066868004,4
new_heavy_tail_150_1,heavy_tail,spread,Interval plot / five,384,soft,0.019606722066867158,4
new_heavy_tail_150_1,heavy_tail,spread,Quantile plot / five,256,hard,0.007694111620940939,4
new_heavy_tail_150_1,heavy_tail,spread,Quantile plot / five,256,soft,0.004494575472321177,4
new_heavy_tail_150_1,heavy_tail,spread,Quantile plot / five,384,hard,0.010100459003808798,4
new_heavy_tail_150_1,heavy_tail,spread,Quantile plot / five,384,soft,0.0062583600934014005,4
new_heavy_tail_150_1,heavy_tail,spread,Quantile plot / nineteen,256,hard,0.007694111620940939,4
new_heavy_tail_150_1,heavy_tail,spread,Quantile plot / nineteen,256,soft,0.004494575472321177,4
new_heavy_tail_150_1,heavy_tail,spread,Quantile plot / nineteen,384,hard,0.010100459003808798,4
new_heavy_tail_150_1,heavy_tail,spread,Quantile plot / nineteen,384,soft,0.0062583600934014005,4
new_heavy_tail_150_1,heavy_tail,spread,Violin plot / 64,256,hard,0.14491738569451923,4
new_heavy_tail_150_1,heavy_tail,spread,Violin plot / 64,256,soft,0.14030833651032382,4
new_heavy_tail_150_1,heavy_tail,spread,Violin plot / 64,384,hard,0.14373940075133798,4
new_heavy_tail_150_1,heavy_tail,spread,Violin plot / 64,384,soft,0.13895745692142245,4
new_heavy_tail_150_2,heavy_tail,five,Bar chart / means,256,hard,0.24570798446429387,4
new_heavy_tail_150_2,heavy_tail,five,Bar chart / means,256,soft,0.2516229703536214,4
new_heavy_tail_150_2,heavy_tail,five,Bar chart / means,384,hard,0.24550652036724618,4
new_heavy_tail_150_2,heavy_tail,five,Bar chart / means,384,soft,0.2512845106705812,4
new_heavy_tail_150_2,heavy_tail,five,Box plot / five,256,hard,0.6173169102518636,4
new_heavy_tail_150_2,heavy_tail,five,Box plot / five,256,soft,0.6912680147435851,4
new_heavy_tail_150_2,heavy_tail,five,Box plot / five,384,hard,0.623400561949701,4
new_heavy_tail_150_2,heavy_tail,five,Box plot / five,384,soft,0.6864274772430952,4
new_heavy_tail_150_2,heavy_tail,five,Dot plot / raw,256,hard,0.027223562930905727,4
new_heavy_tail_150_2,heavy_tail,five,Dot plot / raw,256,soft,0.06277235784350352,4
new_heavy_tail_150_2,heavy_tail,five,Dot plot / raw,384,hard,0.023402397907623093,4
new_heavy_tail_150_2,heavy_tail,five,Dot plot / raw,384,soft,0.04088452765270458,4
new_heavy_tail_150_2,heavy_tail,five,ECDF / full,256,hard,0.02935153693657596,4
new_heavy_tail_150_2,heavy_tail,five,ECDF / full,256,soft,0.02091255957321151,4
new_heavy_tail_150_2,heavy_tail,five,ECDF / full,384,hard,0.019453246001400255,4
new_heavy_tail_150_2,heavy_tail,five,ECDF / full,384,soft,0.017475159270415704,4
new_heavy_tail_150_2,heavy_tail,five,Heatmap / 16,256,hard,0.08347713450836736,4
new_heavy_tail_150_2,heavy_tail,five,Heatmap / 16,256,soft,0.08347713450836736,4
new_heavy_tail_150_2,heavy_tail,five,Heatmap / 16,384,hard,0.08347713450836736,4
new_heavy_tail_150_2,heavy_tail,five,Heatmap / 16,384,soft,0.08347713450836736,4
new_heavy_tail_150_2,heavy_tail,five,Histogram / 16,256,hard,0.08419427856391688,4
new_heavy_tail_150_2,heavy_tail,five,Histogram / 16,256,soft,0.08444424993060468,4
new_heavy_tail_150_2,heavy_tail,five,Histogram / 16,384,hard,0.08399561396110294,4
new_heavy_tail_150_2,heavy_tail,five,Histogram / 16,384,soft,0.08420014864384592,4
new_heavy_tail_150_2,heavy_tail,five,Interval plot / five,256,hard,0.61428366682095,4
new_heavy_tail_150_2,heavy_tail,five,Interval plot / five,256,soft,0.6912680147435851,4
new_heavy_tail_150_2,heavy_tail,five,Interval plot / five,384,hard,0.6219209682759126,4
new_heavy_tail_150_2,heavy_tail,five,Interval plot / five,384,soft,0.686059965370771,4
new_heavy_tail_150_2,heavy_tail,five,Quantile plot / five,256,hard,0.01149213205182446,4
new_heavy_tail_150_2,heavy_tail,five,Quantile plot / five,256,soft,0.005986057275536531,4
new_heavy_tail_150_2,heavy_tail,five,Quantile plot / five,384,hard,0.006906643958186216,4
new_heavy_tail_150_2,heavy_tail,five,Quantile plot / five,384,soft,0.0052498867457777265,4
new_heavy_tail_150_2,heavy_tail,five,Quantile plot / nineteen,256,hard,0.01149213205182446,4
new_heavy_tail_150_2,heavy_tail,five,Quantile plot / nineteen,256,soft,0.005986057275536531,4
new_heavy_tail_150_2,heavy_tail,five,Quantile plot / nineteen,384,hard,0.006906643958186216,4
new_heavy_tail_150_2,heavy_tail,five,Quantile plot / nineteen,384,soft,0.0052498867457777265,4
new_heavy_tail_150_2,heavy_tail,five,Violin plot / 64,256,hard,0.056852090858459776,4
new_heavy_tail_150_2,heavy_tail,five,Violin plot / 64,256,soft,0.06293601741214416,4
new_heavy_tail_150_2,heavy_tail,five,Violin plot / 64,384,hard,0.05637470930922614,4
new_heavy_tail_150_2,heavy_tail,five,Violin plot / 64,384,soft,0.06099850356491929,4
new_heavy_tail_150_2,heavy_tail,median,Bar chart / means,256,hard,0.023942406886265675,4
new_heavy_tail_150_2,heavy_tail,median,Bar chart / means,256,soft,0.0535173363329033,4
new_heavy_tail_150_2,heavy_tail,median,Bar chart / means,384,hard,0.0229350864010271,4
new_heavy_tail_150_2,heavy_tail,median,Bar chart / means,384,soft,0.05182503791770245,4
new_heavy_tail_150_2,heavy_tail,median,Box plot / five,256,hard,0.009154942162946862,4
new_heavy_tail_150_2,heavy_tail,median,Box plot / five,256,soft,0.009154942162946862,4
new_heavy_tail_150_2,heavy_tail,median,Box plot / five,384,hard,0.009629983838891009,4
new_heavy_tail_150_2,heavy_tail,median,Box plot / five,384,soft,0.009629983838891009,4
new_heavy_tail_150_2,heavy_tail,median,Dot plot / raw,256,hard,0.010827007690242762,4
new_heavy_tail_150_2,heavy_tail,median,Dot plot / raw,256,soft,0.02468061148614096,4
new_heavy_tail_150_2,heavy_tail,median,Dot plot / raw,384,hard,0.0227008208167524,4
new_heavy_tail_150_2,heavy_tail,median,Dot plot / raw,384,soft,0.014125986758537615,4
new_heavy_tail_150_2,heavy_tail,median,ECDF / full,256,hard,0.011971203443132449,4
new_heavy_tail_150_2,heavy_tail,median,ECDF / full,256,soft,0.004488732830102479,4
new_heavy_tail_150_2,heavy_tail,median,ECDF / full,384,hard,0.00849011064268852,4
new_heavy_tail_150_2,heavy_tail,median,ECDF / full,384,soft,0.00326898054129474,4
new_heavy_tail_150_2,heavy_tail,median,Heatmap / 16,256,hard,0.004046650988482335,4
new_heavy_tail_150_2,heavy_tail,median,Heatmap / 16,256,soft,0.004046650988482335,4
new_heavy_tail_150_2,heavy_tail,median,Heatmap / 16,384,hard,0.004046650988482335,4
new_heavy_tail_150_2,heavy_tail,median,Heatmap / 16,384,soft,0.004046650988482335,4
new_heavy_tail_150_2,heavy_tail,median,Histogram / 16,256,hard,0.025134511291019394,4
new_heavy_tail_150_2,heavy_tail,median,Histogram / 16,256,soft,0.015316328241060115,4
new_heavy_tail_150_2,heavy_tail,median,Histogram / 16,384,hard,0.020488989521705407,4
new_heavy_tail_150_2,heavy_tail,median,Histogram / 16,384,soft,0.014072986003139103,4
new_heavy_tail_150_2,heavy_tail,median,Interval plot / five,256,hard,0.009154942162946345,4
new_heavy_tail_150_2,heavy_tail,median,Interval plot / five,256,soft,0.009154942162946345,4
new_heavy_tail_150_2,heavy_tail,median,Interval plot / five,384,hard,0.0077924244772702754,4
new_heavy_tail_150_2,heavy_tail,median,Interval plot / five,384,soft,0.0077924244772702754,4
new_heavy_tail_150_2,heavy_tail,median,Quantile plot / five,256,hard,0.009154942162946603,4
new_heavy_tail_150_2,heavy_tail,median,Quantile plot / five,256,soft,0.009154942162947379,4
new_heavy_tail_150_2,heavy_tail,median,Quantile plot / five,384,hard,0.007792424477270533,4
new_heavy_tail_150_2,heavy_tail,median,Quantile plot / five,384,soft,0.005954865115648767,4
new_heavy_tail_150_2,heavy_tail,median,Quantile plot / nineteen,256,hard,0.009154942162946603,4
new_heavy_tail_150_2,heavy_tail,median,Quantile plot / nineteen,256,soft,0.009154942162947379,4
new_heavy_tail_150_2,heavy_tail,median,Quantile plot / nineteen,384,hard,0.007792424477270533,4
new_heavy_tail_150_2,heavy_tail,median,Quantile plot / nineteen,384,soft,0.005954865115648767,4
new_heavy_tail_150_2,heavy_tail,median,Violin plot / 64,256,hard,0.03630624948381514,4
new_heavy_tail_150_2,heavy_tail,median,Violin plot / 64,256,soft,0.03230742323517601,4
new_heavy_tail_150_2,heavy_tail,median,Violin plot / 64,384,hard,0.035033101863391036,4
new_heavy_tail_150_2,heavy_tail,median,Violin plot / 64,384,soft,0.03191335014498997,4
new_heavy_tail_150_2,heavy_tail,spread,Bar chart / means,256,hard,0.46652638039438166,4
new_heavy_tail_150_2,heavy_tail,spread,Bar chart / means,256,soft,0.46652638039438166,4
new_heavy_tail_150_2,heavy_tail,spread,Bar chart / means,384,hard,0.46652638039438166,4
new_heavy_tail_150_2,heavy_tail,spread,Bar chart / means,384,soft,0.46652638039438166,4
new_heavy_tail_150_2,heavy_tail,spread,Box plot / five,256,hard,0.021459955475142692,4
new_heavy_tail_150_2,heavy_tail,spread,Box plot / five,256,soft,0.044362394169956174,4
new_heavy_tail_150_2,heavy_tail,spread,Box plot / five,384,hard,0.01925996767778305,4
new_heavy_tail_150_2,heavy_tail,spread,Box plot / five,384,soft,0.021403545741575214,4
new_heavy_tail_150_2,heavy_tail,spread,Dot plot / raw,256,hard,0.024083865807713028,4
new_heavy_tail_150_2,heavy_tail,spread,Dot plot / raw,256,soft,0.04488843210497434,4
new_heavy_tail_150_2,heavy_tail,spread,Dot plot / raw,384,hard,0.01974521472254944,4
new_heavy_tail_150_2,heavy_tail,spread,Dot plot / raw,384,soft,0.015342919318714244,4
new_heavy_tail_150_2,heavy_tail,spread,ECDF / full,256,hard,0.025517442460890542,4
new_heavy_tail_150_2,heavy_tail,spread,ECDF / full,256,soft,0.014478668752469958,4
new_heavy_tail_150_2,heavy_tail,spread,ECDF / full,384,hard,0.012301397694545385,4
new_heavy_tail_150_2,heavy_tail,spread,ECDF / full,384,soft,0.007492988773687446,4
new_heavy_tail_150_2,heavy_tail,spread,Heatmap / 16,256,hard,0.22281070489583368,4
new_heavy_tail_150_2,heavy_tail,spread,Heatmap / 16,256,soft,0.22281070489583368,4
new_heavy_tail_150_2,heavy_tail,spread,Heatmap / 16,384,hard,0.22281070489583368,4
new_heavy_tail_150_2,heavy_tail,spread,Heatmap / 16,384,soft,0.22281070489583368,4
new_heavy_tail_150_2,heavy_tail,spread,Histogram / 16,256,hard,0.21872216572760084,4
new_heavy_tail_150_2,heavy_tail,spread,Histogram / 16,256,soft,0.2248162762935247,4
new_heavy_tail_150_2,heavy_tail,spread,Histogram / 16,384,hard,0.22273053960600447,4
new_heavy_tail_150_2,heavy_tail,spread,Histogram / 16,384,soft,0.22666866254188864,4
new_heavy_tail_150_2,heavy_tail,spread,Interval plot / five,256,hard,0.04436239416995643,4
new_heavy_tail_150_2,heavy_tail,spread,Interval plot / five,256,soft,0.04436239416995669,4
new_heavy_tail_150_2,heavy_tail,spread,Interval plot / five,384,hard,0.021403545741575214,4
new_heavy_tail_150_2,heavy_tail,spread,Interval plot / five,384,soft,0.021403545741575214,4
new_heavy_tail_150_2,heavy_tail,spread,Quantile plot / five,256,hard,0.013094270983332015,4
new_heavy_tail_150_2,heavy_tail,spread,Quantile plot / five,256,soft,0.008114973971493376,4
new_heavy_tail_150_2,heavy_tail,spread,Quantile plot / five,384,hard,0.011773561902683945,4
new_heavy_tail_150_2,heavy_tail,spread,Quantile plot / five,384,soft,0.0042871561275827745,4
new_heavy_tail_150_2,heavy_tail,spread,Quantile plot / nineteen,256,hard,0.013094270983332015,4
new_heavy_tail_150_2,heavy_tail,spread,Quantile plot / nineteen,256,soft,0.008114973971493376,4
new_heavy_tail_150_2,heavy_tail,spread,Quantile plot / nineteen,384,hard,0.011773561902683945,4
new_heavy_tail_150_2,heavy_tail,spread,Quantile plot / nineteen,384,soft,0.0042871561275827745,4
new_heavy_tail_150_2,heavy_tail,spread,Violin plot / 64,256,hard,0.0945108157688585,4
new_heavy_tail_150_2,heavy_tail,spread,Violin plot / 64,256,soft,0.10089182199315416,4
new_heavy_tail_150_2,heavy_tail,spread,Violin plot / 64,384,hard,0.09187845192081369,4
new_heavy_tail_150_2,heavy_tail,spread,Violin plot / 64,384,soft,0.0968901356899487,4
new_heavy_tail_30_0,heavy_tail,five,Bar chart / means,256,hard,,0
new_heavy_tail_30_0,heavy_tail,five,Bar chart / means,256,soft,,2
new_heavy_tail_30_0,heavy_tail,five,Bar chart / means,384,hard,,2
new_heavy_tail_30_0,heavy_tail,five,Bar chart / means,384,soft,0.18424846325666605,4
new_heavy_tail_30_0,heavy_tail,five,Box plot / five,256,hard,0.34267012905357763,4
new_heavy_tail_30_0,heavy_tail,five,Box plot / five,256,soft,0.14421390175095822,4
new_heavy_tail_30_0,heavy_tail,five,Box plot / five,384,hard,0.34016557716566764,4
new_heavy_tail_30_0,heavy_tail,five,Box plot / five,384,soft,0.1383246169248319,4
new_heavy_tail_30_0,heavy_tail,five,Dot plot / raw,256,hard,0.08453376475173943,4
new_heavy_tail_30_0,heavy_tail,five,Dot plot / raw,256,soft,0.08387814222027463,4
new_heavy_tail_30_0,heavy_tail,five,Dot plot / raw,384,hard,0.05987577748874993,4
new_heavy_tail_30_0,heavy_tail,five,Dot plot / raw,384,soft,0.09489472363900206,4
new_heavy_tail_30_0,heavy_tail,five,ECDF / full,256,hard,0.06383577348650443,4
new_heavy_tail_30_0,heavy_tail,five,ECDF / full,256,soft,0.06487635593192384,4
new_heavy_tail_30_0,heavy_tail,five,ECDF / full,384,hard,0.0640516057148712,4
new_heavy_tail_30_0,heavy_tail,five,ECDF / full,384,soft,0.06256402357785909,4
new_heavy_tail_30_0,heavy_tail,five,Heatmap / 16,256,hard,0.18240855393739241,4
new_heavy_tail_30_0,heavy_tail,five,Heatmap / 16,256,soft,0.18240855393739241,4
new_heavy_tail_30_0,heavy_tail,five,Heatmap / 16,384,hard,0.18240855393739241,4
new_heavy_tail_30_0,heavy_tail,five,Heatmap / 16,384,soft,0.18240855393739241,4
new_heavy_tail_30_0,heavy_tail,five,Histogram / 16,256,hard,0.17095549882516217,4
new_heavy_tail_30_0,heavy_tail,five,Histogram / 16,256,soft,0.17622696235368998,4
new_heavy_tail_30_0,heavy_tail,five,Histogram / 16,384,hard,0.1705162702357212,4
new_heavy_tail_30_0,heavy_tail,five,Histogram / 16,384,soft,0.17352647646539868,4
new_heavy_tail_30_0,heavy_tail,five,Interval plot / five,256,hard,0.3401041696918192,4
new_heavy_tail_30_0,heavy_tail,five,Interval plot / five,256,soft,0.1439678031141092,4
new_heavy_tail_30_0,heavy_tail,five,Interval plot / five,384,hard,0.33861862264090625,4
new_heavy_tail_30_0,heavy_tail,five,Interval plot / five,384,soft,0.13768799906668266,4
new_heavy_tail_30_0,heavy_tail,five,Quantile plot / five,256,hard,0.006688943311782776,4
new_heavy_tail_30_0,heavy_tail,five,Quantile plot / five,256,soft,0.002605770222997199,4
new_heavy_tail_30_0,heavy_tail,five,Quantile plot / five,384,hard,0.00360759828113275,4
new_heavy_tail_30_0,heavy_tail,five,Quantile plot / five,384,soft,0.001694062971832919,4
new_heavy_tail_30_0,heavy_tail,five,Quantile plot / nineteen,256,hard,0.006688943311782776,4
new_heavy_tail_30_0,heavy_tail,five,Quantile plot / nineteen,256,soft,0.002605770222997199,4
new_heavy_tail_30_0,heavy_tail,five,Quantile plot / nineteen,384,hard,0.00360759828113275,4
new_heavy_tail_30_0,heavy_tail,five,Quantile plot / nineteen,384,soft,0.001694062971832919,4
new_heavy_tail_30_0,heavy_tail,five,Violin plot / 64,256,hard,0.18222540015820338,4
new_heavy_tail_30_0,heavy_tail,five,Violin plot / 64,256,soft,0.1814252436577874,4
new_heavy_tail_30_0,heavy_tail,five,Violin plot / 64,384,hard,0.18254552486985196,4
new_heavy_tail_30_0,heavy_tail,five,Violin plot / 64,384,soft,0.1820123804505368,4
new_heavy_tail_30_0,heavy_tail,median,Bar chart / means,256,hard,,0
new_heavy_tail_30_0,heavy_tail,median,Bar chart / means,256,soft,,2
new_heavy_tail_30_0,heavy_tail,median,Bar chart / means,384,hard,,2
new_heavy_tail_30_0,heavy_tail,median,Bar chart / means,384,soft,0.23045237587616482,4
new_heavy_tail_30_0,heavy_tail,median,Box plot / five,256,hard,0.009542060544941083,4
new_heavy_tail_30_0,heavy_tail,median,Box plot / five,256,soft,0.009542060544941083,4
new_heavy_tail_30_0,heavy_tail,median,Box plot / five,384,hard,0.006224616591518553,4
new_heavy_tail_30_0,heavy_tail,median,Box plot / five,384,soft,0.006224616591518553,4
new_heavy_tail_30_0,heavy_tail,median,Dot plot / raw,256,hard,0.013516641396295123,4
new_heavy_tail_30_0,heavy_tail,median,Dot plot / raw,256,soft,0.014666749601969686,4
new_heavy_tail_30_0,heavy_tail,median,Dot plot / raw,384,hard,0.01012534460144319,4
new_heavy_tail_30_0,heavy_tail,median,Dot plot / raw,384,soft,0.008837916053290516,4
new_heavy_tail_30_0,heavy_tail,median,ECDF / full,256,hard,0.004903703394051651,4
new_heavy_tail_30_0,heavy_tail,median,ECDF / full,256,soft,0.008551534099713834,4
new_heavy_tail_30_0,heavy_tail,median,ECDF / full,384,hard,0.0062953975865051425,4
new_heavy_tail_30_0,heavy_tail,median,ECDF / full,384,soft,0.0054048360105449725,4
new_heavy_tail_30_0,heavy_tail,median,Heatmap / 16,256,hard,0.040134723590480065,4
new_heavy_tail_30_0,heavy_tail,median,Heatmap / 16,256,soft,0.040134723590480065,4
new_heavy_tail_30_0,heavy_tail,median,Heatmap / 16,384,hard,0.040134723590480065,4
new_heavy_tail_30_0,heavy_tail,median,Heatmap / 16,384,soft,0.040134723590480065,4
new_heavy_tail_30_0,heavy_tail,median,Histogram / 16,256,hard,0.040835217510294286,4
new_heavy_tail_30_0,heavy_tail,median,Histogram / 16,256,soft,0.043276644848469444,4
new_heavy_tail_30_0,heavy_tail,median,Histogram / 16,384,hard,0.042022256470335806,4
new_heavy_tail_30_0,heavy_tail,median,Histogram / 16,384,soft,0.04360473149730215,4
new_heavy_tail_30_0,heavy_tail,median,Interval plot / five,256,hard,0.008311567360696073,4
new_heavy_tail_30_0,heavy_tail,median,Interval plot / five,256,soft,0.008311567360696073,4
new_heavy_tail_30_0,heavy_tail,median,Interval plot / five,384,hard,0.003041527300773118,4
new_heavy_tail_30_0,heavy_tail,median,Interval plot / five,384,soft,0.003041527300773118,4
new_heavy_tail_30_0,heavy_tail,median,Quantile plot / five,256,hard,0.008921082300480476,4
new_heavy_tail_30_0,heavy_tail,median,Quantile plot / five,256,soft,0.0004544518376722982,4
new_heavy_tail_30_0,heavy_tail,median,Quantile plot / five,384,hard,0.0037347699549114413,4
new_heavy_tail_30_0,heavy_tail,median,Quantile plot / five,384,soft,0.00022106617327300986,4
new_heavy_tail_30_0,heavy_tail,median,Quantile plot / nineteen,256,hard,0.008921082300480476,4
new_heavy_tail_30_0,heavy_tail,median,Quantile plot / nineteen,256,soft,0.0004544518376722982,4
new_heavy_tail_30_0,heavy_tail,median,Quantile plot / nineteen,384,hard,0.0037347699549114413,4
new_heavy_tail_30_0,heavy_tail,median,Quantile plot / nineteen,384,soft,0.00022106617327300986,4
new_heavy_tail_30_0,heavy_tail,median,Violin plot / 64,256,hard,0.16979578036142984,4
new_heavy_tail_30_0,heavy_tail,median,Violin plot / 64,256,soft,0.16959034335714585,4
new_heavy_tail_30_0,heavy_tail,median,Violin plot / 64,384,hard,0.16870110277531405,4
new_heavy_tail_30_0,heavy_tail,median,Violin plot / 64,384,soft,0.16884434426307168,4
new_heavy_tail_30_0,heavy_tail,spread,Bar chart / means,256,hard,,0
new_heavy_tail_30_0,heavy_tail,spread,Bar chart / means,256,soft,,2
new_heavy_tail_30_0,heavy_tail,spread,Bar chart / means,384,hard,,2
new_heavy_tail_30_0,heavy_tail,spread,Bar chart / means,384,soft,0.4241299481035774,4
new_heavy_tail_30_0,heavy_tail,spread,Box plot / five,256,hard,0.01911660492960107,4
new_heavy_tail_30_0,heavy_tail,spread,Box plot / five,256,soft,0.020898924755775095,4
new_heavy_tail_30_0,heavy_tail,spread,Box plot / five,384,hard,0.00665262653167128,4
new_heavy_tail_30_0,heavy_tail,spread,Box plot / five,384,soft,0.007080636471824693,4
new_heavy_tail_30_0,heavy_tail,spread,Dot plot / raw,256,hard,0.02304390075681681,4
new_heavy_tail_30_0,heavy_tail,spread,Dot plot / raw,256,soft,0.03262262923358378,4
new_heavy_tail_30_0,heavy_tail,spread,Dot plot / raw,384,hard,0.08326080136517446,4
new_heavy_tail_30_0,heavy_tail,spread,Dot plot / raw,384,soft,0.009740388019485645,4
new_heavy_tail_30_0,heavy_tail,spread,ECDF / full,256,hard,0.009558302464800706,4
new_heavy_tail_30_0,heavy_tail,spread,ECDF / full,256,soft,0.005849600209471051,4
new_heavy_tail_30_0,heavy_tail,spread,ECDF / full,384,hard,0.012021223242884037,4
new_heavy_tail_30_0,heavy_tail,spread,ECDF / full,384,soft,0.011593213302730623,4
new_heavy_tail_30_0,heavy_tail,spread,Heatmap / 16,256,hard,0.06425732689603067,4
new_heavy_tail_30_0,heavy_tail,spread,Heatmap / 16,256,soft,0.06425732689603067,4
new_heavy_tail_30_0,heavy_tail,spread,Heatmap / 16,384,hard,0.06425732689603067,4
new_heavy_tail_30_0,heavy_tail,spread,Heatmap / 16,384,soft,0.06425732689603067,4
new_heavy_tail_30_0,heavy_tail,spread,Histogram / 16,256,hard,0.07630249634282775,4
new_heavy_tail_30_0,heavy_tail,spread,Histogram / 16,256,soft,0.0730677412360109,4
new_heavy_tail_30_0,heavy_tail,spread,Histogram / 16,384,hard,0.07917250198216613,4
new_heavy_tail_30_0,heavy_tail,spread,Histogram / 16,384,soft,0.07705598136955859,4
new_heavy_tail_30_0,heavy_tail,spread,Interval plot / five,256,hard,0.020898924755775095,4
new_heavy_tail_30_0,heavy_tail,spread,Interval plot / five,256,soft,0.020898924755774748,4
new_heavy_tail_30_0,heavy_tail,spread,Interval plot / five,384,hard,0.007080636471824522,4
new_heavy_tail_30_0,heavy_tail,spread,Interval plot / five,384,soft,0.007080636471824866,4
new_heavy_tail_30_0,heavy_tail,spread,Quantile plot / five,256,hard,0.008154521469374097,4
new_heavy_tail_30_0,heavy_tail,spread,Quantile plot / five,256,soft,0.003564639652348222,4
new_heavy_tail_30_0,heavy_tail,spread,Quantile plot / five,384,hard,0.008035874663120172,4
new_heavy_tail_30_0,heavy_tail,spread,Quantile plot / five,384,soft,0.007080636471825209,4
new_heavy_tail_30_0,heavy_tail,spread,Quantile plot / nineteen,256,hard,0.008154521469374097,4
new_heavy_tail_30_0,heavy_tail,spread,Quantile plot / nineteen,256,soft,0.003564639652348222,4
new_heavy_tail_30_0,heavy_tail,spread,Quantile plot / nineteen,384,hard,0.008035874663120172,4
new_heavy_tail_30_0,heavy_tail,spread,Quantile plot / nineteen,384,soft,0.007080636471825209,4
new_heavy_tail_30_0,heavy_tail,spread,Violin plot / 64,256,hard,0.028977529401033195,4
new_heavy_tail_30_0,heavy_tail,spread,Violin plot / 64,256,soft,0.030058391648170223,4
new_heavy_tail_30_0,heavy_tail,spread,Violin plot / 64,384,hard,0.027914612317671422,4
new_heavy_tail_30_0,heavy_tail,spread,Violin plot / 64,384,soft,0.028469146925629622,4
new_heavy_tail_30_1,heavy_tail,five,Bar chart / means,256,hard,,2
new_heavy_tail_30_1,heavy_tail,five,Bar chart / means,256,soft,0.27282886652227833,4
new_heavy_tail_30_1,heavy_tail,five,Bar chart / means,384,hard,0.277942331081947,4
new_heavy_tail_30_1,heavy_tail,five,Bar chart / means,384,soft,0.27097945546617896,4
new_heavy_tail_30_1,heavy_tail,five,Box plot / five,256,hard,0.5888126731430379,4
new_heavy_tail_30_1,heavy_tail,five,Box plot / five,256,soft,0.4169813947888157,4
new_heavy_tail_30_1,heavy_tail,five,Box plot / five,384,hard,0.5869604213595345,4
new_heavy_tail_30_1,heavy_tail,five,Box plot / five,384,soft,0.4109299505338146,4
new_heavy_tail_30_1,heavy_tail,five,Dot plot / raw,256,hard,0.07085936145791653,4
new_heavy_tail_30_1,heavy_tail,five,Dot plot / raw,256,soft,0.05163762600800681,4
new_heavy_tail_30_1,heavy_tail,five,Dot plot / raw,384,hard,0.048236837220176104,4
new_heavy_tail_30_1,heavy_tail,five,Dot plot / raw,384,soft,0.05055099803634379,4
new_heavy_tail_30_1,heavy_tail,five,ECDF / full,256,hard,0.033042038188652374,4
new_heavy_tail_30_1,heavy_tail,five,ECDF / full,256,soft,0.026751404260321878,4
new_heavy_tail_30_1,heavy_tail,five,ECDF / full,384,hard,0.04594276488701082,4
new_heavy_tail_30_1,heavy_tail,five,ECDF / full,384,soft,0.02398795697134247,4
new_heavy_tail_30_1,heavy_tail,five,Heatmap / 16,256,hard,0.12722472459921513,4
new_heavy_tail_30_1,heavy_tail,five,Heatmap / 16,256,soft,0.12722472459921513,4
new_heavy_tail_30_1,heavy_tail,five,Heatmap / 16,384,hard,0.12722472459921513,4
new_heavy_tail_30_1,heavy_tail,five,Heatmap / 16,384,soft,0.12722472459921513,4
new_heavy_tail_30_1,heavy_tail,five,Histogram / 16,256,hard,0.12790101705752863,4
new_heavy_tail_30_1,heavy_tail,five,Histogram / 16,256,soft,0.12744726776972123,4
new_heavy_tail_30_1,heavy_tail,five,Histogram / 16,384,hard,0.12732148035731136,4
new_heavy_tail_30_1,heavy_tail,five,Histogram / 16,384,soft,0.1269806957877357,4
new_heavy_tail_30_1,heavy_tail,five,Interval plot / five,256,hard,0.5856189345958073,4
new_heavy_tail_30_1,heavy_tail,five,Interval plot / five,256,soft,0.4158919791503936,4
new_heavy_tail_30_1,heavy_tail,five,Interval plot / five,384,hard,0.584195133661709,4
new_heavy_tail_30_1,heavy_tail,five,Interval plot / five,384,soft,0.4101007765600428,4
new_heavy_tail_30_1,heavy_tail,five,Quantile plot / five,256,hard,0.007271986053101703,4
new_heavy_tail_30_1,heavy_tail,five,Quantile plot / five,256,soft,0.003974407565410367,4
new_heavy_tail_30_1,heavy_tail,five,Quantile plot / five,384,hard,0.005274018768459198,4
new_heavy_tail_30_1,heavy_tail,five,Quantile plot / five,384,soft,0.002784473147707678,4
new_heavy_tail_30_1,heavy_tail,five,Quantile plot / nineteen,256,hard,0.007271986053101703,4
new_heavy_tail_30_1,heavy_tail,five,Quantile plot / nineteen,256,soft,0.003974407565410367,4
new_heavy_tail_30_1,heavy_tail,five,Quantile plot / nineteen,384,hard,0.005274018768459198,4
new_heavy_tail_30_1,heavy_tail,five,Quantile plot / nineteen,384,soft,0.002784473147707678,4
new_heavy_tail_30_1,heavy_tail,five,Violin plot / 64,256,hard,0.16711026250899422,4
new_heavy_tail_30_1,heavy_tail,five,Violin plot / 64,256,soft,0.16721509422210815,4
new_heavy_tail_30_1,heavy_tail,five,Violin plot / 64,384,hard,0.16915718214919853,4
new_heavy_tail_30_1,heavy_tail,five,Violin plot / 64,384,soft,0.16996937431941478,4
new_heavy_tail_30_1,heavy_tail,median,Bar chart / means,256,hard,,2
new_heavy_tail_30_1,heavy_tail,median,Bar chart / means,256,soft,0.22563774341758253,4
new_heavy_tail_30_1,heavy_tail,median,Bar chart / means,384,hard,0.2396304572571274,4
new_heavy_tail_30_1,heavy_tail,median,Bar chart / means,384,soft,0.22295086320400442,4
new_heavy_tail_30_1,heavy_tail,median,Box plot / five,256,hard,0.012617662029111019,4
new_heavy_tail_30_1,heavy_tail,median,Box plot / five,256,soft,0.012617662029111019,4
new_heavy_tail_30_1,heavy_tail,median,Box plot / five,384,hard,0.011397867283260822,4
new_heavy_tail_30_1,heavy_tail,median,Box plot / five,384,soft,0.011397867283260822,4
new_heavy_tail_30_1,heavy_tail,median,Dot plot / raw,256,hard,0.013927794945141713,4
new_heavy_tail_30_1,heavy_tail,median,Dot plot / raw,256,soft,0.027084780901695596,4
new_heavy_tail_30_1,heavy_tail,median,Dot plot / raw,384,hard,0.015832535538736082,4
new_heavy_tail_30_1,heavy_tail,median,Dot plot / raw,384,soft,0.023333709614181117,4
new_heavy_tail_30_1,heavy_tail,median,ECDF / full,256,hard,0.015244120289040071,4
new_heavy_tail_30_1,heavy_tail,median,ECDF / full,256,soft,0.004207001336729935,4
new_heavy_tail_30_1,heavy_tail,median,ECDF / full,384,hard,0.007227968769979362,4
new_heavy_tail_30_1,heavy_tail,median,ECDF / full,384,soft,0.0056225320292049765,4
new_heavy_tail_30_1,heavy_tail,median,Heatmap / 16,256,hard,0.14259256136855109,4
new_heavy_tail_30_1,heavy_tail,median,Heatmap / 16,256,soft,0.14259256136855109,4
new_heavy_tail_30_1,heavy_tail,median,Heatmap / 16,384,hard,0.14259256136855109,4
new_heavy_tail_30_1,heavy_tail,median,Heatmap / 16,384,soft,0.14259256136855109,4
new_heavy_tail_30_1,heavy_tail,median,Histogram / 16,256,hard,0.15073535485507142,4
new_heavy_tail_30_1,heavy_tail,median,Histogram / 16,256,soft,0.14618093154489084,4
new_heavy_tail_30_1,heavy_tail,median,Histogram / 16,384,hard,0.15121937451522316,4
new_heavy_tail_30_1,heavy_tail,median,Histogram / 16,384,soft,0.14825314971632836,4
new_heavy_tail_30_1,heavy_tail,median,Interval plot / five,256,hard,0.007170583837002565,4
new_heavy_tail_30_1,heavy_tail,median,Interval plot / five,256,soft,0.007170583837002565,4
new_heavy_tail_30_1,heavy_tail,median,Interval plot / five,384,hard,0.007251997414401465,4
new_heavy_tail_30_1,heavy_tail,median,Interval plot / five,384,soft,0.007251997414401465,4
new_heavy_tail_30_1,heavy_tail,median,Quantile plot / five,256,hard,0.007987217409164384,4
new_heavy_tail_30_1,heavy_tail,median,Quantile plot / five,256,soft,0.0048756421785144215,4
new_heavy_tail_30_1,heavy_tail,median,Quantile plot / five,384,hard,0.008061948472635845,4
new_heavy_tail_30_1,heavy_tail,median,Quantile plot / five,384,soft,0.00611614051339818,4
new_heavy_tail_30_1,heavy_tail,median,Quantile plot / nineteen,256,hard,0.007987217409164384,4
new_heavy_tail_30_1,heavy_tail,median,Quantile plot / nineteen,256,soft,0.0048756421785144215,4
new_heavy_tail_30_1,heavy_tail,median,Quantile plot / nineteen,384,hard,0.008061948472635845,4
new_heavy_tail_30_1,heavy_tail,median,Quantile plot / nineteen,384,soft,0.00611614051339818,4
new_heavy_tail_30_1,heavy_tail,median,Violin plot / 64,256,hard,0.05223398575744876,4
new_heavy_tail_30_1,heavy_tail,median,Violin plot / 64,256,soft,0.05472167723295939,4
new_heavy_tail_30_1,heavy_tail,median,Violin plot / 64,384,hard,0.05336983902965981,4
new_heavy_tail_30_1,heavy_tail,median,Violin plot / 64,384,soft,0.05537144598723772,4
new_heavy_tail_30_1,heavy_tail,spread,Bar chart / means,256,hard,,2
new_heavy_tail_30_1,heavy_tail,spread,Bar chart / means,256,soft,0.3580232272254916,4
new_heavy_tail_30_1,heavy_tail,spread,Bar chart / means,384,hard,0.3580232272254916,4
new_heavy_tail_30_1,heavy_tail,spread,Bar chart / means,384,soft,0.3580232272254916,4
new_heavy_tail_30_1,heavy_tail,spread,Box plot / five,256,hard,0.03869547278356828,4
new_heavy_tail_30_1,heavy_tail,spread,Box plot / five,256,soft,0.013082874384002323,4
new_heavy_tail_30_1,heavy_tail,spread,Box plot / five,384,hard,0.01726763896978846,4
new_heavy_tail_30_1,heavy_tail,spread,Box plot / five,384,soft,0.012803717998174978,4
new_heavy_tail_30_1,heavy_tail,spread,Dot plot / raw,256,hard,0.06941279903093796,4
new_heavy_tail_30_1,heavy_tail,spread,Dot plot / raw,256,soft,0.03269685491653214,4
new_heavy_tail_30_1,heavy_tail,spread,Dot plot / raw,384,hard,0.041392451555261355,4
new_heavy_tail_30_1,heavy_tail,spread,Dot plot / raw,384,soft,0.011598404897361358,4
new_heavy_tail_30_1,heavy_tail,spread,ECDF / full,256,hard,0.0005531503684360718,4
new_heavy_tail_30_1,heavy_tail,spread,ECDF / full,256,soft,0.00044932817373959154,4
new_heavy_tail_30_1,heavy_tail,spread,ECDF / full,384,hard,0.01221567308151022,4
new_heavy_tail_30_1,heavy_tail,spread,ECDF / full,384,soft,0.00775175210989745,4
new_heavy_tail_30_1,heavy_tail,spread,Heatmap / 16,256,hard,0.05230065096669115,4
new_heavy_tail_30_1,heavy_tail,spread,Heatmap / 16,256,soft,0.05230065096669115,4
new_heavy_tail_30_1,heavy_tail,spread,Heatmap / 16,384,hard,0.05230065096669115,4
new_heavy_tail_30_1,heavy_tail,spread,Heatmap / 16,384,soft,0.05230065096669115,4
new_heavy_tail_30_1,heavy_tail,spread,Histogram / 16,256,hard,0.06716593022413188,4
new_heavy_tail_30_1,heavy_tail,spread,Histogram / 16,256,soft,0.053427213530039104,4
new_heavy_tail_30_1,heavy_tail,spread,Histogram / 16,384,hard,0.0702382601855914,4
new_heavy_tail_30_1,heavy_tail,spread,Histogram / 16,384,soft,0.061291074096554876,4
new_heavy_tail_30_1,heavy_tail,spread,Interval plot / five,256,hard,0.013082874384002323,4
new_heavy_tail_30_1,heavy_tail,spread,Interval plot / five,256,soft,0.013082874384000659,4
new_heavy_tail_30_1,heavy_tail,spread,Interval plot / five,384,hard,0.012803717998175215,4
new_heavy_tail_30_1,heavy_tail,spread,Interval plot / five,384,soft,0.01280371799817569,4
new_heavy_tail_30_1,heavy_tail,spread,Quantile plot / five,256,hard,0.012253148831346075,4
new_heavy_tail_30_1,heavy_tail,spread,Quantile plot / five,256,soft,0.012253148831344651,4
new_heavy_tail_30_1,heavy_tail,spread,Quantile plot / five,384,hard,0.003907934503175906,4
new_heavy_tail_30_1,heavy_tail,spread,Quantile plot / five,384,soft,0.0005880449166642822,4
new_heavy_tail_30_1,heavy_tail,spread,Quantile plot / nineteen,256,hard,0.012253148831346075,4
new_heavy_tail_30_1,heavy_tail,spread,Quantile plot / nineteen,256,soft,0.012253148831344651,4
new_heavy_tail_30_1,heavy_tail,spread,Quantile plot / nineteen,384,hard,0.003907934503175906,4
new_heavy_tail_30_1,heavy_tail,spread,Quantile plot / nineteen,384,soft,0.0005880449166642822,4
new_heavy_tail_30_1,heavy_tail,spread,Violin plot / 64,256,hard,0.282243655842103,4
new_heavy_tail_30_1,heavy_tail,spread,Violin plot / 64,256,soft,0.2816796793056128,4
new_heavy_tail_30_1,heavy_tail,spread,Violin plot / 64,384,hard,0.2866593917463236,4
new_heavy_tail_30_1,heavy_tail,spread,Violin plot / 64,384,soft,0.2871135787968522,4
new_heavy_tail_30_2,heavy_tail,five,Bar chart / means,256,hard,0.21567307409234204,4
new_heavy_tail_30_2,heavy_tail,five,Bar chart / means,256,soft,0.21361365515823033,4
new_heavy_tail_30_2,heavy_tail,five,Bar chart / means,384,hard,0.21533638434834562,4
new_heavy_tail_30_2,heavy_tail,five,Bar chart / means,384,soft,0.21399523686809302,4
new_heavy_tail_30_2,heavy_tail,five,Box plot / five,256,hard,0.3554524009444139,4
new_heavy_tail_30_2,heavy_tail,five,Box plot / five,256,soft,0.17907204535069182,4
new_heavy_tail_30_2,heavy_tail,five,Box plot / five,384,hard,0.355643451966156,4
new_heavy_tail_30_2,heavy_tail,five,Box plot / five,384,soft,0.17751391452806561,4
new_heavy_tail_30_2,heavy_tail,five,Dot plot / raw,256,hard,0.050681482207641626,4
new_heavy_tail_30_2,heavy_tail,five,Dot plot / raw,256,soft,0.052389221356842944,4
new_heavy_tail_30_2,heavy_tail,five,Dot plot / raw,384,hard,0.04101077472667329,4
new_heavy_tail_30_2,heavy_tail,five,Dot plot / raw,384,soft,0.04992150329653677,4
new_heavy_tail_30_2,heavy_tail,five,ECDF / full,256,hard,0.04409886427139146,4
new_heavy_tail_30_2,heavy_tail,five,ECDF / full,256,soft,0.041450540526028534,4
new_heavy_tail_30_2,heavy_tail,five,ECDF / full,384,hard,0.038572108177371486,4
new_heavy_tail_30_2,heavy_tail,five,ECDF / full,384,soft,0.03746787907988002,4
new_heavy_tail_30_2,heavy_tail,five,Heatmap / 16,256,hard,0.14564423335544138,4
new_heavy_tail_30_2,heavy_tail,five,Heatmap / 16,256,soft,0.14564423335544138,4
new_heavy_tail_30_2,heavy_tail,five,Heatmap / 16,384,hard,0.14564423335544138,4
new_heavy_tail_30_2,heavy_tail,five,Heatmap / 16,384,soft,0.14564423335544138,4
new_heavy_tail_30_2,heavy_tail,five,Histogram / 16,256,hard,0.1320254824138371,4
new_heavy_tail_30_2,heavy_tail,five,Histogram / 16,256,soft,0.13742302013132793,4
new_heavy_tail_30_2,heavy_tail,five,Histogram / 16,384,hard,0.13027684040723717,4
new_heavy_tail_30_2,heavy_tail,five,Histogram / 16,384,soft,0.1338630800212667,4
new_heavy_tail_30_2,heavy_tail,five,Interval plot / five,256,hard,0.350144792145627,4
new_heavy_tail_30_2,heavy_tail,five,Interval plot / five,256,soft,0.17838925304070935,4
new_heavy_tail_30_2,heavy_tail,five,Interval plot / five,384,hard,0.3522502028769982,4
new_heavy_tail_30_2,heavy_tail,five,Interval plot / five,384,soft,0.17682811245995864,4
new_heavy_tail_30_2,heavy_tail,five,Quantile plot / five,256,hard,0.0069593394892524035,4
new_heavy_tail_30_2,heavy_tail,five,Quantile plot / five,256,soft,0.004140044786976783,4
new_heavy_tail_30_2,heavy_tail,five,Quantile plot / five,384,hard,0.0037412130094937887,4
new_heavy_tail_30_2,heavy_tail,five,Quantile plot / five,384,soft,0.0017042086069049274,4
new_heavy_tail_30_2,heavy_tail,five,Quantile plot / nineteen,256,hard,0.0069593394892524035,4
new_heavy_tail_30_2,heavy_tail,five,Quantile plot / nineteen,256,soft,0.004140044786976783,4
new_heavy_tail_30_2,heavy_tail,five,Quantile plot / nineteen,384,hard,0.0037412130094937887,4
new_heavy_tail_30_2,heavy_tail,five,Quantile plot / nineteen,384,soft,0.0017042086069049274,4
new_heavy_tail_30_2,heavy_tail,five,Violin plot / 64,256,hard,0.1296404102798175,4
new_heavy_tail_30_2,heavy_tail,five,Violin plot / 64,256,soft,0.13040554374915478,4
new_heavy_tail_30_2,heavy_tail,five,Violin plot / 64,384,hard,0.1299208860106014,4
new_heavy_tail_30_2,heavy_tail,five,Violin plot / 64,384,soft,0.13074418025587248,4
new_heavy_tail_30_2,heavy_tail,median,Bar chart / means,256,hard,0.10882296386038415,4
new_heavy_tail_30_2,heavy_tail,median,Bar chart / means,256,soft,0.09852586918982549,4
new_heavy_tail_30_2,heavy_tail,median,Bar chart / means,384,hard,0.10713951514040193,4
new_heavy_tail_30_2,heavy_tail,median,Bar chart / means,384,soft,0.10043377773913885,4
new_heavy_tail_30_2,heavy_tail,median,Box plot / five,256,hard,0.012367956915615354,4
new_heavy_tail_30_2,heavy_tail,median,Box plot / five,256,soft,0.012367956915615354,4
new_heavy_tail_30_2,heavy_tail,median,Box plot / five,384,hard,0.006705737401262955,4
new_heavy_tail_30_2,heavy_tail,median,Box plot / five,384,soft,0.006705737401262955,4
new_heavy_tail_30_2,heavy_tail,median,Dot plot / raw,256,hard,0.017817466668675657,4
new_heavy_tail_30_2,heavy_tail,median,Dot plot / raw,256,soft,0.026959505979289415,4
new_heavy_tail_30_2,heavy_tail,median,Dot plot / raw,384,hard,0.03288028350306788,4
new_heavy_tail_30_2,heavy_tail,median,Dot plot / raw,384,soft,0.007302692919538413,4
new_heavy_tail_30_2,heavy_tail,median,ECDF / full,256,hard,0.01837165058323735,4
new_heavy_tail_30_2,heavy_tail,median,ECDF / full,256,soft,0.00652159053642506,4
new_heavy_tail_30_2,heavy_tail,median,ECDF / full,384,hard,0.01333533316262324,4
new_heavy_tail_30_2,heavy_tail,median,ECDF / full,384,soft,0.001258450063487927,4
new_heavy_tail_30_2,heavy_tail,median,Heatmap / 16,256,hard,0.011708489748678774,4
new_heavy_tail_30_2,heavy_tail,median,Heatmap / 16,256,soft,0.011708489748678774,4
new_heavy_tail_30_2,heavy_tail,median,Heatmap / 16,384,hard,0.011708489748678774,4
new_heavy_tail_30_2,heavy_tail,median,Heatmap / 16,384,soft,0.011708489748678774,4
new_heavy_tail_30_2,heavy_tail,median,Histogram / 16,256,hard,0.005418723344857175,4
new_heavy_tail_30_2,heavy_tail,median,Histogram / 16,256,soft,0.00614058083343063,4
new_heavy_tail_30_2,heavy_tail,median,Histogram / 16,384,hard,0.0029887453814614762,4
new_heavy_tail_30_2,heavy_tail,median,Histogram / 16,384,soft,0.0039875450232477894,4
new_heavy_tail_30_2,heavy_tail,median,Interval plot / five,256,hard,0.008953995365702619,4
new_heavy_tail_30_2,heavy_tail,median,Interval plot / five,256,soft,0.008953995365702619,4
new_heavy_tail_30_2,heavy_tail,median,Interval plot / five,384,hard,0.003276727060728808,4
new_heavy_tail_30_2,heavy_tail,median,Interval plot / five,384,soft,0.003276727060728808,4
new_heavy_tail_30_2,heavy_tail,median,Quantile plot / five,256,hard,0.009610621692521373,4
new_heavy_tail_30_2,heavy_tail,median,Quantile plot / five,256,soft,0.004445077515760906,4
new_heavy_tail_30_2,heavy_tail,median,Quantile plot / five,384,hard,0.004023442440757943,4
new_heavy_tail_30_2,heavy_tail,median,Quantile plot / five,384,soft,0.00023804284716166224,4
new_heavy_tail_30_2,heavy_tail,median,Quantile plot / nineteen,256,hard,0.009610621692521373,4
new_heavy_tail_30_2,heavy_tail,median,Quantile plot / nineteen,256,soft,0.004445077515760906,4
new_heavy_tail_30_2,heavy_tail,median,Quantile plot / nineteen,384,hard,0.004023442440757943,4
new_heavy_tail_30_2,heavy_tail,median,Quantile plot / nineteen,384,soft,0.00023804284716166224,4
new_heavy_tail_30_2,heavy_tail,median,Violin plot / 64,256,hard,0.07324601291603922,4
new_heavy_tail_30_2,heavy_tail,median,Violin plot / 64,256,soft,0.07426966657925399,4
new_heavy_tail_30_2,heavy_tail,median,Violin plot / 64,384,hard,0.07294052927160458,4
new_heavy_tail_30_2,heavy_tail,median,Violin plot / 64,384,soft,0.07376522080562581,4
new_heavy_tail_30_2,heavy_tail,spread,Bar chart / means,256,hard,0.4644877307716636,4
new_heavy_tail_30_2,heavy_tail,spread,Bar chart / means,256,soft,0.4644877307716636,4
new_heavy_tail_30_2,heavy_tail,spread,Bar chart / means,384,hard,0.4644877307716636,4
new_heavy_tail_30_2,heavy_tail,spread,Bar chart / means,384,soft,0.4644877307716636,4
new_heavy_tail_30_2,heavy_tail,spread,Box plot / five,256,hard,0.03089128401167582,4
new_heavy_tail_30_2,heavy_tail,spread,Box plot / five,256,soft,0.016004877304100912,4
new_heavy_tail_30_2,heavy_tail,spread,Box plot / five,384,hard,0.0158684184608981,4
new_heavy_tail_30_2,heavy_tail,spread,Box plot / five,384,soft,0.010954531144154284,4
new_heavy_tail_30_2,heavy_tail,spread,Dot plot / raw,256,hard,0.1266955142363858,4
new_heavy_tail_30_2,heavy_tail,spread,Dot plot / raw,256,soft,0.05715749638949679,4
new_heavy_tail_30_2,heavy_tail,spread,Dot plot / raw,384,hard,0.051983502049827705,4
new_heavy_tail_30_2,heavy_tail,spread,Dot plot / raw,384,soft,0.053167470425990154,4
new_heavy_tail_30_2,heavy_tail,spread,ECDF / full,256,hard,0.05036700275626727,4
new_heavy_tail_30_2,heavy_tail,spread,ECDF / full,256,soft,0.050379917298820215,4
new_heavy_tail_30_2,heavy_tail,spread,ECDF / full,384,hard,0.05855978652684774,4
new_heavy_tail_30_2,heavy_tail,spread,ECDF / full,384,soft,0.058559786526848165,4
new_heavy_tail_30_2,heavy_tail,spread,Heatmap / 16,256,hard,0.014208147436930964,4
new_heavy_tail_30_2,heavy_tail,spread,Heatmap / 16,256,soft,0.014208147436930964,4
new_heavy_tail_30_2,heavy_tail,spread,Heatmap / 16,384,hard,0.014208147436930964,4
new_heavy_tail_30_2,heavy_tail,spread,Heatmap / 16,384,soft,0.014208147436930964,4
new_heavy_tail_30_2,heavy_tail,spread,Histogram / 16,256,hard,0.025958719107000025,4
new_heavy_tail_30_2,heavy_tail,spread,Histogram / 16,256,soft,0.020695079591379596,4
new_heavy_tail_30_2,heavy_tail,spread,Histogram / 16,384,hard,0.027322294018347654,4
new_heavy_tail_30_2,heavy_tail,spread,Histogram / 16,384,soft,0.023883674570595655,4
new_heavy_tail_30_2,heavy_tail,spread,Interval plot / five,256,hard,0.016004877304100912,4
new_heavy_tail_30_2,heavy_tail,spread,Interval plot / five,256,soft,0.016004877304100912,4
new_heavy_tail_30_2,heavy_tail,spread,Interval plot / five,384,hard,0.010954531144153718,4
new_heavy_tail_30_2,heavy_tail,spread,Interval plot / five,384,soft,0.010954531144154284,4
new_heavy_tail_30_2,heavy_tail,spread,Quantile plot / five,256,hard,0.006877555297140433,4
new_heavy_tail_30_2,heavy_tail,spread,Quantile plot / five,256,soft,0.001118470596526424,4
new_heavy_tail_30_2,heavy_tail,spread,Quantile plot / five,384,hard,0.004248793742890481,4
new_heavy_tail_30_2,heavy_tail,spread,Quantile plot / five,384,soft,0.0017918500845195624,4
new_heavy_tail_30_2,heavy_tail,spread,Quantile plot / nineteen,256,hard,0.006877555297140433,4
new_heavy_tail_30_2,heavy_tail,spread,Quantile plot / nineteen,256,soft,0.001118470596526424,4
new_heavy_tail_30_2,heavy_tail,spread,Quantile plot / nineteen,384,hard,0.004248793742890481,4
new_heavy_tail_30_2,heavy_tail,spread,Quantile plot / nineteen,384,soft,0.0017918500845195624,4
new_heavy_tail_30_2,heavy_tail,spread,Violin plot / 64,256,hard,0.01733351979091886,4
new_heavy_tail_30_2,heavy_tail,spread,Violin plot / 64,256,soft,0.015035443293424568,4
new_heavy_tail_30_2,heavy_tail,spread,Violin plot / 64,384,hard,0.01761845969096877,4
new_heavy_tail_30_2,heavy_tail,spread,Violin plot / 64,384,soft,0.016107995186546376,4
new_location_150_0,location,five,Bar chart / means,256,hard,0.09905445362991312,4
new_location_150_0,location,five,Bar chart / means,256,soft,0.08303131560788485,4
new_location_150_0,location,five,Bar chart / means,384,hard,0.08870708656936606,4
new_location_150_0,location,five,Bar chart / means,384,soft,0.07827239995556554,4
new_location_150_0,location,five,Box plot / five,256,hard,0.36835331103090563,4
new_location_150_0,location,five,Box plot / five,256,soft,0.13291222710667433,4
new_location_150_0,location,five,Box plot / five,384,hard,0.3711625189136925,4
new_location_150_0,location,five,Box plot / five,384,soft,0.13231597241257226,4
new_location_150_0,location,five,Dot plot / raw,256,hard,0.021268454132851965,4
new_location_150_0,location,five,Dot plot / raw,256,soft,0.020494440438251812,4
new_location_150_0,location,five,Dot plot / raw,384,hard,0.015342838909152308,4
new_location_150_0,location,five,Dot plot / raw,384,soft,0.01644325280957963,4
new_location_150_0,location,five,ECDF / full,256,hard,0.016985651633863428,4
new_location_150_0,location,five,ECDF / full,256,soft,0.012616074769254228,4
new_location_150_0,location,five,ECDF / full,384,hard,0.00721346964711596,4
new_location_150_0,location,five,ECDF / full,384,soft,0.007099446784903111,4
new_location_150_0,location,five,Heatmap / 16,256,hard,0.07342590910134096,4
new_location_150_0,location,five,Heatmap / 16,256,soft,0.07342590910134096,4
new_location_150_0,location,five,Heatmap / 16,384,hard,0.07342590910134096,4
new_location_150_0,location,five,Heatmap / 16,384,soft,0.07342590910134096,4
new_location_150_0,location,five,Histogram / 16,256,hard,0.07436942575547385,4
new_location_150_0,location,five,Histogram / 16,256,soft,0.07445159903866216,4
new_location_150_0,location,five,Histogram / 16,384,hard,0.0752694565139828,4
new_location_150_0,location,five,Histogram / 16,384,soft,0.07539614193543735,4
new_location_150_0,location,five,Interval plot / five,256,hard,0.36593104770665863,4
new_location_150_0,location,five,Interval plot / five,256,soft,0.13267447958774442,4
new_location_150_0,location,five,Interval plot / five,384,hard,0.37023549471837525,4
new_location_150_0,location,five,Interval plot / five,384,soft,0.13214918508728035,4
new_location_150_0,location,five,Quantile plot / five,256,hard,0.004839634184770971,4
new_location_150_0,location,five,Quantile plot / five,256,soft,0.0045135437744754855,4
new_location_150_0,location,five,Quantile plot / five,384,hard,0.004035733279754105,4
new_location_150_0,location,five,Quantile plot / five,384,soft,0.0011889355478568358,4
new_location_150_0,location,five,Quantile plot / nineteen,256,hard,0.004839634184770971,4
new_location_150_0,location,five,Quantile plot / nineteen,256,soft,0.0045135437744754855,4
new_location_150_0,location,five,Quantile plot / nineteen,384,hard,0.004035733279754105,4
new_location_150_0,location,five,Quantile plot / nineteen,384,soft,0.0011889355478568358,4
new_location_150_0,location,five,Violin plot / 64,256,hard,0.05123150693861535,4
new_location_150_0,location,five,Violin plot / 64,256,soft,0.05243784630028164,4
new_location_150_0,location,five,Violin plot / 64,384,hard,0.05129519870790634,4
new_location_150_0,location,five,Violin plot / 64,384,soft,0.052301440577668994,4
new_location_150_0,location,median,Bar chart / means,256,hard,0.16781326302518007,4
new_location_150_0,location,median,Bar chart / means,256,soft,0.14110803298846628,4
new_location_150_0,location,median,Bar chart / means,384,hard,0.15056765125760163,4
new_location_150_0,location,median,Bar chart / means,384,soft,0.13317650690126742,4
new_location_150_0,location,median,Box plot / five,256,hard,0.008770620399546153,4
new_location_150_0,location,median,Box plot / five,256,soft,0.008770620399546153,4
new_location_150_0,location,median,Box plot / five,384,hard,0.0058748480340916655,4
new_location_150_0,location,median,Box plot / five,384,soft,0.0058748480340916655,4
new_location_150_0,location,median,Dot plot / raw,256,hard,0.02923470263967288,4
new_location_150_0,location,median,Dot plot / raw,256,soft,0.033562813067634825,4
new_location_150_0,location,median,Dot plot / raw,384,hard,0.00934425214139094,4
new_location_150_0,location,median,Dot plot / raw,384,soft,0.023530091308095104,4
new_location_150_0,location,median,ECDF / full,256,hard,0.025385369496038798,4
new_location_150_0,location,median,ECDF / full,256,soft,0.025222299671278467,4
new_location_150_0,location,median,ECDF / full,384,hard,0.0029763239747027034,4
new_location_150_0,location,median,ECDF / full,384,soft,0.0055063097389243575,4
new_location_150_0,location,median,Heatmap / 16,256,hard,0.03525030383076759,4
new_location_150_0,location,median,Heatmap / 16,256,soft,0.03525030383076759,4
new_location_150_0,location,median,Heatmap / 16,384,hard,0.03525030383076759,4
new_location_150_0,location,median,Heatmap / 16,384,soft,0.03525030383076759,4
new_location_150_0,location,median,Histogram / 16,256,hard,0.021979821051114314,4
new_location_150_0,location,median,Histogram / 16,256,soft,0.029176937676324333,4
new_location_150_0,location,median,Histogram / 16,384,hard,0.020321065902677404,4
new_location_150_0,location,median,Histogram / 16,384,soft,0.02502886716278819,4
new_location_150_0,location,median,Interval plot / five,256,hard,0.00758188280489622,4
new_location_150_0,location,median,Interval plot / five,256,soft,0.00758188280489622,4
new_location_150_0,location,median,Interval plot / five,384,hard,0.005040911407633045,4
new_location_150_0,location,median,Interval plot / five,384,soft,0.005040911407633045,4
new_location_150_0,location,median,Quantile plot / five,256,hard,0.007648363518862663,4
new_location_150_0,location,median,Quantile plot / five,256,soft,0.0075818828048970985,4
new_location_150_0,location,median,Quantile plot / five,384,hard,0.005410578244192899,4
new_location_150_0,location,median,Quantile plot / five,384,soft,0.00027562207623749407,4
new_location_150_0,location,median,Quantile plot / nineteen,256,hard,0.007648363518862663,4
new_location_150_0,location,median,Quantile plot / nineteen,256,soft,0.0075818828048970985,4
new_location_150_0,location,median,Quantile plot / nineteen,384,hard,0.005410578244192899,4
new_location_150_0,location,median,Quantile plot / nineteen,384,soft,0.00027562207623749407,4
new_location_150_0,location,median,Violin plot / 64,256,hard,0.055795730945584494,4
new_location_150_0,location,median,Violin plot / 64,256,soft,0.05701433281777518,4
new_location_150_0,location,median,Violin plot / 64,384,hard,0.0550588402971878,4
new_location_150_0,location,median,Violin plot / 64,384,soft,0.0559383338313096,4
new_location_150_0,location,spread,Bar chart / means,256,hard,0.00760236870025612,4
new_location_150_0,location,spread,Bar chart / means,256,soft,0.00760236870025612,4
new_location_150_0,location,spread,Bar chart / means,384,hard,0.00760236870025612,4
new_location_150_0,location,spread,Bar chart / means,384,soft,0.00760236870025612,4
new_location_150_0,location,spread,Box plot / five,256,hard,0.007602368700256231,4
new_location_150_0,location,spread,Box plot / five,256,soft,0.01780348669114313,4
new_location_150_0,location,spread,Box plot / five,384,hard,0.021192328706462052,4
new_location_150_0,location,spread,Box plot / five,384,soft,0.017391144356334324,4
new_location_150_0,location,spread,Dot plot / raw,256,hard,0.016938933105473522,4
new_location_150_0,location,spread,Dot plot / raw,256,soft,0.02761908387486501,4
new_location_150_0,location,spread,Dot plot / raw,384,hard,0.006844465020922142,4
new_location_150_0,location,spread,Dot plot / raw,384,soft,0.019464441491410085,4
new_location_150_0,location,spread,ECDF / full,256,hard,0.017153799368484855,4
new_location_150_0,location,spread,ECDF / full,256,soft,0.007968148016440725,4
new_location_150_0,location,spread,ECDF / full,384,hard,0.008695572178167438,4
new_location_150_0,location,spread,ECDF / full,384,soft,0.0030033117867504385,4
new_location_150_0,location,spread,Heatmap / 16,256,hard,0.14869376269014153,4
new_location_150_0,location,spread,Heatmap / 16,256,soft,0.14869376269014153,4
new_location_150_0,location,spread,Heatmap / 16,384,hard,0.14869376269014153,4
new_location_150_0,location,spread,Heatmap / 16,384,soft,0.14869376269014153,4
new_location_150_0,location,spread,Histogram / 16,256,hard,0.13816278622676442,4
new_location_150_0,location,spread,Histogram / 16,256,soft,0.14915183608806554,4
new_location_150_0,location,spread,Histogram / 16,384,hard,0.1445903833454421,4
new_location_150_0,location,spread,Histogram / 16,384,soft,0.1516346681985376,4
new_location_150_0,location,spread,Interval plot / five,256,hard,0.017803486691142466,4
new_location_150_0,location,spread,Interval plot / five,256,soft,0.01780348669114269,4
new_location_150_0,location,spread,Interval plot / five,384,hard,0.017391144356334105,4
new_location_150_0,location,spread,Interval plot / five,384,soft,0.017391144356333883,4
new_location_150_0,location,spread,Quantile plot / five,256,hard,0.010201117990886568,4
new_location_150_0,location,spread,Quantile plot / five,256,soft,0.010201117990886348,4
new_location_150_0,location,spread,Quantile plot / five,384,hard,0.006054694701835159,4
new_location_150_0,location,spread,Quantile plot / five,384,soft,0.0018053205814775358,4
new_location_150_0,location,spread,Quantile plot / nineteen,256,hard,0.010201117990886568,4
new_location_150_0,location,spread,Quantile plot / nineteen,256,soft,0.010201117990886348,4
new_location_150_0,location,spread,Quantile plot / nineteen,384,hard,0.006054694701835159,4
new_location_150_0,location,spread,Quantile plot / nineteen,384,soft,0.0018053205814775358,4
new_location_150_0,location,spread,Violin plot / 64,256,hard,0.016556103908310492,4
new_location_150_0,location,spread,Violin plot / 64,256,soft,0.01886235873103778,4
new_location_150_0,location,spread,Violin plot / 64,384,hard,0.017314271238676716,4
new_location_150_0,location,spread,Violin plot / 64,384,soft,0.019180689247837748,4
new_location_150_1,location,five,Bar chart / means,256,hard,,0
new_location_150_1,location,five,Bar chart / means,256,soft,,0
new_location_150_1,location,five,Bar chart / means,384,hard,,0
new_location_150_1,location,five,Bar chart / means,384,soft,,0
new_location_150_1,location,five,Box plot / five,256,hard,0.34529018978647713,4
new_location_150_1,location,five,Box plot / five,256,soft,0.021050837831143664,4
new_location_150_1,location,five,Box plot / five,384,hard,0.34888063076096776,4
new_location_150_1,location,five,Box plot / five,384,soft,0.018837314174241383,4
new_location_150_1,location,five,Dot plot / raw,256,hard,0.01775048925083018,4
new_location_150_1,location,five,Dot plot / raw,256,soft,0.027815114219360764,4
new_location_150_1,location,five,Dot plot / raw,384,hard,0.028095818448775314,4
new_location_150_1,location,five,Dot plot / raw,384,soft,0.0198127257338604,4
new_location_150_1,location,five,ECDF / full,256,hard,0.01268784498719583,4
new_location_150_1,location,five,ECDF / full,256,soft,0.014012688216019819,4
new_location_150_1,location,five,ECDF / full,384,hard,0.009433487887418584,4
new_location_150_1,location,five,ECDF / full,384,soft,0.009787586763443514,4
new_location_150_1,location,five,Heatmap / 16,256,hard,0.03099714665267086,4
new_location_150_1,location,five,Heatmap / 16,256,soft,0.03099714665267086,4
new_location_150_1,location,five,Heatmap / 16,384,hard,0.03099714665267086,4
new_location_150_1,location,five,Heatmap / 16,384,soft,0.03099714665267086,4
new_location_150_1,location,five,Histogram / 16,256,hard,0.03506067117281904,4
new_location_150_1,location,five,Histogram / 16,256,soft,0.03417830017753961,4
new_location_150_1,location,five,Histogram / 16,384,hard,0.03374408435753693,4
new_location_150_1,location,five,Histogram / 16,384,soft,0.03316694709595121,4
new_location_150_1,location,five,Interval plot / five,256,hard,0.3419298675786456,4
new_location_150_1,location,five,Interval plot / five,256,soft,0.0203948794021758,4
new_location_150_1,location,five,Interval plot / five,384,hard,0.3457346027032242,4
new_location_150_1,location,five,Interval plot / five,384,soft,0.01863345025232625,4
new_location_150_1,location,five,Quantile plot / five,256,hard,0.00505733124585038,4
new_location_150_1,location,five,Quantile plot / five,256,soft,0.003890393143326707,4
new_location_150_1,location,five,Quantile plot / five,384,hard,0.0038075645043990918,4
new_location_150_1,location,five,Quantile plot / five,384,soft,0.002069206948776047,4
new_location_150_1,location,five,Quantile plot / nineteen,256,hard,0.00505733124585038,4
new_location_150_1,location,five,Quantile plot / nineteen,256,soft,0.003890393143326707,4
new_location_150_1,location,five,Quantile plot / nineteen,384,hard,0.0038075645043990918,4
new_location_150_1,location,five,Quantile plot / nineteen,384,soft,0.002069206948776047,4
new_location_150_1,location,five,Violin plot / 64,256,hard,0.047932649754483254,4
new_location_150_1,location,five,Violin plot / 64,256,soft,0.04723631210036198,4
new_location_150_1,location,five,Violin plot / 64,384,hard,0.0483290313286829,4
new_location_150_1,location,five,Violin plot / 64,384,soft,0.04781847293262549,4
new_location_150_1,location,median,Bar chart / means,256,hard,,0
new_location_150_1,location,median,Bar chart / means,256,soft,,0
new_location_150_1,location,median,Bar chart / means,384,hard,,0
new_location_150_1,location,median,Bar chart / means,384,soft,,0
new_location_150_1,location,median,Box plot / five,256,hard,0.008465225624307486,4
new_location_150_1,location,median,Box plot / five,256,soft,0.008465225624307486,4
new_location_150_1,location,median,Box plot / five,384,hard,0.005884705463004829,4
new_location_150_1,location,median,Box plot / five,384,soft,0.005884705463004829,4
new_location_150_1,location,median,Dot plot / raw,256,hard,0.022404944073663495,4
new_location_150_1,location,median,Dot plot / raw,256,soft,0.017130621590890478,4
new_location_150_1,location,median,Dot plot / raw,384,hard,0.017989087626542326,4
new_location_150_1,location,median,Dot plot / raw,384,soft,0.009290694602084357,4
new_location_150_1,location,median,ECDF / full,256,hard,0.0065815734574737874,4
new_location_150_1,location,median,ECDF / full,256,soft,0.0036549588067711523,4
new_location_150_1,location,median,ECDF / full,384,hard,0.010900875731330166,4
new_location_150_1,location,median,ECDF / full,384,soft,0.007151597557249773,4
new_location_150_1,location,median,Heatmap / 16,256,hard,0.008985010271918142,4
new_location_150_1,location,median,Heatmap / 16,256,soft,0.008985010271918142,4
new_location_150_1,location,median,Heatmap / 16,384,hard,0.008985010271918142,4
new_location_150_1,location,median,Heatmap / 16,384,soft,0.008985010271918142,4
new_location_150_1,location,median,Histogram / 16,256,hard,0.013156840558598747,4
new_location_150_1,location,median,Histogram / 16,256,soft,0.013334156184868065,4
new_location_150_1,location,median,Histogram / 16,384,hard,0.012726444894925961,4
new_location_150_1,location,median,Histogram / 16,384,soft,0.011796793106485617,4
new_location_150_1,location,median,Interval plot / five,256,hard,0.005185433479468215,4
new_location_150_1,location,median,Interval plot / five,256,soft,0.005185433479468215,4
new_location_150_1,location,median,Interval plot / five,384,hard,0.004865385853429711,4
new_location_150_1,location,median,Interval plot / five,384,soft,0.004865385853429711,4
new_location_150_1,location,median,Quantile plot / five,256,hard,0.005733315283939897,4
new_location_150_1,location,median,Quantile plot / five,256,soft,0.0040204187707445355,4
new_location_150_1,location,median,Quantile plot / five,384,hard,0.005222180816015084,4
new_location_150_1,location,median,Quantile plot / five,384,soft,0.0005790234631196622,4
new_location_150_1,location,median,Quantile plot / nineteen,256,hard,0.005733315283939897,4
new_location_150_1,location,median,Quantile plot / nineteen,256,soft,0.0040204187707445355,4
new_location_150_1,location,median,Quantile plot / nineteen,384,hard,0.005222180816015084,4
new_location_150_1,location,median,Quantile plot / nineteen,384,soft,0.0005790234631196622,4
new_location_150_1,location,median,Violin plot / 64,256,hard,0.03530101846386576,4
new_location_150_1,location,median,Violin plot / 64,256,soft,0.035472925506208015,4
new_location_150_1,location,median,Violin plot / 64,384,hard,0.03717961963279046,4
new_location_150_1,location,median,Violin plot / 64,384,soft,0.03699875598703392,4
new_location_150_1,location,spread,Bar chart / means,256,hard,,0
new_location_150_1,location,spread,Bar chart / means,256,soft,,0
new_location_150_1,location,spread,Bar chart / means,384,hard,,0
new_location_150_1,location,spread,Bar chart / means,384,soft,,0
new_location_150_1,location,spread,Box plot / five,256,hard,0.02344250964694323,4
new_location_150_1,location,spread,Box plot / five,256,soft,0.01601714624489448,4
new_location_150_1,location,spread,Box plot / five,384,hard,0.015829859425431504,4
new_location_150_1,location,spread,Box plot / five,384,soft,0.00655091550034838,4
new_location_150_1,location,spread,Dot plot / raw,256,hard,0.025739276813839255,4
new_location_150_1,location,spread,Dot plot / raw,256,soft,0.014944569588380405,4
new_location_150_1,location,spread,Dot plot / raw,384,hard,0.03522368309162288,4
new_location_150_1,location,spread,Dot plot / raw,384,soft,0.009652132526351692,4
new_location_150_1,location,spread,ECDF / full,256,hard,0.009758202283644999,4
new_location_150_1,location,spread,ECDF / full,256,soft,0.0015279073046720758,4
new_location_150_1,location,spread,ECDF / full,384,hard,0.007506637269251652,4
new_location_150_1,location,spread,ECDF / full,384,soft,0.006166808849626263,4
new_location_150_1,location,spread,Heatmap / 16,256,hard,0.10251965937472955,4
new_location_150_1,location,spread,Heatmap / 16,256,soft,0.10251965937472955,4
new_location_150_1,location,spread,Heatmap / 16,384,hard,0.10251965937472955,4
new_location_150_1,location,spread,Heatmap / 16,384,soft,0.10251965937472955,4
new_location_150_1,location,spread,Histogram / 16,256,hard,0.08328368398895751,4
new_location_150_1,location,spread,Histogram / 16,256,soft,0.09849021256929948,4
new_location_150_1,location,spread,Histogram / 16,384,hard,0.08794950581696587,4
new_location_150_1,location,spread,Histogram / 16,384,soft,0.09762657159413751,4
new_location_150_1,location,spread,Interval plot / five,256,hard,0.016017146244894916,4
new_location_150_1,location,spread,Interval plot / five,256,soft,0.01601714624489437,4
new_location_150_1,location,spread,Interval plot / five,384,hard,0.006550915500348817,4
new_location_150_1,location,spread,Interval plot / five,384,soft,0.00655091550034838,4
new_location_150_1,location,spread,Quantile plot / five,256,hard,0.008761862955380383,4
new_location_150_1,location,spread,Quantile plot / five,256,soft,0.006258943961249153,4
new_location_150_1,location,spread,Quantile plot / five,384,hard,0.004639471962541944,4
new_location_150_1,location,spread,Quantile plot / five,384,soft,0.0036837501936394356,4
new_location_150_1,location,spread,Quantile plot / nineteen,256,hard,0.008761862955380383,4
new_location_150_1,location,spread,Quantile plot / nineteen,256,soft,0.006258943961249153,4
new_location_150_1,location,spread,Quantile plot / nineteen,384,hard,0.004639471962541944,4
new_location_150_1,location,spread,Quantile plot / nineteen,384,soft,0.0036837501936394356,4
new_location_150_1,location,spread,Violin plot / 64,256,hard,0.1050036934316064,4
new_location_150_1,location,spread,Violin plot / 64,256,soft,0.10717651506837221,4
new_location_150_1,location,spread,Violin plot / 64,384,hard,0.10464941780604292,4
new_location_150_1,location,spread,Violin plot / 64,384,soft,0.10606787275777135,4
new_location_150_2,location,five,Bar chart / means,256,hard,,2
new_location_150_2,location,five,Bar chart / means,256,soft,0.11256430702745733,4
new_location_150_2,location,five,Bar chart / means,384,hard,0.11372442100596611,4
new_location_150_2,location,five,Bar chart / means,384,soft,0.11257393452935376,4
new_location_150_2,location,five,Box plot / five,256,hard,0.3073523446530521,4
new_location_150_2,location,five,Box plot / five,256,soft,0.044689483025094096,4
new_location_150_2,location,five,Box plot / five,384,hard,0.30992770141032217,4
new_location_150_2,location,five,Box plot / five,384,soft,0.04259274699408634,4
new_location_150_2,location,five,Dot plot / raw,256,hard,0.030448773998448017,4
new_location_150_2,location,five,Dot plot / raw,256,soft,0.04162906715483749,4
new_location_150_2,location,five,Dot plot / raw,384,hard,0.03674276682681415,4
new_location_150_2,location,five,Dot plot / raw,384,soft,0.03768029726868123,4
new_location_150_2,location,five,ECDF / full,256,hard,0.029230956646754302,4
new_location_150_2,location,five,ECDF / full,256,soft,0.028950278469575423,4
new_location_150_2,location,five,ECDF / full,384,hard,0.023576275426036256,4
new_location_150_2,location,five,ECDF / full,384,soft,0.02190191810494952,4
new_location_150_2,location,five,Heatmap / 16,256,hard,0.05492078608340078,4
new_location_150_2,location,five,Heatmap / 16,256,soft,0.05492078608340078,4
new_location_150_2,location,five,Heatmap / 16,384,hard,0.05492078608340078,4
new_location_150_2,location,five,Heatmap / 16,384,soft,0.05492078608340078,4
new_location_150_2,location,five,Histogram / 16,256,hard,0.05587306303657921,4
new_location_150_2,location,five,Histogram / 16,256,soft,0.052806895787380126,4
new_location_150_2,location,five,Histogram / 16,384,hard,0.05421633475908296,4
new_location_150_2,location,five,Histogram / 16,384,soft,0.05256705059044614,4
new_location_150_2,location,five,Interval plot / five,256,hard,0.3083558900012369,4
new_location_150_2,location,five,Interval plot / five,256,soft,0.04468948302509404,4
new_location_150_2,location,five,Interval plot / five,384,hard,0.30864099793938327,4
new_location_150_2,location,five,Interval plot / five,384,soft,0.042592746994086376,4
new_location_150_2,location,five,Quantile plot / five,256,hard,0.006172373058711158,4
new_location_150_2,location,five,Quantile plot / five,256,soft,0.003032217952829674,4
new_location_150_2,location,five,Quantile plot / five,384,hard,0.0036853793526593044,4
new_location_150_2,location,five,Quantile plot / five,384,soft,0.0021471666249989873,4
new_location_150_2,location,five,Quantile plot / nineteen,256,hard,0.006172373058711158,4
new_location_150_2,location,five,Quantile plot / nineteen,256,soft,0.003032217952829674,4
new_location_150_2,location,five,Quantile plot / nineteen,384,hard,0.0036853793526593044,4
new_location_150_2,location,five,Quantile plot / nineteen,384,soft,0.0021471666249989873,4
new_location_150_2,location,five,Violin plot / 64,256,hard,0.03271218316141666,4
new_location_150_2,location,five,Violin plot / 64,256,soft,0.032308420362874436,4
new_location_150_2,location,five,Violin plot / 64,384,hard,0.032660412640469545,4
new_location_150_2,location,five,Violin plot / 64,384,soft,0.03238448309026294,4
new_location_150_2,location,median,Bar chart / means,256,hard,,2
new_location_150_2,location,median,Bar chart / means,256,soft,0.0384553973238143,4
new_location_150_2,location,median,Bar chart / means,384,hard,0.044255967216358154,4
new_location_150_2,location,median,Bar chart / means,384,soft,0.03850353483329643,4
new_location_150_2,location,median,Box plot / five,256,hard,0.0031224653642574324,4
new_location_150_2,location,median,Box plot / five,256,soft,0.0031224653642574324,4
new_location_150_2,location,median,Box plot / five,384,hard,0.003988940534927709,4
new_location_150_2,location,median,Box plot / five,384,soft,0.003988940534927709,4
new_location_150_2,location,median,Dot plot / raw,256,hard,0.02143109652969582,4
new_location_150_2,location,median,Dot plot / raw,256,soft,0.02288291846914895,4
new_location_150_2,location,median,Dot plot / raw,384,hard,0.024787009392157392,4
new_location_150_2,location,median,Dot plot / raw,384,soft,0.011554270373865479,4
new_location_150_2,location,median,ECDF / full,256,hard,0.011955698354146851,4
new_location_150_2,location,median,ECDF / full,256,soft,0.020996574819210967,4
new_location_150_2,location,median,ECDF / full,384,hard,0.004870686458994513,4
new_location_150_2,location,median,ECDF / full,384,soft,0.0037995371304624568,4
new_location_150_2,location,median,Heatmap / 16,256,hard,0.04697735933986483,4
new_location_150_2,location,median,Heatmap / 16,256,soft,0.04697735933986483,4
new_location_150_2,location,median,Heatmap / 16,384,hard,0.04697735933986483,4
new_location_150_2,location,median,Heatmap / 16,384,soft,0.04697735933986483,4
new_location_150_2,location,median,Histogram / 16,256,hard,0.036578006196746206,4
new_location_150_2,location,median,Histogram / 16,256,soft,0.040544181067183355,4
new_location_150_2,location,median,Histogram / 16,384,hard,0.03789452232155434,4
new_location_150_2,location,median,Histogram / 16,384,soft,0.04045082829306797,4
new_location_150_2,location,median,Interval plot / five,256,hard,0.0031224653642574324,4
new_location_150_2,location,median,Interval plot / five,256,soft,0.0031224653642574324,4
new_location_150_2,location,median,Interval plot / five,384,hard,0.003988940534927709,4
new_location_150_2,location,median,Interval plot / five,384,soft,0.003988940534927709,4
new_location_150_2,location,median,Quantile plot / five,256,hard,0.003916761479432534,4
new_location_150_2,location,median,Quantile plot / five,256,soft,0.0031224653642572295,4
new_location_150_2,location,median,Quantile plot / five,384,hard,0.003988940534927709,4
new_location_150_2,location,median,Quantile plot / five,384,soft,0.0039889405349271,4
new_location_150_2,location,median,Quantile plot / nineteen,256,hard,0.003916761479432534,4
new_location_150_2,location,median,Quantile plot / nineteen,256,soft,0.0031224653642572295,4
new_location_150_2,location,median,Quantile plot / nineteen,384,hard,0.003988940534927709,4
new_location_150_2,location,median,Quantile plot / nineteen,384,soft,0.0039889405349271,4
new_location_150_2,location,median,Violin plot / 64,256,hard,0.00967847675268477,4
new_location_150_2,location,median,Violin plot / 64,256,soft,0.00933542167219272,4
new_location_150_2,location,median,Violin plot / 64,384,hard,0.010757009901679236,4
new_location_150_2,location,median,Violin plot / 64,384,soft,0.010577076412267341,4
new_location_150_2,location,spread,Bar chart / means,256,hard,,2
new_location_150_2,location,spread,Bar chart / means,256,soft,0.27149914998257296,4
new_location_150_2,location,spread,Bar chart / means,384,hard,0.27149914998257296,4
new_location_150_2,location,spread,Bar chart / means,384,soft,0.27149914998257296,4
new_location_150_2,location,spread,Box plot / five,256,hard,0.01116430569388641,4
new_location_150_2,location,spread,Box plot / five,256,soft,0.02324861882672174,4
new_location_150_2,location,spread,Box plot / five,384,hard,0.010370036787438319,4
new_location_150_2,location,spread,Box plot / five,384,soft,0.008061234585249615,4
new_location_150_2,location,spread,Dot plot / raw,256,hard,0.022943494992201233,4
new_location_150_2,location,spread,Dot plot / raw,256,soft,0.01573112190994682,4
new_location_150_2,location,spread,Dot plot / raw,384,hard,0.03923156692670404,4
new_location_150_2,location,spread,Dot plot / raw,384,soft,0.012773857263331367,4
new_location_150_2,location,spread,ECDF / full,256,hard,0.020917546122725054,4
new_location_150_2,location,spread,ECDF / full,256,soft,0.01429646817583558,4
new_location_150_2,location,spread,ECDF / full,384,hard,0.015515908936338528,4
new_location_150_2,location,spread,ECDF / full,384,soft,0.01305177484968162,4
new_location_150_2,location,spread,Heatmap / 16,256,hard,0.011138037812253641,4
new_location_150_2,location,spread,Heatmap / 16,256,soft,0.011138037812253641,4
new_location_150_2,location,spread,Heatmap / 16,384,hard,0.011138037812253641,4
new_location_150_2,location,spread,Heatmap / 16,384,soft,0.011138037812253641,4
new_location_150_2,location,spread,Histogram / 16,256,hard,0.023498583290044096,4
new_location_150_2,location,spread,Histogram / 16,256,soft,0.023164544419017316,4
new_location_150_2,location,spread,Histogram / 16,384,hard,0.02488697507185888,4
new_location_150_2,location,spread,Histogram / 16,384,soft,0.024662342450595655,4
new_location_150_2,location,spread,Interval plot / five,256,hard,0.02324861882672174,4
new_location_150_2,location,spread,Interval plot / five,256,soft,0.02324861882672174,4
new_location_150_2,location,spread,Interval plot / five,384,hard,0.008061234585249615,4
new_location_150_2,location,spread,Interval plot / five,384,soft,0.008061234585249717,4
new_location_150_2,location,spread,Quantile plot / five,256,hard,0.010121372468415176,4
new_location_150_2,location,spread,Quantile plot / five,256,soft,0.006502160285893241,4
new_location_150_2,location,spread,Quantile plot / five,384,hard,0.006008096044530868,4
new_location_150_2,location,spread,Quantile plot / five,384,soft,0.001134827978685131,4
new_location_150_2,location,spread,Quantile plot / nineteen,256,hard,0.010121372468415176,4
new_location_150_2,location,spread,Quantile plot / nineteen,256,soft,0.006502160285893241,4
new_location_150_2,location,spread,Quantile plot / nineteen,384,hard,0.006008096044530868,4
new_location_150_2,location,spread,Quantile plot / nineteen,384,soft,0.001134827978685131,4
new_location_150_2,location,spread,Violin plot / 64,256,hard,0.07120940919517108,4
new_location_150_2,location,spread,Violin plot / 64,256,soft,0.07338867108440678,4
new_location_150_2,location,spread,Violin plot / 64,384,hard,0.0728135894871949,4
new_location_150_2,location,spread,Violin plot / 64,384,soft,0.07396746268390583,4
new_location_30_0,location,five,Bar chart / means,256,hard,0.23484512268244587,4
new_location_30_0,location,five,Bar chart / means,256,soft,0.239122559660317,4
new_location_30_0,location,five,Bar chart / means,384,hard,0.23483488050672652,4
new_location_30_0,location,five,Bar chart / means,384,soft,0.23605882050518756,4
new_location_30_0,location,five,Box plot / five,256,hard,0.30180243664421563,4
new_location_30_0,location,five,Box plot / five,256,soft,0.15296513792989105,4
new_location_30_0,location,five,Box plot / five,384,hard,0.303695159975934,4
new_location_30_0,location,five,Box plot / five,384,soft,0.15187431547456584,4
new_location_30_0,location,five,Dot plot / raw,256,hard,0.066316058880402,4
new_location_30_0,location,five,Dot plot / raw,256,soft,0.06472218320831744,4
new_location_30_0,location,five,Dot plot / raw,384,hard,0.08586949664381449,4
new_location_30_0,location,five,Dot plot / raw,384,soft,0.04635065441524376,4
new_location_30_0,location,five,ECDF / full,256,hard,0.06010449510562489,4
new_location_30_0,location,five,ECDF / full,256,soft,0.053135108751696365,4
new_location_30_0,location,five,ECDF / full,384,hard,0.060467153345161104,4
new_location_30_0,location,five,ECDF / full,384,soft,0.05377452968940182,4
new_location_30_0,location,five,Heatmap / 16,256,hard,0.12215367743383616,4
new_location_30_0,location,five,Heatmap / 16,256,soft,0.12215367743383616,4
new_location_30_0,location,five,Heatmap / 16,384,hard,0.12215367743383616,4
new_location_30_0,location,five,Heatmap / 16,384,soft,0.12215367743383616,4
new_location_30_0,location,five,Histogram / 16,256,hard,0.11898847637034446,4
new_location_30_0,location,five,Histogram / 16,256,soft,0.12060525858766943,4
new_location_30_0,location,five,Histogram / 16,384,hard,0.11779656247736471,4
new_location_30_0,location,five,Histogram / 16,384,soft,0.11890245162776483,4
new_location_30_0,location,five,Interval plot / five,256,hard,0.298825380458987,4
new_location_30_0,location,five,Interval plot / five,256,soft,0.1522291193880825,4
new_location_30_0,location,five,Interval plot / five,384,hard,0.3024189352852757,4
new_location_30_0,location,five,Interval plot / five,384,soft,0.15187431547456576,4
new_location_30_0,location,five,Quantile plot / five,256,hard,0.005782720991258711,4
new_location_30_0,location,five,Quantile plot / five,256,soft,0.0028024309507482968,4
new_location_30_0,location,five,Quantile plot / five,384,hard,0.00293946921204319,4
new_location_30_0,location,five,Quantile plot / five,384,soft,0.0011995817677251655,4
new_location_30_0,location,five,Quantile plot / nineteen,256,hard,0.005782720991258711,4
new_location_30_0,location,five,Quantile plot / nineteen,256,soft,0.0028024309507482968,4
new_location_30_0,location,five,Quantile plot / nineteen,384,hard,0.00293946921204319,4
new_location_30_0,location,five,Quantile plot / nineteen,384,soft,0.0011995817677251655,4
new_location_30_0,location,five,Violin plot / 64,256,hard,0.17525848694296486,4
new_location_30_0,location,five,Violin plot / 64,256,soft,0.17463821028050763,4
new_location_30_0,location,five,Violin plot / 64,384,hard,0.17310306036283019,4
new_location_30_0,location,five,Violin plot / 64,384,soft,0.17296260291727078,4
new_location_30_0,location,median,Bar chart / means,256,hard,0.013608807556251766,4
new_location_30_0,location,median,Bar chart / means,256,soft,0.01620160000061962,4
new_location_30_0,location,median,Bar chart / means,384,hard,0.013660018434848625,4
new_location_30_0,location,median,Bar chart / means,384,soft,0.007540318442543336,4
new_location_30_0,location,median,Box plot / five,256,hard,0.009258775240756459,4
new_location_30_0,location,median,Box plot / five,256,soft,0.009258775240756459,4
new_location_30_0,location,median,Box plot / five,384,hard,0.0014206184502382597,4
new_location_30_0,location,median,Box plot / five,384,soft,0.0014206184502382597,4
new_location_30_0,location,median,Dot plot / raw,256,hard,0.03634254737223724,4
new_location_30_0,location,median,Dot plot / raw,256,soft,0.021118741781877334,4
new_location_30_0,location,median,Dot plot / raw,384,hard,0.05546891757243299,4
new_location_30_0,location,median,Dot plot / raw,384,soft,0.02418203014265111,4
new_location_30_0,location,median,ECDF / full,256,hard,0.05217156600120488,4
new_location_30_0,location,median,ECDF / full,256,soft,0.026869819985898033,4
new_location_30_0,location,median,ECDF / full,384,hard,0.05365668148050903,4
new_location_30_0,location,median,ECDF / full,384,soft,0.019186999273858498,4
new_location_30_0,location,median,Heatmap / 16,256,hard,0.16583618207475248,4
new_location_30_0,location,median,Heatmap / 16,256,soft,0.16583618207475248,4
new_location_30_0,location,median,Heatmap / 16,384,hard,0.16583618207475248,4
new_location_30_0,location,median,Heatmap / 16,384,soft,0.16583618207475248,4
new_location_30_0,location,median,Histogram / 16,256,hard,0.16560681831891338,4
new_location_30_0,location,median,Histogram / 16,256,soft,0.16142912133755913,4
new_location_30_0,location,median,Histogram / 16,384,hard,0.16567983059801805,4
new_location_30_0,location,median,Histogram / 16,384,soft,0.16297755590845886,4
new_location_30_0,location,median,Interval plot / five,256,hard,0.005578682531713586,4
new_location_30_0,location,median,Interval plot / five,256,soft,0.005578682531713586,4
new_location_30_0,location,median,Interval plot / five,384,hard,0.0014206184502382597,4
new_location_30_0,location,median,Interval plot / five,384,soft,0.0014206184502382597,4
new_location_30_0,location,median,Quantile plot / five,256,hard,0.006177924029959833,4
new_location_30_0,location,median,Quantile plot / five,256,soft,0.0042116113337572255,4
new_location_30_0,location,median,Quantile plot / five,384,hard,0.002342229223067389,4
new_location_30_0,location,median,Quantile plot / five,384,soft,0.0014206184502380459,4
new_location_30_0,location,median,Quantile plot / nineteen,256,hard,0.006177924029959833,4
new_location_30_0,location,median,Quantile plot / nineteen,256,soft,0.0042116113337572255,4
new_location_30_0,location,median,Quantile plot / nineteen,384,hard,0.002342229223067389,4
new_location_30_0,location,median,Quantile plot / nineteen,384,soft,0.0014206184502380459,4
new_location_30_0,location,median,Violin plot / 64,256,hard,0.11623752351809678,4
new_location_30_0,location,median,Violin plot / 64,256,soft,0.11665571475679781,4
new_location_30_0,location,median,Violin plot / 64,384,hard,0.11422408001107834,4
new_location_30_0,location,median,Violin plot / 64,384,soft,0.11485514345139138,4
new_location_30_0,location,spread,Bar chart / means,256,hard,0.3456739264879898,4
new_location_30_0,location,spread,Bar chart / means,256,soft,0.3456739264879898,4
new_location_30_0,location,spread,Bar chart / means,384,hard,0.3456739264879898,4
new_location_30_0,location,spread,Bar chart / means,384,soft,0.3456739264879898,4
new_location_30_0,location,spread,Box plot / five,256,hard,0.016772058700704525,4
new_location_30_0,location,spread,Box plot / five,256,soft,0.013084627461599264,4
new_location_30_0,location,spread,Box plot / five,384,hard,0.009090426911199578,4
new_location_30_0,location,spread,Box plot / five,384,soft,0.007605063451752381,4
new_location_30_0,location,spread,Dot plot / raw,256,hard,0.06443965223445702,4
new_location_30_0,location,spread,Dot plot / raw,256,soft,0.01852950273339125,4
new_location_30_0,location,spread,Dot plot / raw,384,hard,0.07905311518256802,4
new_location_30_0,location,spread,Dot plot / raw,384,soft,0.04512016263075049,4
new_location_30_0,location,spread,ECDF / full,256,hard,0.044963647368185686,4
new_location_30_0,location,spread,ECDF / full,256,soft,0.04488271926086785,4
new_location_30_0,location,spread,ECDF / full,384,hard,0.05192832685733554,4
new_location_30_0,location,spread,ECDF / full,384,soft,0.05192832685733661,4
new_location_30_0,location,spread,Heatmap / 16,256,hard,0.12983724832585844,4
new_location_30_0,location,spread,Heatmap / 16,256,soft,0.12983724832585844,4
new_location_30_0,location,spread,Heatmap / 16,384,hard,0.12983724832585844,4
new_location_30_0,location,spread,Heatmap / 16,384,soft,0.12983724832585844,4
new_location_30_0,location,spread,Histogram / 16,256,hard,0.10079508143202866,4
new_location_30_0,location,spread,Histogram / 16,256,soft,0.1164527528525923,4
new_location_30_0,location,spread,Histogram / 16,384,hard,0.09702654192308133,4
new_location_30_0,location,spread,Histogram / 16,384,soft,0.10700192662597013,4
new_location_30_0,location,spread,Interval plot / five,256,hard,0.013084627461599264,4
new_location_30_0,location,spread,Interval plot / five,256,soft,0.013084627461598837,4
new_location_30_0,location,spread,Interval plot / five,384,hard,0.007605063451752381,4
new_location_30_0,location,spread,Interval plot / five,384,soft,0.0076050634517521665,4
new_location_30_0,location,spread,Quantile plot / five,256,hard,0.009814849387938253,4
new_location_30_0,location,spread,Quantile plot / five,256,soft,0.002022333744283915,4
new_location_30_0,location,spread,Quantile plot / five,384,hard,0.005586289864994671,4
new_location_30_0,location,spread,Quantile plot / five,384,soft,0.003148973073410254,4
new_location_30_0,location,spread,Quantile plot / nineteen,256,hard,0.009814849387938253,4
new_location_30_0,location,spread,Quantile plot / nineteen,256,soft,0.002022333744283915,4
new_location_30_0,location,spread,Quantile plot / nineteen,384,hard,0.005586289864994671,4
new_location_30_0,location,spread,Quantile plot / nineteen,384,soft,0.003148973073410254,4
new_location_30_0,location,spread,Violin plot / 64,256,hard,0.1969292708548878,4
new_location_30_0,location,spread,Violin plot / 64,256,soft,0.19572021003772921,4
new_location_30_0,location,spread,Violin plot / 64,384,hard,0.19685337871298766,4
new_location_30_0,location,spread,Violin plot / 64,384,soft,0.19635553158136615,4
new_location_30_1,location,five,Bar chart / means,256,hard,0.16300507583537152,4
new_location_30_1,location,five,Bar chart / means,256,soft,0.15402112509647908,4
new_location_30_1,location,five,Bar chart / means,384,hard,0.15871599728087588,4
new_location_30_1,location,five,Bar chart / means,384,soft,0.14757872393433025,4
new_location_30_1,location,five,Box plot / five,256,hard,0.2656686955115351,4
new_location_30_1,location,five,Box plot / five,256,soft,0.10399031519278762,4
new_location_30_1,location,five,Box plot / five,384,hard,0.26821042643916687,4
new_location_30_1,location,five,Box plot / five,384,soft,0.10256241281639576,4
new_location_30_1,location,five,Dot plot / raw,256,hard,0.08407537489822767,4
new_location_30_1,location,five,Dot plot / raw,256,soft,0.07624863384309556,4
new_location_30_1,location,five,Dot plot / raw,384,hard,0.0871885437554417,4
new_location_30_1,location,five,Dot plot / raw,384,soft,0.06353237476443917,4
new_location_30_1,location,five,ECDF / full,256,hard,0.07151967740056922,4
new_location_30_1,location,five,ECDF / full,256,soft,0.07081623431665329,4
new_location_30_1,location,five,ECDF / full,384,hard,0.06052604179930181,4
new_location_30_1,location,five,ECDF / full,384,soft,0.07014857668381136,4
new_location_30_1,location,five,Heatmap / 16,256,hard,0.04928758654061435,4
new_location_30_1,location,five,Heatmap / 16,256,soft,0.04928758654061435,4
new_location_30_1,location,five,Heatmap / 16,384,hard,0.04928758654061435,4
new_location_30_1,location,five,Heatmap / 16,384,soft,0.04928758654061435,4
new_location_30_1,location,five,Histogram / 16,256,hard,0.05380600292772052,4
new_location_30_1,location,five,Histogram / 16,256,soft,0.04991757685301766,4
new_location_30_1,location,five,Histogram / 16,384,hard,0.05583601203475631,4
new_location_30_1,location,five,Histogram / 16,384,soft,0.053100525822239446,4
new_location_30_1,location,five,Interval plot / five,256,hard,0.2623932496690145,4
new_location_30_1,location,five,Interval plot / five,256,soft,0.10366920708948979,4
new_location_30_1,location,five,Interval plot / five,384,hard,0.26535905043431735,4
new_location_30_1,location,five,Interval plot / five,384,soft,0.10227165845539211,4
new_location_30_1,location,five,Quantile plot / five,256,hard,0.006618250228738262,4
new_location_30_1,location,five,Quantile plot / five,256,soft,0.003949136509120436,4
new_location_30_1,location,five,Quantile plot / five,384,hard,0.004172345218244751,4
new_location_30_1,location,five,Quantile plot / five,384,soft,0.0019764433706249947,4
new_location_30_1,location,five,Quantile plot / nineteen,256,hard,0.006618250228738262,4
new_location_30_1,location,five,Quantile plot / nineteen,256,soft,0.003949136509120436,4
new_location_30_1,location,five,Quantile plot / nineteen,384,hard,0.004172345218244751,4
new_location_30_1,location,five,Quantile plot / nineteen,384,soft,0.0019764433706249947,4
new_location_30_1,location,five,Violin plot / 64,256,hard,0.07779444972818997,4
new_location_30_1,location,five,Violin plot / 64,256,soft,0.07758016274189769,4
new_location_30_1,location,five,Violin plot / 64,384,hard,0.07754723168395938,4
new_location_30_1,location,five,Violin plot / 64,384,soft,0.07727705881221097,4
new_location_30_1,location,median,Bar chart / means,256,hard,0.2316470055169518,4
new_location_30_1,location,median,Bar chart / means,256,soft,0.2512425663292387,4
new_location_30_1,location,median,Bar chart / means,384,hard,0.23898866658422466,4
new_location_30_1,location,median,Bar chart / means,384,soft,0.25813037925780735,4
new_location_30_1,location,median,Box plot / five,256,hard,0.009653458807386233,4
new_location_30_1,location,median,Box plot / five,256,soft,0.009653458807386233,4
new_location_30_1,location,median,Box plot / five,384,hard,0.006380570891193938,4
new_location_30_1,location,median,Box plot / five,384,soft,0.006380570891193938,4
new_location_30_1,location,median,Dot plot / raw,256,hard,0.010010810120581031,4
new_location_30_1,location,median,Dot plot / raw,256,soft,0.005168801939724917,4
new_location_30_1,location,median,Dot plot / raw,384,hard,0.027043737629185376,4
new_location_30_1,location,median,Dot plot / raw,384,soft,0.003690983394275697,4
new_location_30_1,location,median,ECDF / full,256,hard,0.017845698697040918,4
new_location_30_1,location,median,ECDF / full,256,soft,0.007971782566127265,4
new_location_30_1,location,median,ECDF / full,384,hard,0.015668685392425923,4
new_location_30_1,location,median,ECDF / full,384,soft,0.004330992726348175,4
new_location_30_1,location,median,Heatmap / 16,256,hard,0.04930565749290399,4
new_location_30_1,location,median,Heatmap / 16,256,soft,0.04930565749290399,4
new_location_30_1,location,median,Heatmap / 16,384,hard,0.04930565749290399,4
new_location_30_1,location,median,Heatmap / 16,384,soft,0.04930565749290399,4
new_location_30_1,location,median,Histogram / 16,256,hard,0.04637979889027684,4
new_location_30_1,location,median,Histogram / 16,256,soft,0.042212151970751656,4
new_location_30_1,location,median,Histogram / 16,384,hard,0.04619973288008125,4
new_location_30_1,location,median,Histogram / 16,384,soft,0.043485871935045134,4
new_location_30_1,location,median,Interval plot / five,256,hard,0.008047918290897262,4
new_location_30_1,location,median,Interval plot / five,256,soft,0.008047918290897262,4
new_location_30_1,location,median,Interval plot / five,384,hard,0.004926799086175595,4
new_location_30_1,location,median,Interval plot / five,384,soft,0.004926799086175595,4
new_location_30_1,location,median,Quantile plot / five,256,hard,0.008047918290897262,4
new_location_30_1,location,median,Quantile plot / five,256,soft,0.006298056175651549,4
new_location_30_1,location,median,Quantile plot / five,384,hard,0.004926799086175595,4
new_location_30_1,location,median,Quantile plot / five,384,soft,0.003473027281157025,4
new_location_30_1,location,median,Quantile plot / nineteen,256,hard,0.008047918290897262,4
new_location_30_1,location,median,Quantile plot / nineteen,256,soft,0.006298056175651549,4
new_location_30_1,location,median,Quantile plot / nineteen,384,hard,0.004926799086175595,4
new_location_30_1,location,median,Quantile plot / nineteen,384,soft,0.003473027281157025,4
new_location_30_1,location,median,Violin plot / 64,256,hard,0.10154257809351189,4
new_location_30_1,location,median,Violin plot / 64,256,soft,0.09942656229595605,4
new_location_30_1,location,median,Violin plot / 64,384,hard,0.10079964077317882,4
new_location_30_1,location,median,Violin plot / 64,384,soft,0.09947436519876335,4
new_location_30_1,location,spread,Bar chart / means,256,hard,0.01655648387122915,4
new_location_30_1,location,spread,Bar chart / means,256,soft,0.01655648387122915,4
new_location_30_1,location,spread,Bar chart / means,384,hard,0.01655648387122915,4
new_location_30_1,location,spread,Bar chart / means,384,soft,0.01655648387122915,4
new_location_30_1,location,spread,Box plot / five,256,hard,0.026354264277372242,4
new_location_30_1,location,spread,Box plot / five,256,soft,0.018076022341757668,4
new_location_30_1,location,spread,Box plot / five,384,hard,0.021039383718002905,4
new_location_30_1,location,spread,Box plot / five,384,soft,0.012761141782388557,4
new_location_30_1,location,spread,Dot plot / raw,256,hard,0.10377445192855597,4
new_location_30_1,location,spread,Dot plot / raw,256,soft,0.019500501677612324,4
new_location_30_1,location,spread,Dot plot / raw,384,hard,0.07258783626930278,4
new_location_30_1,location,spread,Dot plot / raw,384,soft,0.010025150657935206,4
new_location_30_1,location,spread,ECDF / full,256,hard,0.032432418159488906,4
new_location_30_1,location,spread,ECDF / full,256,soft,0.03244508744051758,4
new_location_30_1,location,spread,ECDF / full,384,hard,0.02810751236713182,4
new_location_30_1,location,spread,ECDF / full,384,soft,0.028107512367130005,4
new_location_30_1,location,spread,Heatmap / 16,256,hard,0.06299741341049828,4
new_location_30_1,location,spread,Heatmap / 16,256,soft,0.06299741341049828,4
new_location_30_1,location,spread,Heatmap / 16,384,hard,0.06299741341049828,4
new_location_30_1,location,spread,Heatmap / 16,384,soft,0.06299741341049828,4
new_location_30_1,location,spread,Histogram / 16,256,hard,0.06669224071530444,4
new_location_30_1,location,spread,Histogram / 16,256,soft,0.06172926221274548,4
new_location_30_1,location,spread,Histogram / 16,384,hard,0.06936014722443698,4
new_location_30_1,location,spread,Histogram / 16,384,soft,0.0662153453368676,4
new_location_30_1,location,spread,Interval plot / five,256,hard,0.01807602234175812,4
new_location_30_1,location,spread,Interval plot / five,256,soft,0.018076022341757664,4
new_location_30_1,location,spread,Interval plot / five,384,hard,0.012761141782388557,4
new_location_30_1,location,spread,Interval plot / five,384,soft,0.012761141782388557,4
new_location_30_1,location,spread,Quantile plot / five,256,hard,0.0071895996682647765,4
new_location_30_1,location,spread,Quantile plot / five,256,soft,0.006758703465086514,4
new_location_30_1,location,spread,Quantile plot / five,384,hard,0.003795342088841161,4
new_location_30_1,location,spread,Quantile plot / five,384,soft,0.003795342088840254,4
new_location_30_1,location,spread,Quantile plot / nineteen,256,hard,0.0071895996682647765,4
new_location_30_1,location,spread,Quantile plot / nineteen,256,soft,0.006758703465086514,4
new_location_30_1,location,spread,Quantile plot / nineteen,384,hard,0.003795342088841161,4
new_location_30_1,location,spread,Quantile plot / nineteen,384,soft,0.003795342088840254,4
new_location_30_1,location,spread,Violin plot / 64,256,hard,0.13401457219580476,4
new_location_30_1,location,spread,Violin plot / 64,256,soft,0.13252253568403838,4
new_location_30_1,location,spread,Violin plot / 64,384,hard,0.13312046489480536,4
new_location_30_1,location,spread,Violin plot / 64,384,soft,0.13184596017894618,4
new_location_30_2,location,five,Bar chart / means,256,hard,0.3132410814446493,4
new_location_30_2,location,five,Bar chart / means,256,soft,0.3078548774514521,4
new_location_30_2,location,five,Bar chart / means,384,hard,0.3105993465161059,4
new_location_30_2,location,five,Bar chart / means,384,soft,0.3070917095832064,4
new_location_30_2,location,five,Box plot / five,256,hard,0.13534908887378316,4
new_location_30_2,location,five,Box plot / five,256,soft,0.15529113587640042,4
new_location_30_2,location,five,Box plot / five,384,hard,0.13436528297990885,4
new_location_30_2,location,five,Box plot / five,384,soft,0.15436213619791248,4
new_location_30_2,location,five,Dot plot / raw,256,hard,0.026042870679713687,4
new_location_30_2,location,five,Dot plot / raw,256,soft,0.043301464273800674,4
new_location_30_2,location,five,Dot plot / raw,384,hard,0.05270565726704912,4
new_location_30_2,location,five,Dot plot / raw,384,soft,0.041506036084231625,4
new_location_30_2,location,five,ECDF / full,256,hard,0.039120946676085434,4
new_location_30_2,location,five,ECDF / full,256,soft,0.033391394896675114,4
new_location_30_2,location,five,ECDF / full,384,hard,0.04005140327343079,4
new_location_30_2,location,five,ECDF / full,384,soft,0.030338238867609578,4
new_location_30_2,location,five,Heatmap / 16,256,hard,0.07952118060029462,4
new_location_30_2,location,five,Heatmap / 16,256,soft,0.07952118060029462,4
new_location_30_2,location,five,Heatmap / 16,384,hard,0.07952118060029462,4
new_location_30_2,location,five,Heatmap / 16,384,soft,0.07952118060029462,4
new_location_30_2,location,five,Histogram / 16,256,hard,0.07721847325075804,4
new_location_30_2,location,five,Histogram / 16,256,soft,0.07438061576842189,4
new_location_30_2,location,five,Histogram / 16,384,hard,0.07735694060635048,4
new_location_30_2,location,five,Histogram / 16,384,soft,0.07700951683565725,4
new_location_30_2,location,five,Interval plot / five,256,hard,0.13182018689476277,4
new_location_30_2,location,five,Interval plot / five,256,soft,0.15458887970049998,4
new_location_30_2,location,five,Interval plot / five,384,hard,0.1342615956700045,4
new_location_30_2,location,five,Interval plot / five,384,soft,0.15436213619791256,4
new_location_30_2,location,five,Quantile plot / five,256,hard,0.006054257020400373,4
new_location_30_2,location,five,Quantile plot / five,256,soft,0.0047958704041946255,4
new_location_30_2,location,five,Quantile plot / five,384,hard,0.004292744105209767,4
new_location_30_2,location,five,Quantile plot / five,384,soft,0.002749552822915253,4
new_location_30_2,location,five,Quantile plot / nineteen,256,hard,0.006054257020400373,4
new_location_30_2,location,five,Quantile plot / nineteen,256,soft,0.0047958704041946255,4
new_location_30_2,location,five,Quantile plot / nineteen,384,hard,0.004292744105209767,4
new_location_30_2,location,five,Quantile plot / nineteen,384,soft,0.002749552822915253,4
new_location_30_2,location,five,Violin plot / 64,256,hard,0.22957413479024402,4
new_location_30_2,location,five,Violin plot / 64,256,soft,0.22972056723852805,4
new_location_30_2,location,five,Violin plot / 64,384,hard,0.23011225035022456,4
new_location_30_2,location,five,Violin plot / 64,384,soft,0.23019171081374049,4
new_location_30_2,location,median,Bar chart / means,256,hard,0.21375817798522373,4
new_location_30_2,location,median,Bar chart / means,256,soft,0.24068919795120955,4
new_location_30_2,location,median,Bar chart / means,384,hard,0.22696685262794086,4
new_location_30_2,location,median,Bar chart / means,384,soft,0.2445050372924382,4
new_location_30_2,location,median,Box plot / five,256,hard,0.008844775078496821,4
new_location_30_2,location,median,Box plot / five,256,soft,0.008844775078496821,4
new_location_30_2,location,median,Box plot / five,384,hard,0.001029548010524859,4
new_location_30_2,location,median,Box plot / five,384,soft,0.001029548010524859,4
new_location_30_2,location,median,Dot plot / raw,256,hard,0.0178146504661015,4
new_location_30_2,location,median,Dot plot / raw,256,soft,0.011217006018282318,4
new_location_30_2,location,median,Dot plot / raw,384,hard,0.040373965462141004,4
new_location_30_2,location,median,Dot plot / raw,384,soft,0.00941864790310331,4
new_location_30_2,location,median,ECDF / full,256,hard,0.03421804487865265,4
new_location_30_2,location,median,ECDF / full,256,soft,0.015712195642161933,4
new_location_30_2,location,median,ECDF / full,384,hard,0.03989288287330217,4
new_location_30_2,location,median,ECDF / full,384,soft,0.013777744037188875,4
new_location_30_2,location,median,Heatmap / 16,256,hard,0.028659607618231456,4
new_location_30_2,location,median,Heatmap / 16,256,soft,0.028659607618231456,4
new_location_30_2,location,median,Heatmap / 16,384,hard,0.028659607618231456,4
new_location_30_2,location,median,Heatmap / 16,384,soft,0.028659607618231456,4
new_location_30_2,location,median,Histogram / 16,256,hard,0.014284211029693602,4
new_location_30_2,location,median,Histogram / 16,256,soft,0.024065101774591542,4
new_location_30_2,location,median,Histogram / 16,384,hard,0.014621633873463793,4
new_location_30_2,location,median,Histogram / 16,384,soft,0.02099299943082862,4
new_location_30_2,location,median,Interval plot / five,256,hard,0.005333494198994925,4
new_location_30_2,location,median,Interval plot / five,256,soft,0.005333494198994925,4
new_location_30_2,location,median,Interval plot / five,384,hard,0.0010295480105252882,4
new_location_30_2,location,median,Interval plot / five,384,soft,0.0010295480105252882,4
new_location_30_2,location,median,Quantile plot / five,256,hard,0.005386203993196911,4
new_location_30_2,location,median,Quantile plot / five,256,soft,0.0016899817426615212,4
new_location_30_2,location,median,Quantile plot / five,384,hard,0.0020737237532180005,4
new_location_30_2,location,median,Quantile plot / five,384,soft,0.0010295480105263614,4
new_location_30_2,location,median,Quantile plot / nineteen,256,hard,0.005386203993196911,4
new_location_30_2,location,median,Quantile plot / nineteen,256,soft,0.0016899817426615212,4
new_location_30_2,location,median,Quantile plot / nineteen,384,hard,0.0020737237532180005,4
new_location_30_2,location,median,Quantile plot / nineteen,384,soft,0.0010295480105263614,4
new_location_30_2,location,median,Violin plot / 64,256,hard,0.18758773639030793,4
new_location_30_2,location,median,Violin plot / 64,256,soft,0.18599625561323985,4
new_location_30_2,location,median,Violin plot / 64,384,hard,0.18858354756035,4
new_location_30_2,location,median,Violin plot / 64,384,soft,0.18739935945774466,4
new_location_30_2,location,spread,Bar chart / means,256,hard,0.4125996065592496,4
new_location_30_2,location,spread,Bar chart / means,256,soft,0.4125996065592496,4
new_location_30_2,location,spread,Bar chart / means,384,hard,0.4125996065592496,4
new_location_30_2,location,spread,Bar chart / means,384,soft,0.4125996065592496,4
new_location_30_2,location,spread,Box plot / five,256,hard,0.026588320380122668,4
new_location_30_2,location,spread,Box plot / five,256,soft,0.017782663517725606,4
new_location_30_2,location,spread,Box plot / five,384,hard,0.013379771970153723,4
new_location_30_2,location,spread,Box plot / five,384,soft,0.010004474249176408,4
new_location_30_2,location,spread,Dot plot / raw,256,hard,0.024158211412278773,4
new_location_30_2,location,spread,Dot plot / raw,256,soft,0.016385859572241458,4
new_location_30_2,location,spread,Dot plot / raw,384,hard,0.04374713844041155,4
new_location_30_2,location,spread,Dot plot / raw,384,soft,0.018463439612456056,4
new_location_30_2,location,spread,ECDF / full,256,hard,0.00897700665532865,4
new_location_30_2,location,spread,ECDF / full,256,soft,0.008617379996139462,4
new_location_30_2,location,spread,ECDF / full,384,hard,0.0150674208306412,4
new_location_30_2,location,spread,ECDF / full,384,soft,0.015067420830641843,4
new_location_30_2,location,spread,Heatmap / 16,256,hard,0.01840410611459168,4
new_location_30_2,location,spread,Heatmap / 16,256,soft,0.01840410611459168,4
new_location_30_2,location,spread,Heatmap / 16,384,hard,0.01840410611459168,4
new_location_30_2,location,spread,Heatmap / 16,384,soft,0.01840410611459168,4
new_location_30_2,location,spread,Histogram / 16,256,hard,0.029107918893187,4
new_location_30_2,location,spread,Histogram / 16,256,soft,0.03270591455200521,4
new_location_30_2,location,spread,Histogram / 16,384,hard,0.02625581433997781,4
new_location_30_2,location,spread,Histogram / 16,384,soft,0.028573948312376064,4
new_location_30_2,location,spread,Interval plot / five,256,hard,0.017782663517725606,4
new_location_30_2,location,spread,Interval plot / five,256,soft,0.017782663517725176,4
new_location_30_2,location,spread,Interval plot / five,384,hard,0.0100044742491763,4
new_location_30_2,location,spread,Interval plot / five,384,soft,0.010004474249176623,4
new_location_30_2,location,spread,Quantile plot / five,256,hard,0.008634307069466225,4
new_location_30_2,location,spread,Quantile plot / five,256,soft,0.008634307069465795,4
new_location_30_2,location,spread,Quantile plot / five,384,hard,0.006755448907806581,4
new_location_30_2,location,spread,Quantile plot / five,384,soft,0.002470763833856131,4
new_location_30_2,location,spread,Quantile plot / nineteen,256,hard,0.008634307069466225,4
new_location_30_2,location,spread,Quantile plot / nineteen,256,soft,0.008634307069465795,4
new_location_30_2,location,spread,Quantile plot / nineteen,384,hard,0.006755448907806581,4
new_location_30_2,location,spread,Quantile plot / nineteen,384,soft,0.002470763833856131,4
new_location_30_2,location,spread,Violin plot / 64,256,hard,0.2732673591142809,4
new_location_30_2,location,spread,Violin plot / 64,256,soft,0.271225861173162,4
new_location_30_2,location,spread,Violin plot / 64,384,hard,0.2719837818423335,4
new_location_30_2,location,spread,Violin plot / 64,384,soft,0.2706832921287759,4
new_mixture_150_0,mixture,five,Bar chart / means,256,hard,0.5187742917385576,4
new_mixture_150_0,mixture,five,Bar chart / means,256,soft,0.5203042159975461,4
new_mixture_150_0,mixture,five,Bar chart / means,384,hard,0.5187742917385576,4
new_mixture_150_0,mixture,five,Bar chart / means,384,soft,0.519770618435828,4
new_mixture_150_0,mixture,five,Box plot / five,256,hard,0.17397337490636433,4
new_mixture_150_0,mixture,five,Box plot / five,256,soft,0.08875179782071188,4
new_mixture_150_0,mixture,five,Box plot / five,384,hard,0.17208847452349904,4
new_mixture_150_0,mixture,five,Box plot / five,384,soft,0.08612653082096297,4
new_mixture_150_0,mixture,five,Dot plot / raw,256,hard,0.0706761211506303,4
new_mixture_150_0,mixture,five,Dot plot / raw,256,soft,0.03710353662412264,4
new_mixture_150_0,mixture,five,Dot plot / raw,384,hard,0.07219936992500962,4
new_mixture_150_0,mixture,five,Dot plot / raw,384,soft,0.030065493632504967,4
new_mixture_150_0,mixture,five,ECDF / full,256,hard,0.05842315955619873,4
new_mixture_150_0,mixture,five,ECDF / full,256,soft,0.045533068998108335,4
new_mixture_150_0,mixture,five,ECDF / full,384,hard,0.026290991841105723,4
new_mixture_150_0,mixture,five,ECDF / full,384,soft,0.024412267537440014,4
new_mixture_150_0,mixture,five,Heatmap / 16,256,hard,0.08201907614496617,4
new_mixture_150_0,mixture,five,Heatmap / 16,256,soft,0.08201907614496617,4
new_mixture_150_0,mixture,five,Heatmap / 16,384,hard,0.08201907614496617,4
new_mixture_150_0,mixture,five,Heatmap / 16,384,soft,0.08201907614496617,4
new_mixture_150_0,mixture,five,Histogram / 16,256,hard,0.0984460862544021,4
new_mixture_150_0,mixture,five,Histogram / 16,256,soft,0.09935539151509279,4
new_mixture_150_0,mixture,five,Histogram / 16,384,hard,0.09308461417267576,4
new_mixture_150_0,mixture,five,Histogram / 16,384,soft,0.0939725112013787,4
new_mixture_150_0,mixture,five,Interval plot / five,256,hard,0.17305955634245862,4
new_mixture_150_0,mixture,five,Interval plot / five,256,soft,0.08835984233879292,4
new_mixture_150_0,mixture,five,Interval plot / five,384,hard,0.17014589722739842,4
new_mixture_150_0,mixture,five,Interval plot / five,384,soft,0.08572798943601516,4
new_mixture_150_0,mixture,five,Quantile plot / five,256,hard,0.004709921091897924,4
new_mixture_150_0,mixture,five,Quantile plot / five,256,soft,0.003587966651033586,4
new_mixture_150_0,mixture,five,Quantile plot / five,384,hard,0.0033754352233676056,4
new_mixture_150_0,mixture,five,Quantile plot / five,384,soft,0.0018765288881935262,4
new_mixture_150_0,mixture,five,Quantile plot / nineteen,256,hard,0.004709921091897924,4
new_mixture_150_0,mixture,five,Quantile plot / nineteen,256,soft,0.003587966651033586,4
new_mixture_150_0,mixture,five,Quantile plot / nineteen,384,hard,0.0033754352233676056,4
new_mixture_150_0,mixture,five,Quantile plot / nineteen,384,soft,0.0018765288881935262,4
new_mixture_150_0,mixture,five,Violin plot / 64,256,hard,0.146746512459902,4
new_mixture_150_0,mixture,five,Violin plot / 64,256,soft,0.14557090266224915,4
new_mixture_150_0,mixture,five,Violin plot / 64,384,hard,0.14764427454279677,4
new_mixture_150_0,mixture,five,Violin plot / 64,384,soft,0.14674634457382346,4
new_mixture_150_0,mixture,median,Bar chart / means,256,hard,0.37132673527786614,4
new_mixture_150_0,mixture,median,Bar chart / means,256,soft,0.3789763565728083,4
new_mixture_150_0,mixture,median,Bar chart / means,384,hard,0.37132673527786614,4
new_mixture_150_0,mixture,median,Bar chart / means,384,soft,0.376308368764218,4
new_mixture_150_0,mixture,median,Box plot / five,256,hard,0.007536942144214926,4
new_mixture_150_0,mixture,median,Box plot / five,256,soft,0.007536942144214926,4
new_mixture_150_0,mixture,median,Box plot / five,384,hard,0.006324562130262451,4
new_mixture_150_0,mixture,median,Box plot / five,384,soft,0.006324562130262451,4
new_mixture_150_0,mixture,median,Dot plot / raw,256,hard,0.29182020184775037,4
new_mixture_150_0,mixture,median,Dot plot / raw,256,soft,0.10639309586208472,4
new_mixture_150_0,mixture,median,Dot plot / raw,384,hard,0.30866180980972235,4
new_mixture_150_0,mixture,median,Dot plot / raw,384,soft,0.09811847888900525,4
new_mixture_150_0,mixture,median,ECDF / full,256,hard,0.26423203714867655,4
new_mixture_150_0,mixture,median,ECDF / full,256,soft,0.20874813308349843,4
new_mixture_150_0,mixture,median,ECDF / full,384,hard,0.1048093437580365,4
new_mixture_150_0,mixture,median,ECDF / full,384,soft,0.09729000976522621,4
new_mixture_150_0,mixture,median,Heatmap / 16,256,hard,0.1360507190072794,4
new_mixture_150_0,mixture,median,Heatmap / 16,256,soft,0.1360507190072794,4
new_mixture_150_0,mixture,median,Heatmap / 16,384,hard,0.1360507190072794,4
new_mixture_150_0,mixture,median,Heatmap / 16,384,soft,0.1360507190072794,4
new_mixture_150_0,mixture,median,Histogram / 16,256,hard,0.17407073854887195,4
new_mixture_150_0,mixture,median,Histogram / 16,256,soft,0.18902614825101613,4
new_mixture_150_0,mixture,median,Histogram / 16,384,hard,0.1584304259459719,4
new_mixture_150_0,mixture,median,Histogram / 16,384,soft,0.16941313398818147,4
new_mixture_150_0,mixture,median,Interval plot / five,256,hard,0.005577164734620044,4
new_mixture_150_0,mixture,median,Interval plot / five,256,soft,0.005577164734620044,4
new_mixture_150_0,mixture,median,Interval plot / five,384,hard,0.004331855205523308,4
new_mixture_150_0,mixture,median,Interval plot / five,384,soft,0.004331855205523308,4
new_mixture_150_0,mixture,median,Quantile plot / five,256,hard,0.005577164734620044,4
new_mixture_150_0,mixture,median,Quantile plot / five,256,soft,0.003504708174297367,4
new_mixture_150_0,mixture,median,Quantile plot / five,384,hard,0.004649524587261568,4
new_mixture_150_0,mixture,median,Quantile plot / five,384,soft,0.0026858572878220733,4
new_mixture_150_0,mixture,median,Quantile plot / nineteen,256,hard,0.005577164734620044,4
new_mixture_150_0,mixture,median,Quantile plot / nineteen,256,soft,0.003504708174297367,4
new_mixture_150_0,mixture,median,Quantile plot / nineteen,384,hard,0.004649524587261568,4
new_mixture_150_0,mixture,median,Quantile plot / nineteen,384,soft,0.0026858572878220733,4
new_mixture_150_0,mixture,median,Violin plot / 64,256,hard,0.35837658319488125,4
new_mixture_150_0,mixture,median,Violin plot / 64,256,soft,0.35941405559490863,4
new_mixture_150_0,mixture,median,Violin plot / 64,384,hard,0.3593897897161784,4
new_mixture_150_0,mixture,median,Violin plot / 64,384,soft,0.3599471273840448,4
new_mixture_150_0,mixture,spread,Bar chart / means,256,hard,1.188122291191104,4
new_mixture_150_0,mixture,spread,Bar chart / means,256,soft,1.188122291191104,4
new_mixture_150_0,mixture,spread,Bar chart / means,384,hard,1.188122291191104,4
new_mixture_150_0,mixture,spread,Bar chart / means,384,soft,1.188122291191104,4
new_mixture_150_0,mixture,spread,Box plot / five,256,hard,0.020517873409751895,4
new_mixture_150_0,mixture,spread,Box plot / five,256,soft,0.005218630819866807,4
new_mixture_150_0,mixture,spread,Box plot / five,384,hard,0.012451379019716846,4
new_mixture_150_0,mixture,spread,Box plot / five,384,soft,0.008716506253034396,4
new_mixture_150_0,mixture,spread,Dot plot / raw,256,hard,0.009241013094618392,4
new_mixture_150_0,mixture,spread,Dot plot / raw,256,soft,0.008726116200059777,4
new_mixture_150_0,mixture,spread,Dot plot / raw,384,hard,0.017086005074568728,4
new_mixture_150_0,mixture,spread,Dot plot / raw,384,soft,0.009886006352924767,4
new_mixture_150_0,mixture,spread,ECDF / full,256,hard,0.010080611770017393,4
new_mixture_150_0,mixture,spread,ECDF / full,256,soft,0.005574815726012758,4
new_mixture_150_0,mixture,spread,ECDF / full,384,hard,0.007475154925690409,4
new_mixture_150_0,mixture,spread,ECDF / full,384,soft,0.010215740380445414,4
new_mixture_150_0,mixture,spread,Heatmap / 16,256,hard,0.09286619246187836,4
new_mixture_150_0,mixture,spread,Heatmap / 16,256,soft,0.09286619246187836,4
new_mixture_150_0,mixture,spread,Heatmap / 16,384,hard,0.09286619246187836,4
new_mixture_150_0,mixture,spread,Heatmap / 16,384,soft,0.09286619246187836,4
new_mixture_150_0,mixture,spread,Histogram / 16,256,hard,0.11136851550653817,4
new_mixture_150_0,mixture,spread,Histogram / 16,256,soft,0.09772399913304924,4
new_mixture_150_0,mixture,spread,Histogram / 16,384,hard,0.10628393640897753,4
new_mixture_150_0,mixture,spread,Histogram / 16,384,soft,0.09739606246156632,4
new_mixture_150_0,mixture,spread,Interval plot / five,256,hard,0.005218630819867341,4
new_mixture_150_0,mixture,spread,Interval plot / five,256,soft,0.005218630819867074,4
new_mixture_150_0,mixture,spread,Interval plot / five,384,hard,0.008716506253034396,4
new_mixture_150_0,mixture,spread,Interval plot / five,384,soft,0.008716506253034573,4
new_mixture_150_0,mixture,spread,Quantile plot / five,256,hard,0.008899004030219065,4
new_mixture_150_0,mixture,spread,Quantile plot / five,256,soft,0.005218630819866453,4
new_mixture_150_0,mixture,spread,Quantile plot / five,384,hard,0.0040960097554451,4
new_mixture_150_0,mixture,spread,Quantile plot / five,384,soft,0.0024881120470143727,4
new_mixture_150_0,mixture,spread,Quantile plot / nineteen,256,hard,0.008899004030219065,4
new_mixture_150_0,mixture,spread,Quantile plot / nineteen,256,soft,0.005218630819866453,4
new_mixture_150_0,mixture,spread,Quantile plot / nineteen,384,hard,0.0040960097554451,4
new_mixture_150_0,mixture,spread,Quantile plot / nineteen,384,soft,0.0024881120470143727,4
new_mixture_150_0,mixture,spread,Violin plot / 64,256,hard,0.06813173893441893,4
new_mixture_150_0,mixture,spread,Violin plot / 64,256,soft,0.06112538569124895,4
new_mixture_150_0,mixture,spread,Violin plot / 64,384,hard,0.06886921610269098,4
new_mixture_150_0,mixture,spread,Violin plot / 64,384,soft,0.06428946743091257,4
new_mixture_150_1,mixture,five,Bar chart / means,256,hard,,1
new_mixture_150_1,mixture,five,Bar chart / means,256,soft,0.6185852745527706,4
new_mixture_150_1,mixture,five,Bar chart / means,384,hard,0.6215750478811866,4
new_mixture_150_1,mixture,five,Bar chart / means,384,soft,0.618472779463713,4
new_mixture_150_1,mixture,five,Box plot / five,256,hard,0.20867594058211458,4
new_mixture_150_1,mixture,five,Box plot / five,256,soft,0.10281472701544093,4
new_mixture_150_1,mixture,five,Box plot / five,384,hard,0.2107294342493813,4
new_mixture_150_1,mixture,five,Box plot / five,384,soft,0.09826075090631575,4
new_mixture_150_1,mixture,five,Dot plot / raw,256,hard,0.023377454268407073,4
new_mixture_150_1,mixture,five,Dot plot / raw,256,soft,0.022187913325834918,4
new_mixture_150_1,mixture,five,Dot plot / raw,384,hard,0.018151393268614764,4
new_mixture_150_1,mixture,five,Dot plot / raw,384,soft,0.015536956256740096,4
new_mixture_150_1,mixture,five,ECDF / full,256,hard,0.014776770851081929,4
new_mixture_150_1,mixture,five,ECDF / full,256,soft,0.008516388955623662,4
new_mixture_150_1,mixture,five,ECDF / full,384,hard,0.01193687046612035,4
new_mixture_150_1,mixture,five,ECDF / full,384,soft,0.005737967215398518,4
new_mixture_150_1,mixture,five,Heatmap / 16,256,hard,0.04834538928420085,4
new_mixture_150_1,mixture,five,Heatmap / 16,256,soft,0.04834538928420085,4
new_mixture_150_1,mixture,five,Heatmap / 16,384,hard,0.04834538928420085,4
new_mixture_150_1,mixture,five,Heatmap / 16,384,soft,0.04834538928420085,4
new_mixture_150_1,mixture,five,Histogram / 16,256,hard,0.05118178010589265,4
new_mixture_150_1,mixture,five,Histogram / 16,256,soft,0.050066063666890835,4
new_mixture_150_1,mixture,five,Histogram / 16,384,hard,0.0496822391525102,4
new_mixture_150_1,mixture,five,Histogram / 16,384,soft,0.04832571522075306,4
new_mixture_150_1,mixture,five,Interval plot / five,256,hard,0.20917823322911944,4
new_mixture_150_1,mixture,five,Interval plot / five,256,soft,0.10261506671876086,4
new_mixture_150_1,mixture,five,Interval plot / five,384,hard,0.20838385797869402,4
new_mixture_150_1,mixture,five,Interval plot / five,384,soft,0.0978253851131125,4
new_mixture_150_1,mixture,five,Quantile plot / five,256,hard,0.00484143714064719,4
new_mixture_150_1,mixture,five,Quantile plot / five,256,soft,0.002789193689159704,4
new_mixture_150_1,mixture,five,Quantile plot / five,384,hard,0.002866528215397274,4
new_mixture_150_1,mixture,five,Quantile plot / five,384,soft,0.0016899747812584342,4
new_mixture_150_1,mixture,five,Quantile plot / nineteen,256,hard,0.00484143714064719,4
new_mixture_150_1,mixture,five,Quantile plot / nineteen,256,soft,0.002789193689159704,4
new_mixture_150_1,mixture,five,Quantile plot / nineteen,384,hard,0.002866528215397274,4
new_mixture_150_1,mixture,five,Quantile plot / nineteen,384,soft,0.0016899747812584342,4
new_mixture_150_1,mixture,five,Violin plot / 64,256,hard,0.12156605433324116,4
new_mixture_150_1,mixture,five,Violin plot / 64,256,soft,0.12139160122405993,4
new_mixture_150_1,mixture,five,Violin plot / 64,384,hard,0.12208872203300006,4
new_mixture_150_1,mixture,five,Violin plot / 64,384,soft,0.12175502262949207,4
new_mixture_150_1,mixture,median,Bar chart / means,256,hard,,1
new_mixture_150_1,mixture,median,Bar chart / means,256,soft,0.581818181826197,4
new_mixture_150_1,mixture,median,Bar chart / means,384,hard,0.596767048468277,4
new_mixture_150_1,mixture,median,Bar chart / means,384,soft,0.5812557063809094,4
new_mixture_150_1,mixture,median,Box plot / five,256,hard,0.007822607330969596,4
new_mixture_150_1,mixture,median,Box plot / five,256,soft,0.007822607330969596,4
new_mixture_150_1,mixture,median,Box plot / five,384,hard,0.0051704473624561015,4
new_mixture_150_1,mixture,median,Box plot / five,384,soft,0.0051704473624561015,4
new_mixture_150_1,mixture,median,Dot plot / raw,256,hard,0.03206429183923376,4
new_mixture_150_1,mixture,median,Dot plot / raw,256,soft,0.04243273895319771,4
new_mixture_150_1,mixture,median,Dot plot / raw,384,hard,0.043139493685304835,4
new_mixture_150_1,mixture,median,Dot plot / raw,384,soft,0.03670799500851448,4
new_mixture_150_1,mixture,median,ECDF / full,256,hard,0.033988731786569505,4
new_mixture_150_1,mixture,median,ECDF / full,256,soft,0.021614873104519136,4
new_mixture_150_1,mixture,median,ECDF / full,384,hard,0.038358733323038186,4
new_mixture_150_1,mixture,median,ECDF / full,384,soft,0.013061950033658157,4
new_mixture_150_1,mixture,median,Heatmap / 16,256,hard,0.17183598633790556,4
new_mixture_150_1,mixture,median,Heatmap / 16,256,soft,0.17183598633790556,4
new_mixture_150_1,mixture,median,Heatmap / 16,384,hard,0.17183598633790556,4
new_mixture_150_1,mixture,median,Heatmap / 16,384,soft,0.17183598633790556,4
new_mixture_150_1,mixture,median,Histogram / 16,256,hard,0.15292540172959806,4
new_mixture_150_1,mixture,median,Histogram / 16,256,soft,0.16255067656593822,4
new_mixture_150_1,mixture,median,Histogram / 16,384,hard,0.1602207603238906,4
new_mixture_150_1,mixture,median,Histogram / 16,384,soft,0.16648779332804245,4
new_mixture_150_1,mixture,median,Interval plot / five,256,hard,0.006824305847568822,4
new_mixture_150_1,mixture,median,Interval plot / five,256,soft,0.006824305847568822,4
new_mixture_150_1,mixture,median,Interval plot / five,384,hard,0.002993618396439449,4
new_mixture_150_1,mixture,median,Interval plot / five,384,soft,0.002993618396439449,4
new_mixture_150_1,mixture,median,Quantile plot / five,256,hard,0.006824305847568735,4
new_mixture_150_1,mixture,median,Quantile plot / five,256,soft,0.0057090544481865554,4
new_mixture_150_1,mixture,median,Quantile plot / five,384,hard,0.003323328083320746,4
new_mixture_150_1,mixture,median,Quantile plot / five,384,soft,0.0021656017858465324,4
new_mixture_150_1,mixture,median,Quantile plot / nineteen,256,hard,0.006824305847568735,4
new_mixture_150_1,mixture,median,Quantile plot / nineteen,256,soft,0.0057090544481865554,4
new_mixture_150_1,mixture,median,Quantile plot / nineteen,384,hard,0.003323328083320746,4
new_mixture_150_1,mixture,median,Quantile plot / nineteen,384,soft,0.0021656017858465324,4
new_mixture_150_1,mixture,median,Violin plot / 64,256,hard,0.3789946877356327,4
new_mixture_150_1,mixture,median,Violin plot / 64,256,soft,0.3814477068151275,4
new_mixture_150_1,mixture,median,Violin plot / 64,384,hard,0.3803346360163887,4
new_mixture_150_1,mixture,median,Violin plot / 64,384,soft,0.3812666913493904,4
new_mixture_150_1,mixture,spread,Bar chart / means,256,hard,,1
new_mixture_150_1,mixture,spread,Bar chart / means,256,soft,1.3726233759124444,4
new_mixture_150_1,mixture,spread,Bar chart / means,384,hard,1.3726233759124444,4
new_mixture_150_1,mixture,spread,Bar chart / means,384,soft,1.3726233759124444,4
new_mixture_150_1,mixture,spread,Box plot / five,256,hard,0.020308907022428876,4
new_mixture_150_1,mixture,spread,Box plot / five,256,soft,0.011449321965375832,4
new_mixture_150_1,mixture,spread,Box plot / five,384,hard,0.013056517225739481,4
new_mixture_150_1,mixture,spread,Box plot / five,384,soft,0.010340894724911148,4
new_mixture_150_1,mixture,spread,Dot plot / raw,256,hard,0.02397599465249665,4
new_mixture_150_1,mixture,spread,Dot plot / raw,256,soft,0.004533742991818255,4
new_mixture_150_1,mixture,spread,Dot plot / raw,384,hard,0.008909468414431658,4
new_mixture_150_1,mixture,spread,Dot plot / raw,384,soft,0.007821351284085534,4
new_mixture_150_1,mixture,spread,ECDF / full,256,hard,0.01098930806032591,4
new_mixture_150_1,mixture,spread,ECDF / full,256,soft,0.00301630194423057,4
new_mixture_150_1,mixture,spread,ECDF / full,384,hard,0.0051704473624561015,4
new_mixture_150_1,mixture,spread,ECDF / full,384,soft,0.0020473498763303615,4
new_mixture_150_1,mixture,spread,Heatmap / 16,256,hard,0.0028674595660259394,4
new_mixture_150_1,mixture,spread,Heatmap / 16,256,soft,0.0028674595660259394,4
new_mixture_150_1,mixture,spread,Heatmap / 16,384,hard,0.0028674595660259394,4
new_mixture_150_1,mixture,spread,Heatmap / 16,384,soft,0.0028674595660259394,4
new_mixture_150_1,mixture,spread,Histogram / 16,256,hard,0.01584197035302408,4
new_mixture_150_1,mixture,spread,Histogram / 16,256,soft,0.006908502301273491,4
new_mixture_150_1,mixture,spread,Histogram / 16,384,hard,0.014010907303688994,4
new_mixture_150_1,mixture,spread,Histogram / 16,384,soft,0.005463943885584695,4
new_mixture_150_1,mixture,spread,Interval plot / five,256,hard,0.01144932196537636,4
new_mixture_150_1,mixture,spread,Interval plot / five,256,soft,0.011449321965375833,4
new_mixture_150_1,mixture,spread,Interval plot / five,384,hard,0.010340894724911499,4
new_mixture_150_1,mixture,spread,Interval plot / five,384,soft,0.01034089472491185,4
new_mixture_150_1,mixture,spread,Quantile plot / five,256,hard,0.006528080403048658,4
new_mixture_150_1,mixture,spread,Quantile plot / five,256,soft,0.0009200278101023063,4
new_mixture_150_1,mixture,spread,Quantile plot / five,384,hard,0.003885585516503965,4
new_mixture_150_1,mixture,spread,Quantile plot / five,384,soft,0.002715622500827278,4
new_mixture_150_1,mixture,spread,Quantile plot / nineteen,256,hard,0.006528080403048658,4
new_mixture_150_1,mixture,spread,Quantile plot / nineteen,256,soft,0.0009200278101023063,4
new_mixture_150_1,mixture,spread,Quantile plot / nineteen,384,hard,0.003885585516503965,4
new_mixture_150_1,mixture,spread,Quantile plot / nineteen,384,soft,0.002715622500827278,4
new_mixture_150_1,mixture,spread,Violin plot / 64,256,hard,0.0286045429012092,4
new_mixture_150_1,mixture,spread,Violin plot / 64,256,soft,0.03592576428185603,4
new_mixture_150_1,mixture,spread,Violin plot / 64,384,hard,0.029202137875185344,4
new_mixture_150_1,mixture,spread,Violin plot / 64,384,soft,0.0342059606908117,4
new_mixture_150_2,mixture,five,Bar chart / means,256,hard,,0
new_mixture_150_2,mixture,five,Bar chart / means,256,soft,,0
new_mixture_150_2,mixture,five,Bar chart / means,384,hard,,0
new_mixture_150_2,mixture,five,Bar chart / means,384,soft,,0
new_mixture_150_2,mixture,five,Box plot / five,256,hard,0.22462381402060258,4
new_mixture_150_2,mixture,five,Box plot / five,256,soft,0.11329619659866337,4
new_mixture_150_2,mixture,five,Box plot / five,384,hard,0.22530852709383886,4
new_mixture_150_2,mixture,five,Box plot / five,384,soft,0.11082335594532106,4
new_mixture_150_2,mixture,five,Dot plot / raw,256,hard,0.016905102571834408,4
new_mixture_150_2,mixture,five,Dot plot / raw,256,soft,0.025966986983818493,4
new_mixture_150_2,mixture,five,Dot plot / raw,384,hard,0.01994383345989921,4
new_mixture_150_2,mixture,five,Dot plot / raw,384,soft,0.01899563194144579,4
new_mixture_150_2,mixture,five,ECDF / full,256,hard,0.015090422268094006,4
new_mixture_150_2,mixture,five,ECDF / full,256,soft,0.012154589613980641,4
new_mixture_150_2,mixture,five,ECDF / full,384,hard,0.014002914910746903,4
new_mixture_150_2,mixture,five,ECDF / full,384,soft,0.010603880606018797,4
new_mixture_150_2,mixture,five,Heatmap / 16,256,hard,0.0687925085639212,4
new_mixture_150_2,mixture,five,Heatmap / 16,256,soft,0.0687925085639212,4
new_mixture_150_2,mixture,five,Heatmap / 16,384,hard,0.0687925085639212,4
new_mixture_150_2,mixture,five,Heatmap / 16,384,soft,0.0687925085639212,4
new_mixture_150_2,mixture,five,Histogram / 16,256,hard,0.06875583615983832,4
new_mixture_150_2,mixture,five,Histogram / 16,256,soft,0.06586515093228675,4
new_mixture_150_2,mixture,five,Histogram / 16,384,hard,0.0691059416169117,4
new_mixture_150_2,mixture,five,Histogram / 16,384,soft,0.06723811724571782,4
new_mixture_150_2,mixture,five,Interval plot / five,256,hard,0.2226787685661211,4
new_mixture_150_2,mixture,five,Interval plot / five,256,soft,0.11253399609723025,4
new_mixture_150_2,mixture,five,Interval plot / five,384,hard,0.22453794339074892,4
new_mixture_150_2,mixture,five,Interval plot / five,384,soft,0.11049082083541402,4
new_mixture_150_2,mixture,five,Quantile plot / five,256,hard,0.004062762925023215,4
new_mixture_150_2,mixture,five,Quantile plot / five,256,soft,0.0021367493158663143,4
new_mixture_150_2,mixture,five,Quantile plot / five,384,hard,0.0038281290463272172,4
new_mixture_150_2,mixture,five,Quantile plot / five,384,soft,0.0016597783533637697,4
new_mixture_150_2,mixture,five,Quantile plot / nineteen,256,hard,0.004062762925023215,4
new_mixture_150_2,mixture,five,Quantile plot / nineteen,256,soft,0.0021367493158663143,4
new_mixture_150_2,mixture,five,Quantile plot / nineteen,384,hard,0.0038281290463272172,4
new_mixture_150_2,mixture,five,Quantile plot / nineteen,384,soft,0.0016597783533637697,4
new_mixture_150_2,mixture,five,Violin plot / 64,256,hard,0.1220402799601725,4
new_mixture_150_2,mixture,five,Violin plot / 64,256,soft,0.12222540205512829,4
new_mixture_150_2,mixture,five,Violin plot / 64,384,hard,0.1219716384588263,4
new_mixture_150_2,mixture,five,Violin plot / 64,384,soft,0.1219327623147373,4
new_mixture_150_2,mixture,median,Bar chart / means,256,hard,,0
new_mixture_150_2,mixture,median,Bar chart / means,256,soft,,0
new_mixture_150_2,mixture,median,Bar chart / means,384,hard,,0
new_mixture_150_2,mixture,median,Bar chart / means,384,soft,,0
new_mixture_150_2,mixture,median,Box plot / five,256,hard,0.007865477622552556,4
new_mixture_150_2,mixture,median,Box plot / five,256,soft,0.007865477622552556,4
new_mixture_150_2,mixture,median,Box plot / five,384,hard,0.006183356421330928,4
new_mixture_150_2,mixture,median,Box plot / five,384,soft,0.006183356421330928,4
new_mixture_150_2,mixture,median,Dot plot / raw,256,hard,0.021906314022077083,4
new_mixture_150_2,mixture,median,Dot plot / raw,256,soft,0.012924682819031247,4
new_mixture_150_2,mixture,median,Dot plot / raw,384,hard,0.02562930033770641,4
new_mixture_150_2,mixture,median,Dot plot / raw,384,soft,0.011528690081804748,4
new_mixture_150_2,mixture,median,ECDF / full,256,hard,0.009087279144520776,4
new_mixture_150_2,mixture,median,ECDF / full,256,soft,0.005722213216524585,4
new_mixture_150_2,mixture,median,ECDF / full,384,hard,0.014966104343944079,4
new_mixture_150_2,mixture,median,ECDF / full,384,soft,0.009207227555157807,4
new_mixture_150_2,mixture,median,Heatmap / 16,256,hard,0.03747186532012106,4
new_mixture_150_2,mixture,median,Heatmap / 16,256,soft,0.03747186532012106,4
new_mixture_150_2,mixture,median,Heatmap / 16,384,hard,0.03747186532012106,4
new_mixture_150_2,mixture,median,Heatmap / 16,384,soft,0.03747186532012106,4
new_mixture_150_2,mixture,median,Histogram / 16,256,hard,0.021600152687049273,4
new_mixture_150_2,mixture,median,Histogram / 16,256,soft,0.03643505791940555,4
new_mixture_150_2,mixture,median,Histogram / 16,384,hard,0.03264755755142803,4
new_mixture_150_2,mixture,median,Histogram / 16,384,soft,0.04201268883164435,4
new_mixture_150_2,mixture,median,Interval plot / five,256,hard,0.004054475115386549,4
new_mixture_150_2,mixture,median,Interval plot / five,256,soft,0.004054475115386549,4
new_mixture_150_2,mixture,median,Interval plot / five,384,hard,0.004520680871795479,4
new_mixture_150_2,mixture,median,Interval plot / five,384,soft,0.004520680871795479,4
new_mixture_150_2,mixture,median,Quantile plot / five,256,hard,0.004789841076003551,4
new_mixture_150_2,mixture,median,Quantile plot / five,256,soft,0.002208421369030286,4
new_mixture_150_2,mixture,median,Quantile plot / five,384,hard,0.004852197469060866,4
new_mixture_150_2,mixture,median,Quantile plot / five,384,soft,0.0019691468375318323,4
new_mixture_150_2,mixture,median,Quantile plot / nineteen,256,hard,0.004789841076003551,4
new_mixture_150_2,mixture,median,Quantile plot / nineteen,256,soft,0.002208421369030286,4
new_mixture_150_2,mixture,median,Quantile plot / nineteen,384,hard,0.004852197469060866,4
new_mixture_150_2,mixture,median,Quantile plot / nineteen,384,soft,0.0019691468375318323,4
new_mixture_150_2,mixture,median,Violin plot / 64,256,hard,0.17374054869670635,4
new_mixture_150_2,mixture,median,Violin plot / 64,256,soft,0.17684789182592817,4
new_mixture_150_2,mixture,median,Violin plot / 64,384,hard,0.17310989691047093,4
new_mixture_150_2,mixture,median,Violin plot / 64,384,soft,0.17432347056566683,4
new_mixture_150_2,mixture,spread,Bar chart / means,256,hard,,0
new_mixture_150_2,mixture,spread,Bar chart / means,256,soft,,0
new_mixture_150_2,mixture,spread,Bar chart / means,384,hard,,0
new_mixture_150_2,mixture,spread,Bar chart / means,384,soft,,0
new_mixture_150_2,mixture,spread,Box plot / five,256,hard,0.021880361685252078,4
new_mixture_150_2,mixture,spread,Box plot / five,256,soft,0.015966136920010664,4
new_mixture_150_2,mixture,spread,Box plot / five,384,hard,0.011548052370530967,4
new_mixture_150_2,mixture,spread,Box plot / five,384,soft,0.009247079639728473,4
new_mixture_150_2,mixture,spread,Dot plot / raw,256,hard,0.02430155422438909,4
new_mixture_150_2,mixture,spread,Dot plot / raw,256,soft,0.059413897121976374,4
new_mixture_150_2,mixture,spread,Dot plot / raw,384,hard,0.01393861677684949,4
new_mixture_150_2,mixture,spread,Dot plot / raw,384,soft,0.029424009842718746,4
new_mixture_150_2,mixture,spread,ECDF / full,256,hard,0.010051912154769508,4
new_mixture_150_2,mixture,spread,ECDF / full,256,soft,0.003991720397502113,4
new_mixture_150_2,mixture,spread,ECDF / full,384,hard,0.006349269367966343,4
new_mixture_150_2,mixture,spread,ECDF / full,384,soft,0.0010293987630467102,4
new_mixture_150_2,mixture,spread,Heatmap / 16,256,hard,0.08995059818904674,4
new_mixture_150_2,mixture,spread,Heatmap / 16,256,soft,0.08995059818904674,4
new_mixture_150_2,mixture,spread,Heatmap / 16,384,hard,0.08995059818904674,4
new_mixture_150_2,mixture,spread,Heatmap / 16,384,soft,0.08995059818904674,4
new_mixture_150_2,mixture,spread,Histogram / 16,256,hard,0.07056582576058669,4
new_mixture_150_2,mixture,spread,Histogram / 16,256,soft,0.09531755138352799,4
new_mixture_150_2,mixture,spread,Histogram / 16,384,hard,0.07477039013382741,4
new_mixture_150_2,mixture,spread,Histogram / 16,384,soft,0.09093079371732202,4
new_mixture_150_2,mixture,spread,Interval plot / five,256,hard,0.01596613692001075,4
new_mixture_150_2,mixture,spread,Interval plot / five,256,soft,0.01596613692001118,4
new_mixture_150_2,mixture,spread,Interval plot / five,384,hard,0.009247079639728473,4
new_mixture_150_2,mixture,spread,Interval plot / five,384,soft,0.009247079639728645,4
new_mixture_150_2,mixture,spread,Quantile plot / five,256,hard,0.007450863896005429,4
new_mixture_150_2,mixture,spread,Quantile plot / five,256,soft,0.004137687389528953,4
new_mixture_150_2,mixture,spread,Quantile plot / five,384,hard,0.005429840024901609,4
new_mixture_150_2,mixture,spread,Quantile plot / five,384,soft,0.0028978102717620445,4
new_mixture_150_2,mixture,spread,Quantile plot / nineteen,256,hard,0.007450863896005429,4
new_mixture_150_2,mixture,spread,Quantile plot / nineteen,256,soft,0.004137687389528953,4
new_mixture_150_2,mixture,spread,Quantile plot / nineteen,384,hard,0.005429840024901609,4
new_mixture_150_2,mixture,spread,Quantile plot / nineteen,384,soft,0.0028978102717620445,4
new_mixture_150_2,mixture,spread,Violin plot / 64,256,hard,0.18761708762050266,4
new_mixture_150_2,mixture,spread,Violin plot / 64,256,soft,0.19504388577066373,4
new_mixture_150_2,mixture,spread,Violin plot / 64,384,hard,0.18804260597762376,4
new_mixture_150_2,mixture,spread,Violin plot / 64,384,soft,0.19266490416196133,4
new_mixture_30_0,mixture,five,Bar chart / means,256,hard,0.5975753402371093,4
new_mixture_30_0,mixture,five,Bar chart / means,256,soft,0.5993078857779093,4
new_mixture_30_0,mixture,five,Bar chart / means,384,hard,0.5970513278255869,4
new_mixture_30_0,mixture,five,Bar chart / means,384,soft,0.5981796068017481,4
new_mixture_30_0,mixture,five,Box plot / five,256,hard,0.12539001933048521,4
new_mixture_30_0,mixture,five,Box plot / five,256,soft,0.15293495395429524,4
new_mixture_30_0,mixture,five,Box plot / five,384,hard,0.12937507331667386,4
new_mixture_30_0,mixture,five,Box plot / five,384,soft,0.14813885223527462,4
new_mixture_30_0,mixture,five,Dot plot / raw,256,hard,0.02555402780101683,4
new_mixture_30_0,mixture,five,Dot plot / raw,256,soft,0.049568714885778555,4
new_mixture_30_0,mixture,five,Dot plot / raw,384,hard,0.05740540873084469,4
new_mixture_30_0,mixture,five,Dot plot / raw,384,soft,0.04780766532677734,4
new_mixture_30_0,mixture,five,ECDF / full,256,hard,0.0420624408337304,4
new_mixture_30_0,mixture,five,ECDF / full,256,soft,0.03129366320576499,4
new_mixture_30_0,mixture,five,ECDF / full,384,hard,0.027128032079470905,4
new_mixture_30_0,mixture,five,ECDF / full,384,soft,0.030770254542205187,4
new_mixture_30_0,mixture,five,Heatmap / 16,256,hard,0.05211102534814937,4
new_mixture_30_0,mixture,five,Heatmap / 16,256,soft,0.05211102534814937,4
new_mixture_30_0,mixture,five,Heatmap / 16,384,hard,0.05211102534814937,4
new_mixture_30_0,mixture,five,Heatmap / 16,384,soft,0.05211102534814937,4
new_mixture_30_0,mixture,five,Histogram / 16,256,hard,0.053419127582873746,4
new_mixture_30_0,mixture,five,Histogram / 16,256,soft,0.05291578789040068,4
new_mixture_30_0,mixture,five,Histogram / 16,384,hard,0.05289997123877295,4
new_mixture_30_0,mixture,five,Histogram / 16,384,soft,0.05262753187152847,4
new_mixture_30_0,mixture,five,Interval plot / five,256,hard,0.12640882562076966,4
new_mixture_30_0,mixture,five,Interval plot / five,256,soft,0.15219337348981518,4
new_mixture_30_0,mixture,five,Interval plot / five,384,hard,0.1275877100133576,4
new_mixture_30_0,mixture,five,Interval plot / five,384,soft,0.14756468969632144,4
new_mixture_30_0,mixture,five,Quantile plot / five,256,hard,0.005792378867136846,4
new_mixture_30_0,mixture,five,Quantile plot / five,256,soft,0.002983682027074025,4
new_mixture_30_0,mixture,five,Quantile plot / five,384,hard,0.003195361562229636,4
new_mixture_30_0,mixture,five,Quantile plot / five,384,soft,0.0017850801435925156,4
new_mixture_30_0,mixture,five,Quantile plot / nineteen,256,hard,0.005792378867136846,4
new_mixture_30_0,mixture,five,Quantile plot / nineteen,256,soft,0.002983682027074025,4
new_mixture_30_0,mixture,five,Quantile plot / nineteen,384,hard,0.003195361562229636,4
new_mixture_30_0,mixture,five,Quantile plot / nineteen,384,soft,0.0017850801435925156,4
new_mixture_30_0,mixture,five,Violin plot / 64,256,hard,0.15566178302087702,4
new_mixture_30_0,mixture,five,Violin plot / 64,256,soft,0.1553639341371516,4
new_mixture_30_0,mixture,five,Violin plot / 64,384,hard,0.15589181574638883,4
new_mixture_30_0,mixture,five,Violin plot / 64,384,soft,0.15549924009474975,4
new_mixture_30_0,mixture,median,Bar chart / means,256,hard,0.7417430219519331,4
new_mixture_30_0,mixture,median,Bar chart / means,256,soft,0.7504057496559325,4
new_mixture_30_0,mixture,median,Bar chart / means,384,hard,0.7391229598943201,4
new_mixture_30_0,mixture,median,Bar chart / means,384,soft,0.7447643547751265,4
new_mixture_30_0,mixture,median,Box plot / five,256,hard,0.008535125465531729,4
new_mixture_30_0,mixture,median,Box plot / five,256,soft,0.008535125465531729,4
new_mixture_30_0,mixture,median,Box plot / five,384,hard,0.005641394880806019,4
new_mixture_30_0,mixture,median,Box plot / five,384,soft,0.005641394880806019,4
new_mixture_30_0,mixture,median,Dot plot / raw,256,hard,0.0593243296196989,4
new_mixture_30_0,mixture,median,Dot plot / raw,256,soft,0.05287947349026429,4
new_mixture_30_0,mixture,median,Dot plot / raw,384,hard,0.07280188089454062,4
new_mixture_30_0,mixture,median,Dot plot / raw,384,soft,0.050593780182229445,4
new_mixture_30_0,mixture,median,ECDF / full,256,hard,0.05305616948399092,4
new_mixture_30_0,mixture,median,ECDF / full,256,soft,0.009498567714574479,4
new_mixture_30_0,mixture,median,ECDF / full,384,hard,0.059334876757189965,4
new_mixture_30_0,mixture,median,ECDF / full,384,soft,0.011079295991744427,4
new_mixture_30_0,mixture,median,Heatmap / 16,256,hard,0.11102000926810397,4
new_mixture_30_0,mixture,median,Heatmap / 16,256,soft,0.11102000926810397,4
new_mixture_30_0,mixture,median,Heatmap / 16,384,hard,0.11102000926810397,4
new_mixture_30_0,mixture,median,Heatmap / 16,384,soft,0.11102000926810397,4
new_mixture_30_0,mixture,median,Histogram / 16,256,hard,0.0925091653992425,4
new_mixture_30_0,mixture,median,Histogram / 16,256,soft,0.1064736856892375,4
new_mixture_30_0,mixture,median,Histogram / 16,384,hard,0.09029550730272741,4
new_mixture_30_0,mixture,median,Histogram / 16,384,soft,0.0996632730433684,4
new_mixture_30_0,mixture,median,Interval plot / five,256,hard,0.004827223143131984,4
new_mixture_30_0,mixture,median,Interval plot / five,256,soft,0.004827223143131984,4
new_mixture_30_0,mixture,median,Interval plot / five,384,hard,0.0027705821860399688,4
new_mixture_30_0,mixture,median,Interval plot / five,384,soft,0.0027705821860399688,4
new_mixture_30_0,mixture,median,Quantile plot / five,256,hard,0.0053796289677349955,4
new_mixture_30_0,mixture,median,Quantile plot / five,256,soft,0.0032515605920035956,4
new_mixture_30_0,mixture,median,Quantile plot / five,384,hard,0.0033848369284839213,4
new_mixture_30_0,mixture,median,Quantile plot / five,384,soft,0.0001995633931865578,4
new_mixture_30_0,mixture,median,Quantile plot / nineteen,256,hard,0.0053796289677349955,4
new_mixture_30_0,mixture,median,Quantile plot / nineteen,256,soft,0.0032515605920035956,4
new_mixture_30_0,mixture,median,Quantile plot / nineteen,384,hard,0.0033848369284839213,4
new_mixture_30_0,mixture,median,Quantile plot / nineteen,384,soft,0.0001995633931865578,4
new_mixture_30_0,mixture,median,Violin plot / 64,256,hard,0.5435360144707212,4
new_mixture_30_0,mixture,median,Violin plot / 64,256,soft,0.5437071439651641,4
new_mixture_30_0,mixture,median,Violin plot / 64,384,hard,0.5429863571145885,4
new_mixture_30_0,mixture,median,Violin plot / 64,384,soft,0.5429848167723388,4
new_mixture_30_0,mixture,spread,Bar chart / means,256,hard,1.1610839244755469,4
new_mixture_30_0,mixture,spread,Bar chart / means,256,soft,1.1610839244755469,4
new_mixture_30_0,mixture,spread,Bar chart / means,384,hard,1.1610839244755469,4
new_mixture_30_0,mixture,spread,Bar chart / means,384,soft,1.1610839244755469,4
new_mixture_30_0,mixture,spread,Box plot / five,256,hard,0.017186249338175544,4
new_mixture_30_0,mixture,spread,Box plot / five,256,soft,0.025988183111997826,4
new_mixture_30_0,mixture,spread,Box plot / five,384,hard,0.01180450024686308,4
new_mixture_30_0,mixture,spread,Box plot / five,384,soft,0.010761079276360998,4
new_mixture_30_0,mixture,spread,Dot plot / raw,256,hard,0.04412922070389558,4
new_mixture_30_0,mixture,spread,Dot plot / raw,256,soft,0.0806753202723237,4
new_mixture_30_0,mixture,spread,Dot plot / raw,384,hard,0.08109473925625539,4
new_mixture_30_0,mixture,spread,Dot plot / raw,384,soft,0.07464359871721883,4
new_mixture_30_0,mixture,spread,ECDF / full,256,hard,0.0522547783636402,4
new_mixture_30_0,mixture,spread,ECDF / full,256,soft,0.052113349119924865,4
new_mixture_30_0,mixture,spread,ECDF / full,384,hard,0.04408773807594564,4
new_mixture_30_0,mixture,spread,ECDF / full,384,soft,0.044087738075946334,4
new_mixture_30_0,mixture,spread,Heatmap / 16,256,hard,0.0759621530167366,4
new_mixture_30_0,mixture,spread,Heatmap / 16,256,soft,0.0759621530167366,4
new_mixture_30_0,mixture,spread,Heatmap / 16,384,hard,0.0759621530167366,4
new_mixture_30_0,mixture,spread,Heatmap / 16,384,soft,0.0759621530167366,4
new_mixture_30_0,mixture,spread,Histogram / 16,256,hard,0.08983944662582206,4
new_mixture_30_0,mixture,spread,Histogram / 16,256,soft,0.0806890512179471,4
new_mixture_30_0,mixture,spread,Histogram / 16,384,hard,0.08939517111582443,4
new_mixture_30_0,mixture,spread,Histogram / 16,384,soft,0.083436655794669,4
new_mixture_30_0,mixture,spread,Interval plot / five,256,hard,0.025988183111997482,4
new_mixture_30_0,mixture,spread,Interval plot / five,256,soft,0.025988183111997482,4
new_mixture_30_0,mixture,spread,Interval plot / five,384,hard,0.010761079276360483,4
new_mixture_30_0,mixture,spread,Interval plot / five,384,soft,0.01076107927636117,4
new_mixture_30_0,mixture,spread,Quantile plot / five,256,hard,0.009764459074266263,4
new_mixture_30_0,mixture,spread,Quantile plot / five,256,soft,0.008941139843643997,4
new_mixture_30_0,mixture,spread,Quantile plot / five,384,hard,0.005119684395554894,4
new_mixture_30_0,mixture,spread,Quantile plot / five,384,soft,0.004597973910302993,4
new_mixture_30_0,mixture,spread,Quantile plot / nineteen,256,hard,0.009764459074266263,4
new_mixture_30_0,mixture,spread,Quantile plot / nineteen,256,soft,0.008941139843643997,4
new_mixture_30_0,mixture,spread,Quantile plot / nineteen,384,hard,0.005119684395554894,4
new_mixture_30_0,mixture,spread,Quantile plot / nineteen,384,soft,0.004597973910302993,4
new_mixture_30_0,mixture,spread,Violin plot / 64,256,hard,0.02815201545956465,4
new_mixture_30_0,mixture,spread,Violin plot / 64,256,soft,0.03451933372604088,4
new_mixture_30_0,mixture,spread,Violin plot / 64,384,hard,0.029672778459236066,4
new_mixture_30_0,mixture,spread,Violin plot / 64,384,soft,0.03378819230530526,4
new_mixture_30_1,mixture,five,Bar chart / means,256,hard,,0
new_mixture_30_1,mixture,five,Bar chart / means,256,soft,,2
new_mixture_30_1,mixture,five,Bar chart / means,384,hard,,0
new_mixture_30_1,mixture,five,Bar chart / means,384,soft,0.4563204602995734,4
new_mixture_30_1,mixture,five,Box plot / five,256,hard,0.1390648650983564,4
new_mixture_30_1,mixture,five,Box plot / five,256,soft,0.08027812497276976,4
new_mixture_30_1,mixture,five,Box plot / five,384,hard,0.14050701884593003,4
new_mixture_30_1,mixture,five,Box plot / five,384,soft,0.07706041311848869,4
new_mixture_30_1,mixture,five,Dot plot / raw,256,hard,0.16589265420137422,4
new_mixture_30_1,mixture,five,Dot plot / raw,256,soft,0.14128970888147468,4
new_mixture_30_1,mixture,five,Dot plot / raw,384,hard,0.1715544581771198,4
new_mixture_30_1,mixture,five,Dot plot / raw,384,soft,0.14458379822023043,4
new_mixture_30_1,mixture,five,ECDF / full,256,hard,0.1483902631732037,4
new_mixture_30_1,mixture,five,ECDF / full,256,soft,0.03600259913462915,4
new_mixture_30_1,mixture,five,ECDF / full,384,hard,0.13601680002315966,4
new_mixture_30_1,mixture,five,ECDF / full,384,soft,0.033030869157475995,4
new_mixture_30_1,mixture,five,Heatmap / 16,256,hard,0.17187475795971946,4
new_mixture_30_1,mixture,five,Heatmap / 16,256,soft,0.17187475795971946,4
new_mixture_30_1,mixture,five,Heatmap / 16,384,hard,0.17187475795971946,4
new_mixture_30_1,mixture,five,Heatmap / 16,384,soft,0.17187475795971946,4
new_mixture_30_1,mixture,five,Histogram / 16,256,hard,0.15962494390334542,4
new_mixture_30_1,mixture,five,Histogram / 16,256,soft,0.16998337648726375,4
new_mixture_30_1,mixture,five,Histogram / 16,384,hard,0.15593800949768014,4
new_mixture_30_1,mixture,five,Histogram / 16,384,soft,0.16557097979869204,4
new_mixture_30_1,mixture,five,Interval plot / five,256,hard,0.13702888317533174,4
new_mixture_30_1,mixture,five,Interval plot / five,256,soft,0.07997133388162347,4
new_mixture_30_1,mixture,five,Interval plot / five,384,hard,0.13828462405697245,4
new_mixture_30_1,mixture,five,Interval plot / five,384,soft,0.07666046356798117,4
new_mixture_30_1,mixture,five,Quantile plot / five,256,hard,0.005923149923837908,4
new_mixture_30_1,mixture,five,Quantile plot / five,256,soft,0.0029962820048592045,4
new_mixture_30_1,mixture,five,Quantile plot / five,384,hard,0.003967089592123126,4
new_mixture_30_1,mixture,five,Quantile plot / five,384,soft,0.0027211015558560167,4
new_mixture_30_1,mixture,five,Quantile plot / nineteen,256,hard,0.005923149923837908,4
new_mixture_30_1,mixture,five,Quantile plot / nineteen,256,soft,0.0029962820048592045,4
new_mixture_30_1,mixture,five,Quantile plot / nineteen,384,hard,0.003967089592123126,4
new_mixture_30_1,mixture,five,Quantile plot / nineteen,384,soft,0.0027211015558560167,4
new_mixture_30_1,mixture,five,Violin plot / 64,256,hard,0.10288705988051886,4
new_mixture_30_1,mixture,five,Violin plot / 64,256,soft,0.10151087783300516,4
new_mixture_30_1,mixture,five,Violin plot / 64,384,hard,0.10441309383042283,4
new_mixture_30_1,mixture,five,Violin plot / 64,384,soft,0.10319025448251748,4
new_mixture_30_1,mixture,median,Bar chart / means,256,hard,,0
new_mixture_30_1,mixture,median,Bar chart / means,256,soft,,2
new_mixture_30_1,mixture,median,Bar chart / means,384,hard,,0
new_mixture_30_1,mixture,median,Bar chart / means,384,soft,0.07708301824793465,4
new_mixture_30_1,mixture,median,Box plot / five,256,hard,0.008602102361738712,4
new_mixture_30_1,mixture,median,Box plot / five,256,soft,0.008602102361738712,4
new_mixture_30_1,mixture,median,Box plot / five,384,hard,0.005685664074143942,4
new_mixture_30_1,mixture,median,Box plot / five,384,soft,0.005685664074143942,4
new_mixture_30_1,mixture,median,Dot plot / raw,256,hard,0.5930939167084339,4
new_mixture_30_1,mixture,median,Dot plot / raw,256,soft,0.5589967624973424,4
new_mixture_30_1,mixture,median,Dot plot / raw,384,hard,0.5873091621678566,4
new_mixture_30_1,mixture,median,Dot plot / raw,384,soft,0.56280100197003,4
new_mixture_30_1,mixture,median,ECDF / full,256,hard,0.5990935905447565,4
new_mixture_30_1,mixture,median,ECDF / full,256,soft,0.036156797610826186,4
new_mixture_30_1,mixture,median,ECDF / full,384,hard,0.5944784489950332,4
new_mixture_30_1,mixture,median,ECDF / full,384,soft,0.018367718973520426,4
new_mixture_30_1,mixture,median,Heatmap / 16,256,hard,0.5532573844574892,4
new_mixture_30_1,mixture,median,Heatmap / 16,256,soft,0.5532573844574892,4
new_mixture_30_1,mixture,median,Heatmap / 16,384,hard,0.5532573844574892,4
new_mixture_30_1,mixture,median,Heatmap / 16,384,soft,0.5532573844574892,4
new_mixture_30_1,mixture,median,Histogram / 16,256,hard,0.5127977897891804,4
new_mixture_30_1,mixture,median,Histogram / 16,256,soft,0.5374585316300977,4
new_mixture_30_1,mixture,median,Histogram / 16,384,hard,0.49633955585041006,4
new_mixture_30_1,mixture,median,Histogram / 16,384,soft,0.5254084121783377,4
new_mixture_30_1,mixture,median,Interval plot / five,256,hard,0.00706814690600718,4
new_mixture_30_1,mixture,median,Interval plot / five,256,soft,0.00706814690600718,4
new_mixture_30_1,mixture,median,Interval plot / five,384,hard,0.003685916321606437,4
new_mixture_30_1,mixture,median,Interval plot / five,384,soft,0.003685916321606437,4
new_mixture_30_1,mixture,median,Quantile plot / five,256,hard,0.007068146906007349,4
new_mixture_30_1,mixture,median,Quantile plot / five,256,soft,0.005405587890630323,4
new_mixture_30_1,mixture,median,Quantile plot / five,384,hard,0.00404848040749411,4
new_mixture_30_1,mixture,median,Quantile plot / five,384,soft,0.003169385284063063,4
new_mixture_30_1,mixture,median,Quantile plot / nineteen,256,hard,0.007068146906007349,4
new_mixture_30_1,mixture,median,Quantile plot / nineteen,256,soft,0.005405587890630323,4
new_mixture_30_1,mixture,median,Quantile plot / nineteen,384,hard,0.00404848040749411,4
new_mixture_30_1,mixture,median,Quantile plot / nineteen,384,soft,0.003169385284063063,4
new_mixture_30_1,mixture,median,Violin plot / 64,256,hard,0.04986097298747899,4
new_mixture_30_1,mixture,median,Violin plot / 64,256,soft,0.04980780783713257,4
new_mixture_30_1,mixture,median,Violin plot / 64,384,hard,0.051244045228877266,4
new_mixture_30_1,mixture,median,Violin plot / 64,384,soft,0.05111782306041151,4
new_mixture_30_1,mixture,spread,Bar chart / means,256,hard,,0
new_mixture_30_1,mixture,spread,Bar chart / means,256,soft,,2
new_mixture_30_1,mixture,spread,Bar chart / means,384,hard,,0
new_mixture_30_1,mixture,spread,Bar chart / means,384,soft,1.2189760501492197,4
new_mixture_30_1,mixture,spread,Box plot / five,256,hard,0.020784190687337622,4
new_mixture_30_1,mixture,spread,Box plot / five,256,soft,0.019122801265053016,4
new_mixture_30_1,mixture,spread,Box plot / five,384,hard,0.014813053940014358,4
new_mixture_30_1,mixture,spread,Box plot / five,384,soft,0.01024935900707915,4
new_mixture_30_1,mixture,spread,Dot plot / raw,256,hard,0.029141632406598932,4
new_mixture_30_1,mixture,spread,Dot plot / raw,256,soft,0.002008562236387873,4
new_mixture_30_1,mixture,spread,Dot plot / raw,384,hard,0.040164015125208646,4
new_mixture_30_1,mixture,spread,Dot plot / raw,384,soft,0.018911699400400925,4
new_mixture_30_1,mixture,spread,ECDF / full,256,hard,0.015800022420483638,4
new_mixture_30_1,mixture,spread,ECDF / full,256,soft,0.01408911426483878,4
new_mixture_30_1,mixture,spread,ECDF / full,384,hard,0.019300930504848872,4
new_mixture_30_1,mixture,spread,ECDF / full,384,soft,0.01930093050484904,4
new_mixture_30_1,mixture,spread,Heatmap / 16,256,hard,0.025953415558783343,4
new_mixture_30_1,mixture,spread,Heatmap / 16,256,soft,0.025953415558783343,4
new_mixture_30_1,mixture,spread,Heatmap / 16,384,hard,0.025953415558783343,4
new_mixture_30_1,mixture,spread,Heatmap / 16,384,soft,0.025953415558783343,4
new_mixture_30_1,mixture,spread,Histogram / 16,256,hard,0.041487077613505535,4
new_mixture_30_1,mixture,spread,Histogram / 16,256,soft,0.03328038422590248,4
new_mixture_30_1,mixture,spread,Histogram / 16,384,hard,0.03945906164526073,4
new_mixture_30_1,mixture,spread,Histogram / 16,384,soft,0.03410111431497703,4
new_mixture_30_1,mixture,spread,Interval plot / five,256,hard,0.01912280126505319,4
new_mixture_30_1,mixture,spread,Interval plot / five,256,soft,0.019122801265053016,4
new_mixture_30_1,mixture,spread,Interval plot / five,384,hard,0.01024935900707915,4
new_mixture_30_1,mixture,spread,Interval plot / five,384,soft,0.01024935900707915,4
new_mixture_30_1,mixture,spread,Quantile plot / five,256,hard,0.007869891410824921,4
new_mixture_30_1,mixture,spread,Quantile plot / five,256,soft,0.003322778844570143,4
new_mixture_30_1,mixture,spread,Quantile plot / five,384,hard,0.006079872019374134,4
new_mixture_30_1,mixture,spread,Quantile plot / five,384,soft,0.003441725791726981,4
new_mixture_30_1,mixture,spread,Quantile plot / nineteen,256,hard,0.007869891410824921,4
new_mixture_30_1,mixture,spread,Quantile plot / nineteen,256,soft,0.003322778844570143,4
new_mixture_30_1,mixture,spread,Quantile plot / nineteen,384,hard,0.006079872019374134,4
new_mixture_30_1,mixture,spread,Quantile plot / nineteen,384,soft,0.003441725791726981,4
new_mixture_30_1,mixture,spread,Violin plot / 64,256,hard,0.08670269985433557,4
new_mixture_30_1,mixture,spread,Violin plot / 64,256,soft,0.09135561582877869,4
new_mixture_30_1,mixture,spread,Violin plot / 64,384,hard,0.08556029557459292,4
new_mixture_30_1,mixture,spread,Violin plot / 64,384,soft,0.08907289460767398,4
new_mixture_30_2,mixture,five,Bar chart / means,256,hard,,0
new_mixture_30_2,mixture,five,Bar chart / means,256,soft,,2
new_mixture_30_2,mixture,five,Bar chart / means,384,hard,,2
new_mixture_30_2,mixture,five,Bar chart / means,384,soft,0.6461613622632392,4
new_mixture_30_2,mixture,five,Box plot / five,256,hard,0.1965353483379178,4
new_mixture_30_2,mixture,five,Box plot / five,256,soft,0.03754634349919711,4
new_mixture_30_2,mixture,five,Box plot / five,384,hard,0.20100186701071077,4
new_mixture_30_2,mixture,five,Box plot / five,384,soft,0.036360993515291914,4
new_mixture_30_2,mixture,five,Dot plot / raw,256,hard,0.035338948705577064,4
new_mixture_30_2,mixture,five,Dot plot / raw,256,soft,0.029393229605432863,4
new_mixture_30_2,mixture,five,Dot plot / raw,384,hard,0.033238971597033554,4
new_mixture_30_2,mixture,five,Dot plot / raw,384,soft,0.026522326709699433,4
new_mixture_30_2,mixture,five,ECDF / full,256,hard,0.02542081621018862,4
new_mixture_30_2,mixture,five,ECDF / full,256,soft,0.024362499152535116,4
new_mixture_30_2,mixture,five,ECDF / full,384,hard,0.02019718496093998,4
new_mixture_30_2,mixture,five,ECDF / full,384,soft,0.019928113217741687,4
new_mixture_30_2,mixture,five,Heatmap / 16,256,hard,0.1308142051327633,4
new_mixture_30_2,mixture,five,Heatmap / 16,256,soft,0.1308142051327633,4
new_mixture_30_2,mixture,five,Heatmap / 16,384,hard,0.1308142051327633,4
new_mixture_30_2,mixture,five,Heatmap / 16,384,soft,0.1308142051327633,4
new_mixture_30_2,mixture,five,Histogram / 16,256,hard,0.12805015350243,4
new_mixture_30_2,mixture,five,Histogram / 16,256,soft,0.13024872771874313,4
new_mixture_30_2,mixture,five,Histogram / 16,384,hard,0.128576169164595,4
new_mixture_30_2,mixture,five,Histogram / 16,384,soft,0.13002389876573797,4
new_mixture_30_2,mixture,five,Interval plot / five,256,hard,0.19437679679791026,4
new_mixture_30_2,mixture,five,Interval plot / five,256,soft,0.03717377861163203,4
new_mixture_30_2,mixture,five,Interval plot / five,384,hard,0.19855854640830195,4
new_mixture_30_2,mixture,five,Interval plot / five,384,soft,0.035720908401510695,4
new_mixture_30_2,mixture,five,Quantile plot / five,256,hard,0.005798931191438652,4
new_mixture_30_2,mixture,five,Quantile plot / five,256,soft,0.003232784829819919,4
new_mixture_30_2,mixture,five,Quantile plot / five,384,hard,0.00409767829106413,4
new_mixture_30_2,mixture,five,Quantile plot / five,384,soft,0.001556636827019837,4
new_mixture_30_2,mixture,five,Quantile plot / nineteen,256,hard,0.005798931191438652,4
new_mixture_30_2,mixture,five,Quantile plot / nineteen,256,soft,0.003232784829819919,4
new_mixture_30_2,mixture,five,Quantile plot / nineteen,384,hard,0.00409767829106413,4
new_mixture_30_2,mixture,five,Quantile plot / nineteen,384,soft,0.001556636827019837,4
new_mixture_30_2,mixture,five,Violin plot / 64,256,hard,0.2603864107339786,4
new_mixture_30_2,mixture,five,Violin plot / 64,256,soft,0.2595413219413454,4
new_mixture_30_2,mixture,five,Violin plot / 64,384,hard,0.2609563920840081,4
new_mixture_30_2,mixture,five,Violin plot / 64,384,soft,0.26039390544449637,4
new_mixture_30_2,mixture,median,Bar chart / means,256,hard,,0
new_mixture_30_2,mixture,median,Bar chart / means,256,soft,,2
new_mixture_30_2,mixture,median,Bar chart / means,384,hard,,2
new_mixture_30_2,mixture,median,Bar chart / means,384,soft,0.46295962950333425,4
new_mixture_30_2,mixture,median,Box plot / five,256,hard,0.008662606992240824,4
new_mixture_30_2,mixture,median,Box plot / five,256,soft,0.008662606992240824,4
new_mixture_30_2,mixture,median,Box plot / five,384,hard,0.005725655344824047,4
new_mixture_30_2,mixture,median,Box plot / five,384,soft,0.005725655344824047,4
new_mixture_30_2,mixture,median,Dot plot / raw,256,hard,0.05143200986170318,4
new_mixture_30_2,mixture,median,Dot plot / raw,256,soft,0.02257379934361503,4
new_mixture_30_2,mixture,median,Dot plot / raw,384,hard,0.0400658437664268,4
new_mixture_30_2,mixture,median,Dot plot / raw,384,soft,0.013428818513497672,4
new_mixture_30_2,mixture,median,ECDF / full,256,hard,0.010784447667763677,4
new_mixture_30_2,mixture,median,ECDF / full,256,soft,0.005672482080987822,4
new_mixture_30_2,mixture,median,ECDF / full,384,hard,0.02085824713428433,4
new_mixture_30_2,mixture,median,ECDF / full,384,soft,0.006665602102051083,4
new_mixture_30_2,mixture,median,Heatmap / 16,256,hard,0.1259458718907222,4
new_mixture_30_2,mixture,median,Heatmap / 16,256,soft,0.1259458718907222,4
new_mixture_30_2,mixture,median,Heatmap / 16,384,hard,0.1259458718907222,4
new_mixture_30_2,mixture,median,Heatmap / 16,384,soft,0.1259458718907222,4
new_mixture_30_2,mixture,median,Histogram / 16,256,hard,0.12335443196815665,4
new_mixture_30_2,mixture,median,Histogram / 16,256,soft,0.12235697207343338,4
new_mixture_30_2,mixture,median,Histogram / 16,384,hard,0.12372223488738246,4
new_mixture_30_2,mixture,median,Histogram / 16,384,soft,0.12318131945551773,4
new_mixture_30_2,mixture,median,Interval plot / five,256,hard,0.006799782554415325,4
new_mixture_30_2,mixture,median,Interval plot / five,256,soft,0.006799782554415325,4
new_mixture_30_2,mixture,median,Interval plot / five,384,hard,0.002525229775918048,4
new_mixture_30_2,mixture,median,Interval plot / five,384,soft,0.002525229775918048,4
new_mixture_30_2,mixture,median,Quantile plot / five,256,hard,0.007209807825346563,4
new_mixture_30_2,mixture,median,Quantile plot / five,256,soft,0.006799782554415325,4
new_mixture_30_2,mixture,median,Quantile plot / five,384,hard,0.003435393206894795,4
new_mixture_30_2,mixture,median,Quantile plot / five,384,soft,0.0008184534274009955,4
new_mixture_30_2,mixture,median,Quantile plot / nineteen,256,hard,0.007209807825346563,4
new_mixture_30_2,mixture,median,Quantile plot / nineteen,256,soft,0.006799782554415325,4
new_mixture_30_2,mixture,median,Quantile plot / nineteen,384,hard,0.003435393206894795,4
new_mixture_30_2,mixture,median,Quantile plot / nineteen,384,soft,0.0008184534274009955,4
new_mixture_30_2,mixture,median,Violin plot / 64,256,hard,0.4064856045278467,4
new_mixture_30_2,mixture,median,Violin plot / 64,256,soft,0.4070167726718708,4
new_mixture_30_2,mixture,median,Violin plot / 64,384,hard,0.40583547674854104,4
new_mixture_30_2,mixture,median,Violin plot / 64,384,soft,0.406311728431235,4
new_mixture_30_2,mixture,spread,Bar chart / means,256,hard,,0
new_mixture_30_2,mixture,spread,Bar chart / means,256,soft,,2
new_mixture_30_2,mixture,spread,Bar chart / means,384,hard,,2
new_mixture_30_2,mixture,spread,Bar chart / means,384,soft,1.7546305398711963,4
new_mixture_30_2,mixture,spread,Box plot / five,256,hard,0.012584597457770578,4
new_mixture_30_2,mixture,spread,Box plot / five,256,soft,0.010688356284429624,4
new_mixture_30_2,mixture,spread,Box plot / five,384,hard,0.014596961679381508,4
new_mixture_30_2,mixture,spread,Box plot / five,384,soft,0.010161308512102944,4
new_mixture_30_2,mixture,spread,Dot plot / raw,256,hard,0.050581963233296195,4
new_mixture_30_2,mixture,spread,Dot plot / raw,256,soft,0.04502921182092052,4
new_mixture_30_2,mixture,spread,Dot plot / raw,384,hard,0.04988462902793955,4
new_mixture_30_2,mixture,spread,Dot plot / raw,384,soft,0.030287124002168986,4
new_mixture_30_2,mixture,spread,ECDF / full,256,hard,0.02258386298658676,4
new_mixture_30_2,mixture,spread,ECDF / full,256,soft,0.022595231865307597,4
new_mixture_30_2,mixture,spread,ECDF / full,384,hard,0.025482625734384166,4
new_mixture_30_2,mixture,spread,ECDF / full,384,soft,0.025482625734384333,4
new_mixture_30_2,mixture,spread,Heatmap / 16,256,hard,0.3217960254327919,4
new_mixture_30_2,mixture,spread,Heatmap / 16,256,soft,0.3217960254327919,4
new_mixture_30_2,mixture,spread,Heatmap / 16,384,hard,0.3217960254327919,4
new_mixture_30_2,mixture,spread,Heatmap / 16,384,soft,0.3217960254327919,4
new_mixture_30_2,mixture,spread,Histogram / 16,256,hard,0.3142300028354711,4
new_mixture_30_2,mixture,spread,Histogram / 16,256,soft,0.3247134095527937,4
new_mixture_30_2,mixture,spread,Histogram / 16,384,hard,0.3166174099997737,4
new_mixture_30_2,mixture,spread,Histogram / 16,384,soft,0.3234244113601122,4
new_mixture_30_2,mixture,spread,Interval plot / five,256,hard,0.010688356284429957,4
new_mixture_30_2,mixture,spread,Interval plot / five,256,soft,0.010688356284429957,4
new_mixture_30_2,mixture,spread,Interval plot / five,384,hard,0.010161308512102611,4
new_mixture_30_2,mixture,spread,Interval plot / five,384,soft,0.010161308512103277,4
new_mixture_30_2,mixture,spread,Quantile plot / five,256,hard,0.00689587393774888,4
new_mixture_30_2,mixture,spread,Quantile plot / five,256,soft,0.0049996327644079245,4
new_mixture_30_2,mixture,spread,Quantile plot / five,384,hard,0.005980128915704892,4
new_mixture_30_2,mixture,spread,Quantile plot / five,384,soft,0.0031456509897342436,4
new_mixture_30_2,mixture,spread,Quantile plot / nineteen,256,hard,0.00689587393774888,4
new_mixture_30_2,mixture,spread,Quantile plot / nineteen,256,soft,0.0049996327644079245,4
new_mixture_30_2,mixture,spread,Quantile plot / nineteen,384,hard,0.005980128915704892,4
new_mixture_30_2,mixture,spread,Quantile plot / nineteen,384,soft,0.0031456509897342436,4
new_mixture_30_2,mixture,spread,Violin plot / 64,256,hard,0.37327437509086514,4
new_mixture_30_2,mixture,spread,Violin plot / 64,256,soft,0.37776399742692157,4
new_mixture_30_2,mixture,spread,Violin plot / 64,384,hard,0.3720019408165778,4
new_mixture_30_2,mixture,spread,Violin plot / 64,384,soft,0.3747600837233429,4
new_null_150_0,null,five,Bar chart / means,256,hard,,2
new_null_150_0,null,five,Bar chart / means,256,soft,0.060413370495451986,4
new_null_150_0,null,five,Bar chart / means,384,hard,0.0593539597422961,4
new_null_150_0,null,five,Bar chart / means,384,soft,0.060589077644755976,4
new_null_150_0,null,five,Box plot / five,256,hard,0.3411918317876939,4
new_null_150_0,null,five,Box plot / five,256,soft,0.17288645397199526,4
new_null_150_0,null,five,Box plot / five,384,hard,0.3468195220413898,4
new_null_150_0,null,five,Box plot / five,384,soft,0.17695861916861863,4
new_null_150_0,null,five,Dot plot / raw,256,hard,0.013930089193576804,4
new_null_150_0,null,five,Dot plot / raw,256,soft,0.013216057199059947,4
new_null_150_0,null,five,Dot plot / raw,384,hard,0.012260264933614692,4
new_null_150_0,null,five,Dot plot / raw,384,soft,0.01168505451743364,4
new_null_150_0,null,five,ECDF / full,256,hard,0.010383067544962985,4
new_null_150_0,null,five,ECDF / full,256,soft,0.006146705022700878,4
new_null_150_0,null,five,ECDF / full,384,hard,0.006852847228708592,4
new_null_150_0,null,five,ECDF / full,384,soft,0.005643296927236148,4
new_null_150_0,null,five,Heatmap / 16,256,hard,0.07957208596485704,4
new_null_150_0,null,five,Heatmap / 16,256,soft,0.07957208596485704,4
new_null_150_0,null,five,Heatmap / 16,384,hard,0.07957208596485704,4
new_null_150_0,null,five,Heatmap / 16,384,soft,0.07957208596485704,4
new_null_150_0,null,five,Histogram / 16,256,hard,0.08744460988588496,4
new_null_150_0,null,five,Histogram / 16,256,soft,0.08071837083079703,4
new_null_150_0,null,five,Histogram / 16,384,hard,0.08528978744398574,4
new_null_150_0,null,five,Histogram / 16,384,soft,0.08096759631562805,4
new_null_150_0,null,five,Interval plot / five,256,hard,0.3364006158204647,4
new_null_150_0,null,five,Interval plot / five,256,soft,0.1728864539719956,4
new_null_150_0,null,five,Interval plot / five,384,hard,0.3448215699267629,4
new_null_150_0,null,five,Interval plot / five,384,soft,0.17640104432684897,4
new_null_150_0,null,five,Quantile plot / five,256,hard,0.006109977531774205,4
new_null_150_0,null,five,Quantile plot / five,256,soft,0.0037094091934064453,4
new_null_150_0,null,five,Quantile plot / five,384,hard,0.0045245546195163125,4
new_null_150_0,null,five,Quantile plot / five,384,soft,0.0022878752934364184,4
new_null_150_0,null,five,Quantile plot / nineteen,256,hard,0.006109977531774205,4
new_null_150_0,null,five,Quantile plot / nineteen,256,soft,0.0037094091934064453,4
new_null_150_0,null,five,Quantile plot / nineteen,384,hard,0.0045245546195163125,4
new_null_150_0,null,five,Quantile plot / nineteen,384,soft,0.0022878752934364184,4
new_null_150_0,null,five,Violin plot / 64,256,hard,0.046195144183123246,4
new_null_150_0,null,five,Violin plot / 64,256,soft,0.046706644712414765,4
new_null_150_0,null,five,Violin plot / 64,384,hard,0.04606430698854153,4
new_null_150_0,null,five,Violin plot / 64,384,soft,0.04625581829264686,4
new_null_150_0,null,median,Bar chart / means,256,hard,,2
new_null_150_0,null,median,Bar chart / means,256,soft,0.02954561886237584,4
new_null_150_0,null,median,Bar chart / means,384,hard,0.0348426726281553,4
new_null_150_0,null,median,Bar chart / means,384,soft,0.028667083115855883,4
new_null_150_0,null,median,Box plot / five,256,hard,0.008386453957935696,4
new_null_150_0,null,median,Box plot / five,256,soft,0.008386453957935696,4
new_null_150_0,null,median,Box plot / five,384,hard,0.006175589512298714,4
new_null_150_0,null,median,Box plot / five,384,soft,0.006175589512298714,4
new_null_150_0,null,median,Dot plot / raw,256,hard,0.015617279982454137,4
new_null_150_0,null,median,Dot plot / raw,256,soft,0.007286820472448614,4
new_null_150_0,null,median,Dot plot / raw,384,hard,0.006191729076061657,4
new_null_150_0,null,median,Dot plot / raw,384,soft,0.005069528975294224,4
new_null_150_0,null,median,ECDF / full,256,hard,0.010031300328648685,4
new_null_150_0,null,median,ECDF / full,256,soft,0.0004778135521069389,4
new_null_150_0,null,median,ECDF / full,384,hard,0.005070157289479871,4
new_null_150_0,null,median,ECDF / full,384,soft,0.003600933458821901,4
new_null_150_0,null,median,Heatmap / 16,256,hard,0.04574612997238285,4
new_null_150_0,null,median,Heatmap / 16,256,soft,0.04574612997238285,4
new_null_150_0,null,median,Heatmap / 16,384,hard,0.04574612997238285,4
new_null_150_0,null,median,Heatmap / 16,384,soft,0.04574612997238285,4
new_null_150_0,null,median,Histogram / 16,256,hard,0.05099927882734606,4
new_null_150_0,null,median,Histogram / 16,256,soft,0.05076317710679333,4
new_null_150_0,null,median,Histogram / 16,384,hard,0.04974197177480142,4
new_null_150_0,null,median,Histogram / 16,384,soft,0.04957795473160537,4
new_null_150_0,null,median,Interval plot / five,256,hard,0.00838645395793593,4
new_null_150_0,null,median,Interval plot / five,256,soft,0.00838645395793593,4
new_null_150_0,null,median,Interval plot / five,384,hard,0.0033877153034502943,4
new_null_150_0,null,median,Interval plot / five,384,soft,0.0033877153034502943,4
new_null_150_0,null,median,Quantile plot / five,256,hard,0.00838645395793593,4
new_null_150_0,null,median,Quantile plot / five,256,soft,0.008386453957935696,4
new_null_150_0,null,median,Quantile plot / five,384,hard,0.0037815210114815405,4
new_null_150_0,null,median,Quantile plot / five,384,soft,0.002210864445637451,4
new_null_150_0,null,median,Quantile plot / nineteen,256,hard,0.00838645395793593,4
new_null_150_0,null,median,Quantile plot / nineteen,256,soft,0.008386453957935696,4
new_null_150_0,null,median,Quantile plot / nineteen,384,hard,0.0037815210114815405,4
new_null_150_0,null,median,Quantile plot / nineteen,384,soft,0.002210864445637451,4
new_null_150_0,null,median,Violin plot / 64,256,hard,0.02921393623781342,4
new_null_150_0,null,median,Violin plot / 64,256,soft,0.02789731898614111,4
new_null_150_0,null,median,Violin plot / 64,384,hard,0.02905410040551184,4
new_null_150_0,null,median,Violin plot / 64,384,soft,0.02856605260405122,4
new_null_150_0,null,spread,Bar chart / means,256,hard,,2
new_null_150_0,null,spread,Bar chart / means,256,soft,0.11898896073707865,4
new_null_150_0,null,spread,Bar chart / means,384,hard,0.11898896073707865,4
new_null_150_0,null,spread,Bar chart / means,384,soft,0.11898896073707865,4
new_null_150_0,null,spread,Box plot / five,256,hard,0.01896603641015565,4
new_null_150_0,null,spread,Box plot / five,256,soft,0.005192742276144037,4
new_null_150_0,null,spread,Box plot / five,384,hard,0.02078818329134302,4
new_null_150_0,null,spread,Box plot / five,384,soft,0.00843700426674571,4
new_null_150_0,null,spread,Dot plot / raw,256,hard,0.011946637058687763,4
new_null_150_0,null,spread,Dot plot / raw,256,soft,0.014472142144381146,4
new_null_150_0,null,spread,Dot plot / raw,384,hard,0.019955637768896653,4
new_null_150_0,null,spread,Dot plot / raw,384,soft,0.007587390232176851,4
new_null_150_0,null,spread,ECDF / full,256,hard,0.009483018205077416,4
new_null_150_0,null,spread,ECDF / full,256,soft,0.006288011872628614,4
new_null_150_0,null,spread,ECDF / full,384,hard,0.0061755895122989485,4
new_null_150_0,null,spread,ECDF / full,384,soft,0.0019453608962977016,4
new_null_150_0,null,spread,Heatmap / 16,256,hard,0.05790963526355718,4
new_null_150_0,null,spread,Heatmap / 16,256,soft,0.05790963526355718,4
new_null_150_0,null,spread,Heatmap / 16,384,hard,0.05790963526355718,4
new_null_150_0,null,spread,Heatmap / 16,384,soft,0.05790963526355718,4
new_null_150_0,null,spread,Histogram / 16,256,hard,0.06906602238739398,4
new_null_150_0,null,spread,Histogram / 16,256,soft,0.052654430193872566,4
new_null_150_0,null,spread,Histogram / 16,384,hard,0.06716591805724417,4
new_null_150_0,null,spread,Histogram / 16,384,soft,0.05636846020846155,4
new_null_150_0,null,spread,Interval plot / five,256,hard,0.005192742276143101,4
new_null_150_0,null,spread,Interval plot / five,256,soft,0.0051927422761449725,4
new_null_150_0,null,spread,Interval plot / five,384,hard,0.00843700426674571,4
new_null_150_0,null,spread,Interval plot / five,384,soft,0.008437004266746179,4
new_null_150_0,null,spread,Quantile plot / five,256,hard,0.005192742276144154,4
new_null_150_0,null,spread,Quantile plot / five,256,soft,0.005192742276144621,4
new_null_150_0,null,spread,Quantile plot / five,384,hard,0.007136236769767702,4
new_null_150_0,null,spread,Quantile plot / five,384,soft,0.0016527600034037847,4
new_null_150_0,null,spread,Quantile plot / nineteen,256,hard,0.005192742276144154,4
new_null_150_0,null,spread,Quantile plot / nineteen,256,soft,0.005192742276144621,4
new_null_150_0,null,spread,Quantile plot / nineteen,384,hard,0.007136236769767702,4
new_null_150_0,null,spread,Quantile plot / nineteen,384,soft,0.0016527600034037847,4
new_null_150_0,null,spread,Violin plot / 64,256,hard,0.05274878754106255,4
new_null_150_0,null,spread,Violin plot / 64,256,soft,0.048671904363427505,4
new_null_150_0,null,spread,Violin plot / 64,384,hard,0.0518020730009267,4
new_null_150_0,null,spread,Violin plot / 64,384,soft,0.04917128611644339,4
new_null_150_1,null,five,Bar chart / means,256,hard,0.10374140794757242,4
new_null_150_1,null,five,Bar chart / means,256,soft,0.09738006031123321,4
new_null_150_1,null,five,Bar chart / means,384,hard,0.09794956142190309,4
new_null_150_1,null,five,Bar chart / means,384,soft,0.09582462051502628,4
new_null_150_1,null,five,Box plot / five,256,hard,0.4589904499154449,4
new_null_150_1,null,five,Box plot / five,256,soft,0.1809398850842568,4
new_null_150_1,null,five,Box plot / five,384,hard,0.4595562593868225,4
new_null_150_1,null,five,Box plot / five,384,soft,0.17556481383430977,4
new_null_150_1,null,five,Dot plot / raw,256,hard,0.027319313890494218,4
new_null_150_1,null,five,Dot plot / raw,256,soft,0.03383818786841768,4
new_null_150_1,null,five,Dot plot / raw,384,hard,0.032604357703991324,4
new_null_150_1,null,five,Dot plot / raw,384,soft,0.03274133022499654,4
new_null_150_1,null,five,ECDF / full,256,hard,0.022711520129641324,4
new_null_150_1,null,five,ECDF / full,256,soft,0.019249119291517337,4
new_null_150_1,null,five,ECDF / full,384,hard,0.01824284709449958,4
new_null_150_1,null,five,ECDF / full,384,soft,0.01643559860681246,4
new_null_150_1,null,five,Heatmap / 16,256,hard,0.05943904024142421,4
new_null_150_1,null,five,Heatmap / 16,256,soft,0.05943904024142421,4
new_null_150_1,null,five,Heatmap / 16,384,hard,0.05943904024142421,4
new_null_150_1,null,five,Heatmap / 16,384,soft,0.05943904024142421,4
new_null_150_1,null,five,Histogram / 16,256,hard,0.05892585648459049,4
new_null_150_1,null,five,Histogram / 16,256,soft,0.059654801417975085,4
new_null_150_1,null,five,Histogram / 16,384,hard,0.05844950610878448,4
new_null_150_1,null,five,Histogram / 16,384,soft,0.05952104031597147,4
new_null_150_1,null,five,Interval plot / five,256,hard,0.45848600223115415,4
new_null_150_1,null,five,Interval plot / five,256,soft,0.1809398850842569,4
new_null_150_1,null,five,Interval plot / five,384,hard,0.4573566856965139,4
new_null_150_1,null,five,Interval plot / five,384,soft,0.1755648138343098,4
new_null_150_1,null,five,Quantile plot / five,256,hard,0.00666572117304717,4
new_null_150_1,null,five,Quantile plot / five,256,soft,0.002909710613175972,4
new_null_150_1,null,five,Quantile plot / five,384,hard,0.0038236561498284777,4
new_null_150_1,null,five,Quantile plot / five,384,soft,0.0015788842281696997,4
new_null_150_1,null,five,Quantile plot / nineteen,256,hard,0.00666572117304717,4
new_null_150_1,null,five,Quantile plot / nineteen,256,soft,0.002909710613175972,4
new_null_150_1,null,five,Quantile plot / nineteen,384,hard,0.0038236561498284777,4
new_null_150_1,null,five,Quantile plot / nineteen,384,soft,0.0015788842281696997,4
new_null_150_1,null,five,Violin plot / 64,256,hard,0.059275077421151595,4
new_null_150_1,null,five,Violin plot / 64,256,soft,0.058874050542510915,4
new_null_150_1,null,five,Violin plot / 64,384,hard,0.0593168988719052,4
new_null_150_1,null,five,Violin plot / 64,384,soft,0.059048013230385284,4
new_null_150_1,null,median,Bar chart / means,256,hard,0.012385108330632088,4
new_null_150_1,null,median,Bar chart / means,256,soft,0.024770216661264173,4
new_null_150_1,null,median,Bar chart / means,384,hard,0.0118599272669279,4
new_null_150_1,null,median,Bar chart / means,384,soft,0.02945960212873127,4
new_null_150_1,null,median,Box plot / five,256,hard,0.006558529184433301,4
new_null_150_1,null,median,Box plot / five,256,soft,0.006558529184433301,4
new_null_150_1,null,median,Box plot / five,384,hard,0.00019021603858819497,4
new_null_150_1,null,median,Box plot / five,384,soft,0.00019021603858819497,4
new_null_150_1,null,median,Dot plot / raw,256,hard,0.01723714888086553,4
new_null_150_1,null,median,Dot plot / raw,256,soft,0.02555645561640663,4
new_null_150_1,null,median,Dot plot / raw,384,hard,0.017049808491941494,4
new_null_150_1,null,median,Dot plot / raw,384,soft,0.014826734784159185,4
new_null_150_1,null,median,ECDF / full,256,hard,0.01037950101540628,4
new_null_150_1,null,median,ECDF / full,256,soft,0.004871100467561223,4
new_null_150_1,null,median,ECDF / full,384,hard,0.009085161488784146,4
new_null_150_1,null,median,ECDF / full,384,soft,0.00678618068856801,4
new_null_150_1,null,median,Heatmap / 16,256,hard,0.05695963188679307,4
new_null_150_1,null,median,Heatmap / 16,256,soft,0.05695963188679307,4
new_null_150_1,null,median,Heatmap / 16,384,hard,0.05695963188679307,4
new_null_150_1,null,median,Heatmap / 16,384,soft,0.05695963188679307,4
new_null_150_1,null,median,Histogram / 16,256,hard,0.04652766715514075,4
new_null_150_1,null,median,Histogram / 16,256,soft,0.04568709144027578,4
new_null_150_1,null,median,Histogram / 16,384,hard,0.04740689352695723,4
new_null_150_1,null,median,Histogram / 16,384,soft,0.046886010003917004,4
new_null_150_1,null,median,Interval plot / five,256,hard,0.006558529184433527,4
new_null_150_1,null,median,Interval plot / five,256,soft,0.006558529184433527,4
new_null_150_1,null,median,Interval plot / five,384,hard,0.00019021603858830792,4
new_null_150_1,null,median,Interval plot / five,384,soft,0.00019021603858830792,4
new_null_150_1,null,median,Quantile plot / five,256,hard,0.006558529184433188,4
new_null_150_1,null,median,Quantile plot / five,256,soft,0.0065585291844342045,4
new_null_150_1,null,median,Quantile plot / five,384,hard,0.001676431654884755,4
new_null_150_1,null,median,Quantile plot / five,384,soft,0.00019021603858898555,4
new_null_150_1,null,median,Quantile plot / nineteen,256,hard,0.006558529184433188,4
new_null_150_1,null,median,Quantile plot / nineteen,256,soft,0.0065585291844342045,4
new_null_150_1,null,median,Quantile plot / nineteen,384,hard,0.001676431654884755,4
new_null_150_1,null,median,Quantile plot / nineteen,384,soft,0.00019021603858898555,4
new_null_150_1,null,median,Violin plot / 64,256,hard,0.0033991781408135384,4
new_null_150_1,null,median,Violin plot / 64,256,soft,0.0037585372519133024,4
new_null_150_1,null,median,Violin plot / 64,384,hard,0.0038478809168903407,4
new_null_150_1,null,median,Violin plot / 64,384,soft,0.0038845843238609536,4
new_null_150_1,null,spread,Bar chart / means,256,hard,0.08237162304587813,4
new_null_150_1,null,spread,Bar chart / means,256,soft,0.08237162304587813,4
new_null_150_1,null,spread,Bar chart / means,384,hard,0.08237162304587813,4
new_null_150_1,null,spread,Bar chart / means,384,soft,0.08237162304587813,4
new_null_150_1,null,spread,Box plot / five,256,hard,0.02255509464596742,4
new_null_150_1,null,spread,Box plot / five,256,soft,0.027317531215245407,4
new_null_150_1,null,spread,Box plot / five,384,hard,0.0121838611782362,4
new_null_150_1,null,spread,Box plot / five,384,soft,0.011535993355619823,4
new_null_150_1,null,spread,Dot plot / raw,256,hard,0.02515299550534218,4
new_null_150_1,null,spread,Dot plot / raw,256,soft,0.024742838346171858,4
new_null_150_1,null,spread,Dot plot / raw,384,hard,0.0065363156496720115,4
new_null_150_1,null,spread,Dot plot / raw,384,soft,0.01717483556382042,4
new_null_150_1,null,spread,ECDF / full,256,hard,0.013868280307692975,4
new_null_150_1,null,spread,ECDF / full,256,soft,0.003143487933712566,4
new_null_150_1,null,spread,ECDF / full,384,hard,0.003612849639348211,4
new_null_150_1,null,spread,ECDF / full,384,soft,0.0005717168359582003,4
new_null_150_1,null,spread,Heatmap / 16,256,hard,0.028084137924549748,4
new_null_150_1,null,spread,Heatmap / 16,256,soft,0.028084137924549748,4
new_null_150_1,null,spread,Heatmap / 16,384,hard,0.028084137924549748,4
new_null_150_1,null,spread,Heatmap / 16,384,soft,0.028084137924549748,4
new_null_150_1,null,spread,Histogram / 16,256,hard,0.005986460288105301,4
new_null_150_1,null,spread,Histogram / 16,256,soft,0.016981269187158195,4
new_null_150_1,null,spread,Histogram / 16,384,hard,0.003401114569619242,4
new_null_150_1,null,spread,Histogram / 16,384,soft,0.015861413743910546,4
new_null_150_1,null,spread,Interval plot / five,256,hard,0.027317531215245522,4
new_null_150_1,null,spread,Interval plot / five,256,soft,0.027317531215245862,4
new_null_150_1,null,spread,Interval plot / five,384,hard,0.011535993355619709,4
new_null_150_1,null,spread,Interval plot / five,384,soft,0.011535993355619823,4
new_null_150_1,null,spread,Quantile plot / five,256,hard,0.009806913412186237,4
new_null_150_1,null,spread,Quantile plot / five,256,soft,0.0009853508021692348,4
new_null_150_1,null,spread,Quantile plot / five,384,hard,0.006193517572728664,4
new_null_150_1,null,spread,Quantile plot / five,384,soft,0.005282095810848193,4
new_null_150_1,null,spread,Quantile plot / nineteen,256,hard,0.009806913412186237,4
new_null_150_1,null,spread,Quantile plot / nineteen,256,soft,0.0009853508021692348,4
new_null_150_1,null,spread,Quantile plot / nineteen,384,hard,0.006193517572728664,4
new_null_150_1,null,spread,Quantile plot / nineteen,384,soft,0.005282095810848193,4
new_null_150_1,null,spread,Violin plot / 64,256,hard,0.00214670808145815,4
new_null_150_1,null,spread,Violin plot / 64,256,soft,0.002135132419512234,4
new_null_150_1,null,spread,Violin plot / 64,384,hard,0.003164848875973782,4
new_null_150_1,null,spread,Violin plot / 64,384,soft,0.003007017127358722,4
new_null_150_2,null,five,Bar chart / means,256,hard,,0
new_null_150_2,null,five,Bar chart / means,256,soft,,0
new_null_150_2,null,five,Bar chart / means,384,hard,,0
new_null_150_2,null,five,Bar chart / means,384,soft,,0
new_null_150_2,null,five,Box plot / five,256,hard,0.31573177633794236,4
new_null_150_2,null,five,Box plot / five,256,soft,0.14841636355961946,4
new_null_150_2,null,five,Box plot / five,384,hard,0.3134606104363007,4
new_null_150_2,null,five,Box plot / five,384,soft,0.14451602771694683,4
new_null_150_2,null,five,Dot plot / raw,256,hard,0.040380517515310264,4
new_null_150_2,null,five,Dot plot / raw,256,soft,0.02501445400179958,4
new_null_150_2,null,five,Dot plot / raw,384,hard,0.04564045618008659,4
new_null_150_2,null,five,Dot plot / raw,384,soft,0.026348065046669557,4
new_null_150_2,null,five,ECDF / full,256,hard,0.01846556633388794,4
new_null_150_2,null,five,ECDF / full,256,soft,0.011812326648588384,4
new_null_150_2,null,five,ECDF / full,384,hard,0.013900576636041235,4
new_null_150_2,null,five,ECDF / full,384,soft,0.014862084531335756,4
new_null_150_2,null,five,Heatmap / 16,256,hard,0.040858699276223064,4
new_null_150_2,null,five,Heatmap / 16,256,soft,0.040858699276223064,4
new_null_150_2,null,five,Heatmap / 16,384,hard,0.040858699276223064,4
new_null_150_2,null,five,Heatmap / 16,384,soft,0.040858699276223064,4
new_null_150_2,null,five,Histogram / 16,256,hard,0.03844192076610376,4
new_null_150_2,null,five,Histogram / 16,256,soft,0.03971746621516527,4
new_null_150_2,null,five,Histogram / 16,384,hard,0.033650696307838575,4
new_null_150_2,null,five,Histogram / 16,384,soft,0.036838737493853135,4
new_null_150_2,null,five,Interval plot / five,256,hard,0.31465075849978696,4
new_null_150_2,null,five,Interval plot / five,256,soft,0.1476682642170941,4
new_null_150_2,null,five,Interval plot / five,384,hard,0.3130422384984343,4
new_null_150_2,null,five,Interval plot / five,384,soft,0.14384149667634177,4
new_null_150_2,null,five,Quantile plot / five,256,hard,0.005454953062604949,4
new_null_150_2,null,five,Quantile plot / five,256,soft,0.002460541969466216,4
new_null_150_2,null,five,Quantile plot / five,384,hard,0.004082883529258641,4
new_null_150_2,null,five,Quantile plot / five,384,soft,0.002358559802562974,4
new_null_150_2,null,five,Quantile plot / nineteen,256,hard,0.005454953062604949,4
new_null_150_2,null,five,Quantile plot / nineteen,256,soft,0.002460541969466216,4
new_null_150_2,null,five,Quantile plot / nineteen,384,hard,0.004082883529258641,4
new_null_150_2,null,five,Quantile plot / nineteen,384,soft,0.002358559802562974,4
new_null_150_2,null,five,Violin plot / 64,256,hard,0.050381185211277706,4
new_null_150_2,null,five,Violin plot / 64,256,soft,0.05252859023216917,4
new_null_150_2,null,five,Violin plot / 64,384,hard,0.052068483886151255,4
new_null_150_2,null,five,Violin plot / 64,384,soft,0.05358209000264913,4
new_null_150_2,null,median,Bar chart / means,256,hard,,0
new_null_150_2,null,median,Bar chart / means,256,soft,,0
new_null_150_2,null,median,Bar chart / means,384,hard,,0
new_null_150_2,null,median,Bar chart / means,384,soft,,0
new_null_150_2,null,median,Box plot / five,256,hard,0.009223840570693791,4
new_null_150_2,null,median,Box plot / five,256,soft,0.009223840570693791,4
new_null_150_2,null,median,Box plot / five,384,hard,0.00867405476620847,4
new_null_150_2,null,median,Box plot / five,384,soft,0.00867405476620847,4
new_null_150_2,null,median,Dot plot / raw,256,hard,0.03244359807025878,4
new_null_150_2,null,median,Dot plot / raw,256,soft,0.006199367273358459,4
new_null_150_2,null,median,Dot plot / raw,384,hard,0.027096223299253767,4
new_null_150_2,null,median,Dot plot / raw,384,soft,0.009415951658527558,4
new_null_150_2,null,median,ECDF / full,256,hard,0.008559265047633283,4
new_null_150_2,null,median,ECDF / full,256,soft,0.01271561400732805,4
new_null_150_2,null,median,ECDF / full,384,hard,0.008203195285925755,4
new_null_150_2,null,median,ECDF / full,384,soft,0.007748592678098501,4
new_null_150_2,null,median,Heatmap / 16,256,hard,0.02149554037045057,4
new_null_150_2,null,median,Heatmap / 16,256,soft,0.02149554037045057,4
new_null_150_2,null,median,Heatmap / 16,384,hard,0.02149554037045057,4
new_null_150_2,null,median,Heatmap / 16,384,soft,0.02149554037045057,4
new_null_150_2,null,median,Histogram / 16,256,hard,0.0125898080002314,4
new_null_150_2,null,median,Histogram / 16,256,soft,0.01990838695245401,4
new_null_150_2,null,median,Histogram / 16,384,hard,0.017129192755112415,4
new_null_150_2,null,median,Histogram / 16,384,soft,0.02244216501467129,4
new_null_150_2,null,median,Interval plot / five,256,hard,0.005483343858066396,4
new_null_150_2,null,median,Interval plot / five,256,soft,0.005483343858066396,4
new_null_150_2,null,median,Interval plot / five,384,hard,0.005301399563182924,4
new_null_150_2,null,median,Interval plot / five,384,soft,0.005301399563182924,4
new_null_150_2,null,median,Quantile plot / five,256,hard,0.005617043562280318,4
new_null_150_2,null,median,Quantile plot / five,256,soft,0.0016049484456666144,4
new_null_150_2,null,median,Quantile plot / five,384,hard,0.006235410967144477,4
new_null_150_2,null,median,Quantile plot / five,384,soft,0.00515489053709532,4
new_null_150_2,null,median,Quantile plot / nineteen,256,hard,0.005617043562280318,4
new_null_150_2,null,median,Quantile plot / nineteen,256,soft,0.0016049484456666144,4
new_null_150_2,null,median,Quantile plot / nineteen,384,hard,0.006235410967144477,4
new_null_150_2,null,median,Quantile plot / nineteen,384,soft,0.00515489053709532,4
new_null_150_2,null,median,Violin plot / 64,256,hard,0.06622366481793657,4
new_null_150_2,null,median,Violin plot / 64,256,soft,0.06715016502918662,4
new_null_150_2,null,median,Violin plot / 64,384,hard,0.06709340727647535,4
new_null_150_2,null,median,Violin plot / 64,384,soft,0.0679269162334149,4
new_null_150_2,null,spread,Bar chart / means,256,hard,,0
new_null_150_2,null,spread,Bar chart / means,256,soft,,0
new_null_150_2,null,spread,Bar chart / means,384,hard,,0
new_null_150_2,null,spread,Bar chart / means,384,soft,,0
new_null_150_2,null,spread,Box plot / five,256,hard,0.022052663497231496,4
new_null_150_2,null,spread,Box plot / five,256,soft,0.02038807101908275,4
new_null_150_2,null,spread,Box plot / five,384,hard,0.014629595029368614,4
new_null_150_2,null,spread,Box plot / five,384,soft,0.010363102263514683,4
new_null_150_2,null,spread,Dot plot / raw,256,hard,0.0649064790455874,4
new_null_150_2,null,spread,Dot plot / raw,256,soft,0.05143839397186085,4
new_null_150_2,null,spread,Dot plot / raw,384,hard,0.08524802837725035,4
new_null_150_2,null,spread,Dot plot / raw,384,soft,0.0603082493633622,4
new_null_150_2,null,spread,ECDF / full,256,hard,0.01102633174861622,4
new_null_150_2,null,spread,ECDF / full,256,soft,0.02033197813920773,4
new_null_150_2,null,spread,ECDF / full,384,hard,0.010363102263514683,4
new_null_150_2,null,spread,ECDF / full,384,soft,0.013338284476881325,4
new_null_150_2,null,spread,Heatmap / 16,256,hard,0.032057685585051295,4
new_null_150_2,null,spread,Heatmap / 16,256,soft,0.032057685585051295,4
new_null_150_2,null,spread,Heatmap / 16,384,hard,0.032057685585051295,4
new_null_150_2,null,spread,Heatmap / 16,384,soft,0.032057685585051295,4
new_null_150_2,null,spread,Histogram / 16,256,hard,0.08825757919588689,4
new_null_150_2,null,spread,Histogram / 16,256,soft,0.04742138409383387,4
new_null_150_2,null,spread,Histogram / 16,384,hard,0.07498093526218425,4
new_null_150_2,null,spread,Histogram / 16,384,soft,0.0488770027939697,4
new_null_150_2,null,spread,Interval plot / five,256,hard,0.020388071019081806,4
new_null_150_2,null,spread,Interval plot / five,256,soft,0.020388071019083222,4
new_null_150_2,null,spread,Interval plot / five,384,hard,0.010363102263514447,4
new_null_150_2,null,spread,Interval plot / five,384,soft,0.010363102263515153,4
new_null_150_2,null,spread,Quantile plot / five,256,hard,0.011026331748616102,4
new_null_150_2,null,spread,Quantile plot / five,256,soft,0.003329184956298554,4
new_null_150_2,null,spread,Quantile plot / five,384,hard,0.003860052132676422,4
new_null_150_2,null,spread,Quantile plot / five,384,soft,0.0024363760340481715,4
new_null_150_2,null,spread,Quantile plot / nineteen,256,hard,0.011026331748616102,4
new_null_150_2,null,spread,Quantile plot / nineteen,256,soft,0.003329184956298554,4
new_null_150_2,null,spread,Quantile plot / nineteen,384,hard,0.003860052132676422,4
new_null_150_2,null,spread,Quantile plot / nineteen,384,soft,0.0024363760340481715,4
new_null_150_2,null,spread,Violin plot / 64,256,hard,0.0313315898546713,4
new_null_150_2,null,spread,Violin plot / 64,256,soft,0.029205916946673658,4
new_null_150_2,null,spread,Violin plot / 64,384,hard,0.030249689731366346,4
new_null_150_2,null,spread,Violin plot / 64,384,soft,0.02896142948790236,4
new_null_30_0,null,five,Bar chart / means,256,hard,0.20209347468277264,4
new_null_30_0,null,five,Bar chart / means,256,soft,0.1967672147420296,4
new_null_30_0,null,five,Bar chart / means,384,hard,0.19936503634800506,4
new_null_30_0,null,five,Bar chart / means,384,soft,0.1958964365500824,4
new_null_30_0,null,five,Box plot / five,256,hard,0.20956717663532598,4
new_null_30_0,null,five,Box plot / five,256,soft,0.03601085057462369,4
new_null_30_0,null,five,Box plot / five,384,hard,0.21410540206805423,4
new_null_30_0,null,five,Box plot / five,384,soft,0.03459972589370469,4
new_null_30_0,null,five,Dot plot / raw,256,hard,0.04851143025773466,4
new_null_30_0,null,five,Dot plot / raw,256,soft,0.015187872510525344,4
new_null_30_0,null,five,Dot plot / raw,384,hard,0.051013120521592945,4
new_null_30_0,null,five,Dot plot / raw,384,soft,0.02081041237016928,4
new_null_30_0,null,five,ECDF / full,256,hard,0.02757668073078914,4
new_null_30_0,null,five,ECDF / full,256,soft,0.01701328199305,4
new_null_30_0,null,five,ECDF / full,384,hard,0.03373387577097263,4
new_null_30_0,null,five,ECDF / full,384,soft,0.018457376654428665,4
new_null_30_0,null,five,Heatmap / 16,256,hard,0.08314164570227639,4
new_null_30_0,null,five,Heatmap / 16,256,soft,0.08314164570227639,4
new_null_30_0,null,five,Heatmap / 16,384,hard,0.08314164570227639,4
new_null_30_0,null,five,Heatmap / 16,384,soft,0.08314164570227639,4
new_null_30_0,null,five,Histogram / 16,256,hard,0.08372703299458326,4
new_null_30_0,null,five,Histogram / 16,256,soft,0.08393078812944482,4
new_null_30_0,null,five,Histogram / 16,384,hard,0.08245878428880794,4
new_null_30_0,null,five,Histogram / 16,384,soft,0.08317668733115754,4
new_null_30_0,null,five,Interval plot / five,256,hard,0.2099538788948899,4
new_null_30_0,null,five,Interval plot / five,256,soft,0.03601085057462387,4
new_null_30_0,null,five,Interval plot / five,384,hard,0.2117737262581925,4
new_null_30_0,null,five,Interval plot / five,384,soft,0.034356292952057686,4
new_null_30_0,null,five,Quantile plot / five,256,hard,0.006095832295727794,4
new_null_30_0,null,five,Quantile plot / five,256,soft,0.0018745640664769548,4
new_null_30_0,null,five,Quantile plot / five,384,hard,0.0044841401162625215,4
new_null_30_0,null,five,Quantile plot / five,384,soft,0.002011134574446817,4
new_null_30_0,null,five,Quantile plot / nineteen,256,hard,0.006095832295727794,4
new_null_30_0,null,five,Quantile plot / nineteen,256,soft,0.0018745640664769548,4
new_null_30_0,null,five,Quantile plot / nineteen,384,hard,0.0044841401162625215,4
new_null_30_0,null,five,Quantile plot / nineteen,384,soft,0.002011134574446817,4
new_null_30_0,null,five,Violin plot / 64,256,hard,0.060636917445030955,4
new_null_30_0,null,five,Violin plot / 64,256,soft,0.06057809131812982,4
new_null_30_0,null,five,Violin plot / 64,384,hard,0.06023453699037443,4
new_null_30_0,null,five,Violin plot / 64,384,soft,0.06003648000998845,4
new_null_30_0,null,median,Bar chart / means,256,hard,0.12013451502798668,4
new_null_30_0,null,median,Bar chart / means,256,soft,0.09350321532427144,4
new_null_30_0,null,median,Bar chart / means,384,hard,0.10649232335414874,4
new_null_30_0,null,median,Bar chart / means,384,soft,0.08914932436453547,4
new_null_30_0,null,median,Box plot / five,256,hard,0.0041448835893523805,4
new_null_30_0,null,median,Box plot / five,256,soft,0.0041448835893523805,4
new_null_30_0,null,median,Box plot / five,384,hard,0.005780999663204545,4
new_null_30_0,null,median,Box plot / five,384,soft,0.005780999663204545,4
new_null_30_0,null,median,Dot plot / raw,256,hard,0.06188806703198016,4
new_null_30_0,null,median,Dot plot / raw,256,soft,0.006391838851573236,4
new_null_30_0,null,median,Dot plot / raw,384,hard,0.0709523847557129,4
new_null_30_0,null,median,Dot plot / raw,384,soft,0.027219619483113043,4
new_null_30_0,null,median,ECDF / full,256,hard,0.04467916586745916,4
new_null_30_0,null,median,ECDF / full,256,soft,0.009333045076844715,4
new_null_30_0,null,median,ECDF / full,384,hard,0.04579182689050312,4
new_null_30_0,null,median,ECDF / full,384,soft,0.00608690497534993,4
new_null_30_0,null,median,Heatmap / 16,256,hard,0.023039059098410572,4
new_null_30_0,null,median,Heatmap / 16,256,soft,0.023039059098410572,4
new_null_30_0,null,median,Heatmap / 16,384,hard,0.023039059098410572,4
new_null_30_0,null,median,Heatmap / 16,384,soft,0.023039059098410572,4
new_null_30_0,null,median,Histogram / 16,256,hard,0.008295916848336077,4
new_null_30_0,null,median,Histogram / 16,256,soft,0.011174406129623456,4
new_null_30_0,null,median,Histogram / 16,384,hard,0.011927938963252135,4
new_null_30_0,null,median,Histogram / 16,384,soft,0.013560777517179441,4
new_null_30_0,null,median,Interval plot / five,256,hard,0.0041448835893527535,4
new_null_30_0,null,median,Interval plot / five,256,soft,0.0041448835893527535,4
new_null_30_0,null,median,Interval plot / five,384,hard,0.004563834954969468,4
new_null_30_0,null,median,Interval plot / five,384,soft,0.004563834954969468,4
new_null_30_0,null,median,Quantile plot / five,256,hard,0.0044396684350066756,4
new_null_30_0,null,median,Quantile plot / five,256,soft,0.004144883589352132,4
new_null_30_0,null,median,Quantile plot / five,384,hard,0.004563834954969592,4
new_null_30_0,null,median,Quantile plot / five,384,soft,0.003346670246734143,4
new_null_30_0,null,median,Quantile plot / nineteen,256,hard,0.0044396684350066756,4
new_null_30_0,null,median,Quantile plot / nineteen,256,soft,0.004144883589352132,4
new_null_30_0,null,median,Quantile plot / nineteen,384,hard,0.004563834954969592,4
new_null_30_0,null,median,Quantile plot / nineteen,384,soft,0.003346670246734143,4
new_null_30_0,null,median,Violin plot / 64,256,hard,0.025539175059810668,4
new_null_30_0,null,median,Violin plot / 64,256,soft,0.024367314221900985,4
new_null_30_0,null,median,Violin plot / 64,384,hard,0.025132709419417205,4
new_null_30_0,null,median,Violin plot / 64,384,soft,0.02412258976701632,4
new_null_30_0,null,spread,Bar chart / means,256,hard,0.26599681440201334,4
new_null_30_0,null,spread,Bar chart / means,256,soft,0.26599681440201334,4
new_null_30_0,null,spread,Bar chart / means,384,hard,0.26599681440201334,4
new_null_30_0,null,spread,Bar chart / means,384,soft,0.26599681440201334,4
new_null_30_0,null,spread,Box plot / five,256,hard,0.017438017167334362,4
new_null_30_0,null,spread,Box plot / five,256,soft,0.02647320838614411,4
new_null_30_0,null,spread,Box plot / five,384,hard,0.023159413600122566,4
new_null_30_0,null,spread,Box plot / five,384,soft,0.01734299898961314,4
new_null_30_0,null,spread,Dot plot / raw,256,hard,0.09543637563788282,4
new_null_30_0,null,spread,Dot plot / raw,256,soft,0.03917521485058162,4
new_null_30_0,null,spread,Dot plot / raw,384,hard,0.09533184309107745,4
new_null_30_0,null,spread,Dot plot / raw,384,soft,0.05155261569557826,4
new_null_30_0,null,spread,ECDF / full,256,hard,0.061823516673527465,4
new_null_30_0,null,spread,ECDF / full,256,soft,0.06182351667352808,4
new_null_30_0,null,spread,ECDF / full,384,hard,0.06366182618985988,4
new_null_30_0,null,spread,ECDF / full,384,soft,0.06366182618986063,4
new_null_30_0,null,spread,Heatmap / 16,256,hard,0.06722948477219752,4
new_null_30_0,null,spread,Heatmap / 16,256,soft,0.06722948477219752,4
new_null_30_0,null,spread,Heatmap / 16,384,hard,0.06722948477219752,4
new_null_30_0,null,spread,Heatmap / 16,384,soft,0.06722948477219752,4
new_null_30_0,null,spread,Histogram / 16,256,hard,0.065710715643332,4
new_null_30_0,null,spread,Histogram / 16,256,soft,0.06664453028963288,4
new_null_30_0,null,spread,Histogram / 16,384,hard,0.06562665633479603,4
new_null_30_0,null,spread,Histogram / 16,384,soft,0.06626311005352381,4
new_null_30_0,null,spread,Interval plot / five,256,hard,0.026473208386144358,4
new_null_30_0,null,spread,Interval plot / five,256,soft,0.026473208386144483,4
new_null_30_0,null,spread,Interval plot / five,384,hard,0.017342998989612394,4
new_null_30_0,null,spread,Interval plot / five,384,soft,0.01734299898961376,4
new_null_30_0,null,spread,Quantile plot / five,256,hard,0.007496217694378658,4
new_null_30_0,null,spread,Quantile plot / five,256,soft,0.0005914298931013445,4
new_null_30_0,null,spread,Quantile plot / five,384,hard,0.00800034781660967,4
new_null_30_0,null,spread,Quantile plot / five,384,soft,0.005851829557816423,4
new_null_30_0,null,spread,Quantile plot / nineteen,256,hard,0.007496217694378658,4
new_null_30_0,null,spread,Quantile plot / nineteen,256,soft,0.0005914298931013445,4
new_null_30_0,null,spread,Quantile plot / nineteen,384,hard,0.00800034781660967,4
new_null_30_0,null,spread,Quantile plot / nineteen,384,soft,0.005851829557816423,4
new_null_30_0,null,spread,Violin plot / 64,256,hard,0.02592211780140482,4
new_null_30_0,null,spread,Violin plot / 64,256,soft,0.023861648109670806,4
new_null_30_0,null,spread,Violin plot / 64,384,hard,0.024513539554066384,4
new_null_30_0,null,spread,Violin plot / 64,384,soft,0.02325983951573675,4
new_null_30_1,null,five,Bar chart / means,256,hard,,0
new_null_30_1,null,five,Bar chart / means,256,soft,,0
new_null_30_1,null,five,Bar chart / means,384,hard,,0
new_null_30_1,null,five,Bar chart / means,384,soft,,2
new_null_30_1,null,five,Box plot / five,256,hard,0.2565399575095422,4
new_null_30_1,null,five,Box plot / five,256,soft,0.11255201714809282,4
new_null_30_1,null,five,Box plot / five,384,hard,0.25610288182994523,4
new_null_30_1,null,five,Box plot / five,384,soft,0.11069151780756378,4
new_null_30_1,null,five,Dot plot / raw,256,hard,0.058982270129169415,4
new_null_30_1,null,five,Dot plot / raw,256,soft,0.03465490852175524,4
new_null_30_1,null,five,Dot plot / raw,384,hard,0.04119075631797088,4
new_null_30_1,null,five,Dot plot / raw,384,soft,0.029505306697662527,4
new_null_30_1,null,five,ECDF / full,256,hard,0.022836144732130758,4
new_null_30_1,null,five,ECDF / full,256,soft,0.018977313977018316,4
new_null_30_1,null,five,ECDF / full,384,hard,0.022467750099506148,4
new_null_30_1,null,five,ECDF / full,384,soft,0.016243953638028392,4
new_null_30_1,null,five,Heatmap / 16,256,hard,0.07106818557482077,4
new_null_30_1,null,five,Heatmap / 16,256,soft,0.07106818557482077,4
new_null_30_1,null,five,Heatmap / 16,384,hard,0.07106818557482077,4
new_null_30_1,null,five,Heatmap / 16,384,soft,0.07106818557482077,4
new_null_30_1,null,five,Histogram / 16,256,hard,0.0748250292314031,4
new_null_30_1,null,five,Histogram / 16,256,soft,0.07651403470546449,4
new_null_30_1,null,five,Histogram / 16,384,hard,0.07736771606256465,4
new_null_30_1,null,five,Histogram / 16,384,soft,0.0780847850478058,4
new_null_30_1,null,five,Interval plot / five,256,hard,0.25237679333813734,4
new_null_30_1,null,five,Interval plot / five,256,soft,0.11255201714809279,4
new_null_30_1,null,five,Interval plot / five,384,hard,0.2534615121394866,4
new_null_30_1,null,five,Interval plot / five,384,soft,0.1106915178075638,4
new_null_30_1,null,five,Quantile plot / five,256,hard,0.004889562377016068,4
new_null_30_1,null,five,Quantile plot / five,256,soft,0.0025574631390384364,4
new_null_30_1,null,five,Quantile plot / five,384,hard,0.00328261375559892,4
new_null_30_1,null,five,Quantile plot / five,384,soft,0.0016888721171761498,4
new_null_30_1,null,five,Quantile plot / nineteen,256,hard,0.004889562377016068,4
new_null_30_1,null,five,Quantile plot / nineteen,256,soft,0.0025574631390384364,4
new_null_30_1,null,five,Quantile plot / nineteen,384,hard,0.00328261375559892,4
new_null_30_1,null,five,Quantile plot / nineteen,384,soft,0.0016888721171761498,4
new_null_30_1,null,five,Violin plot / 64,256,hard,0.09545834678894231,4
new_null_30_1,null,five,Violin plot / 64,256,soft,0.0940173155558075,4
new_null_30_1,null,five,Violin plot / 64,384,hard,0.09469084234588823,4
new_null_30_1,null,five,Violin plot / 64,384,soft,0.0938142560610971,4
new_null_30_1,null,median,Bar chart / means,256,hard,,0
new_null_30_1,null,median,Bar chart / means,256,soft,,0
new_null_30_1,null,median,Bar chart / means,384,hard,,0
new_null_30_1,null,median,Bar chart / means,384,soft,,2
new_null_30_1,null,median,Box plot / five,256,hard,0.00236463414367268,4
new_null_30_1,null,median,Box plot / five,256,soft,0.00236463414367268,4
new_null_30_1,null,median,Box plot / five,384,hard,0.00236463414367268,4
new_null_30_1,null,median,Box plot / five,384,soft,0.00236463414367268,4
new_null_30_1,null,median,Dot plot / raw,256,hard,0.05277730688997827,4
new_null_30_1,null,median,Dot plot / raw,256,soft,0.01116891431555991,4
new_null_30_1,null,median,Dot plot / raw,384,hard,0.027220186179991238,4
new_null_30_1,null,median,Dot plot / raw,384,soft,0.011032154000833388,4
new_null_30_1,null,median,ECDF / full,256,hard,0.033214531691394586,4
new_null_30_1,null,median,ECDF / full,256,soft,0.007901311901417494,4
new_null_30_1,null,median,ECDF / full,384,hard,0.03528675149990855,4
new_null_30_1,null,median,ECDF / full,384,soft,0.006711688891211145,4
new_null_30_1,null,median,Heatmap / 16,256,hard,0.013633702187106543,4
new_null_30_1,null,median,Heatmap / 16,256,soft,0.013633702187106543,4
new_null_30_1,null,median,Heatmap / 16,384,hard,0.013633702187106543,4
new_null_30_1,null,median,Heatmap / 16,384,soft,0.013633702187106543,4
new_null_30_1,null,median,Histogram / 16,256,hard,0.014295749770821445,4
new_null_30_1,null,median,Histogram / 16,256,soft,0.018586892207803053,4
new_null_30_1,null,median,Histogram / 16,384,hard,0.016495503015845542,4
new_null_30_1,null,median,Histogram / 16,384,soft,0.019294133643334228,4
new_null_30_1,null,median,Interval plot / five,256,hard,0.00236463414367268,4
new_null_30_1,null,median,Interval plot / five,256,soft,0.00236463414367268,4
new_null_30_1,null,median,Interval plot / five,384,hard,0.00236463414367268,4
new_null_30_1,null,median,Interval plot / five,384,soft,0.00236463414367268,4
new_null_30_1,null,median,Quantile plot / five,256,hard,0.0035542614608410606,4
new_null_30_1,null,median,Quantile plot / five,256,soft,0.002364634143672888,4
new_null_30_1,null,median,Quantile plot / five,384,hard,0.0027269893033681084,4
new_null_30_1,null,median,Quantile plot / five,384,soft,0.002364634143672472,4
new_null_30_1,null,median,Quantile plot / nineteen,256,hard,0.0035542614608410606,4
new_null_30_1,null,median,Quantile plot / nineteen,256,soft,0.002364634143672888,4
new_null_30_1,null,median,Quantile plot / nineteen,384,hard,0.0027269893033681084,4
new_null_30_1,null,median,Quantile plot / nineteen,384,soft,0.002364634143672472,4
new_null_30_1,null,median,Violin plot / 64,256,hard,0.12552073610731002,4
new_null_30_1,null,median,Violin plot / 64,256,soft,0.12459287813611453,4
new_null_30_1,null,median,Violin plot / 64,384,hard,0.12586194464696,4
new_null_30_1,null,median,Violin plot / 64,384,soft,0.1248096812070532,4
new_null_30_1,null,spread,Bar chart / means,256,hard,,0
new_null_30_1,null,spread,Bar chart / means,256,soft,,0
new_null_30_1,null,spread,Bar chart / means,384,hard,,0
new_null_30_1,null,spread,Bar chart / means,384,soft,,2
new_null_30_1,null,spread,Box plot / five,256,hard,0.026684374376300404,4
new_null_30_1,null,spread,Box plot / five,256,soft,0.011907001437554915,4
new_null_30_1,null,spread,Box plot / five,384,hard,0.017377562604729793,4
new_null_30_1,null,spread,Box plot / five,384,soft,0.00880473084703124,4
new_null_30_1,null,spread,Dot plot / raw,256,hard,0.009400793025457582,4
new_null_30_1,null,spread,Dot plot / raw,256,soft,0.006663539107820747,4
new_null_30_1,null,spread,Dot plot / raw,384,hard,0.026318672728463784,4
new_null_30_1,null,spread,Dot plot / raw,384,soft,0.00853834579863216,4
new_null_30_1,null,spread,ECDF / full,256,hard,0.014777372938745382,4
new_null_30_1,null,spread,ECDF / full,256,soft,0.011765162959956818,4
new_null_30_1,null,spread,ECDF / full,384,hard,0.020157873494185047,4
new_null_30_1,null,spread,ECDF / full,384,soft,0.017145663515397213,4
new_null_30_1,null,spread,Heatmap / 16,256,hard,0.0664554464803567,4
new_null_30_1,null,spread,Heatmap / 16,256,soft,0.0664554464803567,4
new_null_30_1,null,spread,Heatmap / 16,384,hard,0.0664554464803567,4
new_null_30_1,null,spread,Heatmap / 16,384,soft,0.0664554464803567,4
new_null_30_1,null,spread,Histogram / 16,256,hard,0.05602287284806554,4
new_null_30_1,null,spread,Histogram / 16,256,soft,0.05553862628107641,4
new_null_30_1,null,spread,Histogram / 16,384,hard,0.057822444546458074,4
new_null_30_1,null,spread,Histogram / 16,384,soft,0.05752724395411583,4
new_null_30_1,null,spread,Interval plot / five,256,hard,0.011907001437554915,4
new_null_30_1,null,spread,Interval plot / five,256,soft,0.01190700143755481,4
new_null_30_1,null,spread,Interval plot / five,384,hard,0.008804730847031032,4
new_null_30_1,null,spread,Interval plot / five,384,soft,0.008804730847031345,4
new_null_30_1,null,spread,Quantile plot / five,256,hard,0.009290115523600886,4
new_null_30_1,null,spread,Quantile plot / five,256,soft,0.00287037150119026,4
new_null_30_1,null,spread,Quantile plot / five,384,hard,0.00406753774906468,4
new_null_30_1,null,spread,Quantile plot / five,384,soft,0.0003313201809944809,4
new_null_30_1,null,spread,Quantile plot / nineteen,256,hard,0.009290115523600886,4
new_null_30_1,null,spread,Quantile plot / nineteen,256,soft,0.00287037150119026,4
new_null_30_1,null,spread,Quantile plot / nineteen,384,hard,0.00406753774906468,4
new_null_30_1,null,spread,Quantile plot / nineteen,384,soft,0.0003313201809944809,4
new_null_30_1,null,spread,Violin plot / 64,256,hard,0.09704052311137884,4
new_null_30_1,null,spread,Violin plot / 64,256,soft,0.09479358701610616,4
new_null_30_1,null,spread,Violin plot / 64,384,hard,0.0959118858897668,4
new_null_30_1,null,spread,Violin plot / 64,384,soft,0.09466971049526182,4
new_null_30_2,null,five,Bar chart / means,256,hard,0.1933606345911137,4
new_null_30_2,null,five,Bar chart / means,256,soft,0.1894818030101481,4
new_null_30_2,null,five,Bar chart / means,384,hard,0.19258909588427306,4
new_null_30_2,null,five,Bar chart / means,384,soft,0.1913260975901985,4
new_null_30_2,null,five,Box plot / five,256,hard,0.4394229384514402,4
new_null_30_2,null,five,Box plot / five,256,soft,0.23880343556755626,4
new_null_30_2,null,five,Box plot / five,384,hard,0.44459313189023636,4
new_null_30_2,null,five,Box plot / five,384,soft,0.23785099376152002,4
new_null_30_2,null,five,Dot plot / raw,256,hard,0.09283530954155678,4
new_null_30_2,null,five,Dot plot / raw,256,soft,0.0948552089995715,4
new_null_30_2,null,five,Dot plot / raw,384,hard,0.1347982480977894,4
new_null_30_2,null,five,Dot plot / raw,384,soft,0.06755319896055935,4
new_null_30_2,null,five,ECDF / full,256,hard,0.08369489823856835,4
new_null_30_2,null,five,ECDF / full,256,soft,0.08249814360684428,4
new_null_30_2,null,five,ECDF / full,384,hard,0.0819932854741664,4
new_null_30_2,null,five,ECDF / full,384,soft,0.08026977272427056,4
new_null_30_2,null,five,Heatmap / 16,256,hard,0.13482646603183013,4
new_null_30_2,null,five,Heatmap / 16,256,soft,0.13482646603183013,4
new_null_30_2,null,five,Heatmap / 16,384,hard,0.13482646603183013,4
new_null_30_2,null,five,Heatmap / 16,384,soft,0.13482646603183013,4
new_null_30_2,null,five,Histogram / 16,256,hard,0.1177437384271552,4
new_null_30_2,null,five,Histogram / 16,256,soft,0.1233883049553362,4
new_null_30_2,null,five,Histogram / 16,384,hard,0.11620933280474384,4
new_null_30_2,null,five,Histogram / 16,384,soft,0.11984834937772337,4
new_null_30_2,null,five,Interval plot / five,256,hard,0.4380534399431205,4
new_null_30_2,null,five,Interval plot / five,256,soft,0.23790573036529936,4
new_null_30_2,null,five,Interval plot / five,384,hard,0.4432145163780513,4
new_null_30_2,null,five,Interval plot / five,384,soft,0.23785099376151997,4
new_null_30_2,null,five,Quantile plot / five,256,hard,0.006279763312552828,4
new_null_30_2,null,five,Quantile plot / five,256,soft,0.0030403615913416325,4
new_null_30_2,null,five,Quantile plot / five,384,hard,0.005098898993487542,4
new_null_30_2,null,five,Quantile plot / five,384,soft,0.002242088097420427,4
new_null_30_2,null,five,Quantile plot / nineteen,256,hard,0.006279763312552828,4
new_null_30_2,null,five,Quantile plot / nineteen,256,soft,0.0030403615913416325,4
new_null_30_2,null,five,Quantile plot / nineteen,384,hard,0.005098898993487542,4
new_null_30_2,null,five,Quantile plot / nineteen,384,soft,0.002242088097420427,4
new_null_30_2,null,five,Violin plot / 64,256,hard,0.18192672308794516,4
new_null_30_2,null,five,Violin plot / 64,256,soft,0.18210689982808334,4
new_null_30_2,null,five,Violin plot / 64,384,hard,0.18158268524158971,4
new_null_30_2,null,five,Violin plot / 64,384,soft,0.18169557744374265,4
new_null_30_2,null,median,Bar chart / means,256,hard,0.09653643912095199,4
new_null_30_2,null,median,Bar chart / means,256,soft,0.1159305970257798,4
new_null_30_2,null,median,Bar chart / means,384,hard,0.10039413265515512,4
new_null_30_2,null,median,Bar chart / means,384,soft,0.10670912412552798,4
new_null_30_2,null,median,Box plot / five,256,hard,0.00955424068908524,4
new_null_30_2,null,median,Box plot / five,256,soft,0.00955424068908524,4
new_null_30_2,null,median,Box plot / five,384,hard,0.005669260599558567,4
new_null_30_2,null,median,Box plot / five,384,soft,0.005669260599558567,4
new_null_30_2,null,median,Dot plot / raw,256,hard,0.016094457427964573,4
new_null_30_2,null,median,Dot plot / raw,256,soft,0.022660348611755986,4
new_null_30_2,null,median,Dot plot / raw,384,hard,0.014852385169936932,4
new_null_30_2,null,median,Dot plot / raw,384,soft,0.010352258022306946,4
new_null_30_2,null,median,ECDF / full,256,hard,0.024677047784221123,4
new_null_30_2,null,median,ECDF / full,256,soft,0.018424485097505744,4
new_null_30_2,null,median,ECDF / full,384,hard,0.0164332095467472,4
new_null_30_2,null,median,ECDF / full,384,soft,0.010546005646159741,4
new_null_30_2,null,median,Heatmap / 16,256,hard,0.07700970878774116,4
new_null_30_2,null,median,Heatmap / 16,256,soft,0.07700970878774116,4
new_null_30_2,null,median,Heatmap / 16,384,hard,0.07700970878774116,4
new_null_30_2,null,median,Heatmap / 16,384,soft,0.07700970878774116,4
new_null_30_2,null,median,Histogram / 16,256,hard,0.07392944990568542,4
new_null_30_2,null,median,Histogram / 16,256,soft,0.07920518680312486,4
new_null_30_2,null,median,Histogram / 16,384,hard,0.07502322878852274,4
new_null_30_2,null,median,Histogram / 16,384,soft,0.07846142428094377,4
new_null_30_2,null,median,Interval plot / five,256,hard,0.005065714677800348,4
new_null_30_2,null,median,Interval plot / five,256,soft,0.005065714677800348,4
new_null_30_2,null,median,Interval plot / five,384,hard,0.005669260599558693,4
new_null_30_2,null,median,Interval plot / five,384,soft,0.005669260599558693,4
new_null_30_2,null,median,Quantile plot / five,256,hard,0.005818247371448476,4
new_null_30_2,null,median,Quantile plot / five,256,soft,0.0006192164683853173,4
new_null_30_2,null,median,Quantile plot / five,384,hard,0.005669260599558058,4
new_null_30_2,null,median,Quantile plot / five,384,soft,0.005669260599558693,4
new_null_30_2,null,median,Quantile plot / nineteen,256,hard,0.005818247371448476,4
new_null_30_2,null,median,Quantile plot / nineteen,256,soft,0.0006192164683853173,4
new_null_30_2,null,median,Quantile plot / nineteen,384,hard,0.005669260599558058,4
new_null_30_2,null,median,Quantile plot / nineteen,384,soft,0.005669260599558693,4
new_null_30_2,null,median,Violin plot / 64,256,hard,0.029072734777740777,4
new_null_30_2,null,median,Violin plot / 64,256,soft,0.028197280612514232,4
new_null_30_2,null,median,Violin plot / 64,384,hard,0.02864462035621671,4
new_null_30_2,null,median,Violin plot / 64,384,soft,0.02819882123619244,4
new_null_30_2,null,spread,Bar chart / means,256,hard,0.47625718297909725,4
new_null_30_2,null,spread,Bar chart / means,256,soft,0.47625718297909725,4
new_null_30_2,null,spread,Bar chart / means,384,hard,0.47625718297909725,4
new_null_30_2,null,spread,Bar chart / means,384,soft,0.47625718297909725,4
new_null_30_2,null,spread,Box plot / five,256,hard,0.019394157904827573,4
new_null_30_2,null,spread,Box plot / five,256,soft,0.024792854536444916,4
new_null_30_2,null,spread,Box plot / five,384,hard,0.016312151710000194,4
new_null_30_2,null,spread,Box plot / five,384,soft,0.003682168769253334,4
new_null_30_2,null,spread,Dot plot / raw,256,hard,0.08166827760410804,4
new_null_30_2,null,spread,Dot plot / raw,256,soft,0.07553502484214464,4
new_null_30_2,null,spread,Dot plot / raw,384,hard,0.0826508845427709,4
new_null_30_2,null,spread,Dot plot / raw,384,soft,0.10343170138696255,4
new_null_30_2,null,spread,ECDF / full,256,hard,0.13465879102297404,4
new_null_30_2,null,spread,ECDF / full,256,soft,0.13456610628075918,4
new_null_30_2,null,spread,ECDF / full,384,hard,0.13629698964708642,4
new_null_30_2,null,spread,ECDF / full,384,soft,0.13629698964708717,4
new_null_30_2,null,spread,Heatmap / 16,256,hard,0.153959475329856,4
new_null_30_2,null,spread,Heatmap / 16,256,soft,0.153959475329856,4
new_null_30_2,null,spread,Heatmap / 16,384,hard,0.153959475329856,4
new_null_30_2,null,spread,Heatmap / 16,384,soft,0.153959475329856,4
new_null_30_2,null,spread,Histogram / 16,256,hard,0.17879947389939735,4
new_null_30_2,null,spread,Histogram / 16,256,soft,0.16918165929958745,4
new_null_30_2,null,spread,Histogram / 16,384,hard,0.18131543826517144,4
new_null_30_2,null,spread,Histogram / 16,384,soft,0.17501282455090306,4
new_null_30_2,null,spread,Interval plot / five,256,hard,0.02479285453644479,4
new_null_30_2,null,spread,Interval plot / five,256,soft,0.02479285453644441,4
new_null_30_2,null,spread,Interval plot / five,384,hard,0.003682168769253842,4
new_null_30_2,null,spread,Interval plot / five,384,soft,0.003682168769253461,4
new_null_30_2,null,spread,Quantile plot / five,256,hard,0.011863415933225731,4
new_null_30_2,null,spread,Quantile plot / five,256,soft,0.010797393263233798,4
new_null_30_2,null,spread,Quantile plot / five,384,hard,0.004490660601154219,4
new_null_30_2,null,spread,Quantile plot / five,384,soft,0.0036821687692544765,4
new_null_30_2,null,spread,Quantile plot / nineteen,256,hard,0.011863415933225731,4
new_null_30_2,null,spread,Quantile plot / nineteen,256,soft,0.010797393263233798,4
new_null_30_2,null,spread,Quantile plot / nineteen,384,hard,0.004490660601154219,4
new_null_30_2,null,spread,Quantile plot / nineteen,384,soft,0.0036821687692544765,4
new_null_30_2,null,spread,Violin plot / 64,256,hard,0.2698842473286158,4
new_null_30_2,null,spread,Violin plot / 64,256,soft,0.2708713556265306,4
new_null_30_2,null,spread,Violin plot / 64,384,hard,0.27048640291382153,4
new_null_30_2,null,spread,Violin plot / 64,384,soft,0.2711181209117891,4
new_profile_ramp_0.01_0,ramp,profile,Area chart,256,hard,0.9410420083415304,4
new_profile_ramp_0.01_0,ramp,profile,Area chart,256,soft,0.6975893534013056,4
new_profile_ramp_0.01_0,ramp,profile,Area chart,384,hard,0.7283448730271919,4
new_profile_ramp_0.01_0,ramp,profile,Area chart,384,soft,0.41048451581504086,4
new_profile_ramp_0.01_0,ramp,profile,Bar chart,256,hard,0.9642962327484448,4
new_profile_ramp_0.01_0,ramp,profile,Bar chart,256,soft,0.9533635240550596,4
new_profile_ramp_0.01_0,ramp,profile,Bar chart,384,hard,0.7283448730271919,4
new_profile_ramp_0.01_0,ramp,profile,Bar chart,384,soft,0.5053815789492273,4
new_profile_ramp_0.01_0,ramp,profile,Dot plot,256,hard,0.32476286200066135,4
new_profile_ramp_0.01_0,ramp,profile,Dot plot,256,soft,0.31605055532587334,4
new_profile_ramp_0.01_0,ramp,profile,Dot plot,384,hard,0.24019744416741964,4
new_profile_ramp_0.01_0,ramp,profile,Dot plot,384,soft,0.21553616778731916,4
new_profile_ramp_0.01_0,ramp,profile,Line chart,256,hard,0.35304280030007024,4
new_profile_ramp_0.01_0,ramp,profile,Line chart,256,soft,0.3528568620548687,4
new_profile_ramp_0.01_0,ramp,profile,Line chart,384,hard,0.30089851984825733,4
new_profile_ramp_0.01_0,ramp,profile,Line chart,384,soft,0.2664992431771517,4
new_profile_ramp_0.01_1,ramp,profile,Area chart,256,hard,1.0832498561867696,4
new_profile_ramp_0.01_1,ramp,profile,Area chart,256,soft,0.8479791789849642,4
new_profile_ramp_0.01_1,ramp,profile,Area chart,384,hard,0.832174006049688,4
new_profile_ramp_0.01_1,ramp,profile,Area chart,384,soft,0.4167471155008952,4
new_profile_ramp_0.01_1,ramp,profile,Bar chart,256,hard,1.0832498561867696,4
new_profile_ramp_0.01_1,ramp,profile,Bar chart,256,soft,1.0641796210254033,4
new_profile_ramp_0.01_1,ramp,profile,Bar chart,384,hard,0.832174006049688,4
new_profile_ramp_0.01_1,ramp,profile,Bar chart,384,soft,0.5639185032483837,4
new_profile_ramp_0.01_1,ramp,profile,Dot plot,256,hard,0.35928814199932835,4
new_profile_ramp_0.01_1,ramp,profile,Dot plot,256,soft,0.36007196462699703,4
new_profile_ramp_0.01_1,ramp,profile,Dot plot,384,hard,0.2667215995709121,4
new_profile_ramp_0.01_1,ramp,profile,Dot plot,384,soft,0.2506377086226971,4
new_profile_ramp_0.01_1,ramp,profile,Line chart,256,hard,0.44444504287793846,4
new_profile_ramp_0.01_1,ramp,profile,Line chart,256,soft,0.3899340706438629,4
new_profile_ramp_0.01_1,ramp,profile,Line chart,384,hard,0.3461421453587983,4
new_profile_ramp_0.01_1,ramp,profile,Line chart,384,soft,0.3092777438695816,4
new_profile_ramp_0.01_2,ramp,profile,Area chart,256,hard,1.1769556242249593,4
new_profile_ramp_0.01_2,ramp,profile,Area chart,256,soft,0.8392944881072065,4
new_profile_ramp_0.01_2,ramp,profile,Area chart,384,hard,0.8867352996219089,4
new_profile_ramp_0.01_2,ramp,profile,Area chart,384,soft,0.4276292096404222,4
new_profile_ramp_0.01_2,ramp,profile,Bar chart,256,hard,1.1457183546062755,4
new_profile_ramp_0.01_2,ramp,profile,Bar chart,256,soft,1.1275669350331845,4
new_profile_ramp_0.01_2,ramp,profile,Bar chart,384,hard,0.8666355523185229,4
new_profile_ramp_0.01_2,ramp,profile,Bar chart,384,soft,0.6016808201513456,4
new_profile_ramp_0.01_2,ramp,profile,Dot plot,256,hard,0.38479185758344525,4
new_profile_ramp_0.01_2,ramp,profile,Dot plot,256,soft,0.3734246222939116,4
new_profile_ramp_0.01_2,ramp,profile,Dot plot,384,hard,0.2525423231323715,4
new_profile_ramp_0.01_2,ramp,profile,Dot plot,384,soft,0.2641003534084218,4
new_profile_ramp_0.01_2,ramp,profile,Line chart,256,hard,0.42422890695616844,4
new_profile_ramp_0.01_2,ramp,profile,Line chart,256,soft,0.42660591194042435,4
new_profile_ramp_0.01_2,ramp,profile,Line chart,384,hard,0.3047257069439515,4
new_profile_ramp_0.01_2,ramp,profile,Line chart,384,soft,0.33809087061869475,4
new_profile_ramp_0.01_3,ramp,profile,Area chart,256,hard,1.0932875454017763,4
new_profile_ramp_0.01_3,ramp,profile,Area chart,256,soft,0.89816255941564,4
new_profile_ramp_0.01_3,ramp,profile,Area chart,384,hard,0.8359256455657325,4
new_profile_ramp_0.01_3,ramp,profile,Area chart,384,soft,0.4827526119033179,4
new_profile_ramp_0.01_3,ramp,profile,Bar chart,256,hard,1.0932875454017763,4
new_profile_ramp_0.01_3,ramp,profile,Bar chart,256,soft,1.1803487514710773,4
new_profile_ramp_0.01_3,ramp,profile,Bar chart,384,hard,0.8359256455657325,4
new_profile_ramp_0.01_3,ramp,profile,Bar chart,384,soft,0.6316180928690203,4
new_profile_ramp_0.01_3,ramp,profile,Dot plot,256,hard,0.3929577311132198,4
new_profile_ramp_0.01_3,ramp,profile,Dot plot,256,soft,0.3754323490797634,4
new_profile_ramp_0.01_3,ramp,profile,Dot plot,384,hard,0.26466890161238044,4
new_profile_ramp_0.01_3,ramp,profile,Dot plot,384,soft,0.2540174224307985,4
new_profile_ramp_0.01_3,ramp,profile,Line chart,256,hard,0.4291668875263291,4
new_profile_ramp_0.01_3,ramp,profile,Line chart,256,soft,0.39526377408351776,4
new_profile_ramp_0.01_3,ramp,profile,Line chart,384,hard,0.3590281081727288,4
new_profile_ramp_0.01_3,ramp,profile,Line chart,384,soft,0.30515548117667624,4
new_profile_ramp_0.1_0,ramp,profile,Area chart,256,hard,0.10020820677034774,4
new_profile_ramp_0.1_0,ramp,profile,Area chart,256,soft,0.0707921375384684,4
new_profile_ramp_0.1_0,ramp,profile,Area chart,384,hard,0.06891107996799573,4
new_profile_ramp_0.1_0,ramp,profile,Area chart,384,soft,0.04130757307376815,4
new_profile_ramp_0.1_0,ramp,profile,Bar chart,256,hard,0.10429042668909307,4
new_profile_ramp_0.1_0,ramp,profile,Bar chart,256,soft,0.10421804485633945,4
new_profile_ramp_0.1_0,ramp,profile,Bar chart,384,hard,0.07420964324770879,4
new_profile_ramp_0.1_0,ramp,profile,Bar chart,384,soft,0.06099775447885574,4
new_profile_ramp_0.1_0,ramp,profile,Dot plot,256,hard,0.035095238312421735,4
new_profile_ramp_0.1_0,ramp,profile,Dot plot,256,soft,0.03473705811996807,4
new_profile_ramp_0.1_0,ramp,profile,Dot plot,384,hard,0.021624742118406214,4
new_profile_ramp_0.1_0,ramp,profile,Dot plot,384,soft,0.022763801823429162,4
new_profile_ramp_0.1_0,ramp,profile,Line chart,256,hard,0.04523537608391194,4
new_profile_ramp_0.1_0,ramp,profile,Line chart,256,soft,0.039761169763545816,4
new_profile_ramp_0.1_0,ramp,profile,Line chart,384,hard,0.030453906411806304,4
new_profile_ramp_0.1_0,ramp,profile,Line chart,384,soft,0.02859211933947087,4
new_profile_ramp_0.1_1,ramp,profile,Area chart,256,hard,0.10312497361689633,4
new_profile_ramp_0.1_1,ramp,profile,Area chart,256,soft,0.09119707627705982,4
new_profile_ramp_0.1_1,ramp,profile,Area chart,384,hard,0.07805708644704751,4
new_profile_ramp_0.1_1,ramp,profile,Area chart,384,soft,0.049391865579843625,4
new_profile_ramp_0.1_1,ramp,profile,Bar chart,256,hard,0.1148908588685408,4
new_profile_ramp_0.1_1,ramp,profile,Bar chart,256,soft,0.12070593992827376,4
new_profile_ramp_0.1_1,ramp,profile,Bar chart,384,hard,0.0859480859529055,4
new_profile_ramp_0.1_1,ramp,profile,Bar chart,384,soft,0.0650495773815335,4
new_profile_ramp_0.1_1,ramp,profile,Dot plot,256,hard,0.042157942627543715,4
new_profile_ramp_0.1_1,ramp,profile,Dot plot,256,soft,0.03831373640314333,4
new_profile_ramp_0.1_1,ramp,profile,Dot plot,384,hard,0.02792355930934986,4
new_profile_ramp_0.1_1,ramp,profile,Dot plot,384,soft,0.026111241508225483,4
new_profile_ramp_0.1_1,ramp,profile,Line chart,256,hard,0.04333631575403005,4
new_profile_ramp_0.1_1,ramp,profile,Line chart,256,soft,0.04561182493906437,4
new_profile_ramp_0.1_1,ramp,profile,Line chart,384,hard,0.03358897612680399,4
new_profile_ramp_0.1_1,ramp,profile,Line chart,384,soft,0.0331904021860699,4
new_profile_ramp_0.1_2,ramp,profile,Area chart,256,hard,0.10773696873734082,4
new_profile_ramp_0.1_2,ramp,profile,Area chart,256,soft,0.08083374926423616,4
new_profile_ramp_0.1_2,ramp,profile,Area chart,384,hard,0.07725744179339541,4
new_profile_ramp_0.1_2,ramp,profile,Area chart,384,soft,0.04827059418339246,4
new_profile_ramp_0.1_2,ramp,profile,Bar chart,256,hard,0.11654201212381717,4
new_profile_ramp_0.1_2,ramp,profile,Bar chart,256,soft,0.11024154314179732,4
new_profile_ramp_0.1_2,ramp,profile,Bar chart,384,hard,0.08534003876184595,4
new_profile_ramp_0.1_2,ramp,profile,Bar chart,384,soft,0.06109600196772494,4
new_profile_ramp_0.1_2,ramp,profile,Dot plot,256,hard,0.039296844161340966,4
new_profile_ramp_0.1_2,ramp,profile,Dot plot,256,soft,0.037697102625918334,4
new_profile_ramp_0.1_2,ramp,profile,Dot plot,384,hard,0.026481338482585735,4
new_profile_ramp_0.1_2,ramp,profile,Dot plot,384,soft,0.025999626296794656,4
new_profile_ramp_0.1_2,ramp,profile,Line chart,256,hard,0.04923155233924395,4
new_profile_ramp_0.1_2,ramp,profile,Line chart,256,soft,0.04502856686777158,4
new_profile_ramp_0.1_2,ramp,profile,Line chart,384,hard,0.03621825921850404,4
new_profile_ramp_0.1_2,ramp,profile,Line chart,384,soft,0.03306124720552461,4
new_profile_ramp_0.1_3,ramp,profile,Area chart,256,hard,0.08198141879706307,4
new_profile_ramp_0.1_3,ramp,profile,Area chart,256,soft,0.06550708726360954,4
new_profile_ramp_0.1_3,ramp,profile,Area chart,384,hard,0.06664071719911625,4
new_profile_ramp_0.1_3,ramp,profile,Area chart,384,soft,0.03600445156991753,4
new_profile_ramp_0.1_3,ramp,profile,Bar chart,256,hard,0.09735776436450085,4
new_profile_ramp_0.1_3,ramp,profile,Bar chart,256,soft,0.10103515061316323,4
new_profile_ramp_0.1_3,ramp,profile,Bar chart,384,hard,0.07276434684239966,4
new_profile_ramp_0.1_3,ramp,profile,Bar chart,384,soft,0.05426744590254615,4
new_profile_ramp_0.1_3,ramp,profile,Dot plot,256,hard,0.03448074867302145,4
new_profile_ramp_0.1_3,ramp,profile,Dot plot,256,soft,0.03263109543076039,4
new_profile_ramp_0.1_3,ramp,profile,Dot plot,384,hard,0.022349372003628378,4
new_profile_ramp_0.1_3,ramp,profile,Dot plot,384,soft,0.022091776217097,4
new_profile_ramp_0.1_3,ramp,profile,Line chart,256,hard,0.0418663500226909,4
new_profile_ramp_0.1_3,ramp,profile,Line chart,256,soft,0.04023651625030774,4
new_profile_ramp_0.1_3,ramp,profile,Line chart,384,hard,0.03135197612827141,4
new_profile_ramp_0.1_3,ramp,profile,Line chart,384,soft,0.029000321365585592,4
new_profile_ramp_0.4_0,ramp,profile,Area chart,256,hard,0.028667622031314358,4
new_profile_ramp_0.4_0,ramp,profile,Area chart,256,soft,0.030654062361003112,4
new_profile_ramp_0.4_0,ramp,profile,Area chart,384,hard,0.02201713427681776,4
new_profile_ramp_0.4_0,ramp,profile,Area chart,384,soft,0.01693358469594331,4
new_profile_ramp_0.4_0,ramp,profile,Bar chart,256,hard,0.03641056841617342,4
new_profile_ramp_0.4_0,ramp,profile,Bar chart,256,soft,0.03697669809045414,4
new_profile_ramp_0.4_0,ramp,profile,Bar chart,384,hard,0.027456610442039234,4
new_profile_ramp_0.4_0,ramp,profile,Bar chart,384,soft,0.02027724661315667,4
new_profile_ramp_0.4_0,ramp,profile,Dot plot,256,hard,0.012294698593402702,4
new_profile_ramp_0.4_0,ramp,profile,Dot plot,256,soft,0.012137570768400014,4
new_profile_ramp_0.4_0,ramp,profile,Dot plot,384,hard,0.009285178374232421,4
new_profile_ramp_0.4_0,ramp,profile,Dot plot,384,soft,0.008344907424164813,4
new_profile_ramp_0.4_0,ramp,profile,Line chart,256,hard,0.021581750350453267,4
new_profile_ramp_0.4_0,ramp,profile,Line chart,256,soft,0.021103859686488466,4
new_profile_ramp_0.4_0,ramp,profile,Line chart,384,hard,0.013986508406095517,4
new_profile_ramp_0.4_0,ramp,profile,Line chart,384,soft,0.013709815338622415,4
new_profile_ramp_0.4_1,ramp,profile,Area chart,256,hard,0.03356855766961319,4
new_profile_ramp_0.4_1,ramp,profile,Area chart,256,soft,0.0337135406941334,4
new_profile_ramp_0.4_1,ramp,profile,Area chart,384,hard,0.020332983406476327,4
new_profile_ramp_0.4_1,ramp,profile,Area chart,384,soft,0.0152255724642116,4
new_profile_ramp_0.4_1,ramp,profile,Bar chart,256,hard,0.033227262230097844,4
new_profile_ramp_0.4_1,ramp,profile,Bar chart,256,soft,0.030386541448505278,4
new_profile_ramp_0.4_1,ramp,profile,Bar chart,384,hard,0.02418948443824453,4
new_profile_ramp_0.4_1,ramp,profile,Bar chart,384,soft,0.017269574715748474,4
new_profile_ramp_0.4_1,ramp,profile,Dot plot,256,hard,0.011045826281574748,4
new_profile_ramp_0.4_1,ramp,profile,Dot plot,256,soft,0.010520650363407644,4
new_profile_ramp_0.4_1,ramp,profile,Dot plot,384,hard,0.0068863526406206564,4
new_profile_ramp_0.4_1,ramp,profile,Dot plot,384,soft,0.007175187135109938,4
new_profile_ramp_0.4_1,ramp,profile,Line chart,256,hard,0.02425380045128176,4
new_profile_ramp_0.4_1,ramp,profile,Line chart,256,soft,0.024579422014690617,4
new_profile_ramp_0.4_1,ramp,profile,Line chart,384,hard,0.015057508260302457,4
new_profile_ramp_0.4_1,ramp,profile,Line chart,384,soft,0.015010576076103822,4
new_profile_ramp_0.4_2,ramp,profile,Area chart,256,hard,0.029173980482271704,4
new_profile_ramp_0.4_2,ramp,profile,Area chart,256,soft,0.03231538826788705,4
new_profile_ramp_0.4_2,ramp,profile,Area chart,384,hard,0.02053269072497422,4
new_profile_ramp_0.4_2,ramp,profile,Area chart,384,soft,0.016957271046358358,4
new_profile_ramp_0.4_2,ramp,profile,Bar chart,256,hard,0.031187492479618904,4
new_profile_ramp_0.4_2,ramp,profile,Bar chart,256,soft,0.03204786164084654,4
new_profile_ramp_0.4_2,ramp,profile,Bar chart,384,hard,0.02324152249490581,4
new_profile_ramp_0.4_2,ramp,profile,Bar chart,384,soft,0.01724718793434945,4
new_profile_ramp_0.4_2,ramp,profile,Dot plot,256,hard,0.010420267117532335,4
new_profile_ramp_0.4_2,ramp,profile,Dot plot,256,soft,0.010459919850906843,4
new_profile_ramp_0.4_2,ramp,profile,Dot plot,384,hard,0.0074308638689935475,4
new_profile_ramp_0.4_2,ramp,profile,Dot plot,384,soft,0.006980154752721525,4
new_profile_ramp_0.4_2,ramp,profile,Line chart,256,hard,0.02399249694013965,4
new_profile_ramp_0.4_2,ramp,profile,Line chart,256,soft,0.02258320424624055,4
new_profile_ramp_0.4_2,ramp,profile,Line chart,384,hard,0.01538479679045499,4
new_profile_ramp_0.4_2,ramp,profile,Line chart,384,soft,0.01470731799088417,4
new_profile_ramp_0.4_3,ramp,profile,Area chart,256,hard,0.027971407533652973,4
new_profile_ramp_0.4_3,ramp,profile,Area chart,256,soft,0.028211410631982556,4
new_profile_ramp_0.4_3,ramp,profile,Area chart,384,hard,0.01998203735608914,4
new_profile_ramp_0.4_3,ramp,profile,Area chart,384,soft,0.016252784927391368,4
new_profile_ramp_0.4_3,ramp,profile,Bar chart,256,hard,0.03139831856906531,4
new_profile_ramp_0.4_3,ramp,profile,Bar chart,256,soft,0.02863816970074137,4
new_profile_ramp_0.4_3,ramp,profile,Bar chart,384,hard,0.022891880006436664,4
new_profile_ramp_0.4_3,ramp,profile,Bar chart,384,soft,0.01574263324508757,4
new_profile_ramp_0.4_3,ramp,profile,Dot plot,256,hard,0.010741190035583483,4
new_profile_ramp_0.4_3,ramp,profile,Dot plot,256,soft,0.009897332735166006,4
new_profile_ramp_0.4_3,ramp,profile,Dot plot,384,hard,0.007429175500481817,4
new_profile_ramp_0.4_3,ramp,profile,Dot plot,384,soft,0.006784806318319889,4
new_profile_ramp_0.4_3,ramp,profile,Line chart,256,hard,0.02274491003018049,4
new_profile_ramp_0.4_3,ramp,profile,Line chart,256,soft,0.023193736438178392,4
new_profile_ramp_0.4_3,ramp,profile,Line chart,384,hard,0.01524385850426187,4
new_profile_ramp_0.4_3,ramp,profile,Line chart,384,soft,0.014808211028126359,4
new_profile_step_0.01_0,step,profile,Area chart,256,hard,0.6874477677390328,4
new_profile_step_0.01_0,step,profile,Area chart,256,soft,0.5624170670100954,4
new_profile_step_0.01_0,step,profile,Area chart,384,hard,0.5200358937086116,4
new_profile_step_0.01_0,step,profile,Area chart,384,soft,0.3210844433481674,4
new_profile_step_0.01_0,step,profile,Bar chart,256,hard,0.6874477677390328,4
new_profile_step_0.01_0,step,profile,Bar chart,256,soft,0.6987226858241893,4
new_profile_step_0.01_0,step,profile,Bar chart,384,hard,0.5324131570459925,4
new_profile_step_0.01_0,step,profile,Bar chart,384,soft,0.36921298514012507,4
new_profile_step_0.01_0,step,profile,Dot plot,256,hard,0.2386661125924301,4
new_profile_step_0.01_0,step,profile,Dot plot,256,soft,0.23195742721131674,4
new_profile_step_0.01_0,step,profile,Dot plot,384,hard,0.17433422784135827,4
new_profile_step_0.01_0,step,profile,Dot plot,384,soft,0.1593457169722691,4
new_profile_step_0.01_0,step,profile,Line chart,256,hard,0.3218308012187726,4
new_profile_step_0.01_0,step,profile,Line chart,256,soft,0.24187785248864319,4
new_profile_step_0.01_0,step,profile,Line chart,384,hard,0.20036775126827266,4
new_profile_step_0.01_0,step,profile,Line chart,384,soft,0.19817453132610185,4
new_profile_step_0.01_1,step,profile,Area chart,256,hard,0.6275104583450244,4
new_profile_step_0.01_1,step,profile,Area chart,256,soft,0.5050101077418692,4
new_profile_step_0.01_1,step,profile,Area chart,384,hard,0.47158748791019334,4
new_profile_step_0.01_1,step,profile,Area chart,384,soft,0.255768133709588,4
new_profile_step_0.01_1,step,profile,Bar chart,256,hard,0.6275104583450244,4
new_profile_step_0.01_1,step,profile,Bar chart,256,soft,0.6418409821616616,4
new_profile_step_0.01_1,step,profile,Bar chart,384,hard,0.4820109399237207,4
new_profile_step_0.01_1,step,profile,Bar chart,384,soft,0.33855264229832527,4
new_profile_step_0.01_1,step,profile,Dot plot,256,hard,0.2171225583977543,4
new_profile_step_0.01_1,step,profile,Dot plot,256,soft,0.21165114013578118,4
new_profile_step_0.01_1,step,profile,Dot plot,384,hard,0.15985729791025086,4
new_profile_step_0.01_1,step,profile,Dot plot,384,soft,0.146063219230243,4
new_profile_step_0.01_1,step,profile,Line chart,256,hard,0.270868592924703,4
new_profile_step_0.01_1,step,profile,Line chart,256,soft,0.22372719183789797,4
new_profile_step_0.01_1,step,profile,Line chart,384,hard,0.2091487990949405,4
new_profile_step_0.01_1,step,profile,Line chart,384,soft,0.17803379120858653,4
new_profile_step_0.01_2,step,profile,Area chart,256,hard,0.7037398849702434,4
new_profile_step_0.01_2,step,profile,Area chart,256,soft,0.5383779576702287,4
new_profile_step_0.01_2,step,profile,Area chart,384,hard,0.5444535799939162,4
new_profile_step_0.01_2,step,profile,Area chart,384,soft,0.2901462604413445,4
new_profile_step_0.01_2,step,profile,Bar chart,256,hard,0.7037398849702434,4
new_profile_step_0.01_2,step,profile,Bar chart,256,soft,0.7428024733190345,4
new_profile_step_0.01_2,step,profile,Bar chart,384,hard,0.5573233548614898,4
new_profile_step_0.01_2,step,profile,Bar chart,384,soft,0.3711755988340659,4
new_profile_step_0.01_2,step,profile,Dot plot,256,hard,0.24906593773417426,4
new_profile_step_0.01_2,step,profile,Dot plot,256,soft,0.24008635941195128,4
new_profile_step_0.01_2,step,profile,Dot plot,384,hard,0.17501970062012814,4
new_profile_step_0.01_2,step,profile,Dot plot,384,soft,0.1678529675119998,4
new_profile_step_0.01_2,step,profile,Line chart,256,hard,0.31866242323040117,4
new_profile_step_0.01_2,step,profile,Line chart,256,soft,0.2578509470711496,4
new_profile_step_0.01_2,step,profile,Line chart,384,hard,0.24813868195053554,4
new_profile_step_0.01_2,step,profile,Line chart,384,soft,0.2013515641789927,4
new_profile_step_0.01_3,step,profile,Area chart,256,hard,0.6348660646494265,4
new_profile_step_0.01_3,step,profile,Area chart,256,soft,0.45835562784958517,4
new_profile_step_0.01_3,step,profile,Area chart,384,hard,0.4438807542533165,4
new_profile_step_0.01_3,step,profile,Area chart,384,soft,0.2959395751736502,4
new_profile_step_0.01_3,step,profile,Bar chart,256,hard,0.6348660646494265,4
new_profile_step_0.01_3,step,profile,Bar chart,256,soft,0.6355514252319084,4
new_profile_step_0.01_3,step,profile,Bar chart,384,hard,0.4665200164161174,4
new_profile_step_0.01_3,step,profile,Bar chart,384,soft,0.34901741497565403,4
new_profile_step_0.01_3,step,profile,Dot plot,256,hard,0.23398067753227414,4
new_profile_step_0.01_3,step,profile,Dot plot,256,soft,0.21123187823006861,4
new_profile_step_0.01_3,step,profile,Dot plot,384,hard,0.14216502284486798,4
new_profile_step_0.01_3,step,profile,Dot plot,384,soft,0.14269100338844362,4
new_profile_step_0.01_3,step,profile,Line chart,256,hard,0.29739951977758344,4
new_profile_step_0.01_3,step,profile,Line chart,256,soft,0.21622853061725894,4
new_profile_step_0.01_3,step,profile,Line chart,384,hard,0.1941516197060573,4
new_profile_step_0.01_3,step,profile,Line chart,384,soft,0.17297184979078928,4
new_profile_step_0.1_0,step,profile,Area chart,256,hard,0.0666124483327737,4
new_profile_step_0.1_0,step,profile,Area chart,256,soft,0.06646221631663402,4
new_profile_step_0.1_0,step,profile,Area chart,384,hard,0.051263781214083065,4
new_profile_step_0.1_0,step,profile,Area chart,384,soft,0.03506165204900932,4
new_profile_step_0.1_0,step,profile,Bar chart,256,hard,0.0765890332951325,4
new_profile_step_0.1_0,step,profile,Bar chart,256,soft,0.08159874206476073,4
new_profile_step_0.1_0,step,profile,Bar chart,384,hard,0.05727013513534057,4
new_profile_step_0.1_0,step,profile,Bar chart,384,soft,0.04504399357183381,4
new_profile_step_0.1_0,step,profile,Dot plot,256,hard,0.027607137757112397,4
new_profile_step_0.1_0,step,profile,Dot plot,256,soft,0.026018176246172475,4
new_profile_step_0.1_0,step,profile,Dot plot,384,hard,0.018958903052918842,4
new_profile_step_0.1_0,step,profile,Dot plot,384,soft,0.017435878604076804,4
new_profile_step_0.1_0,step,profile,Line chart,256,hard,0.02912518731070957,4
new_profile_step_0.1_0,step,profile,Line chart,256,soft,0.030773714868689857,4
new_profile_step_0.1_0,step,profile,Line chart,384,hard,0.02830101555642877,4
new_profile_step_0.1_0,step,profile,Line chart,384,soft,0.02357764214474002,4
new_profile_step_0.1_1,step,profile,Area chart,256,hard,0.06402681454053247,4
new_profile_step_0.1_1,step,profile,Area chart,256,soft,0.055625568917489904,4
new_profile_step_0.1_1,step,profile,Area chart,384,hard,0.05036653933962058,4
new_profile_step_0.1_1,step,profile,Area chart,384,soft,0.03240760282253271,4
new_profile_step_0.1_1,step,profile,Bar chart,256,hard,0.07197185189753258,4
new_profile_step_0.1_1,step,profile,Bar chart,256,soft,0.07424690259474014,4
new_profile_step_0.1_1,step,profile,Bar chart,384,hard,0.05429345976242188,4
new_profile_step_0.1_1,step,profile,Bar chart,384,soft,0.040353321714585146,4
new_profile_step_0.1_1,step,profile,Dot plot,256,hard,0.025075871221200873,4
new_profile_step_0.1_1,step,profile,Dot plot,256,soft,0.024231789016487718,4
new_profile_step_0.1_1,step,profile,Dot plot,384,hard,0.017399617948317035,4
new_profile_step_0.1_1,step,profile,Dot plot,384,soft,0.01637763024337844,4
new_profile_step_0.1_1,step,profile,Line chart,256,hard,0.03129664802041054,4
new_profile_step_0.1_1,step,profile,Line chart,256,soft,0.03142858574722663,4
new_profile_step_0.1_1,step,profile,Line chart,384,hard,0.026780360535988687,4
new_profile_step_0.1_1,step,profile,Line chart,384,soft,0.02571503111066284,4
new_profile_step_0.1_2,step,profile,Area chart,256,hard,0.06721123648818665,4
new_profile_step_0.1_2,step,profile,Area chart,256,soft,0.05297538669764491,4
new_profile_step_0.1_2,step,profile,Area chart,384,hard,0.05147375957105102,4
new_profile_step_0.1_2,step,profile,Area chart,384,soft,0.03052060678902897,4
new_profile_step_0.1_2,step,profile,Bar chart,256,hard,0.07399126261668179,4
new_profile_step_0.1_2,step,profile,Bar chart,256,soft,0.06685996588303407,4
new_profile_step_0.1_2,step,profile,Bar chart,384,hard,0.05286466818409914,4
new_profile_step_0.1_2,step,profile,Bar chart,384,soft,0.03926803210458769,4
new_profile_step_0.1_2,step,profile,Dot plot,256,hard,0.024432374836333856,4
new_profile_step_0.1_2,step,profile,Dot plot,256,soft,0.02337720428713002,4
new_profile_step_0.1_2,step,profile,Dot plot,384,hard,0.016345255774776274,4
new_profile_step_0.1_2,step,profile,Dot plot,384,soft,0.016075087594265583,4
new_profile_step_0.1_2,step,profile,Line chart,256,hard,0.033885226055789856,4
new_profile_step_0.1_2,step,profile,Line chart,256,soft,0.029653303532507398,4
new_profile_step_0.1_2,step,profile,Line chart,384,hard,0.024062934767673416,4
new_profile_step_0.1_2,step,profile,Line chart,384,soft,0.025257185706902795,4
new_profile_step_0.1_3,step,profile,Area chart,256,hard,0.06072003948189645,4
new_profile_step_0.1_3,step,profile,Area chart,256,soft,0.05427177856632837,4
new_profile_step_0.1_3,step,profile,Area chart,384,hard,0.04666990914800795,4
new_profile_step_0.1_3,step,profile,Area chart,384,soft,0.03483099347885536,4
new_profile_step_0.1_3,step,profile,Bar chart,256,hard,0.065883119985588,4
new_profile_step_0.1_3,step,profile,Bar chart,256,soft,0.07258750704969402,4
new_profile_step_0.1_3,step,profile,Bar chart,384,hard,0.05083909901695837,4
new_profile_step_0.1_3,step,profile,Bar chart,384,soft,0.03828544267841838,4
new_profile_step_0.1_3,step,profile,Dot plot,256,hard,0.023034291272537727,4
new_profile_step_0.1_3,step,profile,Dot plot,256,soft,0.02287438626712285,4
new_profile_step_0.1_3,step,profile,Dot plot,384,hard,0.01676974484902244,4
new_profile_step_0.1_3,step,profile,Dot plot,384,soft,0.015019866421301629,4
new_profile_step_0.1_3,step,profile,Line chart,256,hard,0.026401035103593262,4
new_profile_step_0.1_3,step,profile,Line chart,256,soft,0.02784020478011138,4
new_profile_step_0.1_3,step,profile,Line chart,384,hard,0.026024368343949913,4
new_profile_step_0.1_3,step,profile,Line chart,384,soft,0.023229941935479528,4
new_profile_step_0.4_0,step,profile,Area chart,256,hard,0.028650090627465267,4
new_profile_step_0.4_0,step,profile,Area chart,256,soft,0.030208976807543385,4
new_profile_step_0.4_0,step,profile,Area chart,384,hard,0.01927487489964937,4
new_profile_step_0.4_0,step,profile,Area chart,384,soft,0.01923915145599955,4
new_profile_step_0.4_0,step,profile,Bar chart,256,hard,0.026880078516301243,4
new_profile_step_0.4_0,step,profile,Bar chart,256,soft,0.025774658957765324,4
new_profile_step_0.4_0,step,profile,Bar chart,384,hard,0.019630726819549804,4
new_profile_step_0.4_0,step,profile,Bar chart,384,soft,0.014209185446367591,4
new_profile_step_0.4_0,step,profile,Dot plot,256,hard,0.00851683429818802,4
new_profile_step_0.4_0,step,profile,Dot plot,256,soft,0.008675539373253249,4
new_profile_step_0.4_0,step,profile,Dot plot,384,hard,0.006175228826796813,4
new_profile_step_0.4_0,step,profile,Dot plot,384,soft,0.005917748452504751,4
new_profile_step_0.4_0,step,profile,Line chart,256,hard,0.02295762397548009,4
new_profile_step_0.4_0,step,profile,Line chart,256,soft,0.023884164556934224,4
new_profile_step_0.4_0,step,profile,Line chart,384,hard,0.018313491278773457,4
new_profile_step_0.4_0,step,profile,Line chart,384,soft,0.018552513300049468,4
new_profile_step_0.4_1,step,profile,Area chart,256,hard,0.02381216377559052,4
new_profile_step_0.4_1,step,profile,Area chart,256,soft,0.02577360317375774,4
new_profile_step_0.4_1,step,profile,Area chart,384,hard,0.021342464153363095,4
new_profile_step_0.4_1,step,profile,Area chart,384,soft,0.018250064009572093,4
new_profile_step_0.4_1,step,profile,Bar chart,256,hard,0.027199730997338165,4
new_profile_step_0.4_1,step,profile,Bar chart,256,soft,0.025296729518491243,4
new_profile_step_0.4_1,step,profile,Bar chart,384,hard,0.019748654839003274,4
new_profile_step_0.4_1,step,profile,Bar chart,384,soft,0.014116704534449642,4
new_profile_step_0.4_1,step,profile,Dot plot,256,hard,0.008646295129335966,4
new_profile_step_0.4_1,step,profile,Dot plot,256,soft,0.008684822265339762,4
new_profile_step_0.4_1,step,profile,Dot plot,384,hard,0.006115831577728782,4
new_profile_step_0.4_1,step,profile,Dot plot,384,soft,0.005951615102726031,4
new_profile_step_0.4_1,step,profile,Line chart,256,hard,0.016786079860256917,4
new_profile_step_0.4_1,step,profile,Line chart,256,soft,0.018005211309444855,4
new_profile_step_0.4_1,step,profile,Line chart,384,hard,0.01607895128111589,4
new_profile_step_0.4_1,step,profile,Line chart,384,soft,0.01594051428229402,4
new_profile_step_0.4_2,step,profile,Area chart,256,hard,0.023578802367162227,4
new_profile_step_0.4_2,step,profile,Area chart,256,soft,0.025786202130245916,4
new_profile_step_0.4_2,step,profile,Area chart,384,hard,0.019882140263547853,4
new_profile_step_0.4_2,step,profile,Area chart,384,soft,0.01934711101060528,4
new_profile_step_0.4_2,step,profile,Bar chart,256,hard,0.022461884925913084,4
new_profile_step_0.4_2,step,profile,Bar chart,256,soft,0.02304046211110986,4
new_profile_step_0.4_2,step,profile,Bar chart,384,hard,0.01725524571768994,4
new_profile_step_0.4_2,step,profile,Bar chart,384,soft,0.012069449382390903,4
new_profile_step_0.4_2,step,profile,Dot plot,256,hard,0.007647646366600806,4
new_profile_step_0.4_2,step,profile,Dot plot,256,soft,0.007573247957322372,4
new_profile_step_0.4_2,step,profile,Dot plot,384,hard,0.005393314304508166,4
new_profile_step_0.4_2,step,profile,Dot plot,384,soft,0.005178407351198315,4
new_profile_step_0.4_2,step,profile,Line chart,256,hard,0.019351867030531884,4
new_profile_step_0.4_2,step,profile,Line chart,256,soft,0.02114126135763829,4
new_profile_step_0.4_2,step,profile,Line chart,384,hard,0.016815679690963065,4
new_profile_step_0.4_2,step,profile,Line chart,384,soft,0.01785378315103003,4
new_profile_step_0.4_3,step,profile,Area chart,256,hard,0.028114821736238447,4
new_profile_step_0.4_3,step,profile,Area chart,256,soft,0.028114885831930347,4
new_profile_step_0.4_3,step,profile,Area chart,384,hard,0.019279224637632562,4
new_profile_step_0.4_3,step,profile,Area chart,384,soft,0.021926823050473894,4
new_profile_step_0.4_3,step,profile,Bar chart,256,hard,0.025387638103465948,4
new_profile_step_0.4_3,step,profile,Bar chart,256,soft,0.023727945200561446,4
new_profile_step_0.4_3,step,profile,Bar chart,384,hard,0.018296537934850088,4
new_profile_step_0.4_3,step,profile,Bar chart,384,soft,0.013304056006592742,4
new_profile_step_0.4_3,step,profile,Dot plot,256,hard,0.008649129244527615,4
new_profile_step_0.4_3,step,profile,Dot plot,256,soft,0.008172614095485252,4
new_profile_step_0.4_3,step,profile,Dot plot,384,hard,0.005463049793033613,4
new_profile_step_0.4_3,step,profile,Dot plot,384,soft,0.005562518775804823,4
new_profile_step_0.4_3,step,profile,Line chart,256,hard,0.0210302149962564,4
new_profile_step_0.4_3,step,profile,Line chart,256,soft,0.022943542614176575,4
new_profile_step_0.4_3,step,profile,Line chart,384,hard,0.018024746149589186,4
new_profile_step_0.4_3,step,profile,Line chart,384,soft,0.018925523432370226,4
new_profile_wave_0.01_0,wave,profile,Area chart,256,hard,0.4995135119260096,4
new_profile_wave_0.01_0,wave,profile,Area chart,256,soft,0.325746877869888,4
new_profile_wave_0.01_0,wave,profile,Area chart,384,hard,0.38007581081839786,4
new_profile_wave_0.01_0,wave,profile,Area chart,384,soft,0.1761413600908897,4
new_profile_wave_0.01_0,wave,profile,Bar chart,256,hard,0.4995135119260096,4
new_profile_wave_0.01_0,wave,profile,Bar chart,256,soft,0.47098788776357803,4
new_profile_wave_0.01_0,wave,profile,Bar chart,384,hard,0.3714661033827815,4
new_profile_wave_0.01_0,wave,profile,Bar chart,384,soft,0.25586271515433767,4
new_profile_wave_0.01_0,wave,profile,Dot plot,256,hard,0.16718675364346058,4
new_profile_wave_0.01_0,wave,profile,Dot plot,256,soft,0.16131583928879445,4
new_profile_wave_0.01_0,wave,profile,Dot plot,384,hard,0.12344025190991664,4
new_profile_wave_0.01_0,wave,profile,Dot plot,384,soft,0.11149438801488765,4
new_profile_wave_0.01_0,wave,profile,Line chart,256,hard,0.19639270953705545,4
new_profile_wave_0.01_0,wave,profile,Line chart,256,soft,0.1739616386026512,4
new_profile_wave_0.01_0,wave,profile,Line chart,384,hard,0.16452539801203298,4
new_profile_wave_0.01_0,wave,profile,Line chart,384,soft,0.1360490967828974,4
new_profile_wave_0.01_1,wave,profile,Area chart,256,hard,0.4711270047801165,4
new_profile_wave_0.01_1,wave,profile,Area chart,256,soft,0.310048906107972,4
new_profile_wave_0.01_1,wave,profile,Area chart,384,hard,0.34654972425783304,4
new_profile_wave_0.01_1,wave,profile,Area chart,384,soft,0.17218552779515855,4
new_profile_wave_0.01_1,wave,profile,Bar chart,256,hard,0.4840839741179128,4
new_profile_wave_0.01_1,wave,profile,Bar chart,256,soft,0.46018897482350735,4
new_profile_wave_0.01_1,wave,profile,Bar chart,384,hard,0.3382125100042653,4
new_profile_wave_0.01_1,wave,profile,Bar chart,384,soft,0.2657031918709033,4
new_profile_wave_0.01_1,wave,profile,Dot plot,256,hard,0.16277588194383896,4
new_profile_wave_0.01_1,wave,profile,Dot plot,256,soft,0.15431678286556202,4
new_profile_wave_0.01_1,wave,profile,Dot plot,384,hard,0.10651951814277469,4
new_profile_wave_0.01_1,wave,profile,Dot plot,384,soft,0.10316103395261589,4
new_profile_wave_0.01_1,wave,profile,Line chart,256,hard,0.17196672809071317,4
new_profile_wave_0.01_1,wave,profile,Line chart,256,soft,0.17577275437663337,4
new_profile_wave_0.01_1,wave,profile,Line chart,384,hard,0.1383019070298057,4
new_profile_wave_0.01_1,wave,profile,Line chart,384,soft,0.1229834944497094,4
new_profile_wave_0.01_2,wave,profile,Area chart,256,hard,0.4560274028969604,4
new_profile_wave_0.01_2,wave,profile,Area chart,256,soft,0.32731846280004606,4
new_profile_wave_0.01_2,wave,profile,Area chart,384,hard,0.3688945767095025,4
new_profile_wave_0.01_2,wave,profile,Area chart,384,soft,0.19029764451954315,4
new_profile_wave_0.01_2,wave,profile,Bar chart,256,hard,0.4554763658480066,4
new_profile_wave_0.01_2,wave,profile,Bar chart,256,soft,0.4777750175808237,4
new_profile_wave_0.01_2,wave,profile,Bar chart,384,hard,0.3688945767095025,4
new_profile_wave_0.01_2,wave,profile,Bar chart,384,soft,0.23186160134096803,4
new_profile_wave_0.01_2,wave,profile,Dot plot,256,hard,0.1656599591657816,4
new_profile_wave_0.01_2,wave,profile,Dot plot,256,soft,0.1541691130962827,4
new_profile_wave_0.01_2,wave,profile,Dot plot,384,hard,0.10946367938855828,4
new_profile_wave_0.01_2,wave,profile,Dot plot,384,soft,0.11221664025131511,4
new_profile_wave_0.01_2,wave,profile,Line chart,256,hard,0.17431851976880486,4
new_profile_wave_0.01_2,wave,profile,Line chart,256,soft,0.1656024654519067,4
new_profile_wave_0.01_2,wave,profile,Line chart,384,hard,0.15115361975107255,4
new_profile_wave_0.01_2,wave,profile,Line chart,384,soft,0.13779556278284918,4
new_profile_wave_0.01_3,wave,profile,Area chart,256,hard,0.46777716321063156,4
new_profile_wave_0.01_3,wave,profile,Area chart,256,soft,0.3049833347596515,4
new_profile_wave_0.01_3,wave,profile,Area chart,384,hard,0.3427309869914441,4
new_profile_wave_0.01_3,wave,profile,Area chart,384,soft,0.17281040599276062,4
new_profile_wave_0.01_3,wave,profile,Bar chart,256,hard,0.46481028686537074,4
new_profile_wave_0.01_3,wave,profile,Bar chart,256,soft,0.4694127456411841,4
new_profile_wave_0.01_3,wave,profile,Bar chart,384,hard,0.34273098699144455,4
new_profile_wave_0.01_3,wave,profile,Bar chart,384,soft,0.25749721384263535,4
new_profile_wave_0.01_3,wave,profile,Dot plot,256,hard,0.16896517248988727,4
new_profile_wave_0.01_3,wave,profile,Dot plot,256,soft,0.1541113962235067,4
new_profile_wave_0.01_3,wave,profile,Dot plot,384,hard,0.1108596202173325,4
new_profile_wave_0.01_3,wave,profile,Dot plot,384,soft,0.10365912285541476,4
new_profile_wave_0.01_3,wave,profile,Line chart,256,hard,0.19489036050733272,4
new_profile_wave_0.01_3,wave,profile,Line chart,256,soft,0.17166186668784156,4
new_profile_wave_0.01_3,wave,profile,Line chart,384,hard,0.1493093464160225,4
new_profile_wave_0.01_3,wave,profile,Line chart,384,soft,0.12480645991501091,4
new_profile_wave_0.1_0,wave,profile,Area chart,256,hard,0.04175070469517059,4
new_profile_wave_0.1_0,wave,profile,Area chart,256,soft,0.045375146338883204,4
new_profile_wave_0.1_0,wave,profile,Area chart,384,hard,0.030821911965952856,4
new_profile_wave_0.1_0,wave,profile,Area chart,384,soft,0.02205842742555585,4
new_profile_wave_0.1_0,wave,profile,Bar chart,256,hard,0.05307211595188838,4
new_profile_wave_0.1_0,wave,profile,Bar chart,256,soft,0.05021229751097449,4
new_profile_wave_0.1_0,wave,profile,Bar chart,384,hard,0.039030111683639526,4
new_profile_wave_0.1_0,wave,profile,Bar chart,384,soft,0.027448002273675245,4
new_profile_wave_0.1_0,wave,profile,Dot plot,256,hard,0.017371942422238062,4
new_profile_wave_0.1_0,wave,profile,Dot plot,256,soft,0.017177513327414167,4
new_profile_wave_0.1_0,wave,profile,Dot plot,384,hard,0.011990478230671276,4
new_profile_wave_0.1_0,wave,profile,Dot plot,384,soft,0.011551103280160901,4
new_profile_wave_0.1_0,wave,profile,Line chart,256,hard,0.022919895922187152,4
new_profile_wave_0.1_0,wave,profile,Line chart,256,soft,0.022385113095619642,4
new_profile_wave_0.1_0,wave,profile,Line chart,384,hard,0.018410322709605798,4
new_profile_wave_0.1_0,wave,profile,Line chart,384,soft,0.01883449601635438,4
new_profile_wave_0.1_1,wave,profile,Area chart,256,hard,0.034417233299362714,4
new_profile_wave_0.1_1,wave,profile,Area chart,256,soft,0.04259184600034187,4
new_profile_wave_0.1_1,wave,profile,Area chart,384,hard,0.028758992878544838,4
new_profile_wave_0.1_1,wave,profile,Area chart,384,soft,0.024663459864044203,4
new_profile_wave_0.1_1,wave,profile,Bar chart,256,hard,0.04823471980895866,4
new_profile_wave_0.1_1,wave,profile,Bar chart,256,soft,0.05270685369458518,4
new_profile_wave_0.1_1,wave,profile,Bar chart,384,hard,0.038045718867493486,4
new_profile_wave_0.1_1,wave,profile,Bar chart,384,soft,0.027805405465885256,4
new_profile_wave_0.1_1,wave,profile,Dot plot,256,hard,0.017424506116468667,4
new_profile_wave_0.1_1,wave,profile,Dot plot,256,soft,0.016800515668245843,4
new_profile_wave_0.1_1,wave,profile,Dot plot,384,hard,0.011434325063243682,4
new_profile_wave_0.1_1,wave,profile,Dot plot,384,soft,0.011639420060789614,4
new_profile_wave_0.1_1,wave,profile,Line chart,256,hard,0.023142953676676074,4
new_profile_wave_0.1_1,wave,profile,Line chart,256,soft,0.021123630256678648,4
new_profile_wave_0.1_1,wave,profile,Line chart,384,hard,0.0184332357948988,4
new_profile_wave_0.1_1,wave,profile,Line chart,384,soft,0.018015285072569717,4
new_profile_wave_0.1_2,wave,profile,Area chart,256,hard,0.03365129922997501,4
new_profile_wave_0.1_2,wave,profile,Area chart,256,soft,0.04642418629499508,4
new_profile_wave_0.1_2,wave,profile,Area chart,384,hard,0.027423231362650284,4
new_profile_wave_0.1_2,wave,profile,Area chart,384,soft,0.021714593809299295,4
new_profile_wave_0.1_2,wave,profile,Bar chart,256,hard,0.0517790515794245,4
new_profile_wave_0.1_2,wave,profile,Bar chart,256,soft,0.052435973261399656,4
new_profile_wave_0.1_2,wave,profile,Bar chart,384,hard,0.03965289426497921,4
new_profile_wave_0.1_2,wave,profile,Bar chart,384,soft,0.028210993154489866,4
new_profile_wave_0.1_2,wave,profile,Dot plot,256,hard,0.019281720858114595,4
new_profile_wave_0.1_2,wave,profile,Dot plot,256,soft,0.017173269278724333,4
new_profile_wave_0.1_2,wave,profile,Dot plot,384,hard,0.012355935341216283,4
new_profile_wave_0.1_2,wave,profile,Dot plot,384,soft,0.011708846369028775,4
new_profile_wave_0.1_2,wave,profile,Line chart,256,hard,0.021008710785039124,4
new_profile_wave_0.1_2,wave,profile,Line chart,256,soft,0.020909439499942267,4
new_profile_wave_0.1_2,wave,profile,Line chart,384,hard,0.017786166414037886,4
new_profile_wave_0.1_2,wave,profile,Line chart,384,soft,0.017866051785547482,4
new_profile_wave_0.1_3,wave,profile,Area chart,256,hard,0.039934046858090946,4
new_profile_wave_0.1_3,wave,profile,Area chart,256,soft,0.04046348661715227,4
new_profile_wave_0.1_3,wave,profile,Area chart,384,hard,0.028309051450764906,4
new_profile_wave_0.1_3,wave,profile,Area chart,384,soft,0.025528468440249922,4
new_profile_wave_0.1_3,wave,profile,Bar chart,256,hard,0.05169916378171102,4
new_profile_wave_0.1_3,wave,profile,Bar chart,256,soft,0.052703761192581945,4
new_profile_wave_0.1_3,wave,profile,Bar chart,384,hard,0.03932974463202694,4
new_profile_wave_0.1_3,wave,profile,Bar chart,384,soft,0.028465280984715586,4
new_profile_wave_0.1_3,wave,profile,Dot plot,256,hard,0.017315295368608655,4
new_profile_wave_0.1_3,wave,profile,Dot plot,256,soft,0.017326445028871335,4
new_profile_wave_0.1_3,wave,profile,Dot plot,384,hard,0.01218025179017341,4
new_profile_wave_0.1_3,wave,profile,Dot plot,384,soft,0.012024057996576038,4
new_profile_wave_0.1_3,wave,profile,Line chart,256,hard,0.022285761952271103,4
new_profile_wave_0.1_3,wave,profile,Line chart,256,soft,0.020582237529160274,4
new_profile_wave_0.1_3,wave,profile,Line chart,384,hard,0.017590690578815987,4
new_profile_wave_0.1_3,wave,profile,Line chart,384,soft,0.015687714020848613,4
new_profile_wave_0.4_0,wave,profile,Area chart,256,hard,0.019018348990761935,4
new_profile_wave_0.4_0,wave,profile,Area chart,256,soft,0.032669241291548926,4
new_profile_wave_0.4_0,wave,profile,Area chart,384,hard,0.012995612897529646,4
new_profile_wave_0.4_0,wave,profile,Area chart,384,soft,0.018787325889630342,4
new_profile_wave_0.4_0,wave,profile,Bar chart,256,hard,0.017525497089278398,4
new_profile_wave_0.4_0,wave,profile,Bar chart,256,soft,0.01758779074591217,4
new_profile_wave_0.4_0,wave,profile,Bar chart,384,hard,0.01345702526211438,4
new_profile_wave_0.4_0,wave,profile,Bar chart,384,soft,0.009395269363325616,4
new_profile_wave_0.4_0,wave,profile,Dot plot,256,hard,0.005786810192775273,4
new_profile_wave_0.4_0,wave,profile,Dot plot,256,soft,0.005820924501930858,4
new_profile_wave_0.4_0,wave,profile,Dot plot,384,hard,0.004070555567381508,4
new_profile_wave_0.4_0,wave,profile,Dot plot,384,soft,0.004079035463044576,4
new_profile_wave_0.4_0,wave,profile,Line chart,256,hard,0.01939601815649642,4
new_profile_wave_0.4_0,wave,profile,Line chart,256,soft,0.019563323207552462,4
new_profile_wave_0.4_0,wave,profile,Line chart,384,hard,0.011789576520062144,4
new_profile_wave_0.4_0,wave,profile,Line chart,384,soft,0.012255115188166453,4
new_profile_wave_0.4_1,wave,profile,Area chart,256,hard,0.018956891519541164,4
new_profile_wave_0.4_1,wave,profile,Area chart,256,soft,0.032186616154270514,4
new_profile_wave_0.4_1,wave,profile,Area chart,384,hard,0.011897392443370578,4
new_profile_wave_0.4_1,wave,profile,Area chart,384,soft,0.01970254974615286,4
new_profile_wave_0.4_1,wave,profile,Bar chart,256,hard,0.016185076018330337,4
new_profile_wave_0.4_1,wave,profile,Bar chart,256,soft,0.01671495022641479,4
new_profile_wave_0.4_1,wave,profile,Bar chart,384,hard,0.01242052705902915,4
new_profile_wave_0.4_1,wave,profile,Bar chart,384,soft,0.008973726386724147,4
new_profile_wave_0.4_1,wave,profile,Dot plot,256,hard,0.005763382955963378,4
new_profile_wave_0.4_1,wave,profile,Dot plot,256,soft,0.005488737255151395,4
new_profile_wave_0.4_1,wave,profile,Dot plot,384,hard,0.003990121296078257,4
new_profile_wave_0.4_1,wave,profile,Dot plot,384,soft,0.003783061596469161,4
new_profile_wave_0.4_1,wave,profile,Line chart,256,hard,0.015704382406095507,4
new_profile_wave_0.4_1,wave,profile,Line chart,256,soft,0.016381678893923605,4
new_profile_wave_0.4_1,wave,profile,Line chart,384,hard,0.012959970916596241,4
new_profile_wave_0.4_1,wave,profile,Line chart,384,soft,0.01314980270051713,4
new_profile_wave_0.4_2,wave,profile,Area chart,256,hard,0.01970840131260219,4
new_profile_wave_0.4_2,wave,profile,Area chart,256,soft,0.03607940922906934,4
new_profile_wave_0.4_2,wave,profile,Area chart,384,hard,0.01384747885754348,4
new_profile_wave_0.4_2,wave,profile,Area chart,384,soft,0.019985877507760548,4
new_profile_wave_0.4_2,wave,profile,Bar chart,256,hard,0.01635394576334603,4
new_profile_wave_0.4_2,wave,profile,Bar chart,256,soft,0.017494852868217368,4
new_profile_wave_0.4_2,wave,profile,Bar chart,384,hard,0.012665948052117546,4
new_profile_wave_0.4_2,wave,profile,Bar chart,384,soft,0.009308554422229593,4
new_profile_wave_0.4_2,wave,profile,Dot plot,256,hard,0.005994802450624776,4
new_profile_wave_0.4_2,wave,profile,Dot plot,256,soft,0.005606620374154811,4
new_profile_wave_0.4_2,wave,profile,Dot plot,384,hard,0.003753358900161299,4
new_profile_wave_0.4_2,wave,profile,Dot plot,384,soft,0.0037937575013947972,4
new_profile_wave_0.4_2,wave,profile,Line chart,256,hard,0.016413784250125203,4
new_profile_wave_0.4_2,wave,profile,Line chart,256,soft,0.017554170601699472,4
new_profile_wave_0.4_2,wave,profile,Line chart,384,hard,0.01328408571815293,4
new_profile_wave_0.4_2,wave,profile,Line chart,384,soft,0.0140455993555784,4
new_profile_wave_0.4_3,wave,profile,Area chart,256,hard,0.01911832812223573,4
new_profile_wave_0.4_3,wave,profile,Area chart,256,soft,0.030953763652371666,4
new_profile_wave_0.4_3,wave,profile,Area chart,384,hard,0.0128032943623447,4
new_profile_wave_0.4_3,wave,profile,Area chart,384,soft,0.020138538053377283,4
new_profile_wave_0.4_3,wave,profile,Bar chart,256,hard,0.015584258746703324,4
new_profile_wave_0.4_3,wave,profile,Bar chart,256,soft,0.015646641145117723,4
new_profile_wave_0.4_3,wave,profile,Bar chart,384,hard,0.011731003218235399,4
new_profile_wave_0.4_3,wave,profile,Bar chart,384,soft,0.00847127223818134,4
new_profile_wave_0.4_3,wave,profile,Dot plot,256,hard,0.005215076034928937,4
new_profile_wave_0.4_3,wave,profile,Dot plot,256,soft,0.005133491146696478,4
new_profile_wave_0.4_3,wave,profile,Dot plot,384,hard,0.003899353436049672,4
new_profile_wave_0.4_3,wave,profile,Dot plot,384,soft,0.0035372722864428796,4
new_profile_wave_0.4_3,wave,profile,Line chart,256,hard,0.016693238892012317,4
new_profile_wave_0.4_3,wave,profile,Line chart,256,soft,0.017445225507812755,4
new_profile_wave_0.4_3,wave,profile,Line chart,384,hard,0.011315221362143251,4
new_profile_wave_0.4_3,wave,profile,Line chart,384,soft,0.01169200687613623,4
new_scale_150_0,scale,five,Bar chart / means,256,hard,0.4645571160769884,4
new_scale_150_0,scale,five,Bar chart / means,256,soft,0.4574706903245755,4
new_scale_150_0,scale,five,Bar chart / means,384,hard,0.4609849396077882,4
new_scale_150_0,scale,five,Bar chart / means,384,soft,0.4563700737908219,4
new_scale_150_0,scale,five,Box plot / five,256,hard,0.4544537068396044,4
new_scale_150_0,scale,five,Box plot / five,256,soft,0.24343286718823687,4
new_scale_150_0,scale,five,Box plot / five,384,hard,0.4553582293344474,4
new_scale_150_0,scale,five,Box plot / five,384,soft,0.23823930419542155,4
new_scale_150_0,scale,five,Dot plot / raw,256,hard,0.03439463451657851,4
new_scale_150_0,scale,five,Dot plot / raw,256,soft,0.03337469924574601,4
new_scale_150_0,scale,five,Dot plot / raw,384,hard,0.030573679139872634,4
new_scale_150_0,scale,five,Dot plot / raw,384,soft,0.030986371613539614,4
new_scale_150_0,scale,five,ECDF / full,256,hard,0.02564967358348178,4
new_scale_150_0,scale,five,ECDF / full,256,soft,0.024959472008328883,4
new_scale_150_0,scale,five,ECDF / full,384,hard,0.022690523098261403,4
new_scale_150_0,scale,five,ECDF / full,384,soft,0.023301742562582408,4
new_scale_150_0,scale,five,Heatmap / 16,256,hard,0.05520192536379744,4
new_scale_150_0,scale,five,Heatmap / 16,256,soft,0.05520192536379744,4
new_scale_150_0,scale,five,Heatmap / 16,384,hard,0.05520192536379744,4
new_scale_150_0,scale,five,Heatmap / 16,384,soft,0.05520192536379744,4
new_scale_150_0,scale,five,Histogram / 16,256,hard,0.0765881909100592,4
new_scale_150_0,scale,five,Histogram / 16,256,soft,0.05973515561976465,4
new_scale_150_0,scale,five,Histogram / 16,384,hard,0.07222447721510719,4
new_scale_150_0,scale,five,Histogram / 16,384,soft,0.060778062446127906,4
new_scale_150_0,scale,five,Interval plot / five,256,hard,0.4527249322622324,4
new_scale_150_0,scale,five,Interval plot / five,256,soft,0.24296672999081068,4
new_scale_150_0,scale,five,Interval plot / five,384,hard,0.4530452464549116,4
new_scale_150_0,scale,five,Interval plot / five,384,soft,0.23799249938427566,4
new_scale_150_0,scale,five,Quantile plot / five,256,hard,0.0066875934713970285,4
new_scale_150_0,scale,five,Quantile plot / five,256,soft,0.004338619768434521,4
new_scale_150_0,scale,five,Quantile plot / five,384,hard,0.004315309265487043,4
new_scale_150_0,scale,five,Quantile plot / five,384,soft,0.0010085648126507644,4
new_scale_150_0,scale,five,Quantile plot / nineteen,256,hard,0.0066875934713970285,4
new_scale_150_0,scale,five,Quantile plot / nineteen,256,soft,0.004338619768434521,4
new_scale_150_0,scale,five,Quantile plot / nineteen,384,hard,0.004315309265487043,4
new_scale_150_0,scale,five,Quantile plot / nineteen,384,soft,0.0010085648126507644,4
new_scale_150_0,scale,five,Violin plot / 64,256,hard,0.06496772512242499,4
new_scale_150_0,scale,five,Violin plot / 64,256,soft,0.06387768752604199,4
new_scale_150_0,scale,five,Violin plot / 64,384,hard,0.06509283138995743,4
new_scale_150_0,scale,five,Violin plot / 64,384,soft,0.06463329421226205,4
new_scale_150_0,scale,median,Bar chart / means,256,hard,0.1721513276243236,4
new_scale_150_0,scale,median,Bar chart / means,256,soft,0.13671919886225892,4
new_scale_150_0,scale,median,Bar chart / means,384,hard,0.15429044527832264,4
new_scale_150_0,scale,median,Bar chart / means,384,soft,0.13121611619349102,4
new_scale_150_0,scale,median,Box plot / five,256,hard,0.011636737481485075,4
new_scale_150_0,scale,median,Box plot / five,256,soft,0.011636737481485075,4
new_scale_150_0,scale,median,Box plot / five,384,hard,0.007922235384664938,4
new_scale_150_0,scale,median,Box plot / five,384,soft,0.007922235384664938,4
new_scale_150_0,scale,median,Dot plot / raw,256,hard,0.020072001533425286,4
new_scale_150_0,scale,median,Dot plot / raw,256,soft,0.005436374457775813,4
new_scale_150_0,scale,median,Dot plot / raw,384,hard,0.014271255355542418,4
new_scale_150_0,scale,median,Dot plot / raw,384,soft,0.004586032659220872,4
new_scale_150_0,scale,median,ECDF / full,256,hard,0.015211406288032376,4
new_scale_150_0,scale,median,ECDF / full,256,soft,0.016965841351786956,4
new_scale_150_0,scale,median,ECDF / full,384,hard,0.015844470769330175,4
new_scale_150_0,scale,median,ECDF / full,384,soft,0.014139765189736725,4
new_scale_150_0,scale,median,Heatmap / 16,256,hard,0.024894358367748712,4
new_scale_150_0,scale,median,Heatmap / 16,256,soft,0.024894358367748712,4
new_scale_150_0,scale,median,Heatmap / 16,384,hard,0.024894358367748712,4
new_scale_150_0,scale,median,Heatmap / 16,384,soft,0.024894358367748712,4
new_scale_150_0,scale,median,Histogram / 16,256,hard,0.029727665107823577,4
new_scale_150_0,scale,median,Histogram / 16,256,soft,0.028506713414286972,4
new_scale_150_0,scale,median,Histogram / 16,384,hard,0.02935065709633586,4
new_scale_150_0,scale,median,Histogram / 16,384,soft,0.028543107138969605,4
new_scale_150_0,scale,median,Interval plot / five,256,hard,0.009306051494355023,4
new_scale_150_0,scale,median,Interval plot / five,256,soft,0.009306051494355023,4
new_scale_150_0,scale,median,Interval plot / five,384,hard,0.006688211328936431,4
new_scale_150_0,scale,median,Interval plot / five,384,soft,0.006688211328936431,4
new_scale_150_0,scale,median,Quantile plot / five,256,hard,0.009306051494355023,4
new_scale_150_0,scale,median,Quantile plot / five,256,soft,0.006801393401354742,4
new_scale_150_0,scale,median,Quantile plot / five,384,hard,0.007178680159725735,4
new_scale_150_0,scale,median,Quantile plot / five,384,soft,0.0004615847127742601,4
new_scale_150_0,scale,median,Quantile plot / nineteen,256,hard,0.009306051494355023,4
new_scale_150_0,scale,median,Quantile plot / nineteen,256,soft,0.006801393401354742,4
new_scale_150_0,scale,median,Quantile plot / nineteen,384,hard,0.007178680159725735,4
new_scale_150_0,scale,median,Quantile plot / nineteen,384,soft,0.0004615847127742601,4
new_scale_150_0,scale,median,Violin plot / 64,256,hard,0.06179311245688321,4
new_scale_150_0,scale,median,Violin plot / 64,256,soft,0.06059272932195618,4
new_scale_150_0,scale,median,Violin plot / 64,384,hard,0.06029990699392724,4
new_scale_150_0,scale,median,Violin plot / 64,384,soft,0.059620190374408036,4
new_scale_150_0,scale,spread,Bar chart / means,256,hard,0.5731848217333397,4
new_scale_150_0,scale,spread,Bar chart / means,256,soft,0.5731848217333397,4
new_scale_150_0,scale,spread,Bar chart / means,384,hard,0.5731848217333397,4
new_scale_150_0,scale,spread,Bar chart / means,384,soft,0.5731848217333397,4
new_scale_150_0,scale,spread,Box plot / five,256,hard,0.03229674799191049,4
new_scale_150_0,scale,spread,Box plot / five,256,soft,0.03543212876206471,4
new_scale_150_0,scale,spread,Box plot / five,384,hard,0.019056291444020126,4
new_scale_150_0,scale,spread,Box plot / five,384,soft,0.013373867236148518,4
new_scale_150_0,scale,spread,Dot plot / raw,256,hard,0.031864502109744376,4
new_scale_150_0,scale,spread,Dot plot / raw,256,soft,0.017561280985455906,4
new_scale_150_0,scale,spread,Dot plot / raw,384,hard,0.04741037907363526,4
new_scale_150_0,scale,spread,Dot plot / raw,384,soft,0.017160357272361024,4
new_scale_150_0,scale,spread,ECDF / full,256,hard,0.02362141917470971,4
new_scale_150_0,scale,spread,ECDF / full,256,soft,0.008113353956098445,4
new_scale_150_0,scale,spread,ECDF / full,384,hard,0.01337386723614837,4
new_scale_150_0,scale,spread,ECDF / full,384,soft,0.00735700870015666,4
new_scale_150_0,scale,spread,Heatmap / 16,256,hard,0.024302022541697915,4
new_scale_150_0,scale,spread,Heatmap / 16,256,soft,0.024302022541697915,4
new_scale_150_0,scale,spread,Heatmap / 16,384,hard,0.024302022541697915,4
new_scale_150_0,scale,spread,Heatmap / 16,384,soft,0.024302022541697915,4
new_scale_150_0,scale,spread,Histogram / 16,256,hard,0.04728331386877272,4
new_scale_150_0,scale,spread,Histogram / 16,256,soft,0.02344106004309106,4
new_scale_150_0,scale,spread,Histogram / 16,384,hard,0.04208019212801946,4
new_scale_150_0,scale,spread,Histogram / 16,384,soft,0.02606098577115078,4
new_scale_150_0,scale,spread,Interval plot / five,256,hard,0.03543212876206472,4
new_scale_150_0,scale,spread,Interval plot / five,256,soft,0.03543212876206411,4
new_scale_150_0,scale,spread,Interval plot / five,384,hard,0.013373867236148817,4
new_scale_150_0,scale,spread,Interval plot / five,384,soft,0.01337386723614792,4
new_scale_150_0,scale,spread,Quantile plot / five,256,hard,0.007887948178044689,4
new_scale_150_0,scale,spread,Quantile plot / five,256,soft,0.005539948047045961,4
new_scale_150_0,scale,spread,Quantile plot / five,384,hard,0.0048278194269511365,4
new_scale_150_0,scale,spread,Quantile plot / five,384,soft,0.00367340538746406,4
new_scale_150_0,scale,spread,Quantile plot / nineteen,256,hard,0.007887948178044689,4
new_scale_150_0,scale,spread,Quantile plot / nineteen,256,soft,0.005539948047045961,4
new_scale_150_0,scale,spread,Quantile plot / nineteen,384,hard,0.0048278194269511365,4
new_scale_150_0,scale,spread,Quantile plot / nineteen,384,soft,0.00367340538746406,4
new_scale_150_0,scale,spread,Violin plot / 64,256,hard,0.17278980447380454,4
new_scale_150_0,scale,spread,Violin plot / 64,256,soft,0.1696656872677463,4
new_scale_150_0,scale,spread,Violin plot / 64,384,hard,0.17295132265393956,4
new_scale_150_0,scale,spread,Violin plot / 64,384,soft,0.1712338555577884,4
new_scale_150_1,scale,five,Bar chart / means,256,hard,,0
new_scale_150_1,scale,five,Bar chart / means,256,soft,,2
new_scale_150_1,scale,five,Bar chart / means,384,hard,,1
new_scale_150_1,scale,five,Bar chart / means,384,soft,0.44340509711701087,4
new_scale_150_1,scale,five,Box plot / five,256,hard,0.5460346131201683,4
new_scale_150_1,scale,five,Box plot / five,256,soft,0.32350470357192185,4
new_scale_150_1,scale,five,Box plot / five,384,hard,0.5438093804556614,4
new_scale_150_1,scale,five,Box plot / five,384,soft,0.32049380723786147,4
new_scale_150_1,scale,five,Dot plot / raw,256,hard,0.019139292096359572,4
new_scale_150_1,scale,five,Dot plot / raw,256,soft,0.01940247984467168,4
new_scale_150_1,scale,five,Dot plot / raw,384,hard,0.023762862698945893,4
new_scale_150_1,scale,five,Dot plot / raw,384,soft,0.015463875670498275,4
new_scale_150_1,scale,five,ECDF / full,256,hard,0.016725593401046644,4
new_scale_150_1,scale,five,ECDF / full,256,soft,0.008630502872099436,4
new_scale_150_1,scale,five,ECDF / full,384,hard,0.017448531283536475,4
new_scale_150_1,scale,five,ECDF / full,384,soft,0.012461752121679373,4
new_scale_150_1,scale,five,Heatmap / 16,256,hard,0.06462256751245514,4
new_scale_150_1,scale,five,Heatmap / 16,256,soft,0.06462256751245514,4
new_scale_150_1,scale,five,Heatmap / 16,384,hard,0.06462256751245514,4
new_scale_150_1,scale,five,Heatmap / 16,384,soft,0.06462256751245514,4
new_scale_150_1,scale,five,Histogram / 16,256,hard,0.0792340581720097,4
new_scale_150_1,scale,five,Histogram / 16,256,soft,0.07152210278291206,4
new_scale_150_1,scale,five,Histogram / 16,384,hard,0.07705401409315589,4
new_scale_150_1,scale,five,Histogram / 16,384,soft,0.0721188189434945,4
new_scale_150_1,scale,five,Interval plot / five,256,hard,0.542721011151378,4
new_scale_150_1,scale,five,Interval plot / five,256,soft,0.3235047035719216,4
new_scale_150_1,scale,five,Interval plot / five,384,hard,0.5439229767144003,4
new_scale_150_1,scale,five,Interval plot / five,384,soft,0.32013798108391067,4
new_scale_150_1,scale,five,Quantile plot / five,256,hard,0.008063816273575733,4
new_scale_150_1,scale,five,Quantile plot / five,256,soft,0.003530692585551157,4
new_scale_150_1,scale,five,Quantile plot / five,384,hard,0.005930445286504158,4
new_scale_150_1,scale,five,Quantile plot / five,384,soft,0.0015408718440764661,4
new_scale_150_1,scale,five,Quantile plot / nineteen,256,hard,0.008063816273575733,4
new_scale_150_1,scale,five,Quantile plot / nineteen,256,soft,0.003530692585551157,4
new_scale_150_1,scale,five,Quantile plot / nineteen,384,hard,0.005930445286504158,4
new_scale_150_1,scale,five,Quantile plot / nineteen,384,soft,0.0015408718440764661,4
new_scale_150_1,scale,five,Violin plot / 64,256,hard,0.048779661256241016,4
new_scale_150_1,scale,five,Violin plot / 64,256,soft,0.04812057406517202,4
new_scale_150_1,scale,five,Violin plot / 64,384,hard,0.04699926279284557,4
new_scale_150_1,scale,five,Violin plot / 64,384,soft,0.04722886084897503,4
new_scale_150_1,scale,median,Bar chart / means,256,hard,,0
new_scale_150_1,scale,median,Bar chart / means,256,soft,,2
new_scale_150_1,scale,median,Bar chart / means,384,hard,,1
new_scale_150_1,scale,median,Bar chart / means,384,soft,0.10595862966752831,4
new_scale_150_1,scale,median,Box plot / five,256,hard,0.001969226308377484,4
new_scale_150_1,scale,median,Box plot / five,256,soft,0.001969226308377484,4
new_scale_150_1,scale,median,Box plot / five,384,hard,0.008768916990096437,4
new_scale_150_1,scale,median,Box plot / five,384,soft,0.008768916990096437,4
new_scale_150_1,scale,median,Dot plot / raw,256,hard,0.021924973983539795,4
new_scale_150_1,scale,median,Dot plot / raw,256,soft,0.024855549486640795,4
new_scale_150_1,scale,median,Dot plot / raw,384,hard,0.020688377486719905,4
new_scale_150_1,scale,median,Dot plot / raw,384,soft,0.015058115380265589,4
new_scale_150_1,scale,median,ECDF / full,256,hard,0.008140856589330604,4
new_scale_150_1,scale,median,ECDF / full,256,soft,0.011369056493281194,4
new_scale_150_1,scale,median,ECDF / full,384,hard,0.022653436786775897,4
new_scale_150_1,scale,median,ECDF / full,384,soft,0.01683230237548451,4
new_scale_150_1,scale,median,Heatmap / 16,256,hard,0.014572653515895451,4
new_scale_150_1,scale,median,Heatmap / 16,256,soft,0.014572653515895451,4
new_scale_150_1,scale,median,Heatmap / 16,384,hard,0.014572653515895451,4
new_scale_150_1,scale,median,Heatmap / 16,384,soft,0.014572653515895451,4
new_scale_150_1,scale,median,Histogram / 16,256,hard,0.01775702579605806,4
new_scale_150_1,scale,median,Histogram / 16,256,soft,0.02134133773790415,4
new_scale_150_1,scale,median,Histogram / 16,384,hard,0.01770145788358104,4
new_scale_150_1,scale,median,Histogram / 16,384,soft,0.02001645017566918,4
new_scale_150_1,scale,median,Interval plot / five,256,hard,0.001969226308377484,4
new_scale_150_1,scale,median,Interval plot / five,256,soft,0.001969226308377484,4
new_scale_150_1,scale,median,Interval plot / five,384,hard,0.006989786220341481,4
new_scale_150_1,scale,median,Interval plot / five,384,soft,0.006989786220341481,4
new_scale_150_1,scale,median,Quantile plot / five,256,hard,0.004276149304030466,4
new_scale_150_1,scale,median,Quantile plot / five,256,soft,0.0019692263083783855,4
new_scale_150_1,scale,median,Quantile plot / five,384,hard,0.007502370543168109,4
new_scale_150_1,scale,median,Quantile plot / five,384,soft,0.0014613256734045841,4
new_scale_150_1,scale,median,Quantile plot / nineteen,256,hard,0.004276149304030466,4
new_scale_150_1,scale,median,Quantile plot / nineteen,256,soft,0.0019692263083783855,4
new_scale_150_1,scale,median,Quantile plot / nineteen,384,hard,0.007502370543168109,4
new_scale_150_1,scale,median,Quantile plot / nineteen,384,soft,0.0014613256734045841,4
new_scale_150_1,scale,median,Violin plot / 64,256,hard,0.0629436106671022,4
new_scale_150_1,scale,median,Violin plot / 64,256,soft,0.06439647359796327,4
new_scale_150_1,scale,median,Violin plot / 64,384,hard,0.06278666691092707,4
new_scale_150_1,scale,median,Violin plot / 64,384,soft,0.0636881583139096,4
new_scale_150_1,scale,spread,Bar chart / means,256,hard,,0
new_scale_150_1,scale,spread,Bar chart / means,256,soft,,2
new_scale_150_1,scale,spread,Bar chart / means,384,hard,,1
new_scale_150_1,scale,spread,Bar chart / means,384,soft,0.6284627464302744,4
new_scale_150_1,scale,spread,Box plot / five,256,hard,0.03807332391266635,4
new_scale_150_1,scale,spread,Box plot / five,256,soft,0.01338680278885418,4
new_scale_150_1,scale,spread,Box plot / five,384,hard,0.014597585841247498,4
new_scale_150_1,scale,spread,Box plot / five,384,soft,0.023375301227411736,4
new_scale_150_1,scale,spread,Dot plot / raw,256,hard,0.02456653456677351,4
new_scale_150_1,scale,spread,Dot plot / raw,256,soft,0.03881300615918855,4
new_scale_150_1,scale,spread,Dot plot / raw,384,hard,0.031648122875850185,4
new_scale_150_1,scale,spread,Dot plot / raw,384,soft,0.018124128330786995,4
new_scale_150_1,scale,spread,ECDF / full,256,hard,0.019036661956333932,4
new_scale_150_1,scale,spread,ECDF / full,256,soft,0.002276522118901654,4
new_scale_150_1,scale,spread,ECDF / full,384,hard,0.031413555380806334,4
new_scale_150_1,scale,spread,ECDF / full,384,soft,0.014741732485798206,4
new_scale_150_1,scale,spread,Heatmap / 16,256,hard,0.19899205266282485,4
new_scale_150_1,scale,spread,Heatmap / 16,256,soft,0.19899205266282485,4
new_scale_150_1,scale,spread,Heatmap / 16,384,hard,0.19899205266282485,4
new_scale_150_1,scale,spread,Heatmap / 16,384,soft,0.19899205266282485,4
new_scale_150_1,scale,spread,Histogram / 16,256,hard,0.18452429005896226,4
new_scale_150_1,scale,spread,Histogram / 16,256,soft,0.1900010444350375,4
new_scale_150_1,scale,spread,Histogram / 16,384,hard,0.1824386476152784,4
new_scale_150_1,scale,spread,Histogram / 16,384,soft,0.1860591575507367,4
new_scale_150_1,scale,spread,Interval plot / five,256,hard,0.01338680278885418,4
new_scale_150_1,scale,spread,Interval plot / five,256,soft,0.01338680278885358,4
new_scale_150_1,scale,spread,Interval plot / five,384,hard,0.023375301227411736,4
new_scale_150_1,scale,spread,Interval plot / five,384,soft,0.023375301227412035,4
new_scale_150_1,scale,spread,Quantile plot / five,256,hard,0.016842304523105915,4
new_scale_150_1,scale,spread,Quantile plot / five,256,soft,0.01338680278885298,4
new_scale_150_1,scale,spread,Quantile plot / five,384,hard,0.006991436685410085,4
new_scale_150_1,scale,spread,Quantile plot / five,384,soft,0.001478922465539889,4
new_scale_150_1,scale,spread,Quantile plot / nineteen,256,hard,0.016842304523105915,4
new_scale_150_1,scale,spread,Quantile plot / nineteen,256,soft,0.01338680278885298,4
new_scale_150_1,scale,spread,Quantile plot / nineteen,384,hard,0.006991436685410085,4
new_scale_150_1,scale,spread,Quantile plot / nineteen,384,soft,0.001478922465539889,4
new_scale_150_1,scale,spread,Violin plot / 64,256,hard,0.104313365176891,4
new_scale_150_1,scale,spread,Violin plot / 64,256,soft,0.10211125470107331,4
new_scale_150_1,scale,spread,Violin plot / 64,384,hard,0.10346252782860943,4
new_scale_150_1,scale,spread,Violin plot / 64,384,soft,0.10283483931060645,4
new_scale_150_2,scale,five,Bar chart / means,256,hard,0.3941273184335006,4
new_scale_150_2,scale,five,Bar chart / means,256,soft,0.3918215174981051,4
new_scale_150_2,scale,five,Bar chart / means,384,hard,0.39262572054914224,4
new_scale_150_2,scale,five,Bar chart / means,384,soft,0.3911241226647839,4
new_scale_150_2,scale,five,Box plot / five,256,hard,0.47773417291022924,4
new_scale_150_2,scale,five,Box plot / five,256,soft,0.22769398012026437,4
new_scale_150_2,scale,five,Box plot / five,384,hard,0.4810353448117755,4
new_scale_150_2,scale,five,Box plot / five,384,soft,0.22893815140532972,4
new_scale_150_2,scale,five,Dot plot / raw,256,hard,0.020710299572266496,4
new_scale_150_2,scale,five,Dot plot / raw,256,soft,0.015320895358529901,4
new_scale_150_2,scale,five,Dot plot / raw,384,hard,0.02461348230103052,4
new_scale_150_2,scale,five,Dot plot / raw,384,soft,0.013726038085532456,4
new_scale_150_2,scale,five,ECDF / full,256,hard,0.01742891582995204,4
new_scale_150_2,scale,five,ECDF / full,256,soft,0.01248809404053614,4
new_scale_150_2,scale,five,ECDF / full,384,hard,0.014116710012224842,4
new_scale_150_2,scale,five,ECDF / full,384,soft,0.010262643133649968,4
new_scale_150_2,scale,five,Heatmap / 16,256,hard,0.06965441804221635,4
new_scale_150_2,scale,five,Heatmap / 16,256,soft,0.06965441804221635,4
new_scale_150_2,scale,five,Heatmap / 16,384,hard,0.06965441804221635,4
new_scale_150_2,scale,five,Heatmap / 16,384,soft,0.06965441804221635,4
new_scale_150_2,scale,five,Histogram / 16,256,hard,0.0682483757839027,4
new_scale_150_2,scale,five,Histogram / 16,256,soft,0.06929645440750615,4
new_scale_150_2,scale,five,Histogram / 16,384,hard,0.06908594214533331,4
new_scale_150_2,scale,five,Histogram / 16,384,soft,0.0694492977328332,4
new_scale_150_2,scale,five,Interval plot / five,256,hard,0.47216551544023033,4
new_scale_150_2,scale,five,Interval plot / five,256,soft,0.22728945610123616,4
new_scale_150_2,scale,five,Interval plot / five,384,hard,0.47878316822630756,4
new_scale_150_2,scale,five,Interval plot / five,384,soft,0.22831664111533834,4
new_scale_150_2,scale,five,Quantile plot / five,256,hard,0.005830976605936014,4
new_scale_150_2,scale,five,Quantile plot / five,256,soft,0.0010203627446920278,4
new_scale_150_2,scale,five,Quantile plot / five,384,hard,0.004154313752663107,4
new_scale_150_2,scale,five,Quantile plot / five,384,soft,0.0011178619671284556,4
new_scale_150_2,scale,five,Quantile plot / nineteen,256,hard,0.005830976605936014,4
new_scale_150_2,scale,five,Quantile plot / nineteen,256,soft,0.0010203627446920278,4
new_scale_150_2,scale,five,Quantile plot / nineteen,384,hard,0.004154313752663107,4
new_scale_150_2,scale,five,Quantile plot / nineteen,384,soft,0.0011178619671284556,4
new_scale_150_2,scale,five,Violin plot / 64,256,hard,0.04672907850515135,4
new_scale_150_2,scale,five,Violin plot / 64,256,soft,0.04572891014276022,4
new_scale_150_2,scale,five,Violin plot / 64,384,hard,0.04558436122161246,4
new_scale_150_2,scale,five,Violin plot / 64,384,soft,0.045249040990392,4
new_scale_150_2,scale,median,Bar chart / means,256,hard,0.11391272784875166,4
new_scale_150_2,scale,median,Bar chart / means,256,soft,0.10238372317177447,4
new_scale_150_2,scale,median,Bar chart / means,384,hard,0.10640473842695988,4
new_scale_150_2,scale,median,Bar chart / means,384,soft,0.09889674900516841,4
new_scale_150_2,scale,median,Box plot / five,256,hard,0.012047841553381898,4
new_scale_150_2,scale,median,Box plot / five,256,soft,0.012047841553381898,4
new_scale_150_2,scale,median,Box plot / five,384,hard,0.007507989421791772,4
new_scale_150_2,scale,median,Box plot / five,384,soft,0.007507989421791772,4
new_scale_150_2,scale,median,Dot plot / raw,256,hard,0.010954995110639314,4
new_scale_150_2,scale,median,Dot plot / raw,256,soft,0.02299569550467883,4
new_scale_150_2,scale,median,Dot plot / raw,384,hard,0.02731354072388556,4
new_scale_150_2,scale,median,Dot plot / raw,384,soft,0.02534415602770211,4
new_scale_150_2,scale,median,ECDF / full,256,hard,0.006453161798998166,4
new_scale_150_2,scale,median,ECDF / full,256,soft,0.010609279427165616,4
new_scale_150_2,scale,median,ECDF / full,384,hard,0.023816854787251894,4
new_scale_150_2,scale,median,ECDF / full,384,soft,0.02096337029548727,4
new_scale_150_2,scale,median,Heatmap / 16,256,hard,0.04192927353196273,4
new_scale_150_2,scale,median,Heatmap / 16,256,soft,0.04192927353196273,4
new_scale_150_2,scale,median,Heatmap / 16,384,hard,0.04192927353196273,4
new_scale_150_2,scale,median,Heatmap / 16,384,soft,0.04192927353196273,4
new_scale_150_2,scale,median,Histogram / 16,256,hard,0.039111546476083475,4
new_scale_150_2,scale,median,Histogram / 16,256,soft,0.038081568698910676,4
new_scale_150_2,scale,median,Histogram / 16,384,hard,0.04185929457483596,4
new_scale_150_2,scale,median,Histogram / 16,384,soft,0.04118278824736705,4
new_scale_150_2,scale,median,Interval plot / five,256,hard,0.010025221458240712,4
new_scale_150_2,scale,median,Interval plot / five,256,soft,0.010025221458240712,4
new_scale_150_2,scale,median,Interval plot / five,384,hard,0.004400437971834323,4
new_scale_150_2,scale,median,Interval plot / five,384,soft,0.004400437971834323,4
new_scale_150_2,scale,median,Quantile plot / five,256,hard,0.010760404365178798,4
new_scale_150_2,scale,median,Quantile plot / five,256,soft,0.0013773189210200295,4
new_scale_150_2,scale,median,Quantile plot / five,384,hard,0.004504793653075092,4
new_scale_150_2,scale,median,Quantile plot / five,384,soft,0.001292886521878069,4
new_scale_150_2,scale,median,Quantile plot / nineteen,256,hard,0.010760404365178798,4
new_scale_150_2,scale,median,Quantile plot / nineteen,256,soft,0.0013773189210200295,4
new_scale_150_2,scale,median,Quantile plot / nineteen,384,hard,0.004504793653075092,4
new_scale_150_2,scale,median,Quantile plot / nineteen,384,soft,0.001292886521878069,4
new_scale_150_2,scale,median,Violin plot / 64,256,hard,0.038220810076181076,4
new_scale_150_2,scale,median,Violin plot / 64,256,soft,0.03710594269576179,4
new_scale_150_2,scale,median,Violin plot / 64,384,hard,0.037044947001665156,4
new_scale_150_2,scale,median,Violin plot / 64,384,soft,0.03645988708871124,4
new_scale_150_2,scale,spread,Bar chart / means,256,hard,0.5663133161762661,4
new_scale_150_2,scale,spread,Bar chart / means,256,soft,0.5663133161762661,4
new_scale_150_2,scale,spread,Bar chart / means,384,hard,0.5663133161762661,4
new_scale_150_2,scale,spread,Bar chart / means,384,soft,0.5663133161762661,4
new_scale_150_2,scale,spread,Box plot / five,256,hard,0.034587014030931,4
new_scale_150_2,scale,spread,Box plot / five,256,soft,0.017989550517659426,4
new_scale_150_2,scale,spread,Box plot / five,384,hard,0.01180186930168986,4
new_scale_150_2,scale,spread,Box plot / five,384,soft,0.009654929361740816,4
new_scale_150_2,scale,spread,Dot plot / raw,256,hard,0.046971416132776445,4
new_scale_150_2,scale,spread,Dot plot / raw,256,soft,0.020403231395532708,4
new_scale_150_2,scale,spread,Dot plot / raw,384,hard,0.031309494850791285,4
new_scale_150_2,scale,spread,Dot plot / raw,384,soft,0.010950248166380884,4
new_scale_150_2,scale,spread,ECDF / full,256,hard,0.02236196585176062,4
new_scale_150_2,scale,spread,ECDF / full,256,soft,0.006097964022095325,4
new_scale_150_2,scale,spread,ECDF / full,384,hard,0.00804787459079375,4
new_scale_150_2,scale,spread,ECDF / full,384,soft,0.006258988081212307,4
new_scale_150_2,scale,spread,Heatmap / 16,256,hard,0.04853370994087423,4
new_scale_150_2,scale,spread,Heatmap / 16,256,soft,0.04853370994087423,4
new_scale_150_2,scale,spread,Heatmap / 16,384,hard,0.04853370994087423,4
new_scale_150_2,scale,spread,Heatmap / 16,384,soft,0.04853370994087423,4
new_scale_150_2,scale,spread,Histogram / 16,256,hard,0.07344136593833163,4
new_scale_150_2,scale,spread,Histogram / 16,256,soft,0.05973292577400645,4
new_scale_150_2,scale,spread,Histogram / 16,384,hard,0.07000473485261295,4
new_scale_150_2,scale,spread,Histogram / 16,384,soft,0.061003198995218555,4
new_scale_150_2,scale,spread,Interval plot / five,256,hard,0.017989550517659124,4
new_scale_150_2,scale,spread,Interval plot / five,256,soft,0.017989550517659124,4
new_scale_150_2,scale,spread,Interval plot / five,384,hard,0.009654929361740667,4
new_scale_150_2,scale,spread,Interval plot / five,384,soft,0.00965492936174171,4
new_scale_150_2,scale,spread,Quantile plot / five,256,hard,0.01204140488484265,4
new_scale_150_2,scale,spread,Quantile plot / five,256,soft,0.001392087004387402,4
new_scale_150_2,scale,spread,Quantile plot / five,384,hard,0.006528958947454496,4
new_scale_150_2,scale,spread,Quantile plot / five,384,soft,0.003214109541891893,4
new_scale_150_2,scale,spread,Quantile plot / nineteen,256,hard,0.01204140488484265,4
new_scale_150_2,scale,spread,Quantile plot / nineteen,256,soft,0.001392087004387402,4
new_scale_150_2,scale,spread,Quantile plot / nineteen,384,hard,0.006528958947454496,4
new_scale_150_2,scale,spread,Quantile plot / nineteen,384,soft,0.003214109541891893,4
new_scale_150_2,scale,spread,Violin plot / 64,256,hard,0.1063383398001452,4
new_scale_150_2,scale,spread,Violin plot / 64,256,soft,0.1037434425556211,4
new_scale_150_2,scale,spread,Violin plot / 64,384,hard,0.10485500880385978,4
new_scale_150_2,scale,spread,Violin plot / 64,384,soft,0.10368152645264436,4
new_scale_30_0,scale,five,Bar chart / means,256,hard,0.4044775647597076,4
new_scale_30_0,scale,five,Bar chart / means,256,soft,0.40233893546383626,4
new_scale_30_0,scale,five,Bar chart / means,384,hard,0.4025428919361946,4
new_scale_30_0,scale,five,Bar chart / means,384,soft,0.4011501605963765,4
new_scale_30_0,scale,five,Box plot / five,256,hard,0.3124787888388635,4
new_scale_30_0,scale,five,Box plot / five,256,soft,0.2670987034209671,4
new_scale_30_0,scale,five,Box plot / five,384,hard,0.31096218774507456,4
new_scale_30_0,scale,five,Box plot / five,384,soft,0.2641870400562475,4
new_scale_30_0,scale,five,Dot plot / raw,256,hard,0.10252914620018497,4
new_scale_30_0,scale,five,Dot plot / raw,256,soft,0.04956962179672102,4
new_scale_30_0,scale,five,Dot plot / raw,384,hard,0.10629758362097579,4
new_scale_30_0,scale,five,Dot plot / raw,384,soft,0.068917037449246,4
new_scale_30_0,scale,five,ECDF / full,256,hard,0.04168204280994235,4
new_scale_30_0,scale,five,ECDF / full,256,soft,0.03843574584553311,4
new_scale_30_0,scale,five,ECDF / full,384,hard,0.06316365292857644,4
new_scale_30_0,scale,five,ECDF / full,384,soft,0.03421949819928759,4
new_scale_30_0,scale,five,Heatmap / 16,256,hard,0.028987283733059428,4
new_scale_30_0,scale,five,Heatmap / 16,256,soft,0.028987283733059428,4
new_scale_30_0,scale,five,Heatmap / 16,384,hard,0.028987283733059428,4
new_scale_30_0,scale,five,Heatmap / 16,384,soft,0.028987283733059428,4
new_scale_30_0,scale,five,Histogram / 16,256,hard,0.05148656382405938,4
new_scale_30_0,scale,five,Histogram / 16,256,soft,0.04538554951663449,4
new_scale_30_0,scale,five,Histogram / 16,384,hard,0.05162978933128874,4
new_scale_30_0,scale,five,Histogram / 16,384,soft,0.047855179531709605,4
new_scale_30_0,scale,five,Interval plot / five,256,hard,0.310215859936678,4
new_scale_30_0,scale,five,Interval plot / five,256,soft,0.26709870342096714,4
new_scale_30_0,scale,five,Interval plot / five,384,hard,0.3101125156991758,4
new_scale_30_0,scale,five,Interval plot / five,384,soft,0.2636166745356552,4
new_scale_30_0,scale,five,Quantile plot / five,256,hard,0.006828183494853064,4
new_scale_30_0,scale,five,Quantile plot / five,256,soft,0.004227593608372816,4
new_scale_30_0,scale,five,Quantile plot / five,384,hard,0.0050624740737508465,4
new_scale_30_0,scale,five,Quantile plot / five,384,soft,0.003798210401468601,4
new_scale_30_0,scale,five,Quantile plot / nineteen,256,hard,0.006828183494853064,4
new_scale_30_0,scale,five,Quantile plot / nineteen,256,soft,0.004227593608372816,4
new_scale_30_0,scale,five,Quantile plot / nineteen,384,hard,0.0050624740737508465,4
new_scale_30_0,scale,five,Quantile plot / nineteen,384,soft,0.003798210401468601,4
new_scale_30_0,scale,five,Violin plot / 64,256,hard,0.13614629041889986,4
new_scale_30_0,scale,five,Violin plot / 64,256,soft,0.13602538246658785,4
new_scale_30_0,scale,five,Violin plot / 64,384,hard,0.13674067100922055,4
new_scale_30_0,scale,five,Violin plot / 64,384,soft,0.13668846271795082,4
new_scale_30_0,scale,median,Bar chart / means,256,hard,0.3052235530679508,4
new_scale_30_0,scale,median,Bar chart / means,256,soft,0.294530406588594,4
new_scale_30_0,scale,median,Bar chart / means,384,hard,0.29555018895038576,4
new_scale_30_0,scale,median,Bar chart / means,384,soft,0.2885865322512954,4
new_scale_30_0,scale,median,Box plot / five,256,hard,0.004877694833390831,4
new_scale_30_0,scale,median,Box plot / five,256,soft,0.004877694833390831,4
new_scale_30_0,scale,median,Box plot / five,384,hard,0.008907181254344185,4
new_scale_30_0,scale,median,Box plot / five,384,soft,0.008907181254344185,4
new_scale_30_0,scale,median,Dot plot / raw,256,hard,0.028353988223345422,4
new_scale_30_0,scale,median,Dot plot / raw,256,soft,0.009484850051079168,4
new_scale_30_0,scale,median,Dot plot / raw,384,hard,0.030345385244592897,4
new_scale_30_0,scale,median,Dot plot / raw,384,soft,0.012644834400897536,4
new_scale_30_0,scale,median,ECDF / full,256,hard,0.01894744554201771,4
new_scale_30_0,scale,median,ECDF / full,256,soft,0.01318434042872401,4
new_scale_30_0,scale,median,ECDF / full,384,hard,0.023967577685854558,4
new_scale_30_0,scale,median,ECDF / full,384,soft,0.01155277641428147,4
new_scale_30_0,scale,median,Heatmap / 16,256,hard,0.0020027544501285237,4
new_scale_30_0,scale,median,Heatmap / 16,256,soft,0.0020027544501285237,4
new_scale_30_0,scale,median,Heatmap / 16,384,hard,0.0020027544501285237,4
new_scale_30_0,scale,median,Heatmap / 16,384,soft,0.0020027544501285237,4
new_scale_30_0,scale,median,Histogram / 16,256,hard,0.019586143297350755,4
new_scale_30_0,scale,median,Histogram / 16,256,soft,0.013224971588073078,4
new_scale_30_0,scale,median,Histogram / 16,384,hard,0.018668629627655822,4
new_scale_30_0,scale,median,Histogram / 16,384,soft,0.014530982353720561,4
new_scale_30_0,scale,median,Interval plot / five,256,hard,0.00487769483339065,4
new_scale_30_0,scale,median,Interval plot / five,256,soft,0.00487769483339065,4
new_scale_30_0,scale,median,Interval plot / five,384,hard,0.006055353651382823,4
new_scale_30_0,scale,median,Interval plot / five,384,soft,0.006055353651382823,4
new_scale_30_0,scale,median,Quantile plot / five,256,hard,0.00529035314452327,4
new_scale_30_0,scale,median,Quantile plot / five,256,soft,0.004877694833390106,4
new_scale_30_0,scale,median,Quantile plot / five,384,hard,0.006499412919150933,4
new_scale_30_0,scale,median,Quantile plot / five,384,soft,0.003887049110507514,4
new_scale_30_0,scale,median,Quantile plot / nineteen,256,hard,0.00529035314452327,4
new_scale_30_0,scale,median,Quantile plot / nineteen,256,soft,0.004877694833390106,4
new_scale_30_0,scale,median,Quantile plot / nineteen,384,hard,0.006499412919150933,4
new_scale_30_0,scale,median,Quantile plot / nineteen,384,soft,0.003887049110507514,4
new_scale_30_0,scale,median,Violin plot / 64,256,hard,0.17358256261968408,4
new_scale_30_0,scale,median,Violin plot / 64,256,soft,0.17282155659155035,4
new_scale_30_0,scale,median,Violin plot / 64,384,hard,0.17422897156284556,4
new_scale_30_0,scale,median,Violin plot / 64,384,soft,0.1739935560384438,4
new_scale_30_0,scale,spread,Bar chart / means,256,hard,0.5932959481890852,4
new_scale_30_0,scale,spread,Bar chart / means,256,soft,0.5932959481890852,4
new_scale_30_0,scale,spread,Bar chart / means,384,hard,0.5932959481890852,4
new_scale_30_0,scale,spread,Bar chart / means,384,soft,0.5932959481890852,4
new_scale_30_0,scale,spread,Box plot / five,256,hard,0.026906547613596433,4
new_scale_30_0,scale,spread,Box plot / five,256,soft,0.02414642028615437,4
new_scale_30_0,scale,spread,Box plot / five,384,hard,0.013927313398181398,4
new_scale_30_0,scale,spread,Box plot / five,384,soft,0.01810170613092183,4
new_scale_30_0,scale,spread,Dot plot / raw,256,hard,0.07969100431967067,4
new_scale_30_0,scale,spread,Dot plot / raw,256,soft,0.046377930825948016,4
new_scale_30_0,scale,spread,Dot plot / raw,384,hard,0.14458200944722202,4
new_scale_30_0,scale,spread,Dot plot / raw,384,soft,0.061359527105732475,4
new_scale_30_0,scale,spread,ECDF / full,256,hard,0.0910654264897359,4
new_scale_30_0,scale,spread,ECDF / full,256,soft,0.09091214134125958,4
new_scale_30_0,scale,spread,ECDF / full,384,hard,0.08217875162269489,4
new_scale_30_0,scale,spread,ECDF / full,384,soft,0.0821787516226947,4
new_scale_30_0,scale,spread,Heatmap / 16,256,hard,0.05945699063992813,4
new_scale_30_0,scale,spread,Heatmap / 16,256,soft,0.05945699063992813,4
new_scale_30_0,scale,spread,Heatmap / 16,384,hard,0.05945699063992813,4
new_scale_30_0,scale,spread,Heatmap / 16,384,soft,0.05945699063992813,4
new_scale_30_0,scale,spread,Histogram / 16,256,hard,0.09682078395318905,4
new_scale_30_0,scale,spread,Histogram / 16,256,soft,0.08362568621900661,4
new_scale_30_0,scale,spread,Histogram / 16,384,hard,0.0942383807311597,4
new_scale_30_0,scale,spread,Histogram / 16,384,soft,0.08565337253606356,4
new_scale_30_0,scale,spread,Interval plot / five,256,hard,0.024146420286154734,4
new_scale_30_0,scale,spread,Interval plot / five,256,soft,0.024146420286154734,4
new_scale_30_0,scale,spread,Interval plot / five,384,hard,0.01810170613092183,4
new_scale_30_0,scale,spread,Interval plot / five,384,soft,0.01810170613092165,4
new_scale_30_0,scale,spread,Quantile plot / five,256,hard,0.011077019033607992,4
new_scale_30_0,scale,spread,Quantile plot / five,256,soft,0.005520254654883041,4
new_scale_30_0,scale,spread,Quantile plot / five,384,hard,0.011138049431830496,4
new_scale_30_0,scale,spread,Quantile plot / five,384,soft,0.008348785465479956,4
new_scale_30_0,scale,spread,Quantile plot / nineteen,256,hard,0.011077019033607992,4
new_scale_30_0,scale,spread,Quantile plot / nineteen,256,soft,0.005520254654883041,4
new_scale_30_0,scale,spread,Quantile plot / nineteen,384,hard,0.011138049431830496,4
new_scale_30_0,scale,spread,Quantile plot / nineteen,384,soft,0.008348785465479956,4
new_scale_30_0,scale,spread,Violin plot / 64,256,hard,0.14805589118085444,4
new_scale_30_0,scale,spread,Violin plot / 64,256,soft,0.14611871447492353,4
new_scale_30_0,scale,spread,Violin plot / 64,384,hard,0.1483548443581213,4
new_scale_30_0,scale,spread,Violin plot / 64,384,soft,0.14710750929729532,4
new_scale_30_1,scale,five,Bar chart / means,256,hard,0.1154187242838737,4
new_scale_30_1,scale,five,Bar chart / means,256,soft,0.11248879313256753,4
new_scale_30_1,scale,five,Bar chart / means,384,hard,0.11009525516156116,4
new_scale_30_1,scale,five,Bar chart / means,384,soft,0.11105065124827437,4
new_scale_30_1,scale,five,Box plot / five,256,hard,0.3370816017968299,4
new_scale_30_1,scale,five,Box plot / five,256,soft,0.2000536092404148,4
new_scale_30_1,scale,five,Box plot / five,384,hard,0.3365120019204964,4
new_scale_30_1,scale,five,Box plot / five,384,soft,0.19539092273558153,4
new_scale_30_1,scale,five,Dot plot / raw,256,hard,0.06820213601331408,4
new_scale_30_1,scale,five,Dot plot / raw,256,soft,0.04272027806449024,4
new_scale_30_1,scale,five,Dot plot / raw,384,hard,0.06284404080454907,4
new_scale_30_1,scale,five,Dot plot / raw,384,soft,0.045350484079346304,4
new_scale_30_1,scale,five,ECDF / full,256,hard,0.05486862138426056,4
new_scale_30_1,scale,five,ECDF / full,256,soft,0.03003922257678124,4
new_scale_30_1,scale,five,ECDF / full,384,hard,0.05364449547267569,4
new_scale_30_1,scale,five,ECDF / full,384,soft,0.026947395046968702,4
new_scale_30_1,scale,five,Heatmap / 16,256,hard,0.08340642017092909,4
new_scale_30_1,scale,five,Heatmap / 16,256,soft,0.08340642017092909,4
new_scale_30_1,scale,five,Heatmap / 16,384,hard,0.08340642017092909,4
new_scale_30_1,scale,five,Heatmap / 16,384,soft,0.08340642017092909,4
new_scale_30_1,scale,five,Histogram / 16,256,hard,0.08245716757911886,4
new_scale_30_1,scale,five,Histogram / 16,256,soft,0.08107822031272094,4
new_scale_30_1,scale,five,Histogram / 16,384,hard,0.08296527647646733,4
new_scale_30_1,scale,five,Histogram / 16,384,soft,0.08210288931335125,4
new_scale_30_1,scale,five,Interval plot / five,256,hard,0.3350924715665736,4
new_scale_30_1,scale,five,Interval plot / five,256,soft,0.19950684036323763,4
new_scale_30_1,scale,five,Interval plot / five,384,hard,0.33490499141545244,4
new_scale_30_1,scale,five,Interval plot / five,384,soft,0.19482404327535335,4
new_scale_30_1,scale,five,Quantile plot / five,256,hard,0.007758419189235061,4
new_scale_30_1,scale,five,Quantile plot / five,256,soft,0.004102546579023782,4
new_scale_30_1,scale,five,Quantile plot / five,384,hard,0.004405156782544853,4
new_scale_30_1,scale,five,Quantile plot / five,384,soft,0.0034765546737206237,4
new_scale_30_1,scale,five,Quantile plot / nineteen,256,hard,0.007758419189235061,4
new_scale_30_1,scale,five,Quantile plot / nineteen,256,soft,0.004102546579023782,4
new_scale_30_1,scale,five,Quantile plot / nineteen,384,hard,0.004405156782544853,4
new_scale_30_1,scale,five,Quantile plot / nineteen,384,soft,0.0034765546737206237,4
new_scale_30_1,scale,five,Violin plot / 64,256,hard,0.07498155196154951,4
new_scale_30_1,scale,five,Violin plot / 64,256,soft,0.07505340058606937,4
new_scale_30_1,scale,five,Violin plot / 64,384,hard,0.07561132085183808,4
new_scale_30_1,scale,five,Violin plot / 64,384,soft,0.07565040124077935,4
new_scale_30_1,scale,median,Bar chart / means,256,hard,0.16947407398818728,4
new_scale_30_1,scale,median,Bar chart / means,256,soft,0.13854840573414906,4
new_scale_30_1,scale,median,Bar chart / means,384,hard,0.1504861069221288,4
new_scale_30_1,scale,median,Bar chart / means,384,soft,0.13034650280028892,4
new_scale_30_1,scale,median,Box plot / five,256,hard,0.010156710744883212,4
new_scale_30_1,scale,median,Box plot / five,256,soft,0.010156710744883212,4
new_scale_30_1,scale,median,Box plot / five,384,hard,0.008671963713268033,4
new_scale_30_1,scale,median,Box plot / five,384,soft,0.008671963713268033,4
new_scale_30_1,scale,median,Dot plot / raw,256,hard,0.16895472867607075,4
new_scale_30_1,scale,median,Dot plot / raw,256,soft,0.13046185072622926,4
new_scale_30_1,scale,median,Dot plot / raw,384,hard,0.16246433788818432,4
new_scale_30_1,scale,median,Dot plot / raw,384,soft,0.1263328473213377,4
new_scale_30_1,scale,median,ECDF / full,256,hard,0.16039972072155717,4
new_scale_30_1,scale,median,ECDF / full,256,soft,0.03975242550739976,4
new_scale_30_1,scale,median,ECDF / full,384,hard,0.15832115627941498,4
new_scale_30_1,scale,median,ECDF / full,384,soft,0.02536155093871324,4
new_scale_30_1,scale,median,Heatmap / 16,256,hard,0.09540659319838786,4
new_scale_30_1,scale,median,Heatmap / 16,256,soft,0.09540659319838786,4
new_scale_30_1,scale,median,Heatmap / 16,384,hard,0.09540659319838786,4
new_scale_30_1,scale,median,Heatmap / 16,384,soft,0.09540659319838786,4
new_scale_30_1,scale,median,Histogram / 16,256,hard,0.0869238113735706,4
new_scale_30_1,scale,median,Histogram / 16,256,soft,0.08657278388911407,4
new_scale_30_1,scale,median,Histogram / 16,384,hard,0.08990455729106232,4
new_scale_30_1,scale,median,Histogram / 16,384,soft,0.08968516419791422,4
new_scale_30_1,scale,median,Interval plot / five,256,hard,0.007422866358997154,4
new_scale_30_1,scale,median,Interval plot / five,256,soft,0.007422866358997154,4
new_scale_30_1,scale,median,Interval plot / five,384,hard,0.0058375664121270154,4
new_scale_30_1,scale,median,Interval plot / five,384,soft,0.0058375664121270154,4
new_scale_30_1,scale,median,Quantile plot / five,256,hard,0.007422866358996966,4
new_scale_30_1,scale,median,Quantile plot / five,256,soft,0.004537176633314401,4
new_scale_30_1,scale,median,Quantile plot / five,384,hard,0.00626565461568329,4
new_scale_30_1,scale,median,Quantile plot / five,384,soft,0.003917524678642818,4
new_scale_30_1,scale,median,Quantile plot / nineteen,256,hard,0.007422866358996966,4
new_scale_30_1,scale,median,Quantile plot / nineteen,256,soft,0.004537176633314401,4
new_scale_30_1,scale,median,Quantile plot / nineteen,384,hard,0.00626565461568329,4
new_scale_30_1,scale,median,Quantile plot / nineteen,384,soft,0.003917524678642818,4
new_scale_30_1,scale,median,Violin plot / 64,256,hard,0.0963662071084507,4
new_scale_30_1,scale,median,Violin plot / 64,256,soft,0.09583823347088065,4
new_scale_30_1,scale,median,Violin plot / 64,384,hard,0.09501695655496259,4
new_scale_30_1,scale,median,Violin plot / 64,384,soft,0.0945371434409092,4
new_scale_30_1,scale,spread,Bar chart / means,256,hard,0.043304300543415455,4
new_scale_30_1,scale,spread,Bar chart / means,256,soft,0.043304300543415455,4
new_scale_30_1,scale,spread,Bar chart / means,384,hard,0.043304300543415455,4
new_scale_30_1,scale,spread,Bar chart / means,384,soft,0.043304300543415455,4
new_scale_30_1,scale,spread,Box plot / five,256,hard,0.020617112169358874,4
new_scale_30_1,scale,spread,Box plot / five,256,soft,0.02165215027170754,4
new_scale_30_1,scale,spread,Box plot / five,384,hard,0.01711451182210416,4
new_scale_30_1,scale,spread,Box plot / five,384,soft,0.011913856598025394,4
new_scale_30_1,scale,spread,Dot plot / raw,256,hard,0.05095189435857078,4
new_scale_30_1,scale,spread,Dot plot / raw,256,soft,0.03822256694161546,4
new_scale_30_1,scale,spread,Dot plot / raw,384,hard,0.08120938952158317,4
new_scale_30_1,scale,spread,Dot plot / raw,384,soft,0.05810672444690354,4
new_scale_30_1,scale,spread,ECDF / full,256,hard,0.06392141271277471,4
new_scale_30_1,scale,spread,ECDF / full,256,soft,0.0638366860736211,4
new_scale_30_1,scale,spread,ECDF / full,384,hard,0.07015710603920157,4
new_scale_30_1,scale,spread,ECDF / full,384,soft,0.0701571060392012,4
new_scale_30_1,scale,spread,Heatmap / 16,256,hard,0.20933347206972247,4
new_scale_30_1,scale,spread,Heatmap / 16,256,soft,0.20933347206972247,4
new_scale_30_1,scale,spread,Heatmap / 16,384,hard,0.20933347206972247,4
new_scale_30_1,scale,spread,Heatmap / 16,384,soft,0.20933347206972247,4
new_scale_30_1,scale,spread,Histogram / 16,256,hard,0.23144232746736204,4
new_scale_30_1,scale,spread,Histogram / 16,256,soft,0.22019269504014605,4
new_scale_30_1,scale,spread,Histogram / 16,384,hard,0.22763628917284096,4
new_scale_30_1,scale,spread,Histogram / 16,384,soft,0.2203389440068326,4
new_scale_30_1,scale,spread,Interval plot / five,256,hard,0.021652150271707162,4
new_scale_30_1,scale,spread,Interval plot / five,256,soft,0.021652150271707915,4
new_scale_30_1,scale,spread,Interval plot / five,384,hard,0.011913856598025395,4
new_scale_30_1,scale,spread,Interval plot / five,384,soft,0.011913856598025394,4
new_scale_30_1,scale,spread,Quantile plot / five,256,hard,0.009621319012367192,4
new_scale_30_1,scale,spread,Quantile plot / five,256,soft,0.0020700762046980854,4
new_scale_30_1,scale,spread,Quantile plot / five,384,hard,0.0055197433519114745,4
new_scale_30_1,scale,spread,Quantile plot / five,384,soft,0.003688109074210538,4
new_scale_30_1,scale,spread,Quantile plot / nineteen,256,hard,0.009621319012367192,4
new_scale_30_1,scale,spread,Quantile plot / nineteen,256,soft,0.0020700762046980854,4
new_scale_30_1,scale,spread,Quantile plot / nineteen,384,hard,0.0055197433519114745,4
new_scale_30_1,scale,spread,Quantile plot / nineteen,384,soft,0.003688109074210538,4
new_scale_30_1,scale,spread,Violin plot / 64,256,hard,0.15522710444493107,4
new_scale_30_1,scale,spread,Violin plot / 64,256,soft,0.15347959375744818,4
new_scale_30_1,scale,spread,Violin plot / 64,384,hard,0.15572160600145463,4
new_scale_30_1,scale,spread,Violin plot / 64,384,soft,0.15476769784199432,4
new_scale_30_2,scale,five,Bar chart / means,256,hard,0.4068197652121844,4
new_scale_30_2,scale,five,Bar chart / means,256,soft,0.4088243086830826,4
new_scale_30_2,scale,five,Bar chart / means,384,hard,0.4080814805848751,4
new_scale_30_2,scale,five,Bar chart / means,384,soft,0.40938689172804865,4
new_scale_30_2,scale,five,Box plot / five,256,hard,0.24285602042900015,4
new_scale_30_2,scale,five,Box plot / five,256,soft,0.06927101711201353,4
new_scale_30_2,scale,five,Box plot / five,384,hard,0.2459219185844871,4
new_scale_30_2,scale,five,Box plot / five,384,soft,0.0672922385652621,4
new_scale_30_2,scale,five,Dot plot / raw,256,hard,0.05167050479241188,4
new_scale_30_2,scale,five,Dot plot / raw,256,soft,0.03522430040869387,4
new_scale_30_2,scale,five,Dot plot / raw,384,hard,0.06348250641833264,4
new_scale_30_2,scale,five,Dot plot / raw,384,soft,0.039962844678231926,4
new_scale_30_2,scale,five,ECDF / full,256,hard,0.034919327770157306,4
new_scale_30_2,scale,five,ECDF / full,256,soft,0.034784427714376724,4
new_scale_30_2,scale,five,ECDF / full,384,hard,0.04620159723951699,4
new_scale_30_2,scale,five,ECDF / full,384,soft,0.03613383479429453,4
new_scale_30_2,scale,five,Heatmap / 16,256,hard,0.10425530679673434,4
new_scale_30_2,scale,five,Heatmap / 16,256,soft,0.10425530679673434,4
new_scale_30_2,scale,five,Heatmap / 16,384,hard,0.10425530679673434,4
new_scale_30_2,scale,five,Heatmap / 16,384,soft,0.10425530679673434,4
new_scale_30_2,scale,five,Histogram / 16,256,hard,0.1062933463611526,4
new_scale_30_2,scale,five,Histogram / 16,256,soft,0.10315383661121466,4
new_scale_30_2,scale,five,Histogram / 16,384,hard,0.10394451622240866,4
new_scale_30_2,scale,five,Histogram / 16,384,soft,0.10176110903971888,4
new_scale_30_2,scale,five,Interval plot / five,256,hard,0.24200988904907292,4
new_scale_30_2,scale,five,Interval plot / five,256,soft,0.06897305337136587,4
new_scale_30_2,scale,five,Interval plot / five,384,hard,0.24487841146607459,4
new_scale_30_2,scale,five,Interval plot / five,384,soft,0.06680563824022583,4
new_scale_30_2,scale,five,Quantile plot / five,256,hard,0.007417127532464887,4
new_scale_30_2,scale,five,Quantile plot / five,256,soft,0.002884516952636318,4
new_scale_30_2,scale,five,Quantile plot / five,384,hard,0.004508495638469105,4
new_scale_30_2,scale,five,Quantile plot / five,384,soft,0.0025762935754741235,4
new_scale_30_2,scale,five,Quantile plot / nineteen,256,hard,0.007417127532464887,4
new_scale_30_2,scale,five,Quantile plot / nineteen,256,soft,0.002884516952636318,4
new_scale_30_2,scale,five,Quantile plot / nineteen,384,hard,0.004508495638469105,4
new_scale_30_2,scale,five,Quantile plot / nineteen,384,soft,0.0025762935754741235,4
new_scale_30_2,scale,five,Violin plot / 64,256,hard,0.085255124913215,4
new_scale_30_2,scale,five,Violin plot / 64,256,soft,0.08443911150196914,4
new_scale_30_2,scale,five,Violin plot / 64,384,hard,0.08504244948277129,4
new_scale_30_2,scale,five,Violin plot / 64,384,soft,0.08467563330423222,4
new_scale_30_2,scale,median,Bar chart / means,256,hard,0.05077387211385192,4
new_scale_30_2,scale,median,Bar chart / means,256,soft,0.0607965894683431,4
new_scale_30_2,scale,median,Bar chart / means,384,hard,0.05708244897730534,4
new_scale_30_2,scale,median,Bar chart / means,384,soft,0.06360950469317332,4
new_scale_30_2,scale,median,Box plot / five,256,hard,0.010205225098447061,4
new_scale_30_2,scale,median,Box plot / five,256,soft,0.010205225098447061,4
new_scale_30_2,scale,median,Box plot / five,384,hard,0.006527055715867683,4
new_scale_30_2,scale,median,Box plot / five,384,soft,0.006527055715867683,4
new_scale_30_2,scale,median,Dot plot / raw,256,hard,0.018246395527854453,4
new_scale_30_2,scale,median,Dot plot / raw,256,soft,0.003703038969664545,4
new_scale_30_2,scale,median,Dot plot / raw,384,hard,0.01415518609118844,4
new_scale_30_2,scale,median,Dot plot / raw,384,soft,0.0027233197394454078,4
new_scale_30_2,scale,median,ECDF / full,256,hard,0.014703933361039322,4
new_scale_30_2,scale,median,ECDF / full,256,soft,0.015584229016288066,4
new_scale_30_2,scale,median,ECDF / full,384,hard,0.014715163897238879,4
new_scale_30_2,scale,median,ECDF / full,384,soft,0.012686049712608555,4
new_scale_30_2,scale,median,Heatmap / 16,256,hard,0.09956688820351955,4
new_scale_30_2,scale,median,Heatmap / 16,256,soft,0.09956688820351955,4
new_scale_30_2,scale,median,Heatmap / 16,384,hard,0.09956688820351955,4
new_scale_30_2,scale,median,Heatmap / 16,384,soft,0.09956688820351955,4
new_scale_30_2,scale,median,Histogram / 16,256,hard,0.10610203798649495,4
new_scale_30_2,scale,median,Histogram / 16,256,soft,0.09956688820351933,4
new_scale_30_2,scale,median,Histogram / 16,384,hard,0.1053469390090271,4
new_scale_30_2,scale,median,Histogram / 16,384,soft,0.10110246028400176,4
new_scale_30_2,scale,median,Interval plot / five,256,hard,0.008715406395209341,4
new_scale_30_2,scale,median,Interval plot / five,256,soft,0.008715406395209341,4
new_scale_30_2,scale,median,Interval plot / five,384,hard,0.004094054090685887,4
new_scale_30_2,scale,median,Interval plot / five,384,soft,0.004094054090685887,4
new_scale_30_2,scale,median,Quantile plot / five,256,hard,0.009354536197525493,4
new_scale_30_2,scale,median,Quantile plot / five,256,soft,0.0006602853413956052,4
new_scale_30_2,scale,median,Quantile plot / five,384,hard,0.0040940540906857425,4
new_scale_30_2,scale,median,Quantile plot / five,384,soft,0.0016610524655051033,4
new_scale_30_2,scale,median,Quantile plot / nineteen,256,hard,0.009354536197525493,4
new_scale_30_2,scale,median,Quantile plot / nineteen,256,soft,0.0006602853413956052,4
new_scale_30_2,scale,median,Quantile plot / nineteen,384,hard,0.0040940540906857425,4
new_scale_30_2,scale,median,Quantile plot / nineteen,384,soft,0.0016610524655051033,4
new_scale_30_2,scale,median,Violin plot / 64,256,hard,0.04560829297942479,4
new_scale_30_2,scale,median,Violin plot / 64,256,soft,0.04506937610656869,4
new_scale_30_2,scale,median,Violin plot / 64,384,hard,0.04415395498238578,4
new_scale_30_2,scale,median,Violin plot / 64,384,soft,0.04376577274220063,4
new_scale_30_2,scale,spread,Bar chart / means,256,hard,0.8925537985696341,4
new_scale_30_2,scale,spread,Bar chart / means,256,soft,0.8925537985696341,4
new_scale_30_2,scale,spread,Bar chart / means,384,hard,0.8925537985696341,4
new_scale_30_2,scale,spread,Bar chart / means,384,soft,0.8925537985696341,4
new_scale_30_2,scale,spread,Box plot / five,256,hard,0.024790816376279952,4
new_scale_30_2,scale,spread,Box plot / five,256,soft,0.015300053041686634,4
new_scale_30_2,scale,spread,Box plot / five,384,hard,0.01714405654178918,4
new_scale_30_2,scale,spread,Box plot / five,384,soft,0.008964166321681698,4
new_scale_30_2,scale,spread,Dot plot / raw,256,hard,0.1385655368841905,4
new_scale_30_2,scale,spread,Dot plot / raw,256,soft,0.10184513723478382,4
new_scale_30_2,scale,spread,Dot plot / raw,384,hard,0.09211633389865993,4
new_scale_30_2,scale,spread,Dot plot / raw,384,soft,0.0928783969993392,4
new_scale_30_2,scale,spread,ECDF / full,256,hard,0.09969521952501564,4
new_scale_30_2,scale,spread,ECDF / full,256,soft,0.09970778994549973,4
new_scale_30_2,scale,spread,ECDF / full,384,hard,0.09955867024225679,4
new_scale_30_2,scale,spread,ECDF / full,384,soft,0.0995586702422562,4
new_scale_30_2,scale,spread,Heatmap / 16,256,hard,0.13152373820560903,4
new_scale_30_2,scale,spread,Heatmap / 16,256,soft,0.13152373820560903,4
new_scale_30_2,scale,spread,Heatmap / 16,384,hard,0.13152373820560903,4
new_scale_30_2,scale,spread,Heatmap / 16,384,soft,0.13152373820560903,4
new_scale_30_2,scale,spread,Histogram / 16,256,hard,0.1456888328986303,4
new_scale_30_2,scale,spread,Histogram / 16,256,soft,0.13481759519091105,4
new_scale_30_2,scale,spread,Histogram / 16,384,hard,0.14456640577056912,4
new_scale_30_2,scale,spread,Histogram / 16,384,soft,0.13745562271973852,4
new_scale_30_2,scale,spread,Interval plot / five,256,hard,0.015300053041686346,4
new_scale_30_2,scale,spread,Interval plot / five,256,soft,0.015300053041686346,4
new_scale_30_2,scale,spread,Interval plot / five,384,hard,0.00896416632168112,4
new_scale_30_2,scale,spread,Interval plot / five,384,soft,0.008964166321681408,4
new_scale_30_2,scale,spread,Quantile plot / five,256,hard,0.01129096609989051,4
new_scale_30_2,scale,spread,Quantile plot / five,256,soft,0.0009400681179241461,4
new_scale_30_2,scale,spread,Quantile plot / five,384,hard,0.007542375493891176,4
new_scale_30_2,scale,spread,Quantile plot / five,384,soft,0.0016528345042399434,4
new_scale_30_2,scale,spread,Quantile plot / nineteen,256,hard,0.01129096609989051,4
new_scale_30_2,scale,spread,Quantile plot / nineteen,256,soft,0.0009400681179241461,4
new_scale_30_2,scale,spread,Quantile plot / nineteen,384,hard,0.007542375493891176,4
new_scale_30_2,scale,spread,Quantile plot / nineteen,384,soft,0.0016528345042399434,4
new_scale_30_2,scale,spread,Violin plot / 64,256,hard,0.12126278508465482,4
new_scale_30_2,scale,spread,Violin plot / 64,256,soft,0.12463455201916421,4
new_scale_30_2,scale,spread,Violin plot / 64,384,hard,0.12214001670278107,4
new_scale_30_2,scale,spread,Violin plot / 64,384,soft,0.12367248548774125,4
new_skew_150_0,skew,five,Bar chart / means,256,hard,0.434091440676062,4
new_skew_150_0,skew,five,Bar chart / means,256,soft,0.42586339291147507,4
new_skew_150_0,skew,five,Bar chart / means,384,hard,0.43808475818614656,4
new_skew_150_0,skew,five,Bar chart / means,384,soft,0.4322557876449287,4
new_skew_150_0,skew,five,Box plot / five,256,hard,0.9160256153566805,4
new_skew_150_0,skew,five,Box plot / five,256,soft,0.8012214327407425,4
new_skew_150_0,skew,five,Box plot / five,384,hard,0.9122170191966127,4
new_skew_150_0,skew,five,Box plot / five,384,soft,0.7917448334267879,4
new_skew_150_0,skew,five,Dot plot / raw,256,hard,0.020032352654070804,4
new_skew_150_0,skew,five,Dot plot / raw,256,soft,0.0210990702309891,4
new_skew_150_0,skew,five,Dot plot / raw,384,hard,0.01665461106769274,4
new_skew_150_0,skew,five,Dot plot / raw,384,soft,0.010257443636531298,4
new_skew_150_0,skew,five,ECDF / full,256,hard,0.013953854010768044,4
new_skew_150_0,skew,five,ECDF / full,256,soft,0.0055669171434196835,4
new_skew_150_0,skew,five,ECDF / full,384,hard,0.01101022120184258,4
new_skew_150_0,skew,five,ECDF / full,384,soft,0.006550600518819089,4
new_skew_150_0,skew,five,Heatmap / 16,256,hard,0.13845522306382718,4
new_skew_150_0,skew,five,Heatmap / 16,256,soft,0.13845522306382718,4
new_skew_150_0,skew,five,Heatmap / 16,384,hard,0.13845522306382718,4
new_skew_150_0,skew,five,Heatmap / 16,384,soft,0.13845522306382718,4
new_skew_150_0,skew,five,Histogram / 16,256,hard,0.1481546070086571,4
new_skew_150_0,skew,five,Histogram / 16,256,soft,0.1362537019573055,4
new_skew_150_0,skew,five,Histogram / 16,384,hard,0.1457488554441354,4
new_skew_150_0,skew,five,Histogram / 16,384,soft,0.13805840300868233,4
new_skew_150_0,skew,five,Interval plot / five,256,hard,0.9138281662333185,4
new_skew_150_0,skew,five,Interval plot / five,256,soft,0.8005457032551924,4
new_skew_150_0,skew,five,Interval plot / five,384,hard,0.9095869284609107,4
new_skew_150_0,skew,five,Interval plot / five,384,soft,0.7908337908662291,4
new_skew_150_0,skew,five,Quantile plot / five,256,hard,0.010636843307358704,4
new_skew_150_0,skew,five,Quantile plot / five,256,soft,0.008192159943684255,4
new_skew_150_0,skew,five,Quantile plot / five,384,hard,0.00558716472798822,4
new_skew_150_0,skew,five,Quantile plot / five,384,soft,0.0030991203317840507,4
new_skew_150_0,skew,five,Quantile plot / nineteen,256,hard,0.010636843307358704,4
new_skew_150_0,skew,five,Quantile plot / nineteen,256,soft,0.008192159943684255,4
new_skew_150_0,skew,five,Quantile plot / nineteen,384,hard,0.00558716472798822,4
new_skew_150_0,skew,five,Quantile plot / nineteen,384,soft,0.0030991203317840507,4
new_skew_150_0,skew,five,Violin plot / 64,256,hard,0.15201429067323466,4
new_skew_150_0,skew,five,Violin plot / 64,256,soft,0.1695934884409344,4
new_skew_150_0,skew,five,Violin plot / 64,384,hard,0.14949469592499615,4
new_skew_150_0,skew,five,Violin plot / 64,384,soft,0.16095860204933107,4
new_skew_150_0,skew,median,Bar chart / means,256,hard,0.39582449995100366,4
new_skew_150_0,skew,median,Bar chart / means,256,soft,0.3809065627918199,4
new_skew_150_0,skew,median,Bar chart / means,384,hard,0.4048890775708894,4
new_skew_150_0,skew,median,Bar chart / means,384,soft,0.3951741266688597,4
new_skew_150_0,skew,median,Box plot / five,256,hard,0.007958133812223463,4
new_skew_150_0,skew,median,Box plot / five,256,soft,0.007958133812223463,4
new_skew_150_0,skew,median,Box plot / five,384,hard,0.009714950902029808,4
new_skew_150_0,skew,median,Box plot / five,384,soft,0.009714950902029808,4
new_skew_150_0,skew,median,Dot plot / raw,256,hard,0.005266848119923616,4
new_skew_150_0,skew,median,Dot plot / raw,256,soft,0.034272272230980956,4
new_skew_150_0,skew,median,Dot plot / raw,384,hard,0.006618781451853635,4
new_skew_150_0,skew,median,Dot plot / raw,384,soft,0.013560347159534147,4
new_skew_150_0,skew,median,ECDF / full,256,hard,0.018897004065295674,4
new_skew_150_0,skew,median,ECDF / full,256,soft,0.008711057313718702,4
new_skew_150_0,skew,median,ECDF / full,384,hard,0.009714950902029935,4
new_skew_150_0,skew,median,ECDF / full,384,soft,0.0031034662683800825,4
new_skew_150_0,skew,median,Heatmap / 16,256,hard,0.1253734599266702,4
new_skew_150_0,skew,median,Heatmap / 16,256,soft,0.1253734599266702,4
new_skew_150_0,skew,median,Heatmap / 16,384,hard,0.1253734599266702,4
new_skew_150_0,skew,median,Heatmap / 16,384,soft,0.1253734599266702,4
new_skew_150_0,skew,median,Histogram / 16,256,hard,0.11562502101664153,4
new_skew_150_0,skew,median,Histogram / 16,256,soft,0.12454040889751339,4
new_skew_150_0,skew,median,Histogram / 16,384,hard,0.11753150879040176,4
new_skew_150_0,skew,median,Histogram / 16,384,soft,0.1233224923800848,4
new_skew_150_0,skew,median,Interval plot / five,256,hard,0.004579486384471885,4
new_skew_150_0,skew,median,Interval plot / five,256,soft,0.004579486384471885,4
new_skew_150_0,skew,median,Interval plot / five,384,hard,0.005159738099235521,4
new_skew_150_0,skew,median,Interval plot / five,384,soft,0.005159738099235521,4
new_skew_150_0,skew,median,Quantile plot / five,256,hard,0.007958133812223463,4
new_skew_150_0,skew,median,Quantile plot / five,256,soft,0.007958133812223213,4
new_skew_150_0,skew,median,Quantile plot / five,384,hard,0.005828970541218036,4
new_skew_150_0,skew,median,Quantile plot / five,384,soft,0.0031388603143620145,4
new_skew_150_0,skew,median,Quantile plot / nineteen,256,hard,0.007958133812223463,4
new_skew_150_0,skew,median,Quantile plot / nineteen,256,soft,0.007958133812223213,4
new_skew_150_0,skew,median,Quantile plot / nineteen,384,hard,0.005828970541218036,4
new_skew_150_0,skew,median,Quantile plot / nineteen,384,soft,0.0031388603143620145,4
new_skew_150_0,skew,median,Violin plot / 64,256,hard,0.12257781189849783,4
new_skew_150_0,skew,median,Violin plot / 64,256,soft,0.126641336775676,4
new_skew_150_0,skew,median,Violin plot / 64,384,hard,0.12521174349434255,4
new_skew_150_0,skew,median,Violin plot / 64,384,soft,0.12780671479736044,4
new_skew_150_0,skew,spread,Bar chart / means,256,hard,0.46467108298924614,4
new_skew_150_0,skew,spread,Bar chart / means,256,soft,0.46467108298924614,4
new_skew_150_0,skew,spread,Bar chart / means,384,hard,0.46467108298924614,4
new_skew_150_0,skew,spread,Bar chart / means,384,soft,0.46467108298924614,4
new_skew_150_0,skew,spread,Box plot / five,256,hard,0.051105264529870194,4
new_skew_150_0,skew,spread,Box plot / five,256,soft,0.021269390211502433,4
new_skew_150_0,skew,spread,Box plot / five,384,hard,0.011361511210214661,4
new_skew_150_0,skew,spread,Box plot / five,384,soft,0.010538231056122423,4
new_skew_150_0,skew,spread,Dot plot / raw,256,hard,0.010986168875393257,4
new_skew_150_0,skew,spread,Dot plot / raw,256,soft,0.009637889185920168,4
new_skew_150_0,skew,spread,Dot plot / raw,384,hard,0.006104549533709654,4
new_skew_150_0,skew,spread,Dot plot / raw,384,soft,0.006764808143881935,4
new_skew_150_0,skew,spread,ECDF / full,256,hard,0.013810421631910428,4
new_skew_150_0,skew,spread,ECDF / full,256,soft,0.009596112580737384,4
new_skew_150_0,skew,spread,ECDF / full,384,hard,0.02107646211224447,4
new_skew_150_0,skew,spread,ECDF / full,384,soft,0.01748575321394691,4
new_skew_150_0,skew,spread,Heatmap / 16,256,hard,0.01866476188208025,4
new_skew_150_0,skew,spread,Heatmap / 16,256,soft,0.01866476188208025,4
new_skew_150_0,skew,spread,Heatmap / 16,384,hard,0.01866476188208025,4
new_skew_150_0,skew,spread,Heatmap / 16,384,soft,0.01866476188208025,4
new_skew_150_0,skew,spread,Histogram / 16,256,hard,0.04179634376977442,4
new_skew_150_0,skew,spread,Histogram / 16,256,soft,0.0279769841764006,4
new_skew_150_0,skew,spread,Histogram / 16,384,hard,0.03699205155934774,4
new_skew_150_0,skew,spread,Histogram / 16,384,soft,0.024809513613636903,4
new_skew_150_0,skew,spread,Interval plot / five,256,hard,0.021269390211502433,4
new_skew_150_0,skew,spread,Interval plot / five,256,soft,0.021269390211502433,4
new_skew_150_0,skew,spread,Interval plot / five,384,hard,0.010538231056122171,4
new_skew_150_0,skew,spread,Interval plot / five,384,soft,0.010538231056122425,4
new_skew_150_0,skew,spread,Quantile plot / five,256,hard,0.009666550198803912,4
new_skew_150_0,skew,spread,Quantile plot / five,256,soft,0.0022150310545456537,4
new_skew_150_0,skew,spread,Quantile plot / five,384,hard,0.00889167074793732,4
new_skew_150_0,skew,spread,Quantile plot / five,384,soft,0.00806839059384496,4
new_skew_150_0,skew,spread,Quantile plot / nineteen,256,hard,0.009666550198803912,4
new_skew_150_0,skew,spread,Quantile plot / nineteen,256,soft,0.0022150310545456537,4
new_skew_150_0,skew,spread,Quantile plot / nineteen,384,hard,0.00889167074793732,4
new_skew_150_0,skew,spread,Quantile plot / nineteen,384,soft,0.00806839059384496,4
new_skew_150_0,skew,spread,Violin plot / 64,256,hard,0.22328192442508943,4
new_skew_150_0,skew,spread,Violin plot / 64,256,soft,0.22655590772532028,4
new_skew_150_0,skew,spread,Violin plot / 64,384,hard,0.21886046604439213,4
new_skew_150_0,skew,spread,Violin plot / 64,384,soft,0.22115460381308188,4
new_skew_150_1,skew,five,Bar chart / means,256,hard,0.4111751481726101,4
new_skew_150_1,skew,five,Bar chart / means,256,soft,0.40865818194370823,4
new_skew_150_1,skew,five,Bar chart / means,384,hard,0.4091313990276162,4
new_skew_150_1,skew,five,Bar chart / means,384,soft,0.4074922847804566,4
new_skew_150_1,skew,five,Box plot / five,256,hard,0.64426513560485,4
new_skew_150_1,skew,five,Box plot / five,256,soft,0.4211325322924116,4
new_skew_150_1,skew,five,Box plot / five,384,hard,0.6466808068044921,4
new_skew_150_1,skew,five,Box plot / five,384,soft,0.4177982730116415,4
new_skew_150_1,skew,five,Dot plot / raw,256,hard,0.01568050270347217,4
new_skew_150_1,skew,five,Dot plot / raw,256,soft,0.023224681994191903,4
new_skew_150_1,skew,five,Dot plot / raw,384,hard,0.022193904203594128,4
new_skew_150_1,skew,five,Dot plot / raw,384,soft,0.020166713767618805,4
new_skew_150_1,skew,five,ECDF / full,256,hard,0.016327033244614587,4
new_skew_150_1,skew,five,ECDF / full,256,soft,0.013009881750423193,4
new_skew_150_1,skew,five,ECDF / full,384,hard,0.012563133014386073,4
new_skew_150_1,skew,five,ECDF / full,384,soft,0.009741115573566057,4
new_skew_150_1,skew,five,Heatmap / 16,256,hard,0.07528567995657522,4
new_skew_150_1,skew,five,Heatmap / 16,256,soft,0.07528567995657522,4
new_skew_150_1,skew,five,Heatmap / 16,384,hard,0.07528567995657522,4
new_skew_150_1,skew,five,Heatmap / 16,384,soft,0.07528567995657522,4
new_skew_150_1,skew,five,Histogram / 16,256,hard,0.08136459627183876,4
new_skew_150_1,skew,five,Histogram / 16,256,soft,0.0763433429144743,4
new_skew_150_1,skew,five,Histogram / 16,384,hard,0.07647465692908281,4
new_skew_150_1,skew,five,Histogram / 16,384,soft,0.07125957071945044,4
new_skew_150_1,skew,five,Interval plot / five,256,hard,0.6425365584798718,4
new_skew_150_1,skew,five,Interval plot / five,256,soft,0.41976760951338404,4
new_skew_150_1,skew,five,Interval plot / five,384,hard,0.6460006595525322,4
new_skew_150_1,skew,five,Interval plot / five,384,soft,0.4173473590209277,4
new_skew_150_1,skew,five,Quantile plot / five,256,hard,0.00733080355140037,4
new_skew_150_1,skew,five,Quantile plot / five,256,soft,0.0038253461224463303,4
new_skew_150_1,skew,five,Quantile plot / five,384,hard,0.0057193776001808385,4
new_skew_150_1,skew,five,Quantile plot / five,384,soft,0.0031569177183721044,4
new_skew_150_1,skew,five,Quantile plot / nineteen,256,hard,0.00733080355140037,4
new_skew_150_1,skew,five,Quantile plot / nineteen,256,soft,0.0038253461224463303,4
new_skew_150_1,skew,five,Quantile plot / nineteen,384,hard,0.0057193776001808385,4
new_skew_150_1,skew,five,Quantile plot / nineteen,384,soft,0.0031569177183721044,4
new_skew_150_1,skew,five,Violin plot / 64,256,hard,0.08551189672632394,4
new_skew_150_1,skew,five,Violin plot / 64,256,soft,0.08837487653240199,4
new_skew_150_1,skew,five,Violin plot / 64,384,hard,0.09187250730125619,4
new_skew_150_1,skew,five,Violin plot / 64,384,soft,0.08945626743453759,4
new_skew_150_1,skew,median,Bar chart / means,256,hard,0.2783014317041419,4
new_skew_150_1,skew,median,Bar chart / means,256,soft,0.26571660055963253,4
new_skew_150_1,skew,median,Bar chart / means,384,hard,0.2680826859791724,4
new_skew_150_1,skew,median,Bar chart / means,384,soft,0.25988711474337484,4
new_skew_150_1,skew,median,Box plot / five,256,hard,0.012399456204923089,4
new_skew_150_1,skew,median,Box plot / five,256,soft,0.012399456204923089,4
new_skew_150_1,skew,median,Box plot / five,384,hard,0.00819557123579757,4
new_skew_150_1,skew,median,Box plot / five,384,soft,0.00819557123579757,4
new_skew_150_1,skew,median,Dot plot / raw,256,hard,0.020021820608052812,4
new_skew_150_1,skew,median,Dot plot / raw,256,soft,0.008970697926919688,4
new_skew_150_1,skew,median,Dot plot / raw,384,hard,0.009112608819578082,4
new_skew_150_1,skew,median,Dot plot / raw,384,soft,0.007626151906504865,4
new_skew_150_1,skew,median,ECDF / full,256,hard,0.011867257882039592,4
new_skew_150_1,skew,median,ECDF / full,256,soft,0.009653242231848155,4
new_skew_150_1,skew,median,ECDF / full,384,hard,0.005283368018972133,4
new_skew_150_1,skew,median,ECDF / full,384,soft,0.002361982137199218,4
new_skew_150_1,skew,median,Heatmap / 16,256,hard,0.001930342409917732,4
new_skew_150_1,skew,median,Heatmap / 16,256,soft,0.001930342409917732,4
new_skew_150_1,skew,median,Heatmap / 16,384,hard,0.001930342409917732,4
new_skew_150_1,skew,median,Heatmap / 16,384,soft,0.001930342409917732,4
new_skew_150_1,skew,median,Histogram / 16,256,hard,0.017047028835502867,4
new_skew_150_1,skew,median,Histogram / 16,256,soft,0.008256347006756032,4
new_skew_150_1,skew,median,Histogram / 16,384,hard,0.014987070950272583,4
new_skew_150_1,skew,median,Histogram / 16,384,soft,0.00922407173150156,4
new_skew_150_1,skew,median,Interval plot / five,256,hard,0.005574842309784937,4
new_skew_150_1,skew,median,Interval plot / five,256,soft,0.005574842309784937,4
new_skew_150_1,skew,median,Interval plot / five,384,hard,0.005941001282228506,4
new_skew_150_1,skew,median,Interval plot / five,384,soft,0.005941001282228506,4
new_skew_150_1,skew,median,Quantile plot / five,256,hard,0.007550898686705706,4
new_skew_150_1,skew,median,Quantile plot / five,256,soft,0.0014351465249392353,4
new_skew_150_1,skew,median,Quantile plot / five,384,hard,0.006463617419004768,4
new_skew_150_1,skew,median,Quantile plot / five,384,soft,0.005824406433651776,4
new_skew_150_1,skew,median,Quantile plot / nineteen,256,hard,0.007550898686705706,4
new_skew_150_1,skew,median,Quantile plot / nineteen,256,soft,0.0014351465249392353,4
new_skew_150_1,skew,median,Quantile plot / nineteen,384,hard,0.006463617419004768,4
new_skew_150_1,skew,median,Quantile plot / nineteen,384,soft,0.005824406433651776,4
new_skew_150_1,skew,median,Violin plot / 64,256,hard,0.03990117016629354,4
new_skew_150_1,skew,median,Violin plot / 64,256,soft,0.04128620042076824,4
new_skew_150_1,skew,median,Violin plot / 64,384,hard,0.043610215645078484,4
new_skew_150_1,skew,median,Violin plot / 64,384,soft,0.042453544808607684,4
new_skew_150_1,skew,spread,Bar chart / means,256,hard,0.6205710813081503,4
new_skew_150_1,skew,spread,Bar chart / means,256,soft,0.6205710813081503,4
new_skew_150_1,skew,spread,Bar chart / means,384,hard,0.6205710813081503,4
new_skew_150_1,skew,spread,Bar chart / means,384,soft,0.6205710813081503,4
new_skew_150_1,skew,spread,Box plot / five,256,hard,0.03384013820632755,4
new_skew_150_1,skew,spread,Box plot / five,256,soft,0.02516966228901832,4
new_skew_150_1,skew,spread,Box plot / five,384,hard,0.010487903848259861,4
new_skew_150_1,skew,spread,Box plot / five,384,soft,0.009341737542028767,4
new_skew_150_1,skew,spread,Dot plot / raw,256,hard,0.007777387766930501,4
new_skew_150_1,skew,spread,Dot plot / raw,256,soft,0.015297267694917403,4
new_skew_150_1,skew,spread,Dot plot / raw,384,hard,0.012042801152575833,4
new_skew_150_1,skew,spread,Dot plot / raw,384,soft,0.013646544027806816,4
new_skew_150_1,skew,spread,ECDF / full,256,hard,0.018877246716763864,4
new_skew_150_1,skew,spread,ECDF / full,256,soft,0.0134103688304099,4
new_skew_150_1,skew,spread,ECDF / full,384,hard,0.008195571235797469,4
new_skew_150_1,skew,spread,ECDF / full,384,soft,0.008554820952581324,4
new_skew_150_1,skew,spread,Heatmap / 16,256,hard,0.08013920172403262,4
new_skew_150_1,skew,spread,Heatmap / 16,256,soft,0.08013920172403262,4
new_skew_150_1,skew,spread,Heatmap / 16,384,hard,0.08013920172403262,4
new_skew_150_1,skew,spread,Heatmap / 16,384,soft,0.08013920172403262,4
new_skew_150_1,skew,spread,Histogram / 16,256,hard,0.10021990172378095,4
new_skew_150_1,skew,spread,Histogram / 16,256,soft,0.08705535540013849,4
new_skew_150_1,skew,spread,Histogram / 16,384,hard,0.09658615016490933,4
new_skew_150_1,skew,spread,Histogram / 16,384,soft,0.08802816844459634,4
new_skew_150_1,skew,spread,Interval plot / five,256,hard,0.02516966228901832,4
new_skew_150_1,skew,spread,Interval plot / five,256,soft,0.02516966228901832,4
new_skew_150_1,skew,spread,Interval plot / five,384,hard,0.009341737542028565,4
new_skew_150_1,skew,spread,Interval plot / five,384,soft,0.009341737542028767,4
new_skew_150_1,skew,spread,Quantile plot / five,256,hard,0.012725125388327806,4
new_skew_150_1,skew,spread,Quantile plot / five,256,soft,0.008670475917310934,4
new_skew_150_1,skew,spread,Quantile plot / five,384,hard,0.010145509618646135,4
new_skew_150_1,skew,spread,Quantile plot / five,384,soft,0.005903238623334375,4
new_skew_150_1,skew,spread,Quantile plot / nineteen,256,hard,0.012725125388327806,4
new_skew_150_1,skew,spread,Quantile plot / nineteen,256,soft,0.008670475917310934,4
new_skew_150_1,skew,spread,Quantile plot / nineteen,384,hard,0.010145509618646135,4
new_skew_150_1,skew,spread,Quantile plot / nineteen,384,soft,0.005903238623334375,4
new_skew_150_1,skew,spread,Violin plot / 64,256,hard,0.08301236973111056,4
new_skew_150_1,skew,spread,Violin plot / 64,256,soft,0.08502415514719473,4
new_skew_150_1,skew,spread,Violin plot / 64,384,hard,0.08814953678305892,4
new_skew_150_1,skew,spread,Violin plot / 64,384,soft,0.08538302492788254,4
new_skew_150_2,skew,five,Bar chart / means,256,hard,0.41562033198669196,4
new_skew_150_2,skew,five,Bar chart / means,256,soft,0.4082614727900573,4
new_skew_150_2,skew,five,Bar chart / means,384,hard,0.41632213054767864,4
new_skew_150_2,skew,five,Bar chart / means,384,soft,0.4115298489455105,4
new_skew_150_2,skew,five,Box plot / five,256,hard,0.5360156682138435,4
new_skew_150_2,skew,five,Box plot / five,256,soft,0.2523805422077899,4
new_skew_150_2,skew,five,Box plot / five,384,hard,0.5408449069180539,4
new_skew_150_2,skew,five,Box plot / five,384,soft,0.2504364222291032,4
new_skew_150_2,skew,five,Dot plot / raw,256,hard,0.017115895980415984,4
new_skew_150_2,skew,five,Dot plot / raw,256,soft,0.062402174753391985,4
new_skew_150_2,skew,five,Dot plot / raw,384,hard,0.011228384995481653,4
new_skew_150_2,skew,five,Dot plot / raw,384,soft,0.029018734934110137,4
new_skew_150_2,skew,five,ECDF / full,256,hard,0.01752223285354544,4
new_skew_150_2,skew,five,ECDF / full,256,soft,0.02062804275974215,4
new_skew_150_2,skew,five,ECDF / full,384,hard,0.009613370712162325,4
new_skew_150_2,skew,five,ECDF / full,384,soft,0.011546713151927212,4
new_skew_150_2,skew,five,Heatmap / 16,256,hard,0.11366063010823779,4
new_skew_150_2,skew,five,Heatmap / 16,256,soft,0.11366063010823779,4
new_skew_150_2,skew,five,Heatmap / 16,384,hard,0.11366063010823779,4
new_skew_150_2,skew,five,Heatmap / 16,384,soft,0.11366063010823779,4
new_skew_150_2,skew,five,Histogram / 16,256,hard,0.14062685126181795,4
new_skew_150_2,skew,five,Histogram / 16,256,soft,0.11827611234924587,4
new_skew_150_2,skew,five,Histogram / 16,384,hard,0.13858094608116636,4
new_skew_150_2,skew,five,Histogram / 16,384,soft,0.12289415262779285,4
new_skew_150_2,skew,five,Interval plot / five,256,hard,0.5322376555895286,4
new_skew_150_2,skew,five,Interval plot / five,256,soft,0.251129234278085,4
new_skew_150_2,skew,five,Interval plot / five,384,hard,0.5379733183591873,4
new_skew_150_2,skew,five,Interval plot / five,384,soft,0.2504364222291032,4
new_skew_150_2,skew,five,Quantile plot / five,256,hard,0.00745091290425396,4
new_skew_150_2,skew,five,Quantile plot / five,256,soft,0.0049939002119091785,4
new_skew_150_2,skew,five,Quantile plot / five,384,hard,0.004906912133686401,4
new_skew_150_2,skew,five,Quantile plot / five,384,soft,0.002057698236406442,4
new_skew_150_2,skew,five,Quantile plot / nineteen,256,hard,0.00745091290425396,4
new_skew_150_2,skew,five,Quantile plot / nineteen,256,soft,0.0049939002119091785,4
new_skew_150_2,skew,five,Quantile plot / nineteen,384,hard,0.004906912133686401,4
new_skew_150_2,skew,five,Quantile plot / nineteen,384,soft,0.002057698236406442,4
new_skew_150_2,skew,five,Violin plot / 64,256,hard,0.12865959159762674,4
new_skew_150_2,skew,five,Violin plot / 64,256,soft,0.12652504363905553,4
new_skew_150_2,skew,five,Violin plot / 64,384,hard,0.128271624998139,4
new_skew_150_2,skew,five,Violin plot / 64,384,soft,0.12530586096205554,4
new_skew_150_2,skew,median,Bar chart / means,256,hard,0.3562878291943752,4
new_skew_150_2,skew,median,Bar chart / means,256,soft,0.3440230638666507,4
new_skew_150_2,skew,median,Bar chart / means,384,hard,0.3574574934626863,4
new_skew_150_2,skew,median,Bar chart / means,384,soft,0.34947035745907273,4
new_skew_150_2,skew,median,Box plot / five,256,hard,0.012084104967203314,4
new_skew_150_2,skew,median,Box plot / five,256,soft,0.012084104967203314,4
new_skew_150_2,skew,median,Box plot / five,384,hard,0.001963626699918357,4
new_skew_150_2,skew,median,Box plot / five,384,soft,0.001963626699918357,4
new_skew_150_2,skew,median,Dot plot / raw,256,hard,0.019928923357648707,4
new_skew_150_2,skew,median,Dot plot / raw,256,soft,0.03800058658328724,4
new_skew_150_2,skew,median,Dot plot / raw,384,hard,0.013647886547577634,4
new_skew_150_2,skew,median,Dot plot / raw,384,soft,0.02478880279651805,4
new_skew_150_2,skew,median,ECDF / full,256,hard,0.012569582672908048,4
new_skew_150_2,skew,median,ECDF / full,256,soft,0.0072356996221417825,4
new_skew_150_2,skew,median,ECDF / full,384,hard,0.005957194701725044,4
new_skew_150_2,skew,median,ECDF / full,384,soft,0.007361515390110219,4
new_skew_150_2,skew,median,Heatmap / 16,256,hard,0.0857860947372091,4
new_skew_150_2,skew,median,Heatmap / 16,256,soft,0.0857860947372091,4
new_skew_150_2,skew,median,Heatmap / 16,384,hard,0.0857860947372091,4
new_skew_150_2,skew,median,Heatmap / 16,384,soft,0.0857860947372091,4
new_skew_150_2,skew,median,Histogram / 16,256,hard,0.08517808654578454,4
new_skew_150_2,skew,median,Histogram / 16,256,soft,0.08986375629178278,4
new_skew_150_2,skew,median,Histogram / 16,384,hard,0.08553207185583923,4
new_skew_150_2,skew,median,Histogram / 16,384,soft,0.08859082401723134,4
new_skew_150_2,skew,median,Interval plot / five,256,hard,0.005827565318678812,4
new_skew_150_2,skew,median,Interval plot / five,256,soft,0.005827565318678812,4
new_skew_150_2,skew,median,Interval plot / five,384,hard,0.00196362669991854,4
new_skew_150_2,skew,median,Interval plot / five,384,soft,0.00196362669991854,4
new_skew_150_2,skew,median,Quantile plot / five,256,hard,0.007358859196634707,4
new_skew_150_2,skew,median,Quantile plot / five,256,soft,0.0006096346903679537,4
new_skew_150_2,skew,median,Quantile plot / five,384,hard,0.0031117162842558927,4
new_skew_150_2,skew,median,Quantile plot / five,384,soft,0.0019636266999186313,4
new_skew_150_2,skew,median,Quantile plot / nineteen,256,hard,0.007358859196634707,4
new_skew_150_2,skew,median,Quantile plot / nineteen,256,soft,0.0006096346903679537,4
new_skew_150_2,skew,median,Quantile plot / nineteen,384,hard,0.0031117162842558927,4
new_skew_150_2,skew,median,Quantile plot / nineteen,384,soft,0.0019636266999186313,4
new_skew_150_2,skew,median,Violin plot / 64,256,hard,0.11766593017403862,4
new_skew_150_2,skew,median,Violin plot / 64,256,soft,0.1164742648654466,4
new_skew_150_2,skew,median,Violin plot / 64,384,hard,0.11847748416036652,4
new_skew_150_2,skew,median,Violin plot / 64,384,soft,0.11864636941829346,4
new_skew_150_2,skew,spread,Bar chart / means,256,hard,0.3329949005104847,4
new_skew_150_2,skew,spread,Bar chart / means,256,soft,0.3329949005104847,4
new_skew_150_2,skew,spread,Bar chart / means,384,hard,0.3329949005104847,4
new_skew_150_2,skew,spread,Bar chart / means,384,soft,0.3329949005104847,4
new_skew_150_2,skew,spread,Box plot / five,256,hard,0.02268329399352302,4
new_skew_150_2,skew,spread,Box plot / five,256,soft,0.017474029660623617,4
new_skew_150_2,skew,spread,Box plot / five,384,hard,0.02519381383148054,4
new_skew_150_2,skew,spread,Box plot / five,384,soft,0.015974272007227112,4
new_skew_150_2,skew,spread,Dot plot / raw,256,hard,0.00894938833920637,4
new_skew_150_2,skew,spread,Dot plot / raw,256,soft,0.17803401274227765,4
new_skew_150_2,skew,spread,Dot plot / raw,384,hard,0.013325354685422258,4
new_skew_150_2,skew,spread,Dot plot / raw,384,soft,0.08763173690541765,4
new_skew_150_2,skew,spread,ECDF / full,256,hard,0.022683293993523115,4
new_skew_150_2,skew,spread,ECDF / full,256,soft,0.0363502932018307,4
new_skew_150_2,skew,spread,ECDF / full,384,hard,0.01045194764489394,4
new_skew_150_2,skew,spread,ECDF / full,384,soft,0.02661857206419212,4
new_skew_150_2,skew,spread,Heatmap / 16,256,hard,0.055542537013652714,4
new_skew_150_2,skew,spread,Heatmap / 16,256,soft,0.055542537013652714,4
new_skew_150_2,skew,spread,Heatmap / 16,384,hard,0.055542537013652714,4
new_skew_150_2,skew,spread,Heatmap / 16,384,soft,0.055542537013652714,4
new_skew_150_2,skew,spread,Histogram / 16,256,hard,0.03881967561079208,4
new_skew_150_2,skew,spread,Histogram / 16,256,soft,0.06554178522720681,4
new_skew_150_2,skew,spread,Histogram / 16,384,hard,0.04012754919584121,4
new_skew_150_2,skew,spread,Histogram / 16,384,soft,0.0579648835487242,4
new_skew_150_2,skew,spread,Interval plot / five,256,hard,0.017474029660623797,4
new_skew_150_2,skew,spread,Interval plot / five,256,soft,0.017474029660623523,4
new_skew_150_2,skew,spread,Interval plot / five,384,hard,0.015974272007226932,4
new_skew_150_2,skew,spread,Interval plot / five,384,soft,0.015974272007226932,4
new_skew_150_2,skew,spread,Quantile plot / five,256,hard,0.010084362602795664,4
new_skew_150_2,skew,spread,Quantile plot / five,256,soft,0.0018462366619237522,4
new_skew_150_2,skew,spread,Quantile plot / five,384,hard,0.007454660270039526,4
new_skew_150_2,skew,spread,Quantile plot / five,384,soft,0.002464811641279289,4
new_skew_150_2,skew,spread,Quantile plot / nineteen,256,hard,0.010084362602795664,4
new_skew_150_2,skew,spread,Quantile plot / nineteen,256,soft,0.0018462366619237522,4
new_skew_150_2,skew,spread,Quantile plot / nineteen,384,hard,0.007454660270039526,4
new_skew_150_2,skew,spread,Quantile plot / nineteen,384,soft,0.002464811641279289,4
new_skew_150_2,skew,spread,Violin plot / 64,256,hard,0.23281907543339153,4
new_skew_150_2,skew,spread,Violin plot / 64,256,soft,0.2306850981093232,4
new_skew_150_2,skew,spread,Violin plot / 64,384,hard,0.23094977653075321,4
new_skew_150_2,skew,spread,Violin plot / 64,384,soft,0.23214849435460194,4
new_skew_30_0,skew,five,Bar chart / means,256,hard,0.3364766187933024,4
new_skew_30_0,skew,five,Bar chart / means,256,soft,0.33421141232080714,4
new_skew_30_0,skew,five,Bar chart / means,384,hard,0.33468667362430066,4
new_skew_30_0,skew,five,Bar chart / means,384,soft,0.33321151191605447,4
new_skew_30_0,skew,five,Box plot / five,256,hard,0.35636821821086206,4
new_skew_30_0,skew,five,Box plot / five,256,soft,0.2765874784001895,4
new_skew_30_0,skew,five,Box plot / five,384,hard,0.36296484853822175,4
new_skew_30_0,skew,five,Box plot / five,384,soft,0.27889070921183384,4
new_skew_30_0,skew,five,Dot plot / raw,256,hard,0.11185847425161324,4
new_skew_30_0,skew,five,Dot plot / raw,256,soft,0.15525729780653413,4
new_skew_30_0,skew,five,Dot plot / raw,384,hard,0.11379088658493174,4
new_skew_30_0,skew,five,Dot plot / raw,384,soft,0.12964239868978603,4
new_skew_30_0,skew,five,ECDF / full,256,hard,0.09272689475403323,4
new_skew_30_0,skew,five,ECDF / full,256,soft,0.08292191170463338,4
new_skew_30_0,skew,five,ECDF / full,384,hard,0.0953738821511927,4
new_skew_30_0,skew,five,ECDF / full,384,soft,0.0806749477754376,4
new_skew_30_0,skew,five,Heatmap / 16,256,hard,0.16741254579929876,4
new_skew_30_0,skew,five,Heatmap / 16,256,soft,0.16741254579929876,4
new_skew_30_0,skew,five,Heatmap / 16,384,hard,0.16741254579929876,4
new_skew_30_0,skew,five,Heatmap / 16,384,soft,0.16741254579929876,4
new_skew_30_0,skew,five,Histogram / 16,256,hard,0.12546476612351198,4
new_skew_30_0,skew,five,Histogram / 16,256,soft,0.13848311734377503,4
new_skew_30_0,skew,five,Histogram / 16,384,hard,0.12547697611102604,4
new_skew_30_0,skew,five,Histogram / 16,384,soft,0.1338773144547834,4
new_skew_30_0,skew,five,Interval plot / five,256,hard,0.35489644067279946,4
new_skew_30_0,skew,five,Interval plot / five,256,soft,0.2765874784001895,4
new_skew_30_0,skew,five,Interval plot / five,384,hard,0.3612127309991545,4
new_skew_30_0,skew,five,Interval plot / five,384,soft,0.27850914472540966,4
new_skew_30_0,skew,five,Quantile plot / five,256,hard,0.007375436414483021,4
new_skew_30_0,skew,five,Quantile plot / five,256,soft,0.004799188597651029,4
new_skew_30_0,skew,five,Quantile plot / five,384,hard,0.0045852878621457,4
new_skew_30_0,skew,five,Quantile plot / five,384,soft,0.0018085136469053408,4
new_skew_30_0,skew,five,Quantile plot / nineteen,256,hard,0.007375436414483021,4
new_skew_30_0,skew,five,Quantile plot / nineteen,256,soft,0.004799188597651029,4
new_skew_30_0,skew,five,Quantile plot / nineteen,384,hard,0.0045852878621457,4
new_skew_30_0,skew,five,Quantile plot / nineteen,384,soft,0.0018085136469053408,4
new_skew_30_0,skew,five,Violin plot / 64,256,hard,0.15392879609756968,4
new_skew_30_0,skew,five,Violin plot / 64,256,soft,0.1572354145748352,4
new_skew_30_0,skew,five,Violin plot / 64,384,hard,0.15593365627712982,4
new_skew_30_0,skew,five,Violin plot / 64,384,soft,0.15732893193021116,4
new_skew_30_0,skew,median,Bar chart / means,256,hard,0.24115995430016024,4
new_skew_30_0,skew,median,Bar chart / means,256,soft,0.22983392193768393,4
new_skew_30_0,skew,median,Bar chart / means,384,hard,0.2322102284551516,4
new_skew_30_0,skew,median,Bar chart / means,384,soft,0.2248344199139206,4
new_skew_30_0,skew,median,Box plot / five,256,hard,0.008012757674313755,4
new_skew_30_0,skew,median,Box plot / five,256,soft,0.008012757674313755,4
new_skew_30_0,skew,median,Box plot / five,384,hard,0.007375808541231145,4
new_skew_30_0,skew,median,Box plot / five,384,soft,0.007375808541231145,4
new_skew_30_0,skew,median,Dot plot / raw,256,hard,0.08624635153414877,4
new_skew_30_0,skew,median,Dot plot / raw,256,soft,0.08194395150897593,4
new_skew_30_0,skew,median,Dot plot / raw,384,hard,0.10403504463628047,4
new_skew_30_0,skew,median,Dot plot / raw,384,soft,0.08425684588311702,4
new_skew_30_0,skew,median,ECDF / full,256,hard,0.08729498421164647,4
new_skew_30_0,skew,median,ECDF / full,256,soft,0.03342206060050053,4
new_skew_30_0,skew,median,ECDF / full,384,hard,0.09970115590024464,4
new_skew_30_0,skew,median,ECDF / full,384,soft,0.024903879296824576,4
new_skew_30_0,skew,median,Heatmap / 16,256,hard,0.03330310184763281,4
new_skew_30_0,skew,median,Heatmap / 16,256,soft,0.03330310184763281,4
new_skew_30_0,skew,median,Heatmap / 16,384,hard,0.03330310184763281,4
new_skew_30_0,skew,median,Heatmap / 16,384,soft,0.03330310184763281,4
new_skew_30_0,skew,median,Histogram / 16,256,hard,0.021899849500973203,4
new_skew_30_0,skew,median,Histogram / 16,256,soft,0.02685323084546961,4
new_skew_30_0,skew,median,Histogram / 16,384,hard,0.02241331227707214,4
new_skew_30_0,skew,median,Histogram / 16,384,soft,0.02563914926666539,4
new_skew_30_0,skew,median,Interval plot / five,256,hard,0.008012757674313755,4
new_skew_30_0,skew,median,Interval plot / five,256,soft,0.008012757674313755,4
new_skew_30_0,skew,median,Interval plot / five,384,hard,0.005467986109110647,4
new_skew_30_0,skew,median,Interval plot / five,384,soft,0.005467986109110647,4
new_skew_30_0,skew,median,Quantile plot / five,256,hard,0.008012757674313755,4
new_skew_30_0,skew,median,Quantile plot / five,256,soft,0.008012757674313446,4
new_skew_30_0,skew,median,Quantile plot / five,384,hard,0.0054679861091104925,4
new_skew_30_0,skew,median,Quantile plot / five,384,soft,0.0035601636769903044,4
new_skew_30_0,skew,median,Quantile plot / nineteen,256,hard,0.008012757674313755,4
new_skew_30_0,skew,median,Quantile plot / nineteen,256,soft,0.008012757674313446,4
new_skew_30_0,skew,median,Quantile plot / nineteen,384,hard,0.0054679861091104925,4
new_skew_30_0,skew,median,Quantile plot / nineteen,384,soft,0.0035601636769903044,4
new_skew_30_0,skew,median,Violin plot / 64,256,hard,0.06423840915727133,4
new_skew_30_0,skew,median,Violin plot / 64,256,soft,0.06679366061721365,4
new_skew_30_0,skew,median,Violin plot / 64,384,hard,0.06407791327391145,4
new_skew_30_0,skew,median,Violin plot / 64,384,soft,0.06532684586476761,4
new_skew_30_0,skew,spread,Bar chart / means,256,hard,0.41114104144847535,4
new_skew_30_0,skew,spread,Bar chart / means,256,soft,0.41114104144847535,4
new_skew_30_0,skew,spread,Bar chart / means,384,hard,0.41114104144847535,4
new_skew_30_0,skew,spread,Bar chart / means,384,soft,0.41114104144847535,4
new_skew_30_0,skew,spread,Box plot / five,256,hard,0.013027970562144364,4
new_skew_30_0,skew,spread,Box plot / five,256,soft,0.014729908761811938,4
new_skew_30_0,skew,spread,Box plot / five,384,hard,0.016655853942923935,4
new_skew_30_0,skew,spread,Box plot / five,384,soft,0.015703735512693426,4
new_skew_30_0,skew,spread,Dot plot / raw,256,hard,0.026263361568184717,4
new_skew_30_0,skew,spread,Dot plot / raw,256,soft,0.035581922320078105,4
new_skew_30_0,skew,spread,Dot plot / raw,384,hard,0.04149487920617234,4
new_skew_30_0,skew,spread,Dot plot / raw,384,soft,0.03244400594638467,4
new_skew_30_0,skew,spread,ECDF / full,256,hard,0.05322628541304445,4
new_skew_30_0,skew,spread,ECDF / full,256,soft,0.0531344639181109,4
new_skew_30_0,skew,spread,ECDF / full,384,hard,0.05353489664907936,4
new_skew_30_0,skew,spread,ECDF / full,384,soft,0.05353489664907904,4
new_skew_30_0,skew,spread,Heatmap / 16,256,hard,0.21307488886050285,4
new_skew_30_0,skew,spread,Heatmap / 16,256,soft,0.21307488886050285,4
new_skew_30_0,skew,spread,Heatmap / 16,384,hard,0.21307488886050285,4
new_skew_30_0,skew,spread,Heatmap / 16,384,soft,0.21307488886050285,4
new_skew_30_0,skew,spread,Histogram / 16,256,hard,0.12792818971491376,4
new_skew_30_0,skew,spread,Histogram / 16,256,soft,0.1711146774550816,4
new_skew_30_0,skew,spread,Histogram / 16,384,hard,0.13254905082451898,4
new_skew_30_0,skew,spread,Histogram / 16,384,soft,0.16031609588868373,4
new_skew_30_0,skew,spread,Interval plot / five,256,hard,0.014729908761812092,4
new_skew_30_0,skew,spread,Interval plot / five,256,soft,0.014729908761811938,4
new_skew_30_0,skew,spread,Interval plot / five,384,hard,0.015703735512692957,4
new_skew_30_0,skew,spread,Interval plot / five,384,soft,0.015703735512693114,4
new_skew_30_0,skew,spread,Quantile plot / five,256,hard,0.014729908761811628,4
new_skew_30_0,skew,spread,Quantile plot / five,256,soft,0.014729908761813022,4
new_skew_30_0,skew,spread,Quantile plot / five,384,hard,0.006884087971815466,4
new_skew_30_0,skew,spread,Quantile plot / five,384,soft,0.0019042368604624237,4
new_skew_30_0,skew,spread,Quantile plot / nineteen,256,hard,0.014729908761811628,4
new_skew_30_0,skew,spread,Quantile plot / nineteen,256,soft,0.014729908761813022,4
new_skew_30_0,skew,spread,Quantile plot / nineteen,384,hard,0.006884087971815466,4
new_skew_30_0,skew,spread,Quantile plot / nineteen,384,soft,0.0019042368604624237,4
new_skew_30_0,skew,spread,Violin plot / 64,256,hard,0.18312011821105445,4
new_skew_30_0,skew,spread,Violin plot / 64,256,soft,0.1848800665004272,4
new_skew_30_0,skew,spread,Violin plot / 64,384,hard,0.1853761855191855,4
new_skew_30_0,skew,spread,Violin plot / 64,384,soft,0.18546420144306494,4
new_skew_30_1,skew,five,Bar chart / means,256,hard,0.6306191147592582,4
new_skew_30_1,skew,five,Bar chart / means,256,soft,0.6283050854573562,4
new_skew_30_1,skew,five,Bar chart / means,384,hard,0.6303605992241683,4
new_skew_30_1,skew,five,Bar chart / means,384,soft,0.628853642812303,4
new_skew_30_1,skew,five,Box plot / five,256,hard,0.23670227400451363,4
new_skew_30_1,skew,five,Box plot / five,256,soft,0.12167540758950798,4
new_skew_30_1,skew,five,Box plot / five,384,hard,0.23703404835323713,4
new_skew_30_1,skew,five,Box plot / five,384,soft,0.11463381445691212,4
new_skew_30_1,skew,five,Dot plot / raw,256,hard,0.03884510623179477,4
new_skew_30_1,skew,five,Dot plot / raw,256,soft,0.088871381804965,4
new_skew_30_1,skew,five,Dot plot / raw,384,hard,0.07896429037416446,4
new_skew_30_1,skew,five,Dot plot / raw,384,soft,0.07547378175497621,4
new_skew_30_1,skew,five,ECDF / full,256,hard,0.06599114940629841,4
new_skew_30_1,skew,five,ECDF / full,256,soft,0.06265729090972733,4
new_skew_30_1,skew,five,ECDF / full,384,hard,0.06256969001182648,4
new_skew_30_1,skew,five,ECDF / full,384,soft,0.0608653787157897,4
new_skew_30_1,skew,five,Heatmap / 16,256,hard,0.08127299682898008,4
new_skew_30_1,skew,five,Heatmap / 16,256,soft,0.08127299682898008,4
new_skew_30_1,skew,five,Heatmap / 16,384,hard,0.08127299682898008,4
new_skew_30_1,skew,five,Heatmap / 16,384,soft,0.08127299682898008,4
new_skew_30_1,skew,five,Histogram / 16,256,hard,0.12072688840599277,4
new_skew_30_1,skew,five,Histogram / 16,256,soft,0.1036006195690958,4
new_skew_30_1,skew,five,Histogram / 16,384,hard,0.1221147420093521,4
new_skew_30_1,skew,five,Histogram / 16,384,soft,0.1110940989297783,4
new_skew_30_1,skew,five,Interval plot / five,256,hard,0.23473625906454842,4
new_skew_30_1,skew,five,Interval plot / five,256,soft,0.12058328788391222,4
new_skew_30_1,skew,five,Interval plot / five,384,hard,0.23671249362798666,4
new_skew_30_1,skew,five,Interval plot / five,384,soft,0.11463381445691218,4
new_skew_30_1,skew,five,Quantile plot / five,256,hard,0.008279376226487481,4
new_skew_30_1,skew,five,Quantile plot / five,256,soft,0.003232633830216473,4
new_skew_30_1,skew,five,Quantile plot / five,384,hard,0.003440819933300705,4
new_skew_30_1,skew,five,Quantile plot / five,384,soft,0.0013372614061683478,4
new_skew_30_1,skew,five,Quantile plot / nineteen,256,hard,0.008279376226487481,4
new_skew_30_1,skew,five,Quantile plot / nineteen,256,soft,0.003232633830216473,4
new_skew_30_1,skew,five,Quantile plot / nineteen,384,hard,0.003440819933300705,4
new_skew_30_1,skew,five,Quantile plot / nineteen,384,soft,0.0013372614061683478,4
new_skew_30_1,skew,five,Violin plot / 64,256,hard,0.20871010484800334,4
new_skew_30_1,skew,five,Violin plot / 64,256,soft,0.21195121228989688,4
new_skew_30_1,skew,five,Violin plot / 64,384,hard,0.2125389487113093,4
new_skew_30_1,skew,five,Violin plot / 64,384,soft,0.213877858559579,4
new_skew_30_1,skew,median,Bar chart / means,256,hard,0.48261976206549084,4
new_skew_30_1,skew,median,Bar chart / means,256,soft,0.4710496155559805,4
new_skew_30_1,skew,median,Bar chart / means,384,hard,0.48132718439004135,4
new_skew_30_1,skew,median,Bar chart / means,384,soft,0.47379240233071473,4
new_skew_30_1,skew,median,Box plot / five,256,hard,0.01139971790498019,4
new_skew_30_1,skew,median,Box plot / five,256,soft,0.01139971790498019,4
new_skew_30_1,skew,median,Box plot / five,384,hard,0.0008988674068659418,4
new_skew_30_1,skew,median,Box plot / five,384,soft,0.0008988674068659418,4
new_skew_30_1,skew,median,Dot plot / raw,256,hard,0.005829551744561097,4
new_skew_30_1,skew,median,Dot plot / raw,256,soft,0.017682378559390494,4
new_skew_30_1,skew,median,Dot plot / raw,384,hard,0.019554159776674483,4
new_skew_30_1,skew,median,Dot plot / raw,384,soft,0.013809079611234676,4
new_skew_30_1,skew,median,ECDF / full,256,hard,0.025598974939845268,4
new_skew_30_1,skew,median,ECDF / full,256,soft,0.015348762055751714,4
new_skew_30_1,skew,median,ECDF / full,384,hard,0.014620130415220256,4
new_skew_30_1,skew,median,ECDF / full,384,soft,0.007159387062706335,4
new_skew_30_1,skew,median,Heatmap / 16,256,hard,0.044412010123539604,4
new_skew_30_1,skew,median,Heatmap / 16,256,soft,0.044412010123539604,4
new_skew_30_1,skew,median,Heatmap / 16,384,hard,0.044412010123539604,4
new_skew_30_1,skew,median,Heatmap / 16,384,soft,0.044412010123539604,4
new_skew_30_1,skew,median,Histogram / 16,256,hard,0.04901783577241474,4
new_skew_30_1,skew,median,Histogram / 16,256,soft,0.04551023139027852,4
new_skew_30_1,skew,median,Histogram / 16,384,hard,0.04889085922402028,4
new_skew_30_1,skew,median,Histogram / 16,384,soft,0.0466043818122447,4
new_skew_30_1,skew,median,Interval plot / five,256,hard,0.005939119377000915,4
new_skew_30_1,skew,median,Interval plot / five,256,soft,0.005939119377000915,4
new_skew_30_1,skew,median,Interval plot / five,384,hard,0.0008988674068661158,4
new_skew_30_1,skew,median,Interval plot / five,384,soft,0.0008988674068661158,4
new_skew_30_1,skew,median,Quantile plot / five,256,hard,0.006942087905706041,4
new_skew_30_1,skew,median,Quantile plot / five,256,soft,0.003326391333929265,4
new_skew_30_1,skew,median,Quantile plot / five,384,hard,0.0024587089192536563,4
new_skew_30_1,skew,median,Quantile plot / five,384,soft,0.0008988674068668118,4
new_skew_30_1,skew,median,Quantile plot / nineteen,256,hard,0.006942087905706041,4
new_skew_30_1,skew,median,Quantile plot / nineteen,256,soft,0.003326391333929265,4
new_skew_30_1,skew,median,Quantile plot / nineteen,384,hard,0.0024587089192536563,4
new_skew_30_1,skew,median,Quantile plot / nineteen,384,soft,0.0008988674068668118,4
new_skew_30_1,skew,median,Violin plot / 64,256,hard,0.19673780309266997,4
new_skew_30_1,skew,median,Violin plot / 64,256,soft,0.19659771067101425,4
new_skew_30_1,skew,median,Violin plot / 64,384,hard,0.198203958466139,4
new_skew_30_1,skew,median,Violin plot / 64,384,soft,0.19773004649199333,4
new_skew_30_1,skew,spread,Bar chart / means,256,hard,0.7502626586801633,4
new_skew_30_1,skew,spread,Bar chart / means,256,soft,0.7502626586801633,4
new_skew_30_1,skew,spread,Bar chart / means,384,hard,0.7502626586801633,4
new_skew_30_1,skew,spread,Bar chart / means,384,soft,0.7502626586801633,4
new_skew_30_1,skew,spread,Box plot / five,256,hard,0.023140293019020253,4
new_skew_30_1,skew,spread,Box plot / five,256,soft,0.009773282071522992,4
new_skew_30_1,skew,spread,Box plot / five,384,hard,0.010750329311831976,4
new_skew_30_1,skew,spread,Box plot / five,384,soft,0.009142555685579295,4
new_skew_30_1,skew,spread,Dot plot / raw,256,hard,0.015434505298845397,4
new_skew_30_1,skew,spread,Dot plot / raw,256,soft,0.02085209559887491,4
new_skew_30_1,skew,spread,Dot plot / raw,384,hard,0.10711498412733192,4
new_skew_30_1,skew,spread,Dot plot / raw,384,soft,0.03530084530290337,4
new_skew_30_1,skew,spread,ECDF / full,256,hard,0.05964759698553733,4
new_skew_30_1,skew,spread,ECDF / full,256,soft,0.059481740132361655,4
new_skew_30_1,skew,spread,ECDF / full,384,hard,0.07102858578644472,4
new_skew_30_1,skew,spread,ECDF / full,384,soft,0.0710285857864455,4
new_skew_30_1,skew,spread,Heatmap / 16,256,hard,0.13188570003560884,4
new_skew_30_1,skew,spread,Heatmap / 16,256,soft,0.13188570003560884,4
new_skew_30_1,skew,spread,Heatmap / 16,384,hard,0.13188570003560884,4
new_skew_30_1,skew,spread,Heatmap / 16,384,soft,0.13188570003560884,4
new_skew_30_1,skew,spread,Histogram / 16,256,hard,0.181619787885877,4
new_skew_30_1,skew,spread,Histogram / 16,256,soft,0.14549490795126188,4
new_skew_30_1,skew,spread,Histogram / 16,384,hard,0.1845666503844589,4
new_skew_30_1,skew,spread,Histogram / 16,384,soft,0.16147291127228666,4
new_skew_30_1,skew,spread,Interval plot / five,256,hard,0.009773282071523167,4
new_skew_30_1,skew,spread,Interval plot / five,256,soft,0.009773282071522817,4
new_skew_30_1,skew,spread,Interval plot / five,384,hard,0.009142555685579468,4
new_skew_30_1,skew,spread,Interval plot / five,384,soft,0.009142555685579295,4
new_skew_30_1,skew,spread,Quantile plot / five,256,hard,0.009773282071523167,4
new_skew_30_1,skew,spread,Quantile plot / five,256,soft,0.009773282071524036,4
new_skew_30_1,skew,spread,Quantile plot / five,384,hard,0.006195265248779462,4
new_skew_30_1,skew,spread,Quantile plot / five,384,soft,0.00431923480682273,4
new_skew_30_1,skew,spread,Quantile plot / nineteen,256,hard,0.009773282071523167,4
new_skew_30_1,skew,spread,Quantile plot / nineteen,256,soft,0.009773282071524036,4
new_skew_30_1,skew,spread,Quantile plot / nineteen,384,hard,0.006195265248779462,4
new_skew_30_1,skew,spread,Quantile plot / nineteen,384,soft,0.00431923480682273,4
new_skew_30_1,skew,spread,Violin plot / 64,256,hard,0.29392006293958606,4
new_skew_30_1,skew,spread,Violin plot / 64,256,soft,0.29448215887108997,4
new_skew_30_1,skew,spread,Violin plot / 64,384,hard,0.2979524109529111,4
new_skew_30_1,skew,spread,Violin plot / 64,384,soft,0.29757248292510025,4
new_skew_30_2,skew,five,Bar chart / means,256,hard,0.6392590981635112,4
new_skew_30_2,skew,five,Bar chart / means,256,soft,0.6313974415463317,4
new_skew_30_2,skew,five,Bar chart / means,384,hard,0.6389163556406914,4
new_skew_30_2,skew,five,Bar chart / means,384,soft,0.6337966392060702,4
new_skew_30_2,skew,five,Box plot / five,256,hard,0.4199321367283808,4
new_skew_30_2,skew,five,Box plot / five,256,soft,0.39568314065695215,4
new_skew_30_2,skew,five,Box plot / five,384,hard,0.4184564323660025,4
new_skew_30_2,skew,five,Box plot / five,384,soft,0.3876572581081553,4
new_skew_30_2,skew,five,Dot plot / raw,256,hard,0.06195506002319706,4
new_skew_30_2,skew,five,Dot plot / raw,256,soft,0.09868098292046851,4
new_skew_30_2,skew,five,Dot plot / raw,384,hard,0.06310042054741884,4
new_skew_30_2,skew,five,Dot plot / raw,384,soft,0.10176372251328065,4
new_skew_30_2,skew,five,ECDF / full,256,hard,0.06165524281657382,4
new_skew_30_2,skew,five,ECDF / full,256,soft,0.05551802197831157,4
new_skew_30_2,skew,five,ECDF / full,384,hard,0.05444693913351974,4
new_skew_30_2,skew,five,ECDF / full,384,soft,0.04900377184103983,4
new_skew_30_2,skew,five,Heatmap / 16,256,hard,0.08847152227907595,4
new_skew_30_2,skew,five,Heatmap / 16,256,soft,0.08847152227907595,4
new_skew_30_2,skew,five,Heatmap / 16,384,hard,0.08847152227907595,4
new_skew_30_2,skew,five,Heatmap / 16,384,soft,0.08847152227907595,4
new_skew_30_2,skew,five,Histogram / 16,256,hard,0.11008060097324211,4
new_skew_30_2,skew,five,Histogram / 16,256,soft,0.09092129648171061,4
new_skew_30_2,skew,five,Histogram / 16,384,hard,0.10968051724231595,4
new_skew_30_2,skew,five,Histogram / 16,384,soft,0.09771225841772592,4
new_skew_30_2,skew,five,Interval plot / five,256,hard,0.41973060419208763,4
new_skew_30_2,skew,five,Interval plot / five,256,soft,0.3945733030171133,4
new_skew_30_2,skew,five,Interval plot / five,384,hard,0.41549072948544197,4
new_skew_30_2,skew,five,Interval plot / five,384,soft,0.3868203174515643,4
new_skew_30_2,skew,five,Quantile plot / five,256,hard,0.007697069093378963,4
new_skew_30_2,skew,five,Quantile plot / five,256,soft,0.0037022333787857034,4
new_skew_30_2,skew,five,Quantile plot / five,384,hard,0.005937414289203928,4
new_skew_30_2,skew,five,Quantile plot / five,384,soft,0.0021975189088409954,4
new_skew_30_2,skew,five,Quantile plot / nineteen,256,hard,0.007697069093378963,4
new_skew_30_2,skew,five,Quantile plot / nineteen,256,soft,0.0037022333787857034,4
new_skew_30_2,skew,five,Quantile plot / nineteen,384,hard,0.005937414289203928,4
new_skew_30_2,skew,five,Quantile plot / nineteen,384,soft,0.0021975189088409954,4
new_skew_30_2,skew,five,Violin plot / 64,256,hard,0.254416236874699,4
new_skew_30_2,skew,five,Violin plot / 64,256,soft,0.26281330004540804,4
new_skew_30_2,skew,five,Violin plot / 64,384,hard,0.25607365454111586,4
new_skew_30_2,skew,five,Violin plot / 64,384,soft,0.2619072543493632,4
new_skew_30_2,skew,median,Bar chart / means,256,hard,0.5379780090147788,4
new_skew_30_2,skew,median,Bar chart / means,256,soft,0.5248752479861463,4
new_skew_30_2,skew,median,Bar chart / means,384,hard,0.5374067714767456,4
new_skew_30_2,skew,median,Bar chart / means,384,soft,0.5288739107523772,4
new_skew_30_2,skew,median,Box plot / five,256,hard,0.012909756966344603,4
new_skew_30_2,skew,median,Box plot / five,256,soft,0.012909756966344603,4
new_skew_30_2,skew,median,Box plot / five,384,hard,0.008532860724368317,4
new_skew_30_2,skew,median,Box plot / five,384,soft,0.008532860724368317,4
new_skew_30_2,skew,median,Dot plot / raw,256,hard,0.015060656189751023,4
new_skew_30_2,skew,median,Dot plot / raw,256,soft,0.03622984901794725,4
new_skew_30_2,skew,median,Dot plot / raw,384,hard,0.010190886715602445,4
new_skew_30_2,skew,median,Dot plot / raw,384,soft,0.01952260209547595,4
new_skew_30_2,skew,median,ECDF / full,256,hard,0.01348516444905495,4
new_skew_30_2,skew,median,ECDF / full,256,soft,0.0009307454871381918,4
new_skew_30_2,skew,median,ECDF / full,384,hard,0.008451133645138848,4
new_skew_30_2,skew,median,ECDF / full,384,soft,0.0008043330115359291,4
new_skew_30_2,skew,median,Heatmap / 16,256,hard,0.007599647946641994,4
new_skew_30_2,skew,median,Heatmap / 16,256,soft,0.007599647946641994,4
new_skew_30_2,skew,median,Heatmap / 16,384,hard,0.007599647946641994,4
new_skew_30_2,skew,median,Heatmap / 16,384,soft,0.007599647946641994,4
new_skew_30_2,skew,median,Histogram / 16,256,hard,0.007917739924923462,4
new_skew_30_2,skew,median,Histogram / 16,256,soft,0.0037075294155753335,4
new_skew_30_2,skew,median,Histogram / 16,384,hard,0.005166128427923057,4
new_skew_30_2,skew,median,Histogram / 16,384,soft,0.0017074516905895753,4
new_skew_30_2,skew,median,Interval plot / five,256,hard,0.0073605687671501035,4
new_skew_30_2,skew,median,Interval plot / five,256,soft,0.0073605687671501035,4
new_skew_30_2,skew,median,Interval plot / five,384,hard,0.004348157441413351,4
new_skew_30_2,skew,median,Interval plot / five,384,soft,0.004348157441413351,4
new_skew_30_2,skew,median,Quantile plot / five,256,hard,0.007861656617179932,4
new_skew_30_2,skew,median,Quantile plot / five,256,soft,0.0009256443972433244,4
new_skew_30_2,skew,median,Quantile plot / five,384,hard,0.005119716434621082,4
new_skew_30_2,skew,median,Quantile plot / five,384,soft,0.0004354998134521225,4
new_skew_30_2,skew,median,Quantile plot / nineteen,256,hard,0.007861656617179932,4
new_skew_30_2,skew,median,Quantile plot / nineteen,256,soft,0.0009256443972433244,4
new_skew_30_2,skew,median,Quantile plot / nineteen,384,hard,0.005119716434621082,4
new_skew_30_2,skew,median,Quantile plot / nineteen,384,soft,0.0004354998134521225,4
new_skew_30_2,skew,median,Violin plot / 64,256,hard,0.22675347851880787,4
new_skew_30_2,skew,median,Violin plot / 64,256,soft,0.23060945530301982,4
new_skew_30_2,skew,median,Violin plot / 64,384,hard,0.22939535116088716,4
new_skew_30_2,skew,median,Violin plot / 64,384,soft,0.23188162754386493,4
new_skew_30_2,skew,spread,Bar chart / means,256,hard,0.5384345965922122,4
new_skew_30_2,skew,spread,Bar chart / means,256,soft,0.5384345965922122,4
new_skew_30_2,skew,spread,Bar chart / means,384,hard,0.5384345965922122,4
new_skew_30_2,skew,spread,Bar chart / means,384,soft,0.5384345965922122,4
new_skew_30_2,skew,spread,Box plot / five,256,hard,0.032146205362442414,4
new_skew_30_2,skew,spread,Box plot / five,256,soft,0.0202648387520878,4
new_skew_30_2,skew,spread,Box plot / five,384,hard,0.016201350491729567,4
new_skew_30_2,skew,spread,Box plot / five,384,soft,0.012367105608049173,4
new_skew_30_2,skew,spread,Dot plot / raw,256,hard,0.009010890670711027,4
new_skew_30_2,skew,spread,Dot plot / raw,256,soft,0.008733566043971566,4
new_skew_30_2,skew,spread,Dot plot / raw,384,hard,0.014232137463297951,4
new_skew_30_2,skew,spread,Dot plot / raw,384,soft,0.005020237531759176,4
new_skew_30_2,skew,spread,ECDF / full,256,hard,0.02498412763898673,4
new_skew_30_2,skew,spread,ECDF / full,256,soft,0.024984127638985533,4
new_skew_30_2,skew,spread,ECDF / full,384,hard,0.024734211216097514,4
new_skew_30_2,skew,spread,ECDF / full,384,soft,0.02473421121609788,4
new_skew_30_2,skew,spread,Heatmap / 16,256,hard,0.09251570786667684,4
new_skew_30_2,skew,spread,Heatmap / 16,256,soft,0.09251570786667684,4
new_skew_30_2,skew,spread,Heatmap / 16,384,hard,0.09251570786667684,4
new_skew_30_2,skew,spread,Heatmap / 16,384,soft,0.09251570786667684,4
new_skew_30_2,skew,spread,Histogram / 16,256,hard,0.10358167210554543,4
new_skew_30_2,skew,spread,Histogram / 16,256,soft,0.0970484740151734,4
new_skew_30_2,skew,spread,Histogram / 16,384,hard,0.1045988433669301,4
new_skew_30_2,skew,spread,Histogram / 16,384,soft,0.10034527573660879,4
new_skew_30_2,skew,spread,Interval plot / five,256,hard,0.0202648387520878,4
new_skew_30_2,skew,spread,Interval plot / five,256,soft,0.020264838752087982,4
new_skew_30_2,skew,spread,Interval plot / five,384,hard,0.012367105608048988,4
new_skew_30_2,skew,spread,Interval plot / five,384,soft,0.01236710560804899,4
new_skew_30_2,skew,spread,Quantile plot / five,256,hard,0.010073802396484489,4
new_skew_30_2,skew,spread,Quantile plot / five,256,soft,0.0012213944182800803,4
new_skew_30_2,skew,spread,Quantile plot / five,384,hard,0.004698615840687736,4
new_skew_30_2,skew,spread,Quantile plot / five,384,soft,0.000955712093916718,4
new_skew_30_2,skew,spread,Quantile plot / nineteen,256,hard,0.010073802396484489,4
new_skew_30_2,skew,spread,Quantile plot / nineteen,256,soft,0.0012213944182800803,4
new_skew_30_2,skew,spread,Quantile plot / nineteen,384,hard,0.004698615840687736,4
new_skew_30_2,skew,spread,Quantile plot / nineteen,384,soft,0.000955712093916718,4
new_skew_30_2,skew,spread,Violin plot / 64,256,hard,0.4919191345232227,4
new_skew_30_2,skew,spread,Violin plot / 64,256,soft,0.4924294729202864,4
new_skew_30_2,skew,spread,Violin plot / 64,384,hard,0.48967724936378665,4
new_skew_30_2,skew,spread,Violin plot / 64,384,soft,0.4904054558496804,4
