key,primary,dataset,feature,family,setting,H,loss,successful,loss_min,loss_max,score,placement_score_min,placement_score_max
WDBC__00,True,WDBC,mean radius,Bar chart,means,128,0.43611357030678,4,0.42396703191235563,0.4482601087012044,69.6323759259779,69.04837010920623,70.2263449636908
WDBC__00,True,WDBC,mean radius,Box plot,five,128,0.4751378573547968,4,0.2284507708002126,0.5793370394670954,67.79027431328964,63.31770705114489,81.40334344441008
WDBC__00,True,WDBC,mean radius,Interval plot,five,128,0.469551910233224,4,0.22452774418316668,0.5624424856010689,68.04795346367152,64.00235587649817,81.66413580666233
WDBC__00,True,WDBC,mean radius,Dot plot,raw,128,0.06332565921761008,4,0.04598958075170682,0.07717314906475747,94.0445658704216,92.83558552014017,95.60324676287348
WDBC__00,True,WDBC,mean radius,Histogram,32,128,0.033525027553297136,4,0.016438252948198003,0.05370034791199152,96.75624424570904,94.90364143673257,98.38275931661187
WDBC__00,True,WDBC,mean radius,Heatmap,32,128,0.0096873011161823,4,0.0096873011161823,0.0096873011161823,99.04056423157218,99.04056423157218,99.04056423157218
WDBC__00,True,WDBC,mean radius,Violin plot,128,128,0.05968263201528051,4,0.05750546779378046,0.06129586588964068,94.36787673854978,94.22443186111359,94.5621588213864
WDBC__00,True,WDBC,mean radius,Bar chart,means,256,0.4323527174147821,4,0.42671143807678596,0.4379939967527783,69.81520597837627,69.54131952276302,70.09125835200459
WDBC__00,True,WDBC,mean radius,Box plot,five,256,0.47791470536392455,4,0.361020684986387,0.5776733286722306,67.6629034389206,63.384477751271845,73.47426905638852
WDBC__00,True,WDBC,mean radius,Interval plot,five,256,0.47631317890286284,4,0.3619940037811076,0.5745125690345784,67.73630516142653,63.51171909749541,73.42176230026301
WDBC__00,True,WDBC,mean radius,Dot plot,raw,256,0.020465471433073167,4,0.016960383209010055,0.028732396296540525,97.99449643265902,97.20700967521022,98.3322474022546
WDBC__00,True,WDBC,mean radius,Histogram,32,256,0.029231572212885103,4,0.02270287391320563,0.035486340889723175,97.1598644073815,96.57297836886653,97.78011048054097
WDBC__00,True,WDBC,mean radius,Heatmap,32,256,0.00986830890840773,4,0.00986830890840773,0.00986830890840773,99.02281229925171,99.02281229925171,99.02281229925171
WDBC__00,True,WDBC,mean radius,Violin plot,128,256,0.06064456216599694,4,0.06027768205438377,0.060953323805523756,94.28229169985545,94.25485340044077,94.31491550990772
WDBC__00,True,WDBC,mean radius,Bar chart,means,512,0.42930414726748134,4,0.42794226265962165,0.43338980109106046,69.96411518932359,69.76469340292675,70.03084271330722
WDBC__00,True,WDBC,mean radius,Box plot,five,512,0.4825996812395506,4,0.36848785601673056,0.5842103779017069,67.44909044927991,63.12292950160471,73.07335579218866
WDBC__00,True,WDBC,mean radius,Interval plot,five,512,0.4812058836489711,4,0.36886795222247976,0.5782550913336395,67.512559262625,63.361113516509626,73.0530653724788
WDBC__00,True,WDBC,mean radius,Dot plot,raw,512,0.021188433497412045,4,0.0097674179620994,0.028579102325295022,97.9251201049306,97.22149689210225,99.03270616694962
WDBC__00,True,WDBC,mean radius,Histogram,32,512,0.019509306574866783,4,0.012237171282206005,0.02422909958802536,98.0864023065753,97.63440624780422,98.7910766735917
WDBC__00,True,WDBC,mean radius,Heatmap,32,512,0.00986830890840773,4,0.00986830890840773,0.00986830890840773,99.02281229925171,99.02281229925171,99.02281229925171
WDBC__00,True,WDBC,mean radius,Violin plot,32,512,0.06202494319777906,4,0.06191035652950436,0.06216762905751815,94.15974703842447,94.14709812681068,94.16990745510408
WDBC__01,True,WDBC,mean texture,Bar chart,means,128,0.0642961569597411,4,0.036759128156721034,0.09183318576276117,93.95880962838305,91.58908274998016,96.45441962762595
WDBC__01,True,WDBC,mean texture,Box plot,five,128,0.5947416839624854,4,0.1654997942502816,0.7533691624439035,62.706080242116755,57.03305507016943,85.80010094667233
WDBC__01,True,WDBC,mean texture,Interval plot,five,128,0.5862534780221325,4,0.1654997942502816,0.7300488895778782,63.041626943940884,57.80183473566427,85.80010094667233
WDBC__01,True,WDBC,mean texture,Dot plot,means,128,0.07649217773755482,4,0.06319663744904229,0.09183318576276117,92.89431179162702,91.58908274998016,94.05597843117039
WDBC__01,True,WDBC,mean texture,Histogram,32,128,0.02924688640143997,4,0.02170414247881676,0.03474869925977196,97.15841876348094,96.6418223782615,97.87569203486255
WDBC__01,True,WDBC,mean texture,Heatmap,16,128,0.05123175452367787,4,0.05123175452367787,0.05123175452367787,95.12650238130493,95.12650238130493,95.12650238130493
WDBC__01,True,WDBC,mean texture,Violin plot,16,128,0.051466621085370735,4,0.0504001122735415,0.05336728512013702,95.10525393262179,94.93364889208132,95.20181769930956
WDBC__01,True,WDBC,mean texture,Bar chart,means,256,0.06699230665918476,4,0.045617596732851096,0.07411720996796264,93.72138803240846,93.09970929800359,95.63725812616501
WDBC__01,True,WDBC,mean texture,Box plot,five,256,0.6079466769105262,4,0.33041259759693126,0.7546652465875133,62.19111705379299,56.99092758261485,75.16465206404827
WDBC__01,True,WDBC,mean texture,Interval plot,five,256,0.6058540180147367,4,0.3278408009288657,0.7493928284909159,62.27216102969723,57.162690032440175,75.31023292103008
WDBC__01,True,WDBC,mean texture,Dot plot,raw,256,0.03016537744046357,4,0.0166894585699277,0.05201409739244849,97.07179273337529,95.05576041981071,98.35845071184242
WDBC__01,True,WDBC,mean texture,Histogram,16,256,0.02983498749692657,4,0.01795096724462457,0.042673029703849154,97.10293514406203,95.90734309911424,98.23655875162494
WDBC__01,True,WDBC,mean texture,Heatmap,64,256,0.04852869503397662,4,0.04852869503397662,0.04852869503397662,95.37173419632505,95.37173419632505,95.37173419632505
WDBC__01,True,WDBC,mean texture,Violin plot,64,256,0.05455130621679807,4,0.05342984099740468,0.05532818234407302,94.82706001166497,94.75725340517495,94.92801144243109
WDBC__01,True,WDBC,mean texture,Bar chart,means,512,0.0764921777375551,4,0.06617186324787094,0.0799322825674498,92.894311791627,92.5983986350128,93.79350876449767
WDBC__01,True,WDBC,mean texture,Box plot,five,512,0.6091726724302994,4,0.3326065728981359,0.7577129581242805,62.14373492247548,56.89211059052192,75.04090256925664
WDBC__01,True,WDBC,mean texture,Interval plot,five,512,0.6078692869394174,4,0.33190708372570427,0.7564279014247751,62.19411043689391,56.93373460924996,75.08031244962896
WDBC__01,True,WDBC,mean texture,Dot plot,raw,512,0.016292354860390552,4,0.009837830110312275,0.0192850931878439,98.39688306396552,98.10797849230492,99.0258009932904
WDBC__01,True,WDBC,mean texture,Histogram,16,512,0.024388656164511538,4,0.022634546007104163,0.02640780128277966,97.61919892242591,97.4271628440688,97.7866437139757
WDBC__01,True,WDBC,mean texture,Heatmap,64,512,0.04398664002232261,4,0.04398664002232261,0.04398664002232261,95.7866663867095,95.7866663867095,95.7866663867095
WDBC__01,True,WDBC,mean texture,Violin plot,16,512,0.05421012596041665,4,0.053971639078441,0.054347847150153145,94.85774945378849,94.84535892997245,94.87921334148686
WDBC__02,True,WDBC,mean perimeter,Bar chart,means,128,0.4559098559668813,4,0.4559098559668813,0.4559098559668813,68.68557115000036,68.68557115000036,68.68557115000036
WDBC__02,True,WDBC,mean perimeter,Box plot,five,128,0.47065506221929065,4,0.34478025693156084,0.5805403994422602,67.99691006339386,63.269499492254624,74.36159140837925
WDBC__02,True,WDBC,mean perimeter,Interval plot,five,128,0.4640392069497647,4,0.3446307137977202,0.5790839970760895,68.3041816949314,63.32785348034999,74.36986153437182
WDBC__02,True,WDBC,mean perimeter,Dot plot,raw,128,0.07118977144182048,4,0.06525988279347036,0.0756539557946592,93.35414010292507,92.9667012902148,93.87380639714537
WDBC__02,True,WDBC,mean perimeter,Histogram,16,128,0.06538263813806924,4,0.04993306650241972,0.08545670954214256,93.86299008473273,92.12711950730959,95.24416669066736
WDBC__02,True,WDBC,mean perimeter,Heatmap,64,128,0.025914336714266028,4,0.025914336714266028,0.025914336714266028,97.47402528779715,97.47402528779715,97.47402528779715
WDBC__02,True,WDBC,mean perimeter,Violin plot,128,128,0.06571282738586962,4,0.06540514353307862,0.06628771069569458,93.83390856361753,93.78331851424552,93.86100734259803
WDBC__02,True,WDBC,mean perimeter,Bar chart,means,256,0.45692098050263014,4,0.45692098050263,0.4569209805026302,68.63790235589889,68.63790235589889,68.6379023558989
WDBC__02,True,WDBC,mean perimeter,Box plot,five,256,0.48137173095563807,4,0.37004279169732807,0.5708604645897061,67.50500087880687,63.65937793597668,72.99042088759235
WDBC__02,True,WDBC,mean perimeter,Interval plot,five,256,0.47549922356355917,4,0.370444859454586,0.5633305476741591,67.77367171938221,63.965998840600115,72.96900660402953
WDBC__02,True,WDBC,mean perimeter,Dot plot,raw,256,0.024523888395981627,4,0.0120509144447959,0.03637719839615024,97.60631365712939,96.48996538591877,98.80925808447029
WDBC__02,True,WDBC,mean perimeter,Histogram,64,256,0.043402158579405034,4,0.01135760732283509,0.10402130273694889,95.84032309857426,90.57796235642621,98.87699392968429
WDBC__02,True,WDBC,mean perimeter,Heatmap,64,256,0.021993915864695835,4,0.021993915864695835,0.021993915864695835,97.84794062633074,97.84794062633074,97.84794062633074
WDBC__02,True,WDBC,mean perimeter,Violin plot,128,256,0.06346439873943258,4,0.06312957680098526,0.06399064027590697,94.03229682021707,93.98578917392419,94.06191134377565
WDBC__02,True,WDBC,mean perimeter,Bar chart,means,512,0.4560197008596283,4,0.45195543982798053,0.4573744545368442,68.6803893800066,68.61654510870382,68.87263703619405
WDBC__02,True,WDBC,mean perimeter,Box plot,five,512,0.48543682762794266,4,0.36477449257746786,0.5803668622105546,67.32026440982182,63.276447001757525,73.27217832972781
WDBC__02,True,WDBC,mean perimeter,Interval plot,five,512,0.48424045120641646,4,0.36609815871067697,0.5815449088863944,67.37452810878335,63.2293142218848,73.20118203978839
WDBC__02,True,WDBC,mean perimeter,Dot plot,raw,512,0.016979349352725714,4,0.00935578278718321,0.02757002945052188,98.33041355623077,97.31696831745234,99.07309365570298
WDBC__02,True,WDBC,mean perimeter,Histogram,64,512,0.025089710206554962,4,0.016657548291304693,0.04773099854940984,97.55243761041173,95.44434605681289,98.3615379318925
WDBC__02,True,WDBC,mean perimeter,Heatmap,64,512,0.017663306829400618,4,0.017663306829400618,0.017663306829400618,98.26432704108869,98.26432704108869,98.26432704108869
WDBC__02,True,WDBC,mean perimeter,Violin plot,256,512,0.06314864136839873,4,0.06303070373881686,0.06327789316321777,94.06022460912719,94.04879067174357,94.07066009315349
WDBC__03,True,WDBC,mean area,Bar chart,means,128,0.6665018261896256,4,0.6603981603039112,0.6848128238467689,60.005934844155,59.353774249937,60.22651818747889
WDBC__03,True,WDBC,mean area,Box plot,five,128,0.5971320232438027,4,0.49582434595684854,0.6771127898506821,62.612231515399884,59.62628190850734,66.85276935777645
WDBC__03,True,WDBC,mean area,Interval plot,five,128,0.5639566665774952,4,0.452415294397871,0.6495077251299796,63.94039050892395,60.62414772390357,68.85083101624669
WDBC__03,True,WDBC,mean area,Dot plot,raw,128,0.08698744590322902,4,0.07965995932042112,0.09665772225677277,91.99738265321483,91.18615404833294,92.62175478188873
WDBC__03,True,WDBC,mean area,Histogram,32,128,0.09173083432986603,4,0.07930583450618438,0.11375585892274113,91.59766936635322,89.78628412938097,92.65214437180641
WDBC__03,True,WDBC,mean area,Heatmap,32,128,0.03465057019806274,4,0.03465057019806274,0.03465057019806274,96.65098815038301,96.65098815038301,96.65098815038301
WDBC__03,True,WDBC,mean area,Violin plot,128,128,0.07524771691063839,4,0.0737864352833372,0.07603028064018176,93.00182500021135,92.93418763318186,93.12838821028062
WDBC__03,True,WDBC,mean area,Bar chart,means,256,0.6620581531180176,4,0.6535538822395954,0.6648929100774917,60.16636650913821,60.06392326780078,60.47580370623222
WDBC__03,True,WDBC,mean area,Box plot,five,256,0.6042277300052464,4,0.38048194446675876,0.6824171906937595,62.335289516328814,59.43828947608656,72.43847005809785
WDBC__03,True,WDBC,mean area,Interval plot,five,256,0.6015597292268802,4,0.37736094870931525,0.6822305133341229,62.439132412671825,59.44488535153452,72.60261015364715
WDBC__03,True,WDBC,mean area,Dot plot,raw,256,0.023565259314381033,4,0.014857208974185448,0.029951529769122413,97.69772771203998,97.09194763992083,98.53602961650112
WDBC__03,True,WDBC,mean area,Histogram,64,256,0.04502076284261957,4,0.0273550572184315,0.08492820090486913,95.69187862639627,92.1719980332306,97.33733172127506
WDBC__03,True,WDBC,mean area,Heatmap,64,256,0.02747278443703836,4,0.02747278443703836,0.02747278443703836,97.32617886788204,97.32617886788204,97.32617886788204
WDBC__03,True,WDBC,mean area,Violin plot,256,256,0.07636506334720557,4,0.07591545997222338,0.07691948815158414,92.90528223670408,92.857452298165,92.94410548072399
WDBC__03,True,WDBC,mean area,Bar chart,means,512,0.6628026347437381,4,0.6614339339087598,0.6669087372486733,60.13942840270484,59.991286724584356,60.188971682271934
WDBC__03,True,WDBC,mean area,Box plot,five,512,0.6066584272133764,4,0.48663232647111493,0.6842593412147572,62.240983090252854,59.3732791340055,67.26612775693802
WDBC__03,True,WDBC,mean area,Interval plot,five,512,0.6022413517709704,4,0.4708415324695955,0.6827255000111493,62.4125696727707,59.427399180280695,67.98828955563718
WDBC__03,True,WDBC,mean area,Dot plot,raw,512,0.015181431736059204,4,0.008864257195836596,0.02114665709588091,98.50455975045786,97.92912634547308,99.1213627470087
WDBC__03,True,WDBC,mean area,Histogram,64,512,0.04521277616419986,4,0.03076250256701261,0.07090547427444016,95.67429932017048,93.37892316569956,97.0155586286461
WDBC__03,True,WDBC,mean area,Heatmap,64,512,0.027375199805552867,4,0.027375199805552867,0.027375199805552867,97.33542333796512,97.33542333796512,97.33542333796512
WDBC__03,True,WDBC,mean area,Violin plot,256,512,0.07797454395992529,4,0.0778081253365808,0.07808954754142393,92.76656908116894,92.75667334689345,92.78089267398289
WDBC__04,True,WDBC,mean smoothness,Bar chart,means,128,0.06717799875663308,4,0.06629832256298271,0.0698170273375842,93.70508023638962,93.47392819954125,93.78238517682122
WDBC__04,True,WDBC,mean smoothness,Box plot,five,128,0.4689155863011114,4,0.37661346797366146,0.5116938520290478,68.07743135996728,66.15096030573686,72.64203229625332
WDBC__04,True,WDBC,mean smoothness,Interval plot,five,128,0.45844351841388126,4,0.37661346797366146,0.5116938520290478,68.56624801538712,66.15096030573686,72.64203229625332
WDBC__04,True,WDBC,mean smoothness,Dot plot,means,128,0.049626820261828325,4,0.044525156267972245,0.05495266715580219,95.2719557747725,94.79098267944504,95.73728253448121
WDBC__04,True,WDBC,mean smoothness,Histogram,64,128,0.03833976332707386,4,0.02881526842398185,0.05341830523571075,96.30758980044983,94.92905097906402,97.19917955065702
WDBC__04,True,WDBC,mean smoothness,Heatmap,16,128,0.03262049489037787,4,0.03262049489037787,0.03262049489037787,96.84099869683094,96.84099869683094,96.84099869683094
WDBC__04,True,WDBC,mean smoothness,Violin plot,32,128,0.023470260661423267,4,0.02109588899314852,0.02623641005891301,97.70679602881128,97.44343410526558,97.93399530636147
WDBC__04,True,WDBC,mean smoothness,Bar chart,means,256,0.04341467798990706,4,0.04341467798990695,0.04341467798990716,95.83917315850456,95.83917315850456,95.8391731585046
WDBC__04,True,WDBC,mean smoothness,Box plot,five,256,0.45984974971136755,4,0.42241505450125577,0.5012925193454432,68.50020011975299,66.6092708192535,70.30296795829625
WDBC__04,True,WDBC,mean smoothness,Interval plot,five,256,0.45936303134889256,4,0.4224433941207047,0.5015415821967676,68.52304591241412,66.59822224416801,70.30156729844131
WDBC__04,True,WDBC,mean smoothness,Dot plot,raw,256,0.01923464044672732,4,0.013662186592695384,0.029546936168659818,98.11283489753676,97.13010304526617,98.65219530003193
WDBC__04,True,WDBC,mean smoothness,Histogram,64,256,0.02517180229645149,4,0.017256071948050535,0.030896508309111524,97.54462596024734,97.00294762276494,98.30366488597063
WDBC__04,True,WDBC,mean smoothness,Heatmap,64,256,0.02667396528915007,4,0.02667396528915007,0.02667396528915007,97.40190496779202,97.40190496779202,97.40190496779202
WDBC__04,True,WDBC,mean smoothness,Violin plot,32,256,0.020273180617234404,4,0.01990544756922062,0.020612724268671005,98.01296544862917,97.98035789888458,98.0483046132696
WDBC__04,True,WDBC,mean smoothness,Bar chart,means,512,0.04339143377678293,4,0.043391433776782826,0.043391433776783034,95.84130822123792,95.8413082212379,95.84130822123792
WDBC__04,True,WDBC,mean smoothness,Box plot,five,512,0.4594106125209877,4,0.41504852308779194,0.4967906583038586,68.52081185517753,66.80960991119396,70.66895471668278
WDBC__04,True,WDBC,mean smoothness,Interval plot,five,512,0.4549474420054455,4,0.4150553144899148,0.4919585037462111,68.73100506102386,67.02599284692334,70.66861554881832
WDBC__04,True,WDBC,mean smoothness,Dot plot,raw,512,0.023315264449055954,4,0.01655960164416823,0.027984758299721427,97.7215951663138,97.2777068848756,98.37101517536355
WDBC__04,True,WDBC,mean smoothness,Histogram,64,512,0.0171122240499901,4,0.015563428961450035,0.02024246912103368,98.31756775256797,98.01591585003581,98.46750793523888
WDBC__04,True,WDBC,mean smoothness,Heatmap,16,512,0.03262049489037787,4,0.03262049489037787,0.03262049489037787,96.84099869683094,96.84099869683094,96.84099869683094
WDBC__04,True,WDBC,mean smoothness,Violin plot,64,512,0.018613768345887696,4,0.018333990486925383,0.018940778187605846,98.17263727191569,98.14113061396013,98.1996092973231
WDBC__05,True,WDBC,mean compactness,Bar chart,means,128,0.38302173293670344,4,0.3729567273212182,0.3930867385521888,72.30544366621076,71.78303922692444,72.83550749273098
WDBC__05,True,WDBC,mean compactness,Box plot,five,128,0.40516916555672655,4,0.16072400531960077,0.524742120059123,71.16580868067946,65.58486099677133,86.15312472362058
WDBC__05,True,WDBC,mean compactness,Interval plot,five,128,0.39807590986923147,4,0.16082365884054603,0.5121061028214824,71.52687439507734,66.13292533732066,86.14572871462838
WDBC__05,True,WDBC,mean compactness,Dot plot,raw,128,0.06270981182562738,4,0.04912824228415095,0.07869508085233483,94.09906532076727,92.70460371524513,95.31723193561261
WDBC__05,True,WDBC,mean compactness,Histogram,16,128,0.05479737162091182,4,0.04743796158709782,0.06463016952616947,94.80493855073753,93.92933138885833,95.47104808811598
WDBC__05,True,WDBC,mean compactness,Heatmap,64,128,0.0553152528527753,4,0.0553152528527753,0.0553152528527753,94.75841435028588,94.75841435028588,94.75841435028588
WDBC__05,True,WDBC,mean compactness,Violin plot,16,128,0.06640266390946079,4,0.06463926632057376,0.06924890722781411,93.77320911164767,93.5235933598144,93.92852881108087
WDBC__05,True,WDBC,mean compactness,Bar chart,means,256,0.37952635441751814,4,0.37952635441751814,0.37952635441751814,72.48864777376676,72.48864777376676,72.48864777376676
WDBC__05,True,WDBC,mean compactness,Box plot,five,256,0.4036816068343949,4,0.07011879147758024,0.5184530383400331,71.24122700839658,65.85649834078478,93.44756936930686
WDBC__05,True,WDBC,mean compactness,Interval plot,five,256,0.4032311763776573,4,0.0695548974080889,0.5184988671866702,71.26409509952806,65.85451076777585,93.49683708833973
WDBC__05,True,WDBC,mean compactness,Dot plot,raw,256,0.022096199442784754,4,0.017225197468529442,0.03220303987802651,97.8381487520616,96.88016420860069,98.30664856598165
WDBC__05,True,WDBC,mean compactness,Histogram,32,256,0.05347560270533012,4,0.04459553271416484,0.0631313225607294,94.92388788425622,94.06175688543658,95.73083252631832
WDBC__05,True,WDBC,mean compactness,Heatmap,32,256,0.039765167452949175,4,0.039765167452949175,0.039765167452949175,96.17556264648108,96.17556264648108,96.17556264648108
WDBC__05,True,WDBC,mean compactness,Violin plot,16,256,0.07111620333667912,4,0.06925198127359729,0.07382038738494652,93.36055200032061,93.12544367268721,93.52332448417721
WDBC__05,True,WDBC,mean compactness,Bar chart,means,512,0.37908723074155937,4,0.3779587301119443,0.38247273263040443,72.5117293314566,72.33415722401404,72.57111393450519
WDBC__05,True,WDBC,mean compactness,Box plot,five,512,0.4089309796385669,4,0.16661982645639142,0.5276140481497121,70.97579756934083,65.46156087077279,85.71772717402727
WDBC__05,True,WDBC,mean compactness,Interval plot,five,512,0.4072190640656787,4,0.16760113135170873,0.5215738385385198,71.06214132082901,65.72142440096799,85.64568611220167
WDBC__05,True,WDBC,mean compactness,Dot plot,raw,512,0.01590600842857017,4,0.0105764249450843,0.022325150113470225,98.43430314452279,97.81623780741457,98.9534265114428
WDBC__05,True,WDBC,mean compactness,Histogram,64,512,0.04614893955769769,4,0.040302083765251295,0.05323601370947522,95.58868361734334,94.94548106820056,96.12592492178977
WDBC__05,True,WDBC,mean compactness,Heatmap,64,512,0.0384700873373419,4,0.0384700873373419,0.0384700873373419,96.29550356756256,96.29550356756256,96.29550356756256
WDBC__05,True,WDBC,mean compactness,Violin plot,16,512,0.06704954018806858,4,0.06670504550633474,0.06754335103910279,93.71636108139356,93.67301093924112,93.74662698115657
WDBC__06,True,WDBC,mean concavity,Bar chart,means,128,0.4907396510259061,4,0.4863176954613866,0.5040055177194643,67.08079437692652,66.48911777373716,67.28036698032969
WDBC__06,True,WDBC,mean concavity,Box plot,five,128,0.4962500235098624,4,0.4068602090878881,0.538633047963564,66.83374999415054,64.9927545312728,71.0802675020805
WDBC__06,True,WDBC,mean concavity,Interval plot,five,128,0.48793682657170423,4,0.4068602090878881,0.5268434244090299,67.2071543725455,65.49460042944833,71.0802675020805
WDBC__06,True,WDBC,mean concavity,Dot plot,raw,128,0.09123791056715358,4,0.06221297237147036,0.11996755966217659,91.63904500717591,89.28830048449232,94.14307921390046
WDBC__06,True,WDBC,mean concavity,Histogram,16,128,0.04331111967084757,4,0.03443082102280194,0.05023629392618702,95.84868608660936,95.21666750456846,96.67152019032474
WDBC__06,True,WDBC,mean concavity,Heatmap,32,128,0.01388012238724479,4,0.01388012238724479,0.01388012238724479,98.63098979053231,98.63098979053231,98.63098979053231
WDBC__06,True,WDBC,mean concavity,Violin plot,64,128,0.07892539473787659,4,0.07712328106437975,0.08102383566679756,92.68481443454658,92.50489832013552,92.83988356577262
WDBC__06,True,WDBC,mean concavity,Bar chart,means,256,0.48983335686960144,4,0.48690047277460197,0.4927662409646009,67.12160090851863,66.9897250190905,67.25399704352567
WDBC__06,True,WDBC,mean concavity,Box plot,five,256,0.500278971524161,4,0.4043528493837809,0.544071742392656,66.65427023775996,64.76383010872438,71.20717563529651
WDBC__06,True,WDBC,mean concavity,Interval plot,five,256,0.4946166237794897,4,0.4037729250635622,0.5323970224207585,66.90678961346387,65.25723982550421,71.23659262446029
WDBC__06,True,WDBC,mean concavity,Dot plot,raw,256,0.02399794110639726,4,0.007274970336252996,0.04218689709789513,97.6564463517897,95.95207949597427,99.2777572608774
WDBC__06,True,WDBC,mean concavity,Histogram,32,256,0.027915847116940277,4,0.023796363127046864,0.03312744856940082,97.2842283543699,96.79347900249158,97.67567418833526
WDBC__06,True,WDBC,mean concavity,Heatmap,32,256,0.02204422645611566,4,0.02204422645611566,0.02204422645611566,97.84312401699555,97.84312401699555,97.84312401699555
WDBC__06,True,WDBC,mean concavity,Violin plot,32,256,0.07742557679548565,4,0.0768236721375147,0.0779471461703738,92.81383526964643,92.76892689522887,92.86571477528737
WDBC__06,True,WDBC,mean concavity,Bar chart,means,512,0.48772559563211665,4,0.48772559563211665,0.48772559563211665,67.21669660964004,67.21669660964004,67.21669660964004
WDBC__06,True,WDBC,mean concavity,Box plot,five,512,0.5014406940778693,4,0.4374491624462742,0.5395224024678081,66.60269725899256,64.95520938162575,69.56767766994861
WDBC__06,True,WDBC,mean concavity,Interval plot,five,512,0.4984091865095267,4,0.4384191417010761,0.5316036631411081,66.73744455140806,65.2910425892517,69.52076561059934
WDBC__06,True,WDBC,mean concavity,Dot plot,raw,512,0.021219356121603382,4,0.019172766977480438,0.022720079892394943,97.92215492250456,97.77846545314868,98.11879127870142
WDBC__06,True,WDBC,mean concavity,Histogram,64,512,0.02275364581282567,4,0.01685117420149364,0.030296916036501597,97.77525644557909,97.05939952212492,98.34280820743248
WDBC__06,True,WDBC,mean concavity,Heatmap,32,512,0.02204422645611566,4,0.02204422645611566,0.02204422645611566,97.84312401699555,97.84312401699555,97.84312401699555
WDBC__06,True,WDBC,mean concavity,Violin plot,32,512,0.07585843753666272,4,0.07571524584759133,0.07601802757636571,92.94903168577162,92.93524591334315,92.96140441070602
WDBC__07,True,WDBC,mean concave points,Bar chart,means,128,0.5428436568470383,4,0.5416161711974012,0.5465261137959493,64.81538136168665,64.66104846723212,64.866989506427
WDBC__07,True,WDBC,mean concave points,Box plot,five,128,0.4205250009306628,4,0.23708723157343572,0.5241335633947308,70.39650828706611,65.61104774654274,80.83504335649091
WDBC__07,True,WDBC,mean concave points,Interval plot,five,128,0.403635425944032,4,0.23115464170959849,0.49209570517346324,71.24357090997742,67.0198296619147,81.2245648208243
WDBC__07,True,WDBC,mean concave points,Dot plot,raw,128,0.08953985015080886,4,0.0559792328657028,0.11082473692068362,91.7818655152067,90.02320228950781,94.69883202969939
WDBC__07,True,WDBC,mean concave points,Histogram,16,128,0.09304110988553707,4,0.07461593521027762,0.11116631389684775,91.48786728659452,89.99552879649593,93.05650207060471
WDBC__07,True,WDBC,mean concave points,Heatmap,32,128,0.062160027270832786,4,0.062160027270832786,0.062160027270832786,94.1477719293815,94.1477719293815,94.1477719293815
WDBC__07,True,WDBC,mean concave points,Violin plot,64,128,0.0971068182993617,4,0.0943527739303958,0.09989467369041805,91.14882738128561,90.91779639633613,91.37821220194606
WDBC__07,True,WDBC,mean concave points,Bar chart,means,256,0.5382456990696334,4,0.5347894796813366,0.5417019184579304,65.0091204938732,64.86338169704287,65.15551567421656
WDBC__07,True,WDBC,mean concave points,Box plot,five,256,0.4167124164423463,4,0.17916867971015626,0.49895893625093884,70.58595579413385,66.7129683019276,84.80550893242885
WDBC__07,True,WDBC,mean concave points,Interval plot,five,256,0.41490944932039653,4,0.17914403820895328,0.49437334565474655,70.67590088399761,66.9176817766285,84.80728117990894
WDBC__07,True,WDBC,mean concave points,Dot plot,raw,256,0.0413138007791708,4,0.019742550088282164,0.08485791984710875,96.03253114015607,92.17796927185931,98.06396721539441
WDBC__07,True,WDBC,mean concave points,Histogram,64,256,0.05239485425244783,4,0.028877025418528997,0.09255527612184007,95.02136920940517,91.52854980020999,97.19334529733693
WDBC__07,True,WDBC,mean concave points,Heatmap,64,256,0.031771783764690795,4,0.031771783764690795,0.031771783764690795,96.92065781749109,96.92065781749109,96.92065781749109
WDBC__07,True,WDBC,mean concave points,Violin plot,32,256,0.08661129292175011,4,0.08586745178923062,0.08760637140754968,92.02922945068386,91.94502958876822,92.09227133129895
WDBC__07,True,WDBC,mean concave points,Bar chart,means,512,0.5370992113335435,4,0.5346600827243897,0.5395383399426974,65.05760933495168,64.95453695795719,65.16100935034162
WDBC__07,True,WDBC,mean concave points,Box plot,five,512,0.42226941294517006,4,0.2498883262161216,0.5044080575578285,70.31016703995947,66.47132704296624,80.00714776074221
WDBC__07,True,WDBC,mean concave points,Interval plot,five,512,0.4213821664384511,4,0.2498942898557529,0.5030353832879382,70.35405562359728,66.53203318557065,80.00676602142148
WDBC__07,True,WDBC,mean concave points,Dot plot,raw,512,0.035505598849360984,4,0.012451721199645714,0.05181776123385782,96.5711823394471,95.07350387646318,98.7701417322999
WDBC__07,True,WDBC,mean concave points,Histogram,64,512,0.057557001439316524,4,0.04166868249208463,0.08751055002039765,94.55755090638307,91.9531309357177,95.999814221889
WDBC__07,True,WDBC,mean concave points,Heatmap,64,512,0.0625259430707629,4,0.0625259430707629,0.0625259430707629,94.115349043614,94.115349043614,94.115349043614
WDBC__07,True,WDBC,mean concave points,Violin plot,32,512,0.08307876826597102,4,0.08290310412576851,0.0832914529600169,92.32938815715299,92.31126095083378,92.34436545523651
WDBC__08,True,WDBC,mean symmetry,Bar chart,means,128,0.12279115781092487,4,0.10557774486154226,0.14000457076030748,89.06375803223037,87.71894654186046,90.45044590014207
WDBC__08,True,WDBC,mean symmetry,Box plot,five,128,0.4617001482438493,4,0.20396049800685642,0.594055160028528,68.41348420203992,62.73308634954034,83.05920349176648
WDBC__08,True,WDBC,mean symmetry,Interval plot,five,128,0.45443125776405074,4,0.20396049800685642,0.579251354036956,68.75539800604504,63.321142479552314,83.05920349176648
WDBC__08,True,WDBC,mean symmetry,Dot plot,raw,128,0.05604807090761216,4,0.04060769653647122,0.06430402530242017,94.69265912682914,93.95811499593378,96.09769400402969
WDBC__08,True,WDBC,mean symmetry,Histogram,32,128,0.04041664846409654,4,0.024971515006698343,0.05597373823356325,96.11534008766957,94.69932478366401,97.56368692777427
WDBC__08,True,WDBC,mean symmetry,Heatmap,32,128,0.055703273484276165,4,0.055703273484276165,0.055703273484276165,94.72358617394153,94.72358617394153,94.72358617394153
WDBC__08,True,WDBC,mean symmetry,Violin plot,16,128,0.03353550924990365,4,0.03270058014524642,0.03424614933637276,96.75526298324841,96.68878154795675,96.83348874069121
WDBC__08,True,WDBC,mean symmetry,Bar chart,means,256,0.1089183910967841,4,0.10615659732417945,0.11720377241459805,90.17796151896646,89.50918576283654,90.40311312331592
WDBC__08,True,WDBC,mean symmetry,Box plot,five,256,0.468337573524861,4,0.20905774460557477,0.6001007997781931,68.10423011919667,62.49606275671012,82.70903556605771
WDBC__08,True,WDBC,mean symmetry,Interval plot,five,256,0.4680926396325995,4,0.2108147488396394,0.6001277428064005,68.11559250445238,62.49501044498733,82.58901710260223
WDBC__08,True,WDBC,mean symmetry,Dot plot,raw,256,0.015296159394195525,4,0.01262814434522758,0.020333489327171272,98.49342881358652,98.00717220988409,98.75293369873765
WDBC__08,True,WDBC,mean symmetry,Histogram,64,256,0.04230596525951142,4,0.02396206677568119,0.05888507944640457,95.94111837890344,94.4389546524548,97.65986772819285
WDBC__08,True,WDBC,mean symmetry,Heatmap,64,256,0.03468957475195196,4,0.03468957475195196,0.03468957475195196,96.64734471106775,96.64734471106775,96.64734471106775
WDBC__08,True,WDBC,mean symmetry,Violin plot,32,256,0.03405318688162454,4,0.033759486938420624,0.03441666318863524,96.70682443479352,96.67284331223509,96.7342996736695
WDBC__08,True,WDBC,mean symmetry,Bar chart,means,512,0.1078917849267654,4,0.1065583127820126,0.111892201361023,90.26152315644282,89.93677613494724,90.3702939509701
WDBC__08,True,WDBC,mean symmetry,Box plot,five,512,0.4714811755361784,4,0.20641776384268756,0.5996697969616694,67.95873549898592,62.51290121869829,82.89002615601375
WDBC__08,True,WDBC,mean symmetry,Interval plot,five,512,0.46971807213209366,4,0.20607642219024103,0.598905720624395,68.04026016699365,62.54277454267197,82.91348554712602
WDBC__08,True,WDBC,mean symmetry,Dot plot,raw,512,0.01902656599738873,4,0.01334182505630869,0.02355470613985022,98.13286850095353,97.6987350066825,98.68338356057026
WDBC__08,True,WDBC,mean symmetry,Histogram,64,512,0.03563991449813439,4,0.028310681985380767,0.04079675502704534,96.55865769567164,96.0802380647329,97.24687465749936
WDBC__08,True,WDBC,mean symmetry,Heatmap,64,512,0.03620217359965349,4,0.03620217359965349,0.03620217359965349,96.50626349548264,96.50626349548264,96.50626349548264
WDBC__08,True,WDBC,mean symmetry,Violin plot,64,512,0.03430614337462694,4,0.03411935896487307,0.03463106280538504,96.68317319834372,96.65281045095597,96.70063627867621
WDBC__09,True,WDBC,mean fractal dimension,Bar chart,means,128,0.22387477356146013,4,0.22387477356146013,0.22387477356146013,81.70770585376252,81.70770585376252,81.70770585376252
WDBC__09,True,WDBC,mean fractal dimension,Box plot,five,128,0.43897133168560176,4,0.1858205688813983,0.5587697312533323,69.49408775424362,64.1531574516749,84.32979037826225
WDBC__09,True,WDBC,mean fractal dimension,Interval plot,five,128,0.410302337952675,4,0.12570042263554546,0.5589058348808801,70.90678169417859,64.14755642225256,88.83358128788392
WDBC__09,True,WDBC,mean fractal dimension,Dot plot,raw,128,0.08671630830954136,4,0.06691217801377597,0.0998263621453161,92.02033615889741,90.9234434105948,93.72842681968974
WDBC__09,True,WDBC,mean fractal dimension,Histogram,64,128,0.04059855973523715,4,0.02533606168991032,0.06595355099716373,96.0985377737245,93.81271811182894,97.52899925823806
WDBC__09,True,WDBC,mean fractal dimension,Heatmap,32,128,0.03711447055539235,4,0.03711447055539235,0.03711447055539235,96.42137183415088,96.42137183415088,96.42137183415088
WDBC__09,True,WDBC,mean fractal dimension,Violin plot,128,128,0.03631814529112597,4,0.03366003606630171,0.03963820650383879,96.4954637283782,96.18730763684256,96.74360670899124
WDBC__09,True,WDBC,mean fractal dimension,Bar chart,means,256,0.22387477356146013,4,0.22387477356146013,0.22387477356146013,81.70770585376252,81.70770585376252,81.70770585376252
WDBC__09,True,WDBC,mean fractal dimension,Box plot,five,256,0.4453883822159874,4,0.04205855424849077,0.5978249318889883,69.18555678902419,62.585079256322224,95.96389722275995
WDBC__09,True,WDBC,mean fractal dimension,Interval plot,five,256,0.4382621982663226,4,0.04202741262022543,0.5799799155606901,69.52835172928812,63.29194378683784,95.96676516267979
WDBC__09,True,WDBC,mean fractal dimension,Dot plot,raw,256,0.01635336973704886,4,0.01374738691060333,0.01759686770498035,98.39097599083281,98.27074274072137,98.64390408418231
WDBC__09,True,WDBC,mean fractal dimension,Histogram,32,256,0.03940823971423886,4,0.03166385152044216,0.04575898987550836,96.20858886734695,95.62432737193531,96.93079761651272
WDBC__09,True,WDBC,mean fractal dimension,Heatmap,64,256,0.02825020680026465,4,0.02825020680026465,0.02825020680026465,97.25259410468058,97.25259410468058,97.25259410468058
WDBC__09,True,WDBC,mean fractal dimension,Violin plot,128,256,0.039099628167885085,4,0.03841051985143088,0.03960973720257185,96.23716272165119,96.1899416881997,96.30102747255233
WDBC__09,True,WDBC,mean fractal dimension,Bar chart,means,512,0.22849858498096104,4,0.22387477356146013,0.23003985545412803,81.40017515897242,81.29817871883526,81.70770585376252
WDBC__09,True,WDBC,mean fractal dimension,Box plot,five,512,0.4489957082206728,4,0.152691018280597,0.5906568010449361,69.01331690126072,62.86711246216524,86.75351712999748
WDBC__09,True,WDBC,mean fractal dimension,Interval plot,five,512,0.44430734876045874,4,0.15135831986146892,0.5782602724030071,69.23734071271086,63.360905516390716,86.85393441377309
WDBC__09,True,WDBC,mean fractal dimension,Dot plot,raw,512,0.01595453140422766,4,0.010426899021211352,0.022055067091514464,98.42960182655263,97.84208622395688,98.96806992853102
WDBC__09,True,WDBC,mean fractal dimension,Histogram,32,512,0.03087995526902411,4,0.028858605985223086,0.03390539977624559,97.00450521797511,96.72064777071643,97.19508532879613
WDBC__09,True,WDBC,mean fractal dimension,Heatmap,64,512,0.026767110627303997,4,0.026767110627303997,0.026767110627303997,97.39306894910662,97.39306894910662,97.39306894910662
WDBC__09,True,WDBC,mean fractal dimension,Violin plot,256,512,0.039500272258628996,4,0.03924422401989556,0.039699626519107294,96.20007100404094,96.18162539386296,96.22377270781499
WDBC__10,True,WDBC,radius error,Bar chart,means,128,0.6560403510890903,4,0.6560403510890903,0.6560403510890903,60.385002052779264,60.385002052779264,60.385002052779264
WDBC__10,True,WDBC,radius error,Box plot,five,128,0.9224740345230791,4,0.7217877428002595,0.999063296434901,52.01630721884245,50.02342856193622,58.079168247163416
WDBC__10,True,WDBC,radius error,Interval plot,five,128,0.9110194545769909,4,0.7353461142120946,0.988951711442567,52.32809104088125,50.277741498043206,57.6253919497802
WDBC__10,True,WDBC,radius error,Dot plot,raw,128,0.10250579814318517,4,0.05518566107885175,0.1386140493218712,90.70247083363887,87.82607246024882,94.77005202833894
WDBC__10,True,WDBC,radius error,Histogram,32,128,0.09426832602764565,4,0.07099156649922765,0.14182914947749503,91.38526412714025,87.57877660222665,93.37141685146231
WDBC__10,True,WDBC,radius error,Heatmap,32,128,0.04993779236980425,4,0.04993779236980425,0.04993779236980425,95.24373798783924,95.24373798783924,95.24373798783924
WDBC__10,True,WDBC,radius error,Violin plot,32,128,0.06929364928376527,4,0.06785571506110587,0.07139946876851362,93.51968008692658,93.33586856725051,93.64561016024314
WDBC__10,True,WDBC,radius error,Bar chart,means,256,0.6522199691175287,4,0.6488274699267819,0.6623974666897692,60.52462860221406,60.154085893263485,60.649159371684064
WDBC__10,True,WDBC,radius error,Box plot,five,256,0.918071663967451,4,0.7230992028112452,0.9862723500175535,52.13569538541338,50.34556313443937,58.034963881852825
WDBC__10,True,WDBC,radius error,Interval plot,five,256,0.9117102897946001,4,0.704252417291119,0.9844077044560752,52.30918122575168,50.39287026322543,58.67675409194863
WDBC__10,True,WDBC,radius error,Dot plot,raw,256,0.031396754884212716,4,0.01367184131180599,0.0442798220885374,96.95589939220457,95.75977423369353,98.65125568703644
WDBC__10,True,WDBC,radius error,Histogram,64,256,0.0342783492406225,4,0.026469880955286428,0.05178913430562847,96.6857713626327,95.07609152667101,97.42127056561542
WDBC__10,True,WDBC,radius error,Heatmap,64,256,0.020605737082595665,4,0.020605737082595665,0.020605737082595665,97.98102868385816,97.98102868385816,97.98102868385816
WDBC__10,True,WDBC,radius error,Violin plot,32,256,0.07679342606090321,4,0.07638008163709889,0.07763289669720991,92.86832328259779,92.79597932327941,92.90398596739823
WDBC__10,True,WDBC,radius error,Bar chart,means,512,0.6488685911290939,4,0.6455926020115645,0.6521445802466231,60.64764683977825,60.52739039647036,60.76838208786335
WDBC__10,True,WDBC,radius error,Box plot,five,512,0.9251548783204699,4,0.7279046068552432,0.9982987371646304,51.943872737782684,50.04256778037561,57.87356524385817
WDBC__10,True,WDBC,radius error,Interval plot,five,512,0.9232419179828357,4,0.726068980338979,0.997206578119152,51.995538920492926,50.06993322351959,57.935112176317084
WDBC__10,True,WDBC,radius error,Dot plot,raw,512,0.02057279341058568,4,0.011614765161279739,0.035786719706797795,97.98419147135651,96.54497214282415,98.85185887342917
WDBC__10,True,WDBC,radius error,Histogram,64,512,0.02982580432809142,4,0.020375234892628786,0.042932679349105,97.10380103093733,95.88346590348485,98.00316254296658
WDBC__10,True,WDBC,radius error,Heatmap,64,512,0.023699774598665128,4,0.023699774598665128,0.023699774598665128,97.68489012240366,97.68489012240366,97.68489012240366
WDBC__10,True,WDBC,radius error,Violin plot,32,512,0.07702761258845767,4,0.07682066688854565,0.07723425370532773,92.84813019757826,92.83031954844849,92.86597394991335
WDBC__11,True,WDBC,texture error,Bar chart,means,128,0.12275871059929755,4,0.12275871059929755,0.12275871059929755,89.06633193397606,89.06633193397606,89.06633193397606
WDBC__11,True,WDBC,texture error,Box plot,five,128,0.498869098280533,4,0.38446126397924046,0.5577755879262646,66.71696688838112,64.19409880027814,72.23026212562887
WDBC__11,True,WDBC,texture error,Interval plot,five,128,0.49832016554683845,4,0.4041717773430588,0.5536299890344545,66.7414096796216,64.36538989708077,71.21635800800503
WDBC__11,True,WDBC,texture error,Dot plot,raw,128,0.050459600214002295,4,0.03935872076306475,0.060514165427894416,95.19642638291634,94.29388428739391,96.21317260568432
WDBC__11,True,WDBC,texture error,Histogram,64,128,0.04489169076952194,4,0.037990532064470006,0.04891721089608822,95.70369913302105,95.33640878537035,96.33999242855229
WDBC__11,True,WDBC,texture error,Heatmap,32,128,0.06437898721714828,4,0.06437898721714828,0.06437898721714828,93.95149772869256,93.95149772869256,93.95149772869256
WDBC__11,True,WDBC,texture error,Violin plot,32,128,0.03216081465606467,4,0.03103859167143474,0.03368169204222979,96.88412753134973,96.74157989819038,96.98958002909305
WDBC__11,True,WDBC,texture error,Bar chart,means,256,0.12402830509643772,4,0.12275871059929755,0.12783708858785822,88.96573115338083,88.66528775464191,89.06633193397606
WDBC__11,True,WDBC,texture error,Box plot,five,256,0.5101109153473666,4,0.3770351124198968,0.5921803108701655,66.22030142534085,62.806956798346256,72.61978950142209
WDBC__11,True,WDBC,texture error,Interval plot,five,256,0.5056040903971126,4,0.376488470614251,0.5922247375893522,66.41852306181259,62.805204340312685,72.64862883695314
WDBC__11,True,WDBC,texture error,Dot plot,raw,256,0.021780631760844375,4,0.016220195386789066,0.02482090136739972,97.86836517704297,97.57802545456659,98.40387000175534
WDBC__11,True,WDBC,texture error,Histogram,64,256,0.04220089799992673,4,0.0262658867388998,0.07167556729395265,95.95079047802456,93.31182220800854,97.44063530920205
WDBC__11,True,WDBC,texture error,Heatmap,64,256,0.03856827291113469,4,0.03856827291113469,0.03856827291113469,96.28639985284484,96.28639985284484,96.28639985284484
WDBC__11,True,WDBC,texture error,Violin plot,64,256,0.036239359999879095,4,0.03554509617077826,0.037499003423390104,96.50280027966865,96.38563475245216,96.56749896240963
WDBC__11,True,WDBC,texture error,Bar chart,means,512,0.12295432284326674,4,0.12275871059929755,0.12314993508723593,89.0508170864909,89.03530764326041,89.06633193397606
WDBC__11,True,WDBC,texture error,Box plot,five,512,0.5069977157397616,4,0.37413854359942,0.5813473890635162,66.35710124544653,63.23721194444228,72.7728659281035
WDBC__11,True,WDBC,texture error,Interval plot,five,512,0.5055066432522274,4,0.3747039506220061,0.580116071967305,66.42282214310119,63.28649000797529,72.74293490955158
WDBC__11,True,WDBC,texture error,Dot plot,raw,512,0.029156598667486638,4,0.016196068870404243,0.038559006298747193,97.16694245509017,96.28725897470525,98.4062063054025
WDBC__11,True,WDBC,texture error,Histogram,64,512,0.034435822749782984,4,0.02867436309857159,0.047926921277561485,96.67105276205109,95.42650157139467,97.21249365910134
WDBC__11,True,WDBC,texture error,Heatmap,64,512,0.0383623792745706,4,0.0383623792745706,0.0383623792745706,96.30549218266442,96.30549218266442,96.30549218266442
WDBC__11,True,WDBC,texture error,Violin plot,32,512,0.03883265788150418,4,0.0386069776930623,0.03911010546902246,96.26189477324522,96.23619236660495,96.28281163883422
WDBC__12,True,WDBC,perimeter error,Bar chart,means,128,0.6528777025343215,4,0.6453081525237037,0.6755863525661754,60.50054389787712,59.68060067262371,60.77888804392788
WDBC__12,True,WDBC,perimeter error,Box plot,five,128,0.9847364871203865,4,0.841040736436448,1.0607813631313943,50.38452240331811,48.52528355945931,54.317103375757895
WDBC__12,True,WDBC,perimeter error,Interval plot,five,128,0.9629859619909038,4,0.8652570967724695,1.020202494381118,50.9427993558231,49.49998838142938,53.611912359445824
WDBC__12,True,WDBC,perimeter error,Dot plot,raw,128,0.07938401300763154,4,0.045369633750507156,0.09874115757765026,92.64543368708665,91.01324666900247,95.65994340320246
WDBC__12,True,WDBC,perimeter error,Histogram,32,128,0.07659389898442583,4,0.050663793401024546,0.1053668649427336,92.88553473536507,90.46770187487098,95.1779252583717
WDBC__12,True,WDBC,perimeter error,Heatmap,32,128,0.023421001034698644,4,0.023421001034698644,0.023421001034698644,97.7114988835465,97.7114988835465,97.7114988835465
WDBC__12,True,WDBC,perimeter error,Violin plot,32,128,0.04524766574715352,4,0.0425955642952678,0.04821641041954964,95.67110578383259,95.40014734168767,95.91446906605057
WDBC__12,True,WDBC,perimeter error,Bar chart,means,256,0.6540495575568859,4,0.6540495575568859,0.654049557556886,60.457680692291355,60.45768069229135,60.457680692291355
WDBC__12,True,WDBC,perimeter error,Box plot,five,256,1.0082208632809408,4,0.8814456952539221,1.0808713138417254,49.79531974218439,48.05679204418413,53.15061723665847
WDBC__12,True,WDBC,perimeter error,Interval plot,five,256,0.9973994216026325,4,0.8650851511656644,1.055803806402524,50.065099107600645,48.64277402763993,53.616854939572455
WDBC__12,True,WDBC,perimeter error,Dot plot,raw,256,0.03394212173604549,4,0.018559643233545454,0.06698672286811304,96.71721259609245,93.72187849835193,98.17785405529855
WDBC__12,True,WDBC,perimeter error,Histogram,64,256,0.03292863840614805,4,0.019354697370403656,0.06879791092143446,96.81210906718994,93.56305713003104,98.1012794250782
WDBC__12,True,WDBC,perimeter error,Heatmap,64,256,0.014349101925492597,4,0.014349101925492597,0.014349101925492597,98.5853882161226,98.5853882161226,98.5853882161226
WDBC__12,True,WDBC,perimeter error,Violin plot,32,256,0.05780969280317975,4,0.05668617584405537,0.05890552187380842,94.53496283911099,94.43713148557664,94.63547672526559
WDBC__12,True,WDBC,perimeter error,Bar chart,means,512,0.6494828740447112,4,0.6443906313102955,0.6511802882895164,60.625061086441676,60.56273849029022,60.81280086126327
WDBC__12,True,WDBC,perimeter error,Box plot,five,512,1.007945604974923,4,0.8325061824538665,1.0693187902450678,49.80214591084448,48.32508189236376,54.57007510124321
WDBC__12,True,WDBC,perimeter error,Interval plot,five,512,1.006955556170142,4,0.833152326336589,1.0693187902450678,49.826713746879996,48.32508189236376,54.5508404093413
WDBC__12,True,WDBC,perimeter error,Dot plot,raw,512,0.013976980798683472,4,0.009246184426266874,0.019558360512465164,98.62156823445103,98.08168308260113,99.08385242679684
WDBC__12,True,WDBC,perimeter error,Histogram,64,512,0.02508330217635533,4,0.010798341688775921,0.045283009889810356,97.5530474330134,95.66787085780875,98.93170168139227
WDBC__12,True,WDBC,perimeter error,Heatmap,64,512,0.015620502884564695,4,0.015620502884564695,0.015620502884564695,98.46197444417484,98.46197444417484,98.46197444417484
WDBC__12,True,WDBC,perimeter error,Violin plot,32,512,0.060461114217920144,4,0.059968078427019775,0.06072634688479121,94.29860148502384,94.27502229362585,94.34246373569931
WDBC__13,True,WDBC,area error,Bar chart,means,128,0.7781882151019671,4,0.7615432509904463,0.794833179213488,56.23701650405195,55.715484401631635,56.768404604186664
WDBC__13,True,WDBC,area error,Box plot,five,128,1.236162463890743,4,1.1454378058819799,1.2906737629092115,44.71946990202493,43.65527803182133,46.61053316289933
WDBC__13,True,WDBC,area error,Interval plot,five,128,1.2762844760309218,4,1.2131974844494784,1.3336201813258721,43.93124016483499,42.85187486816466,45.1834961419516
WDBC__13,True,WDBC,area error,Dot plot,raw,128,0.11933025984545989,4,0.10202364680384857,0.1308921456082353,89.33913750692889,88.4257622518161,90.74215448100924
WDBC__13,True,WDBC,area error,Histogram,32,128,0.16374538398864794,4,0.14970223953090053,0.1985335207861067,85.92944932443699,83.43529677368636,86.97904253957253
WDBC__13,True,WDBC,area error,Heatmap,32,128,0.09736076138175251,4,0.09736076138175251,0.09736076138175251,91.12773439619258,91.12773439619258,91.12773439619258
WDBC__13,True,WDBC,area error,Violin plot,64,128,0.05099969238891358,4,0.048769398550305175,0.053143585168606386,95.14750643998842,94.95381390372347,95.34984538853648
WDBC__13,True,WDBC,area error,Bar chart,means,256,0.7696568004422966,4,0.7580610409252746,0.7735220536146372,56.50813195813259,56.38497688607185,56.88084638254062
WDBC__13,True,WDBC,area error,Box plot,five,256,1.236769407938697,4,1.1209139051086099,1.2776928936926626,44.70733534046112,43.9040751617208,47.14948577551011
WDBC__13,True,WDBC,area error,Interval plot,five,256,1.2211719246321981,4,1.1286869127316947,1.2688779647476298,45.021278583178066,44.07464903522174,46.97731705019613
WDBC__13,True,WDBC,area error,Dot plot,raw,256,0.05493111768705753,4,0.04406680668874059,0.07122719933928383,94.79291900996397,93.3508783773213,95.77931159132444
WDBC__13,True,WDBC,area error,Histogram,64,256,0.07800584768240504,4,0.04557497242794839,0.13860542752435356,92.76387527487823,87.82673750065284,95.64115691081263
WDBC__13,True,WDBC,area error,Heatmap,64,256,0.06035088952475236,4,0.06035088952475236,0.06035088952475236,94.30840393298472,94.30840393298472,94.30840393298472
WDBC__13,True,WDBC,area error,Violin plot,64,256,0.06007490986517542,4,0.058337751864033734,0.06168060238655698,94.33295616129467,94.1902863961247,94.48779449081502
WDBC__13,True,WDBC,area error,Bar chart,means,512,0.7676968437831905,4,0.7639643366793949,0.771429350886986,56.57078607776543,56.45158806357602,56.69048853235135
WDBC__13,True,WDBC,area error,Box plot,five,512,1.2415770491509246,4,1.1121393644239435,1.2859194387908854,44.611448907312145,43.74607359430568,47.345360672861474
WDBC__13,True,WDBC,area error,Interval plot,five,512,1.237303139509913,4,1.1116616416055136,1.2812252376871187,44.69666994786646,43.836092266534656,47.35607164979764
WDBC__13,True,WDBC,area error,Dot plot,raw,512,0.025153638299403036,4,0.01590947193721548,0.034094109159372006,97.54635428684331,96.70299744893745,98.43396755550688
WDBC__13,True,WDBC,area error,Histogram,64,512,0.06523134743603923,4,0.03931492575864403,0.09896311531627679,93.87632108339207,90.99486471046886,96.21722686894482
WDBC__13,True,WDBC,area error,Heatmap,64,512,0.0553046325852682,4,0.0553046325852682,0.0553046325852682,94.7593679703856,94.7593679703856,94.7593679703856
WDBC__13,True,WDBC,area error,Violin plot,64,512,0.06731770716047349,4,0.0669933783262579,0.06777912714959015,93.69281454726655,93.65232701911631,93.72129390049756
WDBC__14,True,WDBC,smoothness error,Bar chart,means,128,0.15040840314727313,4,0.15040840314727297,0.1504084031472732,86.92565155680472,86.92565155680472,86.92565155680474
WDBC__14,True,WDBC,smoothness error,Box plot,five,128,0.9575132372686148,4,0.6080159010258469,1.1286839546411664,51.08522287161308,46.977382331449505,62.18843976368902
WDBC__14,True,WDBC,smoothness error,Interval plot,five,128,0.9492931698147058,4,0.5979131767833714,1.1273317351433225,51.30064658745288,47.00724308673128,62.58162298986847
WDBC__14,True,WDBC,smoothness error,Dot plot,raw,128,0.07494967025846319,4,0.05609025670099551,0.09892952250584545,93.02761121453788,90.99764630217045,94.68887660452339
WDBC__14,True,WDBC,smoothness error,Histogram,16,128,0.05018255782350352,4,0.037620091921498004,0.07819001610679657,95.22153958379326,92.74803003749464,96.37438671297971
WDBC__14,True,WDBC,smoothness error,Heatmap,64,128,0.045291231209313866,4,0.045291231209313866,0.045291231209313866,95.66711842048883,95.66711842048883,95.66711842048883
WDBC__14,True,WDBC,smoothness error,Violin plot,64,128,0.03206993050964418,4,0.031039835972796227,0.033254443834905535,96.89265915403544,96.7815823069212,96.98946297807109
WDBC__14,True,WDBC,smoothness error,Bar chart,means,256,0.1545595338863694,4,0.1498859977399847,0.15923307003275408,86.61311700695886,86.26392964891393,86.96514280245394
WDBC__14,True,WDBC,smoothness error,Box plot,five,256,0.9483735863644236,4,0.5833056125899981,1.1023304171012547,51.324859205567165,47.566262270933834,63.159000514384786
WDBC__14,True,WDBC,smoothness error,Interval plot,five,256,0.9473876796653553,4,0.5833056125899981,1.1023304171012547,51.35084351421197,47.566262270933834,63.159000514384786
WDBC__14,True,WDBC,smoothness error,Dot plot,raw,256,0.020789519635935977,4,0.012450608296141344,0.027328995350579557,97.96338821705864,97.33980103021881,98.77025030217578
WDBC__14,True,WDBC,smoothness error,Histogram,16,256,0.05727431445937713,4,0.048902224859319735,0.06560942651464124,94.58283307594931,93.84301368943082,95.33777089033454
WDBC__14,True,WDBC,smoothness error,Heatmap,64,256,0.047312837384827375,4,0.047312837384827375,0.047312837384827375,95.4824541726263,95.4824541726263,95.4824541726263
WDBC__14,True,WDBC,smoothness error,Violin plot,16,256,0.028836589635990607,4,0.028165134193913463,0.02913570025962606,97.19716523241138,97.16891560051063,97.26064099460102
WDBC__14,True,WDBC,smoothness error,Bar chart,means,512,0.1543859041163045,4,0.1531280619295168,0.15815943067666763,86.62614437981304,86.343898215787,86.72063693660449
WDBC__14,True,WDBC,smoothness error,Box plot,five,512,0.9531430726908576,4,0.5863121399964287,1.1115976574442048,51.19952623963659,47.357506600493245,63.039295658561336
WDBC__14,True,WDBC,smoothness error,Interval plot,five,512,0.9520780808057023,4,0.5852351352446026,1.1111446935241072,51.227459077213716,47.36766755341211,63.082124397003064
WDBC__14,True,WDBC,smoothness error,Dot plot,raw,512,0.017359105908745634,4,0.008279944598265506,0.030635523882522036,98.29370909367938,97.02751135851456,99.17880498936587
WDBC__14,True,WDBC,smoothness error,Histogram,64,512,0.0423170784995472,4,0.0369808581331861,0.05274438250970546,95.94009544960501,94.98982056936133,96.43379548974892
WDBC__14,True,WDBC,smoothness error,Heatmap,64,512,0.04370343040804578,4,0.04370343040804578,0.04370343040804578,95.81265816181524,95.81265816181524,95.81265816181524
WDBC__14,True,WDBC,smoothness error,Violin plot,16,512,0.025989023850460143,4,0.025900036984219485,0.026084728143480656,97.46692964093073,97.45783877022745,97.47538395062774
WDBC__15,True,WDBC,compactness error,Bar chart,means,128,0.15051209404102656,4,0.15051209404102656,0.15051209404102656,86.91781730756327,86.91781730756327,86.91781730756327
WDBC__15,True,WDBC,compactness error,Box plot,five,128,0.566202302774517,4,0.13701212699204934,0.7292367451967313,63.84871215094669,57.82898164624835,87.94980952802034
WDBC__15,True,WDBC,compactness error,Interval plot,five,128,0.5416774751556062,4,0.13927741849128886,0.6829397510646134,64.86441010621024,59.41983361955819,87.77493381061394
WDBC__15,True,WDBC,compactness error,Dot plot,raw,128,0.10712748161966368,4,0.07820982626284242,0.1449689484731766,90.32383502368288,87.33861309806754,92.74632596014047
WDBC__15,True,WDBC,compactness error,Histogram,64,128,0.04711802216539407,4,0.028714396538616554,0.07650761871249005,95.50021858396094,92.89297935448022,97.20871053858741
WDBC__15,True,WDBC,compactness error,Heatmap,64,128,0.022586469208882395,4,0.022586469208882395,0.022586469208882395,97.79124114302468,97.79124114302468,97.79124114302468
WDBC__15,True,WDBC,compactness error,Violin plot,16,128,0.03619349325161855,4,0.03369794265537489,0.03735100926671855,96.50707194290113,96.39938565316274,96.74005903805794
WDBC__15,True,WDBC,compactness error,Bar chart,means,256,0.15563910199800624,4,0.15115801630332323,0.16012018769268926,86.53220527681013,86.19796557362345,86.86904715403605
WDBC__15,True,WDBC,compactness error,Box plot,five,256,0.5663328740647591,4,0.16317219850484616,0.7145658820105107,63.84338964966751,58.3238014060675,85.97179345288777
WDBC__15,True,WDBC,compactness error,Interval plot,five,256,0.5606710167067608,4,0.15062515855973382,0.7044873504225556,64.07500295034268,58.668666549628085,86.9092764538301
WDBC__15,True,WDBC,compactness error,Dot plot,raw,256,0.0334498053931965,4,0.023851009880071508,0.04079706086458192,96.7632868845072,96.08020983161768,97.6704608727333
WDBC__15,True,WDBC,compactness error,Histogram,32,256,0.047559667958271,4,0.0400433225300409,0.056673890363444675,95.45995618073323,94.6365770101548,96.14984090925844
WDBC__15,True,WDBC,compactness error,Heatmap,64,256,0.011294084515547854,4,0.011294084515547854,0.011294084515547854,98.88320472862668,98.88320472862668,98.88320472862668
WDBC__15,True,WDBC,compactness error,Violin plot,16,256,0.0378486348902959,4,0.03696153891833171,0.03848445363426512,96.35316426520167,96.29417142456148,96.43559210914545
WDBC__15,True,WDBC,compactness error,Bar chart,means,512,0.15793848738477295,4,0.15577489247360274,0.16010208229594314,86.3603732749673,86.1993108417591,86.52203872155317
WDBC__15,True,WDBC,compactness error,Box plot,five,512,0.571121281348796,4,0.16226826950530707,0.7168763385082471,63.648810048674754,58.2453131638401,86.03865615514283
WDBC__15,True,WDBC,compactness error,Interval plot,five,512,0.5691708105453763,4,0.154541048949399,0.7168816284713552,63.727925174216246,58.24513370152147,86.61450373808474
WDBC__15,True,WDBC,compactness error,Dot plot,raw,512,0.029212462006893564,4,0.018477282798263828,0.039809903695776354,97.16166845182468,96.17142483887864,98.18579332987207
WDBC__15,True,WDBC,compactness error,Histogram,32,512,0.029893663913751953,4,0.02225770654301245,0.03827229227671329,97.09740287165653,96.31384824950011,97.82269124502061
WDBC__15,True,WDBC,compactness error,Heatmap,64,512,0.01110923537876193,4,0.01110923537876193,0.01110923537876193,98.90128237483655,98.90128237483655,98.90128237483655
WDBC__15,True,WDBC,compactness error,Violin plot,256,512,0.03733718396410464,4,0.03699980556231198,0.03788920829929378,96.40067043375198,96.34939760464607,96.43203351014624
WDBC__16,True,WDBC,concavity error,Bar chart,means,128,0.055242738703894526,4,0.055242738703894456,0.05524273870389455,94.76492595706021,94.76492595706021,94.76492595706021
WDBC__16,True,WDBC,concavity error,Box plot,five,128,0.6203971872904523,4,0.4052691446974527,1.1568756410981178,61.71326436774124,46.363359154581374,71.1607455250357
WDBC__16,True,WDBC,concavity error,Interval plot,five,128,0.5926971902675746,4,0.38753053639162083,1.1523040647993952,62.786574002306054,46.461836705828304,72.07048592967016
WDBC__16,True,WDBC,concavity error,Dot plot,means,128,0.06638069322897737,4,0.05524273870389455,0.08079562970702181,93.77514112450984,92.52443038385309,94.76492595706021
WDBC__16,True,WDBC,concavity error,Histogram,64,128,0.038851618546070624,4,0.019818725450458017,0.06220326270071436,96.26013784331919,94.1439397820565,98.05664232712495
WDBC__16,True,WDBC,concavity error,Heatmap,32,128,0.02553465632902662,4,0.02553465632902662,0.02553465632902662,97.51011278151928,97.51011278151928,97.51011278151928
WDBC__16,True,WDBC,concavity error,Violin plot,256,128,0.042994190889905505,4,0.03989814989779178,0.04422334044749279,95.87781108797722,95.76495384325146,96.16326369061113
WDBC__16,True,WDBC,concavity error,Bar chart,means,256,0.06072745365451089,4,0.050768966796240114,0.06404694927393467,94.2749239264726,93.980815478336,95.1683987250753
WDBC__16,True,WDBC,concavity error,Box plot,five,256,0.6124774347389239,4,0.3969569640656274,1.1709449901486733,62.01637173061649,46.062889872281694,71.58416656513559
WDBC__16,True,WDBC,concavity error,Interval plot,five,256,0.6109395642260749,4,0.3965547652610025,1.1851199276794804,62.07557516165534,45.76407854473985,71.60478234543919
WDBC__16,True,WDBC,concavity error,Dot plot,raw,256,0.028936305868624806,4,0.012837765429683389,0.04356811380255462,97.18774566476233,95.82508192552942,98.73249538397326
WDBC__16,True,WDBC,concavity error,Histogram,32,256,0.04428754480061497,4,0.0348850330693203,0.05297504307074036,95.75906607130216,94.96901247381403,96.62909096618624
WDBC__16,True,WDBC,concavity error,Heatmap,32,256,0.017909444706738723,4,0.017909444706738723,0.017909444706738723,98.24056601499572,98.24056601499572,98.24056601499572
WDBC__16,True,WDBC,concavity error,Violin plot,128,256,0.04299680778279306,4,0.04244739801796319,0.043982299325465185,95.87757052927171,95.78706465101152,95.9281016866012
WDBC__16,True,WDBC,concavity error,Bar chart,means,512,0.0644064872354279,4,0.0607714061573976,0.0753117304695188,93.94907039671374,92.99628857981163,94.2710176947982
WDBC__16,True,WDBC,concavity error,Box plot,five,512,0.6218416178467572,4,0.42091990492362324,1.1656424169493877,61.65830183391477,46.17567481009357,70.37694359371731
WDBC__16,True,WDBC,concavity error,Interval plot,five,512,0.6214332037787069,4,0.4190711796650577,1.167325733385609,61.673832611144675,46.13981113202981,70.46862865864341
WDBC__16,True,WDBC,concavity error,Dot plot,raw,512,0.010768286175753126,4,0.006885744796917551,0.012991745205808279,98.93464344667015,98.7174875543365,99.31613444400226
WDBC__16,True,WDBC,concavity error,Histogram,64,512,0.027101693328696073,4,0.02024666731862257,0.033427812503018885,97.361342746806,96.76534615203988,98.01551252582533
WDBC__16,True,WDBC,concavity error,Heatmap,64,512,0.014968822167570946,4,0.014968822167570946,0.014968822167570946,98.52519389358153,98.52519389358153,98.52519389358153
WDBC__16,True,WDBC,concavity error,Violin plot,256,512,0.04519115181362081,4,0.04470598684127859,0.04575353800369422,95.6762787615256,95.62482589434639,95.72071114702334
WDBC__17,True,WDBC,concave points error,Bar chart,means,128,0.07710436139644351,4,0.07654998066045936,0.07876750360439597,92.84151432675667,92.69838001782435,92.88932404109133
WDBC__17,True,WDBC,concave points error,Box plot,five,128,0.5501052733523224,4,0.5051282587270103,0.6047861639452443,64.51174750456518,62.313598064777445,66.43952063233257
WDBC__17,True,WDBC,concave points error,Interval plot,five,128,0.549103760071175,4,0.49468521182413183,0.611701547913513,64.5534550864465,62.046226939136865,66.90371939785153
WDBC__17,True,WDBC,concave points error,Dot plot,means,128,0.06876490215011183,4,0.06532022861028859,0.07220957568993526,93.56594682218957,93.26534874084943,93.86848884907603
WDBC__17,True,WDBC,concave points error,Histogram,64,128,0.03148719682475206,4,0.012683085670983469,0.045736567013220264,96.94739819149673,95.62637776511434,98.74757603336685
WDBC__17,True,WDBC,concave points error,Heatmap,64,128,0.03753378822980067,4,0.03753378822980067,0.03753378822980067,96.38240328598462,96.38240328598462,96.38240328598462
WDBC__17,True,WDBC,concave points error,Violin plot,16,128,0.024995275323063122,4,0.023930683001588685,0.0263549376703202,97.56142531338156,97.43218094413399,97.662861031624
WDBC__17,True,WDBC,concave points error,Bar chart,means,256,0.06874068789644078,4,0.06474514008560243,0.07273623570727912,93.56806672797867,93.21956010376377,93.91918895441991
WDBC__17,True,WDBC,concave points error,Box plot,five,256,0.5527520189665244,4,0.48398768689731725,0.6025936135455595,64.40178391560404,62.3988509343683,67.38600386171491
WDBC__17,True,WDBC,concave points error,Interval plot,five,256,0.5541215099194887,4,0.489465650709175,0.6025690313594264,64.34503310180715,62.39980808512944,67.13817129813452
WDBC__17,True,WDBC,concave points error,Dot plot,raw,256,0.027865948829281673,4,0.022193650060805294,0.03635447948173424,97.28895106788775,96.4920806344259,97.82882137259558
WDBC__17,True,WDBC,concave points error,Histogram,32,256,0.03743449503608718,4,0.029240522610313097,0.04080556762290647,96.39162807722283,96.07942454457636,97.15901949369865
WDBC__17,True,WDBC,concave points error,Heatmap,64,256,0.026454969692615626,4,0.026454969692615626,0.026454969692615626,97.42268579979324,97.42268579979324,97.42268579979324
WDBC__17,True,WDBC,concave points error,Violin plot,16,256,0.027919659192730727,4,0.027417351201825965,0.02832152717653793,97.2838675724271,97.24584904350876,97.33143000069501
WDBC__17,True,WDBC,concave points error,Bar chart,means,512,0.06737594288185136,4,0.06615931421587104,0.07102582887979214,93.687702694522,93.36842987679584,93.79461274373153
WDBC__17,True,WDBC,concave points error,Box plot,five,512,0.5561582081879954,4,0.490205383869935,0.610822796601039,64.26081838840852,62.080074984664826,67.10484412578663
WDBC__17,True,WDBC,concave points error,Interval plot,five,512,0.5552753738942007,4,0.4888419630772526,0.6052537721263247,64.29729530765566,62.29544620072106,67.16629600720842
WDBC__17,True,WDBC,concave points error,Dot plot,raw,512,0.02010115358818305,4,0.012683899490181491,0.029812762905744417,98.0294940832605,97.10503074154722,98.74749667723887
WDBC__17,True,WDBC,concave points error,Histogram,64,512,0.030538629726926156,4,0.027295715838736214,0.03380733908387787,97.03663415945715,96.72982210458704,97.34295437838456
WDBC__17,True,WDBC,concave points error,Heatmap,64,512,0.023856713192637064,4,0.023856713192637064,0.023856713192637064,97.66991680718233,97.66991680718233,97.66991680718233
WDBC__17,True,WDBC,concave points error,Violin plot,16,512,0.025007337763774812,4,0.024922838450029232,0.025089866372055535,97.56027719583624,97.55242274895836,97.56832051008644
WDBC__18,True,WDBC,symmetry error,Bar chart,means,128,0.15178440673859583,4,0.13057380301166166,0.2154162179193984,86.82180398948185,82.2763416561812,88.45066083577785
WDBC__18,True,WDBC,symmetry error,Box plot,five,128,0.7074131666591961,4,0.26364372776012573,0.8611470529210391,58.56813216197966,53.73030564299134,79.13622946339092
WDBC__18,True,WDBC,symmetry error,Interval plot,five,128,0.701197782324546,4,0.2633161148586391,0.8631735539300194,58.782112837790244,53.67186529084665,79.15675168221033
WDBC__18,True,WDBC,symmetry error,Dot plot,raw,128,0.04167968874854348,4,0.026904185533043263,0.06124240569096696,95.99879989993691,94.22917842685597,97.38006856802538
WDBC__18,True,WDBC,symmetry error,Histogram,8,128,0.05386877506975737,4,0.05120319889966375,0.055815620609666584,94.8884741303592,94.71350683583972,95.1290864646093
WDBC__18,True,WDBC,symmetry error,Heatmap,32,128,0.023303464409877676,4,0.023303464409877676,0.023303464409877676,97.72272202524825,97.72272202524825,97.72272202524825
WDBC__18,True,WDBC,symmetry error,Violin plot,16,128,0.07043130730315936,4,0.06906047882104416,0.07218982663041586,93.42028705414047,93.26706662967622,93.54007746154795
WDBC__18,True,WDBC,symmetry error,Bar chart,means,256,0.13057380301166166,4,0.13057380301166166,0.13057380301166166,88.45066083577785,88.45066083577785,88.45066083577785
WDBC__18,True,WDBC,symmetry error,Box plot,five,256,0.7131126017002117,4,0.3233996242810625,0.8719105990959234,58.37327908320391,53.42135465673254,75.56296538494564
WDBC__18,True,WDBC,symmetry error,Interval plot,five,256,0.7087537448827879,4,0.31669108803927115,0.871959510753281,58.522183374561976,53.41995883220773,75.94795841514608
WDBC__18,True,WDBC,symmetry error,Dot plot,raw,256,0.02627357495319369,4,0.004217257112695738,0.04698996286602559,97.4399053435248,95.51189939420284,99.5800453454842
WDBC__18,True,WDBC,symmetry error,Histogram,32,256,0.03407175067370962,4,0.018180760899942357,0.07540825786236278,96.7050883411609,92.98794134124884,98.21438770028685
WDBC__18,True,WDBC,symmetry error,Heatmap,64,256,0.02102567850078205,4,0.02102567850078205,0.02102567850078205,97.9407297050888,97.9407297050888,97.9407297050888
WDBC__18,True,WDBC,symmetry error,Violin plot,16,256,0.0697147844677366,4,0.06855754539848802,0.07152064274687459,93.48286239659434,93.32531358765713,93.58410357086372
WDBC__18,True,WDBC,symmetry error,Bar chart,means,512,0.1269605654872248,4,0.11612085291391426,0.13057380301166166,88.73424950478766,88.45066083577785,89.59603231041231
WDBC__18,True,WDBC,symmetry error,Box plot,five,512,0.7114148679841923,4,0.3271029500836711,0.8686068137459386,58.4311857228318,53.51580614197434,75.3521043666546
WDBC__18,True,WDBC,symmetry error,Interval plot,five,512,0.7088334378160511,4,0.3271029500836711,0.8618621037003231,58.519454141653206,53.709670442970435,75.3521043666546
WDBC__18,True,WDBC,symmetry error,Dot plot,raw,512,0.021281914048080032,4,0.012370647056384836,0.027127780949477594,97.91615676775041,97.35886990376206,98.77805158690107
WDBC__18,True,WDBC,symmetry error,Histogram,64,512,0.02529175319661807,4,0.009992711597785807,0.05382818134894266,97.53321402247073,94.89212925772772,99.0106154744446
WDBC__18,True,WDBC,symmetry error,Heatmap,64,512,0.01949479899936246,4,0.01949479899936246,0.01949479899936246,98.08779809190818,98.08779809190818,98.08779809190818
WDBC__18,True,WDBC,symmetry error,Violin plot,16,512,0.07360729613668066,4,0.073440184166139,0.07382141367313985,93.14392735578896,93.125354669486,93.15842789850576
WDBC__19,True,WDBC,fractal dimension error,Bar chart,means,128,0.10653279713472522,4,0.09705997184189667,0.11600562242755375,90.37237780835932,89.60528333403765,91.15271960210717
WDBC__19,True,WDBC,fractal dimension error,Box plot,five,128,0.5304710308730569,4,0.4151885468435446,0.8222128087034036,65.3393615316946,54.87833227950748,70.6619624805764
WDBC__19,True,WDBC,fractal dimension error,Interval plot,five,128,0.514338523245795,4,0.3959724654897639,0.7918969493819532,66.03543293983073,55.806780649127845,71.63465073425782
WDBC__19,True,WDBC,fractal dimension error,Dot plot,means,128,0.1098297444596225,4,0.1044773168874155,0.1160056224275536,90.1039105315114,89.60528333403767,90.5405647277711
WDBC__19,True,WDBC,fractal dimension error,Histogram,64,128,0.07906295777135056,4,0.07720745322441759,0.08314420676908196,92.67299862330148,92.32381004768577,92.8326291288357
WDBC__19,True,WDBC,fractal dimension error,Heatmap,64,128,0.0500760935773054,4,0.0500760935773054,0.0500760935773054,95.2311938264673,95.2311938264673,95.2311938264673
WDBC__19,True,WDBC,fractal dimension error,Violin plot,128,128,0.06192507565920309,4,0.06115099777800158,0.0628953825654822,94.16860218497408,94.08263657955939,94.2372953607876
WDBC__19,True,WDBC,fractal dimension error,Bar chart,means,256,0.1062895968378377,4,0.10628959683783767,0.10628959683783776,90.39224474842297,90.39224474842297,90.39224474842297
WDBC__19,True,WDBC,fractal dimension error,Box plot,five,256,0.5213864464606083,4,0.4013055130357074,0.8093353625056118,65.72951943448854,55.268913697412934,71.36202567516185
WDBC__19,True,WDBC,fractal dimension error,Interval plot,five,256,0.516794039893379,4,0.40133377209766263,0.7931315503255806,65.92852910143908,55.76835675098289,71.36058660051386
WDBC__19,True,WDBC,fractal dimension error,Dot plot,raw,256,0.026223789085239126,4,0.015512821306674245,0.038379358420331966,97.44463250958015,96.30391743546232,98.47241502212512
WDBC__19,True,WDBC,fractal dimension error,Histogram,64,256,0.05965708627171524,4,0.0376835535386469,0.07143574744549391,94.37015171751345,93.3327082267126,96.36849274423396
WDBC__19,True,WDBC,fractal dimension error,Heatmap,64,256,0.04169161194200766,4,0.04169161194200766,0.04169161194200766,95.99770109847744,95.99770109847744,95.99770109847744
WDBC__19,True,WDBC,fractal dimension error,Violin plot,16,256,0.05401025275243908,4,0.05347315568107268,0.054284584713534464,94.875737440751,94.85105013384177,94.9241083749778
WDBC__19,True,WDBC,fractal dimension error,Bar chart,means,512,0.10608678811542191,4,0.10193210657335917,0.10747168196277615,90.40881879656341,90.29576252710103,90.74969265662529
WDBC__19,True,WDBC,fractal dimension error,Box plot,five,512,0.5277714280751431,4,0.412459460500764,0.8097255501365006,65.45481749582865,55.256997389718784,70.79849213126916
WDBC__19,True,WDBC,fractal dimension error,Interval plot,five,512,0.5282196017547671,4,0.41210495594198554,0.8143036954253694,65.43562187343738,55.11756397351915,70.81626587259734
WDBC__19,True,WDBC,fractal dimension error,Dot plot,raw,512,0.00957857377734426,4,0.007901626842615864,0.012295595743045616,99.05123048110006,98.78537496411606,99.21603193881442
WDBC__19,True,WDBC,fractal dimension error,Histogram,64,512,0.032417105853131054,4,0.024535646878521822,0.047972976898183736,96.86007664253651,95.42230783085883,97.60519344024044
WDBC__19,True,WDBC,fractal dimension error,Heatmap,64,512,0.044615794788347554,4,0.044615794788347554,0.044615794788347554,95.72897566637049,95.72897566637049,95.72897566637049
WDBC__19,True,WDBC,fractal dimension error,Violin plot,16,512,0.05049333939948154,4,0.05043922879151701,0.05056592248012849,95.19336891480471,95.18679205196807,95.19827255027927
WDBC__20,True,WDBC,worst radius,Bar chart,means,128,0.5814018570827693,4,0.5628238703262486,0.5875945193349429,63.23503387334525,62.98837567283293,63.986737020547565
WDBC__20,True,WDBC,worst radius,Box plot,five,128,0.46200798964695144,4,0.3590160990252581,0.5336798842319366,68.39907901197462,65.2026547574364,73.58264561525363
WDBC__20,True,WDBC,worst radius,Interval plot,five,128,0.4499551169863675,4,0.35752324889128584,0.5321024751656049,68.9676520524602,65.26978555347024,73.66356346506171
WDBC__20,True,WDBC,worst radius,Dot plot,raw,128,0.05372556499910106,4,0.03455784569631318,0.07000962203067528,94.90137026340943,93.4571035073675,96.65965070584778
WDBC__20,True,WDBC,worst radius,Histogram,32,128,0.039176064485788635,4,0.01970162437038017,0.05577543324455328,96.23008402284805,94.71711204028047,98.0679030120654
WDBC__20,True,WDBC,worst radius,Heatmap,32,128,0.016801052198311964,4,0.016801052198311964,0.016801052198311964,98.34765589964839,98.34765589964839,98.34765589964839
WDBC__20,True,WDBC,worst radius,Violin plot,16,128,0.05343536182846783,4,0.053069343475181205,0.05412294746150206,94.9275139448785,94.86559441744069,94.96050817507899
WDBC__20,True,WDBC,worst radius,Bar chart,means,256,0.5793549101458584,4,0.5736027301459314,0.5851070901457853,63.31699060014616,63.08722017690477,63.5484408385122
WDBC__20,True,WDBC,worst radius,Box plot,five,256,0.4799200973535518,4,0.3689830499802783,0.570556328727338,67.5712156209134,63.671705478422766,73.04692340890607
WDBC__20,True,WDBC,worst radius,Interval plot,five,256,0.47243009386933615,4,0.3690113858423468,0.5666794216656674,67.9149389953137,63.82926756878039,73.04541148024889
WDBC__20,True,WDBC,worst radius,Dot plot,raw,256,0.023162428491685993,4,0.013895433819277013,0.03366500451547541,97.73619243174993,96.74314169789896,98.6295003058714
WDBC__20,True,WDBC,worst radius,Histogram,32,256,0.020474661744144213,4,0.00960943236807674,0.03937284295096389,97.99361390226485,96.21186533610235,99.04820299216725
WDBC__20,True,WDBC,worst radius,Heatmap,64,256,0.010916065468615328,4,0.010916065468615328,0.010916065468615328,98.92018082989361,98.92018082989361,98.92018082989361
WDBC__20,True,WDBC,worst radius,Violin plot,16,256,0.05265288423929559,4,0.052318888530486565,0.053005626165638926,94.99807723632037,94.96625422993694,95.02822869562405
WDBC__20,True,WDBC,worst radius,Bar chart,means,512,0.5784368854590015,4,0.5784368854590014,0.5784368854590015,63.35381599430914,63.35381599430914,63.35381599430915
WDBC__20,True,WDBC,worst radius,Box plot,five,512,0.4819629936524964,4,0.2257167095526799,0.5730379930960653,67.47806822998771,63.57125539172722,81.58492025167428
WDBC__20,True,WDBC,worst radius,Interval plot,five,512,0.47968655253020465,4,0.21934871768444797,0.5707922015295502,67.58188065506441,63.6621444279043,82.01099369661922
WDBC__20,True,WDBC,worst radius,Dot plot,raw,512,0.012990699287659883,4,0.005716990031769987,0.019206061723624785,98.71758948065417,98.11558599924882,99.43155081514638
WDBC__20,True,WDBC,worst radius,Histogram,64,512,0.013478554011557967,4,0.004950913112903637,0.030067890866680557,98.67007013042287,97.08097969723318,99.50734776710955
WDBC__20,True,WDBC,worst radius,Heatmap,64,512,0.010393805071885722,4,0.010393805071885722,0.010393805071885722,98.9713114807601,98.9713114807601,98.9713114807601
WDBC__20,True,WDBC,worst radius,Violin plot,16,512,0.053478580082590876,4,0.05325223895959011,0.05368178280778516,94.92361960711168,94.90531356964934,94.94401844213566
WDBC__21,True,WDBC,worst texture,Bar chart,means,128,0.10163876325201338,4,0.07606877051396269,0.12720875599006407,90.77385739841088,88.71471186556455,92.93086347282154
WDBC__21,True,WDBC,worst texture,Box plot,five,128,0.5000670433549304,4,0.3137130616224943,0.6026848608428977,66.66368709517674,62.3952983167303,76.12012312376307
WDBC__21,True,WDBC,worst texture,Interval plot,five,128,0.4872837851802042,4,0.28744289805700324,0.6026848608428977,67.23666390801381,62.3952983167303,77.6733478051097
WDBC__21,True,WDBC,worst texture,Dot plot,raw,128,0.04884322565498382,4,0.03157847322152156,0.06526350020736585,95.34313380109958,93.87348762116964,96.93882006640706
WDBC__21,True,WDBC,worst texture,Histogram,32,128,0.049866112672623045,4,0.03929690101391289,0.06305781359509649,95.25024076206444,94.06826112477883,96.21889558454608
WDBC__21,True,WDBC,worst texture,Heatmap,32,128,0.03504781346667614,4,0.03504781346667614,0.03504781346667614,96.61389425583242,96.61389425583242,96.61389425583242
WDBC__21,True,WDBC,worst texture,Violin plot,128,128,0.061041628807026814,4,0.05972204163099133,0.06183211894439448,94.24700905697183,94.17684605304048,94.36436732607027
WDBC__21,True,WDBC,worst texture,Bar chart,means,256,0.099356572711947,4,0.09282043667839283,0.11896498081260876,90.96229784055875,89.36830170268469,91.50634142965711
WDBC__21,True,WDBC,worst texture,Box plot,five,256,0.501731977573804,4,0.2931060840775447,0.6277775036958952,66.58977866447238,61.433457443015634,77.33317570099935
WDBC__21,True,WDBC,worst texture,Interval plot,five,256,0.5028643492025044,4,0.3019618899402856,0.6253360770001319,66.53960489053124,61.52573699377245,76.807163690933
WDBC__21,True,WDBC,worst texture,Dot plot,raw,256,0.03399080040580936,4,0.020606982741577226,0.04934947436900786,96.71265930098517,95.29713640932802,97.98090909722936
WDBC__21,True,WDBC,worst texture,Histogram,32,256,0.04340611145705314,4,0.038472440675933,0.04766420212082479,95.83996001360974,95.45043134772224,96.29528534711123
WDBC__21,True,WDBC,worst texture,Heatmap,64,256,0.02090235723548277,4,0.02090235723548277,0.02090235723548277,97.9525605864909,97.9525605864909,97.9525605864909
WDBC__21,True,WDBC,worst texture,Violin plot,128,256,0.057325656669748946,4,0.056761105235696656,0.05798058188533913,94.57824026986094,94.51969318926281,94.62876661958174
WDBC__21,True,WDBC,worst texture,Bar chart,means,512,0.10580027853896558,4,0.10264444720155265,0.11526777255120435,90.43224345369548,89.66456528305069,90.69106569555959
WDBC__21,True,WDBC,worst texture,Box plot,five,512,0.5108829314919392,4,0.3024504060844939,0.6359012744041525,66.1864648250767,61.1283832127481,76.7783552700683
WDBC__21,True,WDBC,worst texture,Interval plot,five,512,0.5092082530158247,4,0.30245555006385416,0.633307803572348,66.25990800154433,61.225446778177016,76.7780520380119
WDBC__21,True,WDBC,worst texture,Dot plot,raw,512,0.015888773787741284,4,0.011349196817768022,0.01840016319779241,98.43597309098121,98.19322856940482,98.87781620300106
WDBC__21,True,WDBC,worst texture,Histogram,64,512,0.02693200959342626,4,0.019105001825860935,0.033741838076218604,97.37743011788201,96.73595119851086,98.12531566505592
WDBC__21,True,WDBC,worst texture,Heatmap,64,512,0.017106367831739678,4,0.017106367831739678,0.017106367831739678,98.31813383803635,98.31813383803635,98.31813383803635
WDBC__21,True,WDBC,worst texture,Violin plot,256,512,0.056605961456025124,4,0.05631440523454186,0.05672692216541082,94.64266116973059,94.63182767699647,94.66878374890305
WDBC__22,True,WDBC,worst perimeter,Bar chart,means,128,0.5978477734290799,4,0.5978477734290799,0.5978477734290799,62.584184590622066,62.584184590622066,62.584184590622066
WDBC__22,True,WDBC,worst perimeter,Box plot,five,128,0.4903637890667958,4,0.257718088819997,0.6020421850374748,67.09771180271085,62.420328836509896,79.50907352681946
WDBC__22,True,WDBC,worst perimeter,Interval plot,five,128,0.4693457145538007,4,0.26317624121032507,0.5482181931667452,68.05750274391157,64.59037908310503,79.1655168436227
WDBC__22,True,WDBC,worst perimeter,Dot plot,raw,128,0.08300454729902829,4,0.06435676881084318,0.09544885326532046,92.33571571734963,91.28678139734176,93.95345896256704
WDBC__22,True,WDBC,worst perimeter,Histogram,8,128,0.0916740471519787,4,0.09067914513729651,0.09465875319602528,91.60243413396671,91.35267014312412,91.6859925724644
WDBC__22,True,WDBC,worst perimeter,Heatmap,32,128,0.030501925391926657,4,0.030501925391926657,0.030501925391926657,97.04009040251661,97.04009040251661,97.04009040251661
WDBC__22,True,WDBC,worst perimeter,Violin plot,32,128,0.0354316816065594,4,0.03435323699653826,0.03626644099273167,96.57807634864096,96.50027834945723,96.67877125842521
WDBC__22,True,WDBC,worst perimeter,Bar chart,means,256,0.5953265180989871,4,0.595326518098987,0.5953265180989872,62.68309268698258,62.68309268698257,62.68309268698259
WDBC__22,True,WDBC,worst perimeter,Box plot,five,256,0.49901911388932946,4,0.4202725151240821,0.5812200761837053,66.71029013135244,63.24230352637014,70.40902287070134
WDBC__22,True,WDBC,worst perimeter,Interval plot,five,256,0.4969177101335472,4,0.41654432297249416,0.5787138395757946,66.80393940364199,63.34270182040737,70.59433183859632
WDBC__22,True,WDBC,worst perimeter,Dot plot,raw,256,0.020748944994410774,4,0.016000644992416723,0.026276702222069404,97.9672822493562,97.43960842478684,98.42513436666802
WDBC__22,True,WDBC,worst perimeter,Histogram,64,256,0.038705908222891466,4,0.02087324856863718,0.08702576006204994,96.27364127646939,91.9941400416231,97.95535355658467
WDBC__22,True,WDBC,worst perimeter,Heatmap,64,256,0.011986871343965835,4,0.011986871343965835,0.011986871343965835,98.81551118068886,98.81551118068886,98.81551118068886
WDBC__22,True,WDBC,worst perimeter,Violin plot,32,256,0.03291377200787223,4,0.03252115316259054,0.03321686571950656,96.81350245297907,96.78510225475507,96.85031603827399
WDBC__22,True,WDBC,worst perimeter,Bar chart,means,512,0.5913806898393277,4,0.5885656063943765,0.5941957732842787,62.838515408966295,62.727553087150156,62.94987100153423
WDBC__22,True,WDBC,worst perimeter,Box plot,five,512,0.5016708733104027,4,0.2592593766703266,0.5845187705862545,66.59248825912968,63.11064397362809,79.411757301673
WDBC__22,True,WDBC,worst perimeter,Interval plot,five,512,0.49867828562808325,4,0.2577148135323856,0.5801857722393488,66.72546133414541,63.283698509881994,79.5092805809789
WDBC__22,True,WDBC,worst perimeter,Dot plot,raw,512,0.021379561878016477,4,0.018357570166855807,0.025269005225807547,97.90679560508283,97.53537802303482,98.19733552293935
WDBC__22,True,WDBC,worst perimeter,Histogram,64,512,0.028942444307475543,4,0.009076578812426475,0.055416554685269064,97.18716586456348,94.74931917267543,99.10050644291945
WDBC__22,True,WDBC,worst perimeter,Heatmap,64,512,0.013443480649530376,4,0.013443480649530376,0.013443480649530376,98.6734849149245,98.6734849149245,98.6734849149245
WDBC__22,True,WDBC,worst perimeter,Violin plot,32,512,0.03545725809428461,4,0.03528096361898252,0.03557629524158745,96.57569080547638,96.56458964877253,96.59213635150283
WDBC__23,True,WDBC,worst area,Bar chart,means,128,0.781956316015161,4,0.781956316015161,0.7819563160151611,56.118098463615304,56.1180984636153,56.118098463615304
WDBC__23,True,WDBC,worst area,Box plot,five,128,0.6774861479598066,4,0.5859778699606387,0.7323492412032034,59.613010886332546,57.72508084486763,63.05258219175645
WDBC__23,True,WDBC,worst area,Interval plot,five,128,0.636895055369399,4,0.5515459547347912,0.6668287744384439,61.09127135058328,59.9941646877857,64.45184539641508
WDBC__23,True,WDBC,worst area,Dot plot,raw,128,0.05863993126514373,4,0.052260192798864215,0.0687016467690521,94.46082378594342,93.57148489695379,95.03352942964996
WDBC__23,True,WDBC,worst area,Histogram,16,128,0.09173524447953699,4,0.07521471666878057,0.10494879406406178,91.59729935042357,90.50193143538765,93.00467939075368
WDBC__23,True,WDBC,worst area,Heatmap,64,128,0.03370884019130519,4,0.03370884019130519,0.03370884019130519,96.7390391877594,96.7390391877594,96.7390391877594
WDBC__23,True,WDBC,worst area,Violin plot,32,128,0.07868332232069832,4,0.07659197453234942,0.08164038823205975,92.7056142713491,92.45216902768388,92.88570077204788
WDBC__23,True,WDBC,worst area,Bar chart,means,256,0.777593755309701,4,0.7745093971039297,0.7868468299270147,56.25582318867762,55.96450592471017,56.353604079642516
WDBC__23,True,WDBC,worst area,Box plot,five,256,0.6814655551143877,4,0.5798317215389667,0.7392185286696688,59.471928934754274,57.49708754338661,63.29788080377742
WDBC__23,True,WDBC,worst area,Interval plot,five,256,0.6762691875722538,4,0.57643592111859,0.7358227282492921,59.65628953952815,57.60956944080201,63.43423076089456
WDBC__23,True,WDBC,worst area,Dot plot,raw,256,0.02565081517321754,4,0.008631916358798479,0.03450467309608575,97.49906939147847,96.66461892406734,99.14419559615365
WDBC__23,True,WDBC,worst area,Histogram,32,256,0.04471794872305093,4,0.02361605278816938,0.08762330688986308,95.71961515759261,91.94359790427549,97.69287979376222
WDBC__23,True,WDBC,worst area,Heatmap,32,256,0.03868214218079491,4,0.03868214218079491,0.03868214218079491,96.27584410957729,96.27584410957729,96.27584410957729
WDBC__23,True,WDBC,worst area,Violin plot,32,256,0.09659845575581313,4,0.09598490979940563,0.09706875898722273,91.19108227366287,91.151989500017,91.24213217342806
WDBC__23,True,WDBC,worst area,Bar chart,means,512,0.7771264283088264,4,0.7771264283088264,0.7771264283088265,56.2706166579062,56.270616657906196,56.2706166579062
WDBC__23,True,WDBC,worst area,Box plot,five,512,0.6847631211007147,4,0.5816336808629242,0.7424689414838684,59.35552526497999,57.389832105036575,63.225765365239916
WDBC__23,True,WDBC,worst area,Interval plot,five,512,0.6834678039798302,4,0.5784952352999184,0.7437639113761465,59.401195415554334,57.347212743427995,63.3514740898155
WDBC__23,True,WDBC,worst area,Dot plot,raw,512,0.019053904954774777,4,0.012759800090685974,0.02755436230530959,98.13023581361769,97.31845211152707,98.74009611266726
WDBC__23,True,WDBC,worst area,Histogram,64,512,0.03512481450859654,4,0.023049782662992468,0.06453620164887068,96.60670732492571,93.93762264271427,97.74695395535943
WDBC__23,True,WDBC,worst area,Heatmap,64,512,0.03779846045915079,4,0.03779846045915079,0.03779846045915079,96.35782265061101,96.35782265061101,96.35782265061101
WDBC__23,True,WDBC,worst area,Violin plot,32,512,0.10231790046426638,4,0.10196250765480422,0.10253374971488971,90.71793169455263,90.70017133340322,90.74718904259267
WDBC__24,True,WDBC,worst smoothness,Bar chart,means,128,0.09435693478986942,4,0.09435693478986942,0.09435693478986942,91.37786477243029,91.37786477243029,91.37786477243029
WDBC__24,True,WDBC,worst smoothness,Box plot,five,128,0.423035190140166,4,0.24907305819821202,0.5541949801023354,70.27233106593114,64.34199137190338,80.05936830008166
WDBC__24,True,WDBC,worst smoothness,Interval plot,five,128,0.4104402012494215,4,0.24907305819821188,0.5312379999329991,70.89985091988743,65.30663424260344,80.05936830008167
WDBC__24,True,WDBC,worst smoothness,Dot plot,raw,128,0.0438767922810963,4,0.01878685352395354,0.06973299457236465,95.7967460714194,93.48127103434432,98.15595838727499
WDBC__24,True,WDBC,worst smoothness,Histogram,64,128,0.029807064533949407,4,0.02015179962835453,0.03697302960607946,97.10556806604944,96.43452350731584,98.02462735097896
WDBC__24,True,WDBC,worst smoothness,Heatmap,32,128,0.04173284204985868,4,0.04173284204985868,0.04173284204985868,95.99390166410235,95.99390166410235,95.99390166410235
WDBC__24,True,WDBC,worst smoothness,Violin plot,128,128,0.04513920994832511,4,0.04374330376680012,0.04639563377539646,95.68103373037195,95.56614799624106,95.80899790121447
WDBC__24,True,WDBC,worst smoothness,Bar chart,means,256,0.08278014941811038,4,0.08278014941810997,0.08278014941811078,92.35485158620642,92.35485158620638,92.35485158620646
WDBC__24,True,WDBC,worst smoothness,Box plot,five,256,0.42642643421960247,4,0.26446451607491167,0.5498458952478474,70.10526277487978,64.52254401977704,79.08486060994029
WDBC__24,True,WDBC,worst smoothness,Interval plot,five,256,0.42128285242131613,4,0.2502544404086832,0.5496008017031456,70.3589717061869,64.53274926683784,79.98371912785367
WDBC__24,True,WDBC,worst smoothness,Dot plot,raw,256,0.025469010824796606,4,0.018405226638505662,0.03787848077653159,97.51635490142101,96.35039347302093,98.19274035942877
WDBC__24,True,WDBC,worst smoothness,Histogram,32,256,0.039006656630181415,4,0.03548155841237533,0.04283324622360713,96.24577413616463,95.8926082977582,96.57342440103169
WDBC__24,True,WDBC,worst smoothness,Heatmap,64,256,0.026630414168847667,4,0.026630414168847667,0.026630414168847667,97.40603689494165,97.40603689494165,97.40603689494165
WDBC__24,True,WDBC,worst smoothness,Violin plot,32,256,0.03893455739692009,4,0.03809417580066467,0.03993490738689939,96.2524533311827,96.15986470852816,96.33037380531653
WDBC__24,True,WDBC,worst smoothness,Bar chart,means,512,0.08382630145834194,4,0.08098151884803693,0.0923606492892568,92.26570702837257,91.54485752032983,92.50851957817595
WDBC__24,True,WDBC,worst smoothness,Box plot,five,512,0.43010009961937884,4,0.2562327657726917,0.5637651109676243,69.92517518641877,63.948222977121,79.60308210755143
WDBC__24,True,WDBC,worst smoothness,Interval plot,five,512,0.42783804250721486,4,0.25730323770780333,0.562385536989636,70.0359543750528,64.00468874838499,79.53530779282059
WDBC__24,True,WDBC,worst smoothness,Dot plot,raw,512,0.02083582518983325,4,0.012565757407416316,0.033623425731415066,97.95894455546183,96.74703331074156,98.75901813630458
WDBC__24,True,WDBC,worst smoothness,Histogram,64,512,0.02381990415864574,4,0.016248200737568812,0.0314462419375643,97.6734282990698,96.95124761146128,98.40115822829735
WDBC__24,True,WDBC,worst smoothness,Heatmap,64,512,0.027042814196792175,4,0.027042814196792175,0.027042814196792175,97.36692435573474,97.36692435573474,97.36692435573474
WDBC__24,True,WDBC,worst smoothness,Violin plot,64,512,0.04069996965850691,4,0.04049718609270422,0.04095478507858683,96.08917355192563,96.0656518740634,96.10790046969949
WDBC__25,True,WDBC,worst compactness,Bar chart,means,128,0.4236327346483846,4,0.4130117367196814,0.4342537325770878,70.2428355053935,69.7226702142295,70.77082051147774
WDBC__25,True,WDBC,worst compactness,Box plot,five,128,0.5046445243183066,4,0.27969304108166043,0.6004194985886653,66.46088054938156,62.483617631618024,78.14373977956073
WDBC__25,True,WDBC,worst compactness,Interval plot,five,128,0.4930997307142346,4,0.2576517136964699,0.5890268490720114,66.97476259818512,62.931598706717764,79.51326977966069
WDBC__25,True,WDBC,worst compactness,Dot plot,raw,128,0.0749235195371928,4,0.05263368052937002,0.10052778389176334,93.02987438869594,90.865493323915,94.99981033260302
WDBC__25,True,WDBC,worst compactness,Histogram,32,128,0.06660935065927158,4,0.03309385971761017,0.10291182847184327,93.75503781041294,90.66907926679556,96.79662603680015
WDBC__25,True,WDBC,worst compactness,Heatmap,32,128,0.038467423497273626,4,0.038467423497273626,0.038467423497273626,96.29575058139754,96.29575058139754,96.29575058139754
WDBC__25,True,WDBC,worst compactness,Violin plot,16,128,0.059541560723221726,4,0.057990279751129456,0.060967784535003414,94.38044122756452,94.25356873001341,94.51882679255141
WDBC__25,True,WDBC,worst compactness,Bar chart,means,256,0.4214552078763912,4,0.4214552078763912,0.4214552078763912,70.35044048232572,70.35044048232572,70.35044048232572
WDBC__25,True,WDBC,worst compactness,Box plot,five,256,0.5058290396850932,4,0.27756961314269213,0.6094442599193498,66.40860108589254,62.13324840775228,78.27362123462697
WDBC__25,True,WDBC,worst compactness,Interval plot,five,256,0.5056879516303002,4,0.2758661502931231,0.6119783207890355,66.41482379647383,62.03557374831923,78.37812765627928
WDBC__25,True,WDBC,worst compactness,Dot plot,raw,256,0.02387165013757262,4,0.013319471858002065,0.04909858679259663,97.66849193115513,95.31992632430233,98.68556045473203
WDBC__25,True,WDBC,worst compactness,Histogram,32,256,0.03915909308110156,4,0.03322664049118121,0.05101574136793322,96.23165563946564,95.14605354040326,96.78418662575466
WDBC__25,True,WDBC,worst compactness,Heatmap,32,256,0.03697888594539192,4,0.03697888594539192,0.03697888594539192,96.43397889324632,96.43397889324632,96.43397889324632
WDBC__25,True,WDBC,worst compactness,Violin plot,32,256,0.06598507451552028,4,0.06529834026943655,0.06633453040992364,93.80994386384725,93.77920075565562,93.87041753459212
WDBC__25,True,WDBC,worst compactness,Bar chart,means,512,0.41928778095027874,4,0.41571526346516946,0.42047862011198184,70.4578742536946,70.39880684168031,70.6356727095217
WDBC__25,True,WDBC,worst compactness,Box plot,five,512,0.5126738966579046,4,0.2086609234971919,0.6203089840421357,66.10810183274768,61.71662379513136,82.73619015551166
WDBC__25,True,WDBC,worst compactness,Interval plot,five,512,0.5093175136653767,4,0.20268481594369459,0.613335454216626,66.25511139611045,61.98338959119706,83.14730399380186
WDBC__25,True,WDBC,worst compactness,Dot plot,raw,512,0.013116990021469212,4,0.004485699958583664,0.023996634679185926,98.70528377762264,97.65657094305745,99.55343316895716
WDBC__25,True,WDBC,worst compactness,Histogram,64,512,0.03224720669218622,4,0.027807169866877927,0.03660795468891802,96.87601899204729,96.46848603434614,97.29451489713973
WDBC__25,True,WDBC,worst compactness,Heatmap,32,512,0.03697888594539192,4,0.03697888594539192,0.03697888594539192,96.43397889324632,96.43397889324632,96.43397889324632
WDBC__25,True,WDBC,worst compactness,Violin plot,16,512,0.06893366807187926,4,0.06866069640653363,0.06907140878668051,93.55117439642252,93.53912112708433,93.57507049361772
WDBC__26,True,WDBC,worst concavity,Bar chart,means,128,0.3197469541796931,4,0.3147258397635385,0.33481029742815693,75.7721013739004,74.91701269661675,76.06148519754173
WDBC__26,True,WDBC,worst concavity,Box plot,five,128,0.599766613695015,4,0.5688305422413884,0.6351695797646746,62.50911798254614,61.1557365288018,63.7417473127021
WDBC__26,True,WDBC,worst concavity,Interval plot,five,128,0.5872086245515157,4,0.568929970249629,0.6150298426594639,63.003689907655435,61.91836049006399,63.737707798448916
WDBC__26,True,WDBC,worst concavity,Dot plot,raw,128,0.06071829759980425,4,0.040468900908465444,0.06892110017549549,94.27573770178212,93.55227432930457,96.11051316640693
WDBC__26,True,WDBC,worst concavity,Histogram,16,128,0.012816376873341808,4,0.010922521334422543,0.01567128608169302,98.7345804070717,98.45705138104766,98.91954911440644
WDBC__26,True,WDBC,worst concavity,Heatmap,64,128,0.01406879738767021,4,0.01406879738767021,0.01406879738767021,98.61263876534682,98.61263876534682,98.61263876534682
WDBC__26,True,WDBC,worst concavity,Violin plot,32,128,0.043578767614682025,4,0.04273901851021675,0.044512342301120306,95.82410365493634,95.7384570293294,95.9012736886667
WDBC__26,True,WDBC,worst concavity,Bar chart,means,256,0.31699479523192625,4,0.31699479523192625,0.31699479523192625,75.93044434347193,75.93044434347193,75.93044434347193
WDBC__26,True,WDBC,worst concavity,Box plot,five,256,0.5918376253949332,4,0.5616960258257461,0.6251259364753446,62.820477669756116,61.53369271607656,64.03294773521951
WDBC__26,True,WDBC,worst concavity,Interval plot,five,256,0.588613733309772,4,0.561859556736489,0.6176635940459797,62.94796394064691,61.817549933164685,64.02624331277926
WDBC__26,True,WDBC,worst concavity,Dot plot,raw,256,0.028843273276921252,4,0.012895192594767384,0.05688944130812312,97.19653381364355,94.6172760286345,98.72689764064006
WDBC__26,True,WDBC,worst concavity,Histogram,16,256,0.014009811180797896,4,0.009443468326742475,0.02266340660967859,98.6183751847052,97.78388407532718,99.06448764858563
WDBC__26,True,WDBC,worst concavity,Heatmap,64,256,0.01340536921965868,4,0.01340536921965868,0.01340536921965868,98.67719575731267,98.67719575731267,98.67719575731267
WDBC__26,True,WDBC,worst concavity,Violin plot,128,256,0.0403691750926552,4,0.04009453790282986,0.0407435068302005,96.11972595313968,96.0851538767421,96.14510638776417
WDBC__26,True,WDBC,worst concavity,Bar chart,means,512,0.31576049364323094,4,0.3135085999050768,0.3180123873813852,76.00167392403488,75.87182105221262,76.13197203826962
WDBC__26,True,WDBC,worst concavity,Box plot,five,512,0.5988661717114352,4,0.5717131730525684,0.6282278555383458,62.544321575682254,61.416465551706644,63.6248405335821
WDBC__26,True,WDBC,worst concavity,Interval plot,five,512,0.5978274220563635,4,0.5691563464801285,0.6279396361208124,62.584981719303904,61.427339061716175,63.72851260125619
WDBC__26,True,WDBC,worst concavity,Dot plot,raw,512,0.022190080547613185,4,0.010604618758375206,0.03786177738236367,97.82916299327368,96.351944140591,98.95066591211466
WDBC__26,True,WDBC,worst concavity,Histogram,64,512,0.018965259355105495,4,0.01444694755333397,0.023065851766265515,98.13877272252554,97.74541866230375,98.57587943971073
WDBC__26,True,WDBC,worst concavity,Heatmap,32,512,0.014973000157380968,4,0.014973000157380968,0.014973000157380968,98.52478832884627,98.52478832884627,98.52478832884627
WDBC__26,True,WDBC,worst concavity,Violin plot,256,512,0.03959925101626864,4,0.03946141421045946,0.039712190256032835,96.19091193288587,96.18046314853213,96.20366723853496
WDBC__27,True,WDBC,worst concave points,Bar chart,means,128,0.21291957813284235,4,0.21194484798316043,0.21584376858188803,82.44569698012387,82.24740923468813,82.51200553095586
WDBC__27,True,WDBC,worst concave points,Box plot,five,128,0.4419149924357007,4,0.358242895208495,0.5326738880095017,69.35221599373119,65.24545161389221,73.62453383910368
WDBC__27,True,WDBC,worst concave points,Interval plot,five,128,0.4278476534556548,4,0.3583360106336426,0.4983162426411011,70.03548295785026,66.74158442261077,73.6194867964603
WDBC__27,True,WDBC,worst concave points,Dot plot,raw,128,0.0560623415695164,4,0.04088848357210826,0.0746101267043108,94.69137953672349,93.05700506162822,96.07177097091251
WDBC__27,True,WDBC,worst concave points,Histogram,32,128,0.0669857329594626,4,0.057918517005676046,0.0729203158741916,93.7219654499347,93.20356649088356,94.5252383737825
WDBC__27,True,WDBC,worst concave points,Heatmap,32,128,0.0369117167220025,4,0.0369117167220025,0.0369117167220025,96.44022570805816,96.44022570805816,96.44022570805816
WDBC__27,True,WDBC,worst concave points,Violin plot,16,128,0.03738097206357806,4,0.03434634434166727,0.03956730353155241,96.39660133834737,96.1938680259434,96.67941550433693
WDBC__27,True,WDBC,worst concave points,Bar chart,means,256,0.20808854472746655,4,0.20808854472746655,0.20808854472746655,82.7753896321888,82.7753896321888,82.7753896321888
WDBC__27,True,WDBC,worst concave points,Box plot,five,256,0.446732331048306,4,0.36840380341636986,0.5136257687133271,69.12128653925895,66.06652850856656,73.07784423745319
WDBC__27,True,WDBC,worst concave points,Interval plot,five,256,0.446805219204779,4,0.36599935516508597,0.5150644782455577,69.11780429916055,66.00379154542641,73.20647672481122
WDBC__27,True,WDBC,worst concave points,Dot plot,raw,256,0.028202456838547614,4,0.015530514105086211,0.04248733864525112,97.2571105378154,95.9244264107356,98.47069941381604
WDBC__27,True,WDBC,worst concave points,Histogram,32,256,0.04323119296399465,4,0.03341158391108268,0.059195473396501906,95.85602949225785,94.41127960954357,96.7668657453372
WDBC__27,True,WDBC,worst concave points,Heatmap,64,256,0.0253183775793531,4,0.0253183775793531,0.0253183775793531,97.53068138316934,97.53068138316934,97.53068138316934
WDBC__27,True,WDBC,worst concave points,Violin plot,16,256,0.029175439787867945,4,0.028875685808127008,0.029692722667425776,97.16516361934546,97.11635111972953,97.1934718444195
WDBC__27,True,WDBC,worst concave points,Bar chart,means,512,0.206359051146125,4,0.206359051146125,0.206359051146125,82.89406035872408,82.89406035872408,82.89406035872408
WDBC__27,True,WDBC,worst concave points,Box plot,five,512,0.45035761225734483,4,0.2503731245009917,0.5195323472046752,68.94851252882346,65.80972111844775,79.97612715797035
WDBC__27,True,WDBC,worst concave points,Interval plot,five,512,0.44840129549389773,4,0.24919143696073567,0.516163284998347,69.04163943453287,65.95595671617193,80.05178152941755
WDBC__27,True,WDBC,worst concave points,Dot plot,raw,512,0.017875222110701902,4,0.009692919135194652,0.03488648021899732,98.24386902024835,96.62895584338732,99.0400131612791
WDBC__27,True,WDBC,worst concave points,Histogram,64,512,0.029520340875473443,4,0.024881495139730862,0.03337695059247999,97.13261217836937,96.77010885782352,97.57225637717865
WDBC__27,True,WDBC,worst concave points,Heatmap,64,512,0.02678943143262677,4,0.02678943143262677,0.02678943143262677,97.39095177525846,97.39095177525846,97.39095177525846
WDBC__27,True,WDBC,worst concave points,Violin plot,16,512,0.027658258507366272,4,0.02754507263086092,0.027773058266288547,97.30861322055263,97.29774408436646,97.31933193350476
WDBC__28,True,WDBC,worst symmetry,Bar chart,means,128,0.3899958526901598,4,0.3716069793339123,0.3961254771422423,71.94266069676593,71.62679976637347,72.90718223711765
WDBC__28,True,WDBC,worst symmetry,Box plot,five,128,0.5993255338759534,4,0.4522145470259738,0.7023032246709393,62.52635744372238,58.743940885931366,68.86034863429269
WDBC__28,True,WDBC,worst symmetry,Interval plot,five,128,0.6020924116470625,4,0.45844209854094553,0.7023032246709393,62.41837191975277,58.743940885931366,68.56631476836962
WDBC__28,True,WDBC,worst symmetry,Dot plot,raw,128,0.0443892386220318,4,0.018721353221256398,0.058964178610266794,95.74974186055394,94.43190054949275,98.16226948006357
WDBC__28,True,WDBC,worst symmetry,Histogram,32,128,0.13046518172310245,4,0.11307861372307766,0.15113312322613914,88.45915965989842,86.8709256838534,89.84091399035626
WDBC__28,True,WDBC,worst symmetry,Heatmap,32,128,0.030280748931220763,4,0.030280748931220763,0.030280748931220763,97.06092257254802,97.06092257254802,97.06092257254802
WDBC__28,True,WDBC,worst symmetry,Violin plot,256,128,0.03895116628410196,4,0.03804616401178524,0.04057664466542409,96.25091461965299,96.10056165747689,96.33482928497645
WDBC__28,True,WDBC,worst symmetry,Bar chart,means,256,0.39356078071877676,4,0.39356078071877665,0.39356078071877687,71.75862106884321,71.7586210688432,71.75862106884321
WDBC__28,True,WDBC,worst symmetry,Box plot,five,256,0.6125500188752122,4,0.30843778510093245,0.7162074713721158,62.013580248352305,58.26801343549072,76.42701941100397
WDBC__28,True,WDBC,worst symmetry,Interval plot,five,256,0.6091718840156981,4,0.2926016925011702,0.7185032520895029,62.143765369830724,58.1901721037836,77.3633522067429
WDBC__28,True,WDBC,worst symmetry,Dot plot,raw,256,0.04415192701474409,4,0.02831474294392383,0.057212173631542476,95.77150356452671,94.58839246666848,97.246490616009
WDBC__28,True,WDBC,worst symmetry,Histogram,64,256,0.0456726475495933,4,0.011005703335778109,0.10445381791150256,95.63222317647674,90.5424911193641,98.91141036104294
WDBC__28,True,WDBC,worst symmetry,Heatmap,32,256,0.03081195308958146,4,0.03081195308958146,0.03081195308958146,97.01090455953378,97.01090455953378,97.01090455953378
WDBC__28,True,WDBC,worst symmetry,Violin plot,32,256,0.037532399237585556,4,0.036891588114253894,0.03791876715464487,96.38253231752901,96.34665367323538,96.44209784927014
WDBC__28,True,WDBC,worst symmetry,Bar chart,means,512,0.3910360313850587,4,0.3869124658445669,0.39241055323188934,71.88886394296321,71.81789865632122,72.10260377831743
WDBC__28,True,WDBC,worst symmetry,Box plot,five,512,0.6206567205967111,4,0.4695342854441601,0.7338423527767369,61.703381554596525,57.6753704509817,68.04876959354198
WDBC__28,True,WDBC,worst symmetry,Interval plot,five,512,0.6200207280659369,4,0.4695342854441601,0.7338423527767369,61.72760525069644,57.6753704509817,68.04876959354198
WDBC__28,True,WDBC,worst symmetry,Dot plot,raw,512,0.012131258482167267,4,0.007947472866264883,0.016622199075086906,98.80141450226921,98.36495808470347,99.21151914358543
WDBC__28,True,WDBC,worst symmetry,Histogram,64,512,0.03310948685729682,4,0.013439123217234034,0.06459813669139988,96.7951618605289,93.93215764098925,98.67390917625417
WDBC__28,True,WDBC,worst symmetry,Heatmap,32,512,0.03081195308958146,4,0.03081195308958146,0.03081195308958146,97.01090455953378,97.01090455953378,97.01090455953378
WDBC__28,True,WDBC,worst symmetry,Violin plot,32,512,0.039944743703710296,4,0.03968632778325352,0.04016418748218167,96.15895518049842,96.13866849430732,96.18285566302772
WDBC__29,True,WDBC,worst fractal dimension,Bar chart,means,128,0.3901129815585949,4,0.3713842808258691,0.3963558818028369,71.93659891434147,71.61498103971165,72.91902160332363
WDBC__29,True,WDBC,worst fractal dimension,Box plot,five,128,0.6178202583610369,4,0.31007481644186535,0.7295977128549245,61.811563727918,57.81691271719889,76.3315184331211
WDBC__29,True,WDBC,worst fractal dimension,Interval plot,five,128,0.5984968077258436,4,0.31007481644186535,0.7295977128549245,62.55877366578445,57.81691271719889,76.3315184331211
WDBC__29,True,WDBC,worst fractal dimension,Dot plot,raw,128,0.09331709799939254,4,0.07955632815475594,0.1093936502581473,91.4647728303025,90.1393296930542,92.63064593482227
WDBC__29,True,WDBC,worst fractal dimension,Histogram,32,128,0.05594806490682261,4,0.03679596264692659,0.0800244963872781,94.70162721385738,92.59049246985018,96.45099286912857
WDBC__29,True,WDBC,worst fractal dimension,Heatmap,64,128,0.04267186954364438,4,0.04267186954364438,0.04267186954364438,95.90744981330312,95.90744981330312,95.90744981330312
WDBC__29,True,WDBC,worst fractal dimension,Violin plot,64,128,0.026397108224391196,4,0.025086513136204917,0.027702829763432878,97.42817784531206,97.30439296641715,97.55274185985981
WDBC__29,True,WDBC,worst fractal dimension,Bar chart,means,256,0.39149739039936826,4,0.38569854582103463,0.39729623497770183,71.86502877400251,71.56678555109383,72.16576816189801
WDBC__29,True,WDBC,worst fractal dimension,Box plot,five,256,0.6359624367683983,4,0.32658289251505396,0.7786240283540641,61.12609785682806,56.22323684254948,75.38164449747357
WDBC__29,True,WDBC,worst fractal dimension,Interval plot,five,256,0.6334630474803058,4,0.3291041292882424,0.7754318377031925,61.21962792746046,56.32432508891253,75.23864970124777
WDBC__29,True,WDBC,worst fractal dimension,Dot plot,raw,256,0.033867959947692164,4,0.018414817329732543,0.046214413991973395,96.72415034997258,95.58270146406835,98.19181565150281
WDBC__29,True,WDBC,worst fractal dimension,Histogram,32,256,0.03865730326404688,4,0.03402667503697706,0.04481722092153865,96.27814649330786,95.7105204600275,96.70930394172275
WDBC__29,True,WDBC,worst fractal dimension,Heatmap,32,256,0.035836091402512586,4,0.035836091402512586,0.035836091402512586,96.54037046015736,96.54037046015736,96.54037046015736
WDBC__29,True,WDBC,worst fractal dimension,Violin plot,256,256,0.024951185546090982,4,0.024552010700130356,0.025307988448959567,97.56562206103533,97.53166963155682,97.60363452087194
WDBC__29,True,WDBC,worst fractal dimension,Bar chart,means,512,0.38931843061841864,4,0.3865185844482737,0.39211827678856354,71.97773944126519,71.8329768866242,72.12308664423146
WDBC__29,True,WDBC,worst fractal dimension,Box plot,five,512,0.6324474024483124,4,0.33405742909713076,0.7629938623633262,61.25771638952776,56.72169491614005,74.95929172080578
WDBC__29,True,WDBC,worst fractal dimension,Interval plot,five,512,0.6286012461963725,4,0.3262178598207258,0.7629938623633263,61.402384551498905,56.72169491614005,75.4023927965483
WDBC__29,True,WDBC,worst fractal dimension,Dot plot,raw,512,0.016241544800448336,4,0.01044422425156267,0.023820823718365188,98.40180271279526,97.67334057224471,98.96637300695159
WDBC__29,True,WDBC,worst fractal dimension,Histogram,64,512,0.029086637714915327,4,0.024548885245855197,0.037581730776183535,97.17354820780668,96.37794983648472,97.60393226722759
WDBC__29,True,WDBC,worst fractal dimension,Heatmap,64,512,0.03525806979022577,4,0.03525806979022577,0.03525806979022577,96.5942724023035,96.5942724023035,96.5942724023035
WDBC__29,True,WDBC,worst fractal dimension,Violin plot,128,512,0.024594371280972586,4,0.02452209631205992,0.024653239476737754,97.59959921991137,97.59399194508696,97.60648438912824
Cleveland__00,True,Cleveland,age,Bar chart,means,128,0.2366076551016476,4,0.23197728974527598,0.2504987511707624,80.86639249518484,79.96809265613129,81.1703274341007
Cleveland__00,True,Cleveland,age,Box plot,five,128,0.32869625916435935,4,0.19600244745230974,0.3982084500436771,75.26174572275214,71.52009415826103,83.61186903339299
Cleveland__00,True,Cleveland,age,Interval plot,five,128,0.3211569323694229,4,0.1788892177960703,0.39635436281732594,75.69123512121718,71.61505894408997,84.82561252612835
Cleveland__00,True,Cleveland,age,Dot plot,raw,128,0.042479811648149506,4,0.02408843661719959,0.05439546304122175,95.92511901204213,94.84107576825801,97.64781675528246
Cleveland__00,True,Cleveland,age,Histogram,16,128,0.03547786229197197,4,0.028714441921601132,0.047307236599724765,96.57376911820754,95.48296479328107,97.2087062501073
Cleveland__00,True,Cleveland,age,Heatmap,32,128,0.029680137208003093,4,0.029680137208003093,0.029680137208003093,97.11753814262346,97.11753814262346,97.11753814262346
Cleveland__00,True,Cleveland,age,Violin plot,64,128,0.058852785556683496,4,0.05839558494454646,0.05984235839404061,94.44183494065776,94.35365477515745,94.48263146830813
Cleveland__00,True,Cleveland,age,Bar chart,means,256,0.23399217676227468,4,0.2339921767622744,0.23399217676227477,81.03779090591814,81.03779090591814,81.03779090591817
Cleveland__00,True,Cleveland,age,Box plot,five,256,0.33081627670683084,4,0.19103244853065804,0.4070397837895862,75.1418522227988,71.07119581982933,83.96076876273781
Cleveland__00,True,Cleveland,age,Interval plot,five,256,0.3278813744392309,4,0.17811868075928955,0.40652094939171557,75.30793181147703,71.0974124084305,84.88109189097203
Cleveland__00,True,Cleveland,age,Dot plot,raw,256,0.03967563111501079,4,0.03038379997790235,0.05673615834132313,96.18384523714764,94.63100056778813,97.05121528710428
Cleveland__00,True,Cleveland,age,Histogram,16,256,0.03425892245064751,4,0.02761993188769067,0.037478700767008,96.6875874399544,96.3875209448348,97.31224249057196
Cleveland__00,True,Cleveland,age,Heatmap,32,256,0.033078116231669216,4,0.033078116231669216,0.033078116231669216,96.7981011588623,96.7981011588623,96.7981011588623
Cleveland__00,True,Cleveland,age,Violin plot,256,256,0.05783588244164992,4,0.05748920392155315,0.058094809661596025,94.53262236594247,94.50948921295851,94.56361315951385
Cleveland__00,True,Cleveland,age,Bar chart,means,512,0.23178085000288468,4,0.23074252565024364,0.23489582306080745,81.18327217034249,80.97849076219275,81.25176299337392
Cleveland__00,True,Cleveland,age,Box plot,five,512,0.33707386204616563,4,0.18334540788851475,0.42009509056208955,74.79018387732663,70.41781966897645,84.50617996518324
Cleveland__00,True,Cleveland,age,Interval plot,five,512,0.3361415149416245,4,0.18307961804678427,0.42010016794278715,74.84237177105373,70.41756789935735,84.52516506462675
Cleveland__00,True,Cleveland,age,Dot plot,raw,512,0.02857264716981734,4,0.014551298701753973,0.05108339580783081,97.2221070384832,95.1399293327653,98.56574046868067
Cleveland__00,True,Cleveland,age,Histogram,16,512,0.034531763498280105,4,0.0322287098040895,0.03724993197372271,96.66208765001952,96.4087795211669,96.87775494926834
Cleveland__00,True,Cleveland,age,Heatmap,32,512,0.033078116231669216,4,0.033078116231669216,0.033078116231669216,96.7981011588623,96.7981011588623,96.7981011588623
Cleveland__00,True,Cleveland,age,Violin plot,256,512,0.05703698070746866,4,0.05692666479046124,0.057196697825176876,94.60406951237466,94.58977710175982,94.61394374019818
Cleveland__01,True,Cleveland,trestbps,Bar chart,means,128,0.25696248445432934,4,0.21928602642324332,0.2695213037980247,79.556869227813,78.76984789528949,82.01521040419733
Cleveland__01,True,Cleveland,trestbps,Box plot,five,128,0.34958844293996116,4,0.20190100417863857,0.43599098166431743,74.09666296649569,69.63832034940758,83.20152795640479
Cleveland__01,True,Cleveland,trestbps,Interval plot,five,128,0.3382081793662078,4,0.16890144262027218,0.43599098166431743,74.72678880752414,69.63832034940758,85.55041199695556
Cleveland__01,True,Cleveland,trestbps,Dot plot,raw,128,0.12162178272754455,4,0.11044411197764513,0.13400986026050146,89.1566136998707,88.1826547584236,90.05405938161536
Cleveland__01,True,Cleveland,trestbps,Histogram,16,128,0.08657605984197093,4,0.0689783115933718,0.09753214699319905,92.03221357052885,91.113504305054,93.54726743795618
Cleveland__01,True,Cleveland,trestbps,Heatmap,64,128,0.1046472886164661,4,0.1046472886164661,0.1046472886164661,90.52663327970203,90.52663327970203,90.52663327970203
Cleveland__01,True,Cleveland,trestbps,Violin plot,64,128,0.1300724344400776,4,0.12864787468944378,0.1315667747405882,88.48990290569071,88.3730436702907,88.60159332468135
Cleveland__01,True,Cleveland,trestbps,Bar chart,means,256,0.2475439006861758,4,0.22688006778604733,0.2544318449862186,80.15749982425298,79.71736400003351,81.50755939857584
Cleveland__01,True,Cleveland,trestbps,Box plot,five,256,0.3587195734365433,4,0.09715866340393661,0.46720256253976955,73.59870421758544,68.15691476635452,91.14452023716409
Cleveland__01,True,Cleveland,trestbps,Interval plot,five,256,0.35236564219257777,4,0.08712249329511541,0.4518497070037834,73.94449909114145,68.87765277466106,91.98595431219132
Cleveland__01,True,Cleveland,trestbps,Dot plot,raw,256,0.06518980507765734,4,0.05335051998882845,0.07184799807688032,93.87998225603513,93.29681090921562,94.93515985643656
Cleveland__01,True,Cleveland,trestbps,Histogram,64,256,0.10461487023323254,4,0.09994411178992982,0.1101652062319873,90.52929006730248,90.07668357704173,90.91371000411179
Cleveland__01,True,Cleveland,trestbps,Heatmap,64,256,0.10323628694269141,4,0.10323628694269141,0.10323628694269141,90.64241376353004,90.64241376353004,90.64241376353004
Cleveland__01,True,Cleveland,trestbps,Violin plot,256,256,0.13022219846154848,4,0.13001534286637542,0.13048314298097355,88.47817724348309,88.45775420968221,88.49437366606182
Cleveland__01,True,Cleveland,trestbps,Bar chart,means,512,0.24370021829293922,4,0.23180751915989173,0.2476644513372884,80.40522830916328,80.14975492234043,81.18151451795103
Cleveland__01,True,Cleveland,trestbps,Box plot,five,512,0.36064912553495676,4,0.18305148514811195,0.45156220335203195,73.49433305275062,68.89129502619603,84.52717506836188
Cleveland__01,True,Cleveland,trestbps,Interval plot,five,512,0.3592115870021655,4,0.17565158346532672,0.45156220335203195,73.57206262533184,68.89129502619603,85.05921431691695
Cleveland__01,True,Cleveland,trestbps,Dot plot,raw,512,0.04565724624558308,4,0.033143563062778,0.05805826740688735,95.63363172688615,94.51275329579175,96.79196926276894
Cleveland__01,True,Cleveland,trestbps,Histogram,64,512,0.10453583442564748,4,0.0990795024108609,0.1092839653303091,90.53576795179256,90.14824258297398,90.98522880341893
Cleveland__01,True,Cleveland,trestbps,Heatmap,64,512,0.10064499341197794,4,0.10064499341197794,0.10064499341197794,90.85581690605065,90.85581690605065,90.85581690605065
Cleveland__01,True,Cleveland,trestbps,Violin plot,64,512,0.13022269415429885,4,0.129814910364676,0.13065929606510096,88.47813843874907,88.44397277589997,88.51007282929423
Cleveland__02,True,Cleveland,chol,Bar chart,means,128,0.1238786722176606,4,0.1225034103689888,0.12800445776367594,88.97757602489061,88.65213192353416,89.08658902615542
Cleveland__02,True,Cleveland,chol,Box plot,five,128,0.44598412152157413,4,0.3662310553185336,0.5114694159144774,69.15705263400294,66.16078297521982,73.19406158329875
Cleveland__02,True,Cleveland,chol,Interval plot,five,128,0.4441143713903571,4,0.37062114599420554,0.5053732183474381,69.24659291612929,66.42870936004665,72.95962147692033
Cleveland__02,True,Cleveland,chol,Dot plot,raw,128,0.030416561521963616,4,0.01895626258670197,0.04166435571904381,97.048129595565,96.00021297740541,98.13963922861812
Cleveland__02,True,Cleveland,chol,Histogram,64,128,0.05332475266676407,4,0.03345121847676886,0.08256039698864058,94.93748224070889,92.37359899564967,96.7631545757841
Cleveland__02,True,Cleveland,chol,Heatmap,32,128,0.044397309964593165,4,0.044397309964593165,0.044397309964593165,95.74900188453202,95.74900188453202,95.74900188453202
Cleveland__02,True,Cleveland,chol,Violin plot,128,128,0.03909999535605523,4,0.03762278159006338,0.03971254184911286,96.2371287141949,96.18043062378716,96.37413689660805
Cleveland__02,True,Cleveland,chol,Bar chart,means,256,0.11685169715895394,4,0.11438009759159541,0.11932329672631245,89.53740255253216,89.3396932704521,89.73598883910486
Cleveland__02,True,Cleveland,chol,Box plot,five,256,0.453756179053196,4,0.41099029364818457,0.4799936759646246,68.78732585345097,67.56785628480634,70.87220971693937
Cleveland__02,True,Cleveland,chol,Interval plot,five,256,0.4498296029142994,4,0.41101586541103113,0.4660090706691263,68.97362269261865,68.21240195625617,70.87092530378447
Cleveland__02,True,Cleveland,chol,Dot plot,raw,256,0.021723510727670276,4,0.011368892683988078,0.039910361805132806,97.87383665937189,96.16213442321565,98.87589061061418
Cleveland__02,True,Cleveland,chol,Histogram,64,256,0.025836695730198117,4,0.018879882997935783,0.04011771051383351,97.48140266011762,96.14296438678899,98.14699619523512
Cleveland__02,True,Cleveland,chol,Heatmap,64,256,0.01731527355185915,4,0.01731527355185915,0.01731527355185915,98.29794420647943,98.29794420647943,98.29794420647943
Cleveland__02,True,Cleveland,chol,Violin plot,128,256,0.037647027127447684,4,0.037060310691824055,0.03787439300619001,96.37188502995406,96.35077295851887,96.42640738347212
Cleveland__02,True,Cleveland,chol,Bar chart,means,512,0.11413747237130115,4,0.11288427518136407,0.11789706394111227,89.75553060535933,89.45367442638504,89.85660255079374
Cleveland__02,True,Cleveland,chol,Box plot,five,512,0.4586408840530515,4,0.4081382972369448,0.47870434130331635,68.55697046015538,67.62677109060283,71.0157519302049
Cleveland__02,True,Cleveland,chol,Interval plot,five,512,0.4576326338808687,4,0.4070408670870556,0.4768462512441397,68.60439158373902,67.71185552711191,71.07114110127183
Cleveland__02,True,Cleveland,chol,Dot plot,raw,512,0.023010283517197375,4,0.012417669143986742,0.0326372280890828,97.75072803392688,96.83942945292814,98.77346380624846
Cleveland__02,True,Cleveland,chol,Histogram,64,512,0.019670605149253912,4,0.014806129925628185,0.023841347337962417,98.07088631858966,97.67138264146578,98.54098930928677
Cleveland__02,True,Cleveland,chol,Heatmap,64,512,0.013428638249343483,4,0.013428638249343483,0.013428638249343483,98.67493005994574,98.67493005994574,98.67493005994574
Cleveland__02,True,Cleveland,chol,Violin plot,256,512,0.037263645796111994,4,0.037167375940045516,0.03734725105705497,96.40750488584686,96.39973489889734,96.41645342861285
Cleveland__03,True,Cleveland,thalach,Bar chart,means,128,0.1703382828355644,4,0.16576636262318764,0.18405404347269463,85.44538059347603,84.45560449817938,85.78048158378984
Cleveland__03,True,Cleveland,thalach,Box plot,five,128,0.39772780001659824,4,0.21494997827616483,0.5254453230258058,71.54468845708905,65.55462755075641,82.30791537762343
Cleveland__03,True,Cleveland,thalach,Interval plot,five,128,0.3920563143819048,4,0.21505093225256983,0.5242162929263056,71.83617427460297,65.60748659103523,82.30107672491644
Cleveland__03,True,Cleveland,thalach,Dot plot,raw,128,0.03776567400152171,4,0.015590890799431868,0.05234325597582079,96.36086691363562,95.02602827750498,98.46484534858723
Cleveland__03,True,Cleveland,thalach,Histogram,32,128,0.04485755668858997,4,0.0406974415833594,0.049060086910496216,95.70682564322408,95.32342450898317,96.08940697293916
Cleveland__03,True,Cleveland,thalach,Heatmap,64,128,0.05890228778832389,4,0.05890228778832389,0.05890228778832389,94.4374199142255,94.4374199142255,94.4374199142255
Cleveland__03,True,Cleveland,thalach,Violin plot,256,128,0.01694667452467836,4,0.014352294716376427,0.018127365522636225,98.33357294446148,98.21953852371595,98.5850779072384
Cleveland__03,True,Cleveland,thalach,Bar chart,means,256,0.16724499520049346,4,0.16724499520049327,0.16724499520049355,85.6718173229977,85.6718173229977,85.67181732299771
Cleveland__03,True,Cleveland,thalach,Box plot,five,256,0.402172359658166,4,0.2201240220354812,0.5247268923973826,71.3179084662451,65.58551600199458,81.95888138746275
Cleveland__03,True,Cleveland,thalach,Interval plot,five,256,0.3960453140956338,4,0.20984347802568218,0.5110240800115537,71.6309126862265,66.18028218268724,82.65532014371634
Cleveland__03,True,Cleveland,thalach,Dot plot,raw,256,0.036244290082176805,4,0.027615664866702996,0.048447899434984336,96.50234115361903,95.37908374263583,97.3126465651645
Cleveland__03,True,Cleveland,thalach,Histogram,32,256,0.055038407107966494,4,0.039156342721898885,0.07359793624290636,94.78327928754405,93.14473940770928,96.2319103380214
Cleveland__03,True,Cleveland,thalach,Heatmap,64,256,0.03649925390230351,4,0.03649925390230351,0.03649925390230351,96.47860297391553,96.47860297391553,96.47860297391553
Cleveland__03,True,Cleveland,thalach,Violin plot,64,256,0.02031539707982309,4,0.018899085335719528,0.02103630503395944,98.00891007447633,97.93971037756,98.14514650099107
Cleveland__03,True,Cleveland,thalach,Bar chart,means,512,0.16514840191913344,4,0.16514840191913344,0.16514840191913344,85.82597704746323,85.82597704746323,85.82597704746323
Cleveland__03,True,Cleveland,thalach,Box plot,five,512,0.40675346095299514,4,0.22026526080651346,0.528059153451166,71.08566125883615,65.44249270334011,81.94939511258947
Cleveland__03,True,Cleveland,thalach,Interval plot,five,512,0.4045720533753455,4,0.22026526080651346,0.5244008260831661,71.19606271510864,65.59954461382871,81.94939511258947
Cleveland__03,True,Cleveland,thalach,Dot plot,raw,512,0.019156621705490935,4,0.013936349630236839,0.02195312595701526,98.12034565664365,97.85184609749523,98.62552026709376
Cleveland__03,True,Cleveland,thalach,Histogram,64,512,0.042895044739349394,4,0.041111777842467404,0.046051925335425604,95.88692601851702,95.59754881951403,96.05116580972076
Cleveland__03,True,Cleveland,thalach,Heatmap,64,512,0.03667632738659943,4,0.03667632738659943,0.03667632738659943,96.46212357534407,96.46212357534407,96.46212357534407
Cleveland__03,True,Cleveland,thalach,Violin plot,64,512,0.02263174341049118,4,0.022271591372668546,0.02283247673843575,97.7869117053795,97.76772078930823,97.82136258498947
Cleveland__04,True,Cleveland,oldpeak,Bar chart,means,128,0.5513650176049407,4,0.5384238409966899,0.5556787431410243,64.45936247446393,64.28062377332033,65.00159275691773
Cleveland__04,True,Cleveland,oldpeak,Box plot,five,128,0.3208109714683168,4,0.055034804815535146,0.4156868272773506,75.71106097705426,70.63709153268032,94.78360291391927
Cleveland__04,True,Cleveland,oldpeak,Interval plot,five,128,0.32692929024927614,4,0.08401271088666029,0.4165363140458007,75.36196595766911,70.59473097049506,92.24984079587567
Cleveland__04,True,Cleveland,oldpeak,Dot plot,raw,128,0.1479688594030191,4,0.13490228915343666,0.16649953539232112,87.1103768894944,85.72656650597607,88.11331244612565
Cleveland__04,True,Cleveland,oldpeak,Histogram,32,128,0.16403458632972856,4,0.1181402145931855,0.20154830003279414,85.90810030422382,83.22595104771958,89.43422183986391
Cleveland__04,True,Cleveland,oldpeak,Heatmap,64,128,0.09670720786492285,4,0.09670720786492285,0.09670720786492285,91.18203954789418,91.18203954789418,91.18203954789418
Cleveland__04,True,Cleveland,oldpeak,Violin plot,128,128,0.08466901779471148,4,0.08192330365286135,0.08784763330939369,92.19402265523766,91.92463810008502,92.42799342834502
Cleveland__04,True,Cleveland,oldpeak,Bar chart,means,256,0.5571587661282997,4,0.5531518746261636,0.561165657630436,64.21952736947868,64.0547013772912,64.38520381277557
Cleveland__04,True,Cleveland,oldpeak,Box plot,five,256,0.3171232974386452,4,0.05426524993279166,0.41571449059037024,75.92303635845317,70.63571127134453,94.85278966216036
Cleveland__04,True,Cleveland,oldpeak,Interval plot,five,256,0.31264732369796544,4,0.05205950680251939,0.40142905132188456,76.18192502635199,71.35573499470127,95.051657585345
Cleveland__04,True,Cleveland,oldpeak,Dot plot,raw,256,0.08861164807446385,4,0.05012408349484661,0.12992005731697742,91.8601230998033,88.50183634889395,95.2268418292025
Cleveland__04,True,Cleveland,oldpeak,Histogram,64,256,0.07747859211478456,4,0.035026307275266344,0.10486345656320842,92.8092685384388,90.50892162825286,96.61590173804625
Cleveland__04,True,Cleveland,oldpeak,Heatmap,64,256,0.0867925623756317,4,0.0867925623756317,0.0867925623756317,92.01387961416383,92.01387961416383,92.01387961416383
Cleveland__04,True,Cleveland,oldpeak,Violin plot,256,256,0.07715819373675077,4,0.07656074663288889,0.07792838311160417,92.83687445489483,92.77054168602072,92.88839511636064
Cleveland__04,True,Cleveland,oldpeak,Bar chart,means,512,0.5568552137417744,4,0.5558878934700465,0.5597571745569577,64.23204875915093,64.11254369027318,64.27198284638183
Cleveland__04,True,Cleveland,oldpeak,Box plot,five,512,0.3144619065592712,4,0.048956017760997485,0.4064489058235098,76.07675772191793,71.10105428355223,95.33288174794073
Cleveland__04,True,Cleveland,oldpeak,Interval plot,five,512,0.31370837951523417,4,0.049315607228801996,0.4056124879336157,76.12039441881353,71.143363379625,95.30021216790605
Cleveland__04,True,Cleveland,oldpeak,Dot plot,raw,512,0.07558182102219616,4,0.060415249757120114,0.10464174900799861,92.97293617789433,90.52708725684411,94.3026800330382
Cleveland__04,True,Cleveland,oldpeak,Histogram,64,512,0.0670222910164346,4,0.06035943819758789,0.07512209574268232,93.71875437085856,93.01269167100608,94.30764361373653
Cleveland__04,True,Cleveland,oldpeak,Heatmap,64,512,0.04869836216874747,4,0.04869836216874747,0.04869836216874747,95.35630416471353,95.35630416471353,95.35630416471353
Cleveland__04,True,Cleveland,oldpeak,Violin plot,256,512,0.07736141868736024,4,0.07710836268160465,0.07771960899044765,92.81936243998638,92.78851304716898,92.84116943539152
HeartFailure__00,True,HeartFailure,age,Bar chart,means,128,0.26387062686965074,4,0.25478605551072714,0.27295519822857434,79.12202236053193,78.55736017980722,79.69486077791778
HeartFailure__00,True,HeartFailure,age,Box plot,five,128,0.23354259433880986,4,0.17932285128742326,0.28381725086870446,81.06732629982746,77.89270624953377,84.79442240166354
HeartFailure__00,True,HeartFailure,age,Interval plot,five,128,0.22955539795520266,4,0.17639326999373914,0.2839071971197831,81.33021103913154,77.88724934662892,85.00558661010719
HeartFailure__00,True,HeartFailure,age,Dot plot,raw,128,0.06082777071412104,4,0.04137075122926519,0.08619730434674831,94.26600882882492,92.0643050759007,96.02727931618688
HeartFailure__00,True,HeartFailure,age,Histogram,16,128,0.050399415298878154,4,0.03734727962417649,0.0612898076990886,95.20188086885618,94.22496972509639,96.39973224418084
HeartFailure__00,True,HeartFailure,age,Heatmap,16,128,0.03871505533003182,4,0.03871505533003182,0.03871505533003182,96.27279347388195,96.27279347388195,96.27279347388195
HeartFailure__00,True,HeartFailure,age,Violin plot,256,128,0.06942254312181728,4,0.06658851833767347,0.07081180306966439,93.50840848004181,93.38709165637972,93.75686900872937
HeartFailure__00,True,HeartFailure,age,Bar chart,means,256,0.25968944339901634,4,0.2554702491695581,0.26390863762847455,79.38464557595266,79.11964284668095,79.65142946728199
HeartFailure__00,True,HeartFailure,age,Box plot,five,256,0.23127803129544316,4,0.18045940916253678,0.2795027949177203,81.21642509514177,78.15535878249536,84.71278150168996
HeartFailure__00,True,HeartFailure,age,Interval plot,five,256,0.22962142803232732,4,0.1786663415381678,0.27952357912574716,81.32584364605832,78.15408924963027,84.84165236236348
HeartFailure__00,True,HeartFailure,age,Dot plot,raw,256,0.05954161157805198,4,0.051723725340235185,0.07359856927871516,94.38043669758544,93.14468448591903,95.08200451373268
HeartFailure__00,True,HeartFailure,age,Histogram,16,256,0.0400869016130069,4,0.03375464424674677,0.04701882524404172,96.14581228252767,95.50926648973264,96.73475283186347
HeartFailure__00,True,HeartFailure,age,Heatmap,16,256,0.03871505533003182,4,0.03871505533003182,0.03871505533003182,96.27279347388195,96.27279347388195,96.27279347388195
HeartFailure__00,True,HeartFailure,age,Violin plot,256,256,0.06808396989403807,4,0.06753473108080241,0.06875717833260732,93.62559762967021,93.5666230153535,93.67376731505229
HeartFailure__00,True,HeartFailure,age,Bar chart,means,512,0.2588328191160658,4,0.2557770996589734,0.25985139226842996,79.43866610517713,79.37444099652471,79.6319665545395
HeartFailure__00,True,HeartFailure,age,Box plot,five,512,0.2347478931348606,4,0.17978752274788368,0.285283978079058,80.9881924528847,77.80381744854287,84.76102524553451
HeartFailure__00,True,HeartFailure,age,Interval plot,five,512,0.2339950110466771,4,0.17902077903282385,0.28413752835680517,81.03760477538705,77.87327898434754,84.81614724554063
HeartFailure__00,True,HeartFailure,age,Dot plot,raw,512,0.0496837204901122,4,0.029595593965322613,0.08234222079624806,95.26679136579216,92.39221946496079,97.1255127606617
HeartFailure__00,True,HeartFailure,age,Histogram,16,512,0.038746208921098674,4,0.03608201834235529,0.041135577584883586,96.26990610523212,96.048970136982,96.51745540376392
HeartFailure__00,True,HeartFailure,age,Heatmap,64,512,0.03779172316309419,4,0.03779172316309419,0.03779172316309419,96.35844820115653,96.35844820115653,96.35844820115653
HeartFailure__00,True,HeartFailure,age,Violin plot,128,512,0.06799662180567424,4,0.06778594623543846,0.06824503357182432,93.63325497315604,93.61148131495284,93.65172893739395
HeartFailure__01,True,HeartFailure,creatinine_phosphokinase,Bar chart,means,128,0.18280016251449743,4,0.12677052505693076,0.2388297999720641,84.54513549221322,80.72133880074165,88.74921536924958
HeartFailure__01,True,HeartFailure,creatinine_phosphokinase,Box plot,five,128,0.7862329316741403,4,0.35717379985911996,0.9572999489644788,55.98373998528589,51.09078966302819,73.68253057226745
HeartFailure__01,True,HeartFailure,creatinine_phosphokinase,Interval plot,five,128,0.7728049829803745,4,0.3597870398670225,0.9258316987990516,56.40778368745539,51.92561741628824,73.54092741594249
HeartFailure__01,True,HeartFailure,creatinine_phosphokinase,Dot plot,raw,128,0.12034294578115352,4,0.10607721342164037,0.1485188169786115,89.25838322682122,87.0686648940313,90.40960141530343
HeartFailure__01,True,HeartFailure,creatinine_phosphokinase,Histogram,8,128,0.03717599094541324,4,0.03118987159702722,0.05487387342014011,96.41565257295183,94.79806308575768,96.9753512465437
HeartFailure__01,True,HeartFailure,creatinine_phosphokinase,Heatmap,4,128,0.0300109635318955,4,0.0300109635318955,0.0300109635318955,97.08634523374506,97.08634523374506,97.08634523374506
HeartFailure__01,True,HeartFailure,creatinine_phosphokinase,Violin plot,8,128,0.056098828135347376,4,0.05493242929481656,0.05857461595115835,94.68810809738368,94.46665213122199,94.79280115300494
HeartFailure__01,True,HeartFailure,creatinine_phosphokinase,Bar chart,means,256,0.17084404740848996,4,0.1708440474084896,0.17084404740849007,85.40847111221764,85.40847111221764,85.40847111221767
HeartFailure__01,True,HeartFailure,creatinine_phosphokinase,Box plot,five,256,0.7889156731467553,4,0.36485024678297134,0.9364378504025529,55.89978415477632,51.641213261355986,73.26811145450252
HeartFailure__01,True,HeartFailure,creatinine_phosphokinase,Interval plot,five,256,0.7827070795879748,4,0.3628805113174119,0.9246911603491123,56.0944650666403,51.95638763252873,73.37400393475157
HeartFailure__01,True,HeartFailure,creatinine_phosphokinase,Dot plot,raw,256,0.053418883501480725,4,0.01578021371468581,0.1033594524885741,94.9289988685298,90.63229555377879,98.44649329632264
HeartFailure__01,True,HeartFailure,creatinine_phosphokinase,Histogram,8,256,0.025700671281431997,4,0.0224719048122139,0.027800671479347568,97.49433026602941,97.29513005286005,97.80219830917103
HeartFailure__01,True,HeartFailure,creatinine_phosphokinase,Heatmap,4,256,0.0300109635318955,4,0.0300109635318955,0.0300109635318955,97.08634523374506,97.08634523374506,97.08634523374506
HeartFailure__01,True,HeartFailure,creatinine_phosphokinase,Violin plot,8,256,0.05835743627884929,4,0.058138590077457246,0.05858126009937213,94.486037110106,94.46605921458756,94.50557888894296
HeartFailure__01,True,HeartFailure,creatinine_phosphokinase,Bar chart,means,512,0.1529176892037956,4,0.14035346747088678,0.1654819109367044,86.73646083881319,85.80141747513646,87.69210850192201
HeartFailure__01,True,HeartFailure,creatinine_phosphokinase,Box plot,five,512,0.7888700609597921,4,0.3636195536320409,0.9324243355707595,55.90120947429042,51.74846857352584,73.33423734915435
HeartFailure__01,True,HeartFailure,creatinine_phosphokinase,Interval plot,five,512,0.7854842479729642,4,0.3588418998664387,0.9292733413862722,56.00721491300112,51.832986987808255,73.59207867363308
HeartFailure__01,True,HeartFailure,creatinine_phosphokinase,Dot plot,raw,512,0.03631478110020989,4,0.0232064597715238,0.0707455229670585,96.49577698181088,93.39287240062221,97.73198658492582
HeartFailure__01,True,HeartFailure,creatinine_phosphokinase,Histogram,32,512,0.02956012032277587,4,0.01853455155477337,0.03580402663399964,97.12885923422243,96.54335900292354,98.18027267445362
HeartFailure__01,True,HeartFailure,creatinine_phosphokinase,Heatmap,4,512,0.0300109635318955,4,0.0300109635318955,0.0300109635318955,97.08634523374506,97.08634523374506,97.08634523374506
HeartFailure__01,True,HeartFailure,creatinine_phosphokinase,Violin plot,8,512,0.05796416600401474,4,0.05792426805025334,0.058046613574995846,94.52115980232598,94.51379430450005,94.52472451955305
HeartFailure__02,True,HeartFailure,ejection_fraction,Bar chart,means,128,0.1559605180964524,4,0.1559605180964524,0.1559605180964524,86.50814490158572,86.50814490158572,86.50814490158572
HeartFailure__02,True,HeartFailure,ejection_fraction,Box plot,five,128,0.43396144953913046,4,0.21419194035157224,0.5661525203663624,69.7368817217085,63.85074167400215,82.35930142234741
HeartFailure__02,True,HeartFailure,ejection_fraction,Interval plot,five,128,0.4220248374120234,4,0.19306983236208222,0.5651908355219144,70.3222597588326,63.8899728585843,83.81739047245577
HeartFailure__02,True,HeartFailure,ejection_fraction,Dot plot,raw,128,0.08696464428070697,4,0.05625642680856385,0.11437783131623049,91.99931251321837,89.73617133238061,94.67398016421633
HeartFailure__02,True,HeartFailure,ejection_fraction,Histogram,32,128,0.10229169412673664,4,0.08776354686073669,0.11113948763507653,90.72008846008998,89.99770156025836,91.93174407121653
HeartFailure__02,True,HeartFailure,ejection_fraction,Heatmap,32,128,0.10491739561260516,4,0.10491739561260516,0.10491739561260516,90.50450322990568,90.50450322990568,90.50450322990568
HeartFailure__02,True,HeartFailure,ejection_fraction,Violin plot,256,128,0.19928337481844463,4,0.1973591439330672,0.20125567748310433,83.38312870812426,83.24622465845245,83.51713060086676
HeartFailure__02,True,HeartFailure,ejection_fraction,Bar chart,means,256,0.15764353342228485,4,0.15764353342228485,0.15764353342228485,86.38237688278265,86.38237688278265,86.38237688278265
HeartFailure__02,True,HeartFailure,ejection_fraction,Box plot,five,256,0.4324115402427608,4,0.20043339451051392,0.5694114136331794,69.81233897560773,63.71815518309537,83.30324735823913
HeartFailure__02,True,HeartFailure,ejection_fraction,Interval plot,five,256,0.42987579881806437,4,0.1973326639592783,0.5693924293162161,69.93614416207339,63.71892595631418,83.51897764930686
HeartFailure__02,True,HeartFailure,ejection_fraction,Dot plot,raw,256,0.0742548848383363,4,0.020940385157906544,0.16501303068596576,93.08777778101417,85.83594978428651,97.94891205575458
HeartFailure__02,True,HeartFailure,ejection_fraction,Histogram,64,256,0.059096083316850206,4,0.02794952075654198,0.0909003145910669,94.42013956545146,91.66740412710013,97.28104151106838
HeartFailure__02,True,HeartFailure,ejection_fraction,Heatmap,64,256,0.03833328806126721,4,0.03833328806126721,0.03833328806126721,96.30819039493171,96.30819039493171,96.30819039493171
HeartFailure__02,True,HeartFailure,ejection_fraction,Violin plot,256,256,0.19918153004954486,4,0.19841665192172783,0.199969612368647,83.390210317756,83.33544363894995,83.4434333331771
HeartFailure__02,True,HeartFailure,ejection_fraction,Bar chart,means,512,0.15557960837782206,4,0.14712341262422002,0.15839834029568942,86.53666028286693,86.32609053503502,87.17457851482146
HeartFailure__02,True,HeartFailure,ejection_fraction,Box plot,five,512,0.4364118718433105,4,0.20774914189232202,0.5730567984479328,69.61791527918282,63.570495419279,82.79865125245983
HeartFailure__02,True,HeartFailure,ejection_fraction,Interval plot,five,512,0.4350990590212517,4,0.20452019977368335,0.5728162858346936,69.6816009817474,63.58021652028482,83.02060855333845
HeartFailure__02,True,HeartFailure,ejection_fraction,Dot plot,raw,512,0.07595885055235616,4,0.02059160051723236,0.1562481693665248,92.94035729030328,86.48662341648259,97.98238585279394
HeartFailure__02,True,HeartFailure,ejection_fraction,Histogram,64,512,0.03073373438898575,4,0.029035686345973286,0.03137828554326151,97.01826637048951,96.95763562379699,97.1783596301624
HeartFailure__02,True,HeartFailure,ejection_fraction,Heatmap,64,512,0.034091539985927066,4,0.034091539985927066,0.034091539985927066,96.70323770501099,96.70323770501099,96.70323770501099
HeartFailure__02,True,HeartFailure,ejection_fraction,Violin plot,256,512,0.19661248195778105,4,0.19636280039132487,0.1967709413773675,83.56924360039244,83.55817854744174,83.58668454693714
HeartFailure__03,True,HeartFailure,platelets,Bar chart,means,128,0.15055887947278473,4,0.1485941781468389,0.1512137799147667,86.91428294901564,86.86483930673916,87.06295217458064
HeartFailure__03,True,HeartFailure,platelets,Box plot,five,128,0.49094650947166246,4,0.40723900908119454,0.5505668133550683,67.07148738383403,64.49254500915256,71.06113414614008
HeartFailure__03,True,HeartFailure,platelets,Interval plot,five,128,0.4764681214894637,4,0.4015080485771092,0.5154148114123329,67.72919682080222,65.98853280759624,71.35171296484933
HeartFailure__03,True,HeartFailure,platelets,Dot plot,raw,128,0.04199607398564713,4,0.03555813060498588,0.04605803126973358,95.9696514186458,95.59699080806949,96.56628347998075
HeartFailure__03,True,HeartFailure,platelets,Histogram,16,128,0.035327763284931535,4,0.017054193555727834,0.048314009332295973,96.58777012094777,95.39126550802573,98.32317749990249
HeartFailure__03,True,HeartFailure,platelets,Heatmap,16,128,0.03353641163682087,4,0.03353641163682087,0.03353641163682087,96.75517850564076,96.75517850564076,96.75517850564076
HeartFailure__03,True,HeartFailure,platelets,Violin plot,16,128,0.026776387141429915,4,0.026181176982579834,0.02771953463060598,97.39218904166894,97.30281135109792,97.4486788912301
HeartFailure__03,True,HeartFailure,platelets,Bar chart,means,256,0.14971898701441685,4,0.14971898701441685,0.14971898701441685,86.977775551641,86.977775551641,86.977775551641
HeartFailure__03,True,HeartFailure,platelets,Box plot,five,256,0.4994654646836956,4,0.4139537144647373,0.5502302956661168,66.69043226086869,64.50654478858002,70.72367290173692
HeartFailure__03,True,HeartFailure,platelets,Interval plot,five,256,0.495596445822935,4,0.4139537144647373,0.5406102912326803,66.86295643406409,64.9093418167339,70.72367290173692
HeartFailure__03,True,HeartFailure,platelets,Dot plot,raw,256,0.022544872075597626,4,0.01819648194694721,0.026186947034586322,97.79521929146881,97.44813095603487,98.21287126113884
HeartFailure__03,True,HeartFailure,platelets,Histogram,16,256,0.03661502382086267,4,0.029551857435303086,0.04174807323807781,96.4678281734811,95.99249815665013,97.12963876254673
HeartFailure__03,True,HeartFailure,platelets,Heatmap,16,256,0.03353641163682087,4,0.03353641163682087,0.03353641163682087,96.75517850564076,96.75517850564076,96.75517850564076
HeartFailure__03,True,HeartFailure,platelets,Violin plot,16,256,0.03144926250758019,4,0.030343092420992885,0.03211711225212243,96.95096369247256,96.88822984612264,97.05504965829432
HeartFailure__03,True,HeartFailure,platelets,Bar chart,means,512,0.15022671034269064,4,0.14904859504698711,0.15376105622980105,86.939382558945,86.67305891462021,87.02852118792312
HeartFailure__03,True,HeartFailure,platelets,Box plot,five,512,0.5007283648458679,4,0.4145610107175853,0.5497925691462068,66.63431060708345,64.52476414639851,70.69330996849088
HeartFailure__03,True,HeartFailure,platelets,Interval plot,five,512,0.500835889519033,4,0.4164796536269773,0.5497925691462068,66.62953671240271,64.52476414639851,70.59755482116829
HeartFailure__03,True,HeartFailure,platelets,Dot plot,raw,512,0.017497861686383488,4,0.013244605099157687,0.02744387433981767,98.28030481976809,97.32891742067646,98.69285214720077
HeartFailure__03,True,HeartFailure,platelets,Histogram,16,512,0.033386914417070285,4,0.030162186380557884,0.03561427842080167,96.76917580905274,96.56104795357692,97.07209342574184
HeartFailure__03,True,HeartFailure,platelets,Heatmap,16,512,0.03353641163682087,4,0.03353641163682087,0.03353641163682087,96.75517850564076,96.75517850564076,96.75517850564076
HeartFailure__03,True,HeartFailure,platelets,Violin plot,256,512,0.03757160799228006,4,0.037079392682540936,0.03823987537151369,96.37889012161948,96.31685545136375,96.42463316269063
HeartFailure__04,True,HeartFailure,serum_creatinine,Bar chart,means,128,0.38685029140470795,4,0.36720013431136767,0.4065004484980482,72.10583623897311,71.09844871132921,73.14218122891573
HeartFailure__04,True,HeartFailure,serum_creatinine,Box plot,five,128,0.7006815011561182,4,0.2901440490029706,0.851749135472933,58.79995750645861,54.002995375753315,77.51072454062822
HeartFailure__04,True,HeartFailure,serum_creatinine,Interval plot,five,128,0.6669311253746169,4,0.26811823396403317,0.8185582342695151,59.990480996943745,54.98861577021115,78.85700033458886
HeartFailure__04,True,HeartFailure,serum_creatinine,Dot plot,raw,128,0.10532621772867638,4,0.08497647340522782,0.12309558410003278,90.47102872986129,89.03961640997167,92.16789713987743
HeartFailure__04,True,HeartFailure,serum_creatinine,Histogram,64,128,0.07959998926560029,4,0.034143274900249265,0.16339659058151726,92.62689977241031,85.95521149844143,96.69839994815587
HeartFailure__04,True,HeartFailure,serum_creatinine,Heatmap,64,128,0.05748727516033042,4,0.05748727516033042,0.05748727516033042,94.56378563499835,94.56378563499835,94.56378563499835
HeartFailure__04,True,HeartFailure,serum_creatinine,Violin plot,32,128,0.17260248900808212,4,0.1686732515510783,0.17606618749216424,85.28039206584931,85.0292280005425,85.56711627247283
HeartFailure__04,True,HeartFailure,serum_creatinine,Bar chart,means,256,0.3756471843369662,4,0.369894898736712,0.3813994699372204,72.69305759397746,72.39035642929893,72.99830088586933
HeartFailure__04,True,HeartFailure,serum_creatinine,Box plot,five,256,0.710013039969867,4,0.26280012233438504,0.8610658833354206,58.4790862189929,53.73264906709214,79.189095907864
HeartFailure__04,True,HeartFailure,serum_creatinine,Interval plot,five,256,0.6938746762715348,4,0.238190232335125,0.8539808675777161,59.036244771138904,53.93798919330442,80.76303413523802
HeartFailure__04,True,HeartFailure,serum_creatinine,Dot plot,raw,256,0.04080980051868062,4,0.03757685702895129,0.04684530990314327,96.07903379672797,95.52509721732646,96.37840254681946
HeartFailure__04,True,HeartFailure,serum_creatinine,Histogram,64,256,0.05174183922303868,4,0.04005250932689242,0.07077128881543518,95.08036694049727,93.39062509850002,96.1489916165085
HeartFailure__04,True,HeartFailure,serum_creatinine,Heatmap,64,256,0.05320867191413996,4,0.05320867191413996,0.05320867191413996,94.94794589780231,94.94794589780231,94.94794589780231
HeartFailure__04,True,HeartFailure,serum_creatinine,Violin plot,32,256,0.17805657718282275,4,0.177022541570899,0.17856618671284877,84.88556656517949,84.84886222547335,84.96014007219964
HeartFailure__04,True,HeartFailure,serum_creatinine,Bar chart,means,512,0.3766581921091322,4,0.37665819210913215,0.3766581921091322,72.63967234073793,72.63967234073793,72.63967234073793
HeartFailure__04,True,HeartFailure,serum_creatinine,Box plot,five,512,0.7122972357477242,4,0.285384836242353,0.8719645731856085,58.40107541628548,53.419814366372,77.79771254524547
HeartFailure__04,True,HeartFailure,serum_creatinine,Interval plot,five,512,0.7111747118912014,4,0.28313556556046154,0.8712799828549277,58.43938629123344,53.439357507279325,77.93408793584561
HeartFailure__04,True,HeartFailure,serum_creatinine,Dot plot,raw,512,0.038365887053245395,4,0.03216442849219877,0.047141389814504005,96.30516684613715,95.49808743374618,96.88378831857392
HeartFailure__04,True,HeartFailure,serum_creatinine,Histogram,64,512,0.03970496704682536,4,0.03405373045862306,0.04583046971435929,96.1811313492516,95.61779169363113,96.70677359835842
HeartFailure__04,True,HeartFailure,serum_creatinine,Heatmap,64,512,0.05008341396469384,4,0.05008341396469384,0.05008341396469384,95.23052994660692,95.23052994660692,95.23052994660692
HeartFailure__04,True,HeartFailure,serum_creatinine,Violin plot,32,512,0.178204271596272,4,0.17793386172140588,0.1784042125285749,84.87492569053119,84.86052488341313,84.8944098218403
HeartFailure__05,True,HeartFailure,serum_sodium,Bar chart,means,128,0.2322086325569754,4,0.2322086325569695,0.23220863255697738,81.15508799227322,81.15508799227308,81.15508799227361
HeartFailure__05,True,HeartFailure,serum_sodium,Box plot,five,128,0.42951457129999593,4,0.2888395066434631,0.5418605329281898,69.95381649664496,64.85670906310006,77.5891796337241
HeartFailure__05,True,HeartFailure,serum_sodium,Interval plot,five,128,0.36985652980807526,4,0.2898380231873124,0.4383934388152295,73.00034552816314,69.52200788844506,77.5291146658016
HeartFailure__05,True,HeartFailure,serum_sodium,Dot plot,raw,128,0.18591801269056124,4,0.1739947121171255,0.2010997682780626,84.32286121797254,83.25703046580668,85.17925929978408
HeartFailure__05,True,HeartFailure,serum_sodium,Histogram,32,128,0.1331479242279685,4,0.11590837927006328,0.16201608710053386,88.24973144449042,86.05732838821561,89.61309177139783
HeartFailure__05,True,HeartFailure,serum_sodium,Heatmap,64,128,0.1030729472583732,4,0.1030729472583732,0.1030729472583732,90.65583581624813,90.65583581624813,90.65583581624813
HeartFailure__05,True,HeartFailure,serum_sodium,Violin plot,32,128,0.09283790422400533,4,0.0844216807639237,0.10172134654082253,91.50487882373307,90.76705313369787,92.21505044933696
HeartFailure__05,True,HeartFailure,serum_sodium,Bar chart,means,256,0.22444182621233233,4,0.21723982487159788,0.24604783023453575,81.66986610489965,80.25374112739928,82.15307941518314
HeartFailure__05,True,HeartFailure,serum_sodium,Box plot,five,256,0.46796426944958963,4,0.27145168897364746,0.5487749037910284,68.12154906024709,64.56716192599973,78.65025534766713
HeartFailure__05,True,HeartFailure,serum_sodium,Interval plot,five,256,0.44281514544609446,4,0.26308699363197474,0.5547529581242076,69.30894807670019,64.318899975369,79.17111054437551
HeartFailure__05,True,HeartFailure,serum_sodium,Dot plot,raw,256,0.09985822252641464,4,0.07550224666771481,0.12985441497526937,90.92080956606965,88.50697813327466,92.97981506764421
HeartFailure__05,True,HeartFailure,serum_sodium,Histogram,64,256,0.11986457426942093,4,0.11433900523092233,0.13101366471554535,89.29651164761432,88.41626155343616,89.73929794306822
HeartFailure__05,True,HeartFailure,serum_sodium,Heatmap,64,256,0.11108175729274848,4,0.11108175729274848,0.11108175729274848,90.00237772210308,90.00237772210308,90.00237772210308
HeartFailure__05,True,HeartFailure,serum_sodium,Violin plot,64,256,0.09272103674999951,4,0.09140948605154697,0.09478710890845339,91.51466535084079,91.3419597164457,91.62463885280636
HeartFailure__05,True,HeartFailure,serum_sodium,Bar chart,means,512,0.21489009362131267,4,0.21413648963481027,0.21564369760781507,82.31197251919522,82.26094553591928,82.36306284648289
HeartFailure__05,True,HeartFailure,serum_sodium,Box plot,five,512,0.47567959400077514,4,0.2805284592633337,0.5487217497791879,67.76538782981062,64.56937794943327,78.0927587173879
HeartFailure__05,True,HeartFailure,serum_sodium,Interval plot,five,512,0.47552944312326406,4,0.2805284592633337,0.5487217497791879,67.77228368166566,64.56937794943327,78.0927587173879
HeartFailure__05,True,HeartFailure,serum_sodium,Dot plot,raw,512,0.05990169130599464,4,0.0482227806347077,0.07824354036789492,94.34837289181182,92.74342600362824,95.39956757994628
HeartFailure__05,True,HeartFailure,serum_sodium,Histogram,64,512,0.11550802761657125,4,0.11158473518613854,0.11890169688033492,89.64525357443019,89.37335628216039,89.96165279586596
HeartFailure__05,True,HeartFailure,serum_sodium,Heatmap,64,512,0.10662165351748773,4,0.10662165351748773,0.10662165351748773,90.36512134218754,90.36512134218754,90.36512134218754
HeartFailure__05,True,HeartFailure,serum_sodium,Violin plot,256,512,0.09053812131752842,4,0.08988110565864527,0.09146294553262715,91.69784902079853,91.62015110939072,91.75312745656531
CKD__00,True,CKD,age,Bar chart,means,128,0.17988598393135266,4,0.17412863269758067,0.19715803763266865,84.75395195966506,83.53116034516707,85.16954379201901
CKD__00,True,CKD,age,Box plot,five,128,0.4027563710919947,4,0.34009923370542794,0.4667628766251554,71.28821658614436,68.17734590480497,74.62133958803634
CKD__00,True,CKD,age,Interval plot,five,128,0.39709041891890395,4,0.324414838166592,0.4668344873582948,71.5773286008088,68.17401749265908,75.50504352430205
CKD__00,True,CKD,age,Dot plot,raw,128,0.055657253819614706,4,0.030889097735953903,0.09776708771630936,94.72771549494557,91.09400447414627,97.00364493098309
CKD__00,True,CKD,age,Histogram,32,128,0.05367460306282928,4,0.024865216335402264,0.09212911546288641,94.9059602550154,91.56426523581521,97.57380620016431
CKD__00,True,CKD,age,Heatmap,32,128,0.024993123957252252,4,0.024993123957252252,0.024993123957252252,97.56163008579415,97.56163008579415,97.56163008579415
CKD__00,True,CKD,age,Violin plot,256,128,0.09311755122240235,4,0.09143185418530503,0.09593088782460707,91.48146957129435,91.24662979295827,91.62276106981008
CKD__00,True,CKD,age,Bar chart,means,256,0.17450681746925298,4,0.17364443627602105,0.17536919866248482,85.1421196647229,85.07964996342879,85.20468117013398
CKD__00,True,CKD,age,Box plot,five,256,0.404626796209561,4,0.3245301865375142,0.48306391965308865,71.19328797503637,67.42797709177061,75.49846807297943
CKD__00,True,CKD,age,Interval plot,five,256,0.4006807600631017,4,0.3245138014133892,0.4736584041642932,71.39385565308609,67.85833115559075,75.49940203966916
CKD__00,True,CKD,age,Dot plot,raw,256,0.028820365156450686,4,0.010556534329390866,0.06565178435286297,97.19869803004259,93.83928358992696,98.95537419523032
CKD__00,True,CKD,age,Histogram,32,256,0.05493831655709777,4,0.051088509541159274,0.058591214662141906,94.79227214569333,94.46517089405076,95.13946646001664
CKD__00,True,CKD,age,Heatmap,64,256,0.013379423702604228,4,0.013379423702604228,0.013379423702604228,98.679722186018,98.679722186018,98.679722186018
CKD__00,True,CKD,age,Violin plot,256,256,0.08838666259347486,4,0.08760068461689428,0.08877621984699068,91.8791119340932,91.84623816825587,91.94551034622128
CKD__00,True,CKD,age,Bar chart,means,512,0.17146976976751624,4,0.1701835323082823,0.17532848214521812,85.3628515056308,85.08259734970369,85.45668028906701
CKD__00,True,CKD,age,Box plot,five,512,0.4057614597168105,4,0.3283351630246615,0.48208887553024765,71.13582415337018,67.47233695025405,75.28220496120635
CKD__00,True,CKD,age,Interval plot,five,512,0.40444126585462414,4,0.3267936561790005,0.48208887553024765,71.20269279409735,67.47233695025405,75.3696699816816
CKD__00,True,CKD,age,Dot plot,raw,512,0.0328477612575764,4,0.019369311322890433,0.049788321533512654,96.81968993982409,95.25729897044552,98.09987301876356
CKD__00,True,CKD,age,Histogram,64,512,0.022922042599479494,4,0.018876862882226512,0.029935758889840115,97.75916036169978,97.09343435923542,98.14728711879597
CKD__00,True,CKD,age,Heatmap,64,512,0.013535020760693897,4,0.013535020760693897,0.013535020760693897,98.66457295668626,98.66457295668626,98.66457295668626
CKD__00,True,CKD,age,Violin plot,256,512,0.08844028665070328,4,0.0883573904992495,0.08852773541598742,91.87458533689087,91.86720443258562,91.88158308377744
CKD__01,True,CKD,bp,Bar chart,means,128,0.3707803539831228,4,0.35010453217790016,0.4328078193987908,72.95114765062588,69.79303061171191,74.0683388705366
CKD__01,True,CKD,bp,Box plot,five,128,0.7273785909656068,4,0.7134573213265376,0.7401983601865046,57.891188719723495,57.464713384330835,58.36153533289129
CKD__01,True,CKD,bp,Interval plot,five,128,0.7260653660537023,4,0.7194503131541384,0.7326804189532665,57.93523348923319,57.71404749896765,58.158121368777
CKD__01,True,CKD,bp,Dot plot,raw,128,0.08138485517638913,4,0.07347301715836396,0.08575693278794015,92.4740156303452,92.10164538689716,93.15557857682744
CKD__01,True,CKD,bp,Histogram,64,128,0.22705312224665675,4,0.15207650778006526,0.25277643824229407,81.49606417765052,79.82270175858737,86.79979092073484
CKD__01,True,CKD,bp,Heatmap,64,128,0.21401127739645956,4,0.21401127739645956,0.21401127739645956,82.37155771275674,82.37155771275674,82.37155771275674
CKD__01,True,CKD,bp,Violin plot,256,128,0.23075794445320494,4,0.2261908449316209,0.23362718681200384,81.25074508003888,81.06176733865975,81.5533735334458
CKD__01,True,CKD,bp,Bar chart,means,256,0.36991525683646037,4,0.34110752185261484,0.3795178351644089,72.99721606935717,72.48909542955069,74.56523684384331
CKD__01,True,CKD,bp,Box plot,five,256,0.6961525796590091,4,0.6882576485146292,0.7120928576521008,58.95696012212757,58.408046942696906,59.23266516102117
CKD__01,True,CKD,bp,Interval plot,five,256,0.6999936109901883,4,0.6882888749034737,0.719743693925615,58.82375048559942,58.14819984699729,59.231569600739924
CKD__01,True,CKD,bp,Dot plot,raw,256,0.045153419175134026,4,0.03301049842860891,0.05859632155124472,95.67973291320519,94.46471517439443,96.80443727543683
CKD__01,True,CKD,bp,Histogram,64,256,0.13782031546361462,4,0.13019470453646453,0.14465800238620735,87.88733918787005,87.36233861252474,88.48032962693252
CKD__01,True,CKD,bp,Heatmap,64,256,0.13512751742890955,4,0.13512751742890955,0.13512751742890955,88.09582929193924,88.09582929193924,88.09582929193924
CKD__01,True,CKD,bp,Violin plot,256,256,0.22791985513847537,4,0.2277668311509465,0.22806995447264009,81.43853980496371,81.42858607996982,81.44868998151459
CKD__01,True,CKD,bp,Bar chart,means,512,0.37880006668333055,4,0.37416367027852304,0.3927092558977531,72.52683142128615,71.80249544298395,72.77153527114528
CKD__01,True,CKD,bp,Box plot,five,512,0.7064987413256169,4,0.7046280800679553,0.7102561665366783,58.599515826375296,58.470772950056414,58.66382301763648
CKD__01,True,CKD,bp,Interval plot,five,512,0.7056704272785413,4,0.7034423648400108,0.7102637238250317,58.62797314224038,58.47051458025925,58.70465714840438
CKD__01,True,CKD,bp,Dot plot,raw,512,0.02447902776932258,4,0.019942037357084746,0.027736656046316355,97.6105877127985,97.30119035035504,98.04478719116635
CKD__01,True,CKD,bp,Histogram,64,512,0.13465074968692978,4,0.13203841020287108,0.138062417033415,88.13284618865477,87.86864279436429,88.3362252541229
CKD__01,True,CKD,bp,Heatmap,64,512,0.13164248343801374,4,0.13164248343801374,0.13164248343801374,88.36713137190873,88.36713137190873,88.36713137190873
CKD__01,True,CKD,bp,Violin plot,256,512,0.22770858338163763,4,0.2275576880502367,0.227982695295654,81.45255425726272,81.43437231086028,81.46256666668978
CKD__02,True,CKD,bgr,Bar chart,means,128,0.7530590615769359,4,0.7440536695328006,0.7620644536210713,57.04314372046691,56.75161302669625,57.33768504199078
CKD__02,True,CKD,bgr,Box plot,five,128,0.35816534350567836,4,0.3311973565070553,0.3780253951365589,73.62873782501424,72.56760314645018,75.12034148143984
CKD__02,True,CKD,bgr,Interval plot,five,128,0.34881173209468963,4,0.3205505084396555,0.3704817261669806,74.13933139853485,72.9670436976085,75.72599409178119
CKD__02,True,CKD,bgr,Dot plot,raw,128,0.05130594132280164,4,0.037370547125938146,0.07826980940432621,95.11978965340516,92.74116656873059,96.39757006505782
CKD__02,True,CKD,bgr,Histogram,16,128,0.12813352438121844,4,0.08668248184080449,0.178270951209294,88.64198947979143,84.87012252773191,92.0232005862497
CKD__02,True,CKD,bgr,Heatmap,64,128,0.016179022003918558,4,0.016179022003918558,0.016179022003918558,98.40785711438784,98.40785711438784,98.40785711438784
CKD__02,True,CKD,bgr,Violin plot,32,128,0.08129604848607033,4,0.08050917754103218,0.0826655435549479,92.48161050806637,92.36462783478687,92.54895939669379
CKD__02,True,CKD,bgr,Bar chart,means,256,0.7542459647124602,4,0.7479723338532613,0.7563371749988598,57.004548969500455,56.93667561302113,57.209143453408224
CKD__02,True,CKD,bgr,Box plot,five,256,0.3659026429507441,4,0.3269857305574573,0.38221408318466105,73.21166008140311,72.34769289110203,75.3587606085189
CKD__02,True,CKD,bgr,Interval plot,five,256,0.3664802635915708,4,0.3267853425186608,0.38221408318466105,73.18071300727482,72.34769289110203,75.37014224936203
CKD__02,True,CKD,bgr,Dot plot,raw,256,0.016409848767121323,4,0.010094871503311485,0.02074961943526221,98.3855086816577,97.96721751934211,99.00060164761678
CKD__02,True,CKD,bgr,Histogram,64,256,0.04560128459268986,4,0.007426549764342062,0.14807307826333885,95.63875013691728,87.10246925332268,99.26281972952974
CKD__02,True,CKD,bgr,Heatmap,64,256,0.013158866318094486,4,0.013158866318094486,0.013158866318094486,98.70120405046498,98.70120405046498,98.70120405046498
CKD__02,True,CKD,bgr,Violin plot,8,256,0.08683222471625313,4,0.0857436390827483,0.08795008593958208,92.0105217032074,91.91598152560225,92.10277306757368
CKD__02,True,CKD,bgr,Bar chart,means,512,0.7537685773137467,4,0.7537685773137467,0.7537685773137467,57.02006598451567,57.02006598451567,57.02006598451567
CKD__02,True,CKD,bgr,Box plot,five,512,0.3690568989306132,4,0.345815065872698,0.39041339373439665,73.04298315001459,71.92105632082429,74.30441413223049
CKD__02,True,CKD,bgr,Interval plot,five,512,0.3658406594433349,4,0.34582000325886736,0.3818092631507652,73.21498251542477,72.36888814305863,74.30414153293357
CKD__02,True,CKD,bgr,Dot plot,raw,512,0.015311368779511152,4,0.005302622357010876,0.028521341697705066,98.49195337998462,97.22695674446318,99.47253471351954
CKD__02,True,CKD,bgr,Histogram,64,512,0.02507275907679801,4,0.008462525971475154,0.06970998011971064,97.55405078763589,93.48328225264295,99.1608487421659
CKD__02,True,CKD,bgr,Heatmap,64,512,0.01059827473863151,4,0.01059827473863151,0.01059827473863151,98.95128707385014,98.95128707385014,98.95128707385014
CKD__02,True,CKD,bgr,Violin plot,32,512,0.08738055347094005,4,0.08706322025055967,0.08763356958328697,91.96412394979664,91.94273034282467,91.9909699244086
CKD__03,True,CKD,bu,Bar chart,means,128,0.6961370209666506,4,0.6908727084126549,0.7119299586286377,58.957500935277444,58.41360477160304,59.141057456582445
CKD__03,True,CKD,bu,Box plot,five,128,0.5653467823962194,4,0.5397934266333877,0.605640213310239,63.88360785264519,62.28045309966223,64.94377639904627
CKD__03,True,CKD,bu,Interval plot,five,128,0.5452917731846306,4,0.5387865869571931,0.5604454728936326,64.71269810355228,64.08426422908818,64.98626960203798
CKD__03,True,CKD,bu,Dot plot,raw,128,0.08618494056580753,4,0.056493167116243755,0.11635920547375464,92.0653530216583,89.57690276541638,94.6527655005621
CKD__03,True,CKD,bu,Histogram,8,128,0.12061197409083993,4,0.1118213970787196,0.12832299793622629,89.23695472835784,88.62710428034019,89.94250359162656
CKD__03,True,CKD,bu,Heatmap,64,128,0.027701134100976743,4,0.027701134100976743,0.027701134100976743,97.30455351446027,97.30455351446027,97.30455351446027
CKD__03,True,CKD,bu,Violin plot,32,128,0.07809691063692331,4,0.07765868939908942,0.07857449690879517,92.75603984517636,92.71496803104557,92.79375834269082
CKD__03,True,CKD,bu,Bar chart,means,256,0.6935599307205524,4,0.6886700671766736,0.6984497942644312,59.04721656791524,58.87721870713773,59.218198950605135
CKD__03,True,CKD,bu,Box plot,five,256,0.5687155151734444,4,0.5582930980322834,0.5816685416843784,63.74642121707041,63.22437183552139,64.17277990018299
CKD__03,True,CKD,bu,Interval plot,five,256,0.5646779598890925,4,0.550097623175117,0.5757677951954921,63.91091493810534,63.46112688995135,64.51206588857717
CKD__03,True,CKD,bu,Dot plot,raw,256,0.017038653705938357,4,0.00897531847490448,0.021374118180833967,98.32467982963557,97.90731742655636,99.11045212795979
CKD__03,True,CKD,bu,Histogram,32,256,0.09636125545577337,4,0.04896101686915826,0.14514451803727577,91.21081167578157,87.325222646479,95.33242741324243
CKD__03,True,CKD,bu,Heatmap,64,256,0.022413815821294484,4,0.022413815821294484,0.022413815821294484,97.80775499367742,97.80775499367742,97.80775499367742
CKD__03,True,CKD,bu,Violin plot,32,256,0.07063040091105947,4,0.07035902699188175,0.07110520109100363,93.40291468923766,93.36151098710216,93.42659563589449
CKD__03,True,CKD,bu,Bar chart,means,512,0.6924041447919991,4,0.6924041447919991,0.6924041447919992,59.087541417177434,59.087541417177434,59.087541417177434
CKD__03,True,CKD,bu,Box plot,five,512,0.5704965337196871,4,0.5419080530197653,0.5813942521498017,63.674129711800234,63.235337970943405,64.85471024303557
CKD__03,True,CKD,bu,Interval plot,five,512,0.569336862750848,4,0.5419080530197653,0.5813942521498017,63.72118209516389,63.235337970943405,64.85471024303557
CKD__03,True,CKD,bu,Dot plot,raw,512,0.013113063457979905,4,0.007654743673792853,0.016376553962607444,98.70566633370395,98.38873162719474,99.24034063037459
CKD__03,True,CKD,bu,Histogram,64,512,0.03984476345206495,4,0.011347090511792477,0.08144753362623468,96.1682007879918,92.4686560287275,98.87802213322725
CKD__03,True,CKD,bu,Heatmap,64,512,0.019931451871406925,4,0.019931451871406925,0.019931451871406925,98.04580476120861,98.04580476120861,98.04580476120861
CKD__03,True,CKD,bu,Violin plot,32,512,0.06848799305576533,4,0.06839994731490882,0.06858749011247975,93.59019535073139,93.58148109096241,93.5979080224769
CKD__04,True,CKD,sc,Bar chart,means,128,,2,0.46754856226954383,0.46754856226954383,,68.14084560537565,68.14084560537565
CKD__04,True,CKD,sc,Box plot,five,128,,3,1.3613938361181055,1.4400374573941153,,40.982977411665196,42.347870342708255
CKD__04,True,CKD,sc,Interval plot,five,128,1.4095054263535305,4,1.3936062581158073,1.421746378890539,41.50229292130578,41.29251554649271,41.77796563697061
CKD__04,True,CKD,sc,Dot plot,raw,128,0.26703159583880026,4,0.24374887076029145,0.2952258824138884,78.92463007901392,77.20661033551295,80.402083049829
CKD__04,True,CKD,sc,Histogram,16,128,0.1271589115986895,4,0.12428040064493827,0.1292146564990211,88.71863494222518,88.55712191164487,88.94578251353974
CKD__04,True,CKD,sc,Heatmap,32,128,0.10070336287623458,4,0.10070336287623458,0.10070336287623458,90.8509988910102,90.8509988910102,90.8509988910102
CKD__04,True,CKD,sc,Violin plot,32,128,0.14310192427894008,4,0.13913167643423827,0.14602195994389514,87.48126293556825,87.25836283703988,87.78616385510807
CKD__04,True,CKD,sc,Bar chart,means,256,0.49102655652570254,4,0.48024441610751795,0.5233729777802563,67.06788659285438,65.6438058562076,67.55641089527776
CKD__04,True,CKD,sc,Box plot,five,256,1.3815887687794666,4,1.3743481354343945,1.3968985550949191,41.988777118414404,41.720580867904076,42.116822932414955
CKD__04,True,CKD,sc,Interval plot,five,256,1.3934966968557154,4,1.3852089780516859,1.4010004967549448,41.77987800499906,41.64930416930538,41.925047624834605
CKD__04,True,CKD,sc,Dot plot,raw,256,0.08956299610045187,4,0.05122748482087677,0.10472054136103699,91.77991576246643,90.5206305630907,95.12688875047768
CKD__04,True,CKD,sc,Histogram,64,256,0.0869318968780878,4,0.04119653438584724,0.13374754758237428,92.00208429545809,88.20305738543117,96.04334695465087
CKD__04,True,CKD,sc,Heatmap,64,256,0.05017661855707023,4,0.05017661855707023,0.05017661855707023,95.22207810853642,95.22207810853642,95.22207810853642
CKD__04,True,CKD,sc,Violin plot,32,256,0.13150756560913482,4,0.13068437152340048,0.1331787366225354,88.37766802395711,88.24733183579868,88.44201133271825
CKD__04,True,CKD,sc,Bar chart,means,512,0.48773745914560973,4,0.48773745914560973,0.48773745914560973,67.21616061037331,67.21616061037331,67.21616061037331
CKD__04,True,CKD,sc,Box plot,five,512,1.3794290557722502,4,1.378065108702246,1.3818662224140252,42.02688865944975,41.983886021377735,42.050993319763165
CKD__04,True,CKD,sc,Interval plot,five,512,1.3750722507709767,4,1.3700691498734694,1.3816227355725523,42.103982296765416,41.98817827289492,42.19286175904981
CKD__04,True,CKD,sc,Dot plot,raw,512,0.014690619741796073,4,0.009047045538101471,0.02243708707793197,98.55220700221568,97.80552883287362,99.10340696421375
CKD__04,True,CKD,sc,Histogram,64,512,0.05209698772443519,4,0.03699718101696849,0.07701367263747276,95.04827137304945,92.84933194498117,96.43227757083334
CKD__04,True,CKD,sc,Heatmap,64,512,0.043439574381809724,4,0.043439574381809724,0.043439574381809724,95.83688644284499,95.83688644284499,95.83688644284499
CKD__04,True,CKD,sc,Violin plot,32,512,0.1303274370206996,4,0.1301884688070669,0.1306306323785619,88.46993952794647,88.44621500270623,88.48081781045926
CKD__05,True,CKD,sod,Bar chart,means,128,0.1602126774452585,4,0.15121596076910718,0.18720282747371247,86.19109405027012,84.23160532121815,86.86467475067992
CKD__05,True,CKD,sod,Box plot,five,128,1.8175618119526011,4,1.8003758041550042,1.8315846005377343,35.49167921561902,35.31591462286149,35.709492937207536
CKD__05,True,CKD,sod,Interval plot,five,128,1.8219844658238502,4,1.7771511843623784,1.8489044655269804,35.43605615518723,35.10121213611926,36.00812248288152
CKD__05,True,CKD,sod,Dot plot,raw,128,0.1493567601108674,4,0.1254618497345327,0.1916045630708715,87.0051871364588,83.92045742279726,88.85241203296887
CKD__05,True,CKD,sod,Histogram,16,128,0.06934281850316361,4,0.06236070792722238,0.07388505402090598,93.51537997887077,93.1198358945158,94.12998735157528
CKD__05,True,CKD,sod,Heatmap,16,128,0.10046482782042356,4,0.10046482782042356,0.10046482782042356,90.87069161316097,90.87069161316097,90.87069161316097
CKD__05,True,CKD,sod,Violin plot,64,128,0.1922460198028442,4,0.19074401162581786,0.19424239233107704,83.8753062195473,83.73509485357243,83.9811067900833
CKD__05,True,CKD,sod,Bar chart,means,256,0.16592291817301646,4,0.15751697535316822,0.17432886099286468,85.76896331765953,85.15502200589074,86.39182157090107
CKD__05,True,CKD,sod,Box plot,five,256,1.8262236202362634,4,1.8045555294109605,1.8529352767534748,35.38290434061276,35.05161887647026,35.6562738556305
CKD__05,True,CKD,sod,Interval plot,five,256,1.819664706782953,4,1.800983182867317,1.8417474320339884,35.4652096610782,35.18961568249742,35.70174951840723
CKD__05,True,CKD,sod,Dot plot,raw,256,0.06109038574905992,4,0.045570710068449274,0.06959478129613597,94.24267842122289,93.49335070503982,95.64154680026701
CKD__05,True,CKD,sod,Histogram,16,256,0.08825913961740825,4,0.0874359989677323,0.08920147396837239,91.88987839344618,91.81037887844774,91.95943494139128
CKD__05,True,CKD,sod,Heatmap,64,256,0.08768040197738579,4,0.08768040197738579,0.08768040197738579,91.93877155293188,91.93877155293188,91.93877155293188
CKD__05,True,CKD,sod,Violin plot,256,256,0.1934547926867008,4,0.19283179014944182,0.1941596161585579,83.79035436682138,83.74089916194437,83.83411712012779
CKD__05,True,CKD,sod,Bar chart,means,512,0.16449645514904213,4,0.16043782821178218,0.16855508208630207,85.87402697348799,85.57576919819911,86.17437105967025
CKD__05,True,CKD,sod,Box plot,five,512,1.8299028985272707,4,1.7812176981938375,1.851811340471281,35.336901507130044,35.065433179557495,35.95547377141366
CKD__05,True,CKD,sod,Interval plot,five,512,1.8250445053751025,4,1.7794630010795787,1.8512918776422742,35.397672429490534,35.07182157818573,35.97817274817428
CKD__05,True,CKD,sod,Dot plot,raw,512,0.06808992836207502,4,0.05220434207143883,0.10554911747667475,93.62507532802115,90.45278804820704,95.03857378418854
CKD__05,True,CKD,sod,Histogram,16,512,0.09067836776710696,4,0.08780869594664223,0.09376124345289807,91.6860579207463,91.42763157735385,91.92792847916806
CKD__05,True,CKD,sod,Heatmap,64,512,0.08439907309630897,4,0.08439907309630897,0.08439907309630897,92.21697295855093,92.21697295855093,92.21697295855093
CKD__05,True,CKD,sod,Violin plot,256,512,0.19416287239542435,4,0.19398760361759576,0.1944468578027471,83.74067081771314,83.72076107593072,83.75296334485854
CKD__06,True,CKD,pot,Bar chart,means,128,0.18420416546109233,4,0.1498575254135884,0.28724408560360415,84.44489803079108,77.68534430912442,86.96729619961512
CKD__06,True,CKD,pot,Box plot,five,128,1.564684174932699,4,1.5456205495076292,1.592918755027925,38.99115570540928,38.56657668355021,39.283152400439995
CKD__06,True,CKD,pot,Interval plot,five,128,1.5554754028557523,4,1.527087526427922,1.5786701212919363,39.13166211196933,38.77967917427884,39.57124514058742
CKD__06,True,CKD,pot,Dot plot,raw,128,0.07610293683384828,4,0.06962164811344954,0.08201070428123165,92.9279129134466,92.4205274534959,93.49100233374624
CKD__06,True,CKD,pot,Histogram,64,128,0.05309699288799469,4,0.04925768966505404,0.05661938845236209,94.95801495526234,94.64145849762488,95.30547260694576
CKD__06,True,CKD,pot,Heatmap,64,128,0.06754208542492053,4,0.06754208542492053,0.06754208542492053,93.6731219923722,93.6731219923722,93.6731219923722
CKD__06,True,CKD,pot,Violin plot,8,128,0.07175540751779637,4,0.07076491235027872,0.07251312523841279,93.30487096081156,93.23895218323845,93.39118124491462
CKD__06,True,CKD,pot,Bar chart,means,256,0.16631645657715866,4,0.14299167027053858,0.18964124288377876,85.74002316101627,84.05895525073808,87.48970145716868
CKD__06,True,CKD,pot,Box plot,five,256,1.5725962806300045,4,1.5592775505969374,1.596375342910424,38.871237105073845,38.51523250405866,39.07352681489178
CKD__06,True,CKD,pot,Interval plot,five,256,1.5669551458860633,4,1.5577265270296314,1.5723209430091423,38.95666044662496,38.87539782769812,39.0972212796077
CKD__06,True,CKD,pot,Dot plot,raw,256,0.029616781772220782,4,0.022512744272313253,0.032721695519351626,97.12351407858338,96.83150885070773,97.79829206057136
CKD__06,True,CKD,pot,Histogram,64,256,0.05859894054346399,4,0.056158889754510444,0.06184627073309371,94.46448146704357,94.17559090823991,94.68272337625604
CKD__06,True,CKD,pot,Heatmap,64,256,0.06380471633875365,4,0.06380471633875365,0.06380471633875365,94.0022153165153,94.0022153165153,94.0022153165153
CKD__06,True,CKD,pot,Violin plot,8,256,0.07214339905882994,4,0.07210972029724178,0.07215462531269266,93.27110542095764,93.2701288033292,93.27403539655909
CKD__06,True,CKD,pot,Bar chart,means,512,0.16155762793899914,4,0.16155762793899908,0.16155762793899928,86.09129465012789,86.09129465012789,86.09129465012789
CKD__06,True,CKD,pot,Box plot,five,512,1.5692494889759099,4,1.561390649582348,1.5801498139647574,38.9218720988671,38.75743937765232,39.04129189208435
CKD__06,True,CKD,pot,Interval plot,five,512,1.5657763439009424,4,1.561399469953038,1.5683335935109397,38.974558416873734,38.93575205832156,39.04115745047509
CKD__06,True,CKD,pot,Dot plot,raw,512,0.012116818305635926,4,0.010919622025722053,0.013796958430675927,98.80282413190994,98.63908070388837,98.91983281481461
CKD__06,True,CKD,pot,Histogram,64,512,0.06113293379034315,4,0.05898033429219277,0.06352007076868346,94.23889959083847,94.02737451651733,94.43045990730182
CKD__06,True,CKD,pot,Heatmap,64,512,0.06533260558438596,4,0.06533260558438596,0.06533260558438596,93.86739829026936,93.86739829026936,93.86739829026936
CKD__06,True,CKD,pot,Violin plot,8,512,0.07084974742481978,4,0.0708232540159588,0.07089230956991671,93.38378258992924,93.380071092453,93.38609301298351
CKD__07,True,CKD,hemo,Bar chart,means,128,0.2811206062533685,4,0.2811206062533685,0.2811206062533685,78.0566634490796,78.0566634490796,78.0566634490796
CKD__07,True,CKD,hemo,Box plot,five,128,0.47414145120870843,4,0.42848782542815794,0.5129684696454045,67.83609532043613,66.0952306715533,70.00409679377366
CKD__07,True,CKD,hemo,Interval plot,five,128,0.47413488744345905,4,0.4284878254281577,0.5129684696454048,67.83639736891821,66.0952306715533,70.00409679377366
CKD__07,True,CKD,hemo,Dot plot,raw,128,0.054747414174655895,4,0.048034917828503707,0.059457615261588576,94.80942892687764,94.38791940280612,95.41666818429765
CKD__07,True,CKD,hemo,Histogram,64,128,0.09030311627511686,4,0.0670602680990994,0.1129740944109437,91.71761366842405,89.84935094372194,93.71541888458061
CKD__07,True,CKD,hemo,Heatmap,64,128,0.04964813831469451,4,0.04964813831469451,0.04964813831469451,95.2700208286551,95.2700208286551,95.2700208286551
CKD__07,True,CKD,hemo,Violin plot,128,128,0.09758531839629736,4,0.09678272677239334,0.09837153373934025,91.10909040411718,91.04387443432367,91.1757612141463
CKD__07,True,CKD,hemo,Bar chart,means,256,0.2818149331260446,4,0.2748085437744946,0.2841503962432281,78.01438211998635,77.87249865167601,78.44315170960242
CKD__07,True,CKD,hemo,Box plot,five,256,0.47860479065804706,4,0.41398795535904565,0.5323047256184384,67.63132422660108,65.26117052836209,70.72196026917894
CKD__07,True,CKD,hemo,Interval plot,five,256,0.4728416259120647,4,0.41398795535904565,0.5148799620213642,67.89596263486544,66.0118309747566,70.72196026917894
CKD__07,True,CKD,hemo,Dot plot,raw,256,0.03719826060979446,4,0.033045681103606186,0.04147485067521382,96.41358243428554,96.01768101761414,96.80114038439197
CKD__07,True,CKD,hemo,Histogram,64,256,0.05784555560567016,4,0.047279813217802426,0.08283305916050546,94.53175793960295,92.35033891330174,95.48546504753742
CKD__07,True,CKD,hemo,Heatmap,64,256,0.03918685733206714,4,0.03918685733206714,0.03918685733206714,96.22908459093944,96.22908459093944,96.22908459093944
CKD__07,True,CKD,hemo,Violin plot,256,256,0.10081117986962779,4,0.10057200648635523,0.10125524395970988,90.84210065148801,90.80546998390372,90.86184221535513
CKD__07,True,CKD,hemo,Bar chart,means,512,0.28438158350129267,4,0.28099870056185744,0.28550921114777106,77.85848168843614,77.79018550222186,78.06409167795339
CKD__07,True,CKD,hemo,Box plot,five,512,0.4842918865816149,4,0.35645375231420273,0.5300973817286344,67.37219336979878,65.35531737661334,73.72164353513209
CKD__07,True,CKD,hemo,Interval plot,five,512,0.4826093057495625,4,0.35758496076706237,0.5252252918897344,67.44865259660772,65.56408455310972,73.66021493306616
CKD__07,True,CKD,hemo,Dot plot,raw,512,0.023332906742472542,4,0.01791019125880285,0.02757620665874246,97.71991044275639,97.31638330276166,98.24049396374997
CKD__07,True,CKD,hemo,Histogram,64,512,0.045960801786785424,4,0.04050232989106414,0.05064334822370551,95.60587722711293,95.1797773897939,96.1074253533575
CKD__07,True,CKD,hemo,Heatmap,64,512,0.041363308312942916,4,0.041363308312942916,0.041363308312942916,96.02796565014822,96.02796565014822,96.02796565014822
CKD__07,True,CKD,hemo,Violin plot,256,512,0.10281274550309175,4,0.10262579823050924,0.10297172376163208,90.67722549251191,90.6641556131238,90.69259957501423
CKD__08,True,CKD,pcv,Bar chart,means,128,0.2596200468584671,4,0.2530946292302011,0.26614546448673315,79.38901913271643,78.97986669370391,79.80243284693655
CKD__08,True,CKD,pcv,Box plot,five,128,0.4866056279933912,4,0.44309614996878954,0.5105441385090134,67.26733581318351,66.20130948222754,69.2954520058575
CKD__08,True,CKD,pcv,Interval plot,five,128,0.48733949571173074,4,0.4431926218007837,0.5129296562164818,67.23414545792545,66.0969263105589,69.2908198735261
CKD__08,True,CKD,pcv,Dot plot,raw,128,0.04890799472499282,4,0.029793740825124614,0.06381811838687153,95.33724645336355,94.00103107064555,97.10682444027556
CKD__08,True,CKD,pcv,Histogram,8,128,0.06336505291666607,4,0.056231794646492604,0.07198776843282713,94.04108187090931,93.28464647147342,94.67618803642314
CKD__08,True,CKD,pcv,Heatmap,32,128,0.03469125042756573,4,0.03469125042756573,0.03469125042756573,96.64718819133434,96.64718819133434,96.64718819133434
CKD__08,True,CKD,pcv,Violin plot,64,128,0.0764716488337894,4,0.07518382545415447,0.07861530912442027,92.89608333701719,92.71145991908483,93.00735151755124
CKD__08,True,CKD,pcv,Bar chart,means,256,0.25915367855414345,4,0.2523657347770232,0.2614163264798502,79.4184234245558,79.27596773625349,79.84887898406487
CKD__08,True,CKD,pcv,Box plot,five,256,0.496802729734679,4,0.4164577250890733,0.5293043980957568,66.80907110433039,65.38920578827666,70.59864775965096
CKD__08,True,CKD,pcv,Interval plot,five,256,0.4921923473796368,4,0.40189984745129487,0.5304182496314392,67.01548910608268,65.34161496315296,71.33177179654
CKD__08,True,CKD,pcv,Dot plot,raw,256,0.04249626975515997,4,0.01651814377933596,0.08490224098939994,95.92360462209224,92.17420355662907,98.37502715712256
CKD__08,True,CKD,pcv,Histogram,64,256,0.03691647714035469,4,0.010369958040325214,0.10368781750466753,96.43978295704547,90.60533097673436,98.97364742906268
CKD__08,True,CKD,pcv,Heatmap,64,256,0.01024316347126408,4,0.01024316347126408,0.01024316347126408,98.98606950864504,98.98606950864504,98.98606950864504
CKD__08,True,CKD,pcv,Violin plot,32,256,0.07288835345352782,4,0.072648442341911,0.0731607617880934,93.20634311865656,93.1826838631154,93.22718987189337
CKD__08,True,CKD,pcv,Bar chart,means,512,0.2603878501499838,4,0.2592953797373698,0.2636652613878257,79.34065691612322,79.13488093371704,79.40948693137851
CKD__08,True,CKD,pcv,Box plot,five,512,0.4984250671870789,4,0.45930928426189177,0.5309753433293682,66.73673725154984,65.31783835429567,68.52556965028786
CKD__08,True,CKD,pcv,Interval plot,five,512,0.4981546138619768,4,0.45808500201571584,0.5297510610831926,66.74878485486738,65.37011317984744,68.58310720003014
CKD__08,True,CKD,pcv,Dot plot,raw,512,0.02471842293446807,4,0.018377068102588993,0.03254708710307155,97.5877838847005,96.8478834999781,98.19545542823066
CKD__08,True,CKD,pcv,Histogram,64,512,0.01953212583661177,4,0.014062184453870202,0.032772563657355855,98.08420692770383,96.82673951549424,98.61328184114828
CKD__08,True,CKD,pcv,Heatmap,64,512,0.011878801500150006,4,0.011878801500150006,0.011878801500150006,98.82606479327966,98.82606479327966,98.82606479327966
CKD__08,True,CKD,pcv,Violin plot,32,512,0.07139655081972832,4,0.07132888525653636,0.07148562868712817,93.33612276751288,93.32836327681612,93.34201791455887
CKD__09,True,CKD,wc,Bar chart,means,128,0.28367366708846325,4,0.26137209188776683,0.3059752422891599,77.90141884487889,76.57112995857138,79.27874783589053
CKD__09,True,CKD,wc,Box plot,five,128,0.6825173506423554,4,0.6524236473574384,0.717368113942706,59.43475112564026,58.228634378462765,60.517168318137024
CKD__09,True,CKD,wc,Interval plot,five,128,0.675221303260163,4,0.6511102799273345,0.7174759976958932,59.69360573757575,58.22497672989699,60.56530639758418
CKD__09,True,CKD,wc,Dot plot,raw,128,0.06274868427095495,4,0.04360511110644817,0.08705637490991218,94.09562343386945,91.99154920395671,95.82168478839499
CKD__09,True,CKD,wc,Histogram,16,128,0.07662911655356533,4,0.06612954303932699,0.085796374817725,92.88249636059766,92.09829975421239,93.79723191510062
CKD__09,True,CKD,wc,Heatmap,32,128,0.052629041827592746,4,0.052629041827592746,0.052629041827592746,95.00022897561165,95.00022897561165,95.00022897561165
CKD__09,True,CKD,wc,Violin plot,16,128,0.08745446936687558,4,0.08662801124965028,0.08880850639724348,91.95787301165885,91.8435146423404,92.02781353390422
CKD__09,True,CKD,wc,Bar chart,means,256,0.2766406433830181,4,0.25839114114159667,0.2827238107968252,78.33057839597386,77.95910480361336,79.46654798386554
CKD__09,True,CKD,wc,Box plot,five,256,0.6767145143390061,4,0.6372388924694502,0.706093609542221,59.64044513530198,58.61343096339948,61.078441551782234
CKD__09,True,CKD,wc,Interval plot,five,256,0.6709397092100478,4,0.6386584646865718,0.7039182752960802,59.84656385195127,58.68826072812886,61.02552920881357
CKD__09,True,CKD,wc,Dot plot,raw,256,0.03997900720949732,4,0.03509165115118872,0.05121084454610004,96.15578709451357,95.12839457357269,96.60980251244794
CKD__09,True,CKD,wc,Histogram,64,256,0.04392452395967819,4,0.03448045609188081,0.05160464989503247,95.7923659276564,95.09277085260288,96.66688182567093
CKD__09,True,CKD,wc,Heatmap,64,256,0.04704584973585998,4,0.04704584973585998,0.04704584973585998,95.50680137381488,95.50680137381488,95.50680137381488
CKD__09,True,CKD,wc,Violin plot,16,256,0.09363294917994083,4,0.09313788785398144,0.09388613432710241,91.43835696883937,91.41719312633431,91.47976765887904
CKD__09,True,CKD,wc,Bar chart,means,512,0.2692593155055822,4,0.2601495738215398,0.2722958960669299,78.78610680920403,78.5980685068086,79.3556591038151
CKD__09,True,CKD,wc,Box plot,five,512,0.6785279278233005,4,0.6342068207812058,0.7167698349162019,59.576012017672575,58.248926539929066,61.191765159930384
CKD__09,True,CKD,wc,Interval plot,five,512,0.6768942210334163,4,0.6348391072895363,0.7144354451529052,59.63405368430049,58.3282387696326,61.16809877749616
CKD__09,True,CKD,wc,Dot plot,raw,512,0.03573033418588245,4,0.01939698444209236,0.0467904675529754,96.55022808480668,95.5301018682034,98.09720994488639
CKD__09,True,CKD,wc,Histogram,64,512,0.043093462309662885,4,0.0419145173927413,0.04469896543927043,95.86868637693851,95.72135448411441,95.97716351072378
CKD__09,True,CKD,wc,Heatmap,64,512,0.047124592233059134,4,0.047124592233059134,0.047124592233059134,95.49961937838141,95.49961937838141,95.49961937838141
CKD__09,True,CKD,wc,Violin plot,16,512,0.09532329255576226,4,0.09524866291365361,0.09552892445696282,91.29724591783851,91.28010933126981,91.30346686201226
CKD__10,True,CKD,rc,Bar chart,means,128,0.18321103722747167,4,0.16971071752061967,0.22371199634802752,84.5157768594877,81.71857454894125,85.49122317350846
CKD__10,True,CKD,rc,Box plot,five,128,0.6297983955515088,4,0.5990543986262982,0.6676100200924204,61.357282147870144,59.96605848797785,62.53695939669541
CKD__10,True,CKD,rc,Interval plot,five,128,0.6125457289529403,4,0.5696454491693419,0.6446592088895189,62.01374522565143,60.80286995597127,63.70865474933853
CKD__10,True,CKD,rc,Dot plot,raw,128,0.05141150848721678,4,0.0401536504887326,0.062864380341839,95.11023913356357,94.08538083460653,96.13964240092166
CKD__10,True,CKD,rc,Histogram,16,128,0.059964323563518815,4,0.050120113268105095,0.06830658918424769,94.34279793852653,93.60608744008533,95.2272018567357
CKD__10,True,CKD,rc,Heatmap,16,128,0.046492188859413294,4,0.046492188859413294,0.046492188859413294,95.5573305415604,95.5573305415604,95.5573305415604
CKD__10,True,CKD,rc,Violin plot,256,128,0.05552690029606618,4,0.05274332243485778,0.060091829620126325,94.73941400446627,94.33145054597207,94.98991622071092
CKD__10,True,CKD,rc,Bar chart,means,256,0.1708102846710527,4,0.16550367798852852,0.17611689135357672,85.41093404222674,85.02556228480945,85.799815040124
CKD__10,True,CKD,rc,Box plot,five,256,0.6307301857172818,4,0.5809615299994679,0.6764545656488086,61.322222937827505,59.64969289895355,63.252646002103326
CKD__10,True,CKD,rc,Interval plot,five,256,0.6286075430442724,4,0.5809356453633753,0.6764545656488086,61.40214714533075,59.64969289895355,63.25368163674693
CKD__10,True,CKD,rc,Dot plot,raw,256,0.0469546892740668,4,0.041505600020981616,0.052307066017644815,95.51511734413033,95.02929632359157,96.01484619764449
CKD__10,True,CKD,rc,Histogram,16,256,0.05111647353505659,4,0.048749351764893825,0.05292302199811497,95.13693536139296,94.97370454511633,95.35166799551716
CKD__10,True,CKD,rc,Heatmap,16,256,0.046492188859413294,4,0.046492188859413294,0.046492188859413294,95.5573305415604,95.5573305415604,95.5573305415604
CKD__10,True,CKD,rc,Violin plot,64,256,0.057348431997216544,4,0.05693170910517646,0.05762694699546429,94.57620305078699,94.5512973965752,94.61349218547184
CKD__10,True,CKD,rc,Bar chart,means,512,0.1700223339818294,4,0.1687412440857453,0.1738656036700816,85.46845397359142,85.1886278014713,85.56213833133407
CKD__10,True,CKD,rc,Box plot,five,512,0.6309896701096299,4,0.5800610270443287,0.6768603458679101,61.31246680015963,59.63525838416911,63.288694732924704
CKD__10,True,CKD,rc,Interval plot,five,512,0.6295239113200709,4,0.5756336065109336,0.6754184217879977,61.367617440477076,59.68658258710116,63.46653155071942
CKD__10,True,CKD,rc,Dot plot,raw,512,0.04922899860714005,4,0.02583598738265379,0.060229506922348595,95.3080787251885,94.31920102872974,97.4814699717669
CKD__10,True,CKD,rc,Histogram,16,512,0.049162938297951736,4,0.047834541659207405,0.05067356954224365,95.31407977699743,95.17703966186939,95.43491460174016
CKD__10,True,CKD,rc,Heatmap,16,512,0.046492188859413294,4,0.046492188859413294,0.046492188859413294,95.5573305415604,95.5573305415604,95.5573305415604
CKD__10,True,CKD,rc,Violin plot,256,512,0.05895867215117826,4,0.05868448837601541,0.05917012828532451,94.43239158413905,94.41353879748155,94.456848190339
ILPD__00,True,ILPD,age,Bar chart,means,128,0.10527837630391114,4,0.09812384598621327,0.10766321974314376,90.47494472334058,90.2801485303349,91.06440987099326
ILPD__00,True,ILPD,age,Box plot,five,128,0.3521761851670122,4,0.22855366712644568,0.45471689506780666,73.95485965288513,68.74189771153983,81.39652558597406
ILPD__00,True,ILPD,age,Interval plot,five,128,0.3455966363821336,4,0.22855366712644576,0.4444718753831081,74.31647590088147,69.22945451843958,81.39652558597405
ILPD__00,True,ILPD,age,Dot plot,raw,128,0.059512007789596706,4,0.04557788911126073,0.07777730296708198,94.38307377811097,92.78354603005982,95.64089011579979
ILPD__00,True,ILPD,age,Histogram,16,128,0.05659959041572495,4,0.05193085597188809,0.06041161389751751,94.64323184211574,94.30300337097628,95.06328237478036
ILPD__00,True,ILPD,age,Heatmap,32,128,0.06084009655093728,4,0.06084009655093728,0.06084009655093728,94.26491355777897,94.26491355777897,94.26491355777897
ILPD__00,True,ILPD,age,Violin plot,32,128,0.04226596360755931,4,0.04131452958960584,0.04293839305027565,95.9448005515535,95.88294060930158,96.03246392750437
ILPD__00,True,ILPD,age,Bar chart,means,256,0.10493932713173282,4,0.10493932713173278,0.10493932713173286,90.50270684055201,90.502706840552,90.50270684055201
ILPD__00,True,ILPD,age,Box plot,five,256,0.35769714901477323,4,0.2448477382896263,0.4599927670207036,73.65412829552305,68.49349000821587,80.33110951978449
ILPD__00,True,ILPD,age,Interval plot,five,256,0.354507049356251,4,0.2391300157101861,0.45488545141544917,73.8275965765748,68.7339335909302,80.70178167921041
ILPD__00,True,ILPD,age,Dot plot,raw,256,0.03384157203831534,4,0.026708627352567328,0.0384104829777732,96.72661915001217,96.30103089217414,97.39861664341545
ILPD__00,True,ILPD,age,Histogram,64,256,0.03291982980900532,4,0.020340547925594768,0.05072960520100349,96.81293466743762,95.17196384779707,98.00649420755177
ILPD__00,True,ILPD,age,Heatmap,32,256,0.05178263501466229,4,0.05178263501466229,0.05178263501466229,95.0766790313152,95.0766790313152,95.0766790313152
ILPD__00,True,ILPD,age,Violin plot,16,256,0.04232598279367021,4,0.041712456516435445,0.04277366644968357,95.93927586068354,95.8980872047417,95.99578019294066
ILPD__00,True,ILPD,age,Bar chart,means,512,0.10541519251465635,4,0.10371770256661494,0.10711268246269776,90.46374672354084,90.32504241352987,90.6028776810024
ILPD__00,True,ILPD,age,Box plot,five,512,0.35585189842945875,4,0.06033787800168426,0.45747460773844156,73.75436809568528,68.61182998938806,94.30956120181264
ILPD__00,True,ILPD,age,Interval plot,five,512,0.353494392028433,4,0.05558490614716841,0.4527975539888546,73.88283290197725,68.83271500935302,94.73420794258506
ILPD__00,True,ILPD,age,Dot plot,raw,512,0.03065088801811025,4,0.01711181919175834,0.04308962128163241,97.02606494842784,95.86903939963578,98.31760688757348
ILPD__00,True,ILPD,age,Histogram,64,512,0.04323593576977784,4,0.036702918360890485,0.047348073772101915,95.85559370729737,95.4792418148463,96.45964936426333
ILPD__00,True,ILPD,age,Heatmap,32,512,0.05178263501466229,4,0.05178263501466229,0.05178263501466229,95.0766790313152,95.0766790313152,95.0766790313152
ILPD__00,True,ILPD,age,Violin plot,16,512,0.043108740378887754,4,0.043059481876628856,0.043139741282375015,95.8672822199506,95.8644331554906,95.8718095540287
ILPD__01,True,ILPD,total_bilirubin,Bar chart,means,128,0.5459852327203052,4,0.5459852327203052,0.5459852327203052,64.68367089382909,64.68367089382909,64.68367089382909
ILPD__01,True,ILPD,total_bilirubin,Box plot,five,128,1.1339504125430777,4,1.0857517091299702,1.1675246278370597,46.861445051493824,46.13557729205065,47.944345226840554
ILPD__01,True,ILPD,total_bilirubin,Interval plot,five,128,1.1430478516960196,4,1.1005271489401505,1.1977558280863474,46.66251382154601,45.50095998929646,47.60709712819297
ILPD__01,True,ILPD,total_bilirubin,Dot plot,means,128,0.5255420030435328,4,0.5078245373236633,0.5459852327203052,65.55047307808962,64.68367089382909,66.32071406497772
ILPD__01,True,ILPD,total_bilirubin,Histogram,8,128,0.10682092616179928,4,0.08065135725000472,0.143395401071463,90.34885195636573,87.4588090054334,92.53678286628512
ILPD__01,True,ILPD,total_bilirubin,Heatmap,32,128,0.06178195078092637,4,0.06178195078092637,0.06178195078092637,94.18129581732987,94.18129581732987,94.18129581732987
ILPD__01,True,ILPD,total_bilirubin,Violin plot,32,128,0.10553823218578577,4,0.0993137703597457,0.10929653102668445,90.45367865956804,90.14722141738535,90.9658395048353
ILPD__01,True,ILPD,total_bilirubin,Bar chart,means,256,0.522719297690673,4,0.522719297690673,0.522719297690673,65.67198573739631,65.67198573739631,65.67198573739631
ILPD__01,True,ILPD,total_bilirubin,Box plot,five,256,1.1426155742670128,4,1.0608743464629418,1.1704062384332934,46.67192808687108,46.0743238888702,48.52309417681335
ILPD__01,True,ILPD,total_bilirubin,Interval plot,five,256,1.1590974557446039,4,1.0841436224440988,1.2007252415411096,46.31564903841415,45.43956606321862,47.98133819718665
ILPD__01,True,ILPD,total_bilirubin,Dot plot,raw,256,0.2204180620136525,4,0.20517290822090647,0.23735499669478963,81.93913472159127,80.8175505551107,82.97564550104386
ILPD__01,True,ILPD,total_bilirubin,Histogram,8,256,0.12503104678041913,4,0.1196772589101225,0.13227900552574676,88.88643587763828,88.31745489581641,89.31145042397176
ILPD__01,True,ILPD,total_bilirubin,Heatmap,64,256,0.037966068603217024,4,0.037966068603217024,0.037966068603217024,96.34226303232555,96.34226303232555,96.34226303232555
ILPD__01,True,ILPD,total_bilirubin,Violin plot,32,256,0.10989094669476694,4,0.10922090503749685,0.11049718955961144,90.09894197064857,90.04975513684721,90.15336759869265
ILPD__01,True,ILPD,total_bilirubin,Bar chart,means,512,0.5214533571081783,4,0.51228487834405,0.5306218358723065,65.72662877425942,65.33292395048687,66.1251074000686
ILPD__01,True,ILPD,total_bilirubin,Box plot,five,512,1.1416965227130271,4,1.0545656045221496,1.1740965100651006,46.69195609157709,45.99611817462768,48.67208901964363
ILPD__01,True,ILPD,total_bilirubin,Interval plot,five,512,1.1432333426507384,4,1.0599481188505178,1.1744834690500856,46.65847530923562,45.987932961240034,48.54491192516126
ILPD__01,True,ILPD,total_bilirubin,Dot plot,raw,512,0.08793020289912394,4,0.08242880585136521,0.10036794467444976,91.91766138445215,90.87869242645522,92.38482887689484
ILPD__01,True,ILPD,total_bilirubin,Histogram,64,512,0.0760868545438237,4,0.041163220865085205,0.1459613786191461,92.92930173595713,87.2629757562139,96.0464200002298
ILPD__01,True,ILPD,total_bilirubin,Heatmap,64,512,0.05520088575894662,4,0.05520088575894662,0.05520088575894662,94.76868466431928,94.76868466431928,94.76868466431928
ILPD__01,True,ILPD,total_bilirubin,Violin plot,32,512,0.09253843904500829,4,0.09196469700727694,0.0931476173814558,91.52996034392194,91.47895344595973,91.578052178855
ILPD__02,True,ILPD,direct_bilirubin,Bar chart,means,128,0.6087294638665834,4,0.5816677988826604,0.6357911288505064,62.16085566037304,61.13249927591392,63.22440152770584
ILPD__02,True,ILPD,direct_bilirubin,Box plot,five,128,0.4744988902223747,4,0.407433510648991,0.5060327701534811,67.8196509086003,66.39961757924358,71.05131378738335
ILPD__02,True,ILPD,direct_bilirubin,Interval plot,five,128,0.48126576362238255,4,0.42922786208484703,0.5110610063631967,67.50983007630823,66.17866491087528,69.96784953109417
ILPD__02,True,ILPD,direct_bilirubin,Dot plot,raw,128,0.4323447571584017,4,0.4164671271814452,0.4464556314666547,69.81559397640262,69.13450908867736,70.59817914658198
ILPD__02,True,ILPD,direct_bilirubin,Histogram,4,128,0.18240897387961455,4,0.16686572883743264,0.20391497644141482,84.57310643701302,83.06234406650911,85.69966323343101
ILPD__02,True,ILPD,direct_bilirubin,Heatmap,32,128,0.05031356547175035,4,0.05031356547175035,0.05031356547175035,95.20966241646589,95.20966241646589,95.20966241646589
ILPD__02,True,ILPD,direct_bilirubin,Violin plot,128,128,0.14156905233284056,4,0.13609647803188613,0.144630593000761,87.59873070809526,87.36443059576123,88.02069360626375
ILPD__02,True,ILPD,direct_bilirubin,Bar chart,means,256,0.5962743042505518,4,0.5837059159107383,0.6088426925903655,62.64587466810714,62.15648084213379,63.143036213572024
ILPD__02,True,ILPD,direct_bilirubin,Box plot,five,256,0.47367073409281485,4,0.37562271982468,0.5113202407301579,67.8577633975744,66.16731338931014,72.69435039045064
ILPD__02,True,ILPD,direct_bilirubin,Interval plot,five,256,0.48556285896571466,4,0.3898206764317855,0.5315250207616714,67.31455313147937,65.29439522330959,71.95172851848714
ILPD__02,True,ILPD,direct_bilirubin,Dot plot,raw,256,0.191352079045778,4,0.1724284192086829,0.205063831200428,83.93824274021136,82.98315608757811,85.29305359852489
ILPD__02,True,ILPD,direct_bilirubin,Histogram,16,256,0.14426896950836282,4,0.0896096085506873,0.2050985535029844,87.39204038973912,82.98076510781603,91.7759895060141
ILPD__02,True,ILPD,direct_bilirubin,Heatmap,32,256,0.03996750586868356,4,0.03996750586868356,0.03996750586868356,96.15685051281496,96.15685051281496,96.15685051281496
ILPD__02,True,ILPD,direct_bilirubin,Violin plot,32,256,0.09452739932816681,4,0.09417247494660805,0.09471524895008229,91.363633346576,91.34795564043512,91.39326960759058
ILPD__02,True,ILPD,direct_bilirubin,Bar chart,means,512,0.5967567272373326,4,0.5967567272373324,0.5967567272373326,62.62694767099396,62.62694767099396,62.626947670993964
ILPD__02,True,ILPD,direct_bilirubin,Box plot,five,512,0.4742932670419547,4,0.37409761040475115,0.5108903432461037,67.82910987624707,66.18614014379953,72.77503376964918
ILPD__02,True,ILPD,direct_bilirubin,Interval plot,five,512,0.47208162727024106,4,0.3691655879702503,0.5084259827843536,67.9310156091244,66.29427041253513,73.03718474859363
ILPD__02,True,ILPD,direct_bilirubin,Dot plot,raw,512,0.06071701070129117,4,0.030114882110353125,0.08929344276877185,94.27585208036325,91.80262734880645,97.0765511077116
ILPD__02,True,ILPD,direct_bilirubin,Histogram,32,512,0.10074290408382058,4,0.07092715545164338,0.14028617793557704,90.84773531493516,87.69728330921653,93.37703268699624
ILPD__02,True,ILPD,direct_bilirubin,Heatmap,32,512,0.03996750586868356,4,0.03996750586868356,0.03996750586868356,96.15685051281496,96.15685051281496,96.15685051281496
ILPD__02,True,ILPD,direct_bilirubin,Violin plot,32,512,0.08563999322315455,4,0.08532232853366174,0.08594919855795026,92.11156610315192,92.08533892081843,92.13852638147254
ILPD__03,True,ILPD,alkaline_phosphatase,Bar chart,means,128,0.33627818986714914,4,0.32329846575963783,0.3752173621896831,74.83471687129897,72.71577770133406,75.56874173703143
ILPD__03,True,ILPD,alkaline_phosphatase,Box plot,five,128,0.6137713022170199,4,0.13180117672729638,0.7826706831626677,61.96664909248213,56.0956103359417,88.35474114734434
ILPD__03,True,ILPD,alkaline_phosphatase,Interval plot,five,128,0.5908004833581006,4,0.11250632047117584,0.7647429260860094,62.86143425661085,56.665477176207276,89.88712977167388
ILPD__03,True,ILPD,alkaline_phosphatase,Dot plot,raw,128,0.20625244705016116,4,0.19576794451510526,0.21846703187826635,82.90138622685966,82.07033705774545,83.62826621895347
ILPD__03,True,ILPD,alkaline_phosphatase,Histogram,4,128,0.08577843595718687,4,0.07162892901285409,0.11738346707064677,92.09982137087043,89.4947911321454,93.31588322472444
ILPD__03,True,ILPD,alkaline_phosphatase,Heatmap,64,128,0.03369525397414535,4,0.03369525397414535,0.03369525397414535,96.74031066268317,96.74031066268317,96.74031066268317
ILPD__03,True,ILPD,alkaline_phosphatase,Violin plot,8,128,0.042861023782864896,4,0.03960131978248449,0.044762956828907983,95.89005411024077,95.71549158243764,96.19072051671017
ILPD__03,True,ILPD,alkaline_phosphatase,Bar chart,means,256,0.3269471700794101,4,0.32694717007941004,0.32694717007941015,75.36095049964617,75.36095049964617,75.36095049964618
ILPD__03,True,ILPD,alkaline_phosphatase,Box plot,five,256,0.6262727537219109,4,0.09567140086319466,0.8066266833504827,61.49030030241765,55.35177849501527,91.26823965763617
ILPD__03,True,ILPD,alkaline_phosphatase,Interval plot,five,256,0.6128487636014077,4,0.09364704575940302,0.7907982287440417,62.0020935978555,55.84102016346866,91.4371783728107
ILPD__03,True,ILPD,alkaline_phosphatase,Dot plot,raw,256,0.027719874787705334,4,0.01972484729685872,0.04141700935861331,97.30277914558853,96.02301393328297,98.0656696412619
ILPD__03,True,ILPD,alkaline_phosphatase,Histogram,32,256,0.08624097066794335,4,0.05484599244558962,0.11330188423007273,92.06060413879318,89.8228965714516,94.80056872392976
ILPD__03,True,ILPD,alkaline_phosphatase,Heatmap,64,256,0.02522273762373797,4,0.02522273762373797,0.02522273762373797,97.53977972804239,97.53977972804239,97.53977972804239
ILPD__03,True,ILPD,alkaline_phosphatase,Violin plot,8,256,0.03168389788344505,4,0.03150636049274248,0.03202676465276064,96.92891418113182,96.89671181507232,96.94559707051228
ILPD__03,True,ILPD,alkaline_phosphatase,Bar chart,means,512,0.32713426917739447,4,0.32403592058621333,0.33023261776857554,75.35032612938524,75.17482180503659,75.52665184168514
ILPD__03,True,ILPD,alkaline_phosphatase,Box plot,five,512,0.6303654854793068,4,0.09603875517371323,0.8109274640560318,61.33594024814704,55.220323279003466,91.23764969802625
ILPD__03,True,ILPD,alkaline_phosphatase,Interval plot,five,512,0.6301598564956219,4,0.09603875517371323,0.8109274640560319,61.34367718695481,55.220323279003466,91.23764969802625
ILPD__03,True,ILPD,alkaline_phosphatase,Dot plot,raw,512,0.011383049574735023,4,0.0070337972419415125,0.016097759356453585,98.87450658981071,98.41572730495449,99.30153315000891
ILPD__03,True,ILPD,alkaline_phosphatase,Histogram,64,512,0.04216786823859156,4,0.0250979660392702,0.08108273478616693,95.95383147727811,92.49985850507504,97.55165195222826
ILPD__03,True,ILPD,alkaline_phosphatase,Heatmap,64,512,0.023769562335186213,4,0.023769562335186213,0.023769562335186213,97.67823119482391,97.67823119482391,97.67823119482391
ILPD__03,True,ILPD,alkaline_phosphatase,Violin plot,8,512,0.031096000141042877,4,0.031010894520507096,0.031222114164125174,96.9841799273017,96.97231917980805,96.99218556415649
ILPD__04,True,ILPD,ALT,Bar chart,means,128,0.3062928006494452,4,0.2875608268373051,0.36248872208586536,76.55251560008854,73.39510293113304,77.66623363778052
ILPD__04,True,ILPD,ALT,Box plot,five,128,1.1743315430254455,4,1.1414003749007586,1.201342691099607,45.99114625401437,45.42682082363484,46.69841341773111
ILPD__04,True,ILPD,ALT,Interval plot,five,128,1.1549888350239106,4,1.1316077606639763,1.1981797510709116,46.40395271416357,45.49218504595991,46.912946108270376
ILPD__04,True,ILPD,ALT,Dot plot,means,128,0.2875608268373052,4,0.27757044080416443,0.29755121287044595,77.66623363778051,77.06824902793605,78.27357052582963
ILPD__04,True,ILPD,ALT,Histogram,16,128,0.026043817272208458,4,0.020696044154971994,0.0399556759924162,97.46172465212575,96.15794433216713,97.97235971732349
ILPD__04,True,ILPD,ALT,Heatmap,32,128,0.019423769546397962,4,0.019423769546397962,0.019423769546397962,98.09463246525625,98.09463246525625,98.09463246525625
ILPD__04,True,ILPD,ALT,Violin plot,32,128,0.11309094125135358,4,0.11024402421452643,0.11622926165607653,89.83991899851281,89.58733069910434,90.07028889054173
ILPD__04,True,ILPD,ALT,Bar chart,means,256,0.29767139010829285,4,0.27157202910644074,0.3063711771089102,77.06111174390216,76.54792278968289,78.64281197681898
ILPD__04,True,ILPD,ALT,Box plot,five,256,1.171645536627182,4,1.1087785388639206,1.1998772283753305,46.04803054337847,45.457082199924734,47.42081643806647
ILPD__04,True,ILPD,ALT,Interval plot,five,256,1.1684322948992816,4,1.121757066082786,1.1910289767932172,46.11626576270151,45.64065608404672,47.130749131719035
ILPD__04,True,ILPD,ALT,Dot plot,raw,256,0.11618701898295433,4,0.10161247244116514,0.14642778923344862,89.59072117781646,87.22747384452738,90.77602378484399
ILPD__04,True,ILPD,ALT,Histogram,16,256,0.0479098949850956,4,0.027381010598957322,0.06682376733291609,95.4280520477596,93.73619435757631,97.33487281578289
ILPD__04,True,ILPD,ALT,Heatmap,32,256,0.018563359038411827,4,0.018563359038411827,0.018563359038411827,98.17749589422334,98.17749589422334,98.17749589422334
ILPD__04,True,ILPD,ALT,Violin plot,32,256,0.09989417760677795,4,0.09873088580132959,0.1010789508164534,90.91783740285504,90.82000879759775,91.01409753041365
ILPD__04,True,ILPD,ALT,Bar chart,means,512,0.2854038116710588,4,0.28120330845257885,0.29800532132649854,77.79656407739866,77.04128662416025,78.05162485942901
ILPD__04,True,ILPD,ALT,Box plot,five,512,1.1678897882452304,4,1.101191004087797,1.1924363480360687,46.12780619301854,45.61135838200164,47.59205603177119
ILPD__04,True,ILPD,ALT,Interval plot,five,512,1.1687932808996706,4,1.1051700885820863,1.1933350635034727,46.10858991527189,45.59266920224552,47.50209996920196
ILPD__04,True,ILPD,ALT,Dot plot,raw,512,0.01018053375013765,4,0.003390614190037198,0.01943783852754629,98.99220650071882,98.09327868822078,99.66208432268681
ILPD__04,True,ILPD,ALT,Histogram,32,512,0.026682832397228753,4,0.016947905536308427,0.04456815752352339,97.40106374089004,95.73334136192832,98.33345391203981
ILPD__04,True,ILPD,ALT,Heatmap,32,512,0.018563359038411827,4,0.018563359038411827,0.018563359038411827,98.17749589422334,98.17749589422334,98.17749589422334
ILPD__04,True,ILPD,ALT,Violin plot,32,512,0.08716198712165525,4,0.0869656010631468,0.08738204599145545,91.9826126967129,91.96399772153843,91.99923153243425
ILPD__05,True,ILPD,AST,Bar chart,means,128,,0,,,,,
ILPD__05,True,ILPD,AST,Box plot,five,128,,3,1.9146781135808706,1.9580029442980238,,33.806592448720984,34.30910587829664
ILPD__05,True,ILPD,AST,Interval plot,five,128,1.91074931497415,4,1.8687325555911307,1.9410339831368575,34.35541476744729,34.00164723473942,34.85859976912138
ILPD__05,True,ILPD,AST,Dot plot,means,128,0.23873964971039663,4,0.21527203307193835,0.2658176689086174,80.72721336027217,79.0003192847036,82.2861032580682
ILPD__05,True,ILPD,AST,Histogram,64,128,0.05255442893474854,4,0.035922763928604544,0.0739891737503959,95.00696329899661,93.11080823170461,96.53229321919984
ILPD__05,True,ILPD,AST,Heatmap,32,128,0.03872480077339758,4,0.03872480077339758,0.03872480077339758,96.27189023073633,96.27189023073633,96.27189023073633
ILPD__05,True,ILPD,AST,Violin plot,16,128,0.06565941493968276,4,0.06373868777574875,0.06791502796571983,93.83861165967373,93.6404090037864,94.00805023750479
ILPD__05,True,ILPD,AST,Bar chart,means,256,0.2629852401221927,4,0.2504092563104665,0.3007131915573707,79.17748903409598,76.88089937818494,79.97381616884864
ILPD__05,True,ILPD,AST,Box plot,five,256,1.926497126854435,4,1.8785562719232551,1.949942733938127,34.17054439670189,33.89896313902391,34.739637010183166
ILPD__05,True,ILPD,AST,Interval plot,five,256,1.9274982145788904,4,1.893573192142162,1.952474043306923,34.15885943226258,33.86989979698343,34.559346994076996
ILPD__05,True,ILPD,AST,Dot plot,raw,256,0.18357355075730886,4,0.1679832995410376,0.2007933924522006,84.48989075162676,83.27827303894884,85.61766254645532
ILPD__05,True,ILPD,AST,Histogram,64,256,0.04606285200079903,4,0.03411754297549086,0.057385329735821035,95.59655025386908,94.57290278935888,96.70080609237866
ILPD__05,True,ILPD,AST,Heatmap,64,256,0.03774348824128417,4,0.03774348824128417,0.03774348824128417,96.36292699795689,96.36292699795689,96.36292699795689
ILPD__05,True,ILPD,AST,Violin plot,16,256,0.052527896228601635,4,0.05213084569332888,0.05296830453159244,95.00935828714674,94.96962023418595,95.04521268369659
ILPD__05,True,ILPD,AST,Bar chart,means,512,0.261714938727069,4,0.2434988167209932,0.267786979395761,79.25720535645631,78.87760453862755,80.41825103114451
ILPD__05,True,ILPD,AST,Box plot,five,512,1.9273133781233307,4,1.86062307776035,1.9498555853538935,34.16101629136438,33.89996462759143,34.957419164181665
ILPD__05,True,ILPD,AST,Interval plot,five,512,1.9285784729093969,4,1.8727770564745374,1.9563008151167385,34.14625932855915,33.82605704015652,34.80952334070771
ILPD__05,True,ILPD,AST,Dot plot,raw,512,0.05808513506409635,4,0.020344676727185394,0.07962562721319116,94.51035336012185,92.62470015474469,98.00609762649597
ILPD__05,True,ILPD,AST,Histogram,64,512,0.03051827891104324,4,0.023132517413314634,0.047221977125510246,97.03855045217712,95.49073852946358,97.73904973015634
ILPD__05,True,ILPD,AST,Heatmap,64,512,0.03936854088926371,4,0.03936854088926371,0.03936854088926371,96.2122635676869,96.2122635676869,96.2122635676869
ILPD__05,True,ILPD,AST,Violin plot,16,512,0.0450300190454256,4,0.04495119416405192,0.04511390867135289,95.69103104937044,95.68335008298705,95.69824940962795
ILPD__06,True,ILPD,total_protein,Bar chart,means,128,0.06454259527936167,4,0.02776986691850542,0.1013153236402179,93.93705845444126,90.8005163039649,97.29804620544422
ILPD__06,True,ILPD,total_protein,Box plot,five,128,0.4903371306741121,4,0.35103650338182435,0.6185805633717614,67.09891201245708,61.782528632176366,74.0172450927023
ILPD__06,True,ILPD,total_protein,Interval plot,five,128,0.4769109239375464,4,0.355004953363266,0.5876904924088743,67.70889048162302,62.98456813725583,73.80046822101232
ILPD__06,True,ILPD,total_protein,Dot plot,raw,128,0.03531346584260828,4,0.022107034001422214,0.04249354448931865,96.58910397597623,95.92385538366717,97.83711164623573
ILPD__06,True,ILPD,total_protein,Histogram,16,128,0.04963488884036646,4,0.037905037683392914,0.070856795259651,95.27122341605823,93.3831679853635,96.3479281526567
ILPD__06,True,ILPD,total_protein,Heatmap,64,128,0.03894560188639141,4,0.03894560188639141,0.03894560188639141,96.25143012149253,96.25143012149253,96.25143012149253
ILPD__06,True,ILPD,total_protein,Violin plot,16,128,0.03327646055835676,4,0.03194344353580464,0.0346197478933652,96.77952011600314,96.65386747509353,96.90453544369107
ILPD__06,True,ILPD,total_protein,Bar chart,means,256,0.04493258703715999,4,0.031433716466616086,0.0584314576077043,95.699953509483,94.4794292358078,96.95242496296333
ILPD__06,True,ILPD,total_protein,Box plot,five,256,0.49892513959920604,4,0.3801750196079341,0.6100534594909645,66.71447249643084,62.109738909921695,72.4545790057894
ILPD__06,True,ILPD,total_protein,Interval plot,five,256,0.4941888198762335,4,0.3681675371188301,0.6030947451394232,66.9259458173989,62.379344890998865,73.09046391393414
ILPD__06,True,ILPD,total_protein,Dot plot,raw,256,0.029203366741463125,4,0.01615245339652351,0.044209801751494235,97.16252708792402,95.76619548319319,98.41043011385413
ILPD__06,True,ILPD,total_protein,Histogram,16,256,0.04548593176262686,4,0.03915008045283174,0.051958715147515884,95.64930235972278,95.06076480004924,96.2324902639885
ILPD__06,True,ILPD,total_protein,Heatmap,64,256,0.03741976690797105,4,0.03741976690797105,0.03741976690797105,96.39299653798764,96.39299653798764,96.39299653798764
ILPD__06,True,ILPD,total_protein,Violin plot,16,256,0.03617578756187818,4,0.03541220049801271,0.03655492983870414,96.50872101084316,96.47342086883978,96.57989344910365
ILPD__06,True,ILPD,total_protein,Bar chart,means,512,0.039412714570847274,4,0.03320105155159225,0.04562437759010229,96.20817467225999,95.6366379200861,96.78658364683879
ILPD__06,True,ILPD,total_protein,Box plot,five,512,0.5009760085566792,4,0.37507933901057205,0.6127789772140653,66.62331671520774,62.00477648384359,72.72307652586377
ILPD__06,True,ILPD,total_protein,Interval plot,five,512,0.49876044938839825,4,0.36737222821977117,0.6127840396941137,66.72180336811473,62.00458185273606,73.13297574442727
ILPD__06,True,ILPD,total_protein,Dot plot,raw,512,0.018317064754289868,4,0.015592335795630612,0.022798769206801607,98.20124150048397,97.7709428390804,98.46470525169772
ILPD__06,True,ILPD,total_protein,Histogram,16,512,0.04286966089397688,4,0.040635794279431744,0.04390467834129408,95.88925994287456,95.79418703141974,96.09509931305321
ILPD__06,True,ILPD,total_protein,Heatmap,64,512,0.029233878818607523,4,0.029233878818607523,0.029233878818607523,97.15964666338391,97.15964666338391,97.15964666338391
ILPD__06,True,ILPD,total_protein,Violin plot,16,512,0.03550440342204432,4,0.03533751438781441,0.0356055320869244,96.57129382504675,96.56186347178225,96.5868604298851
ILPD__07,True,ILPD,albumin,Bar chart,means,128,0.12008642721019824,4,0.06778681102528507,0.1375196326051693,89.27882489306671,87.91057062547402,93.65165308979641
ILPD__07,True,ILPD,albumin,Box plot,five,128,0.43589255034893837,4,0.32850354070574495,0.5226984989879316,69.64309409899707,65.67288275812018,75.27266351648314
ILPD__07,True,ILPD,albumin,Interval plot,five,128,0.42806099504612904,4,0.3022195352688201,0.5114761454066177,70.02502018253766,66.16048840989018,76.79196732320312
ILPD__07,True,ILPD,albumin,Dot plot,raw,128,0.07421557759427934,4,0.0334650117714364,0.11300763178279889,93.09118400977891,89.84664358484363,96.76186311193305
ILPD__07,True,ILPD,albumin,Histogram,32,128,0.06120181904401592,4,0.044130706918516026,0.07501954491378103,94.23278230910407,93.02156455957295,95.77344994969486
ILPD__07,True,ILPD,albumin,Heatmap,32,128,0.05936780645117413,4,0.05936780645117413,0.05936780645117413,94.39592121927386,94.39592121927386,94.39592121927386
ILPD__07,True,ILPD,albumin,Violin plot,8,128,0.05093838919033266,4,0.050158723768848903,0.05209812766490454,95.15305657170097,95.04816838895678,95.22370070032486
ILPD__07,True,ILPD,albumin,Bar chart,means,256,0.10513941040187728,4,0.08689471667311911,0.1233841041306363,90.48632150728893,89.01674826295316,92.00523147825251
ILPD__07,True,ILPD,albumin,Box plot,five,256,0.4336926706283327,4,0.3019659819066987,0.5252632343051402,69.74995551604084,65.56245358235276,76.80692229266417
ILPD__07,True,ILPD,albumin,Interval plot,five,256,0.4319451518619568,4,0.3019659819066987,0.5252810331466989,69.83507704186162,65.56168851958849,76.80692229266417
ILPD__07,True,ILPD,albumin,Dot plot,raw,256,0.04601541432117487,4,0.027990204978933165,0.06354733363859245,95.60088563790075,94.02496422785572,97.2771914709531
ILPD__07,True,ILPD,albumin,Histogram,64,256,0.04595391680379729,4,0.02696995565119802,0.061269726209593985,95.60650655200736,94.22675266273508,97.37383206755095
ILPD__07,True,ILPD,albumin,Heatmap,64,256,0.052096313791099726,4,0.052096313791099726,0.052096313791099726,95.0483322573979,95.0483322573979,95.0483322573979
ILPD__07,True,ILPD,albumin,Violin plot,8,256,0.04901278976836361,4,0.04879996229831231,0.04929888103569875,95.32772238371028,95.30173128679611,95.34706673793414
ILPD__07,True,ILPD,albumin,Bar chart,means,512,0.0950218984250201,4,0.08180831720934388,0.09942642549691218,91.32237459710248,90.95651849081452,92.43781768840729
ILPD__07,True,ILPD,albumin,Box plot,five,512,0.43851516704746535,4,0.30620317380782563,0.5352385815462166,69.51612488400019,65.13645579391637,76.55776835121397
ILPD__07,True,ILPD,albumin,Interval plot,five,512,0.43762368544238384,4,0.30620317380782563,0.5316726551258905,69.55923237257191,65.28810164844319,76.55776835121397
ILPD__07,True,ILPD,albumin,Dot plot,raw,512,0.03272337545764185,4,0.02893946391831223,0.03501697386839778,96.8313513342195,96.61677298513075,97.18744737342392
ILPD__07,True,ILPD,albumin,Histogram,64,512,0.05201363060105362,4,0.0466409272756819,0.06273891689821615,95.05580259722144,94.09648824366663,95.54375086429266
ILPD__07,True,ILPD,albumin,Heatmap,64,512,0.052359047069561224,4,0.052359047069561224,0.052359047069561224,95.02460237165612,95.02460237165612,95.02460237165612
ILPD__07,True,ILPD,albumin,Violin plot,8,512,0.04889290421048534,4,0.048863595863635555,0.048940284130027885,95.33861807871723,95.33431169815181,95.34128212130375
ILPD__08,True,ILPD,albumin_globulin_ratio,Bar chart,means,128,0.14418708982489215,4,0.13937077795719832,0.1586360254279734,87.39829429058156,86.30838141172272,87.76774157688342
ILPD__08,True,ILPD,albumin_globulin_ratio,Box plot,five,128,0.7006322886604855,4,0.5288514318079997,0.7900395364119881,58.80165904574567,55.86468788306384,65.40857922456293
ILPD__08,True,ILPD,albumin_globulin_ratio,Interval plot,five,128,0.6950847591386028,4,0.5329816614352616,0.7837692044026069,58.99410012441936,56.061064263911035,65.23235242512588
ILPD__08,True,ILPD,albumin_globulin_ratio,Dot plot,raw,128,0.09039198376151869,4,0.07121768123441716,0.1166322793038482,91.71013863751143,89.55499662103972,93.35170782913613
ILPD__08,True,ILPD,albumin_globulin_ratio,Histogram,64,128,0.08123875819744446,4,0.037086462472517324,0.11806724115946954,92.48651071916073,89.44005898634234,96.42397583861046
ILPD__08,True,ILPD,albumin_globulin_ratio,Heatmap,32,128,0.08412066793081413,4,0.08412066793081413,0.08412066793081413,92.24065453051739,92.24065453051739,92.24065453051739
ILPD__08,True,ILPD,albumin_globulin_ratio,Violin plot,128,128,0.09289409696210357,4,0.0904284866292463,0.09547209912842093,91.50017396742105,91.28484429641061,91.70706857551194
ILPD__08,True,ILPD,albumin_globulin_ratio,Bar chart,means,256,0.13396518872118343,4,0.13396518872118335,0.13396518872118365,88.18612863484273,88.18612863484272,88.18612863484273
ILPD__08,True,ILPD,albumin_globulin_ratio,Box plot,five,256,0.7035108883663904,4,0.5360557748620085,0.7954166277671301,58.70229576043194,55.69737878854614,65.10180270568853
ILPD__08,True,ILPD,albumin_globulin_ratio,Interval plot,five,256,0.6999353406395203,4,0.534159284630394,0.7883792977467375,58.82576684497878,55.91654976435629,65.18227996390333
ILPD__08,True,ILPD,albumin_globulin_ratio,Dot plot,raw,256,0.05855875937825683,4,0.024774609410274043,0.096251958686918,94.4680671847965,91.21990543102812,97.58243332897064
ILPD__08,True,ILPD,albumin_globulin_ratio,Histogram,64,256,0.06194836367496927,4,0.039256737092136916,0.09046002228091536,94.16653711291654,91.70441644511644,96.22261413459988
ILPD__08,True,ILPD,albumin_globulin_ratio,Heatmap,64,256,0.0434857166378051,4,0.0434857166378051,0.0434857166378051,95.83264859839964,95.83264859839964,95.83264859839964
ILPD__08,True,ILPD,albumin_globulin_ratio,Violin plot,256,256,0.09566043004735247,4,0.09523654399242114,0.09591137653248702,91.26915352385062,91.24825432180886,91.30447714561647
ILPD__08,True,ILPD,albumin_globulin_ratio,Bar chart,means,512,0.13473615968151614,4,0.13154086385169803,0.13580125829145553,88.12621255329236,88.04357212143465,88.37506730389386
ILPD__08,True,ILPD,albumin_globulin_ratio,Box plot,five,512,0.7037597571827869,4,0.5366996329758897,0.7950901846988088,58.69372109442984,55.707507540507564,65.07452585665384
ILPD__08,True,ILPD,albumin_globulin_ratio,Interval plot,five,512,0.7026419964044437,4,0.5317978083217972,0.7950901846988088,58.73225270560407,55.707507540507564,65.28276738400463
ILPD__08,True,ILPD,albumin_globulin_ratio,Dot plot,raw,512,0.039218645587983235,4,0.012749793470116653,0.08876399630147676,96.22614107680934,91.84726932530765,98.74107172844437
ILPD__08,True,ILPD,albumin_globulin_ratio,Histogram,64,512,0.051177119642350194,4,0.03996597359832208,0.07521778446598484,95.13144657678977,93.00441403102884,96.15699218888497
ILPD__08,True,ILPD,albumin_globulin_ratio,Heatmap,64,512,0.04134664690613726,4,0.04134664690613726,0.04134664690613726,96.02950208473048,96.02950208473048,96.02950208473048
ILPD__08,True,ILPD,albumin_globulin_ratio,Violin plot,128,512,0.09621964836234422,4,0.09595028069596054,0.09658869277282085,91.22259407536728,91.19189415234733,91.24501518125173
Parkinsons__00,False,Parkinsons,MDVP:Fo(Hz),Bar chart,means,128,0.6549828581400515,4,0.6447524953869863,0.6652132208931166,60.42358656958221,60.05236971777477,60.79942136003354
Parkinsons__00,False,Parkinsons,MDVP:Fo(Hz),Box plot,five,128,0.12035093648229024,4,0.08972935051231329,0.14755686558801978,89.25774660748965,87.14165110132384,91.76590494968967
Parkinsons__00,False,Parkinsons,MDVP:Fo(Hz),Interval plot,five,128,0.10958512453323146,4,0.08414955300558347,0.15200484939370038,90.12377490376589,86.80519014536263,92.23819695610295
Parkinsons__00,False,Parkinsons,MDVP:Fo(Hz),Dot plot,raw,128,0.05702167147450771,4,0.028505017810638824,0.08983526095531626,94.60543969784796,91.75698711779893,97.22849987924056
Parkinsons__00,False,Parkinsons,MDVP:Fo(Hz),Histogram,32,128,0.11846020900529805,4,0.11072225049057037,0.12780791762035407,89.40863447340246,88.6675810992686,90.03150873752031
Parkinsons__00,False,Parkinsons,MDVP:Fo(Hz),Heatmap,32,128,0.09120978774223244,4,0.09120978774223244,0.09120978774223244,91.6414067426072,91.6414067426072,91.6414067426072
Parkinsons__00,False,Parkinsons,MDVP:Fo(Hz),Violin plot,16,128,0.22568040619441576,4,0.22517629009982437,0.22662658677536895,81.58733671078865,81.52440284445987,81.62090697319341
Parkinsons__00,False,Parkinsons,MDVP:Fo(Hz),Bar chart,means,256,0.6521791394776006,4,0.6498034694659055,0.6593061495126857,60.52612432306754,60.26615403635342,60.61328021838457
Parkinsons__00,False,Parkinsons,MDVP:Fo(Hz),Box plot,five,256,0.12142154574099505,4,0.10814220742655956,0.13278960293602163,89.17253318324966,88.27764638800967,90.24112548896605
Parkinsons__00,False,Parkinsons,MDVP:Fo(Hz),Interval plot,five,256,0.11658677354641536,4,0.10251882506114769,0.13035230515165955,89.55864637585472,88.46799315951586,90.7013991298097
Parkinsons__00,False,Parkinsons,MDVP:Fo(Hz),Dot plot,raw,256,0.05092695094665422,4,0.03388615740577997,0.08018022424181356,95.15409221347116,92.5771438467046,96.72244790559853
Parkinsons__00,False,Parkinsons,MDVP:Fo(Hz),Histogram,64,256,0.07754727220152442,4,0.05365984247361211,0.10041146516532294,92.80335311479296,90.87509823879948,94.9072897807666
Parkinsons__00,False,Parkinsons,MDVP:Fo(Hz),Heatmap,64,256,0.06668762499374256,4,0.06668762499374256,0.06668762499374256,93.74815799572684,93.74815799572684,93.74815799572684
Parkinsons__00,False,Parkinsons,MDVP:Fo(Hz),Violin plot,16,256,0.22587661317617286,4,0.22537753460668886,0.2262538005487141,81.57427829617043,81.54918660007644,81.60750232139448
Parkinsons__00,False,Parkinsons,MDVP:Fo(Hz),Bar chart,means,512,0.6497746734657639,4,0.6474805921211372,0.6520687548103906,60.61433819318187,60.53016843810298,60.69874235741353
Parkinsons__00,False,Parkinsons,MDVP:Fo(Hz),Box plot,five,512,0.12291723967704532,4,0.10149107907835293,0.13841816908029858,89.05375789649497,87.84118412374572,90.78602804815512
Parkinsons__00,False,Parkinsons,MDVP:Fo(Hz),Interval plot,five,512,0.12126603780879774,4,0.10020564240698844,0.13599331138316553,89.1849004857243,88.0286873152816,90.89209884547017
Parkinsons__00,False,Parkinsons,MDVP:Fo(Hz),Dot plot,raw,512,0.07719065801942136,4,0.026787610869898792,0.10640219013927675,92.83407654487573,90.38304595855125,97.39112445589363
Parkinsons__00,False,Parkinsons,MDVP:Fo(Hz),Histogram,64,512,0.08503511827546027,4,0.05837456210813297,0.09486633972902041,92.16291557358863,91.3353496872961,94.48450820739123
Parkinsons__00,False,Parkinsons,MDVP:Fo(Hz),Heatmap,64,512,0.05254304093598805,4,0.05254304093598805,0.05254304093598805,95.00799122767812,95.00799122767812,95.00799122767812
Parkinsons__00,False,Parkinsons,MDVP:Fo(Hz),Violin plot,16,512,0.2250952272078049,4,0.22501976894824635,0.22519048196553063,81.62630771806742,81.61996152596082,81.63133570150958
Parkinsons__01,False,Parkinsons,MDVP:Fhi(Hz),Bar chart,means,128,0.29906885349451073,4,0.26222575693134137,0.311349885682234,76.97821384216765,76.25729875133567,79.2251302517506
Parkinsons__01,False,Parkinsons,MDVP:Fhi(Hz),Box plot,five,128,0.5500709769243183,4,0.483786006152862,0.5775648111220973,64.5131748730771,63.388837843607554,67.39516317402028
Parkinsons__01,False,Parkinsons,MDVP:Fhi(Hz),Interval plot,five,128,0.5477437070053941,4,0.4780677611830966,0.5794884190304986,64.61018032079873,63.311638626246285,67.65589685817689
Parkinsons__01,False,Parkinsons,MDVP:Fhi(Hz),Dot plot,raw,128,0.11534872479781255,4,0.059496927907402804,0.18105428271383495,89.65805740991702,84.67011335856577,94.38441713796053
Parkinsons__01,False,Parkinsons,MDVP:Fhi(Hz),Histogram,64,128,0.09959851699069935,4,0.07208795584260554,0.18028966432056664,90.94228343784299,84.72496457686509,93.27592895249457
Parkinsons__01,False,Parkinsons,MDVP:Fhi(Hz),Heatmap,16,128,0.12537580283425565,4,0.12537580283425565,0.12537580283425565,88.85920574100696,88.85920574100696,88.85920574100696
Parkinsons__01,False,Parkinsons,MDVP:Fhi(Hz),Violin plot,64,128,0.14781396377540645,4,0.1462697331383099,0.14967569621624918,87.12213229317976,86.98105068160928,87.23950140968603
Parkinsons__01,False,Parkinsons,MDVP:Fhi(Hz),Bar chart,means,256,0.29963298478242817,4,0.2814854126911012,0.30568217547953713,76.94479993268332,76.58831672667436,78.03444269412432
Parkinsons__01,False,Parkinsons,MDVP:Fhi(Hz),Box plot,five,256,0.5536844993276365,4,0.4936485153814171,0.5804630963776929,64.36313166751384,63.272594108140055,66.9501552542059
Parkinsons__01,False,Parkinsons,MDVP:Fhi(Hz),Interval plot,five,256,0.5498662029290475,4,0.48365637400915124,0.5751623809408044,64.52169858986078,63.48551819798575,67.40105172047284
Parkinsons__01,False,Parkinsons,MDVP:Fhi(Hz),Dot plot,raw,256,0.16270197258578,4,0.09004505828615673,0.1940127981326038,86.00656260830618,83.75119609806248,91.73932695702216
Parkinsons__01,False,Parkinsons,MDVP:Fhi(Hz),Histogram,64,256,0.09627506846712709,4,0.06802040939309816,0.17717087725076588,91.217982490312,84.94943421769479,93.63116951746731
Parkinsons__01,False,Parkinsons,MDVP:Fhi(Hz),Heatmap,64,256,0.04016984767416875,4,0.04016984767416875,0.04016984767416875,96.1381453457828,96.1381453457828,96.1381453457828
Parkinsons__01,False,Parkinsons,MDVP:Fhi(Hz),Violin plot,256,256,0.14744877267952844,4,0.14694044068445647,0.14821884101921165,87.1498600904679,87.09141186991447,87.18848551571106
Parkinsons__01,False,Parkinsons,MDVP:Fhi(Hz),Bar chart,means,512,0.29437813225766657,4,0.2914574119008806,0.30314029332802445,77.25717663784928,76.73770852761757,77.43189909205849
Parkinsons__01,False,Parkinsons,MDVP:Fhi(Hz),Box plot,five,512,0.5562707768839642,4,0.48151253640842107,0.5893749534182927,64.25617025349825,62.917815449984595,67.49858508955077
Parkinsons__01,False,Parkinsons,MDVP:Fhi(Hz),Interval plot,five,512,0.5534231907212078,4,0.4823591220190837,0.58283190229252,64.37395849200179,63.17790275465348,67.46003617786798
Parkinsons__01,False,Parkinsons,MDVP:Fhi(Hz),Dot plot,raw,512,0.1596010776503958,4,0.09615937875936001,0.2146474245585997,86.23655317966914,82.32841726589079,91.22760972330559
Parkinsons__01,False,Parkinsons,MDVP:Fhi(Hz),Histogram,64,512,0.09545138674255088,4,0.06783510354374761,0.1769411663863559,91.2865702761684,84.96601432256546,93.64741772220934
Parkinsons__01,False,Parkinsons,MDVP:Fhi(Hz),Heatmap,32,512,0.04873673059118981,4,0.04873673059118981,0.04873673059118981,95.3528155189419,95.3528155189419,95.3528155189419
Parkinsons__01,False,Parkinsons,MDVP:Fhi(Hz),Violin plot,256,512,0.14747474517500928,4,0.14725785600733232,0.1477490009230764,87.14788749860313,87.12706342551817,87.16436281205198
Parkinsons__02,False,Parkinsons,MDVP:Flo(Hz),Bar chart,means,128,0.7097621635561329,4,0.6984422689470926,0.721082058165173,58.487666958315465,58.102982089423975,58.87747957544211
Parkinsons__02,False,Parkinsons,MDVP:Flo(Hz),Box plot,five,128,0.20890443781217966,4,0.15339717492948382,0.2454223282565915,82.71952428347063,80.29404783515109,86.70040309931727
Parkinsons__02,False,Parkinsons,MDVP:Flo(Hz),Interval plot,five,128,0.20639902746161662,4,0.15831886823776223,0.23704923370687453,82.89131350711541,80.83752632896059,86.33201335322934
Parkinsons__02,False,Parkinsons,MDVP:Flo(Hz),Dot plot,raw,128,0.2196365540064974,4,0.18172292482822464,0.24277929014463592,81.99163896121406,80.46481043980215,84.62220534016974
Parkinsons__02,False,Parkinsons,MDVP:Flo(Hz),Histogram,32,128,0.16198140595152022,4,0.15220569821912233,0.1724115125752711,86.05989690352425,85.29428355777922,86.79005854125046
Parkinsons__02,False,Parkinsons,MDVP:Flo(Hz),Heatmap,32,128,0.04789731120519529,4,0.04789731120519529,0.04789731120519529,95.4291980050881,95.4291980050881,95.4291980050881
Parkinsons__02,False,Parkinsons,MDVP:Flo(Hz),Violin plot,16,128,0.14556833243772477,4,0.1449036146556368,0.14609640169573707,87.29291581166869,87.25269519391419,87.34359706784393
Parkinsons__02,False,Parkinsons,MDVP:Flo(Hz),Bar chart,means,256,0.7181218346795454,4,0.715493156224308,0.7260078700452576,58.203090131062474,57.93716340202892,58.29227568595708
Parkinsons__02,False,Parkinsons,MDVP:Flo(Hz),Box plot,five,256,0.2219188421722404,4,0.12448237912900054,0.2633022459704385,81.8384957729493,79.1576206873458,88.92980615441729
Parkinsons__02,False,Parkinsons,MDVP:Flo(Hz),Interval plot,five,256,0.21699921100456568,4,0.11223169888475065,0.25590004594889393,82.16932196484788,79.62417098603186,89.90932383987196
Parkinsons__02,False,Parkinsons,MDVP:Flo(Hz),Dot plot,raw,256,0.2723105418337927,4,0.23680807646770888,0.3008854489741536,78.59716375207353,76.87071915429415,80.85328831745451
Parkinsons__02,False,Parkinsons,MDVP:Flo(Hz),Histogram,32,256,0.14274017759317406,4,0.07941274722148449,0.1655311966294992,87.50895606962803,85.79778927340728,92.64296744448305
Parkinsons__02,False,Parkinsons,MDVP:Flo(Hz),Heatmap,16,256,0.13166432134898473,4,0.13166432134898473,0.13166432134898473,88.36542613696294,88.36542613696294,88.36542613696294
Parkinsons__02,False,Parkinsons,MDVP:Flo(Hz),Violin plot,16,256,0.14922026600822197,4,0.14859649056408747,0.15018289753850578,87.01552083426674,86.94269425672121,87.0627768946856
Parkinsons__02,False,Parkinsons,MDVP:Flo(Hz),Bar chart,means,512,0.7167942192981127,4,0.7129866183841627,0.7180634196027627,58.24809920485613,58.2050690673114,58.37757220446279
Parkinsons__02,False,Parkinsons,MDVP:Flo(Hz),Box plot,five,512,0.22284765823101993,4,0.17736132322093862,0.2661022536775498,81.77633520160697,78.98256219790913,84.93569308564285
Parkinsons__02,False,Parkinsons,MDVP:Flo(Hz),Interval plot,five,512,0.22075603590634438,4,0.173577810216807,0.26467991822399217,81.91644936308302,79.07139075983069,85.2095183884961
Parkinsons__02,False,Parkinsons,MDVP:Flo(Hz),Dot plot,raw,512,0.2722449658672255,4,0.2205415857083761,0.34681105257845934,78.60121492548805,74.24946491829776,81.93084215312676
Parkinsons__02,False,Parkinsons,MDVP:Flo(Hz),Histogram,32,512,0.1415105227365586,4,0.08214002142571308,0.16280843783906054,87.60322222897136,85.99868795744031,92.40948307987962
Parkinsons__02,False,Parkinsons,MDVP:Flo(Hz),Heatmap,16,512,0.13166432134898473,4,0.13166432134898473,0.13166432134898473,88.36542613696294,88.36542613696294,88.36542613696294
Parkinsons__02,False,Parkinsons,MDVP:Flo(Hz),Violin plot,16,512,0.1549010090188628,4,0.15483306119513612,0.1549341755040752,86.5875076903381,86.58502113884944,86.59260230782625
Parkinsons__03,False,Parkinsons,MDVP:Jitter(%),Bar chart,means,128,0.35621637700872466,4,0.3562163770087246,0.3562163770087247,73.73454685789913,73.73454685789912,73.73454685789913
Parkinsons__03,False,Parkinsons,MDVP:Jitter(%),Box plot,five,128,0.31881635237015404,4,0.2628182358918291,0.3510865483662136,75.82556875358857,74.0145034534789,79.1879600387445
Parkinsons__03,False,Parkinsons,MDVP:Jitter(%),Interval plot,five,128,0.29418418520351164,4,0.2582895960443875,0.32391271593116444,77.26875443488356,75.53368042821896,79.47296100545076
Parkinsons__03,False,Parkinsons,MDVP:Jitter(%),Dot plot,raw,128,0.09638204378160334,4,0.08195138514811436,0.12155652007941678,91.20908224206539,89.16180166552734,92.42559450701238
Parkinsons__03,False,Parkinsons,MDVP:Jitter(%),Histogram,32,128,0.09165460809860287,4,0.08446542376359711,0.10274841355704506,91.60406529513553,90.68251540479501,92.21133086286301
Parkinsons__03,False,Parkinsons,MDVP:Jitter(%),Heatmap,32,128,0.09691590875722021,4,0.09691590875722021,0.09691590875722021,91.16469111410521,91.16469111410521,91.16469111410521
Parkinsons__03,False,Parkinsons,MDVP:Jitter(%),Violin plot,16,128,0.15797129809576954,4,0.1545876580120869,0.16021615357677008,86.35792628404987,86.19083581254682,86.61100723367782
Parkinsons__03,False,Parkinsons,MDVP:Jitter(%),Bar chart,means,256,0.3559720276707202,4,0.3520973453109348,0.3598467100305056,73.74783399608864,73.53770043518853,73.95917190932988
Parkinsons__03,False,Parkinsons,MDVP:Jitter(%),Box plot,five,256,0.3173574484718026,4,0.2563162246515954,0.339990463646221,75.9095415720348,74.62739677108748,79.59779396125543
Parkinsons__03,False,Parkinsons,MDVP:Jitter(%),Interval plot,five,256,0.3148452944625455,4,0.2509172274463097,0.33887691222219907,76.0545749535316,74.68946479480712,79.94134048672863
Parkinsons__03,False,Parkinsons,MDVP:Jitter(%),Dot plot,raw,256,0.0839762147922154,4,0.078362251024776,0.08792989575280862,92.25294673017225,91.91768733481084,92.73321641681099
Parkinsons__03,False,Parkinsons,MDVP:Jitter(%),Histogram,64,256,0.08449825110390857,4,0.08231606510368118,0.08551401139597598,92.20853966173777,92.12225632297417,92.39445225311373
Parkinsons__03,False,Parkinsons,MDVP:Jitter(%),Heatmap,32,256,0.0875771576320845,4,0.0875771576320845,0.0875771576320845,91.94749935510222,91.94749935510222,91.94749935510222
Parkinsons__03,False,Parkinsons,MDVP:Jitter(%),Violin plot,16,256,0.16551684943335557,4,0.1645138725014392,0.16666150975266394,85.79884542091128,85.71466459127491,85.87274257643196
Parkinsons__03,False,Parkinsons,MDVP:Jitter(%),Bar chart,means,512,0.35399163446460763,4,0.35399163446460763,0.3539916344646077,73.8557000313682,73.8557000313682,73.8557000313682
Parkinsons__03,False,Parkinsons,MDVP:Jitter(%),Box plot,five,512,0.320443624908242,4,0.2697305886124484,0.34390295480777383,75.7321237451156,74.41013478112605,78.7568645639066
Parkinsons__03,False,Parkinsons,MDVP:Jitter(%),Interval plot,five,512,0.31779194427369756,4,0.26606362872652783,0.34300569541674125,75.88451305575032,74.45984804179814,78.98497179054512
Parkinsons__03,False,Parkinsons,MDVP:Jitter(%),Dot plot,raw,512,0.08119369082644168,4,0.07453806792312559,0.09043119862363715,92.49036583219618,91.70684049229504,93.06324548676128
Parkinsons__03,False,Parkinsons,MDVP:Jitter(%),Histogram,64,512,0.08439563069176656,4,0.08369843212450712,0.08521504994055727,92.21726570053328,92.14763470657498,92.27659377891479
Parkinsons__03,False,Parkinsons,MDVP:Jitter(%),Heatmap,64,512,0.08495123050227515,4,0.08495123050227515,0.08495123050227515,92.17004155449943,92.17004155449943,92.17004155449943
Parkinsons__03,False,Parkinsons,MDVP:Jitter(%),Violin plot,16,512,0.16804853845847675,4,0.16793314991852834,0.16816334359087398,85.61288055030167,85.60446666012062,85.62133886427978
Parkinsons__04,False,Parkinsons,MDVP:Jitter(Abs),Bar chart,means,128,0.4160022895245249,4,0.4028668240727126,0.42038077800846235,70.6213547391782,70.40365622253178,71.28260379676414
Parkinsons__04,False,Parkinsons,MDVP:Jitter(Abs),Box plot,five,128,0.22846304330707287,4,0.21789633950950035,0.23914640997689085,81.40253021433669,80.70071397121258,82.10879428398178
Parkinsons__04,False,Parkinsons,MDVP:Jitter(Abs),Interval plot,five,128,0.2228459739321237,4,0.21667813247709417,0.22840471187095013,81.77644783704433,81.40639565578734,82.19100625767403
Parkinsons__04,False,Parkinsons,MDVP:Jitter(Abs),Dot plot,raw,128,0.10377654222087108,4,0.0909487273561639,0.11358817918253285,90.59804786102212,89.79980379587757,91.6633362251064
Parkinsons__04,False,Parkinsons,MDVP:Jitter(Abs),Histogram,32,128,0.12185028891593712,4,0.12099873337484943,0.12438115686381382,89.1384536671392,88.93781204847433,89.2061668071137
Parkinsons__04,False,Parkinsons,MDVP:Jitter(Abs),Heatmap,32,128,0.061517469665946546,4,0.061517469665946546,0.061517469665946546,94.20476144539516,94.20476144539516,94.20476144539516
Parkinsons__04,False,Parkinsons,MDVP:Jitter(Abs),Violin plot,256,128,0.10162895042658439,4,0.09982961659865322,0.10367001558597286,90.77466597194721,90.6067924178468,90.92317436337207
Parkinsons__04,False,Parkinsons,MDVP:Jitter(Abs),Bar chart,means,256,0.413565724803338,4,0.41356572480333786,0.41356572480333803,70.74308484234965,70.74308484234965,70.74308484234965
Parkinsons__04,False,Parkinsons,MDVP:Jitter(Abs),Box plot,five,256,0.23261382821469168,4,0.2189496663398002,0.24041557437743316,81.12840997803767,80.61814287537479,82.03784189077707
Parkinsons__04,False,Parkinsons,MDVP:Jitter(Abs),Interval plot,five,256,0.23091265387266646,4,0.2189695046396132,0.23591441698384877,81.2405329373961,80.91175135252657,82.03650675376402
Parkinsons__04,False,Parkinsons,MDVP:Jitter(Abs),Dot plot,raw,256,0.1319827653443798,4,0.0899990507874239,0.19529728186957807,88.34056759651928,83.66119585212213,91.74319915944808
Parkinsons__04,False,Parkinsons,MDVP:Jitter(Abs),Histogram,32,256,0.0955463883355907,4,0.049979179861101404,0.11287754586896892,91.27865425390617,89.85714589282772,95.23998372351413
Parkinsons__04,False,Parkinsons,MDVP:Jitter(Abs),Heatmap,32,256,0.10854066985012248,4,0.10854066985012248,0.10854066985012248,90.20868852156795,90.20868852156795,90.20868852156795
Parkinsons__04,False,Parkinsons,MDVP:Jitter(Abs),Violin plot,64,256,0.10531907479708932,4,0.10459968496047965,0.10595167893528742,90.4716133830927,90.41986363841065,90.53053460139074
Parkinsons__04,False,Parkinsons,MDVP:Jitter(Abs),Bar chart,means,512,0.4134548053156885,4,0.4105092766992215,0.4144366481878442,70.74863633695416,70.69952558717887,70.89637881291588
Parkinsons__04,False,Parkinsons,MDVP:Jitter(Abs),Box plot,five,512,0.22866423081028642,4,0.21491991327139987,0.23985383944141123,81.3892009650606,80.65466817044563,82.30995220971498
Parkinsons__04,False,Parkinsons,MDVP:Jitter(Abs),Interval plot,five,512,0.22643122405689092,4,0.21381960631293676,0.2306919338437723,81.53738916497225,81.25510312534014,82.38456479027975
Parkinsons__04,False,Parkinsons,MDVP:Jitter(Abs),Dot plot,raw,512,0.11287407868143513,4,0.10524354471680442,0.13403221243910385,89.85742584505414,88.18091664690688,90.47779602786363
Parkinsons__04,False,Parkinsons,MDVP:Jitter(Abs),Histogram,32,512,0.04587290353055648,4,0.045062098756522326,0.047485965731072194,95.61391222817771,95.46667284483088,95.6880936730803
Parkinsons__04,False,Parkinsons,MDVP:Jitter(Abs),Heatmap,32,512,0.10854066985012248,4,0.10854066985012248,0.10854066985012248,90.20868852156795,90.20868852156795,90.20868852156795
Parkinsons__04,False,Parkinsons,MDVP:Jitter(Abs),Violin plot,32,512,0.10483160167767656,4,0.10463707504501456,0.10495431613723111,90.51153121267615,90.50147914674545,90.5274702969072
Parkinsons__05,False,Parkinsons,MDVP:RAP,Bar chart,means,128,0.32808965296179626,4,0.31547501715389703,0.33229453156442945,75.29612159614994,75.05847815991281,76.01816735095093
Parkinsons__05,False,Parkinsons,MDVP:RAP,Box plot,five,128,0.3772675396312078,4,0.31034931102809554,0.4131551479461688,72.6075342099307,70.76363847616913,76.31552835445103
Parkinsons__05,False,Parkinsons,MDVP:RAP,Interval plot,five,128,0.3600944053420181,4,0.3258626522144952,0.40125795376779455,73.52430802393702,71.36444773149258,75.42259360950928
Parkinsons__05,False,Parkinsons,MDVP:RAP,Dot plot,raw,128,0.08888796719741902,4,0.0572413864872811,0.11757803725481356,91.8368124292714,89.47921010119089,94.58577887520394
Parkinsons__05,False,Parkinsons,MDVP:RAP,Histogram,16,128,0.06447708038631698,4,0.06189992981218488,0.06822968474657432,93.94283995641153,93.61282636863243,94.17083210250019
Parkinsons__05,False,Parkinsons,MDVP:RAP,Heatmap,16,128,0.06500534557461289,4,0.06500534557461289,0.06500534557461289,93.89624231984114,93.89624231984114,93.89624231984114
Parkinsons__05,False,Parkinsons,MDVP:RAP,Violin plot,32,128,0.1459648976967178,4,0.14282967353218745,0.15104638523571096,87.2627077853699,86.87747190963293,87.502103170743
Parkinsons__05,False,Parkinsons,MDVP:RAP,Bar chart,means,256,0.32618954045516707,4,0.3203308602263938,0.32814243386475817,75.40400293436079,75.29312929864778,75.73859175180776
Parkinsons__05,False,Parkinsons,MDVP:RAP,Box plot,five,256,0.38459233070705134,4,0.32564798763870306,0.4056337766255962,72.22342474548759,71.1422858947391,75.43480692647826
Parkinsons__05,False,Parkinsons,MDVP:RAP,Interval plot,five,256,0.3822773971793747,4,0.32517682921166585,0.4029659131900178,72.34437906895995,71.27756922662738,75.46162730560945
Parkinsons__05,False,Parkinsons,MDVP:RAP,Dot plot,raw,256,0.09264115828308914,4,0.07880567374292748,0.1273412983185573,91.52135560876548,88.70428161298727,92.69510017781883
Parkinsons__05,False,Parkinsons,MDVP:RAP,Histogram,16,256,0.06418841155208445,4,0.06363849319404995,0.06462770310920368,93.9683226339152,93.929548994408,94.01690578131044
Parkinsons__05,False,Parkinsons,MDVP:RAP,Heatmap,16,256,0.06500534557461289,4,0.06500534557461289,0.06500534557461289,93.89624231984114,93.89624231984114,93.89624231984114
Parkinsons__05,False,Parkinsons,MDVP:RAP,Violin plot,16,256,0.155299018974091,4,0.15450112309371097,0.15651433204348514,86.55767758618916,86.46671920036351,86.61749910821264
Parkinsons__05,False,Parkinsons,MDVP:RAP,Bar chart,means,512,0.3234515444425283,4,0.3225086322710287,0.32628028095702694,75.56000098373269,75.39884399686714,75.6138731800024
Parkinsons__05,False,Parkinsons,MDVP:RAP,Box plot,five,512,0.3869274027968405,4,0.3100175626138108,0.41599166905542995,72.10182724657591,70.6218844258507,76.33485447361112
Parkinsons__05,False,Parkinsons,MDVP:RAP,Interval plot,five,512,0.38462423153132297,4,0.3073579100031575,0.414934989974751,72.22176076566647,70.67462513015136,76.49014798079165
Parkinsons__05,False,Parkinsons,MDVP:RAP,Dot plot,raw,512,0.12727561208529647,4,0.11204937889750108,0.1368855771257826,88.70945040229735,87.95959946366371,89.92406443240964
Parkinsons__05,False,Parkinsons,MDVP:RAP,Histogram,16,512,0.06451866206410103,4,0.06403306109620276,0.06516561243378334,93.93917040975127,93.88211451129301,93.9820421528788
Parkinsons__05,False,Parkinsons,MDVP:RAP,Heatmap,16,512,0.06500534557461289,4,0.06500534557461289,0.06500534557461289,93.89624231984114,93.89624231984114,93.89624231984114
Parkinsons__05,False,Parkinsons,MDVP:RAP,Violin plot,32,512,0.15812771908843815,4,0.15781305742265864,0.15869385409405282,86.34626246465284,86.30407389032622,86.3697289980511
Parkinsons__06,False,Parkinsons,MDVP:PPQ,Bar chart,means,128,0.4883297173916271,4,0.4883297173916271,0.4883297173916271,67.18941295834301,67.18941295834301,67.18941295834301
Parkinsons__06,False,Parkinsons,MDVP:PPQ,Box plot,five,128,0.167202987784857,4,0.1375584581833478,0.19680313240469816,85.67490063556309,83.55593104028162,87.90757018298424
Parkinsons__06,False,Parkinsons,MDVP:PPQ,Interval plot,five,128,0.1434221148210774,4,0.11007958100286977,0.16443934585114087,87.4567657069043,85.87823861869381,90.08363158041142
Parkinsons__06,False,Parkinsons,MDVP:PPQ,Dot plot,raw,128,0.04844606934029743,4,0.03942828990374775,0.062005253417610866,95.37925022974423,94.1614927781126,96.20673303904411
Parkinsons__06,False,Parkinsons,MDVP:PPQ,Histogram,64,128,0.030007705120695154,4,0.026818082818575933,0.03434927423040597,97.0866523646851,96.67914165106724,97.38823426784992
Parkinsons__06,False,Parkinsons,MDVP:PPQ,Heatmap,32,128,0.04109830501910556,4,0.04109830501910556,0.04109830501910556,96.05240880510786,96.05240880510786,96.05240880510786
Parkinsons__06,False,Parkinsons,MDVP:PPQ,Violin plot,16,128,0.08240523162137628,4,0.08044869647560526,0.08424730885535547,92.38684097101616,92.22988075070293,92.55414007735612
Parkinsons__06,False,Parkinsons,MDVP:PPQ,Bar chart,means,256,0.48759726958783234,4,0.4759827401276566,0.49921179904800805,67.22249498865169,66.70171623749192,67.75146977081255
Parkinsons__06,False,Parkinsons,MDVP:PPQ,Box plot,five,256,0.17338398269805239,4,0.1169427195892149,0.19707812637422,85.2235938742425,83.53673648927645,89.53010592770381
Parkinsons__06,False,Parkinsons,MDVP:PPQ,Interval plot,five,256,0.17053352541567196,4,0.11249149474310537,0.196592218309419,85.43112848005671,83.57065880077589,89.88832766140997
Parkinsons__06,False,Parkinsons,MDVP:PPQ,Dot plot,raw,256,0.047657427419932216,4,0.0364809838904041,0.06136798406947872,95.45104858013576,94.2180294685183,96.48030359867542
Parkinsons__06,False,Parkinsons,MDVP:PPQ,Histogram,64,256,0.029523326694989617,4,0.020053081726224276,0.0407413357526671,97.1323304747483,96.08535431878443,98.0341139019659
Parkinsons__06,False,Parkinsons,MDVP:PPQ,Heatmap,64,256,0.04476101725015932,4,0.04476101725015932,0.04476101725015932,95.71566927640815,95.71566927640815,95.71566927640815
Parkinsons__06,False,Parkinsons,MDVP:PPQ,Violin plot,16,256,0.09096367114745516,4,0.08981748087646434,0.09170231466888536,91.66208063997391,91.6000622663607,91.75848410834534
Parkinsons__06,False,Parkinsons,MDVP:PPQ,Bar chart,means,512,0.48726877784552425,4,0.481660954530409,0.4928766011606395,67.23734236178966,66.98477283538024,67.49182374971441
Parkinsons__06,False,Parkinsons,MDVP:PPQ,Box plot,five,512,0.17114262967037636,4,0.11801922162711408,0.1946716295817617,85.38669626273058,83.70500941334703,89.44390048541793
Parkinsons__06,False,Parkinsons,MDVP:PPQ,Interval plot,five,512,0.16933657459204077,4,0.11079500131377175,0.1946716295817618,85.51857709136318,83.70500941334701,90.02561218021948
Parkinsons__06,False,Parkinsons,MDVP:PPQ,Dot plot,raw,512,0.044095939657332786,4,0.03969156837254383,0.04927714331093734,95.77663910159397,95.30370563915592,96.18237085112905
Parkinsons__06,False,Parkinsons,MDVP:PPQ,Histogram,64,512,0.020027767930570112,4,0.019847583724357652,0.02021621473221912,98.0365467921327,98.01843820552045,98.05386765227439
Parkinsons__06,False,Parkinsons,MDVP:PPQ,Heatmap,64,512,0.041514053144118115,4,0.041514053144118115,0.041514053144118115,96.01406692316867,96.01406692316867,96.01406692316867
Parkinsons__06,False,Parkinsons,MDVP:PPQ,Violin plot,16,512,0.09058990620670251,4,0.09041606304872159,0.09072705879110528,91.69349489747314,91.68196497374315,91.70811343369932
Parkinsons__07,False,Parkinsons,Jitter:DDP,Bar chart,means,128,0.32753216415908193,4,0.3149173464432634,0.33173710339768814,75.32774172996739,75.08989555436126,76.05040748035705
Parkinsons__07,False,Parkinsons,Jitter:DDP,Box plot,five,128,0.38605420087133885,4,0.31129862549222287,0.4238683205943103,72.14725076200865,70.23121348627299,76.26027973792999
Parkinsons__07,False,Parkinsons,Jitter:DDP,Interval plot,five,128,0.3607616488382454,4,0.32681219038699266,0.402208579169653,73.48825570251434,71.31606630107561,75.36861714455073
Parkinsons__07,False,Parkinsons,Jitter:DDP,Dot plot,raw,128,0.08941125376362108,4,0.057512052073211334,0.11552915738679322,91.7926996389353,89.64355556089377,94.56157005866163
Parkinsons__07,False,Parkinsons,Jitter:DDP,Histogram,16,128,0.06448678432883276,4,0.061909596591194285,0.06823944280309392,93.941983566335,93.61197124269897,94.16997484626484
Parkinsons__07,False,Parkinsons,Jitter:DDP,Heatmap,16,128,0.06501505713491675,4,0.06501505713491675,0.06501505713491675,93.89538610751484,93.89538610751484,93.89538610751484
Parkinsons__07,False,Parkinsons,Jitter:DDP,Violin plot,32,128,0.1459282308900962,4,0.14276451277272129,0.15100339796134415,87.26549997142955,86.88071657922113,87.50709256570036
Parkinsons__07,False,Parkinsons,Jitter:DDP,Bar chart,means,256,0.3236791026810285,4,0.31977325953889213,0.3275849458231648,75.54701120343769,75.32474687560978,75.77059110512545
Parkinsons__07,False,Parkinsons,Jitter:DDP,Box plot,five,256,0.3839882351751348,4,0.31684088004949734,0.4108355000547503,72.25494947025011,70.87998565114026,75.93931925643227
Parkinsons__07,False,Parkinsons,Jitter:DDP,Interval plot,five,256,0.3817822624763037,4,0.31636971482817383,0.40391656322131053,72.37030226512617,71.22930423339994,75.9665000444446
Parkinsons__07,False,Parkinsons,Jitter:DDP,Dot plot,raw,256,0.09397916018673644,4,0.07958211368154004,0.13136176789716864,91.40941952032298,88.38905718536634,92.6284334768985
Parkinsons__07,False,Parkinsons,Jitter:DDP,Histogram,16,256,0.06419811133188427,4,0.06364818504381463,0.06463740922375745,93.96746614673673,93.92869265500585,94.01604910920872
Parkinsons__07,False,Parkinsons,Jitter:DDP,Heatmap,16,256,0.06501505713491675,4,0.06501505713491675,0.06501505713491675,93.89538610751484,93.89538610751484,93.89538610751484
Parkinsons__07,False,Parkinsons,Jitter:DDP,Violin plot,16,256,0.1556716347544153,4,0.15494442529352373,0.15650051690541675,86.5297693503141,86.46775210060576,86.58425272245067
Parkinsons__07,False,Parkinsons,Jitter:DDP,Bar chart,means,512,0.3228939887564981,4,0.321951062987841,0.3257227660624696,75.59184700355212,75.4305519675204,75.64576541432818
Parkinsons__07,False,Parkinsons,Jitter:DDP,Box plot,five,512,0.38712070225221895,4,0.3106373938054923,0.4166130284346464,72.09177963938792,70.59090802694348,76.29875392891522
Parkinsons__07,False,Parkinsons,Jitter:DDP,Interval plot,five,512,0.38489981312551647,4,0.3082538236108336,0.41555633411624715,72.20738933765513,70.64360321797541,76.43776627688038
Parkinsons__07,False,Parkinsons,Jitter:DDP,Dot plot,raw,512,0.11375277355498178,4,0.08726380744839483,0.13917039544138896,89.78653285936207,87.78318011086785,91.97399868821287
Parkinsons__07,False,Parkinsons,Jitter:DDP,Histogram,16,512,0.06452836660624064,4,0.06404275863578895,0.06517532630519704,93.9383140336636,93.8812583529068,93.98118561345238
Parkinsons__07,False,Parkinsons,Jitter:DDP,Heatmap,16,512,0.06501505713491675,4,0.06501505713491675,0.06501505713491675,93.89538610751484,93.89538610751484,93.89538610751484
Parkinsons__07,False,Parkinsons,Jitter:DDP,Violin plot,32,512,0.15867936923819773,4,0.15838522562528365,0.15920665341014312,86.3051527928278,86.26589547758456,86.32706787676881
Parkinsons__08,False,Parkinsons,MDVP:Shimmer,Bar chart,means,128,0.6782728598623055,4,0.6742360594293407,0.6903832611611995,59.5850665238098,59.15818163704812,59.72873385255169
Parkinsons__08,False,Parkinsons,MDVP:Shimmer,Box plot,five,128,0.13684839867607104,4,0.12396043014633476,0.14768791476331145,87.9624760139136,87.13170079918727,88.97110371312665
Parkinsons__08,False,Parkinsons,MDVP:Shimmer,Interval plot,five,128,0.13073901798037144,4,0.12526880024713744,0.1362719807910796,88.43773709923921,88.00709838007215,88.86765542423062
Parkinsons__08,False,Parkinsons,MDVP:Shimmer,Dot plot,raw,128,0.05367159601688899,4,0.0452723057274328,0.06519100267799652,94.90623110466493,93.87987670623393,95.66885054933827
Parkinsons__08,False,Parkinsons,MDVP:Shimmer,Histogram,32,128,0.07438823074900902,4,0.07001937222488025,0.08467117387703137,93.07622434609607,92.1938393942577,93.45625191072104
Parkinsons__08,False,Parkinsons,MDVP:Shimmer,Heatmap,64,128,0.05984938513680296,4,0.05984938513680296,0.05984938513680296,94.35302921564863,94.35302921564863,94.35302921564863
Parkinsons__08,False,Parkinsons,MDVP:Shimmer,Violin plot,16,128,0.08791810764306755,4,0.08581280077346586,0.08948679947004444,91.91868330663797,91.78633467486038,92.09690650982029
Parkinsons__08,False,Parkinsons,MDVP:Shimmer,Bar chart,means,256,0.6754521666727443,4,0.6754521666727443,0.6754521666727443,59.68538045379625,59.68538045379625,59.68538045379625
Parkinsons__08,False,Parkinsons,MDVP:Shimmer,Box plot,five,256,0.1400988837912731,4,0.12397271965861151,0.1584731070372076,87.71169011889656,86.3205191320753,88.97013090350927
Parkinsons__08,False,Parkinsons,MDVP:Shimmer,Interval plot,five,256,0.1344987706062457,4,0.11810715892753725,0.14875901749877105,88.14465259099636,87.05045921444267,89.43686586884722
Parkinsons__08,False,Parkinsons,MDVP:Shimmer,Dot plot,raw,256,0.0645179627565567,4,0.060496450308819026,0.06777734877827785,93.93923212065974,93.65248299602658,94.295459424574
Parkinsons__08,False,Parkinsons,MDVP:Shimmer,Histogram,64,256,0.04605803377916705,4,0.04378688336995651,0.049432600541274394,95.59699057873779,95.28958786721718,95.80499773779616
Parkinsons__08,False,Parkinsons,MDVP:Shimmer,Heatmap,64,256,0.061551518109999606,4,0.061551518109999606,0.061551518109999606,94.20173990051968,94.20173990051968,94.20173990051968
Parkinsons__08,False,Parkinsons,MDVP:Shimmer,Violin plot,16,256,0.0908403129242906,4,0.09043587590508705,0.09144772554848281,91.67244629227456,91.62142873104364,91.7064471278494
Parkinsons__08,False,Parkinsons,MDVP:Shimmer,Bar chart,means,512,0.6750923504302727,4,0.6723766846844601,0.6759975723455436,59.69820110175627,59.66595754673492,59.795141199823505
Parkinsons__08,False,Parkinsons,MDVP:Shimmer,Box plot,five,512,0.14525701709817535,4,0.09871449547921894,0.16440602727889678,87.31664465447031,85.88069595765512,91.01545525380884
Parkinsons__08,False,Parkinsons,MDVP:Shimmer,Interval plot,five,512,0.14342602027708573,4,0.09675428917143876,0.16005668761525407,87.45646699186281,86.20268394432647,91.17812529873638
Parkinsons__08,False,Parkinsons,MDVP:Shimmer,Dot plot,raw,512,0.06075591517785642,4,0.058803563374182896,0.062296697942385355,94.272394402093,94.13565926891697,94.44622539928102
Parkinsons__08,False,Parkinsons,MDVP:Shimmer,Histogram,64,512,0.04663493633903068,4,0.04538527917366262,0.04750149397117359,95.5442977565652,95.46525763976803,95.65851173937153
Parkinsons__08,False,Parkinsons,MDVP:Shimmer,Heatmap,64,512,0.05055321098511857,4,0.05055321098511857,0.05055321098511857,95.18794379413546,95.18794379413546,95.18794379413546
Parkinsons__08,False,Parkinsons,MDVP:Shimmer,Violin plot,16,512,0.09306450611183177,4,0.09303440706118618,0.09314480694641986,91.48590905738271,91.47918863497969,91.4884283184346
Parkinsons__09,False,Parkinsons,MDVP:Shimmer(dB),Bar chart,means,128,0.5638721198085134,4,0.5553091552791312,0.5724350843378956,63.943847283526225,63.59563011283671,64.29589876750453
Parkinsons__09,False,Parkinsons,MDVP:Shimmer(dB),Box plot,five,128,0.2470977236531016,4,0.21811617123995383,0.26183626407759125,80.1861779581088,79.24958478911724,82.09397622412915
Parkinsons__09,False,Parkinsons,MDVP:Shimmer(dB),Interval plot,five,128,0.25311159114176635,4,0.22987374738091737,0.2809536923127105,79.80135265438372,78.06683457811344,81.30915893843202
Parkinsons__09,False,Parkinsons,MDVP:Shimmer(dB),Dot plot,raw,128,0.0895275539435387,4,0.05325380486263612,0.1323832708032071,91.78290134843361,88.3093229813165,94.94387728610376
Parkinsons__09,False,Parkinsons,MDVP:Shimmer(dB),Histogram,32,128,0.08797618629079054,4,0.08213742228846338,0.0937378950337937,91.91377647789098,91.42958331612918,92.40970503406469
Parkinsons__09,False,Parkinsons,MDVP:Shimmer(dB),Heatmap,16,128,0.04891503741718045,4,0.04891503741718045,0.04891503741718045,95.33660633394793,95.33660633394793,95.33660633394793
Parkinsons__09,False,Parkinsons,MDVP:Shimmer(dB),Violin plot,32,128,0.10660415463776404,4,0.10442086206485506,0.11040568080388417,90.36655029795547,90.05717615529889,90.54519290140654
Parkinsons__09,False,Parkinsons,MDVP:Shimmer(dB),Bar chart,means,256,0.5630122405252282,4,0.5590352988400339,0.5669891822104226,63.97902550423816,63.81664987561575,64.14222954053884
Parkinsons__09,False,Parkinsons,MDVP:Shimmer(dB),Box plot,five,256,0.24896897918623162,4,0.22836016520406424,0.26511287715111137,80.06603980281015,79.04433019857366,81.40934787101897
Parkinsons__09,False,Parkinsons,MDVP:Shimmer(dB),Interval plot,five,256,0.24268601086771008,4,0.21328132237320777,0.2628846313921761,80.47085033988162,79.18379677307675,82.4211154956194
Parkinsons__09,False,Parkinsons,MDVP:Shimmer(dB),Dot plot,raw,256,0.09661886250933756,4,0.09098374182163907,0.10178434408062026,91.18938531768006,90.76186327864788,91.66039434559111
Parkinsons__09,False,Parkinsons,MDVP:Shimmer(dB),Histogram,16,256,0.07391175453508786,4,0.0542740813703953,0.09120394866389092,93.1175206693696,91.64189711963888,94.85199509980865
Parkinsons__09,False,Parkinsons,MDVP:Shimmer(dB),Heatmap,16,256,0.04891503741718045,4,0.04891503741718045,0.04891503741718045,95.33660633394793,95.33660633394793,95.33660633394793
Parkinsons__09,False,Parkinsons,MDVP:Shimmer(dB),Violin plot,32,256,0.1160279594206591,4,0.11563222875044718,0.11639033029870956,89.60348990890064,89.5744053723963,89.63527354530086
Parkinsons__09,False,Parkinsons,MDVP:Shimmer(dB),Bar chart,means,512,0.5626265976951487,4,0.5607064177703781,0.5645467776199192,63.99481497851024,63.916273664968905,64.07354955511735
Parkinsons__09,False,Parkinsons,MDVP:Shimmer(dB),Box plot,five,512,0.2530066703053559,4,0.22579458459920107,0.27187890279369453,79.8080348412113,78.623837364036,81.57973714062138
Parkinsons__09,False,Parkinsons,MDVP:Shimmer(dB),Interval plot,five,512,0.25000785162561007,4,0.22206259125747893,0.2700680546608207,79.99949749911731,78.73593830899526,81.82886925382596
Parkinsons__09,False,Parkinsons,MDVP:Shimmer(dB),Dot plot,raw,512,0.11788206615389267,4,0.09898653353297569,0.13456004093410603,89.45487455940058,88.13989246233984,90.99292570812875
Parkinsons__09,False,Parkinsons,MDVP:Shimmer(dB),Histogram,16,512,0.06893490099784669,4,0.0679619935122156,0.07018696430497058,93.55106649305807,93.44161659168094,93.63629099864234
Parkinsons__09,False,Parkinsons,MDVP:Shimmer(dB),Heatmap,16,512,0.04891503741718045,4,0.04891503741718045,0.04891503741718045,95.33660633394793,95.33660633394793,95.33660633394793
Parkinsons__09,False,Parkinsons,MDVP:Shimmer(dB),Violin plot,32,512,0.11817396818806883,4,0.11796738577018058,0.11830084967789958,89.43152214681206,89.42137532024826,89.44804765579887
Parkinsons__10,False,Parkinsons,Shimmer:APQ3,Bar chart,means,128,0.6540191992725449,4,0.6540191992725449,0.6540191992725449,60.45879034776685,60.45879034776685,60.45879034776685
Parkinsons__10,False,Parkinsons,Shimmer:APQ3,Box plot,five,128,0.0818764884442722,4,0.07036518855011625,0.08758393998693641,92.43199299376495,91.94692595515998,93.4260578256071
Parkinsons__10,False,Parkinsons,Shimmer:APQ3,Interval plot,five,128,0.0693779474097583,4,0.06097612899289261,0.07875373935885013,93.51230801254083,92.6995627931119,94.25282743629937
Parkinsons__10,False,Parkinsons,Shimmer:APQ3,Dot plot,raw,128,0.04916218274740827,4,0.035644274494841935,0.05895152243309052,95.3141484171047,94.4330291628798,96.55825118984718
Parkinsons__10,False,Parkinsons,Shimmer:APQ3,Histogram,32,128,0.08934694742005657,4,0.0890357459857273,0.09028055172304333,91.79811834680766,91.71951186505464,91.82435045737293
Parkinsons__10,False,Parkinsons,Shimmer:APQ3,Heatmap,32,128,0.07756239489794274,4,0.07756239489794274,0.07756239489794274,92.80205069653636,92.80205069653636,92.80205069653636
Parkinsons__10,False,Parkinsons,Shimmer:APQ3,Violin plot,16,128,0.07492504932393003,4,0.07418544066434739,0.07658420416972457,93.02974199261114,92.88637118461278,93.09379573991748
Parkinsons__10,False,Parkinsons,Shimmer:APQ3,Bar chart,means,256,0.6533851622783806,4,0.6479714617897461,0.6551897291079255,60.48197496958243,60.41603463422625,60.68066244994135
Parkinsons__10,False,Parkinsons,Shimmer:APQ3,Box plot,five,256,0.08353276130724854,4,0.06529575378876148,0.09683003113159036,92.29070275581988,91.17182896317202,93.87064544690665
Parkinsons__10,False,Parkinsons,Shimmer:APQ3,Interval plot,five,256,0.08465474522680921,4,0.06785514313801877,0.09875857746057583,92.19523580205171,91.01180373136887,93.64566031506685
Parkinsons__10,False,Parkinsons,Shimmer:APQ3,Dot plot,raw,256,0.054710265054458064,4,0.04959235525348857,0.05710265235711009,94.81276831494257,94.59819231086182,95.27508417860842
Parkinsons__10,False,Parkinsons,Shimmer:APQ3,Histogram,64,256,0.07854140272765539,4,0.07517124504678913,0.08127174942416861,92.71781291575618,92.4836888166689,93.00843978174677
Parkinsons__10,False,Parkinsons,Shimmer:APQ3,Heatmap,32,256,0.07176103902031701,4,0.07176103902031701,0.07176103902031701,93.30438069610062,93.30438069610062,93.30438069610062
Parkinsons__10,False,Parkinsons,Shimmer:APQ3,Violin plot,16,256,0.07958913488949018,4,0.07940867675250539,0.07969138038675123,92.62783105930043,92.61905931320807,92.64331680273192
Parkinsons__10,False,Parkinsons,Shimmer:APQ3,Bar chart,means,512,0.6522295103895609,4,0.6522295103895609,0.6522295103895609,60.5242790854293,60.5242790854293,60.5242790854293
Parkinsons__10,False,Parkinsons,Shimmer:APQ3,Box plot,five,512,0.09112700016555933,4,0.046947531014861,0.10686706829341401,91.64835989286927,90.34508557037626,95.51577040643552
Parkinsons__10,False,Parkinsons,Shimmer:APQ3,Interval plot,five,512,0.08991317193548201,4,0.04595402388650637,0.10725261104055564,91.75042799273514,90.31362762470584,95.60649676400186
Parkinsons__10,False,Parkinsons,Shimmer:APQ3,Dot plot,raw,512,0.06106152713909748,4,0.05875730387239925,0.06631687486734082,94.24524162102686,93.78075350485368,94.45035196853003
Parkinsons__10,False,Parkinsons,Shimmer:APQ3,Histogram,64,512,0.07773204613592498,4,0.07551257238492706,0.07888098181338711,92.78744225759792,92.6886298727035,92.97892239255935
Parkinsons__10,False,Parkinsons,Shimmer:APQ3,Heatmap,64,512,0.07076916198724899,4,0.07076916198724899,0.07076916198724899,93.39081059675758,93.39081059675758,93.39081059675758
Parkinsons__10,False,Parkinsons,Shimmer:APQ3,Violin plot,16,512,0.07932310398896056,4,0.07923220645424739,0.07937720137515823,92.65066191061801,92.64601834520599,92.65846534412088
Parkinsons__11,False,Parkinsons,Shimmer:APQ5,Bar chart,means,128,0.7656157497125551,4,0.7575904393439709,0.7736410600811391,56.63746487098348,56.38119360826326,56.8960764473238
Parkinsons__11,False,Parkinsons,Shimmer:APQ5,Box plot,five,128,0.06018749330799603,4,0.0561825159291706,0.06573182463037452,94.322938754899,93.83223592359435,94.68060538005172
Parkinsons__11,False,Parkinsons,Shimmer:APQ5,Interval plot,five,128,0.09759264323262631,4,0.0668134968974447,0.12392027788423948,91.10848238330053,88.97428222244399,93.73709677542
Parkinsons__11,False,Parkinsons,Shimmer:APQ5,Dot plot,raw,128,0.07008672143715317,4,0.053107132070177296,0.08817415366708278,93.45036995291139,91.89705495485799,94.95710071151258
Parkinsons__11,False,Parkinsons,Shimmer:APQ5,Histogram,32,128,0.1016159433161035,4,0.09782944405594225,0.10548456739986697,90.77573777570635,90.458069654652,91.08883036562489
Parkinsons__11,False,Parkinsons,Shimmer:APQ5,Heatmap,64,128,0.10775154317655262,4,0.10775154317655262,0.10775154317655262,90.27295029826203,90.27295029826203,90.27295029826203
Parkinsons__11,False,Parkinsons,Shimmer:APQ5,Violin plot,16,128,0.054666482788808965,4,0.05356367391696073,0.05555606232319172,94.81670426803962,94.7367966225387,94.91595285192203
Parkinsons__11,False,Parkinsons,Shimmer:APQ5,Bar chart,means,256,0.7636681848532333,4,0.7599409486569453,0.7673954210495213,56.70000789197299,56.580434015506064,56.82008824006992
Parkinsons__11,False,Parkinsons,Shimmer:APQ5,Box plot,five,256,0.056087265251353845,4,0.03042402868970733,0.07229816520990758,94.68914481816,93.2576434842864,97.04742631745547
Parkinsons__11,False,Parkinsons,Shimmer:APQ5,Interval plot,five,256,0.06238976289023909,4,0.03255493133722491,0.08228480684785583,94.12741302019823,92.39712076458787,96.84714775464157
Parkinsons__11,False,Parkinsons,Shimmer:APQ5,Dot plot,raw,256,0.06212106925972209,4,0.04183078232997297,0.09450864793877618,94.15122521738324,91.36519861064974,95.9848774830379
Parkinsons__11,False,Parkinsons,Shimmer:APQ5,Histogram,64,256,0.07050098514937375,4,0.06962852534221604,0.07183681051808116,93.41420642041388,93.29778471749275,93.49040122878743
Parkinsons__11,False,Parkinsons,Shimmer:APQ5,Heatmap,64,256,0.08160489315451536,4,0.08160489315451536,0.08160489315451536,92.45520303476869,92.45520303476869,92.45520303476869
Parkinsons__11,False,Parkinsons,Shimmer:APQ5,Violin plot,16,256,0.05277315669432651,4,0.052629262526444,0.05296468875442426,94.98722432665052,94.96994635052033,95.00020905744849
Parkinsons__11,False,Parkinsons,Shimmer:APQ5,Bar chart,means,512,0.7618949239962115,4,0.7609951164700369,0.7645943465747351,56.757073669970474,56.67024843081392,56.78607456927691
Parkinsons__11,False,Parkinsons,Shimmer:APQ5,Box plot,five,512,0.06083360920494249,4,0.03956179534654619,0.06868613428381092,94.26549001869058,93.57284313136134,96.19437771533747
Parkinsons__11,False,Parkinsons,Shimmer:APQ5,Interval plot,five,512,0.05880070941388912,4,0.039221880003763115,0.06617590122475363,94.4464799757795,93.79315353604082,96.22584158797531
Parkinsons__11,False,Parkinsons,Shimmer:APQ5,Dot plot,raw,512,0.04963443570566461,4,0.044742205773673355,0.05658838227799887,95.27126454532757,94.64423580391878,95.71739271885356
Parkinsons__11,False,Parkinsons,Shimmer:APQ5,Histogram,64,512,0.07053270016200207,4,0.0699429209984343,0.07114279906919954,93.41143898254315,93.35823392258986,93.46292969225256
Parkinsons__11,False,Parkinsons,Shimmer:APQ5,Heatmap,64,512,0.07214239355920987,4,0.07214239355920987,0.07214239355920987,93.27119289447016,93.27119289447016,93.27119289447016
Parkinsons__11,False,Parkinsons,Shimmer:APQ5,Violin plot,16,512,0.051228000630627595,4,0.051116722006619424,0.051306186804554066,95.12684207423165,95.11976744277523,95.13691287214652
Parkinsons__12,False,Parkinsons,MDVP:APQ,Bar chart,means,128,0.5993864824922267,4,0.5864960479623045,0.6036832940022008,62.523974720716716,62.35645178446485,63.031988090005015
Parkinsons__12,False,Parkinsons,MDVP:APQ,Box plot,five,128,0.2245191906928538,4,0.21297481043055047,0.24700029959622857,81.66470624557407,80.19244264205824,82.44194284999585
Parkinsons__12,False,Parkinsons,MDVP:APQ,Interval plot,five,128,0.22090023943483503,4,0.21269393038353213,0.22646392449028038,81.90677400988213,81.53521518503702,82.46103777263365
Parkinsons__12,False,Parkinsons,MDVP:APQ,Dot plot,raw,128,0.04320141062501092,4,0.034968285904304675,0.05482231519620334,95.85876608438176,94.80269668109875,96.62131812340982
Parkinsons__12,False,Parkinsons,MDVP:APQ,Histogram,64,128,0.020880955036444715,4,0.018789716818260343,0.02458611190177436,97.95461410721497,97.60038598843205,98.15568252132131
Parkinsons__12,False,Parkinsons,MDVP:APQ,Heatmap,32,128,0.07107582817313422,4,0.07107582817313422,0.07107582817313422,93.36407131002444,93.36407131002444,93.36407131002444
Parkinsons__12,False,Parkinsons,MDVP:APQ,Violin plot,16,128,0.08477091618144367,4,0.08361645674721112,0.08596114160495277,92.18536237311285,92.08432619624769,92.2835744855509
Parkinsons__12,False,Parkinsons,MDVP:APQ,Bar chart,means,256,0.5989909600938191,4,0.5969953698109441,0.604977730942444,62.539440494480715,62.30616043580862,62.61758918677279
Parkinsons__12,False,Parkinsons,MDVP:APQ,Box plot,five,256,0.22991106094391667,4,0.20684309155369643,0.2419311241216901,81.3066921467096,80.51976317987948,82.86081322407824
Parkinsons__12,False,Parkinsons,MDVP:APQ,Interval plot,five,256,0.22150347337951554,4,0.20462633610733127,0.23229964775614256,81.86632472139557,81.14909403900829,83.0132938344543
Parkinsons__12,False,Parkinsons,MDVP:APQ,Dot plot,raw,256,0.058182930120705016,4,0.04818512242368149,0.07772025603933827,94.50161891062935,92.78845733818133,95.40299500604772
Parkinsons__12,False,Parkinsons,MDVP:APQ,Histogram,64,256,0.029733397773539654,4,0.020801566157087645,0.04104269005937405,97.11251496379273,96.05754015168837,97.96223214709619
Parkinsons__12,False,Parkinsons,MDVP:APQ,Heatmap,64,256,0.048907907968719584,4,0.048907907968719584,0.048907907968719584,95.3372543388072,95.3372543388072,95.3372543388072
Parkinsons__12,False,Parkinsons,MDVP:APQ,Violin plot,16,256,0.08748929103973564,4,0.08630338431890507,0.08823501543856782,91.95492849809233,91.89191542389321,92.05531478915385
Parkinsons__12,False,Parkinsons,MDVP:APQ,Bar chart,means,512,0.5968865194318781,4,0.5939959371433501,0.5978500468613874,62.6218574602138,62.584095545403166,62.73541711731909
Parkinsons__12,False,Parkinsons,MDVP:APQ,Box plot,five,512,0.2310187244603394,4,0.20996192678809467,0.2427312826425566,81.23353285616231,80.46791884675099,82.64722863260259
Parkinsons__12,False,Parkinsons,MDVP:APQ,Interval plot,five,512,0.22965921598704328,4,0.20449051786401792,0.24328444588391682,81.32334446802837,80.43211698744024,83.0226544060595
Parkinsons__12,False,Parkinsons,MDVP:APQ,Dot plot,raw,512,0.07720774742147445,4,0.06256685637638747,0.08726624933090757,92.8326037752432,91.97379212454996,94.1117252057197
Parkinsons__12,False,Parkinsons,MDVP:APQ,Histogram,64,512,0.01870144150963132,4,0.01863560824668528,0.018760983315761925,98.16418817647717,98.15845093962074,98.17053241651728
Parkinsons__12,False,Parkinsons,MDVP:APQ,Heatmap,64,512,0.043075422826716246,4,0.043075422826716246,0.043075422826716246,95.87034437931797,95.87034437931797,95.87034437931797
Parkinsons__12,False,Parkinsons,MDVP:APQ,Violin plot,16,512,0.09164431214709608,4,0.09122118547712417,0.09192045065465151,91.60492926795489,91.58176306712257,91.64044955402522
Parkinsons__13,False,Parkinsons,Shimmer:DDA,Bar chart,means,128,0.6539632627355733,4,0.6539632627355733,0.6539632627355733,60.460835045758486,60.460835045758486,60.460835045758486
Parkinsons__13,False,Parkinsons,Shimmer:DDA,Box plot,five,128,0.08202542547563553,4,0.07032046097869275,0.08798303614171486,92.41927005184938,91.91319779638047,93.42996200274521
Parkinsons__13,False,Parkinsons,Shimmer:DDA,Interval plot,five,128,0.069338448092748,4,0.060931371466812115,0.07870903855008166,93.5157621783432,92.70340418618571,94.25680368160194
Parkinsons__13,False,Parkinsons,Shimmer:DDA,Dot plot,raw,128,0.04892889422339364,4,0.03524054603215677,0.058888661952200085,95.33534689597624,94.43863514001264,96.59590747607155
Parkinsons__13,False,Parkinsons,Shimmer:DDA,Histogram,32,128,0.08894841574183744,4,0.08863721331465775,0.08988202302337568,91.83171448197186,91.75305022702922,91.85796588334719
Parkinsons__13,False,Parkinsons,Shimmer:DDA,Heatmap,32,128,0.07716382562253667,4,0.07716382562253667,0.07716382562253667,92.83638906292266,92.83638906292266,92.83638906292266
Parkinsons__13,False,Parkinsons,Shimmer:DDA,Violin plot,16,128,0.07487531084759541,4,0.07413569982838103,0.07653447098672249,93.03404682459843,92.89066230117342,93.09810670660829
Parkinsons__13,False,Parkinsons,Shimmer:DDA,Bar chart,means,256,0.6533292237185905,4,0.6479155059582004,0.6551337963053873,60.484021310096175,60.41807630490139,60.682722893522254
Parkinsons__13,False,Parkinsons,Shimmer:DDA,Box plot,five,256,0.08641951902108409,4,0.06553987028512791,0.107334763270964,92.04547437633003,90.30692733298582,93.84913956644436
Parkinsons__13,False,Parkinsons,Shimmer:DDA,Interval plot,five,256,0.08453422314138702,4,0.06810429325240122,0.09722915678490238,92.20548127134882,91.13866450014845,93.62381616826741
Parkinsons__13,False,Parkinsons,Shimmer:DDA,Dot plot,raw,256,0.05436562318290623,4,0.04930169736467166,0.05670401780737405,94.84375988864396,94.63387884858874,95.30147549665715
Parkinsons__13,False,Parkinsons,Shimmer:DDA,Histogram,64,256,0.07814283657565513,4,0.07477266814270912,0.08087319198300867,92.75208869134181,92.51779093210409,93.04293174184247
Parkinsons__13,False,Parkinsons,Shimmer:DDA,Heatmap,32,256,0.07136245123638786,4,0.07136245123638786,0.07136245123638786,93.33909349221328,93.33909349221328,93.33909349221328
Parkinsons__13,False,Parkinsons,Shimmer:DDA,Violin plot,16,256,0.07953834437233127,4,0.07932053278665235,0.07969509736319758,92.63218904757139,92.61874046128145,92.65088262688211
Parkinsons__13,False,Parkinsons,Shimmer:DDA,Bar chart,means,512,0.6521735681428035,4,0.6521735681428034,0.6521735681428036,60.526328424688025,60.52632842468802,60.526328424688025
Parkinsons__13,False,Parkinsons,Shimmer:DDA,Box plot,five,512,0.09195006627127407,4,0.047083588351833724,0.10828740140215362,91.57927920777004,90.22930322359043,95.50335915149374
Parkinsons__13,False,Parkinsons,Shimmer:DDA,Interval plot,five,512,0.09062529197065936,4,0.04609510350640922,0.10731097632300207,91.6905198661854,90.30886728140773,95.59360297625877
Parkinsons__13,False,Parkinsons,Shimmer:DDA,Dot plot,raw,512,0.06209552340720093,4,0.05880244339349006,0.06788726127978413,94.15348977199352,93.64284379622376,94.44632530266678
Parkinsons__13,False,Parkinsons,Shimmer:DDA,Histogram,64,512,0.07733347740177052,4,0.07511399656981053,0.07848241674477272,92.82176976545115,92.72288397787149,93.01339236495252
Parkinsons__13,False,Parkinsons,Shimmer:DDA,Heatmap,64,512,0.07037057103885629,4,0.07037057103885629,0.07037057103885629,93.42558802130017,93.42558802130017,93.42558802130017
Parkinsons__13,False,Parkinsons,Shimmer:DDA,Violin plot,16,512,0.0792376826190139,4,0.07913156112584302,0.07929017591467362,92.65799518538624,92.6534885905473,92.66710714648303
Parkinsons__14,False,Parkinsons,NHR,Bar chart,means,128,0.29101325650110166,4,0.28658411771818854,0.3043006728498409,77.45853847467032,76.6694383293572,77.72519388577113
Parkinsons__14,False,Parkinsons,NHR,Box plot,five,128,0.4234612815187227,4,0.3020883544818519,0.4757462357427309,70.25129611766312,67.76232768072813,76.79970384175168
Parkinsons__14,False,Parkinsons,NHR,Interval plot,five,128,0.4485671991631358,4,0.3384163077083628,0.4926032662763676,69.03373213046095,66.99703950767329,74.71516853468414
Parkinsons__14,False,Parkinsons,NHR,Dot plot,raw,128,0.17955875149211167,4,0.16218887586051167,0.20091068866540024,84.7774643471574,83.27013902352081,86.04453379056625
Parkinsons__14,False,Parkinsons,NHR,Histogram,32,128,0.20021173981807633,4,0.19774980528070862,0.20442243081166564,83.31863177338828,83.02734774925236,83.48989042545797
Parkinsons__14,False,Parkinsons,NHR,Heatmap,32,128,0.16939187826913374,4,0.16939187826913374,0.16939187826913374,85.51453268857504,85.51453268857504,85.51453268857504
Parkinsons__14,False,Parkinsons,NHR,Violin plot,16,128,0.05144421258842376,4,0.04965590626591583,0.054909647193424685,95.10728082645683,94.79484832283872,95.26931578534497
Parkinsons__14,False,Parkinsons,NHR,Bar chart,means,256,0.2872512683298408,4,0.2872512683298408,0.2872512683298408,77.68491083310111,77.68491083310111,77.68491083310111
Parkinsons__14,False,Parkinsons,NHR,Box plot,five,256,0.4142589104040085,4,0.29953625261818867,0.45811325970959277,70.70841078981303,68.58177808486334,76.9505273889274
Parkinsons__14,False,Parkinsons,NHR,Interval plot,five,256,0.4318659821378949,4,0.3274602846537877,0.4706826228606938,69.83893831369028,67.99563579903142,75.33182058707
Parkinsons__14,False,Parkinsons,NHR,Dot plot,raw,256,0.16959888658905345,4,0.16415514534939643,0.17489361188518246,85.49939739737088,85.11408947023247,85.89920372682555
Parkinsons__14,False,Parkinsons,NHR,Histogram,32,256,0.1851069189158136,4,0.17479772787307246,0.19427386395874183,84.38057225375434,83.73288825774276,85.12103626642714
Parkinsons__14,False,Parkinsons,NHR,Heatmap,32,256,0.17261799358204818,4,0.17261799358204818,0.17261799358204818,85.27926447258886,85.27926447258886,85.27926447258886
Parkinsons__14,False,Parkinsons,NHR,Violin plot,16,256,0.04500552867421042,4,0.044747895949702285,0.04515074075153247,95.69327362972821,95.67997811310298,95.71687139804907
Parkinsons__14,False,Parkinsons,NHR,Bar chart,means,512,0.28556407363485103,4,0.2835776719988779,0.28755047527082417,77.78686574311021,77.66685805382964,77.90724486837865
Parkinsons__14,False,Parkinsons,NHR,Box plot,five,512,0.41168172064848474,4,0.2946536030417464,0.4528729895318309,70.83749724694528,68.82914110215765,77.24073819055018
Parkinsons__14,False,Parkinsons,NHR,Interval plot,five,512,0.4147983072713445,4,0.2976151872849814,0.45844462756798854,70.68145295767658,68.56619587042792,77.06444944531778
Parkinsons__14,False,Parkinsons,NHR,Dot plot,raw,512,0.16735822616665733,4,0.16209802724553204,0.17071607149770085,85.66350736087036,85.41780747237004,86.05126044058902
Parkinsons__14,False,Parkinsons,NHR,Histogram,32,512,0.1829004126552653,4,0.18239389830378192,0.1838082904217233,84.53797033981014,84.47313708571487,84.57418474795605
Parkinsons__14,False,Parkinsons,NHR,Heatmap,32,512,0.17261799358204818,4,0.17261799358204818,0.17261799358204818,85.27926447258886,85.27926447258886,85.27926447258886
Parkinsons__14,False,Parkinsons,NHR,Violin plot,16,512,0.04434368930993274,4,0.04419406249764183,0.0445568717313554,95.75391800957465,95.73437570158318,95.76763897776506
Parkinsons__15,False,Parkinsons,HNR,Bar chart,means,128,0.3712568286719001,4,0.3703845417523174,0.37212911559148276,72.92579909837369,72.87943886890926,72.97221834692438
Parkinsons__15,False,Parkinsons,HNR,Box plot,five,128,0.21071288061847931,4,0.14080270385299243,0.2859832473040693,82.59596606332966,77.76151066480814,87.6575762507014
Parkinsons__15,False,Parkinsons,HNR,Interval plot,five,128,0.18834887710494447,4,0.13315722163323968,0.2440627943910646,84.15037193759126,80.38179459337286,88.249007367105
Parkinsons__15,False,Parkinsons,HNR,Dot plot,raw,128,0.23118326590582827,4,0.18229917018485034,0.28953071828311416,81.2226764034404,77.5475904390555,84.58096099683904
Parkinsons__15,False,Parkinsons,HNR,Histogram,64,128,0.18503322404718575,4,0.18404581128579833,0.18561029306567212,84.38581971438313,84.34474682353394,84.45619168350113
Parkinsons__15,False,Parkinsons,HNR,Heatmap,64,128,0.18988989369349202,4,0.18988989369349202,0.18988989369349202,84.04138948486552,84.04138948486552,84.04138948486552
Parkinsons__15,False,Parkinsons,HNR,Violin plot,128,128,0.24996597014819977,4,0.24817606640631087,0.25172531353403615,80.002177969808,79.8897321311389,80.11690232766219
Parkinsons__15,False,Parkinsons,HNR,Bar chart,means,256,0.36758610655573565,4,0.36758610655573537,0.3675861065557357,73.12153839574307,73.12153839574306,73.12153839574309
Parkinsons__15,False,Parkinsons,HNR,Box plot,five,256,0.2132394762147934,4,0.15369050353976213,0.2733982712613408,82.4239583037569,78.53002651004613,86.67835931142643
Parkinsons__15,False,Parkinsons,HNR,Interval plot,five,256,0.21243776670577763,4,0.15317498652977762,0.27386083111417103,82.4784601288876,78.50151096374938,86.717108130248
Parkinsons__15,False,Parkinsons,HNR,Dot plot,raw,256,0.3037822201172776,4,0.20837473945863172,0.3710276780896622,76.69992615101378,72.93798775772069,82.75578488573947
Parkinsons__15,False,Parkinsons,HNR,Histogram,64,256,0.1822159651245398,4,0.1808638256091651,0.18345437466694575,84.58691385500411,84.4983990431761,84.68376948410085
Parkinsons__15,False,Parkinsons,HNR,Heatmap,64,256,0.17472108043754608,4,0.17472108043754608,0.17472108043754608,85.12659018833065,85.12659018833065,85.12659018833065
Parkinsons__15,False,Parkinsons,HNR,Violin plot,256,256,0.24864121877731027,4,0.248018829369372,0.24932634343475354,80.08705663098455,80.04313726793877,80.12699620127553
Parkinsons__15,False,Parkinsons,HNR,Bar chart,means,512,0.36967537737782485,4,0.36967537737782485,0.36967537737782485,73.01000050935062,73.01000050935062,73.01000050935062
Parkinsons__15,False,Parkinsons,HNR,Box plot,five,512,0.21919283634719863,4,0.15797309965960601,0.28317513443236997,82.02147930889109,77.93168470665258,86.35779192918702
Parkinsons__15,False,Parkinsons,HNR,Interval plot,five,512,0.2170430522128733,4,0.15797309965960601,0.2774212248622272,82.16636200188339,78.28271368419233,86.35779192918702
Parkinsons__15,False,Parkinsons,HNR,Dot plot,raw,512,0.2528835783312222,4,0.21949553464334684,0.29339305919224173,79.81587573619167,77.31601719159731,82.00112026588597
Parkinsons__15,False,Parkinsons,HNR,Histogram,64,512,0.18175050857022268,4,0.18036485260713792,0.18239345925222672,84.62023013722929,84.5742161524154,84.71956766513709
Parkinsons__15,False,Parkinsons,HNR,Heatmap,64,512,0.17782045346893371,4,0.17782045346893371,0.17782045346893371,84.90258401055829,84.90258401055829,84.90258401055829
Parkinsons__15,False,Parkinsons,HNR,Violin plot,256,512,0.24852102423481692,4,0.2483987565440465,0.24862563210033917,80.09476657494587,80.08805636304928,80.10261102536734
Parkinsons__16,False,Parkinsons,RPDE,Bar chart,means,128,0.32869412103690454,4,0.3204129632797258,0.33697527879408334,75.26186683354979,74.79569860872624,75.73388233906279
Parkinsons__16,False,Parkinsons,RPDE,Box plot,five,128,0.2015291471399397,4,0.11881415436533059,0.2569921247937642,83.22727770527668,79.5549932473977,89.3803493724362
Parkinsons__16,False,Parkinsons,RPDE,Interval plot,five,128,0.19852247569398854,4,0.12421586317488748,0.25599396544292036,83.43606567919916,79.61821692728871,88.95088859321993
Parkinsons__16,False,Parkinsons,RPDE,Dot plot,raw,128,0.24812246613774994,4,0.19484419781019435,0.30942077868947987,80.1203429255182,76.36964498156503,83.69292011734353
Parkinsons__16,False,Parkinsons,RPDE,Histogram,16,128,0.1467104860063147,4,0.13574044956198,0.16624362109213775,87.20596978952656,85.74537788798727,88.04828606621074
Parkinsons__16,False,Parkinsons,RPDE,Heatmap,64,128,0.10901363644135224,4,0.10901363644135224,0.10901363644135224,90.1702167710796,90.1702167710796,90.1702167710796
Parkinsons__16,False,Parkinsons,RPDE,Violin plot,256,128,0.13973400295214605,4,0.1377538450500651,0.1420580105619962,87.73977063155033,87.56122637832637,87.89247378513554
Parkinsons__16,False,Parkinsons,RPDE,Bar chart,means,256,0.32952570173218626,4,0.3256796410165091,0.33337176244786343,75.2147926660718,74.99783842460826,75.43300576247944
Parkinsons__16,False,Parkinsons,RPDE,Box plot,five,256,0.2081584076882931,4,0.13156658614287178,0.2662353637810782,82.7706030630051,78.9742593362676,88.37305839938789
Parkinsons__16,False,Parkinsons,RPDE,Interval plot,five,256,0.20651246927193262,4,0.13082020830416155,0.2608429954581917,82.88351968740513,79.31201613541097,88.4313874704851
Parkinsons__16,False,Parkinsons,RPDE,Dot plot,raw,256,0.27920730752694567,4,0.23244311472035728,0.3280764846875152,78.17341209012251,75.29686817964337,81.13964758745894
Parkinsons__16,False,Parkinsons,RPDE,Histogram,16,256,0.1489406780084116,4,0.1444892053956531,0.15548439912297898,87.03669555276018,86.54379070448785,87.37522339970846
Parkinsons__16,False,Parkinsons,RPDE,Heatmap,16,256,0.15226769172673316,4,0.15226769172673316,0.15226769172673316,86.78538912268276,86.78538912268276,86.78538912268276
Parkinsons__16,False,Parkinsons,RPDE,Violin plot,128,256,0.1385797289665403,4,0.13842138237200283,0.13882194470139034,87.82871981285619,87.81003954592825,87.84093618449177
Parkinsons__16,False,Parkinsons,RPDE,Bar chart,means,512,0.33082714651981443,4,0.32804166618330877,0.3317556399653163,75.1412384857834,75.08885038594946,75.29884230770593
Parkinsons__16,False,Parkinsons,RPDE,Box plot,five,512,0.21044815867659336,4,0.04490583583231557,0.2661333753145121,82.6140295915952,78.98062080162735,95.70240357624704
Parkinsons__16,False,Parkinsons,RPDE,Interval plot,five,512,0.20911000898235965,4,0.041066564124858915,0.266133375314512,82.70546042718182,78.98062080162737,96.0553373300025
Parkinsons__16,False,Parkinsons,RPDE,Dot plot,raw,512,0.2642772000317074,4,0.20158934636567913,0.33866364991947595,79.0965778687554,74.70136356209811,83.22310804640495
Parkinsons__16,False,Parkinsons,RPDE,Histogram,16,512,0.1510711684454899,4,0.1486752156324749,0.15541041422968138,86.87560138879076,86.54933240035797,87.05681000084846
Parkinsons__16,False,Parkinsons,RPDE,Heatmap,16,512,0.15226769172673316,4,0.15226769172673316,0.15226769172673316,86.78538912268276,86.78538912268276,86.78538912268276
Parkinsons__16,False,Parkinsons,RPDE,Violin plot,256,512,0.13749711446297874,4,0.13729877188372575,0.13773247619248838,87.91231092239805,87.89412457896773,87.92764264958137
Parkinsons__17,False,Parkinsons,DFA,Bar chart,means,128,0.21177542348516462,4,0.21177542348516462,0.21177542348516462,82.52354195498691,82.52354195498691,82.52354195498691
Parkinsons__17,False,Parkinsons,DFA,Box plot,five,128,0.09347032202727949,4,0.0738547857389458,0.12366531709868257,91.45195620362273,88.99447057616872,93.12246062319083
Parkinsons__17,False,Parkinsons,DFA,Interval plot,five,128,0.1008605962633255,4,0.0770608176629935,0.16952989751568948,90.83802285178716,85.50444089750897,92.84526775097065
Parkinsons__17,False,Parkinsons,DFA,Dot plot,raw,128,0.07573964272786793,4,0.06860452250868718,0.0819003610503498,92.95929612338105,92.42995344129123,93.57998950372874
Parkinsons__17,False,Parkinsons,DFA,Histogram,32,128,0.08845858030829849,4,0.07814154739239758,0.10723414483607971,91.87304120628613,90.31513385527367,92.75219959926491
Parkinsons__17,False,Parkinsons,DFA,Heatmap,64,128,0.0712981378432503,4,0.0712981378432503,0.0712981378432503,93.3446969312587,93.3446969312587,93.3446969312587
Parkinsons__17,False,Parkinsons,DFA,Violin plot,16,128,0.1607878946774698,4,0.16016942736334533,0.16119588015532416,86.14838288590651,86.11811470311433,86.1943071774134
Parkinsons__17,False,Parkinsons,DFA,Bar chart,means,256,0.20807830566629865,4,0.20095179989225392,0.22945782298843276,82.77609119455745,81.33666574826523,83.26728850314537
Parkinsons__17,False,Parkinsons,DFA,Box plot,five,256,0.09201875623870878,4,0.06852142905297609,0.10659592626476631,91.57351870441738,90.36722224122286,93.58726674169687
Parkinsons__17,False,Parkinsons,DFA,Interval plot,five,256,0.09252619737405351,4,0.07232614227920124,0.1082663398812959,91.53098592999919,90.23101794349432,93.25521038538947
Parkinsons__17,False,Parkinsons,DFA,Dot plot,raw,256,0.09560751947805202,4,0.08226569406563371,0.11655158015210888,91.27356121801725,89.56146923940308,92.39875249518491
Parkinsons__17,False,Parkinsons,DFA,Histogram,32,256,0.0829801109761405,4,0.07413927605083463,0.08698885447454813,92.33779917699997,91.99726343867633,93.09779674723244
Parkinsons__17,False,Parkinsons,DFA,Heatmap,32,256,0.0766251762556875,4,0.0766251762556875,0.0766251762556875,92.88283629757049,92.88283629757049,92.88283629757049
Parkinsons__17,False,Parkinsons,DFA,Violin plot,16,256,0.16351547884774045,4,0.16318491174750208,0.1638985912817,85.94642857612224,85.91813818580081,85.9708538084162
Parkinsons__17,False,Parkinsons,DFA,Bar chart,means,512,0.20228119899045008,4,0.1967714929013945,0.2041177676868022,83.17521731519177,83.04835513897223,83.55814004022179
Parkinsons__17,False,Parkinsons,DFA,Box plot,five,512,0.09297094780087689,4,0.068036757457096,0.10751249582097432,91.49374025101582,90.29243496333848,93.62973633799967
Parkinsons__17,False,Parkinsons,DFA,Interval plot,five,512,0.08853095566178583,4,0.06597859787413259,0.09904044262732364,91.86693265806461,90.98846240903006,93.81051383154289
Parkinsons__17,False,Parkinsons,DFA,Dot plot,raw,512,0.1277840194835223,4,0.10080935151817719,0.15357494346114428,88.66945999624627,86.68704236931815,90.84225153255227
Parkinsons__17,False,Parkinsons,DFA,Histogram,32,512,0.07850413699017776,4,0.07633061437388662,0.08206334763590331,92.72101661016691,92.4160311117463,92.90825575761505
Parkinsons__17,False,Parkinsons,DFA,Heatmap,64,512,0.07346416761147033,4,0.07346416761147033,0.07346416761147033,93.15634654345911,93.15634654345911,93.15634654345911
Parkinsons__17,False,Parkinsons,DFA,Violin plot,16,512,0.16264148401189127,4,0.16252055986417416,0.1627382522749024,86.01103725882297,86.00387903670459,86.01998403510707
Parkinsons__18,False,Parkinsons,spread1,Bar chart,means,128,0.283446765543092,4,0.2818817041800518,0.28396845266410536,77.91519109690917,77.8835335031091,78.01031848251895
Parkinsons__18,False,Parkinsons,spread1,Box plot,five,128,0.28369076507129454,4,0.2348117898117119,0.335962654599095,77.90038124520288,74.85239176091243,80.98400163092735
Parkinsons__18,False,Parkinsons,spread1,Interval plot,five,128,0.26249320102447904,4,0.22454536574881562,0.3128690120148322,79.20834735494236,76.16906110574742,81.66296063588423
Parkinsons__18,False,Parkinsons,spread1,Dot plot,raw,128,0.1696762879728664,4,0.14180598721701565,0.20890880451230368,85.49373961688771,82.71922549223376,87.58055319339786
Parkinsons__18,False,Parkinsons,spread1,Histogram,32,128,0.09851262618075385,4,0.0892987627940801,0.11331275310383693,91.0321808022128,89.82201966267529,91.80217899403225
Parkinsons__18,False,Parkinsons,spread1,Heatmap,64,128,0.07706996985396547,4,0.07706996985396547,0.07706996985396547,92.84447881650485,92.84447881650485,92.84447881650485
Parkinsons__18,False,Parkinsons,spread1,Violin plot,8,128,0.049749272873352804,4,0.047300069912165954,0.05247446395565353,95.2608423593207,95.01418174475874,95.48361818441082
Parkinsons__18,False,Parkinsons,spread1,Bar chart,means,256,0.28542202519529236,4,0.2779752613047503,0.287904279825473,77.79546175491052,77.64552192772528,78.24877603491704
Parkinsons__18,False,Parkinsons,spread1,Box plot,five,256,0.280358722163298,4,0.23649653916927132,0.31883426552121424,78.10311147101001,75.82453884793415,80.87365943392294
Parkinsons__18,False,Parkinsons,spread1,Interval plot,five,256,0.2772822265505356,4,0.23982119768994117,0.31610136591802357,78.2912326824298,75.98198937377953,80.65679162956879
Parkinsons__18,False,Parkinsons,spread1,Dot plot,raw,256,0.25481109862732315,4,0.16311055115604914,0.2882013560007695,79.6932702535012,77.62761584916409,85.97635014195951
Parkinsons__18,False,Parkinsons,spread1,Histogram,32,256,0.0880845387701581,4,0.07269051965819351,0.09542356760800133,91.90462361778263,91.28888856970907,93.22353294579727
Parkinsons__18,False,Parkinsons,spread1,Heatmap,32,256,0.09073739454537286,4,0.09073739454537286,0.09073739454537286,91.68109620160287,91.68109620160287,91.68109620160287
Parkinsons__18,False,Parkinsons,spread1,Violin plot,8,256,0.05375380697409553,4,0.05287439991126056,0.055020665718382565,94.89882678303653,94.7848731777289,94.97809046209909
Parkinsons__18,False,Parkinsons,spread1,Bar chart,means,512,0.2860739304517035,4,0.28487542771107077,0.28966943867360156,77.75602757524004,77.53924920702777,77.8285566392565
Parkinsons__18,False,Parkinsons,spread1,Box plot,five,512,0.28468166166965436,4,0.2445422099024324,0.32287043970092605,77.84029536938638,75.5931926505274,80.3508303730732
Parkinsons__18,False,Parkinsons,spread1,Interval plot,five,512,0.2824780603937613,4,0.24428090554679227,0.31993717048656367,77.97404344624564,75.76118184711576,80.36770439393311
Parkinsons__18,False,Parkinsons,spread1,Dot plot,raw,512,0.2471163341189172,4,0.19989059782032303,0.28768333990784034,80.1849813559291,77.65884429875206,83.3409313996262
Parkinsons__18,False,Parkinsons,spread1,Histogram,32,512,0.0839090462064966,4,0.06745030622156666,0.09218304121176006,92.25866353822173,91.55974431634789,93.68117599213409
Parkinsons__18,False,Parkinsons,spread1,Heatmap,32,512,0.09073739454537286,4,0.09073739454537286,0.09073739454537286,91.68109620160287,91.68109620160287,91.68109620160287
Parkinsons__18,False,Parkinsons,spread1,Violin plot,8,512,0.0545873108311339,4,0.054390793346577884,0.05482181129990735,94.82382252559886,94.80274196905847,94.84149580119677
Parkinsons__19,False,Parkinsons,spread2,Bar chart,means,128,0.3527634316697845,4,0.34716056127248074,0.3546310551355525,73.9227551979025,73.82083824292172,74.23020156227221
Parkinsons__19,False,Parkinsons,spread2,Box plot,five,128,0.2988298910450665,4,0.2105419775225417,0.38002608357823503,76.9923765147858,72.46239849373899,82.60762687854654
Parkinsons__19,False,Parkinsons,spread2,Interval plot,five,128,0.28964160474166056,4,0.2105419775225417,0.3572785172883446,77.54092271242433,73.67684578091328,82.60762687854654
Parkinsons__19,False,Parkinsons,spread2,Dot plot,raw,128,0.317023926036183,4,0.2940509175303345,0.35034348943611676,75.92876486379994,74.05523171127258,77.27671194797159
Parkinsons__19,False,Parkinsons,spread2,Histogram,8,128,0.1711402613553573,4,0.16036889673391902,0.17695793480767105,85.38686893427291,84.96480378998523,86.17949023062339
Parkinsons__19,False,Parkinsons,spread2,Heatmap,8,128,0.1667054307734133,4,0.1667054307734133,0.1667054307734133,85.71143783372092,85.71143783372092,85.71143783372092
Parkinsons__19,False,Parkinsons,spread2,Violin plot,8,128,0.25716052133097733,4,0.25523214400675065,0.2590473753490219,79.54433686330549,79.42512883780795,79.66653855819534
Parkinsons__19,False,Parkinsons,spread2,Bar chart,means,256,0.34648295815122665,4,0.3421965185054438,0.35076939779700955,74.26755711583894,74.03188150626711,74.50473803296072
Parkinsons__19,False,Parkinsons,spread2,Box plot,five,256,0.30368203498384816,4,0.2192647772478636,0.38170572980699363,76.70582037378382,72.37431085558913,82.0166397537711
Parkinsons__19,False,Parkinsons,spread2,Interval plot,five,256,0.299845513400308,4,0.21872679189073574,0.38023864760747844,76.9322192284272,72.45123890230226,82.05284454677471
Parkinsons__19,False,Parkinsons,spread2,Dot plot,means,256,0.3443397383283353,4,0.342196518505444,0.34619719550817435,74.38595851101476,74.28332218613122,74.5047380329607
Parkinsons__19,False,Parkinsons,spread2,Histogram,8,256,0.16844114695961754,4,0.1633815806320726,0.17033834026986266,85.58411372297907,85.44537640024805,85.95632049260172
Parkinsons__19,False,Parkinsons,spread2,Heatmap,8,256,0.1667054307734133,4,0.1667054307734133,0.1667054307734133,85.71143783372092,85.71143783372092,85.71143783372092
Parkinsons__19,False,Parkinsons,spread2,Violin plot,8,256,0.2528085533284296,4,0.2522742897651065,0.2532638911240309,79.82065554575163,79.7916549804301,79.85470980064387
Parkinsons__19,False,Parkinsons,spread2,Bar chart,means,512,0.34431716793095557,4,0.34257384851364653,0.34489827440339194,74.38720741319582,74.35506603230704,74.48379849697598
Parkinsons__19,False,Parkinsons,spread2,Box plot,five,512,0.30623030465440537,4,0.22815530416423546,0.38379029904448825,76.5561782203923,72.2652847538029,81.42292726411371
Parkinsons__19,False,Parkinsons,spread2,Interval plot,five,512,0.3038521076368476,4,0.22006706723158181,0.383525409535663,76.69581497340515,72.27912065132354,81.96270736731469
Parkinsons__19,False,Parkinsons,spread2,Dot plot,means,512,0.3428684379254213,4,0.34174600279619843,0.34407042868594373,74.46745874412582,74.40086312870295,74.52975435857458
Parkinsons__19,False,Parkinsons,spread2,Histogram,8,512,0.16741085690055266,4,0.16506977338262385,0.1686795268322758,85.65964536726818,85.56665681570684,85.83176929366506
Parkinsons__19,False,Parkinsons,spread2,Heatmap,8,512,0.1667054307734133,4,0.1667054307734133,0.1667054307734133,85.71143783372092,85.71143783372092,85.71143783372092
Parkinsons__19,False,Parkinsons,spread2,Violin plot,8,512,0.2517760426416586,4,0.25121785498703736,0.25208920364070003,79.8864945433587,79.86651407042723,79.92213314525951
Parkinsons__20,False,Parkinsons,D2,Bar chart,means,128,0.18722681904076538,4,0.1698239752641125,0.23943535037072408,84.22990316273031,80.68190081079202,85.48294625045865
Parkinsons__20,False,Parkinsons,D2,Box plot,five,128,0.19345574409348285,4,0.1485101196023033,0.2177191356047576,83.79028757028384,82.12074285121327,87.06932424298289
Parkinsons__20,False,Parkinsons,D2,Interval plot,five,128,0.1875884257247756,4,0.1758050928496031,0.20379686058343524,84.2042561495754,83.07049409610002,85.04810925563066
Parkinsons__20,False,Parkinsons,D2,Dot plot,means,128,0.16982397526411294,4,0.16054245858323188,0.17910549194499487,85.48294625045862,84.81005362382368,86.16660188553386
Parkinsons__20,False,Parkinsons,D2,Histogram,64,128,0.22728889167233837,4,0.2229636323541284,0.23559565627510518,81.48040830365309,80.93262508017025,81.76858031951961
Parkinsons__20,False,Parkinsons,D2,Heatmap,64,128,0.2214358559157953,4,0.2214358559157953,0.2214358559157953,81.87085675900931,81.87085675900931,81.87085675900931
Parkinsons__20,False,Parkinsons,D2,Violin plot,16,128,0.13705315975483373,4,0.1328154834571619,0.13954585611811768,87.94663568901348,87.75425706926063,88.2756295798649
Parkinsons__20,False,Parkinsons,D2,Bar chart,means,256,0.18678992756520163,4,0.16254245067137124,0.19487241986314507,84.26091061048886,83.69094334895898,86.01836426897765
Parkinsons__20,False,Parkinsons,D2,Box plot,five,256,0.20971296133421075,4,0.1272215051261739,0.25032809364773584,82.66423787813969,79.97900751654528,88.71370848164102
Parkinsons__20,False,Parkinsons,D2,Interval plot,five,256,0.2102242585087451,4,0.12951814377647866,0.2503543769061183,82.62931377959765,79.97732630603524,88.53332773004935
Parkinsons__20,False,Parkinsons,D2,Dot plot,means,256,0.17870743526725838,4,0.16900844450972566,0.18840642602478977,84.83869449531906,84.1462969318495,85.54258138138542
Parkinsons__20,False,Parkinsons,D2,Histogram,8,256,0.24390741363523064,4,0.24015985512187352,0.24911108885340583,80.39183535996231,80.05693079851913,80.63476622549821
Parkinsons__20,False,Parkinsons,D2,Heatmap,64,256,0.2378980497120136,4,0.2378980497120136,0.2378980497120136,80.78209673507777,80.78209673507777,80.78209673507777
Parkinsons__20,False,Parkinsons,D2,Violin plot,16,256,0.13436136073521973,4,0.13360718718853734,0.13523732679763756,88.1553299163738,88.08730794827501,88.21397846639479
Parkinsons__20,False,Parkinsons,D2,Bar chart,means,512,0.18269153248079056,4,0.17488662072641292,0.19049644423516818,84.55290094978693,83.99857091907971,85.11459594132722
Parkinsons__20,False,Parkinsons,D2,Box plot,five,512,0.21588551430381417,4,0.12598568887178124,0.2523224773875563,82.24458538537448,79.85163710277556,88.81107547663268
Parkinsons__20,False,Parkinsons,D2,Interval plot,five,512,0.21298475945680628,4,0.12598568887178155,0.252322477387556,82.44126665266724,79.85163710277557,88.81107547663264
Parkinsons__20,False,Parkinsons,D2,Dot plot,means,512,0.17878907660360133,4,0.17488662072641292,0.1821712050304969,84.83281868213953,84.59011653681775,85.11459594132722
Parkinsons__20,False,Parkinsons,D2,Histogram,8,512,0.24261140210260415,4,0.2401657704669325,0.24460223904735623,80.47568196363842,80.34695492476538,80.63438161363636
Parkinsons__20,False,Parkinsons,D2,Heatmap,8,512,0.23841163450722438,4,0.23841163450722438,0.23841163450722438,80.74859538911788,80.74859538911788,80.74859538911788
Parkinsons__20,False,Parkinsons,D2,Violin plot,16,512,0.1357700124471068,4,0.13534374402558108,0.13600572324851404,88.04599426299524,88.02772552416434,88.07905141171662
Parkinsons__21,False,Parkinsons,PPE,Bar chart,means,128,0.44652320962216585,4,0.44652320962216585,0.44652320962216585,69.1312792873335,69.1312792873335,69.1312792873335
Parkinsons__21,False,Parkinsons,PPE,Box plot,five,128,0.14061474375860733,4,0.12144597179881722,0.15943087027392563,87.67202120364962,86.24921292321132,89.17059092877957
Parkinsons__21,False,Parkinsons,PPE,Interval plot,five,128,0.12227569065430967,4,0.09843699071036233,0.13919188036093197,89.10466548704976,87.78152453853238,91.03844903778204
Parkinsons__21,False,Parkinsons,PPE,Dot plot,raw,128,0.14829424103460742,4,0.12014110221777793,0.17355223182581964,87.0856932191008,85.21137558949498,89.27446712026642
Parkinsons__21,False,Parkinsons,PPE,Histogram,32,128,0.07971242500023884,4,0.07364764223418879,0.08545927388348766,92.61725408038893,92.12690186175877,93.14042714414825
Parkinsons__21,False,Parkinsons,PPE,Heatmap,32,128,0.12870010544896443,4,0.12870010544896443,0.12870010544896443,88.59749327322236,88.59749327322236,88.59749327322236
Parkinsons__21,False,Parkinsons,PPE,Violin plot,256,128,0.11768345028721239,4,0.1164352406374092,0.11881049882795627,89.47077097214142,89.38064140867289,89.57080210304608
Parkinsons__21,False,Parkinsons,PPE,Bar chart,means,256,0.4302308919930721,4,0.424058717055088,0.44874741680702435,69.91878063873087,69.02514464556948,70.22182358238507
Parkinsons__21,False,Parkinsons,PPE,Box plot,five,256,0.14085628575469744,4,0.06434138766792663,0.16801385548182785,87.65345929075383,85.61542273721412,93.95481671450315
Parkinsons__21,False,Parkinsons,PPE,Interval plot,five,256,0.14043186097580082,4,0.06345098065554677,0.16801385548182785,87.68608052955996,85.61542273721412,94.03348327193855
Parkinsons__21,False,Parkinsons,PPE,Dot plot,raw,256,0.18839961516985052,4,0.1201854817015968,0.22986126358227427,84.14677918395961,81.3099842731247,89.27093024638819
Parkinsons__21,False,Parkinsons,PPE,Histogram,32,256,0.11462961425051622,4,0.08140224648540563,0.14861994074841994,89.71590088896086,87.06099942409307,92.47252844628669
Parkinsons__21,False,Parkinsons,PPE,Heatmap,64,256,0.08548216708502311,4,0.08548216708502311,0.08548216708502311,92.12495887292383,92.12495887292383,92.12495887292383
Parkinsons__21,False,Parkinsons,PPE,Violin plot,256,256,0.11836008574689791,4,0.11809537515337647,0.11848725897243514,89.41663894703011,89.4064721773147,89.43780845733518
Parkinsons__21,False,Parkinsons,PPE,Bar chart,means,512,0.4288842356429666,4,0.42590413501634394,0.43782453752283457,69.98467580895537,69.54951552870675,70.13094186647673
Parkinsons__21,False,Parkinsons,PPE,Box plot,five,512,0.1445017481987928,4,0.11337674611452372,0.1772161372839271,87.37426583871904,84.9461681953494,89.81685700638286
Parkinsons__21,False,Parkinsons,PPE,Interval plot,five,512,0.1417585373908695,4,0.11251780637117838,0.16777835601295296,87.58419291395762,85.63268833087605,89.88620175544065
Parkinsons__21,False,Parkinsons,PPE,Dot plot,raw,512,0.2016598251923439,4,0.15926053908755974,0.22464863956922473,83.2182269087622,81.65607405171774,86.26188559709695
Parkinsons__21,False,Parkinsons,PPE,Histogram,32,512,0.0841246273496909,4,0.08289215405443057,0.08532632653158335,92.24031765099309,92.13818697236768,92.34529923002249
Parkinsons__21,False,Parkinsons,PPE,Heatmap,32,512,0.08789631002268974,4,0.08789631002268974,0.08789631002268974,91.92052503414995,91.92052503414995,91.92052503414995
Parkinsons__21,False,Parkinsons,PPE,Violin plot,256,512,0.1183585622841521,4,0.11824246345785416,0.11852154294677271,89.41676075315105,89.40373176590548,89.42604423264143
Retinopathy__00,True,Retinopathy,feature_2,Bar chart,means,128,0.24625461433300444,4,0.2357451571969445,0.2497577667116911,80.24042507037778,80.01550593529473,80.9228338202281
Retinopathy__00,True,Retinopathy,feature_2,Box plot,five,128,0.3531803103590698,4,0.17808191311791322,0.4198106739110145,73.89998157264404,70.43192577538505,84.88374100858562
Retinopathy__00,True,Retinopathy,feature_2,Interval plot,five,128,0.3484326813863828,4,0.18078500396500705,0.4198106739110145,74.16017230996331,70.43192577538505,84.68942243016794
Retinopathy__00,True,Retinopathy,feature_2,Dot plot,raw,128,0.06707875166633474,4,0.054430094677357314,0.08874449678668768,93.71379557866882,91.84891431840919,94.83796081389234
Retinopathy__00,True,Retinopathy,feature_2,Histogram,32,128,0.02976716837462679,4,0.018697189218619563,0.040320098482961225,97.10933021669248,96.12426035585031,98.16459793778748
Retinopathy__00,True,Retinopathy,feature_2,Heatmap,32,128,0.04321901783370314,4,0.04321901783370314,0.04321901783370314,95.85714820235452,95.85714820235452,95.85714820235452
Retinopathy__00,True,Retinopathy,feature_2,Violin plot,128,128,0.038513640440580366,4,0.03639859967358988,0.04061526818542118,96.29146513432012,96.09699478499442,96.4879729010582
Retinopathy__00,True,Retinopathy,feature_2,Bar chart,means,256,0.24778031600785316,4,0.24418200407136106,0.2513786279443453,80.14231248649592,79.91186501584353,80.37409291628398
Retinopathy__00,True,Retinopathy,feature_2,Box plot,five,256,0.3664411923022147,4,0.1982572580588677,0.44376223494335737,73.18280549748172,69.26348229625445,83.45453309583644
Retinopathy__00,True,Retinopathy,feature_2,Interval plot,five,256,0.3653750225707154,4,0.1901644292657064,0.44178140970008273,73.23995118331734,69.35864155773922,84.02200363331042
Retinopathy__00,True,Retinopathy,feature_2,Dot plot,raw,256,0.024886947270053323,4,0.014509793446810266,0.03457060803957889,97.57173731831169,96.65845832358536,98.56977295433363
Retinopathy__00,True,Retinopathy,feature_2,Histogram,64,256,0.018710865950607752,4,0.010516280002152373,0.0317293580943896,98.16328002615859,96.92464328503806,98.9593161228308
Retinopathy__00,True,Retinopathy,feature_2,Heatmap,64,256,0.015420243081301532,4,0.015420243081301532,0.015420243081301532,98.48139298124404,98.48139298124404,98.48139298124404
Retinopathy__00,True,Retinopathy,feature_2,Violin plot,256,256,0.04148695919934177,4,0.040971376772142534,0.0420431100584517,96.01656469791656,95.96531951004471,96.06412071586568
Retinopathy__00,True,Retinopathy,feature_2,Bar chart,means,512,0.25036819287531,4,0.24863082610193302,0.25210555964868697,79.97644259491514,79.8654707899051,80.08772321614653
Retinopathy__00,True,Retinopathy,feature_2,Box plot,five,512,0.3667087883654892,4,0.13857414906485024,0.44540161692426994,73.16847659960881,69.1849232968164,87.82915024211063
Retinopathy__00,True,Retinopathy,feature_2,Interval plot,five,512,0.36593364081207236,4,0.13914178826393078,0.44277460533666013,73.2099986501161,69.31089556893454,87.78538460291367
Retinopathy__00,True,Retinopathy,feature_2,Dot plot,raw,512,0.014787067663309957,4,0.0123611116364325,0.017429100023006575,98.54284035198052,98.28694697029871,98.77898197645587
Retinopathy__00,True,Retinopathy,feature_2,Histogram,64,512,0.016861785389613488,4,0.011534697664088307,0.026389887193923517,98.34178197746384,97.42886328838728,98.85968344034812
Retinopathy__00,True,Retinopathy,feature_2,Heatmap,64,512,0.015239354383292264,4,0.015239354383292264,0.015239354383292264,98.49893975075962,98.49893975075962,98.49893975075962
Retinopathy__00,True,Retinopathy,feature_2,Violin plot,128,512,0.04236126997363867,4,0.042077941150471525,0.04258335986877925,95.93602801697439,95.915591835828,95.9621119026839
Retinopathy__01,True,Retinopathy,feature_3,Bar chart,means,128,0.21349955705178414,4,0.2098675634788933,0.2243955377704567,82.40629295568228,81.67295364543176,82.6536746819269
Retinopathy__01,True,Retinopathy,feature_3,Box plot,five,128,0.3069991459761614,4,0.1407801164205437,0.38169193749492947,76.51114410278575,72.37503330974383,87.65931186964642
Retinopathy__01,True,Retinopathy,feature_3,Interval plot,five,128,0.30515158016902,4,0.14078011642054358,0.38169193749492947,76.61945288151878,72.37503330974383,87.65931186964644
Retinopathy__01,True,Retinopathy,feature_3,Dot plot,raw,128,0.06420615331388636,4,0.05343914019003822,0.08361517847346596,93.96675605436488,92.28368334677093,94.92717346913862
Retinopathy__01,True,Retinopathy,feature_3,Histogram,32,128,0.04261897662166472,4,0.02981803066007694,0.05864234970025167,95.9123152774602,94.46060799316635,97.10453402714606
Retinopathy__01,True,Retinopathy,feature_3,Heatmap,32,128,0.036040347395255995,4,0.036040347395255995,0.036040347395255995,96.5213374666473,96.5213374666473,96.5213374666473
Retinopathy__01,True,Retinopathy,feature_3,Violin plot,32,128,0.04483940776710305,4,0.043576901127586866,0.04567733340347711,95.7084880763707,95.63179463259415,95.82427504091918
Retinopathy__01,True,Retinopathy,feature_3,Bar chart,means,256,0.21307405152860034,4,0.21138722606169288,0.21813452792932275,82.43519830795947,82.09273910820636,82.54998719534727
Retinopathy__01,True,Retinopathy,feature_3,Box plot,five,256,0.31277663502588215,4,0.13100515255040737,0.39351555813359906,76.17442094254552,71.76094979085465,88.41692699144721
Retinopathy__01,True,Retinopathy,feature_3,Interval plot,five,256,0.31038266955260674,4,0.13117226030082996,0.3901181632375125,76.31358558347095,71.93633076997226,88.40386518442864
Retinopathy__01,True,Retinopathy,feature_3,Dot plot,raw,256,0.023547909662925633,4,0.012611438551225082,0.04274379342231212,97.69938373762295,95.90083453941972,98.75456289835432
Retinopathy__01,True,Retinopathy,feature_3,Histogram,32,256,0.024021191512652095,4,0.016602921466462604,0.029933807183324647,97.65422906168878,97.093618349592,98.36682335689999
Retinopathy__01,True,Retinopathy,feature_3,Heatmap,64,256,0.03249240804055865,4,0.03249240804055865,0.03249240804055865,96.85301240110599,96.85301240110599,96.85301240110599
Retinopathy__01,True,Retinopathy,feature_3,Violin plot,64,256,0.04516767551418281,4,0.044688386094390645,0.04545968228504853,95.67842781858307,95.65170392934829,95.72232383462594
Retinopathy__01,True,Retinopathy,feature_3,Bar chart,means,512,0.2145121128357416,4,0.21206877170488772,0.2153265598793596,82.33758967336428,82.28241141206243,82.5035693802594
Retinopathy__01,True,Retinopathy,feature_3,Box plot,five,512,0.3174944787417473,4,0.07696171332850969,0.3994004906829545,75.90164635490802,71.45917174231991,92.85381157231225
Retinopathy__01,True,Retinopathy,feature_3,Interval plot,five,512,0.3158867314266114,4,0.07625748113410268,0.39804470085365345,75.99438280799863,71.5284711132194,92.91456900687496
Retinopathy__01,True,Retinopathy,feature_3,Dot plot,raw,512,0.01651911775824619,4,0.008454531935103678,0.024276426529493415,98.37493289898214,97.62989502631159,99.16163479191466
Retinopathy__01,True,Retinopathy,feature_3,Histogram,32,512,0.023543317746476784,4,0.01933526688025039,0.027695280215237268,97.69982204580145,97.30510777382992,98.1031494240921
Retinopathy__01,True,Retinopathy,feature_3,Heatmap,64,512,0.03249240804055865,4,0.03249240804055865,0.03249240804055865,96.85301240110599,96.85301240110599,96.85301240110599
Retinopathy__01,True,Retinopathy,feature_3,Violin plot,128,512,0.04521575729106106,4,0.04502933898535335,0.04539270503156712,95.67402644136853,95.6578322372934,95.69109332097092
Retinopathy__02,True,Retinopathy,feature_4,Bar chart,means,128,0.19448719432776332,4,0.19448719432776332,0.19448719432776332,83.71793391747349,83.71793391747349,83.71793391747349
Retinopathy__02,True,Retinopathy,feature_4,Box plot,five,128,0.29793768454989616,4,0.1373201139750568,0.37267418760406457,77.04530131943767,72.85049934139512,87.92599266576688
Retinopathy__02,True,Retinopathy,feature_4,Interval plot,five,128,0.2878356799859743,4,0.13351416377978742,0.35960382647668476,77.64965791372475,73.55083742235618,88.22121786863478
Retinopathy__02,True,Retinopathy,feature_4,Dot plot,raw,128,0.04718761338395469,4,0.035654510786047616,0.05323574980216524,95.49387208358307,94.945504858512,96.55729681909209
Retinopathy__02,True,Retinopathy,feature_4,Histogram,32,128,0.035340823836703866,4,0.01866001059978132,0.05434945129913858,96.58655169167,94.84521462669035,98.16818070743795
Retinopathy__02,True,Retinopathy,feature_4,Heatmap,64,128,0.022444364624509362,4,0.022444364624509362,0.022444364624509362,97.80483267343823,97.80483267343823,97.80483267343823
Retinopathy__02,True,Retinopathy,feature_4,Violin plot,256,128,0.0382195156526795,4,0.03617948089422187,0.039059226931748285,96.31874424661989,96.24090466458907,96.50837701756079
Retinopathy__02,True,Retinopathy,feature_4,Bar chart,means,256,0.19333391398315253,4,0.1884726183533378,0.19495434585975746,83.79884190688625,83.68520550301947,84.1416103793395
Retinopathy__02,True,Retinopathy,feature_4,Box plot,five,256,0.3068030170589987,4,0.1407673657987291,0.38733805870114896,76.52262712482342,72.0804849061964,87.6602916581359
Retinopathy__02,True,Retinopathy,feature_4,Interval plot,five,256,0.3052471519962535,4,0.1367937155356885,0.38594495235017623,76.61384270945112,72.15293784246472,87.96670726920517
Retinopathy__02,True,Retinopathy,feature_4,Dot plot,raw,256,0.02589325888486712,4,0.017614252579807657,0.039917914408175874,97.47602797263599,96.16143602729515,98.26906388789732
Retinopathy__02,True,Retinopathy,feature_4,Histogram,64,256,0.025816157267489526,4,0.019218566454145537,0.03163436441920075,97.48335439205236,96.93356817974839,98.11438222509949
Retinopathy__02,True,Retinopathy,feature_4,Heatmap,64,256,0.0233604939119889,4,0.0233604939119889,0.0233604939119889,97.71727616505021,97.71727616505021,97.71727616505021
Retinopathy__02,True,Retinopathy,feature_4,Violin plot,256,256,0.03831616892685755,4,0.037811125574371114,0.03853356550843647,96.30977826662769,96.28961770825659,96.356646730546
Retinopathy__02,True,Retinopathy,feature_4,Bar chart,means,512,0.19438146590338196,4,0.19203429488211785,0.19516385624380336,83.72534475354072,83.67053561532808,83.89020385515767
Retinopathy__02,True,Retinopathy,feature_4,Box plot,five,512,0.30478433888362255,4,0.07378095110415248,0.3839443444969426,76.64101799808564,72.25724097767063,93.12886384990489
Retinopathy__02,True,Retinopathy,feature_4,Interval plot,five,512,0.30339087467181847,4,0.07310443754733462,0.38163174610107914,76.72295544126705,72.37818635985806,93.18757476071755
Retinopathy__02,True,Retinopathy,feature_4,Dot plot,raw,512,0.017321059894249084,4,0.012850861465257626,0.022483460542984512,98.29738510514571,97.80109298481516,98.73121878509669
Retinopathy__02,True,Retinopathy,feature_4,Histogram,64,512,0.021986022298002155,4,0.018220252989281337,0.02432544908631233,97.84869637956837,97.62522261767387,98.21057841505406
Retinopathy__02,True,Retinopathy,feature_4,Heatmap,64,512,0.0240680816297635,4,0.0240680816297635,0.0240680816297635,97.64975766147694,97.64975766147694,97.64975766147694
Retinopathy__02,True,Retinopathy,feature_4,Violin plot,256,512,0.038907105310589954,4,0.038567599512512284,0.039208645270165675,96.25499670647083,96.2270670621709,96.28646228414834
Retinopathy__03,True,Retinopathy,feature_5,Bar chart,means,128,0.14887707002893566,4,0.13892674735606647,0.15219384425322538,87.0415143697501,86.79095145210854,87.80195937284162
Retinopathy__03,True,Retinopathy,feature_5,Box plot,five,128,0.2605536970295286,4,0.07767426632735591,0.34392990100300913,79.33021832838074,74.40864283573677,92.79241708238382
Retinopathy__03,True,Retinopathy,feature_5,Interval plot,five,128,0.25562885017671333,4,0.07485579352548401,0.338932478634512,79.64136853491883,74.6863651421641,93.03573614466364
Retinopathy__03,True,Retinopathy,feature_5,Dot plot,raw,128,0.04036349263719793,4,0.026218968862832055,0.05730113726243007,96.12025095816452,94.58043359238272,97.44509021384728
Retinopathy__03,True,Retinopathy,feature_5,Histogram,32,128,0.03003024995450535,4,0.011505347190925773,0.043833779668465266,97.08452737617834,95.80069350865541,98.86255201488777
Retinopathy__03,True,Retinopathy,feature_5,Heatmap,64,128,0.018300600166563444,4,0.018300600166563444,0.018300600166563444,98.20282928601141,98.20282928601141,98.20282928601141
Retinopathy__03,True,Retinopathy,feature_5,Violin plot,64,128,0.026092629385471466,4,0.02485785924626059,0.026814733511034743,97.4570883136449,97.38855193289389,97.57450664772747
Retinopathy__03,True,Retinopathy,feature_5,Bar chart,means,256,0.1486133934169627,4,0.14553254037180652,0.1516942464621189,87.06149568961068,86.82860082629506,87.29564327133204
Retinopathy__03,True,Retinopathy,feature_5,Box plot,five,256,0.2620212944923544,4,0.08315282777759721,0.3419595113963481,79.23796566382408,74.51789651682343,92.32307522584699
Retinopathy__03,True,Retinopathy,feature_5,Interval plot,five,256,0.26105579288625014,4,0.08149070228374151,0.3406351866883531,79.29863259350667,74.59150781132394,92.46496506057234
Retinopathy__03,True,Retinopathy,feature_5,Dot plot,raw,256,0.025517464887181804,4,0.008829298107181456,0.03563579369216844,97.51174740939307,96.55904190360951,99.12479761206902
Retinopathy__03,True,Retinopathy,feature_5,Histogram,32,256,0.022755309549739137,4,0.017428230476415965,0.030082048143372668,97.77509739257604,97.07964543236214,98.28703097138802
Retinopathy__03,True,Retinopathy,feature_5,Heatmap,32,256,0.02276030502416895,4,0.02276030502416895,0.02276030502416895,97.77461982906826,97.77461982906826,97.77461982906826
Retinopathy__03,True,Retinopathy,feature_5,Violin plot,16,256,0.02701969500093889,4,0.0266417735193982,0.02728934907405603,97.36911617835,97.3435576745098,97.40495913895376
Retinopathy__03,True,Retinopathy,feature_5,Bar chart,means,512,0.15072642292975164,4,0.14849513845159304,0.15147018442247118,86.90162840390839,86.84549661192987,87.07045998890382
Retinopathy__03,True,Retinopathy,feature_5,Box plot,five,512,0.26322979391023926,4,0.08534347485942335,0.3423874467432886,79.16216074231198,74.49414119791265,92.13673119742327
Retinopathy__03,True,Retinopathy,feature_5,Interval plot,five,512,0.2626133547083711,4,0.08393915639414673,0.3413260084010924,79.2008096754982,74.5530910260985,92.25610073231597
Retinopathy__03,True,Retinopathy,feature_5,Dot plot,raw,512,0.018370872719883014,4,0.010676697368176084,0.028089965785214083,98.1960528121923,97.2677521695526,98.94360902987292
Retinopathy__03,True,Retinopathy,feature_5,Histogram,32,512,0.02150009860984866,4,0.015471973625431148,0.025007695972208248,97.89524263001952,97.5602431015419,98.47637610615749
Retinopathy__03,True,Retinopathy,feature_5,Heatmap,32,512,0.02276030502416895,4,0.02276030502416895,0.02276030502416895,97.77461982906826,97.77461982906826,97.77461982906826
Retinopathy__03,True,Retinopathy,feature_5,Violin plot,32,512,0.027168372410314973,4,0.02702710661492408,0.027278414622683676,97.35502249289836,97.34459380880665,97.3684135072145
Retinopathy__04,True,Retinopathy,feature_6,Bar chart,means,128,0.13868026276454096,4,0.12882420790648116,0.1419656143838942,87.8209654369659,87.56831093723547,88.58775290216369
Retinopathy__04,True,Retinopathy,feature_6,Box plot,five,128,0.26577983290618107,4,0.03537831659347183,0.35077207205138516,79.00268071928741,74.0317349381768,96.58305413330743
Retinopathy__04,True,Retinopathy,feature_6,Interval plot,five,128,0.2580247919091343,4,0.034586324812654834,0.3380235716434378,79.48968942674294,74.73709889667656,96.65698995016992
Retinopathy__04,True,Retinopathy,feature_6,Dot plot,raw,128,0.03588703820085371,4,0.03222529133105781,0.04407022364059462,96.53562243010754,95.77899813224009,96.87807578425992
Retinopathy__04,True,Retinopathy,feature_6,Histogram,32,128,0.02840694063494794,4,0.014113708870255185,0.04525138403539004,97.23777237273319,95.67076545159036,98.6082715629613
Retinopathy__04,True,Retinopathy,feature_6,Heatmap,64,128,0.022738460597368487,4,0.022738460597368487,0.022738460597368487,97.77670817384856,97.77670817384856,97.77670817384856
Retinopathy__04,True,Retinopathy,feature_6,Violin plot,128,128,0.02636460238630003,4,0.02506078457801503,0.028685329452462587,97.43126347839723,97.21145732021562,97.55519038918928
Retinopathy__04,True,Retinopathy,feature_6,Bar chart,means,256,0.14053600531103755,4,0.1405360053110375,0.1405360053110376,87.67807376035343,87.67807376035343,87.67807376035344
Retinopathy__04,True,Retinopathy,feature_6,Box plot,five,256,0.2681711063205325,4,0.07261460656247334,0.35441422389042004,78.85371264303573,73.8326563883536,93.23013073678072
Retinopathy__04,True,Retinopathy,feature_6,Interval plot,five,256,0.2656050299902001,4,0.06606450848717361,0.35237991994475076,79.01359241656486,73.94371842202843,93.80295395248416
Retinopathy__04,True,Retinopathy,feature_6,Dot plot,raw,256,0.0232155992106641,4,0.016902447572301207,0.028882218200697286,97.73111363542803,97.19285476123726,98.33784965188616
Retinopathy__04,True,Retinopathy,feature_6,Histogram,32,256,0.02436800530754323,4,0.01441294043913733,0.032623932379858264,97.621166887165,96.84067632398651,98.57918409115543
Retinopathy__04,True,Retinopathy,feature_6,Heatmap,32,256,0.023826921799743432,4,0.023826921799743432,0.023826921799743432,97.6727588137789,97.6727588137789,97.6727588137789
Retinopathy__04,True,Retinopathy,feature_6,Violin plot,256,256,0.02485758084233039,4,0.0245389499119669,0.02523661215692159,97.57453315397248,97.5384597216219,97.60487876873053
Retinopathy__04,True,Retinopathy,feature_6,Bar chart,means,512,0.14136827772583,4,0.1398948473026049,0.1428417081490551,87.61413993321196,87.50118173579774,87.7273901506226
Retinopathy__04,True,Retinopathy,feature_6,Box plot,five,512,0.26859465934418514,4,0.07189980213401252,0.35495389072593175,78.82738529870224,73.80324945701575,93.29230194922422
Retinopathy__04,True,Retinopathy,feature_6,Interval plot,five,512,0.2683281201351555,4,0.07124919816107117,0.35434496640094426,78.84395087711515,73.83643198803435,93.34896135433482
Retinopathy__04,True,Retinopathy,feature_6,Dot plot,raw,512,0.016817300739570044,4,0.013664203024119756,0.02100607068293269,98.3460843233747,97.94261059888879,98.65199905616133
Retinopathy__04,True,Retinopathy,feature_6,Histogram,64,512,0.02439256463628877,4,0.020486833166115135,0.02785509507513942,97.61882646571635,97.28997840176069,97.99244512518072
Retinopathy__04,True,Retinopathy,feature_6,Heatmap,64,512,0.02240599434853808,4,0.02240599434853808,0.02240599434853808,97.80850322940302,97.80850322940302,97.80850322940302
Retinopathy__04,True,Retinopathy,feature_6,Violin plot,256,512,0.024490193297086595,4,0.02446403075544703,0.024523608612813382,97.60952389224238,97.60634031205802,97.61201662322813
Retinopathy__05,True,Retinopathy,feature_7,Bar chart,means,128,0.11823749538568334,4,0.11455219689274794,0.12929339086448954,89.42644153200186,88.55094770673247,89.72213260068868
Retinopathy__05,True,Retinopathy,feature_7,Box plot,five,128,0.37194120940363096,4,0.10411460043367432,0.48327000766304834,72.88942070882833,67.41860853611814,90.57030851754155
Retinopathy__05,True,Retinopathy,feature_7,Interval plot,five,128,0.36559682447992803,4,0.1000945632485264,0.4714118815963641,73.22805546072053,67.96193591389789,90.90127643636816
Retinopathy__05,True,Retinopathy,feature_7,Dot plot,raw,128,0.05338101899903531,4,0.05092581587979016,0.05956928410027981,94.93241115643416,94.3779717858788,95.15419498595558
Retinopathy__05,True,Retinopathy,feature_7,Histogram,8,128,0.053776444984054324,4,0.05207617192325832,0.05606481809395564,94.8967880958026,94.69115748073641,95.05015194593183
Retinopathy__05,True,Retinopathy,feature_7,Heatmap,64,128,0.05150116520020699,4,0.05150116520020699,0.05150116520020699,95.10212951686067,95.10212951686067,95.10212951686067
Retinopathy__05,True,Retinopathy,feature_7,Violin plot,128,128,0.05552210467303841,4,0.05511681164302035,0.05608828050085074,94.73984444027944,94.68905379063095,94.77623604942919
Retinopathy__05,True,Retinopathy,feature_7,Bar chart,means,256,0.12045792627682433,4,0.11874634413156984,0.1255926727125878,89.24922360296966,88.84208508483628,89.3857669565171
Retinopathy__05,True,Retinopathy,feature_7,Box plot,five,256,0.3806594703322748,4,0.06742294510755048,0.4905433391448195,72.42915588442212,67.08962924712658,93.6835773095774
Retinopathy__05,True,Retinopathy,feature_7,Interval plot,five,256,0.37776202654382823,4,0.06701000585170457,0.4905768995790402,72.58147493791365,67.0881187198335,93.71983341447525
Retinopathy__05,True,Retinopathy,feature_7,Dot plot,raw,256,0.04046484748354377,4,0.0217566430442189,0.059877502327157085,96.11088759207851,94.35052615083488,97.87066292229848
Retinopathy__05,True,Retinopathy,feature_7,Histogram,64,256,0.05285449666987843,4,0.04148062520287425,0.05746137096793738,94.97988593513591,94.5661021248142,96.0171486440476
Retinopathy__05,True,Retinopathy,feature_7,Heatmap,64,256,0.04196255508457156,4,0.04196255508457156,0.04196255508457156,95.97273866706605,95.97273866706605,95.97273866706605
Retinopathy__05,True,Retinopathy,feature_7,Violin plot,256,256,0.055089541784072577,4,0.05495745638395458,0.05520689786170749,94.77868563734215,94.76814471421862,94.79055235342565
Retinopathy__05,True,Retinopathy,feature_7,Bar chart,means,512,0.12145375588860881,4,0.12062735562049604,0.12393295669294711,89.16997198940474,88.97327852565098,89.23572987795714
Retinopathy__05,True,Retinopathy,feature_7,Box plot,five,512,0.38022053205244494,4,0.11020629070688148,0.48660752031167614,72.45218983324054,67.26725018788711,90.07335018461193
Retinopathy__05,True,Retinopathy,feature_7,Interval plot,five,512,0.379500925337666,4,0.10989397184353125,0.4873760924843037,72.48998399585894,67.2324911670283,90.09869639520633
Retinopathy__05,True,Retinopathy,feature_7,Dot plot,raw,512,0.03077719017026112,4,0.025506892552033936,0.04162382279301405,97.014176248392,96.00394865380441,97.51275269456664
Retinopathy__05,True,Retinopathy,feature_7,Histogram,64,512,0.04348592936980762,4,0.03762408684763333,0.04880904821889461,95.83262906131662,95.34624073831334,96.37401566477338
Retinopathy__05,True,Retinopathy,feature_7,Heatmap,64,512,0.04312154942205559,4,0.04312154942205559,0.04312154942205559,95.86610501470828,95.86610501470828,95.86610501470828
Retinopathy__05,True,Retinopathy,feature_7,Violin plot,256,512,0.05509934410467405,4,0.055061558880387496,0.055136636683600394,94.77780510313654,94.77445529169565,94.78119940804042
Retinopathy__06,True,Retinopathy,feature_8,Bar chart,means,128,0.29650186683634816,4,0.28807399355485624,0.30492974011784,77.13062553778997,76.63247830566696,77.6352915285695
Retinopathy__06,True,Retinopathy,feature_8,Box plot,five,128,0.3948118695165255,4,0.3203743443013902,0.43158294039464085,71.69425654132291,69.85274633995935,75.73609744205532
Retinopathy__06,True,Retinopathy,feature_8,Interval plot,five,128,0.39169765300309495,4,0.33251808695280666,0.4128257465270047,71.85468753519383,70.78013707339286,75.04588566499636
Retinopathy__06,True,Retinopathy,feature_8,Dot plot,raw,128,0.15678214906940421,4,0.14889547090935504,0.16808422949948176,86.44670051352966,85.61026463207152,87.04012029993436
Retinopathy__06,True,Retinopathy,feature_8,Histogram,16,128,0.03314915704558698,4,0.02945010280698808,0.03954911668570861,96.7914451829607,96.19555093156164,97.13923941270326
Retinopathy__06,True,Retinopathy,feature_8,Heatmap,32,128,0.0179573288672332,4,0.0179573288672332,0.0179573288672332,98.23594483206719,98.23594483206719,98.23594483206719
Retinopathy__06,True,Retinopathy,feature_8,Violin plot,128,128,0.037017907329863896,4,0.03533723055915541,0.03842799780233086,96.43035023134958,96.29940661426139,96.58688690832929
Retinopathy__06,True,Retinopathy,feature_8,Bar chart,means,256,0.29666055064290353,4,0.294703450362055,0.3025318514854492,77.12118638175467,76.77355443243617,77.23776434830361
Retinopathy__06,True,Retinopathy,feature_8,Box plot,five,256,0.39491577169025116,4,0.32550232420994296,0.433071690048293,71.68891629838534,69.7801796619331,75.44309668382085
Retinopathy__06,True,Retinopathy,feature_8,Interval plot,five,256,0.39405307355718733,4,0.3238197796549363,0.4339845481194517,71.73328038711702,69.73575840209817,75.53898312810054
Retinopathy__06,True,Retinopathy,feature_8,Dot plot,raw,256,0.02855292217941974,4,0.015517156353354726,0.04086283036006669,97.22397150757021,96.07413876563054,98.47199466239688
Retinopathy__06,True,Retinopathy,feature_8,Histogram,64,256,0.03251785026518101,4,0.013402735329587367,0.07289100805867518,96.85062585050423,93.20611250246505,98.67745222483256
Retinopathy__06,True,Retinopathy,feature_8,Heatmap,32,256,0.0189310770417084,4,0.0189310770417084,0.0189310770417084,98.14206500633276,98.14206500633276,98.14206500633276
Retinopathy__06,True,Retinopathy,feature_8,Violin plot,64,256,0.039072562150617635,4,0.03826901068233273,0.0395743357556778,96.23966953089905,96.19321732034577,96.31415266288427
Retinopathy__06,True,Retinopathy,feature_8,Bar chart,means,512,0.29484183118999374,4,0.29389688782206885,0.29767666129376835,77.22950988391948,77.06079872030772,77.28591121996081
Retinopathy__06,True,Retinopathy,feature_8,Box plot,five,512,0.4018931328095744,4,0.3318696343202607,0.442301847203192,71.33211345403136,69.33361431513993,75.08242355193906
Retinopathy__06,True,Retinopathy,feature_8,Interval plot,five,512,0.40007608447709103,4,0.330810678969494,0.44124289185242516,71.42468977844773,69.38455729101311,75.14216828905705
Retinopathy__06,True,Retinopathy,feature_8,Dot plot,raw,512,0.019406638554868905,4,0.008586721498219582,0.028796857214273813,98.09628093236863,97.20091901405604,99.14863825636488
Retinopathy__06,True,Retinopathy,feature_8,Histogram,64,512,0.02258140838346497,4,0.013731447223984793,0.026170669007492188,97.79172511857394,97.44967676450894,98.64545513887458
Retinopathy__06,True,Retinopathy,feature_8,Heatmap,32,512,0.0189310770417084,4,0.0189310770417084,0.0189310770417084,98.14206500633276,98.14206500633276,98.14206500633276
Retinopathy__06,True,Retinopathy,feature_8,Violin plot,128,512,0.03982323720567374,4,0.03960563849390562,0.04011626939210234,96.17019164596753,96.14309759662268,96.1903209229143
Retinopathy__07,True,Retinopathy,feature_9,Bar chart,means,128,0.11303389372425958,4,0.09937270128199675,0.15401747105104807,89.84452366081653,86.65380075132025,90.96096335973083
Retinopathy__07,True,Retinopathy,feature_9,Box plot,five,128,0.5650149141335673,4,0.05993616352880602,0.7471982931783842,63.89715465131052,57.23448814621196,94.34530440689345
Retinopathy__07,True,Retinopathy,feature_9,Interval plot,five,128,0.5626895738036776,4,0.05931932687750502,0.7471982931783842,63.99223599898613,57.23448814621196,94.40024123298522
Retinopathy__07,True,Retinopathy,feature_9,Dot plot,means,128,0.09937270128199675,4,0.09208673197945695,0.10665867058453656,90.96096335973083,90.36209868321914,91.56781881119043
Retinopathy__07,True,Retinopathy,feature_9,Histogram,16,128,0.01932011491843369,4,0.009831826746781964,0.03376657407677661,98.10460770510943,96.73363649749147,99.02638969317735
Retinopathy__07,True,Retinopathy,feature_9,Heatmap,16,128,0.007219871320064604,4,0.007219871320064604,0.007219871320064604,99.28318815725882,99.28318815725882,99.28318815725882
Retinopathy__07,True,Retinopathy,feature_9,Violin plot,8,128,0.032396920165289285,4,0.03054270244825059,0.03329786548974349,96.8619704754541,96.77751531268656,97.03625066911924
Retinopathy__07,True,Retinopathy,feature_9,Bar chart,means,256,0.10571743919451213,4,0.09937270128199675,0.12475165293205827,90.43901855509083,88.90851570594722,90.96096335973083
Retinopathy__07,True,Retinopathy,feature_9,Box plot,five,256,0.566019086165032,4,0.056582241553799144,0.7482191191327298,63.856182139444044,57.20106759249309,94.64478586441224
Retinopathy__07,True,Retinopathy,feature_9,Interval plot,five,256,0.5656448003764082,4,0.05656160925626333,0.7482397514302654,63.8714477102075,57.20039251949754,94.64663406650955
Retinopathy__07,True,Retinopathy,feature_9,Dot plot,raw,256,0.03197644660179886,4,0.023096046204582818,0.04286603138475457,96.90143639352485,95.8895936683415,97.74253392042095
Retinopathy__07,True,Retinopathy,feature_9,Histogram,16,256,0.011136961997901911,4,0.006076000168813984,0.017255535335609053,98.89857038003078,98.3037167421344,99.39606946515029
Retinopathy__07,True,Retinopathy,feature_9,Heatmap,16,256,0.007219871320064604,4,0.007219871320064604,0.007219871320064604,99.28318815725882,99.28318815725882,99.28318815725882
Retinopathy__07,True,Retinopathy,feature_9,Violin plot,128,256,0.038001794619243065,4,0.03722902119235907,0.03867661517124236,96.33894711779543,96.27635641292783,96.410723144869
Retinopathy__07,True,Retinopathy,feature_9,Bar chart,means,512,0.102436120193292,4,0.09937270128199675,0.11162637692717774,90.70820355783229,89.95828281479413,90.96096335973083
Retinopathy__07,True,Retinopathy,feature_9,Box plot,five,512,0.573301809590385,4,0.06151615701569531,0.7600160281941081,63.56059555161598,56.81766438377641,94.2048779371725
Retinopathy__07,True,Retinopathy,feature_9,Interval plot,five,512,0.5713532789930849,4,0.061288963901873335,0.7580471738266922,63.63941281497149,56.88129504644224,94.22504464038315
Retinopathy__07,True,Retinopathy,feature_9,Dot plot,raw,512,0.014516721825690897,4,0.008082803284362873,0.019198876626875704,98.56909979762905,98.11627768955005,99.19820045952288
Retinopathy__07,True,Retinopathy,feature_9,Histogram,16,512,0.009944506868011915,4,0.007753166580191648,0.014088791475789704,99.01534125881318,98.61069448807471,99.2306482542246
Retinopathy__07,True,Retinopathy,feature_9,Heatmap,16,512,0.007219871320064604,4,0.007219871320064604,0.007219871320064604,99.28318815725882,99.28318815725882,99.28318815725882
Retinopathy__07,True,Retinopathy,feature_9,Violin plot,256,512,0.04033519223663416,4,0.04005782996899682,0.0406360248374502,96.12286573234951,96.09507802271234,96.14849974542368
Retinopathy__08,True,Retinopathy,feature_10,Bar chart,means,128,0.1457056019048278,4,0.14570560190482762,0.14570560190482798,87.28245705855147,87.28245705855146,87.28245705855147
Retinopathy__08,True,Retinopathy,feature_10,Box plot,five,128,0.6222260156359513,4,0.23298021952499368,0.7656661536369246,61.64369146847742,56.635848058830206,81.10430193156307
Retinopathy__08,True,Retinopathy,feature_10,Interval plot,five,128,0.6087841253843077,4,0.23003760354558256,0.7418683927065834,62.15874362640911,57.40961855597832,81.29832755661295
Retinopathy__08,True,Retinopathy,feature_10,Dot plot,means,128,0.13010245749905106,4,0.11657973234737813,0.14570560190482762,88.48755202364823,87.28245705855147,89.55921113646822
Retinopathy__08,True,Retinopathy,feature_10,Histogram,16,128,0.0302799463347435,4,0.01267253965164719,0.05682983016168803,97.06099818379798,94.62261297516616,98.7486043952563
Retinopathy__08,True,Retinopathy,feature_10,Heatmap,32,128,0.009910154416516392,4,0.009910154416516392,0.009910154416516392,99.01870930070586,99.01870930070586,99.01870930070586
Retinopathy__08,True,Retinopathy,feature_10,Violin plot,256,128,0.0320520150366654,4,0.02719247195402784,0.03401729715002937,96.89434112140881,96.71018103432232,97.3527383916376
Retinopathy__08,True,Retinopathy,feature_10,Bar chart,means,256,0.14126621353833063,4,0.14126621353833063,0.14126621353833063,87.62197532332485,87.62197532332485,87.62197532332485
Retinopathy__08,True,Retinopathy,feature_10,Box plot,five,256,0.6244227168987935,4,0.24046830109816486,0.762536099640687,61.560330916149276,56.73642657326913,80.6147161612044
Retinopathy__08,True,Retinopathy,feature_10,Interval plot,five,256,0.6233219155000584,4,0.2401525855698298,0.759829276925343,61.60207599316206,56.82369381575091,80.63523889203653
Retinopathy__08,True,Retinopathy,feature_10,Dot plot,raw,256,0.04629071369211447,4,0.03955823054206902,0.05647871816522298,95.57573119149978,94.65406002088628,96.19470758059973
Retinopathy__08,True,Retinopathy,feature_10,Histogram,32,256,0.021158501726905896,4,0.00988236419959755,0.03416837186713211,97.92799044505587,96.69605329300072,99.02143412441606
Retinopathy__08,True,Retinopathy,feature_10,Heatmap,32,256,0.006661436980227732,4,0.006661436980227732,0.006661436980227732,99.33826441189495,99.33826441189495,99.33826441189495
Retinopathy__08,True,Retinopathy,feature_10,Violin plot,32,256,0.0241484005466246,4,0.02371035530620956,0.024774902325451074,97.642099471743,97.58240543662505,97.68388048598793
Retinopathy__08,True,Retinopathy,feature_10,Bar chart,means,512,0.13227744126470503,4,0.1252796674099932,0.13927521511941687,88.31757690792136,87.77510356838418,88.8667972026595
Retinopathy__08,True,Retinopathy,feature_10,Box plot,five,512,0.6285948247334495,4,0.2438645900528535,0.7620506323937591,61.402626657841,56.752058176755824,80.394603077937
Retinopathy__08,True,Retinopathy,feature_10,Interval plot,five,512,0.6270000749687178,4,0.2435660421728679,0.7575344518082318,61.46281216485051,56.897888913139326,80.41390373226275
Retinopathy__08,True,Retinopathy,feature_10,Dot plot,raw,512,0.015059542954535016,4,0.00833857710465486,0.02427718588291892,98.51638821987711,97.62982264786146,99.17303797613314
Retinopathy__08,True,Retinopathy,feature_10,Histogram,32,512,0.01399150897076605,4,0.005784414653613448,0.018919310392051015,98.62015521363016,98.14319836722188,99.42488523690183
Retinopathy__08,True,Retinopathy,feature_10,Heatmap,32,512,0.006661436980227732,4,0.006661436980227732,0.006661436980227732,99.33826441189495,99.33826441189495,99.33826441189495
Retinopathy__08,True,Retinopathy,feature_10,Violin plot,256,512,0.023300523074781195,4,0.02306367327093454,0.023657973172957533,97.72300291562752,97.6888791185178,97.7456267998261
Retinopathy__09,True,Retinopathy,feature_11,Bar chart,means,128,0.21969429040031893,4,0.1744576556728861,0.26493092512775185,81.98775774147369,79.05570020742475,85.14568364127751
Retinopathy__09,True,Retinopathy,feature_11,Box plot,five,128,1.4384687926056516,4,0.7256692009480705,1.6965185658387467,41.00934172429738,37.084854992976915,57.94853378912987
Retinopathy__09,True,Retinopathy,feature_11,Interval plot,five,128,1.4252001195948407,4,0.790519962014044,1.6578321255271637,41.23371065011584,37.624648690016734,55.84969847949433
Retinopathy__09,True,Retinopathy,feature_11,Dot plot,means,128,0.19376245544220755,4,0.1744576556728861,0.21314409598446882,83.76875947481263,82.43043866841705,85.14568364127751
Retinopathy__09,True,Retinopathy,feature_11,Histogram,16,128,0.04545907875293885,4,0.03572343493083191,0.05212323248393573,95.65175914803247,95.0459004349824,96.55087123395855
Retinopathy__09,True,Retinopathy,feature_11,Heatmap,32,128,0.016911509205110895,4,0.016911509205110895,0.016911509205110895,98.33697336965632,98.33697336965632,98.33697336965632
Retinopathy__09,True,Retinopathy,feature_11,Violin plot,32,128,0.04970351101342418,4,0.04823106150083719,0.051126496204391976,95.26499525895285,95.13602821458603,95.39881393785632
Retinopathy__09,True,Retinopathy,feature_11,Bar chart,means,256,0.2060206984610987,4,0.20602069846109866,0.20602069846109874,82.91731653329133,82.91731653329131,82.91731653329133
Retinopathy__09,True,Retinopathy,feature_11,Box plot,five,256,1.4455541110856693,4,0.7260331304276342,1.69788939057533,40.8905284682523,37.06601180512994,57.93631549541836
Retinopathy__09,True,Retinopathy,feature_11,Interval plot,five,256,1.4448010118922554,4,0.7189139153948846,1.6947674512549715,40.90312443162843,37.108953484438636,58.176269971627455
Retinopathy__09,True,Retinopathy,feature_11,Dot plot,raw,256,0.08741070673581941,4,0.03410741537438444,0.1218911556622853,91.9615738382595,89.13520665110072,96.70175313828146
Retinopathy__09,True,Retinopathy,feature_11,Histogram,32,256,0.03982925064803832,4,0.03333184725307882,0.04511695903599885,96.16963548359348,95.68307081366146,96.7743327236371
Retinopathy__09,True,Retinopathy,feature_11,Heatmap,32,256,0.013555294261716672,4,0.013555294261716672,0.013555294261716672,98.66259943207237,98.66259943207237,98.66259943207237
Retinopathy__09,True,Retinopathy,feature_11,Violin plot,32,256,0.03617437624302388,4,0.035466690924977846,0.03720664680135095,96.50885246031798,96.41280289553747,96.57481102619576
Retinopathy__09,True,Retinopathy,feature_11,Bar chart,means,512,0.2013743620882681,4,0.20137436208826798,0.20137436208826812,83.23800070627172,83.23800070627172,83.23800070627173
Retinopathy__09,True,Retinopathy,feature_11,Box plot,five,512,1.4401105431412227,4,0.7161247868511786,1.6828907290851023,40.98174989698098,37.273228803508225,58.270820843677924
Retinopathy__09,True,Retinopathy,feature_11,Interval plot,five,512,1.4440670655043613,4,0.7161247868511786,1.6919224082674644,40.91540752355085,37.14817325078866,58.270820843677924
Retinopathy__09,True,Retinopathy,feature_11,Dot plot,raw,512,0.02516309394265045,4,0.01431721701423424,0.03417230478333604,97.54545456314895,96.69568556175025,98.58848723317753
Retinopathy__09,True,Retinopathy,feature_11,Histogram,32,512,0.027542750379763947,4,0.023752417007220854,0.0294558293724483,97.31955187561931,97.13869905516933,97.67986706427935
Retinopathy__09,True,Retinopathy,feature_11,Heatmap,32,512,0.013555294261716672,4,0.013555294261716672,0.013555294261716672,98.66259943207237,98.66259943207237,98.66259943207237
Retinopathy__09,True,Retinopathy,feature_11,Violin plot,32,512,0.03139066922105922,4,0.030690352125668015,0.03204577762645706,96.95647147508456,96.89492672503759,97.02234991698786
Retinopathy__10,True,Retinopathy,feature_12,Bar chart,means,128,,0,,,,,
Retinopathy__10,True,Retinopathy,feature_12,Box plot,five,128,,3,2.312757336671231,2.3485413683338354,,29.863749316544332,30.186334173357636
Retinopathy__10,True,Retinopathy,feature_12,Interval plot,five,128,2.229117099641969,4,2.0629928349371633,2.3097661274199535,30.968217291063116,30.213615146866143,32.64780735344145
Retinopathy__10,True,Retinopathy,feature_12,Dot plot,means,128,0.3011000941147487,4,0.26232485320086724,0.33987533502863,76.85803763471301,74.63380912065467,79.2189108425068
Retinopathy__10,True,Retinopathy,feature_12,Histogram,8,128,0.130993760215173,4,0.127804381234232,0.1324027271118396,88.41781760226058,88.30780570005082,88.66785912869331
Retinopathy__10,True,Retinopathy,feature_12,Heatmap,64,128,0.06967282847436265,4,0.06967282847436265,0.06967282847436265,93.4865290937852,93.4865290937852,93.4865290937852
Retinopathy__10,True,Retinopathy,feature_12,Violin plot,32,128,0.08961606036565355,4,0.08697476093866863,0.09347659979347918,91.77544608368014,91.45143116815359,91.99845626005514
Retinopathy__10,True,Retinopathy,feature_12,Bar chart,means,256,,0,,,,,
Retinopathy__10,True,Retinopathy,feature_12,Box plot,five,256,2.293213191222222,4,2.0693746492733625,2.395579412165737,30.365480214442677,29.450054868903486,32.579926345476856
Retinopathy__10,True,Retinopathy,feature_12,Interval plot,five,256,2.272854361970559,4,2.077046615202269,2.353949351724893,30.554369043109762,29.815596335278972,32.49869517931451
Retinopathy__10,True,Retinopathy,feature_12,Dot plot,raw,256,0.2728629206655644,4,0.24178338960250872,0.30209312439588054,78.5630552799128,76.79942250397492,80.52934258688201
Retinopathy__10,True,Retinopathy,feature_12,Histogram,64,256,0.1121650877394073,4,0.10438284756671219,0.12524910597641117,89.91470879854764,88.86921079864099,90.54830960144854
Retinopathy__10,True,Retinopathy,feature_12,Heatmap,64,256,0.07094853567172044,4,0.07094853567172044,0.07094853567172044,93.37516852504775,93.37516852504775,93.37516852504775
Retinopathy__10,True,Retinopathy,feature_12,Violin plot,32,256,0.07631919714340847,4,0.07545760338040262,0.07697271708906485,92.90924129700906,92.8528628564414,92.98367474987181
Retinopathy__10,True,Retinopathy,feature_12,Bar chart,means,512,0.28837084836019133,4,0.2811249700075973,0.3101084834179734,77.61740350402812,76.32955687692946,78.05639757330387
Retinopathy__10,True,Retinopathy,feature_12,Box plot,five,512,2.3014520386274118,4,2.0665396162328777,2.3905114783573778,30.289702479390034,29.494075049835143,32.610046669752805
Retinopathy__10,True,Retinopathy,feature_12,Interval plot,five,512,2.29345755581353,4,2.069652660265844,2.372886570097703,30.363227187635218,29.64819537263694,32.57697566060768
Retinopathy__10,True,Retinopathy,feature_12,Dot plot,raw,512,0.10435672694924551,4,0.0910160772936331,0.11544944932203871,90.5504512805814,89.64996133242902,91.65767772007477
Retinopathy__10,True,Retinopathy,feature_12,Histogram,64,512,0.09275204031992637,4,0.0885847220151042,0.09946670551728483,91.51206889599847,90.9531862112653,91.86239525288184
Retinopathy__10,True,Retinopathy,feature_12,Heatmap,64,512,0.06757645286916046,4,0.06757645286916046,0.06757645286916046,93.67010646520484,93.67010646520484,93.67010646520484
Retinopathy__10,True,Retinopathy,feature_12,Violin plot,32,512,0.07479823050875756,4,0.07445889065848157,0.07516188892012364,93.0407188637302,93.00924914706427,93.07010335101332
Retinopathy__11,True,Retinopathy,feature_13,Bar chart,means,128,,0,,,,,
Retinopathy__11,True,Retinopathy,feature_13,Box plot,five,128,,3,2.0887655432459282,2.1380764357104476,,31.866655273921143,32.37539353502105
Retinopathy__11,True,Retinopathy,feature_13,Interval plot,five,128,2.05718587085262,4,1.9933397339414782,2.1019897496994626,32.70982014976766,32.23737280553185,33.40750094822183
Retinopathy__11,True,Retinopathy,feature_13,Dot plot,means,128,0.3037893176994624,4,0.2677026316884789,0.33987600371044585,76.69950861113827,74.63377187372222,78.88285272927766
Retinopathy__11,True,Retinopathy,feature_13,Histogram,64,128,0.12819178215299404,4,0.09333033043493054,0.15326442156518202,88.63741216866886,86.71038326516869,91.46366584399033
Retinopathy__11,True,Retinopathy,feature_13,Heatmap,64,128,0.05520170634308494,4,0.05520170634308494,0.05520170634308494,94.76861096686505,94.76861096686505,94.76861096686505
Retinopathy__11,True,Retinopathy,feature_13,Violin plot,32,128,0.11242708514271446,4,0.10827037273793341,0.11666419162647275,89.89353220141246,89.55243729481948,90.23068960415712
Retinopathy__11,True,Retinopathy,feature_13,Bar chart,means,256,,0,,,,,
Retinopathy__11,True,Retinopathy,feature_13,Box plot,five,256,,3,2.0090135149766932,2.1559939534509076,,31.685738779903378,33.23348316724811
Retinopathy__11,True,Retinopathy,feature_13,Interval plot,five,256,2.1015815639200928,4,2.0114880199488576,2.1392340281487354,32.24161542719833,31.854904445901365,33.206175597437124
Retinopathy__11,True,Retinopathy,feature_13,Dot plot,means,256,0.30492174508474423,4,0.29095514066626715,0.3170261355807579,76.6329478197988,75.92863747985065,77.46202548013372
Retinopathy__11,True,Retinopathy,feature_13,Histogram,64,256,0.10260114358519054,4,0.0920979589356791,0.11724758806253038,90.6946275013306,89.50567543709316,91.56687747814907
Retinopathy__11,True,Retinopathy,feature_13,Heatmap,64,256,0.08210477349432714,4,0.08210477349432714,0.08210477349432714,92.4124931794548,92.4124931794548,92.4124931794548
Retinopathy__11,True,Retinopathy,feature_13,Violin plot,32,256,0.10917092834502358,4,0.10821069992553459,0.11005206683405751,90.15742970220869,90.0858644272486,90.23554817393428
Retinopathy__11,True,Retinopathy,feature_13,Bar chart,means,512,,0,,,,,
Retinopathy__11,True,Retinopathy,feature_13,Box plot,five,512,,3,2.156626022329884,2.164029688679963,,31.605266018132756,31.679394167254152
Retinopathy__11,True,Retinopathy,feature_13,Interval plot,five,512,2.1199421396385527,4,2.0068623569421744,2.1613323000286364,32.05187645293482,31.632233030072214,33.25725893941314
Retinopathy__11,True,Retinopathy,feature_13,Dot plot,raw,512,0.15992029114705536,4,0.14272626001319022,0.1676022038987099,86.21282062503546,85.64560743898275,87.5100218654691
Retinopathy__11,True,Retinopathy,feature_13,Histogram,64,512,0.09252056491057895,4,0.08692258342808033,0.09899075149500111,91.53145781579393,90.99257647433885,92.00287262834007
Retinopathy__11,True,Retinopathy,feature_13,Heatmap,64,512,0.0793712013662963,4,0.0793712013662963,0.0793712013662963,92.6465333459123,92.6465333459123,92.6465333459123
Retinopathy__11,True,Retinopathy,feature_13,Violin plot,32,512,0.10309362753026463,4,0.10302826959225858,0.1031624814634494,90.65413624398478,90.64847806221668,90.65950779028141
Retinopathy__12,True,Retinopathy,feature_14,Bar chart,means,128,,0,,,,,
Retinopathy__12,True,Retinopathy,feature_14,Box plot,five,128,,3,1.4789551817089215,1.5969091083095288,,38.5073161320981,40.33957561550702
Retinopathy__12,True,Retinopathy,feature_14,Interval plot,five,128,1.540945524034252,4,1.5281026511258415,1.5575911327759933,39.35542854190368,39.09929101586329,39.55535585371382
Retinopathy__12,True,Retinopathy,feature_14,Dot plot,means,128,0.39356340307572263,4,0.36898966836726277,0.41486063982305477,71.75848603607902,70.67833904299309,73.04657026321159
Retinopathy__12,True,Retinopathy,feature_14,Histogram,32,128,0.1311308214300319,4,0.11265324339269021,0.15709280427100258,88.40710385167917,86.42349138365137,89.87526041364073
Retinopathy__12,True,Retinopathy,feature_14,Heatmap,64,128,0.07150185643898117,4,0.07150185643898117,0.07150185643898117,93.32694983127611,93.32694983127611,93.32694983127611
Retinopathy__12,True,Retinopathy,feature_14,Violin plot,256,128,0.220847962868649,4,0.20866131799371565,0.22924336186312155,81.91028124831216,81.35085622787783,82.73616315114003
Retinopathy__12,True,Retinopathy,feature_14,Bar chart,means,256,,0,,,,,
Retinopathy__12,True,Retinopathy,feature_14,Box plot,five,256,,3,1.4804720874397008,1.6262742071912706,,38.07675517132969,40.3149063867186
Retinopathy__12,True,Retinopathy,feature_14,Interval plot,five,256,1.5751743583613051,4,1.5121451464113935,1.60801355746649,38.832322042704064,38.343358957513736,39.80661712276071
Retinopathy__12,True,Retinopathy,feature_14,Dot plot,means,256,0.4006579122593365,4,0.39457102901774216,0.40674479550093084,71.39502024351872,71.08609914166469,71.7066380408278
Retinopathy__12,True,Retinopathy,feature_14,Histogram,32,256,0.11366552439178243,4,0.10605581273478991,0.13200716995342376,89.79356710769514,88.33866308825101,90.41135071904188
Retinopathy__12,True,Retinopathy,feature_14,Heatmap,32,256,0.07744859827663486,4,0.07744859827663486,0.07744859827663486,92.81185214770218,92.81185214770218,92.81185214770218
Retinopathy__12,True,Retinopathy,feature_14,Violin plot,64,256,0.18857129409557252,4,0.18573721236107013,0.1912693426868534,84.13462490366946,83.94407244163153,84.33571870522428
Retinopathy__12,True,Retinopathy,feature_14,Bar chart,means,512,,0,,,,,
Retinopathy__12,True,Retinopathy,feature_14,Box plot,five,512,,3,1.6254751600157902,1.6262188718890742,,38.07755746118322,38.088343596973345
Retinopathy__12,True,Retinopathy,feature_14,Interval plot,five,512,1.5915577807638812,4,1.490200551382723,1.6277551252030802,38.58683018463291,38.05529634054913,40.15740818323786
Retinopathy__12,True,Retinopathy,feature_14,Dot plot,raw,512,0.23625409268484995,4,0.22198583179486722,0.26922631213232245,80.88951987436803,78.78815546456664,81.83400936254621
Retinopathy__12,True,Retinopathy,feature_14,Histogram,32,512,0.09944214894975409,4,0.0958210672365048,0.10142394244888851,90.95521769428737,90.79156185552094,91.25577431376173
Retinopathy__12,True,Retinopathy,feature_14,Heatmap,32,512,0.07744859827663486,4,0.07744859827663486,0.07744859827663486,92.81185214770218,92.81185214770218,92.81185214770218
Retinopathy__12,True,Retinopathy,feature_14,Violin plot,64,512,0.17436721686274087,4,0.1742253099506645,0.1744931247079757,85.15224076770863,85.14311228928126,85.16253154533139
Retinopathy__13,True,Retinopathy,feature_15,Bar chart,means,128,,0,,,,,
Retinopathy__13,True,Retinopathy,feature_15,Box plot,five,128,,3,1.7960783933126256,1.8627474382339981,,34.93147829404366,35.76437636339874
Retinopathy__13,True,Retinopathy,feature_15,Interval plot,five,128,1.827263561585597,4,1.7975636407628375,1.8738589457208936,35.36988958465464,34.79641899227433,35.74538878862898
Retinopathy__13,True,Retinopathy,feature_15,Dot plot,means,128,0.4040000890926503,4,0.3891847457767905,0.41881543240851,71.22506670539177,70.48133091578022,71.98466604532358
Retinopathy__13,True,Retinopathy,feature_15,Histogram,64,128,0.16187942199119051,4,0.15021968011027495,0.18352403493638397,86.06745081053532,84.49342560700521,86.93991393923352
Retinopathy__13,True,Retinopathy,feature_15,Heatmap,64,128,0.031777542285964404,4,0.031777542285964404,0.031777542285964404,96.92011688725466,96.92011688725466,96.92011688725466
Retinopathy__13,True,Retinopathy,feature_15,Violin plot,16,128,0.1812395312761082,4,0.18028134358167924,0.18225607185503104,84.65683491981405,84.58404433744542,84.72556187030816
Retinopathy__13,True,Retinopathy,feature_15,Bar chart,means,256,,0,,,,,
Retinopathy__13,True,Retinopathy,feature_15,Box plot,five,256,,3,1.789569560475114,1.892781052612803,,34.568810491094204,35.84782448764898
Retinopathy__13,True,Retinopathy,feature_15,Interval plot,five,256,1.8479179328273547,4,1.789569560475114,1.8772993287921496,35.113371367665096,34.75481295926851,35.84782448764898
Retinopathy__13,True,Retinopathy,feature_15,Dot plot,means,256,0.3881929236301214,4,0.38131215748760766,0.39507368977263513,72.03609692700365,71.68080133193374,72.39493220843323
Retinopathy__13,True,Retinopathy,feature_15,Histogram,64,256,0.13337669557856768,4,0.10911371529046232,0.1472983427453375,88.23191829346011,87.16128688960958,90.16208042636217
Retinopathy__13,True,Retinopathy,feature_15,Heatmap,64,256,0.04651206558126088,4,0.04651206558126088,0.04651206558126088,95.55551559212775,95.55551559212775,95.55551559212775
Retinopathy__13,True,Retinopathy,feature_15,Violin plot,16,256,0.18178428103662195,4,0.18123095216361895,0.1822628248798567,84.61781190073312,84.58356119770758,84.65744977037178
Retinopathy__13,True,Retinopathy,feature_15,Bar chart,means,512,,0,,,,,
Retinopathy__13,True,Retinopathy,feature_15,Box plot,five,512,,3,1.900426620219863,1.9062506736069338,,34.40859417535738,34.47768659371208
Retinopathy__13,True,Retinopathy,feature_15,Interval plot,five,512,1.8722547284496698,4,1.7923588798716863,1.9037590022310844,34.81585355557098,34.438119665979734,35.812015683526745
Retinopathy__13,True,Retinopathy,feature_15,Dot plot,raw,512,0.24205049227663694,4,0.23738618000800288,0.25180974730935174,80.51202477018737,79.88434361926058,80.81551387567077
Retinopathy__13,True,Retinopathy,feature_15,Histogram,64,512,0.09299989084219021,4,0.07486366429573126,0.10710682967479936,91.49131746293854,90.32551992238537,93.03505488346904
Retinopathy__13,True,Retinopathy,feature_15,Heatmap,64,512,0.04022041157831808,4,0.04022041157831808,0.04022041157831808,96.1334721823722,96.1334721823722,96.1334721823722
Retinopathy__13,True,Retinopathy,feature_15,Violin plot,16,512,0.1789688594237226,4,0.17893522377057006,0.17905682487886382,84.81988239187231,84.8135542663722,84.8223023485307
Retinopathy__14,True,Retinopathy,feature_16,Bar chart,means,128,0.09621883131657172,4,0.06421308376131299,0.19223607398234793,91.2226620663858,83.87600592051922,93.96614411708218
Retinopathy__14,True,Retinopathy,feature_16,Box plot,five,128,0.6384262956146265,4,0.4603731944649846,0.7619357339458434,61.03417667774111,56.75575906281818,68.47564744341635
Retinopathy__14,True,Retinopathy,feature_16,Interval plot,five,128,0.6141356652901522,4,0.40618709230820865,0.7619357339458434,61.952661198415626,56.75575906281818,71.11429236336778
Retinopathy__14,True,Retinopathy,feature_16,Dot plot,means,128,0.0682644816511629,4,0.06421308376131299,0.08025268491497778,93.6097770895041,92.57093400130783,93.96614411708218
Retinopathy__14,True,Retinopathy,feature_16,Histogram,32,128,0.02418476614437046,4,0.01987964232121567,0.027182182355899587,97.63863250618188,97.35371360379756,98.05078545582396
Retinopathy__14,True,Retinopathy,feature_16,Heatmap,32,128,0.024418986128053585,4,0.024418986128053585,0.024418986128053585,97.61630871169727,97.61630871169727,97.61630871169727
Retinopathy__14,True,Retinopathy,feature_16,Violin plot,256,128,0.037514366811191954,4,0.033806645902569786,0.04038494363518556,96.38420748557992,96.11826911930527,96.7298869632382
Retinopathy__14,True,Retinopathy,feature_16,Bar chart,means,256,0.07740036064709094,4,0.06421308376131299,0.0905876375328689,92.81600754239547,91.69368564109193,93.96614411708218
Retinopathy__14,True,Retinopathy,feature_16,Box plot,five,256,0.6429122714979003,4,0.4292314547855655,0.8035167763944627,60.86752271247357,55.44722472718942,69.96767365087376
Retinopathy__14,True,Retinopathy,feature_16,Interval plot,five,256,0.6303640265744415,4,0.4292314547855655,0.7644524077670267,61.335995133620585,56.674807186527254,69.96767365087376
Retinopathy__14,True,Retinopathy,feature_16,Dot plot,raw,256,0.034331537072787535,4,0.022324895908021718,0.045980031152242425,96.68079954615446,95.60411960239898,97.81626212983956
Retinopathy__14,True,Retinopathy,feature_16,Histogram,32,256,0.019724880744843167,4,0.018020343666899235,0.02134594482941211,98.06566642461098,97.910018154233,98.22986409073219
Retinopathy__14,True,Retinopathy,feature_16,Heatmap,64,256,0.02661788929450308,4,0.02661788929450308,0.02661788929450308,97.40722526150455,97.40722526150455,97.40722526150455
Retinopathy__14,True,Retinopathy,feature_16,Violin plot,256,256,0.03564118185141725,4,0.035049790474222124,0.03618976132618218,96.5585395331903,96.50741952131779,96.61370971746551
Retinopathy__14,True,Retinopathy,feature_16,Bar chart,means,512,0.06611876091346071,4,0.06421308376131299,0.06802443806560843,93.79818052757935,93.63081633330287,93.96614411708218
Retinopathy__14,True,Retinopathy,feature_16,Box plot,five,512,0.6502162215059089,4,0.43791924933743337,0.7954579626965296,60.59811962625404,55.69609652671223,69.54493449202948
Retinopathy__14,True,Retinopathy,feature_16,Interval plot,five,512,0.6463577424661539,4,0.43597548152590476,0.7882731786729025,60.74014014123411,55.919867944455284,69.6390720360611
Retinopathy__14,True,Retinopathy,feature_16,Dot plot,raw,512,0.011592075057433059,4,0.005502567626958098,0.016464724018413656,98.8540761297705,98.38019720415645,99.45275449271658
Retinopathy__14,True,Retinopathy,feature_16,Histogram,32,512,0.019532104221839968,4,0.018546497303146805,0.02093755599351992,98.08420900715551,97.94918348623736,98.17912119355834
Retinopathy__14,True,Retinopathy,feature_16,Heatmap,64,512,0.02663714007849775,4,0.02663714007849775,0.02663714007849775,97.40539874911782,97.40539874911782,97.40539874911782
Retinopathy__14,True,Retinopathy,feature_16,Violin plot,256,512,0.03571077515176179,4,0.035487377963221524,0.03599834032745988,96.55205140194384,96.52525115859919,96.57288164796134
Retinopathy__15,True,Retinopathy,feature_17,Bar chart,means,128,0.07946639144481253,4,0.07831654153036695,0.08291594118814928,92.63836354011441,92.34327079005081,92.73714734828988
Retinopathy__15,True,Retinopathy,feature_17,Box plot,five,128,0.7107493792986022,4,0.38795940208029983,0.8784688637068927,58.453915699212146,53.23484564054159,72.0482168643536
Retinopathy__15,True,Retinopathy,feature_17,Interval plot,five,128,0.7099226474411058,4,0.3944716005793301,0.8711302782975299,58.482177629292,53.4436330595784,71.71175085850098
Retinopathy__15,True,Retinopathy,feature_17,Dot plot,means,128,0.059802828804334886,4,0.05427196007808356,0.06388979265899636,94.35717407248251,93.99469821969853,94.85218595076131
Retinopathy__15,True,Retinopathy,feature_17,Histogram,32,128,0.027695310328617183,4,0.015095632872254097,0.040798945860165706,97.30510492260966,96.08003582032383,98.512885645115
Retinopathy__15,True,Retinopathy,feature_17,Heatmap,32,128,0.022438348155746267,4,0.022438348155746267,0.022438348155746267,97.80540819930903,97.80540819930903,97.80540819930903
Retinopathy__15,True,Retinopathy,feature_17,Violin plot,128,128,0.02767839713173035,4,0.02705772640851507,0.02816662980945692,97.30670633838551,97.26049951507599,97.36551065117514
Retinopathy__15,True,Retinopathy,feature_17,Bar chart,means,256,0.06012356304490626,4,0.054059236883086025,0.07831654153036695,94.32862685626776,92.73714734828988,94.87132838540057
Retinopathy__15,True,Retinopathy,feature_17,Box plot,five,256,0.7253754872434843,4,0.407306247216873,0.8964545962583742,57.958398469983614,52.72997318116439,71.0577389944532
Retinopathy__15,True,Retinopathy,feature_17,Interval plot,five,256,0.7223179001263118,4,0.39812208056888787,0.8964821015507581,58.06129053914273,52.72920842133429,71.52451233679864
Retinopathy__15,True,Retinopathy,feature_17,Dot plot,raw,256,0.021622169291239307,4,0.01717713618908884,0.0268107498997398,97.88354541031154,97.38892976116995,98.31129352224293
Retinopathy__15,True,Retinopathy,feature_17,Histogram,32,256,0.023349258797621425,4,0.01944437201298549,0.030074051928877972,97.71834898038081,97.08039903805339,98.09265002124728
Retinopathy__15,True,Retinopathy,feature_17,Heatmap,64,256,0.01947180805083134,4,0.01947180805083134,0.01947180805083134,98.09001015064258,98.09001015064258,98.09001015064258
Retinopathy__15,True,Retinopathy,feature_17,Violin plot,64,256,0.02836730848365119,4,0.02815972611411392,0.02870343396716732,97.24151981012706,97.2097464614779,97.26115258175473
Retinopathy__15,True,Retinopathy,feature_17,Bar chart,means,512,0.0536757186446307,4,0.0536757186446307,0.0536757186446307,94.90585977309271,94.90585977309271,94.90585977309271
Retinopathy__15,True,Retinopathy,feature_17,Box plot,five,512,0.729547877647373,4,0.3980168616620243,0.8948355821305307,57.81857865422352,52.775027523792424,71.52989548431881
Retinopathy__15,True,Retinopathy,feature_17,Interval plot,five,512,0.7266237119382697,4,0.39918899540871,0.8933249911821736,57.91649871861322,52.817134124216565,71.46997319743035
Retinopathy__15,True,Retinopathy,feature_17,Dot plot,raw,512,0.013247792512434603,4,0.009866585529101956,0.018004109270232643,98.69254168522929,98.23143058988839,99.02298128579702
Retinopathy__15,True,Retinopathy,feature_17,Histogram,64,512,0.02224234998369264,4,0.021682677750542237,0.02268487376819945,97.82416077909046,97.78183149569676,97.877748324139
Retinopathy__15,True,Retinopathy,feature_17,Heatmap,64,512,0.01947180805083134,4,0.01947180805083134,0.01947180805083134,98.09001015064258,98.09001015064258,98.09001015064258
Retinopathy__15,True,Retinopathy,feature_17,Violin plot,256,512,0.027788932679578788,4,0.02772131123256782,0.02786448009929349,97.29624130052369,97.28909008543599,97.30264314560908
HAR__00,True,HAR,tBodyAcc-mean()-X,Bar chart,means,128,1.0042378860544177,4,0.9946273228362761,1.0074414071271316,49.89427686992884,49.814654437715795,50.13467872173946
HAR__00,True,HAR,tBodyAcc-mean()-X,Box plot,five,128,,3,0.2400292491006352,0.3356270105670695,,74.87120222100242,80.64325907838682
HAR__00,True,HAR,tBodyAcc-mean()-X,Interval plot,five,128,0.6455176083300019,4,0.5822135111274447,0.7443973378524877,60.771151577944956,57.32638879345524,63.20259515970292
HAR__00,True,HAR,tBodyAcc-mean()-X,Dot plot,raw,128,0.17276045736729573,4,0.14391906900805698,0.21626404480552594,85.26890497697015,82.21898890054705,87.41877175516835
HAR__00,True,HAR,tBodyAcc-mean()-X,Histogram,64,128,0.12310461915398052,4,0.09502394899115377,0.1406161809898383,89.03890011184232,87.67191073268746,91.32220358479836
HAR__00,True,HAR,tBodyAcc-mean()-X,Heatmap,64,128,0.2509482225208262,4,0.2509482225208262,0.2509482225208262,79.93935975902086,79.93935975902086,79.93935975902086
HAR__00,True,HAR,tBodyAcc-mean()-X,Violin plot,128,128,0.1621099067469438,4,0.13556102701626604,0.18556986703965048,86.05038079395324,84.34762284377086,88.06219799807164
HAR__00,True,HAR,tBodyAcc-mean()-X,Bar chart,means,256,0.9523661604393724,4,0.9523661604393724,0.9523661604393724,51.219900255541916,51.219900255541916,51.219900255541916
HAR__00,True,HAR,tBodyAcc-mean()-X,Box plot,five,256,,3,0.1433612719475842,0.2294062771233753,,81.34007598691042,87.46141963481196
HAR__00,True,HAR,tBodyAcc-mean()-X,Interval plot,five,256,0.29845815759806965,4,0.23243009624926245,0.3430234173022888,77.01441853542919,74.458865505762,81.14050468609679
HAR__00,True,HAR,tBodyAcc-mean()-X,Dot plot,raw,256,0.06958574403522692,4,0.03251735087211956,0.10735932008761528,93.49414065928919,90.30492468523036,96.85067269381443
HAR__00,True,HAR,tBodyAcc-mean()-X,Histogram,64,256,0.09902352365107507,4,0.09372935474921838,0.10411365324306018,90.98986313576727,90.57038621547228,91.43029723557986
HAR__00,True,HAR,tBodyAcc-mean()-X,Heatmap,64,256,0.05843916328018378,4,0.05843916328018378,0.05843916328018378,94.47874140455306,94.47874140455306,94.47874140455306
HAR__00,True,HAR,tBodyAcc-mean()-X,Violin plot,256,256,0.15186438614166542,4,0.144577901548394,0.1625057791686711,86.81577554017821,86.02107773736128,87.36845247904857
HAR__00,True,HAR,tBodyAcc-mean()-X,Bar chart,means,512,0.9550375878407824,4,0.9542576335579426,0.9558175421236222,51.14991170601676,51.129513794737846,51.17032589911849
HAR__00,True,HAR,tBodyAcc-mean()-X,Box plot,five,512,0.2141820978110304,4,0.1983447080682994,0.24564160971130847,82.35996905265155,80.27991295439796,83.4484429452669
HAR__00,True,HAR,tBodyAcc-mean()-X,Interval plot,five,512,0.21493749784212346,4,0.19113326295717076,0.23887019594825934,82.30876088491148,80.7187067112045,83.95366254127997
HAR__00,True,HAR,tBodyAcc-mean()-X,Dot plot,raw,512,0.04993361986412745,4,0.025989369477874995,0.06566833206127047,95.24411649275605,93.83782645260261,97.46689680702043
HAR__00,True,HAR,tBodyAcc-mean()-X,Histogram,64,512,0.09650632834060249,4,0.09394118181900964,0.09907147486219536,91.19874406136348,90.98589335378601,91.41259298211958
HAR__00,True,HAR,tBodyAcc-mean()-X,Heatmap,64,512,0.08455958811738651,4,0.08455958811738651,0.08455958811738651,92.20332482937451,92.20332482937451,92.20332482937451
HAR__00,True,HAR,tBodyAcc-mean()-X,Violin plot,256,512,0.1547833678269313,4,0.15289025912918652,0.15780490180905501,86.59632861545259,86.37033738909838,86.73852451102594
HAR__01,True,HAR,tBodyAcc-mean()-Y,Bar chart,means,128,0.6195626420078666,4,0.6195626420078666,0.6195626420078666,61.74506462808018,61.74506462808018,61.74506462808018
HAR__01,True,HAR,tBodyAcc-mean()-Y,Box plot,five,128,0.23841064270483267,4,0.15099867696140537,0.304337110758573,80.74866005801466,76.6672964950313,86.88107293398144
HAR__01,True,HAR,tBodyAcc-mean()-Y,Interval plot,five,128,0.21514583282542923,4,0.13015182666315397,0.27651740212719883,82.29464916773182,78.33814081449982,88.48368656382783
HAR__01,True,HAR,tBodyAcc-mean()-Y,Dot plot,raw,128,0.06746332520208245,4,0.05580134946165592,0.08340193430703932,93.6800334391525,92.30184738774862,94.71478706765166
HAR__01,True,HAR,tBodyAcc-mean()-Y,Histogram,32,128,0.06063764755947515,4,0.04850118252262856,0.06680188753470054,94.28290635364469,93.73811685981596,95.37423673610576
HAR__01,True,HAR,tBodyAcc-mean()-Y,Heatmap,32,128,0.04547459004670308,4,0.04547459004670308,0.04547459004670308,95.650340000643,95.650340000643,95.650340000643
HAR__01,True,HAR,tBodyAcc-mean()-Y,Violin plot,32,128,0.13870082756838142,4,0.13838717744816018,0.13897320535761645,87.81937940059571,87.7983779860755,87.84357552600227
HAR__01,True,HAR,tBodyAcc-mean()-Y,Bar chart,means,256,0.6246693054853814,4,0.6185742555283471,0.6307643554424158,61.550987430099994,61.32093804127246,61.78276940859735
HAR__01,True,HAR,tBodyAcc-mean()-Y,Box plot,five,256,0.24866181062971904,4,0.10064163940168946,0.3054055874429382,80.0857359043987,76.60454418299416,90.85609377304694
HAR__01,True,HAR,tBodyAcc-mean()-Y,Interval plot,five,256,0.24670379321274266,4,0.10064163940168946,0.2979614192017393,80.21151499210654,77.04389246138079,90.85609377304694
HAR__01,True,HAR,tBodyAcc-mean()-Y,Dot plot,raw,256,0.043475383759843715,4,0.02215165832619605,0.0577762932169954,95.83359756861792,94.53794780734957,97.83284034754001
HAR__01,True,HAR,tBodyAcc-mean()-Y,Histogram,32,256,0.06097450897775934,4,0.05704683785997111,0.0640166441855762,94.25297135211025,93.98349221928045,94.60318731235557
HAR__01,True,HAR,tBodyAcc-mean()-Y,Heatmap,32,256,0.039763433430778906,4,0.039763433430778906,0.039763433430778906,96.17572303927093,96.17572303927093,96.17572303927093
HAR__01,True,HAR,tBodyAcc-mean()-Y,Violin plot,32,256,0.14055442295057266,4,0.1398082925640511,0.14099366994170823,87.6766579373772,87.64290515749212,87.734051991362
HAR__01,True,HAR,tBodyAcc-mean()-Y,Bar chart,means,512,0.6269595666813581,4,0.624016704176851,0.6299024291858654,61.46434247531925,61.35336582690407,61.575721322820996
HAR__01,True,HAR,tBodyAcc-mean()-Y,Box plot,five,512,0.24972858324399258,4,0.1576201234637725,0.302408958685539,80.01737444495686,76.78079863710809,86.38412374932206
HAR__01,True,HAR,tBodyAcc-mean()-Y,Interval plot,five,512,0.24796018960345734,4,0.1576201234637725,0.302408958685539,80.13076124790108,76.78079863710809,86.38412374932206
HAR__01,True,HAR,tBodyAcc-mean()-Y,Dot plot,raw,512,0.05182635482228635,4,0.02171628367898573,0.1004759558882205,95.07272711083164,90.86977272419152,97.87452896406917
HAR__01,True,HAR,tBodyAcc-mean()-Y,Histogram,32,512,0.05995075159490465,4,0.05946126229074961,0.060769348055877845,94.34400593568174,94.27120059914508,94.38759448720349
HAR__01,True,HAR,tBodyAcc-mean()-Y,Heatmap,32,512,0.039763433430778906,4,0.039763433430778906,0.039763433430778906,96.17572303927093,96.17572303927093,96.17572303927093
HAR__01,True,HAR,tBodyAcc-mean()-Y,Violin plot,32,512,0.14012731521566774,4,0.14005785187620237,0.1402026600850405,87.70950284713062,87.70370698182867,87.71484695748484
HAR__02,True,HAR,tBodyAcc-mean()-Z,Bar chart,means,128,0.5140682771249536,4,0.49046309133326976,0.5376734629166375,66.04721960748614,65.03331325645784,67.09324141032343
HAR__02,True,HAR,tBodyAcc-mean()-Z,Box plot,five,128,0.35241027083626075,4,0.23255077054760895,0.4723262201941737,73.94205897162045,67.91973044317024,81.13256053182384
HAR__02,True,HAR,tBodyAcc-mean()-Z,Interval plot,five,128,0.3185039581401371,4,0.2861325098193529,0.3354794109512698,75.84353416811776,74.87947712257834,77.7524860280888
HAR__02,True,HAR,tBodyAcc-mean()-Z,Dot plot,raw,128,0.13592432404857643,4,0.08554829032961388,0.1945810097901495,88.03403350285474,83.71135919661646,92.1193473296671
HAR__02,True,HAR,tBodyAcc-mean()-Z,Histogram,64,128,0.16582727142690937,4,0.10679240267728743,0.2414499833465754,85.77599997090944,80.55096970594829,90.35118036418024
HAR__02,True,HAR,tBodyAcc-mean()-Z,Heatmap,64,128,0.08688130106097293,4,0.08688130106097293,0.08688130106097293,92.00636711882312,92.00636711882312,92.00636711882312
HAR__02,True,HAR,tBodyAcc-mean()-Z,Violin plot,64,128,0.13120096556788455,4,0.11619646465480853,0.1470800069351885,88.40162185487358,87.17787721467116,89.58996302763393
HAR__02,True,HAR,tBodyAcc-mean()-Z,Bar chart,means,256,0.4960933481225425,4,0.4960933481225425,0.4960933481225425,66.84074902511308,66.84074902511308,66.84074902511308
HAR__02,True,HAR,tBodyAcc-mean()-Z,Box plot,five,256,0.36365621277978555,4,0.2421039676278879,0.4130444395591648,73.33226590604683,70.76918262471459,80.50855854761926
HAR__02,True,HAR,tBodyAcc-mean()-Z,Interval plot,five,256,0.3044250829917871,4,0.21107354575328316,0.35872647513160355,76.66212594643092,73.5983303705878,82.57136847770907
HAR__02,True,HAR,tBodyAcc-mean()-Z,Dot plot,raw,256,0.08120043672057427,4,0.04040107087489152,0.17355010764741385,92.48978876045722,85.21152982591214,96.11677919161335
HAR__02,True,HAR,tBodyAcc-mean()-Z,Histogram,64,256,0.12252715748461954,4,0.09246282436985923,0.2000612657954842,89.08470439510961,83.3290789814077,91.5362955784612
HAR__02,True,HAR,tBodyAcc-mean()-Z,Heatmap,64,256,0.21363169227345066,4,0.21363169227345066,0.21363169227345066,82.39732089780364,82.39732089780364,82.39732089780364
HAR__02,True,HAR,tBodyAcc-mean()-Z,Violin plot,64,256,0.12612558689179543,4,0.12516263903356226,0.12816591872402672,88.80004252101996,88.6394441990426,88.87604025484987
HAR__02,True,HAR,tBodyAcc-mean()-Z,Bar chart,means,512,0.4946400663325545,4,0.4912011123938695,0.5049569281486088,66.90574021969928,66.4470843846804,67.0600358119818
HAR__02,True,HAR,tBodyAcc-mean()-Z,Box plot,five,512,0.3629745717602424,4,0.25751558143641845,0.4199116664675313,73.36894031034848,70.42691623823394,79.52187748303946
HAR__02,True,HAR,tBodyAcc-mean()-Z,Interval plot,five,512,0.35666840157382435,4,0.26050597616570914,0.4076578411388553,73.70997944965286,71.03999074028935,79.33322165134564
HAR__02,True,HAR,tBodyAcc-mean()-Z,Dot plot,raw,512,0.10441576889189791,4,0.04321551095742928,0.17282725178979763,90.54561046365156,85.26404877393034,95.85747043602069
HAR__02,True,HAR,tBodyAcc-mean()-Z,Histogram,64,512,0.09535678478831157,4,0.09396142947865532,0.0962632661633185,91.2944543629462,91.21896453757692,91.41090106591471
HAR__02,True,HAR,tBodyAcc-mean()-Z,Heatmap,64,512,0.20552551104677763,4,0.20552551104677763,0.20552551104677763,82.95137604609326,82.95137604609326,82.95137604609326
HAR__02,True,HAR,tBodyAcc-mean()-Z,Violin plot,64,512,0.12268154105206332,4,0.12226813991103587,0.12333223386705887,89.07245406946848,89.02085864281763,89.10526499302311
HAR__03,True,HAR,tBodyAcc-std()-X,Bar chart,means,128,0.8969288349802378,4,0.873886841591818,0.9046094994430447,52.71679050682036,52.50420100773544,53.36501531493364
HAR__03,True,HAR,tBodyAcc-std()-X,Box plot,five,128,,3,0.34343221912516775,0.3780597423976907,,72.56579444517381,74.43620792801828
HAR__03,True,HAR,tBodyAcc-std()-X,Interval plot,five,128,0.3402869323309787,4,0.3179194428614307,0.35655388190183207,74.61088934597281,73.71620201315126,75.87717181171766
HAR__03,True,HAR,tBodyAcc-std()-X,Dot plot,raw,128,0.08512380451732794,4,0.06114896595175393,0.1356817381227545,92.15538317720421,88.05283790624017,94.23747580087317
HAR__03,True,HAR,tBodyAcc-std()-X,Histogram,64,128,0.09129743751353227,4,0.03576160601335188,0.17714161464829153,91.63404637680182,84.95154597849994,96.54731302978121
HAR__03,True,HAR,tBodyAcc-std()-X,Heatmap,32,128,0.13454766445751057,4,0.13454766445751057,0.13454766445751057,88.14085395681943,88.14085395681943,88.14085395681943
HAR__03,True,HAR,tBodyAcc-std()-X,Violin plot,32,128,0.13906091548354493,4,0.13403663318945694,0.14227600002276036,87.79161732324808,87.54451638483822,88.18057289626691
HAR__03,True,HAR,tBodyAcc-std()-X,Bar chart,means,256,0.9001746387908801,4,0.893040297741746,0.9073089798400144,52.62674175234338,52.42988999526863,52.825077268187286
HAR__03,True,HAR,tBodyAcc-std()-X,Box plot,five,256,0.37015202546777587,4,0.36656495135046135,0.3744525336900043,72.98460181151034,72.75624115700028,73.17617790590809
HAR__03,True,HAR,tBodyAcc-std()-X,Interval plot,five,256,0.3592736007784534,4,0.35363549954030504,0.3623750474213547,73.56870606677728,73.40122691565419,73.87513110727373
HAR__03,True,HAR,tBodyAcc-std()-X,Dot plot,raw,256,0.12714531900678172,4,0.0731386470384923,0.20076792524972648,88.71970482751775,83.28003929585542,93.18460412917466
HAR__03,True,HAR,tBodyAcc-std()-X,Histogram,64,256,0.09080351333947959,4,0.06479112240608423,0.11792173070837789,91.6755389738812,89.45170064511974,93.91513311458897
HAR__03,True,HAR,tBodyAcc-std()-X,Heatmap,64,256,0.11095203580518231,4,0.11095203580518231,0.11095203580518231,90.01288694477545,90.01288694477545,90.01288694477545
HAR__03,True,HAR,tBodyAcc-std()-X,Violin plot,32,256,0.1582048545203083,4,0.1568454187664272,0.15934785811158045,86.34051187897742,86.25538857930559,86.44197260739682
HAR__03,True,HAR,tBodyAcc-std()-X,Bar chart,means,512,0.905074994258972,4,0.9016303326211071,0.9085196558968369,52.491371888956834,52.396630912878265,52.58645609747152
HAR__03,True,HAR,tBodyAcc-std()-X,Box plot,five,512,0.3722425258417412,4,0.3687227628458298,0.3752150545004263,72.8734156804093,72.71589972255427,73.0608145889832
HAR__03,True,HAR,tBodyAcc-std()-X,Interval plot,five,512,0.3703453427425858,4,0.364112322048757,0.3784960931903603,72.97430573220448,72.54282438230365,73.3077462784078
HAR__03,True,HAR,tBodyAcc-std()-X,Dot plot,raw,512,0.16386475492089522,4,0.1261498264926965,0.22424927010074985,85.92063603369168,81.68271155413511,88.79813116114575
HAR__03,True,HAR,tBodyAcc-std()-X,Histogram,64,512,0.06461175453424152,4,0.06321172977321834,0.06604415756481755,93.93095612000747,93.80474466314008,94.05464330357779
HAR__03,True,HAR,tBodyAcc-std()-X,Heatmap,64,512,0.11748895790893629,4,0.11748895790893629,0.11748895790893629,89.48634283341971,89.48634283341971,89.48634283341971
HAR__03,True,HAR,tBodyAcc-std()-X,Violin plot,32,512,0.17162759784407047,4,0.17129246558079192,0.1721387598661867,85.35135241267064,85.31413124792167,85.3757732919544
HAR__04,True,HAR,tBodyAcc-std()-Y,Bar chart,means,128,0.887839022990702,4,0.8644106153750046,0.8956484921959346,52.9706181417845,52.7523960331692,53.636253288488255
HAR__04,True,HAR,tBodyAcc-std()-Y,Box plot,five,128,0.3053230102164151,4,0.29322903110193566,0.3205020227522195,76.609390332758,75.72877456982442,77.3258236515089
HAR__04,True,HAR,tBodyAcc-std()-Y,Interval plot,five,128,0.28348668514896264,4,0.264593051438912,0.3023803188590129,77.9127677420307,76.78248707536353,79.07682229173679
HAR__04,True,HAR,tBodyAcc-std()-Y,Dot plot,raw,128,0.09247014215593212,4,0.08343842889588117,0.10058618763456835,91.53568243307343,90.86067145265989,92.29873828816352
HAR__04,True,HAR,tBodyAcc-std()-Y,Histogram,32,128,0.06298783331643729,4,0.059705859660300335,0.06676809317384622,94.0744539737656,93.74108640846224,94.36580829330889
HAR__04,True,HAR,tBodyAcc-std()-Y,Heatmap,32,128,0.03906140364707369,4,0.03906140364707369,0.03906140364707369,96.24070305085249,96.24070305085249,96.24070305085249
HAR__04,True,HAR,tBodyAcc-std()-Y,Violin plot,32,128,0.1550453820373548,4,0.15154641087525308,0.1564896133948936,86.57668482567549,86.46856732802677,86.83974788649051
HAR__04,True,HAR,tBodyAcc-std()-Y,Bar chart,means,256,0.8983932428789454,4,0.8983932428789454,0.8983932428789454,52.676125125871344,52.676125125871344,52.676125125871344
HAR__04,True,HAR,tBodyAcc-std()-Y,Box plot,five,256,0.3119812858921377,4,0.3046447282253974,0.32745892683602856,76.22059939063897,75.33189764172062,76.64921939018747
HAR__04,True,HAR,tBodyAcc-std()-Y,Interval plot,five,256,0.2981103916191634,4,0.28635908173243235,0.3101956028986169,77.03505082897277,76.32448145816133,77.738791151008
HAR__04,True,HAR,tBodyAcc-std()-Y,Dot plot,raw,256,0.08721406237703498,4,0.03990915134449728,0.11204756985718044,91.97820692400224,89.924210717751,96.16224635653039
HAR__04,True,HAR,tBodyAcc-std()-Y,Histogram,32,256,0.05475763725345876,4,0.04791303166365524,0.059686468106846434,94.80851000083344,94.36753512447152,95.42776640657011
HAR__04,True,HAR,tBodyAcc-std()-Y,Heatmap,32,256,0.04684934740150543,4,0.04684934740150543,0.04684934740150543,95.52472879523734,95.52472879523734,95.52472879523734
HAR__04,True,HAR,tBodyAcc-std()-Y,Violin plot,32,256,0.15110536269939795,4,0.15072873911532858,0.15136524941495466,86.87302069855286,86.85341167871202,86.90145348840356
HAR__04,True,HAR,tBodyAcc-std()-Y,Bar chart,means,512,0.9013754362797719,4,0.899624221973144,0.9066290791996555,52.59350578108858,52.44858640358981,52.641990370142665
HAR__04,True,HAR,tBodyAcc-std()-Y,Box plot,five,512,0.31209088547761754,4,0.2889542485116177,0.32201431493533444,76.21423264715291,75.642146132806,77.58227269545998
HAR__04,True,HAR,tBodyAcc-std()-Y,Interval plot,five,512,0.3092860880991457,4,0.28809540378718085,0.31993144807350177,76.37750137953616,75.76151030112543,77.63400110425516
HAR__04,True,HAR,tBodyAcc-std()-Y,Dot plot,raw,512,0.08393902687951119,4,0.073452666728182,0.09469173883625374,92.25611175555156,91.34991747202561,93.15734461286856
HAR__04,True,HAR,tBodyAcc-std()-Y,Histogram,32,512,0.05238608577827634,4,0.051160576545034385,0.05341516338661826,95.02216092684891,94.92933410841609,95.13294374935658
HAR__04,True,HAR,tBodyAcc-std()-Y,Heatmap,32,512,0.04684934740150543,4,0.04684934740150543,0.04684934740150543,95.52472879523734,95.52472879523734,95.52472879523734
HAR__04,True,HAR,tBodyAcc-std()-Y,Violin plot,32,512,0.15674613305020263,4,0.15659739870667808,0.1569459933568859,86.44939208598159,86.43445811143646,86.46050917270027
HAR__05,True,HAR,tBodyAcc-std()-Z,Bar chart,means,128,0.97587474583479,4,0.97587474583479,0.97587474583479,50.610495534093616,50.610495534093616,50.610495534093616
HAR__05,True,HAR,tBodyAcc-std()-Z,Box plot,five,128,0.14328637543533163,4,0.12210590472473674,0.1613211501291488,87.46714921877977,86.10882527101066,89.11814792074456
HAR__05,True,HAR,tBodyAcc-std()-Z,Interval plot,five,128,0.18136261453243357,4,0.16947361507559544,0.2049608410275901,84.64801473303653,82.99024880735547,85.50855591003304
HAR__05,True,HAR,tBodyAcc-std()-Z,Dot plot,raw,128,0.0927320185077462,4,0.05865658396850511,0.13785975726491645,91.51374564512325,87.88429273601422,94.45933791403594
HAR__05,True,HAR,tBodyAcc-std()-Z,Histogram,64,128,0.09482016132907857,4,0.06953134600157329,0.1685459508756224,91.33920211937183,85.57643790136567,93.49889591721504
HAR__05,True,HAR,tBodyAcc-std()-Z,Heatmap,16,128,0.13010734721424486,4,0.13010734721424486,0.13010734721424486,88.48716915831366,88.48716915831366,88.48716915831366
HAR__05,True,HAR,tBodyAcc-std()-Z,Violin plot,64,128,0.1792769380462433,4,0.1758796493702419,0.1828139882012316,84.79772373542225,84.5441472602766,85.04271678955949
HAR__05,True,HAR,tBodyAcc-std()-Z,Bar chart,means,256,0.97564630007048,4,0.9704914821297332,0.9773645727173957,50.616347671358255,50.572363528580304,50.74876035085352
HAR__05,True,HAR,tBodyAcc-std()-Z,Box plot,five,256,0.13901740487539238,4,0.13345471997363298,0.14109433305623162,87.79497097407386,87.63517362509953,88.22584461276605
HAR__05,True,HAR,tBodyAcc-std()-Z,Interval plot,five,256,0.1363755259107599,4,0.12902341889934416,0.1418947685480835,87.99907928310402,87.57374388110189,88.57212200034559
HAR__05,True,HAR,tBodyAcc-std()-Z,Dot plot,raw,256,0.07635860681837284,4,0.04544576523559969,0.1484352154214151,92.90583952832574,87.07500314965985,95.65297725173164
HAR__05,True,HAR,tBodyAcc-std()-Z,Histogram,64,256,0.10930981281501059,4,0.0639850153003141,0.15463461032970707,90.1461420829206,86.60748526448977,93.98628604912692
HAR__05,True,HAR,tBodyAcc-std()-Z,Heatmap,16,256,0.13010734721424486,4,0.13010734721424486,0.13010734721424486,88.48716915831366,88.48716915831366,88.48716915831366
HAR__05,True,HAR,tBodyAcc-std()-Z,Violin plot,64,256,0.17194367217488213,4,0.17116737711533372,0.1727069690383101,85.32833307117988,85.27279417637126,85.38489199238705
HAR__05,True,HAR,tBodyAcc-std()-Z,Bar chart,means,512,0.9737552897339399,4,0.97232947381155,0.9780327375011098,50.66484205014082,50.555280559376435,50.701468151134414
HAR__05,True,HAR,tBodyAcc-std()-Z,Box plot,five,512,0.13694223667440394,4,0.12392954908763096,0.14670408597164075,87.9552159945289,87.20645650727464,88.97354828083016
HAR__05,True,HAR,tBodyAcc-std()-Z,Interval plot,five,512,0.13422310947490432,4,0.12737919304743253,0.13764506768864002,88.16607523214337,87.90087773436277,88.70129998557873
HAR__05,True,HAR,tBodyAcc-std()-Z,Dot plot,raw,512,0.06375825957086259,4,0.029857674187684043,0.14421677169337263,94.0063206092911,87.39602711119673,97.10079606764742
HAR__05,True,HAR,tBodyAcc-std()-Z,Histogram,64,512,0.06618683644375402,4,0.06490467186929116,0.06752479617421686,93.79219155767116,93.6746390888332,93.9051190605296
HAR__05,True,HAR,tBodyAcc-std()-Z,Heatmap,16,512,0.13010734721424486,4,0.13010734721424486,0.13010734721424486,88.48716915831366,88.48716915831366,88.48716915831366
HAR__05,True,HAR,tBodyAcc-std()-Z,Violin plot,64,512,0.17496942058949227,4,0.17473973449327443,0.17522989042255213,85.10859793255652,85.08973505093982,85.12523843686546
HAR__06,True,HAR,tGravityAcc-mean()-X,Bar chart,means,128,0.3893861531617308,4,0.3797472748347334,0.418302788142723,71.97423104616153,70.50680632938095,72.47704113927533
HAR__06,True,HAR,tGravityAcc-mean()-X,Box plot,five,128,0.27290283486837963,4,0.21015337698149342,0.29784837583119284,78.56059179123454,77.05060303053975,82.63415357269153
HAR__06,True,HAR,tGravityAcc-mean()-X,Interval plot,five,128,0.31657409670452397,4,0.2101533769814947,0.36499560017776383,75.95470718306467,73.26030940098046,82.63415357269145
HAR__06,True,HAR,tGravityAcc-mean()-X,Dot plot,raw,128,0.09094944646991866,4,0.046837517145546924,0.12816559035202674,91.66327580400615,88.63946999907748,95.52580831519484
HAR__06,True,HAR,tGravityAcc-mean()-X,Histogram,32,128,0.0796175128234615,4,0.07752904814814597,0.08336939394166148,92.62539632066152,92.30461979008511,92.80492268107406
HAR__06,True,HAR,tGravityAcc-mean()-X,Heatmap,64,128,0.13163684200813033,4,0.13163684200813033,0.13163684200813033,88.36757189925558,88.36757189925558,88.36757189925558
HAR__06,True,HAR,tGravityAcc-mean()-X,Violin plot,32,128,0.14157979711620608,4,0.13754078975259187,0.14466420545381695,87.59790621086175,87.36186518591599,87.90893557474048
HAR__06,True,HAR,tGravityAcc-mean()-X,Bar chart,means,256,0.37873902396370823,4,0.3742623900963578,0.39216892556575905,72.53004249673884,71.83036351666973,72.76630774490482
HAR__06,True,HAR,tGravityAcc-mean()-X,Box plot,five,256,0.2999131238675946,4,0.2130868766505743,0.3330773585167348,76.92821786618543,75.01440134822052,82.43432677806857
HAR__06,True,HAR,tGravityAcc-mean()-X,Interval plot,five,256,0.29369241387424905,4,0.20824230632978422,0.32622616233713786,77.29812660841675,75.40192075820259,82.76485558907872
HAR__06,True,HAR,tGravityAcc-mean()-X,Dot plot,raw,256,0.09565629149006327,4,0.04018660510820591,0.1401869173696807,91.26949826939129,87.70491791880225,96.13659655768924
HAR__06,True,HAR,tGravityAcc-mean()-X,Histogram,64,256,0.07001623764071133,4,0.051420495040391374,0.12528274091654515,93.4565256883306,88.86655447905457,95.10942622072285
HAR__06,True,HAR,tGravityAcc-mean()-X,Heatmap,64,256,0.143084646108056,4,0.143084646108056,0.143084646108056,87.48258524902538,87.48258524902538,87.48258524902538
HAR__06,True,HAR,tGravityAcc-mean()-X,Violin plot,32,256,0.14032229967347498,4,0.13871258941295966,0.14147202366580636,87.69450534172177,87.60617687225721,87.81847230788323
HAR__06,True,HAR,tGravityAcc-mean()-X,Bar chart,means,512,0.37612539328155825,4,0.3718025023955108,0.3804482841676056,72.66779647277374,72.44023636879584,72.89679077372651
HAR__06,True,HAR,tGravityAcc-mean()-X,Box plot,five,512,0.29970824326465995,4,0.21657070121975838,0.3336515158464663,76.9403445105618,74.98210650368449,82.19826426835529
HAR__06,True,HAR,tGravityAcc-mean()-X,Interval plot,five,512,0.2945607237508615,4,0.21414846694099215,0.33122928156770004,77.24627988887218,75.1185399724957,82.36225035307814
HAR__06,True,HAR,tGravityAcc-mean()-X,Dot plot,raw,512,0.12289404058465435,4,0.03415696607870375,0.16911752192022472,89.05559775518378,85.53460035031752,96.69711976043449
HAR__06,True,HAR,tGravityAcc-mean()-X,Histogram,64,512,0.050561214756788334,4,0.049147270947985475,0.05395357017967982,95.18721859834758,94.88083994340646,95.31550314155828
HAR__06,True,HAR,tGravityAcc-mean()-X,Heatmap,64,512,0.1342730133870013,4,0.1342730133870013,0.1342730133870013,88.1621962435609,88.1621962435609,88.1621962435609
HAR__06,True,HAR,tGravityAcc-mean()-X,Violin plot,32,512,0.1458328635178691,4,0.1450834759201259,0.14650062934768773,87.27276305637267,87.22193206025183,87.32987777999811
HAR__07,True,HAR,tGravityAcc-mean()-Y,Bar chart,means,128,0.34459611351662134,4,0.33189261914842944,0.35729960788481335,74.37177528236538,73.67570094257808,75.08112783441722
HAR__07,True,HAR,tGravityAcc-mean()-Y,Box plot,five,128,0.34257812316505276,4,0.22565650555531094,0.447080333686744,74.48356134707126,69.10466383385143,81.58892768630373
HAR__07,True,HAR,tGravityAcc-mean()-Y,Interval plot,five,128,0.33405312170409984,4,0.22565650555531128,0.4369395024801118,74.95953374949677,69.59235223710057,81.58892768630372
HAR__07,True,HAR,tGravityAcc-mean()-Y,Dot plot,raw,128,0.06116450131205319,4,0.03300629699598312,0.10767402071660936,94.23609617204234,90.27926820501308,96.80483099745213
HAR__07,True,HAR,tGravityAcc-mean()-Y,Histogram,32,128,0.11107318650888773,4,0.105854411197454,0.12081928078139915,90.00307199763397,89.22044946468374,90.42781670664662
HAR__07,True,HAR,tGravityAcc-mean()-Y,Heatmap,64,128,0.07383145186674779,4,0.07383145186674779,0.07383145186674779,93.12448413217929,93.12448413217929,93.12448413217929
HAR__07,True,HAR,tGravityAcc-mean()-Y,Violin plot,8,128,0.11321030367456178,4,0.1107800213226194,0.11586710633238531,89.83028603841795,89.61640631981567,90.02682626658047
HAR__07,True,HAR,tGravityAcc-mean()-Y,Bar chart,means,256,0.3287943243760299,4,0.3287943243760299,0.3287943243760299,75.25619139512627,75.25619139512627,75.25619139512627
HAR__07,True,HAR,tGravityAcc-mean()-Y,Box plot,five,256,0.33796930449341417,4,0.22716494650345528,0.4434077012120772,74.7401301839748,69.28049498144335,81.48863792510426
HAR__07,True,HAR,tGravityAcc-mean()-Y,Interval plot,five,256,0.33469797922952127,4,0.2251117206922216,0.4329118814217933,74.92331715203976,69.78796204884276,81.62520879605762
HAR__07,True,HAR,tGravityAcc-mean()-Y,Dot plot,raw,256,0.09036751929805295,4,0.07827297399340695,0.10539859825929199,91.7121963284243,90.46510476625656,92.74089438562841
HAR__07,True,HAR,tGravityAcc-mean()-Y,Histogram,64,256,0.0398338399425725,4,0.03164941522191966,0.06242348899190611,96.16921104002803,94.12442499260465,96.93215400940139
HAR__07,True,HAR,tGravityAcc-mean()-Y,Heatmap,64,256,0.03563927380440522,4,0.03563927380440522,0.03563927380440522,96.55871743126497,96.55871743126497,96.55871743126497
HAR__07,True,HAR,tGravityAcc-mean()-Y,Violin plot,8,256,0.10134830293391185,4,0.10103560999207079,0.10160030201206366,90.79779733042423,90.77702667414927,90.8235838082659
HAR__07,True,HAR,tGravityAcc-mean()-Y,Bar chart,means,512,0.32394541481745803,4,0.3227922910517876,0.3274047861144691,75.53181489267646,75.33497019602916,75.5976585866609
HAR__07,True,HAR,tGravityAcc-mean()-Y,Box plot,five,512,0.3410046942881191,4,0.041985610492468,0.4426432327472916,74.5709544686461,69.31720728316552,95.97061513425078
HAR__07,True,HAR,tGravityAcc-mean()-Y,Interval plot,five,512,0.33816428133684917,4,0.041985610492468,0.43965800198925176,74.72924019470783,69.46094132205336,95.97061513425078
HAR__07,True,HAR,tGravityAcc-mean()-Y,Dot plot,raw,512,0.06751165173340035,4,0.01987761269251781,0.10066369683219333,93.67579251956863,90.85427300619506,98.050980583833
HAR__07,True,HAR,tGravityAcc-mean()-Y,Histogram,64,512,0.031243890362125222,4,0.025040006347767953,0.03376396037139808,96.97027146981168,96.73388107288362,97.5571678965989
HAR__07,True,HAR,tGravityAcc-mean()-Y,Heatmap,64,512,0.037140878355142105,4,0.037140878355142105,0.037140878355142105,96.4189167421454,96.4189167421454,96.4189167421454
HAR__07,True,HAR,tGravityAcc-mean()-Y,Violin plot,8,512,0.09948944875036524,4,0.09930861902252523,0.09965706922211794,90.95130482030174,90.93744113402427,90.96626576885865
HAR__08,True,HAR,tGravityAcc-mean()-Z,Bar chart,means,128,0.16418239743240798,4,0.15493862530551444,0.17342616955930154,85.89719293175104,85.22052992695446,86.58468754003887
HAR__08,True,HAR,tGravityAcc-mean()-Z,Box plot,five,128,0.25565845959471584,4,0.13737983738707651,0.3691210563349538,79.63949052856032,73.03956033493003,87.92137570306488
HAR__08,True,HAR,tGravityAcc-mean()-Z,Interval plot,five,128,0.24801223307385956,4,0.12287380703299214,0.36407936056019097,80.12741970781775,73.30951768006568,89.05720248674551
HAR__08,True,HAR,tGravityAcc-mean()-Z,Dot plot,raw,128,0.0777095935207785,4,0.06062364012725252,0.09011264877337166,92.78937535789132,91.73363882395373,94.28415152805957
HAR__08,True,HAR,tGravityAcc-mean()-Z,Histogram,32,128,0.0693771172511659,4,0.06046174842404129,0.07415660976694606,93.51238060624489,93.09629442367482,94.29854509001443
HAR__08,True,HAR,tGravityAcc-mean()-Z,Heatmap,16,128,0.0795160557855714,4,0.0795160557855714,0.0795160557855714,92.63410160882628,92.63410160882628,92.63410160882628
HAR__08,True,HAR,tGravityAcc-mean()-Z,Violin plot,128,128,0.09066946095585685,4,0.08893636422050777,0.0930933785784669,91.68680666309345,91.48349259058436,91.83273080570038
HAR__08,True,HAR,tGravityAcc-mean()-Z,Bar chart,means,256,0.1510515997877201,4,0.14890503345699796,0.15749129877988655,86.87707833292812,86.39373799648445,87.03939584902417
HAR__08,True,HAR,tGravityAcc-mean()-Z,Box plot,five,256,0.2581044011776944,4,0.12036523132134032,0.35850641726828475,79.48465954525821,73.61025220703944,89.25660776000844
HAR__08,True,HAR,tGravityAcc-mean()-Z,Interval plot,five,256,0.25521539132781135,4,0.11893056953975335,0.3585275657050406,79.66760182427055,73.60910630333996,89.37105011004635
HAR__08,True,HAR,tGravityAcc-mean()-Z,Dot plot,raw,256,0.08065719342347066,4,0.06466596481391167,0.11974536618917911,92.53628311417125,89.3060181533318,93.92617337727948
HAR__08,True,HAR,tGravityAcc-mean()-Z,Histogram,64,256,0.05885169750324307,4,0.05033082315117902,0.06630614760462682,94.44193198707481,93.78169695883511,95.20809805427041
HAR__08,True,HAR,tGravityAcc-mean()-Z,Heatmap,64,256,0.07134987226797644,4,0.07134987226797644,0.07134987226797644,93.34018940825246,93.34018940825246,93.34018940825246
HAR__08,True,HAR,tGravityAcc-mean()-Z,Violin plot,256,256,0.08899073458865318,4,0.08809396353058455,0.08968624690271648,91.82814584531174,91.76953484017649,91.9038275660732
HAR__08,True,HAR,tGravityAcc-mean()-Z,Bar chart,means,512,0.14619905893099683,4,0.14619905893099683,0.14619905893099683,87.24488056486895,87.24488056486895,87.24488056486895
HAR__08,True,HAR,tGravityAcc-mean()-Z,Box plot,five,512,0.25738105480769236,4,0.11792241956511858,0.3553359034436036,79.53038549264154,73.78244739619345,89.45164552554628
HAR__08,True,HAR,tGravityAcc-mean()-Z,Interval plot,five,512,0.256251218215236,4,0.11792241956511858,0.35081655707377835,79.60191285790006,74.02929692883403,89.45164552554628
HAR__08,True,HAR,tGravityAcc-mean()-Z,Dot plot,raw,512,0.06539782276962093,4,0.03664600667929647,0.09175611784252544,93.8616522981423,91.59554809513233,96.4649449818762
HAR__08,True,HAR,tGravityAcc-mean()-Z,Histogram,64,512,0.06415125107837547,4,0.060495792772537395,0.06694620734435253,93.97160403529416,93.72543743222231,94.29551789032764
HAR__08,True,HAR,tGravityAcc-mean()-Z,Heatmap,64,512,0.0666771046657394,4,0.0666771046657394,0.0666771046657394,93.749082606715,93.749082606715,93.749082606715
HAR__08,True,HAR,tGravityAcc-mean()-Z,Violin plot,64,512,0.08890635933315866,4,0.08882396542200759,0.08902142663021005,91.83526126272193,91.82555783997091,91.84221065637722
HAR__09,True,HAR,tGravityAcc-std()-X,Bar chart,means,128,1.485036354359763,4,0.9477398468248125,2.0223328618947023,40.24085998764541,33.08702402067982,51.34155886527612
HAR__09,True,HAR,tGravityAcc-std()-X,Box plot,five,128,,2,0.9477398468248343,1.3025356531971901,,43.430380702746035,51.341558865275545
HAR__09,True,HAR,tGravityAcc-std()-X,Interval plot,five,128,0.9706781771656763,4,0.6877691028034063,1.6831684484591818,50.74395259393636,37.26937086541299,59.249810791001394
HAR__09,True,HAR,tGravityAcc-std()-X,Dot plot,raw,128,0.4488408753144297,4,0.20264478599420147,0.5950244674175703,69.0206921296984,62.6949630195362,83.15007154613161
HAR__09,True,HAR,tGravityAcc-std()-X,Histogram,64,128,0.5275636561639474,4,0.5188248312803491,0.5403185177866714,65.46372034742059,64.92163721026539,65.84037733680015
HAR__09,True,HAR,tGravityAcc-std()-X,Heatmap,64,128,1.5699744861773888,4,1.5699744861773888,1.5699744861773888,38.91089212669236,38.91089212669236,38.91089212669236
HAR__09,True,HAR,tGravityAcc-std()-X,Violin plot,64,128,0.42805688652397855,4,0.26251708167570886,0.586966263412387,70.02522164464273,63.013311817337694,79.20684912022924
HAR__09,True,HAR,tGravityAcc-std()-X,Bar chart,means,256,0.8184488005348268,4,0.6953746289030677,0.8594735244120799,54.99192496956133,53.77866298559833,58.98401350072195
HAR__09,True,HAR,tGravityAcc-std()-X,Box plot,five,256,,3,0.5305949866129784,0.6953746289030677,,58.98401350072195,65.33407000194605
HAR__09,True,HAR,tGravityAcc-std()-X,Interval plot,five,256,0.5196379536454374,4,0.38183808592651125,0.6541797183305417,65.80514770647275,60.45292351965458,72.3673786520009
HAR__09,True,HAR,tGravityAcc-std()-X,Dot plot,raw,256,0.2459954367327717,4,0.15497250044498334,0.3231226210973368,80.25711575815905,75.57878491795765,86.58214802644426
HAR__09,True,HAR,tGravityAcc-std()-X,Histogram,64,256,0.5484285874506133,4,0.5483622952595708,0.5486274640236829,64.58160280071003,64.5733091547902,64.58436782280066
HAR__09,True,HAR,tGravityAcc-std()-X,Heatmap,64,256,0.474589364722399,4,0.474589364722399,0.474589364722399,67.81548978472773,67.81548978472773,67.81548978472773
HAR__09,True,HAR,tGravityAcc-std()-X,Violin plot,64,256,0.23434211253573672,4,0.20780338035431667,0.28666556976123775,81.01481670634064,77.72027351175385,82.79493303840925
HAR__09,True,HAR,tGravityAcc-std()-X,Bar chart,means,512,0.5784494108067304,4,0.5784494108067267,0.5784494108067341,63.35331326766498,63.35331326766484,63.35331326766512
HAR__09,True,HAR,tGravityAcc-std()-X,Box plot,five,512,0.19491795504398787,4,0.07450431149353805,0.39280877676543186,83.6877541072004,71.79736491338996,93.06616914454456
HAR__09,True,HAR,tGravityAcc-std()-X,Interval plot,five,512,0.4872092307906955,4,0.34211188687979854,0.7135755866054794,67.24003450868418,58.35750741412917,74.50943619349385
HAR__09,True,HAR,tGravityAcc-std()-X,Dot plot,raw,512,0.1377540389148658,4,0.08527950170823813,0.17870063313634024,87.89245880891367,84.83918408859716,92.14216231173559
HAR__09,True,HAR,tGravityAcc-std()-X,Histogram,64,512,0.5479491387314991,4,0.5467096691472477,0.5483622952595854,64.601605762026,64.58436782280006,64.65337483480873
HAR__09,True,HAR,tGravityAcc-std()-X,Heatmap,64,512,0.548362295259578,4,0.548362295259578,0.548362295259578,64.58436782280036,64.58436782280036,64.58436782280036
HAR__09,True,HAR,tGravityAcc-std()-X,Violin plot,256,512,0.11957077134968955,4,0.11289161599254001,0.13836123545403017,89.319945249594,87.84557738397991,89.85600984226512
HAR__10,True,HAR,tGravityAcc-std()-Y,Bar chart,means,128,1.0383166330115814,4,0.3552246297274592,1.7214086362957037,49.06009124414176,36.74567599525108,73.78850546725259
HAR__10,True,HAR,tGravityAcc-std()-Y,Box plot,five,128,,3,0.3975504306276436,0.5557914539369797,,64.27596690221355,71.55376851416355
HAR__10,True,HAR,tGravityAcc-std()-Y,Interval plot,five,128,0.511607744722075,4,0.293896812311074,0.7079476047631302,66.15472853268957,58.54980546307139,77.28591573031741
HAR__10,True,HAR,tGravityAcc-std()-Y,Dot plot,raw,128,0.2647269612162627,4,0.21356588974892718,0.380444731114889,79.0684496073619,72.44042281883821,82.40178868300991
HAR__10,True,HAR,tGravityAcc-std()-Y,Histogram,64,128,1.1386055841528322,4,0.22981468842060357,1.4616134517262076,46.75944023573337,40.623762406674764,81.31306361971133
HAR__10,True,HAR,tGravityAcc-std()-Y,Heatmap,64,128,0.5854014792772886,4,0.5854014792772886,0.5854014792772886,63.07550567291346,63.07550567291346,63.07550567291346
HAR__10,True,HAR,tGravityAcc-std()-Y,Violin plot,128,128,0.24712210537111245,4,0.14807682746754805,0.33471475860559213,80.18461028741248,74.92237525302586,87.10218480812132
HAR__10,True,HAR,tGravityAcc-std()-Y,Bar chart,means,256,0.41858529893599394,4,0.2523171217286994,0.9173898305578775,70.49276492221139,52.1542350993404,79.85197859625198
HAR__10,True,HAR,tGravityAcc-std()-Y,Box plot,five,256,0.33608851777490173,4,0.3251478726947649,0.3657805994154727,74.84534046182677,73.21820213495347,75.46327625810108
HAR__10,True,HAR,tGravityAcc-std()-Y,Interval plot,five,256,0.4304017917810261,4,0.3731864835020975,0.4819879039877759,69.91042696855665,67.47693400932431,72.82332094106084
HAR__10,True,HAR,tGravityAcc-std()-Y,Dot plot,raw,256,0.1775096864184691,4,0.15692977822735252,0.22612171042361043,84.92499140636497,81.55797189615964,86.4356695470489
HAR__10,True,HAR,tGravityAcc-std()-Y,Histogram,64,256,0.22722717425849942,4,0.22646047509857495,0.22748274064514093,81.4845059639596,81.46754059241758,81.53544450094296
HAR__10,True,HAR,tGravityAcc-std()-Y,Heatmap,64,256,0.25093661854196014,4,0.25093661854196014,0.25093661854196014,79.94010129510467,79.94010129510467,79.94010129510467
HAR__10,True,HAR,tGravityAcc-std()-Y,Violin plot,128,256,0.15546727498953095,4,0.10139191353302927,0.23772792399612994,86.54507329158764,80.79320023510489,90.79420211032912
HAR__10,True,HAR,tGravityAcc-std()-Y,Bar chart,means,512,0.3088737966495017,4,0.2262318694368019,0.5567995782876012,76.40156007094289,64.23434422431872,81.55064510428127
HAR__10,True,HAR,tGravityAcc-std()-Y,Box plot,five,512,0.23740967001791538,4,0.11134281667903602,0.30893867723463875,80.81397973765002,76.39777305019929,89.98123576199866
HAR__10,True,HAR,tGravityAcc-std()-Y,Interval plot,five,512,0.38210638182894496,4,0.3688514994579875,0.39464284705791997,72.35333062254567,71.70294546087969,73.05394342600067
HAR__10,True,HAR,tGravityAcc-std()-Y,Dot plot,raw,512,0.14113774174903732,4,0.1367594118722442,0.14675268612592188,87.63183999744732,87.20276063867817,87.96936181535536
HAR__10,True,HAR,tGravityAcc-std()-Y,Histogram,64,512,0.2274935900179085,4,0.2273899636450747,0.22753983039089087,81.46682053023271,81.46375174494872,81.47369863040291
HAR__10,True,HAR,tGravityAcc-std()-Y,Heatmap,64,512,0.22730240439183425,4,0.22730240439183425,0.22730240439183425,81.47951119638934,81.47951119638934,81.47951119638934
HAR__10,True,HAR,tGravityAcc-std()-Y,Violin plot,256,512,0.1385262458458893,4,0.12697054261152452,0.1507474677920532,87.83284563255995,86.90003914748615,88.73346393621821
HAR__11,True,HAR,tGravityAcc-std()-Z,Bar chart,means,128,0.2974530036345397,4,0.2974530036345397,0.2974530036345397,77.07408262177604,77.07408262177604,77.07408262177604
HAR__11,True,HAR,tGravityAcc-std()-Z,Box plot,five,128,0.3835811807659342,4,0.2974530036345397,0.41631350677930495,72.27620712840368,70.605836575971,77.07408262177604
HAR__11,True,HAR,tGravityAcc-std()-Z,Interval plot,five,128,0.6152936759526265,4,0.47278332406586665,0.7819457279033337,61.9082470814631,56.11843191075276,67.8986503757614
HAR__11,True,HAR,tGravityAcc-std()-Z,Dot plot,raw,128,0.2023665295945264,4,0.177344901771809,0.22607833771253716,83.16931446330508,81.56085702204594,84.93687775732334
HAR__11,True,HAR,tGravityAcc-std()-Z,Histogram,64,128,0.2793781675422342,4,0.2080400345896027,0.31156652411930463,78.16297208831246,76.24470292663833,82.77871356636965
HAR__11,True,HAR,tGravityAcc-std()-Z,Heatmap,64,128,0.3311631636386473,4,0.3311631636386473,0.3311631636386473,75.12227105703298,75.12227105703298,75.12227105703298
HAR__11,True,HAR,tGravityAcc-std()-Z,Violin plot,64,128,0.15515207716924861,4,0.1228789980057866,0.1954382417976612,86.5686882068848,83.65133095426431,89.05679078297685
HAR__11,True,HAR,tGravityAcc-std()-Z,Bar chart,means,256,0.3344527550986938,4,0.32732706870891193,0.35582981426803945,74.93708534672265,73.755569428886,75.33938119507333
HAR__11,True,HAR,tGravityAcc-std()-Z,Box plot,five,256,0.34453070534926833,4,0.2736330819043603,0.40535109749138576,74.3753932893805,71.15659579908854,78.51554848942688
HAR__11,True,HAR,tGravityAcc-std()-Z,Interval plot,five,256,0.4106059384071396,4,0.3005539341997924,0.49312812987166527,70.8915206417749,66.97348874446229,76.89031371200166
HAR__11,True,HAR,tGravityAcc-std()-Z,Dot plot,raw,256,0.16434570736447562,4,0.1352284274865197,0.2038164054538788,85.88514507976535,83.06914538375699,88.0879984845054
HAR__11,True,HAR,tGravityAcc-std()-Z,Histogram,64,256,0.2103089434286153,4,0.20668369031943287,0.21309760244202683,82.62353223360945,82.4335979221251,82.87175902205824
HAR__11,True,HAR,tGravityAcc-std()-Z,Heatmap,64,256,0.21800574420457502,4,0.21800574420457502,0.21800574420457502,82.10141904158712,82.10141904158712,82.10141904158712
HAR__11,True,HAR,tGravityAcc-std()-Z,Violin plot,64,256,0.1378836724736386,4,0.13471225963334404,0.14300087547195098,87.88244564807806,87.48899685550064,88.1280687249406
HAR__11,True,HAR,tGravityAcc-std()-Z,Bar chart,means,512,0.305407439410804,4,0.29363487446193304,0.34072513425741696,76.60443550492943,74.58650356054277,77.30156474143712
HAR__11,True,HAR,tGravityAcc-std()-Z,Box plot,five,512,0.3637425448483691,4,0.2696674736613791,0.44267400670151413,73.32762358830621,69.31572866460452,78.76077955405673
HAR__11,True,HAR,tGravityAcc-std()-Z,Interval plot,five,512,0.3323074630476563,4,0.24856488707399643,0.39192434004260507,75.05774963629625,71.84298537156059,80.0919527973827
HAR__11,True,HAR,tGravityAcc-std()-Z,Dot plot,raw,512,0.07312514672567114,4,0.04391127058372442,0.08872276409459905,93.18577642609614,91.85074777338907,95.79358209638157
HAR__11,True,HAR,tGravityAcc-std()-Z,Histogram,64,512,0.2091681750053828,4,0.20651901562064415,0.2104510080459034,82.70148195022982,82.61383512037833,82.88306997677869
HAR__11,True,HAR,tGravityAcc-std()-Z,Heatmap,64,512,0.20941566816496476,4,0.20941566816496476,0.20941566816496476,82.68455803266471,82.68455803266471,82.68455803266471
HAR__11,True,HAR,tGravityAcc-std()-Z,Violin plot,64,512,0.14788498263865657,4,0.14633581165828832,0.1502291982758777,87.11674210610268,86.93919451001054,87.23447264143314
HAR__12,True,HAR,tBodyAccJerk-mean()-X,Bar chart,means,128,1.1540189092016246,4,1.1486612936410576,1.170091755883326,46.42484779164007,46.08100082814031,46.54060660744857
HAR__12,True,HAR,tBodyAccJerk-mean()-X,Box plot,five,128,,3,0.299146925213605,0.30859545338096644,,76.41781097560285,76.97358786694434
HAR__12,True,HAR,tBodyAccJerk-mean()-X,Interval plot,five,128,0.2857562522419629,4,0.2840603645876958,0.28787022454187655,77.77523914476853,77.6475751161746,77.87795866755019
HAR__12,True,HAR,tBodyAccJerk-mean()-X,Dot plot,raw,128,0.08801492010113,4,0.0765744863257912,0.10921350063388029,91.91050430696768,90.15396940521656,92.88720963589525
HAR__12,True,HAR,tBodyAccJerk-mean()-X,Histogram,64,128,0.10408721370362342,4,0.08171528018689753,0.12122901420861194,90.57255510147007,89.18784542030622,92.44576815326315
HAR__12,True,HAR,tBodyAccJerk-mean()-X,Heatmap,32,128,0.11392830404242726,4,0.11392830404242726,0.11392830404242726,89.77238448569955,89.77238448569955,89.77238448569955
HAR__12,True,HAR,tBodyAccJerk-mean()-X,Violin plot,32,128,0.18287104576815966,4,0.1812245201394456,0.18350514829979186,84.54006914596488,84.4947739717556,84.65791074858049
HAR__12,True,HAR,tBodyAccJerk-mean()-X,Bar chart,means,256,1.1553190836891263,4,1.1478542887867462,1.1578073486565863,46.396842470691716,46.343340179213996,46.55809312673942
HAR__12,True,HAR,tBodyAccJerk-mean()-X,Box plot,five,256,,3,0.30852611496482385,0.3169184433909369,,75.93484661245212,76.42186033305741
HAR__12,True,HAR,tBodyAccJerk-mean()-X,Interval plot,five,256,0.30286159297653237,4,0.2962869862816572,0.309177881697619,76.7541237987827,76.38381414627123,77.14341118770747
HAR__12,True,HAR,tBodyAccJerk-mean()-X,Dot plot,raw,256,0.07245489859916796,4,0.06097631863841472,0.07932885253992238,93.2440143922315,92.6501684492875,94.25281058896135
HAR__12,True,HAR,tBodyAccJerk-mean()-X,Histogram,64,256,0.08051827115287123,4,0.07950287197550225,0.08153367033024021,92.54818050721518,92.46129153747526,92.63523293550752
HAR__12,True,HAR,tBodyAccJerk-mean()-X,Heatmap,64,256,0.08711910558914801,4,0.08711910558914801,0.08711910558914801,91.98624096097224,91.98624096097224,91.98624096097224
HAR__12,True,HAR,tBodyAccJerk-mean()-X,Violin plot,32,256,0.18582178864889343,4,0.18539164138440226,0.1860799779719604,84.32970363442082,84.31134650041622,84.36030465274025
HAR__12,True,HAR,tBodyAccJerk-mean()-X,Bar chart,means,512,1.1559021922471573,4,1.152297978142776,1.157103596948618,46.38429348029337,46.35845962217919,46.46196809899449
HAR__12,True,HAR,tBodyAccJerk-mean()-X,Box plot,five,512,,3,0.3096286312561275,0.3098491681758045,,76.34466809584465,76.35752427318668
HAR__12,True,HAR,tBodyAccJerk-mean()-X,Interval plot,five,512,0.30839151565871536,4,0.3075371834265655,0.30964283379221724,76.42972214601572,76.35669620734595,76.47966059208919
HAR__12,True,HAR,tBodyAccJerk-mean()-X,Dot plot,raw,512,0.08759492465029313,4,0.07298758675682858,0.10253776087070168,91.94599729504452,90.6998413560253,93.19772309972028
HAR__12,True,HAR,tBodyAccJerk-mean()-X,Histogram,64,512,0.07996905799147466,4,0.07966406171661802,0.08027405426633129,92.59524544710558,92.5691028170764,92.62140284729348
HAR__12,True,HAR,tBodyAccJerk-mean()-X,Heatmap,64,512,0.08789210023488789,4,0.08789210023488789,0.08789210023488789,91.920880736618,91.920880736618,91.920880736618
HAR__12,True,HAR,tBodyAccJerk-mean()-X,Violin plot,32,512,0.18918892598140435,4,0.18901210998257664,0.18929554348386332,84.09092770307527,84.08338915242629,84.1034327240497
HAR__13,True,HAR,tBodyAccJerk-mean()-Y,Bar chart,means,128,1.0572107595804952,4,1.0469163944837254,1.0675051246772649,48.60950660222676,48.3674738245739,48.85397384548384
HAR__13,True,HAR,tBodyAccJerk-mean()-Y,Box plot,five,128,0.13122775163254569,4,0.12640854043025396,0.1384911918862965,88.39952861453737,87.83554999166581,88.77773597295617
HAR__13,True,HAR,tBodyAccJerk-mean()-Y,Interval plot,five,128,0.13383375778498902,4,0.11873123016463552,0.1492562605820136,88.1963509318649,87.01279551817048,89.38697455087915
HAR__13,True,HAR,tBodyAccJerk-mean()-Y,Dot plot,raw,128,0.07734889371038009,4,0.04180089462068787,0.1352005326784805,92.8204415336622,88.0901630340608,95.9876311455936
HAR__13,True,HAR,tBodyAccJerk-mean()-Y,Histogram,64,128,0.0767094574603512,4,0.05724710095888588,0.09839627014660504,92.87556574070716,91.04182408289934,94.58526763450429
HAR__13,True,HAR,tBodyAccJerk-mean()-Y,Heatmap,32,128,0.061372336000116094,4,0.061372336000116094,0.061372336000116094,94.21764314760608,94.21764314760608,94.21764314760608
HAR__13,True,HAR,tBodyAccJerk-mean()-Y,Violin plot,16,128,0.040043141878671536,4,0.038414846518236394,0.0417398328377686,96.14985761010452,95.99325747926271,96.30062622399518
HAR__13,True,HAR,tBodyAccJerk-mean()-Y,Bar chart,means,256,1.0559401161898894,4,1.0535495837092588,1.0631117136317816,48.639548989063975,48.47047270356768,48.6961701793308
HAR__13,True,HAR,tBodyAccJerk-mean()-Y,Box plot,five,256,0.12583854612760645,4,0.12057521165529546,0.13062377410379147,88.82268274075034,88.44675151048078,89.23988230319823
HAR__13,True,HAR,tBodyAccJerk-mean()-Y,Interval plot,five,256,0.12161409259320471,4,0.11796593764048936,0.12516293073754584,89.1572249852862,88.87601721330249,89.44816352012826
HAR__13,True,HAR,tBodyAccJerk-mean()-Y,Dot plot,raw,256,0.1104120386972427,4,0.08222980906287833,0.14916431401630761,90.05666051434562,87.0197575579961,92.40181628945496
HAR__13,True,HAR,tBodyAccJerk-mean()-Y,Histogram,64,256,0.06480041499133452,4,0.05234987813209099,0.10153324428121409,93.91431351086936,90.78255288178181,95.02543030412932
HAR__13,True,HAR,tBodyAccJerk-mean()-Y,Heatmap,32,256,0.05665276031495191,4,0.05665276031495191,0.05665276031495191,94.6384694724059,94.6384694724059,94.6384694724059
HAR__13,True,HAR,tBodyAccJerk-mean()-Y,Violin plot,16,256,0.04405688626078694,4,0.04325422074308017,0.044715867883216534,95.7802216679425,95.71980580961034,95.8539136594845
HAR__13,True,HAR,tBodyAccJerk-mean()-Y,Bar chart,means,512,1.057678685266712,4,1.0565244685740438,1.061141335344716,48.598452574746,48.51680876278942,48.62572827511172
HAR__13,True,HAR,tBodyAccJerk-mean()-Y,Box plot,five,512,0.12858989859921477,4,0.12301736476810092,0.1340430720271821,88.6061448220635,88.18007222710062,89.0458181122156
HAR__13,True,HAR,tBodyAccJerk-mean()-Y,Interval plot,five,512,0.12746713869020043,4,0.12480623011584231,0.1310052057166566,88.69438103195793,88.41692283514772,88.90420173944194
HAR__13,True,HAR,tBodyAccJerk-mean()-Y,Dot plot,raw,512,0.11674542559534287,4,0.03892461165944614,0.22477876798469987,89.54592309763837,81.6473983824393,96.25337476631024
HAR__13,True,HAR,tBodyAccJerk-mean()-Y,Histogram,64,512,0.07692877122522153,4,0.05395002265992952,0.09993612649457286,92.85665187144181,90.91437001773339,94.88115930546954
HAR__13,True,HAR,tBodyAccJerk-mean()-Y,Heatmap,32,512,0.05665276031495191,4,0.05665276031495191,0.05665276031495191,94.6384694724059,94.6384694724059,94.6384694724059
HAR__13,True,HAR,tBodyAccJerk-mean()-Y,Violin plot,16,512,0.03948868637231436,4,0.03923832705417839,0.039725194404111194,96.20114322647177,96.17926019125865,96.22431871182012
HAR__14,True,HAR,tBodyAccJerk-mean()-Z,Bar chart,means,128,,0,,,,,
HAR__14,True,HAR,tBodyAccJerk-mean()-Z,Box plot,five,128,0.2684040178601738,4,0.25950062227144133,0.285678657435795,78.83923307709341,77.77993312842548,79.39654671996541
HAR__14,True,HAR,tBodyAccJerk-mean()-Z,Interval plot,five,128,0.31757628472020444,4,0.3102278309846915,0.326213015800121,75.89693375608657,75.40266820535518,76.32260408088399
HAR__14,True,HAR,tBodyAccJerk-mean()-Z,Dot plot,raw,128,0.06765454424867708,4,0.036424070793672166,0.09067085201970186,93.66325515934683,91.6866897238706,96.48560161616282
HAR__14,True,HAR,tBodyAccJerk-mean()-Z,Histogram,64,128,0.07496766761662198,4,0.06441486524312998,0.08365455904870203,93.02605372468201,92.28032970929969,93.9483309237309
HAR__14,True,HAR,tBodyAccJerk-mean()-Z,Heatmap,64,128,0.0737795815333671,4,0.0737795815333671,0.0737795815333671,93.12898263272905,93.12898263272905,93.12898263272905
HAR__14,True,HAR,tBodyAccJerk-mean()-Z,Violin plot,32,128,0.20736759110322645,4,0.20518371595183307,0.20991233706549695,82.82481717819299,82.65061602937159,82.97490140000916
HAR__14,True,HAR,tBodyAccJerk-mean()-Z,Bar chart,means,256,,0,,,,,
HAR__14,True,HAR,tBodyAccJerk-mean()-Z,Box plot,five,256,0.26606953134233524,4,0.25853970940525484,0.27329675423050065,78.98460355015114,78.5362875290086,79.45716710619864
HAR__14,True,HAR,tBodyAccJerk-mean()-Z,Interval plot,five,256,0.2788350279866987,4,0.2655049457396236,0.29036158096100845,78.19616902223304,77.4976576143286,79.01984131840359
HAR__14,True,HAR,tBodyAccJerk-mean()-Z,Dot plot,raw,256,0.05718209027562163,4,0.01894663684717662,0.1029413526829104,94.59108409028065,90.66665218123293,98.14056632977352
HAR__14,True,HAR,tBodyAccJerk-mean()-Z,Histogram,64,256,0.05385466902407773,4,0.040474576857430486,0.06674966267568089,94.88974423067748,93.74270599643259,96.10998886876442
HAR__14,True,HAR,tBodyAccJerk-mean()-Z,Heatmap,64,256,0.07139877585373791,4,0.07139877585373791,0.07139877585373791,93.33592893114478,93.33592893114478,93.33592893114478
HAR__14,True,HAR,tBodyAccJerk-mean()-Z,Violin plot,64,256,0.20876771776521866,4,0.20762759858291033,0.20924836657196058,82.72888043774114,82.69599758359412,82.80698463445596
HAR__14,True,HAR,tBodyAccJerk-mean()-Z,Bar chart,means,512,,0,,,,,
HAR__14,True,HAR,tBodyAccJerk-mean()-Z,Box plot,five,512,0.25637061825616964,4,0.2484083781908729,0.2672756481878099,79.59434783567212,78.90943074855016,80.10199366405622
HAR__14,True,HAR,tBodyAccJerk-mean()-Z,Interval plot,five,512,0.2598734419936648,4,0.2563672091385292,0.26314795153628917,79.37305182158356,79.16728984785682,79.59456381273147
HAR__14,True,HAR,tBodyAccJerk-mean()-Z,Dot plot,raw,512,0.06973106275629265,4,0.023757740558351923,0.11784557637395965,93.4814398511882,89.4577946306122,97.67935912793249
HAR__14,True,HAR,tBodyAccJerk-mean()-Z,Histogram,64,512,0.04256778705599158,4,0.04212268289661952,0.04298326666141246,95.91702452497648,95.87881531417068,95.95799193435289
HAR__14,True,HAR,tBodyAccJerk-mean()-Z,Heatmap,64,512,0.07151265875974833,4,0.07151265875974833,0.07151265875974833,93.32600896731144,93.32600896731144,93.32600896731144
HAR__14,True,HAR,tBodyAccJerk-mean()-Z,Violin plot,64,512,0.21188403961034571,4,0.21170910928433104,0.21223210905734224,82.51614571320931,82.4924527677807,82.52805828872803
HAR__15,True,HAR,tBodyAccJerk-std()-X,Bar chart,means,128,1.039633017692025,4,1.0396330176920248,1.0396330176920252,49.02842772821769,49.02842772821769,49.02842772821769
HAR__15,True,HAR,tBodyAccJerk-std()-X,Box plot,five,128,,3,0.23599088033863228,0.2701707021509211,,78.72957534814721,80.90674582696141
HAR__15,True,HAR,tBodyAccJerk-std()-X,Interval plot,five,128,0.23607898708092678,4,0.22395130130126426,0.2504078750808413,80.90097885747244,79.97390450978631,81.7025970671246
HAR__15,True,HAR,tBodyAccJerk-std()-X,Dot plot,raw,128,0.08203262881632763,4,0.06296387095918869,0.10173780629867474,92.41865479545974,90.7656970908109,94.0765746908809
HAR__15,True,HAR,tBodyAccJerk-std()-X,Histogram,64,128,0.1042088402223135,4,0.07584736394709299,0.11822271515904018,90.5625787055524,89.42762353542193,92.94998840088036
HAR__15,True,HAR,tBodyAccJerk-std()-X,Heatmap,64,128,0.11796483799164738,4,0.11796483799164738,0.11796483799164738,89.44825150283226,89.44825150283226,89.44825150283226
HAR__15,True,HAR,tBodyAccJerk-std()-X,Violin plot,128,128,0.15447394161934092,4,0.1408651371165518,0.16415555621051722,86.61953847111822,85.89917341073682,87.65277923448714
HAR__15,True,HAR,tBodyAccJerk-std()-X,Bar chart,means,256,1.0476066628039815,4,1.0410505546008169,1.054162771007146,48.83750469099399,48.68163390526764,48.994376829415536
HAR__15,True,HAR,tBodyAccJerk-std()-X,Box plot,five,256,0.26623516972065,4,0.2619081801543853,0.2706923449142286,78.97427143968957,78.69725539800113,79.2450683597009
HAR__15,True,HAR,tBodyAccJerk-std()-X,Interval plot,five,256,0.25233125443821947,4,0.24462747457498757,0.25898756858133953,79.85107745702537,79.428901837913,80.34532584470526
HAR__15,True,HAR,tBodyAccJerk-std()-X,Dot plot,raw,256,0.04489898689464506,4,0.022708497307918907,0.0633670168987659,95.70303087113892,94.04090818205258,97.77957283354009
HAR__15,True,HAR,tBodyAccJerk-std()-X,Histogram,64,256,0.08818528480344887,4,0.08571776895906527,0.09026233677203682,91.89611493235942,91.72104421773585,92.10496766196914
HAR__15,True,HAR,tBodyAccJerk-std()-X,Heatmap,64,256,0.09510608934008956,4,0.09510608934008956,0.09510608934008956,91.31535380308219,91.31535380308219,91.31535380308219
HAR__15,True,HAR,tBodyAccJerk-std()-X,Violin plot,64,256,0.15244554944118077,4,0.15079166877647313,0.15384227707530768,86.77199547387715,86.66695785621081,86.89670138672489
HAR__15,True,HAR,tBodyAccJerk-std()-X,Bar chart,means,512,1.0511827218238898,4,1.0480172473581193,1.0543481962896601,48.75236074096854,48.67723990539145,48.82771379440138
HAR__15,True,HAR,tBodyAccJerk-std()-X,Box plot,five,512,0.2601315245599446,4,0.2526926405959077,0.2640806091263101,79.35679573996958,79.10887903669104,79.8280414199846
HAR__15,True,HAR,tBodyAccJerk-std()-X,Interval plot,five,512,0.25909159155193184,4,0.2557844635123053,0.26250512074192034,79.42233962244315,79.2075995234255,79.63149959692117
HAR__15,True,HAR,tBodyAccJerk-std()-X,Dot plot,raw,512,0.05176442926956378,4,0.031553268345493324,0.0910928457778648,95.07832478176567,91.6512287537801,96.94118866046524
HAR__15,True,HAR,tBodyAccJerk-std()-X,Histogram,64,512,0.08737378716909316,4,0.0859527195336278,0.08877197022970411,91.96469620657629,91.84659665595768,92.08504035327238
HAR__15,True,HAR,tBodyAccJerk-std()-X,Heatmap,64,512,0.091664415173772,4,0.091664415173772,0.091664415173772,91.60324236096119,91.60324236096119,91.60324236096119
HAR__15,True,HAR,tBodyAccJerk-std()-X,Violin plot,32,512,0.14839363274141454,4,0.14779770331844222,0.1489657079185149,87.07815608597782,87.03479948166742,87.12336652259029
HAR__16,True,HAR,tBodyAccJerk-std()-Y,Bar chart,means,128,1.0947078707633877,4,1.0732834271620695,1.1018493519638273,47.739353728382355,47.57714909803916,48.23267223858582
HAR__16,True,HAR,tBodyAccJerk-std()-Y,Box plot,five,128,,3,0.1305821497077726,0.14603193345489335,,87.25760345833844,88.45000783520906
HAR__16,True,HAR,tBodyAccJerk-std()-Y,Interval plot,five,128,0.14030356020211898,4,0.12544120583995086,0.15804969394590948,87.6959464918929,86.35208015923955,88.85404184696345
HAR__16,True,HAR,tBodyAccJerk-std()-Y,Dot plot,raw,128,0.07789104824400714,4,0.04926023168973558,0.11346872474077806,92.773754975431,89.80943764117002,95.30524171201967
HAR__16,True,HAR,tBodyAccJerk-std()-Y,Histogram,64,128,0.08747097001120728,4,0.06404039209438823,0.1071205348975095,91.9564776970271,90.32440176828388,93.98139463781678
HAR__16,True,HAR,tBodyAccJerk-std()-Y,Heatmap,64,128,0.07752150499106784,4,0.07752150499106784,0.07752150499106784,92.80557235916044,92.80557235916044,92.80557235916044
HAR__16,True,HAR,tBodyAccJerk-std()-Y,Violin plot,32,128,0.14091863110750774,4,0.13740046367118494,0.14312744540073297,87.64866947867125,87.47930985503034,87.91978128550275
HAR__16,True,HAR,tBodyAccJerk-std()-Y,Bar chart,means,256,1.0906739797087464,4,1.0840404699744468,1.0973074894430457,47.83146534111028,47.68018066180447,47.983713099979354
HAR__16,True,HAR,tBodyAccJerk-std()-Y,Box plot,five,256,0.14359512246078227,4,0.12813353607945738,0.15163559396413928,87.44353489792829,86.83302298410368,88.64198856061375
HAR__16,True,HAR,tBodyAccJerk-std()-Y,Interval plot,five,256,0.14235322852871912,4,0.1369028886593094,0.14537313678685854,87.53859795957672,87.30779235885721,87.95826010955501
HAR__16,True,HAR,tBodyAccJerk-std()-Y,Dot plot,raw,256,0.0669597410704055,4,0.04362942081686769,0.07846313041980933,93.72424858287253,92.72454215571874,95.81945277254466
HAR__16,True,HAR,tBodyAccJerk-std()-Y,Histogram,64,256,0.047184869922554336,4,0.04259883157219647,0.05150288287707651,95.49412226266753,95.10197416328936,95.91416849106197
HAR__16,True,HAR,tBodyAccJerk-std()-Y,Heatmap,64,256,0.03320066015109073,4,0.03320066015109073,0.03320066015109073,96.7866203118535,96.7866203118535,96.7866203118535
HAR__16,True,HAR,tBodyAccJerk-std()-Y,Violin plot,32,256,0.1303043132318374,4,0.12980893569580718,0.13054650522934244,88.47174944778693,88.45279653464058,88.51054088929978
HAR__16,True,HAR,tBodyAccJerk-std()-Y,Bar chart,means,512,1.090466263747369,4,1.0888648406903008,1.0952705329185737,47.83621804101255,47.726533843200954,47.87289155910792
HAR__16,True,HAR,tBodyAccJerk-std()-Y,Box plot,five,512,0.15392834197367156,4,0.14033023812775725,0.16338578521456812,86.66049386477556,85.9560098386079,87.69389485293688
HAR__16,True,HAR,tBodyAccJerk-std()-Y,Interval plot,five,512,0.1487269523169749,4,0.14151544640785754,0.15387814786027318,87.05288911198666,86.66426362734909,87.60284437208615
HAR__16,True,HAR,tBodyAccJerk-std()-Y,Dot plot,raw,512,0.06484789759387062,4,0.03699796065192987,0.08293399208035056,93.91012578036724,92.34173156564864,96.43220507119702
HAR__16,True,HAR,tBodyAccJerk-std()-Y,Histogram,64,512,0.04524144940445984,4,0.044424193560310216,0.04611315432458013,95.67167476660664,95.59195349623981,95.74653729449969
HAR__16,True,HAR,tBodyAccJerk-std()-Y,Heatmap,64,512,0.03735695563031763,4,0.03735695563031763,0.03735695563031763,96.39883307018277,96.39883307018277,96.39883307018277
HAR__16,True,HAR,tBodyAccJerk-std()-Y,Violin plot,32,512,0.1279542887668704,4,0.12781639694098837,0.12809338046819285,88.6560749809502,88.64514386078304,88.66691446518522
HAR__17,True,HAR,tBodyAccJerk-std()-Z,Bar chart,means,128,0.9024875812967454,4,0.896245781728106,0.9212129800026638,52.56276097836049,52.050449919332394,52.73577980427568
HAR__17,True,HAR,tBodyAccJerk-std()-Z,Box plot,five,128,,3,0.19045748444744856,0.24755402228082057,,80.15684949432219,84.00131991812799
HAR__17,True,HAR,tBodyAccJerk-std()-Z,Interval plot,five,128,0.2942635034079715,4,0.2671117183498887,0.3149654576221259,77.26401906310919,76.047624993003,78.91963948547976
HAR__17,True,HAR,tBodyAccJerk-std()-Z,Dot plot,raw,128,0.11923754645197492,4,0.05003200733028695,0.20460643786803331,89.34653802224895,83.01466508595497,95.23519216738035
HAR__17,True,HAR,tBodyAccJerk-std()-Z,Histogram,64,128,0.10038620331199719,4,0.07327387997973167,0.12913804039229382,90.87718448215274,88.56313083319489,93.17286283151553
HAR__17,True,HAR,tBodyAccJerk-std()-Z,Heatmap,64,128,0.1199885059830786,4,0.1199885059830786,0.1199885059830786,89.28663059110971,89.28663059110971,89.28663059110971
HAR__17,True,HAR,tBodyAccJerk-std()-Z,Violin plot,16,128,0.15959184108988395,4,0.15871835322684652,0.16049310227552166,86.23724008441748,86.17026659091528,86.30224913717461
HAR__17,True,HAR,tBodyAccJerk-std()-Z,Bar chart,means,256,0.8996409028323871,4,0.8938430806389229,0.9054387250258511,52.64152811770836,52.48135176776325,52.80268519726732
HAR__17,True,HAR,tBodyAccJerk-std()-Z,Box plot,five,256,0.20970814254172004,4,0.2041644490291002,0.21580324579607907,82.66456716567173,82.25015054514218,83.04513563793427
HAR__17,True,HAR,tBodyAccJerk-std()-Z,Interval plot,five,256,0.23843669361141495,4,0.23017069942903395,0.2448429032834289,80.74696148447379,80.33142152816029,81.28953164500956
HAR__17,True,HAR,tBodyAccJerk-std()-Z,Dot plot,raw,256,0.08821885303263559,4,0.04083030846744552,0.13997408562061078,91.8932802177808,87.72129231828916,96.07714070821348
HAR__17,True,HAR,tBodyAccJerk-std()-Z,Histogram,64,256,0.12496928462224435,4,0.06468011261583202,0.18550429292238116,88.891315849196,84.35228838648105,93.92492525694705
HAR__17,True,HAR,tBodyAccJerk-std()-Z,Heatmap,16,256,0.189197385644787,4,0.189197385644787,0.189197385644787,84.09032950049722,84.09032950049722,84.09032950049722
HAR__17,True,HAR,tBodyAccJerk-std()-Z,Violin plot,16,256,0.1801353409324709,4,0.17957804203123467,0.18081146467298753,84.73604385153494,84.68752463179537,84.77607791664202
HAR__17,True,HAR,tBodyAccJerk-std()-Z,Bar chart,means,512,0.9025632394733354,4,0.8983642106726143,0.9039629157402423,52.560670744212345,52.5220313763942,52.67693071635012
HAR__17,True,HAR,tBodyAccJerk-std()-Z,Box plot,five,512,0.21072936258350133,4,0.20513371377415934,0.21852754033432628,82.59484166355404,82.06626168872891,82.97834410990504
HAR__17,True,HAR,tBodyAccJerk-std()-Z,Interval plot,five,512,0.21235414657905277,4,0.20759241767265643,0.2161104840901958,82.48414894457524,82.22937085754394,82.80939705859194
HAR__17,True,HAR,tBodyAccJerk-std()-Z,Dot plot,raw,512,0.14236209137155845,4,0.05496705261112912,0.22710228953580097,87.53791880465556,81.49279880964843,94.78969011638029
HAR__17,True,HAR,tBodyAccJerk-std()-Z,Histogram,64,512,0.05405086124107199,4,0.05331535736644333,0.05474249401616305,94.87208224682529,94.80987119351576,94.93832905847444
HAR__17,True,HAR,tBodyAccJerk-std()-Z,Heatmap,16,512,0.189197385644787,4,0.189197385644787,0.189197385644787,84.09032950049722,84.09032950049722,84.09032950049722
HAR__17,True,HAR,tBodyAccJerk-std()-Z,Violin plot,16,512,0.1848733740027927,4,0.18475128018169973,0.1850256177632963,84.39720411825567,84.38636135879264,84.4059016206874
HAR__18,True,HAR,tBodyGyro-mean()-X,Bar chart,means,128,0.6417620082165498,4,0.6415431214567374,0.6424186684959868,60.91016816050595,60.88581548550777,60.91829004848684
HAR__18,True,HAR,tBodyGyro-mean()-X,Box plot,five,128,,3,0.5456151719496894,0.5760717246832077,,63.44888905363753,64.69915785949276
HAR__18,True,HAR,tBodyGyro-mean()-X,Interval plot,five,128,0.5488386074711649,4,0.535861112577517,0.5658774849944407,64.56450628078866,63.86195660789837,65.11005401535151
HAR__18,True,HAR,tBodyGyro-mean()-X,Dot plot,raw,128,0.06861036214439412,4,0.03866855702013887,0.12256676259679798,93.57947811710221,89.08156141080927,96.27710333977222
HAR__18,True,HAR,tBodyGyro-mean()-X,Histogram,64,128,0.12720825551746937,4,0.0861501465400067,0.1756769609234513,88.71475125427718,85.05737827970505,92.06830226792835
HAR__18,True,HAR,tBodyGyro-mean()-X,Heatmap,16,128,0.10367100782051843,4,0.10367100782051843,0.10367100782051843,90.60671095952375,90.60671095952375,90.60671095952375
HAR__18,True,HAR,tBodyGyro-mean()-X,Violin plot,8,128,0.16624119418376546,4,0.16196886610767194,0.17033501080069655,85.74555632121063,85.44561948256508,86.06082565273627
HAR__18,True,HAR,tBodyGyro-mean()-X,Bar chart,means,256,0.6433559046649907,4,0.6433559046649907,0.6433559046649907,60.85109118245794,60.85109118245794,60.85109118245794
HAR__18,True,HAR,tBodyGyro-mean()-X,Box plot,five,256,,3,0.5614186698132319,0.5698759160352358,,63.69930195027943,64.04432195751922
HAR__18,True,HAR,tBodyGyro-mean()-X,Interval plot,five,256,0.569441295710555,4,0.5627409815752467,0.5756697597109427,63.71694199286735,63.46507533300953,63.99013091676892
HAR__18,True,HAR,tBodyGyro-mean()-X,Dot plot,raw,256,0.06455264025690605,4,0.025100429290012546,0.14547144069717197,93.93617207681456,87.30029963831895,97.5514175418503
HAR__18,True,HAR,tBodyGyro-mean()-X,Histogram,64,256,0.11133165642875886,4,0.08235093916460443,0.14052215603218846,89.98213937444015,87.67913842892303,92.39147524294054
HAR__18,True,HAR,tBodyGyro-mean()-X,Heatmap,16,256,0.10367100782051843,4,0.10367100782051843,0.10367100782051843,90.60671095952375,90.60671095952375,90.60671095952375
HAR__18,True,HAR,tBodyGyro-mean()-X,Violin plot,8,256,0.16176904780988732,4,0.16065541779078948,0.16271300259994478,86.07562767188138,86.0057467116905,86.15821583837659
HAR__18,True,HAR,tBodyGyro-mean()-X,Bar chart,means,512,0.6427401723292819,4,0.6384539579146868,0.6441689104674803,60.873899405654356,60.82100164001239,61.0331462272356
HAR__18,True,HAR,tBodyGyro-mean()-X,Box plot,five,512,0.5751181278382334,4,0.5708570865667346,0.5799669398462988,63.487301830018765,63.29246358137603,63.65951483120594
HAR__18,True,HAR,tBodyGyro-mean()-X,Interval plot,five,512,0.5712268155191744,4,0.5660264646778473,0.5759066852586296,63.64453496611015,63.45553384310221,63.85588127373783
HAR__18,True,HAR,tBodyGyro-mean()-X,Dot plot,raw,512,0.023748879185292737,4,0.0211560233730499,0.02551175488579913,97.68020462164587,97.512290350232,97.92822811707383
HAR__18,True,HAR,tBodyGyro-mean()-X,Histogram,64,512,0.10540092064597927,4,0.07107676119984596,0.13974733840555995,90.46491470403475,87.73874404470571,93.36398997955814
HAR__18,True,HAR,tBodyGyro-mean()-X,Heatmap,16,512,0.10367100782051843,4,0.10367100782051843,0.10367100782051843,90.60671095952375,90.60671095952375,90.60671095952375
HAR__18,True,HAR,tBodyGyro-mean()-X,Violin plot,8,512,0.1573750374833171,4,0.15702018475295584,0.1578804962512957,86.40241646946825,86.36469853646877,86.4289156903099
HAR__19,True,HAR,tBodyGyro-mean()-Y,Bar chart,means,128,0.7041522187007794,4,0.6971402711796597,0.7251880612641386,58.68020409364519,57.96469512241152,58.92264870392317
HAR__19,True,HAR,tBodyGyro-mean()-Y,Box plot,five,128,0.2939824007020949,4,0.22770338639898502,0.32646521645786736,77.28080377734778,75.38833190593228,81.45289905350275
HAR__19,True,HAR,tBodyGyro-mean()-Y,Interval plot,five,128,0.2819975404906044,4,0.2391327137645508,0.32574443930479,78.00326977361537,75.42931883043704,80.70160596131363
HAR__19,True,HAR,tBodyGyro-mean()-Y,Dot plot,raw,128,0.18565931366905605,4,0.056293003866617695,0.24000848978169328,84.34125962418933,80.64460914909161,94.67070181658366
HAR__19,True,HAR,tBodyGyro-mean()-Y,Histogram,64,128,0.09911424138346946,4,0.09288556489572088,0.1080701833345778,90.98235309382281,90.24699112385136,91.50088830164174
HAR__19,True,HAR,tBodyGyro-mean()-Y,Heatmap,32,128,0.2524898028745056,4,0.2524898028745056,0.2524898028745056,79.84096937994758,79.84096937994758,79.84096937994758
HAR__19,True,HAR,tBodyGyro-mean()-Y,Violin plot,16,128,0.15566928344694392,4,0.15182691772773585,0.16016727756320956,86.52994540249104,86.19446689622022,86.81859961848677
HAR__19,True,HAR,tBodyGyro-mean()-Y,Bar chart,means,256,0.7049150247072611,4,0.6951452400857847,0.7081716195810868,58.65394964019998,58.54212706362846,58.99199527878767
HAR__19,True,HAR,tBodyGyro-mean()-Y,Box plot,five,256,0.31025580767872496,4,0.24583416349265272,0.3430251210112272,76.32097443411601,74.45877105016864,80.26750504228708
HAR__19,True,HAR,tBodyGyro-mean()-Y,Interval plot,five,256,0.2898525884259089,4,0.24475387162238266,0.3244525588758633,77.52823919362484,75.50289312353745,80.33716727441255
HAR__19,True,HAR,tBodyGyro-mean()-Y,Dot plot,raw,256,0.20235098183638817,4,0.04896006012912345,0.2696769037367588,83.17038993661141,78.76019458627006,95.33251436445573
HAR__19,True,HAR,tBodyGyro-mean()-Y,Histogram,64,256,0.1884986050321127,4,0.09988295840083111,0.2801238767097556,84.13977061192936,78.11743989732109,90.91876479784217
HAR__19,True,HAR,tBodyGyro-mean()-Y,Heatmap,32,256,0.2512450892891001,4,0.2512450892891001,0.2512450892891001,79.92039357917912,79.92039357917912,79.92039357917912
HAR__19,True,HAR,tBodyGyro-mean()-Y,Violin plot,16,256,0.16468268603360214,4,0.16373273084346213,0.16587046952227502,85.86029585496466,85.77282177922889,85.93038362641994
HAR__19,True,HAR,tBodyGyro-mean()-Y,Bar chart,means,512,0.7052571316435013,4,0.7005400033111117,0.7068295077542979,58.64218254499923,58.58815982831909,58.8048501095479
HAR__19,True,HAR,tBodyGyro-mean()-Y,Box plot,five,512,0.3093483681915226,4,0.22525967296442762,0.3391150811475733,76.37386842901131,74.67618086587719,81.61535240775304
HAR__19,True,HAR,tBodyGyro-mean()-Y,Interval plot,five,512,0.302749612005222,4,0.22449096298115176,0.33048416465596436,76.76072138381045,75.16060893957196,81.66658883013682
HAR__19,True,HAR,tBodyGyro-mean()-Y,Dot plot,raw,512,0.15991084200967876,4,0.064542981581623,0.25067410760543757,86.21352295210768,79.95688036707,93.93702436648171
HAR__19,True,HAR,tBodyGyro-mean()-Y,Histogram,64,512,0.09374707857267062,4,0.09300363297982811,0.0952186790677369,91.42881563670007,91.30596648070427,91.49100422234878
HAR__19,True,HAR,tBodyGyro-mean()-Y,Heatmap,32,512,0.2512450892891001,4,0.2512450892891001,0.2512450892891001,79.92039357917912,79.92039357917912,79.92039357917912
HAR__19,True,HAR,tBodyGyro-mean()-Y,Violin plot,16,512,0.1645686396798603,4,0.16437676134056828,0.16471468748619889,85.86870416456516,85.85793677576933,85.88285451941533
HAR__20,True,HAR,tBodyGyro-mean()-Z,Bar chart,means,128,0.8585814260909196,4,0.8482972287963422,0.8894340179746512,53.804476143036695,52.92590217423597,54.10385215213601
HAR__20,True,HAR,tBodyGyro-mean()-Z,Box plot,five,128,0.23748878648852267,4,0.2135949520256595,0.27453346830030173,80.80881305095161,78.4600816590234,82.3998153857562
HAR__20,True,HAR,tBodyGyro-mean()-Z,Interval plot,five,128,0.20761354671107513,4,0.1946545774965779,0.21988115010693837,82.80794818205635,81.9751989701896,83.70620418962605
HAR__20,True,HAR,tBodyGyro-mean()-Z,Dot plot,raw,128,0.06287069377153343,4,0.0419283523283991,0.07201495733161631,94.08482196941188,93.282280546638,95.97588910651085
HAR__20,True,HAR,tBodyGyro-mean()-Z,Histogram,32,128,0.0775714515685172,4,0.06820770861022618,0.08507424780057811,92.80127072264173,92.15959203040512,93.61475225647204
HAR__20,True,HAR,tBodyGyro-mean()-Z,Heatmap,32,128,0.06683492973665024,4,0.06683492973665024,0.06683492973665024,93.73521358612166,93.73521358612166,93.73521358612166
HAR__20,True,HAR,tBodyGyro-mean()-Z,Violin plot,32,128,0.09767009674774621,4,0.09136187209327734,0.10362539356172232,91.10205360999358,90.61045585157362,91.62863625444038
HAR__20,True,HAR,tBodyGyro-mean()-Z,Bar chart,means,256,0.8551752299734663,4,0.8458739082101674,0.8644765517367647,53.90326389892035,53.63435646688597,54.17488136931518
HAR__20,True,HAR,tBodyGyro-mean()-Z,Box plot,five,256,0.22903892360186934,4,0.1857957469170072,0.25836162171775157,81.36438812445103,79.46841215921144,84.33155563257296
HAR__20,True,HAR,tBodyGyro-mean()-Z,Interval plot,five,256,0.20868046159863557,4,0.14692466892518813,0.2532414206364645,82.73485273993519,79.79308563645665,87.1896844748422
HAR__20,True,HAR,tBodyGyro-mean()-Z,Dot plot,raw,256,0.07508255270130189,4,0.06026074686906891,0.08708050968602436,93.01611280802148,91.98950685711628,94.31642197006558
HAR__20,True,HAR,tBodyGyro-mean()-Z,Histogram,32,256,0.07659844760610776,4,0.07321347705946615,0.0784383488325295,92.88514229456399,92.72667288608167,93.1781068143063
HAR__20,True,HAR,tBodyGyro-mean()-Z,Heatmap,32,256,0.0673653280234665,4,0.0673653280234665,0.0673653280234665,93.68863441084294,93.68863441084294,93.68863441084294
HAR__20,True,HAR,tBodyGyro-mean()-Z,Violin plot,32,256,0.09224884864829258,4,0.09113947770030466,0.09345506000147608,91.55422788841071,91.45323265490674,91.64731186407158
HAR__20,True,HAR,tBodyGyro-mean()-Z,Bar chart,means,512,0.853283506272501,4,0.853283506272501,0.853283506272501,53.95828520652485,53.95828520652485,53.95828520652485
HAR__20,True,HAR,tBodyGyro-mean()-Z,Box plot,five,512,0.24070623149114978,4,0.17977438022694398,0.27396424276267434,80.599256666757,78.49513875141699,84.76196947145418
HAR__20,True,HAR,tBodyGyro-mean()-Z,Interval plot,five,512,0.2267730659984843,4,0.1706266386738088,0.2617279572533954,81.51466866335942,79.25638757952701,85.42433317021471
HAR__20,True,HAR,tBodyGyro-mean()-Z,Dot plot,raw,512,0.07939485663639512,4,0.03205001012363916,0.11075857310725587,92.64450296865365,90.02856464142178,96.89452935330144
HAR__20,True,HAR,tBodyGyro-mean()-Z,Histogram,32,512,0.07502479233016426,4,0.07356552943566713,0.0765636226963848,93.02111050224761,92.88814696296147,93.14755108853599
HAR__20,True,HAR,tBodyGyro-mean()-Z,Heatmap,32,512,0.0673653280234665,4,0.0673653280234665,0.0673653280234665,93.68863441084294,93.68863441084294,93.68863441084294
HAR__20,True,HAR,tBodyGyro-mean()-Z,Violin plot,32,512,0.09809082962733048,4,0.09769768325501026,0.09836231922023006,91.0671479097389,91.04463823102914,91.0997641021427
HAR__21,True,HAR,tBodyGyro-std()-X,Bar chart,means,128,0.8737480681154686,4,0.8601221841105334,0.8873739521204037,53.36896763318641,52.98367071753493,53.7599093512331
HAR__21,True,HAR,tBodyGyro-std()-X,Box plot,five,128,0.32488087422357526,4,0.31402500469743466,0.33742680733982916,75.47848410039383,74.77044683955614,76.10205258082273
HAR__21,True,HAR,tBodyGyro-std()-X,Interval plot,five,128,0.30598438403709693,4,0.2979405046873238,0.31402826338687023,76.57059396903131,76.10186385356191,77.04513391705129
HAR__21,True,HAR,tBodyGyro-std()-X,Dot plot,raw,128,0.14457959631798492,4,0.10787814963973724,0.17721425343499284,87.36832311329984,84.94630413130835,90.26263405638812
HAR__21,True,HAR,tBodyGyro-std()-X,Histogram,64,128,0.1809588234186937,4,0.11738470226085847,0.2111771118029694,84.67695741542911,82.56430791623784,89.49469220194725
HAR__21,True,HAR,tBodyGyro-std()-X,Heatmap,64,128,0.09562797082134719,4,0.09562797082134719,0.09562797082134719,91.27185747643345,91.27185747643345,91.27185747643345
HAR__21,True,HAR,tBodyGyro-std()-X,Violin plot,16,128,0.12167125169027887,4,0.11875421289101212,0.12819439222813128,89.15268163404126,88.63720710621924,89.38513826159053
HAR__21,True,HAR,tBodyGyro-std()-X,Bar chart,means,256,0.8769977559325448,4,0.8769977559325448,0.8769977559325448,53.27656875664042,53.27656875664042,53.27656875664042
HAR__21,True,HAR,tBodyGyro-std()-X,Box plot,five,256,0.3306788987538235,4,0.32061573238950086,0.33447603659919733,75.14960979215171,74.935777981328,75.72225405725071
HAR__21,True,HAR,tBodyGyro-std()-X,Interval plot,five,256,0.3254500303003525,4,0.3187766599176152,0.3322124341193848,75.44607319322297,75.06310363039188,75.82785094653333
HAR__21,True,HAR,tBodyGyro-std()-X,Dot plot,raw,256,0.10753926652617421,4,0.05283182028518292,0.20030890349583988,90.29025247443606,83.31188722232667,94.98193165639007
HAR__21,True,HAR,tBodyGyro-std()-X,Histogram,64,256,0.1486647514516239,4,0.09786905927852638,0.19963309432530596,87.05760307663755,83.35882068695487,91.08554353987881
HAR__21,True,HAR,tBodyGyro-std()-X,Heatmap,16,256,0.201478306817723,4,0.201478306817723,0.201478306817723,83.23079945143867,83.23079945143867,83.23079945143867
HAR__21,True,HAR,tBodyGyro-std()-X,Violin plot,16,256,0.10618888808326837,4,0.10576019180583383,0.10744564726030191,90.40047416610146,90.29788527083831,90.43552186183199
HAR__21,True,HAR,tBodyGyro-std()-X,Bar chart,means,512,0.8799829423116661,4,0.8784551916808097,0.8845661942042353,53.19197198514893,53.06260947879591,53.235233101579446
HAR__21,True,HAR,tBodyGyro-std()-X,Box plot,five,512,0.3391274765573626,4,0.32707585432307473,0.3457601679354673,74.67548963828345,74.30744525111793,75.35364287899638
HAR__21,True,HAR,tBodyGyro-std()-X,Interval plot,five,512,0.3296855094937109,4,0.3187104495401315,0.33619742586860724,75.2057530040136,74.83924011827375,75.8316581436604
HAR__21,True,HAR,tBodyGyro-std()-X,Dot plot,raw,512,0.1361321052799704,4,0.040976355465893455,0.21612271620042126,88.01793342100616,82.22854377100514,96.0636612685065
HAR__21,True,HAR,tBodyGyro-std()-X,Histogram,64,512,0.09368690360531627,4,0.09267248535288504,0.09458231771170486,91.43384607637896,91.35904936693703,91.51873167896638
HAR__21,True,HAR,tBodyGyro-std()-X,Heatmap,16,512,0.201478306817723,4,0.201478306817723,0.201478306817723,83.23079945143867,83.23079945143867,83.23079945143867
HAR__21,True,HAR,tBodyGyro-std()-X,Violin plot,16,512,0.10025950296653541,4,0.09966751366223825,0.10081452655849281,90.88764944122597,90.84182447394912,90.9365774269066
HAR__22,True,HAR,tBodyGyro-std()-Y,Bar chart,means,128,1.1470124027399469,4,1.1470124027399466,1.147012402739947,46.576349476315684,46.57634947631567,46.57634947631569
HAR__22,True,HAR,tBodyGyro-std()-Y,Box plot,five,128,0.11371018253422227,4,0.0944855394136846,0.13943456679487082,89.78996651754792,87.76282808524161,91.36712765850699
HAR__22,True,HAR,tBodyGyro-std()-Y,Interval plot,five,128,0.13243323097763177,4,0.11753201665430783,0.1449328536723519,88.30542699075495,87.34136650830811,89.48289490567099
HAR__22,True,HAR,tBodyGyro-std()-Y,Dot plot,raw,128,0.07321114954179145,4,0.04552212644206154,0.1221170643686478,93.17830889354354,89.11726162569713,95.6459910994926
HAR__22,True,HAR,tBodyGyro-std()-Y,Histogram,64,128,0.10298074403859801,4,0.08814649715297183,0.11118155316658364,90.66341415340301,89.99429455521965,91.89939062583959
HAR__22,True,HAR,tBodyGyro-std()-Y,Heatmap,32,128,0.14884609100370647,4,0.14884609100370647,0.14884609100370647,87.04386147376236,87.04386147376236,87.04386147376236
HAR__22,True,HAR,tBodyGyro-std()-Y,Violin plot,128,128,0.19065147659313536,4,0.18571515793401683,0.19457120251042978,83.98763363241652,83.7120464563743,84.33728735849124
HAR__22,True,HAR,tBodyGyro-std()-Y,Bar chart,means,256,1.152604392988791,4,1.1498209359590974,1.1609547640778723,46.45535441891143,46.27584143005984,46.515501978487855
HAR__22,True,HAR,tBodyGyro-std()-Y,Box plot,five,256,0.10763798574184247,4,0.09551281597455068,0.1161498987344126,90.28220527578317,89.59370073266025,91.28145151916056
HAR__22,True,HAR,tBodyGyro-std()-Y,Interval plot,five,256,0.10159572547051086,4,0.09443368243387101,0.10887340971708023,90.77740380418437,90.18161958226969,91.37145685941762
HAR__22,True,HAR,tBodyGyro-std()-Y,Dot plot,raw,256,0.04959350218850852,4,0.04264275520757474,0.054848818667936575,95.27498006751175,94.80031472782994,95.91012789427715
HAR__22,True,HAR,tBodyGyro-std()-Y,Histogram,64,256,0.0726853443522401,4,0.06177563713684948,0.08164608800289389,93.22398271450865,92.45168184783603,94.18185584824383
HAR__22,True,HAR,tBodyGyro-std()-Y,Heatmap,64,256,0.05126825821212517,4,0.05126825821212517,0.05126825821212517,95.12319925845415,95.12319925845415,95.12319925845415
HAR__22,True,HAR,tBodyGyro-std()-Y,Violin plot,64,256,0.18728637864065306,4,0.18632336103359726,0.18832929619771294,84.22567781371492,84.15175854030456,84.29404940055628
HAR__22,True,HAR,tBodyGyro-std()-Y,Bar chart,means,512,1.1551123158882728,4,1.1510805205543528,1.156456247666246,46.40129391993335,46.372376025816294,46.48826440687078
HAR__22,True,HAR,tBodyGyro-std()-Y,Box plot,five,512,0.11004357263299451,4,0.10435245834126462,0.11650936063654622,90.08655377626538,89.56485590321235,90.55080128150374
HAR__22,True,HAR,tBodyGyro-std()-Y,Interval plot,five,512,0.10731014220226759,4,0.10256971690453696,0.11082028938496402,90.30893530977289,90.0235627271156,90.69721258148634
HAR__22,True,HAR,tBodyGyro-std()-Y,Dot plot,raw,512,0.045351013839491944,4,0.01891362976981391,0.07564874443874613,95.66164730898177,92.9671516998592,98.14374553277037
HAR__22,True,HAR,tBodyGyro-std()-Y,Histogram,64,512,0.06930106002495663,4,0.0684199913480703,0.07016461707132586,93.51903195313963,93.44356784441796,93.59615208418724
HAR__22,True,HAR,tBodyGyro-std()-Y,Heatmap,64,512,0.059595280616403415,4,0.059595280616403415,0.059595280616403415,94.37565628060038,94.37565628060038,94.37565628060038
HAR__22,True,HAR,tBodyGyro-std()-Y,Violin plot,32,512,0.18224957956749732,4,0.1819327554619417,0.18243641352818388,84.58450882814697,84.5711438314196,84.60718220886976
HAR__23,True,HAR,tBodyGyro-std()-Z,Bar chart,means,128,1.0062447470335432,4,0.9864621673320203,1.012838940267384,49.84436726768315,49.6810738303364,50.34075234078488
HAR__23,True,HAR,tBodyGyro-std()-Z,Box plot,five,128,0.1937149011775966,4,0.177648170536213,0.21634107344646616,83.772096588013,82.21378212334226,84.91500475432105
HAR__23,True,HAR,tBodyGyro-std()-Z,Interval plot,five,128,0.19398193893907276,4,0.17765132459620905,0.21470623072956052,83.75336069895347,82.32443159523382,84.91477732960375
HAR__23,True,HAR,tBodyGyro-std()-Z,Dot plot,raw,128,0.08241238027125028,4,0.05216944963141775,0.12228621215253146,92.38623081430408,89.10383012565147,95.04172548920774
HAR__23,True,HAR,tBodyGyro-std()-Z,Histogram,64,128,0.07446324114177727,4,0.052719135880849276,0.10342094833552277,93.06972651175585,90.62724443545048,94.99209864398094
HAR__23,True,HAR,tBodyGyro-std()-Z,Heatmap,64,128,0.10257501813985251,4,0.10257501813985251,0.10257501813985251,90.69677650479454,90.69677650479454,90.69677650479454
HAR__23,True,HAR,tBodyGyro-std()-Z,Violin plot,16,128,0.10823039771222712,4,0.10807287160930831,0.1086034006879456,90.233944319191,90.20358402107088,90.24677217732543
HAR__23,True,HAR,tBodyGyro-std()-Z,Bar chart,means,256,1.0097211836338102,4,1.0066586085335745,1.0189089089345178,49.758145962908316,49.53170475272961,49.83408716098349
HAR__23,True,HAR,tBodyGyro-std()-Z,Box plot,five,256,0.21082345443679962,4,0.19559859379328243,0.22166707225610777,82.5884233028124,81.85536163737758,83.64011175584393
HAR__23,True,HAR,tBodyGyro-std()-Z,Interval plot,five,256,0.20269500642181024,4,0.1937929746489478,0.21145264355338178,83.14659948369979,82.54552956084542,83.76661793424145
HAR__23,True,HAR,tBodyGyro-std()-Z,Dot plot,raw,256,0.08080521105019359,4,0.04824497809349707,0.1316449463319431,92.52361015435177,88.36693905109986,95.39754741479965
HAR__23,True,HAR,tBodyGyro-std()-Z,Histogram,64,256,0.06900005168521864,4,0.06824254792633894,0.07004118068716744,93.54536498137264,93.4543471829572,93.6116991352937
HAR__23,True,HAR,tBodyGyro-std()-Z,Heatmap,64,256,0.0700136295189866,4,0.0700136295189866,0.0700136295189866,93.45675348542424,93.45675348542424,93.45675348542424
HAR__23,True,HAR,tBodyGyro-std()-Z,Violin plot,16,256,0.11585224205705098,4,0.11561238990119002,0.11609916162613251,89.61760010057607,89.59777360131886,89.6368675224708
HAR__23,True,HAR,tBodyGyro-std()-Z,Bar chart,means,512,1.0098016148990692,4,1.0098016148990692,1.0098016148990692,49.75615466654998,49.75615466654998,49.75615466654998
HAR__23,True,HAR,tBodyGyro-std()-Z,Box plot,five,512,0.20754025203423482,4,0.19227017044367486,0.2156304620383936,82.8129744176552,82.26184117854203,83.87360724020076
HAR__23,True,HAR,tBodyGyro-std()-Z,Interval plot,five,512,0.20704876194632385,4,0.18996077456667335,0.21563769283485645,82.84669447715889,82.26135187269561,84.03638349878818
HAR__23,True,HAR,tBodyGyro-std()-Z,Dot plot,raw,512,0.11210039279549348,4,0.05045749565292204,0.15281988739743757,89.91993946574318,86.74381930186527,95.19661710619147
HAR__23,True,HAR,tBodyGyro-std()-Z,Histogram,64,512,0.06898124947175448,4,0.06638264439643625,0.07162333832481271,93.5470103422448,93.31637005621992,93.77496954350676
HAR__23,True,HAR,tBodyGyro-std()-Z,Heatmap,64,512,0.07765335995538336,4,0.07765335995538336,0.07765335995538336,92.79421724638817,92.79421724638817,92.79421724638817
HAR__23,True,HAR,tBodyGyro-std()-Z,Violin plot,16,512,0.11842153661020002,4,0.11828908319412991,0.1185080947169592,89.41172601440408,89.40480669950378,89.42231619964804
HAR__24,True,HAR,tBodyGyroJerk-mean()-X,Bar chart,means,128,0.9008145161588627,4,0.9001632737672762,0.9014657585504491,52.60902584123699,52.59100751634536,52.62705651695885
HAR__24,True,HAR,tBodyGyroJerk-mean()-X,Box plot,five,128,,3,0.31297796847702036,0.3420798617393469,,74.5112141615769,76.16274027506668
HAR__24,True,HAR,tBodyGyroJerk-mean()-X,Interval plot,five,128,0.3031948409810117,4,0.2989623424896454,0.31274952629585556,76.73449652756649,76.17599397058393,76.98452582415578
HAR__24,True,HAR,tBodyGyroJerk-mean()-X,Dot plot,raw,128,0.0729288558011963,4,0.059951923225715215,0.09575965281987547,93.20282464145886,91.26088895740564,94.34390165138191
HAR__24,True,HAR,tBodyGyroJerk-mean()-X,Histogram,32,128,0.08828917862296119,4,0.02804945079583104,0.10855131699716415,91.88734204499988,90.20782210685499,97.27158545008535
HAR__24,True,HAR,tBodyGyroJerk-mean()-X,Heatmap,32,128,0.040272629855108884,4,0.040272629855108884,0.040272629855108884,96.12864659712156,96.12864659712156,96.12864659712156
HAR__24,True,HAR,tBodyGyroJerk-mean()-X,Violin plot,32,128,0.14006563057022287,4,0.13829097712889588,0.14171629079344494,87.71424847706648,87.58743376649569,87.85099944500077
HAR__24,True,HAR,tBodyGyroJerk-mean()-X,Bar chart,means,256,0.8968408446734627,4,0.8968408446734627,0.8968408446734627,52.71923592367329,52.71923592367329,52.71923592367329
HAR__24,True,HAR,tBodyGyroJerk-mean()-X,Box plot,five,256,,3,0.32815050163280335,0.3315949880195324,,75.09790957438867,75.2926719351925
HAR__24,True,HAR,tBodyGyroJerk-mean()-X,Interval plot,five,256,0.32149585343182263,4,0.31616849371727507,0.32443193852524377,75.67182276078107,75.50406864345939,75.97811410723595
HAR__24,True,HAR,tBodyGyroJerk-mean()-X,Dot plot,raw,256,0.07547410523477197,4,0.04044302889640297,0.13280051462849002,92.98224802741333,88.27679605424235,96.1129030832855
HAR__24,True,HAR,tBodyGyroJerk-mean()-X,Histogram,64,256,0.0472243382594278,4,0.04615011128922502,0.04861430880846247,95.49052323039794,95.36394760207851,95.5885765540519
HAR__24,True,HAR,tBodyGyroJerk-mean()-X,Heatmap,32,256,0.03089741317439762,4,0.03089741317439762,0.03089741317439762,97.00286247889046,97.00286247889046,97.00286247889046
HAR__24,True,HAR,tBodyGyroJerk-mean()-X,Violin plot,32,256,0.1454421740825052,4,0.14482668528894618,0.14596833721600333,87.3025302041979,87.2624458743235,87.34946632970973
HAR__24,True,HAR,tBodyGyroJerk-mean()-X,Bar chart,means,512,0.8979693453219943,4,0.8953507855647219,0.9005879050792668,52.68788995274041,52.61529852565769,52.760681960096846
HAR__24,True,HAR,tBodyGyroJerk-mean()-X,Box plot,five,512,0.3304009507584803,4,0.3286939275547182,0.33380116449893565,75.16531008414312,74.97369372710561,75.2618777930569
HAR__24,True,HAR,tBodyGyroJerk-mean()-X,Interval plot,five,512,0.3269717670109807,4,0.32385230172105045,0.33011139970842795,75.35955359868068,75.18167276960477,75.53712741972559
HAR__24,True,HAR,tBodyGyroJerk-mean()-X,Dot plot,raw,512,0.053546551911924964,4,0.03338913769795446,0.08222887782577018,94.91749540494901,92.40189579943842,96.7689676154005
HAR__24,True,HAR,tBodyGyroJerk-mean()-X,Histogram,64,512,0.04839706499685821,4,0.048358179393766625,0.0484715282162941,95.38370846192676,95.37693424076512,95.38724642547925
HAR__24,True,HAR,tBodyGyroJerk-mean()-X,Heatmap,32,512,0.03089741317439762,4,0.03089741317439762,0.03089741317439762,97.00286247889046,97.00286247889046,97.00286247889046
HAR__24,True,HAR,tBodyGyroJerk-mean()-X,Violin plot,32,512,0.1463312818317699,4,0.14616513380669297,0.14643047606688572,87.23481735594433,87.22726941373263,87.24746290953355
HAR__25,True,HAR,tBodyGyroJerk-mean()-Y,Bar chart,means,128,1.2174791709662058,4,1.2128167561909868,1.2314664152918628,45.09625222609318,44.813580574064154,45.19127023067836
HAR__25,True,HAR,tBodyGyroJerk-mean()-Y,Box plot,five,128,0.148290411933906,4,0.13011414848896138,0.1627973555264062,87.08598361592509,85.99950758808643,88.48663662312937
HAR__25,True,HAR,tBodyGyroJerk-mean()-Y,Interval plot,five,128,0.19259808749973162,4,0.1831642977827839,0.20647900150934761,83.85054533304582,82.88581887865142,84.51911555089784
HAR__25,True,HAR,tBodyGyroJerk-mean()-Y,Dot plot,raw,128,0.0710756620238026,4,0.05938296448404233,0.0840681916438445,93.3640857930144,92.245119606695,94.39457056844746
HAR__25,True,HAR,tBodyGyroJerk-mean()-Y,Histogram,64,128,0.042523518767769275,4,0.04065780835310563,0.04504337667472792,95.9210974138952,95.68980793715437,96.09306651747045
HAR__25,True,HAR,tBodyGyroJerk-mean()-Y,Heatmap,64,128,0.0575782034578555,4,0.0575782034578555,0.0575782034578555,94.55565524425542,94.55565524425542,94.55565524425542
HAR__25,True,HAR,tBodyGyroJerk-mean()-Y,Violin plot,64,128,0.13177360248349665,4,0.12978836543874822,0.13338482702563964,88.35689379975462,88.23128527530373,88.51215241640894
HAR__25,True,HAR,tBodyGyroJerk-mean()-Y,Bar chart,means,256,1.216035578106933,4,1.209539410240205,1.2182009673958423,45.125629294014246,45.08157803095702,45.25830113576872
HAR__25,True,HAR,tBodyGyroJerk-mean()-Y,Box plot,five,256,0.14000469320760972,4,0.1335925007174918,0.15458030150236954,87.71893712001473,86.61155908331143,88.21512133919937
HAR__25,True,HAR,tBodyGyroJerk-mean()-Y,Interval plot,five,256,0.14968134285787466,4,0.14103239324110897,0.15572532761061425,86.98062347556261,86.52574933764183,87.63993081383906
HAR__25,True,HAR,tBodyGyroJerk-mean()-Y,Dot plot,raw,256,0.07952606897938767,4,0.04047921019447008,0.128859774537729,92.6332423769466,88.58496179558729,96.10956088330643
HAR__25,True,HAR,tBodyGyroJerk-mean()-Y,Histogram,64,256,0.05032960347880316,4,0.03450177281358524,0.06615743414402107,95.20820861260063,93.79477814201648,96.6648899286321
HAR__25,True,HAR,tBodyGyroJerk-mean()-Y,Heatmap,64,256,0.07118970799741632,4,0.07118970799741632,0.07118970799741632,93.35414563210234,93.35414563210234,93.35414563210234
HAR__25,True,HAR,tBodyGyroJerk-mean()-Y,Violin plot,256,256,0.13456933431980816,4,0.13391904019457185,0.13549527857125004,88.13917049851479,88.0672970528122,88.18971765642172
HAR__25,True,HAR,tBodyGyroJerk-mean()-Y,Bar chart,means,512,1.2143426373901494,4,1.2122516150061118,1.2164336597741872,45.16012938172079,45.117524523692765,45.20281478005553
HAR__25,True,HAR,tBodyGyroJerk-mean()-Y,Box plot,five,512,0.12920406384806027,4,0.11287651562438562,0.14643869703150966,88.55795263366629,87.22664391818896,89.8572290780118
HAR__25,True,HAR,tBodyGyroJerk-mean()-Y,Interval plot,five,512,0.13112137749874958,4,0.11633308722553376,0.14644380955567593,88.40784197813514,87.22625493416614,89.57899854830417
HAR__25,True,HAR,tBodyGyroJerk-mean()-Y,Dot plot,raw,512,0.10789276880246965,4,0.0762965905456617,0.17253480891972484,90.26144299875774,85.28531455038987,92.91119276825167
HAR__25,True,HAR,tBodyGyroJerk-mean()-Y,Histogram,64,512,0.033134349934086905,4,0.032606228980300335,0.03355425885702305,96.79283241950084,96.7535077554487,96.8423365979015
HAR__25,True,HAR,tBodyGyroJerk-mean()-Y,Heatmap,64,512,0.07538996196291653,4,0.07538996196291653,0.07538996196291653,92.98952337017292,92.98952337017292,92.98952337017292
HAR__25,True,HAR,tBodyGyroJerk-mean()-Y,Violin plot,64,512,0.1323747756822501,4,0.13225300601144488,0.13249882805648952,88.30998548139728,88.30031212624968,88.3194828974375
HAR__26,True,HAR,tBodyGyroJerk-mean()-Z,Bar chart,means,128,1.0221361559255502,4,1.011273490853304,1.0329988209977965,49.4526541682002,49.18842006554631,49.71974246902342
HAR__26,True,HAR,tBodyGyroJerk-mean()-Z,Box plot,five,128,0.29102343232001004,4,0.2802505717285559,0.29741831817240455,77.45792794813711,77.07614313698299,78.10970930868869
HAR__26,True,HAR,tBodyGyroJerk-mean()-Z,Interval plot,five,128,0.3137599565733631,4,0.2887758269071969,0.3322264871961817,76.11740599921063,75.06231182241473,77.59301339471885
HAR__26,True,HAR,tBodyGyroJerk-mean()-Z,Dot plot,raw,128,0.0460858379567196,4,0.012031387078007784,0.077038182700444,95.59444968237624,92.84721898091976,98.81116463069931
HAR__26,True,HAR,tBodyGyroJerk-mean()-Z,Histogram,32,128,0.06030370730802723,4,0.05383256076984527,0.07752471042957743,94.31260054148726,92.80529627959339,94.89173491370208
HAR__26,True,HAR,tBodyGyroJerk-mean()-Z,Heatmap,64,128,0.05153651352380749,4,0.05153651352380749,0.05153651352380749,95.09893257523666,95.09893257523666,95.09893257523666
HAR__26,True,HAR,tBodyGyroJerk-mean()-Z,Violin plot,16,128,0.18089929061091634,4,0.1793313966643542,0.18248566476713662,84.68122624433694,84.56762139242737,84.7938079854756
HAR__26,True,HAR,tBodyGyroJerk-mean()-Z,Bar chart,means,256,1.02331786844387,4,1.0182728650002746,1.0283628718874653,49.42377149909213,49.30084324948542,49.54731430726856
HAR__26,True,HAR,tBodyGyroJerk-mean()-Z,Box plot,five,256,0.30016669386749173,4,0.2922488946325789,0.3105315812246989,76.91321464522274,76.30491430549843,77.38447323526842
HAR__26,True,HAR,tBodyGyroJerk-mean()-Z,Interval plot,five,256,0.2966039532585405,4,0.29148149101676224,0.29890192713365854,77.1245527585247,76.98810657758757,77.43045540766646
HAR__26,True,HAR,tBodyGyroJerk-mean()-Z,Dot plot,raw,256,0.05858324431576477,4,0.041496401087369704,0.07989491892381408,94.46588214669588,92.60160247781937,96.01569424108949
HAR__26,True,HAR,tBodyGyroJerk-mean()-Z,Histogram,64,256,0.05101663859306489,4,0.04430879664148729,0.057274462138359454,95.14597231673156,94.58281986471889,95.7571173599241
HAR__26,True,HAR,tBodyGyroJerk-mean()-Z,Heatmap,32,256,0.06729381913645759,4,0.06729381913645759,0.06729381913645759,93.69491156700367,93.69491156700367,93.69491156700367
HAR__26,True,HAR,tBodyGyroJerk-mean()-Z,Violin plot,16,256,0.17631073636945327,4,0.17575842729481533,0.176879742038419,85.01155086677046,84.97044891502222,85.05148479358976
HAR__26,True,HAR,tBodyGyroJerk-mean()-Z,Bar chart,means,512,1.0238478486036011,4,1.0214119782540672,1.026283718953135,49.410829015134325,49.35143043623935,49.47037074865458
HAR__26,True,HAR,tBodyGyroJerk-mean()-Z,Box plot,five,512,0.30275210135477526,4,0.2872889818521078,0.3107508943724838,76.76057470642856,76.29214706572797,77.68263490931413
HAR__26,True,HAR,tBodyGyroJerk-mean()-Z,Interval plot,five,512,0.2965048630145407,4,0.28554547067392305,0.30577926164789687,77.13044729156442,76.58262229850375,77.7879913867044
HAR__26,True,HAR,tBodyGyroJerk-mean()-Z,Dot plot,raw,512,0.06134330988338672,4,0.038295485716912804,0.10988969408112709,94.22021985608723,90.09904365567569,96.31169679116239
HAR__26,True,HAR,tBodyGyroJerk-mean()-Z,Histogram,32,512,0.061757948348334396,4,0.06075180498881065,0.06271064719417692,94.18342490918907,94.098991351997,94.27275968769607
HAR__26,True,HAR,tBodyGyroJerk-mean()-Z,Heatmap,64,512,0.052768430487661507,4,0.052768430487661507,0.052768430487661507,94.98765075400122,94.98765075400122,94.98765075400122
HAR__26,True,HAR,tBodyGyroJerk-mean()-Z,Violin plot,16,512,0.17452286839159262,4,0.17431837316180823,0.17465048492023827,85.14095612028511,85.13170622560995,85.15578252493295
HAR__27,True,HAR,tBodyGyroJerk-std()-X,Bar chart,means,128,0.9468316090035837,4,0.9401769296105855,0.966795647182578,51.36551078045288,50.84412310107018,51.541691107558464
HAR__27,True,HAR,tBodyGyroJerk-std()-X,Box plot,five,128,,3,0.45164851866842337,0.4827023882772419,,67.44441823971864,68.8871987357715
HAR__27,True,HAR,tBodyGyroJerk-std()-X,Interval plot,five,128,0.45559412022490153,4,0.4532378515171828,0.45795038893262013,68.70046987037098,68.58943950295249,68.81186028536197
HAR__27,True,HAR,tBodyGyroJerk-std()-X,Dot plot,raw,128,0.06715060014758248,4,0.06260994415993335,0.07306158823617215,93.70748607194749,93.19129591095829,94.10790906823004
HAR__27,True,HAR,tBodyGyroJerk-std()-X,Histogram,64,128,0.06799474669865563,4,0.0493820833614307,0.08116053526080327,93.63341936757288,92.49320220135252,95.29417510128935
HAR__27,True,HAR,tBodyGyroJerk-std()-X,Heatmap,64,128,0.06612769254583922,4,0.06612769254583922,0.06612769254583922,93.7973947203331,93.7973947203331,93.7973947203331
HAR__27,True,HAR,tBodyGyroJerk-std()-X,Violin plot,128,128,0.23903096669297208,4,0.2233446853477157,0.2564315095658351,80.70823303706798,79.59049039971578,81.74311066841855
HAR__27,True,HAR,tBodyGyroJerk-std()-X,Bar chart,means,256,0.9489281212211715,4,0.9398209662274616,0.9519638395524082,51.310255576455724,51.23045723169254,51.55114917356455
HAR__27,True,HAR,tBodyGyroJerk-std()-X,Box plot,five,256,0.4736925280367627,4,0.45625955191365497,0.49027054573738543,67.85675987189738,67.10190997603058,68.66907747907375
HAR__27,True,HAR,tBodyGyroJerk-std()-X,Interval plot,five,256,0.4714361349814299,4,0.4604964091991474,0.4866120331886099,67.96081571101422,67.26704598610817,68.46987049754834
HAR__27,True,HAR,tBodyGyroJerk-std()-X,Dot plot,raw,256,0.0740043700922556,4,0.03409744884872623,0.11693772200258874,93.10949078485605,89.53050651804223,96.70268513990753
HAR__27,True,HAR,tBodyGyroJerk-std()-X,Histogram,64,256,0.054096280502886895,4,0.05262854955718244,0.05467230466478761,94.86799436602901,94.81618087220329,95.00027340325111
HAR__27,True,HAR,tBodyGyroJerk-std()-X,Heatmap,64,256,0.04850669010502679,4,0.04850669010502679,0.04850669010502679,95.37373575554696,95.37373575554696,95.37373575554696
HAR__27,True,HAR,tBodyGyroJerk-std()-X,Violin plot,128,256,0.22523761487180352,4,0.22412333694568548,0.22718988148211808,81.61682173825767,81.48698217689562,81.69111476096057
HAR__27,True,HAR,tBodyGyroJerk-std()-X,Bar chart,means,512,0.951671158548506,4,0.951671158548506,0.9516711585485061,51.23813997147545,51.23813997147545,51.23813997147545
HAR__27,True,HAR,tBodyGyroJerk-std()-X,Box plot,five,512,0.4815291387014732,4,0.4657778300511342,0.488678580063292,67.49782868776227,67.17366753254987,68.22316312187057
HAR__27,True,HAR,tBodyGyroJerk-std()-X,Interval plot,five,512,0.47390926443331977,4,0.4689116578198229,0.4765733703921486,67.84678162562973,67.72436914085887,68.07761342735972
HAR__27,True,HAR,tBodyGyroJerk-std()-X,Dot plot,raw,512,0.05288136375629382,4,0.004368562060992624,0.09643224407173133,94.97746226909815,91.20490622260262,99.56504392650163
HAR__27,True,HAR,tBodyGyroJerk-std()-X,Histogram,64,512,0.054599112685944196,4,0.05369906588017272,0.05544510594476437,94.82276136693436,94.74675607168281,94.90375690564771
HAR__27,True,HAR,tBodyGyroJerk-std()-X,Heatmap,64,512,0.047688529158973744,4,0.047688529158973744,0.047688529158973744,95.4482150150813,95.4482150150813,95.4482150150813
HAR__27,True,HAR,tBodyGyroJerk-std()-X,Violin plot,128,512,0.21645900850404448,4,0.2160047262305072,0.21689404998822726,82.20581154064224,82.17642283727777,82.23652247634759
HAR__28,True,HAR,tBodyGyroJerk-std()-Y,Bar chart,means,128,0.8588849121478448,4,0.8465632959686415,0.8712065283270478,53.795691893832846,53.44145527827172,54.15465595916307
HAR__28,True,HAR,tBodyGyroJerk-std()-Y,Box plot,five,128,,3,0.28843667287181457,0.29934769151211005,,76.96169443578681,77.61343813437769
HAR__28,True,HAR,tBodyGyroJerk-std()-Y,Interval plot,five,128,0.35669600954983643,4,0.34178881390714255,0.3806703582948498,73.70847949437169,72.42858470830186,74.52737641239601
HAR__28,True,HAR,tBodyGyroJerk-std()-Y,Dot plot,raw,128,0.06370492196338019,4,0.0481930609475789,0.08650557381156475,94.01103439045914,92.03818407409591,95.40227246839319
HAR__28,True,HAR,tBodyGyroJerk-std()-Y,Histogram,64,128,0.048208897718780466,4,0.02028508793919682,0.07085496139046692,95.40083109161756,93.38332790666027,98.01182158016546
HAR__28,True,HAR,tBodyGyroJerk-std()-Y,Heatmap,64,128,0.04617151742081549,4,0.04617151742081549,0.04617151742081549,95.5866206781614,95.5866206781614,95.5866206781614
HAR__28,True,HAR,tBodyGyroJerk-std()-Y,Violin plot,16,128,0.1863899690070884,4,0.1851316746054865,0.18813942509455264,84.28931684553253,84.16520644624005,84.3788096654227
HAR__28,True,HAR,tBodyGyroJerk-std()-Y,Bar chart,means,256,0.8606120006081096,4,0.8520281131861962,0.863473296415414,53.74575675493691,53.66323209050566,53.99486070865403
HAR__28,True,HAR,tBodyGyroJerk-std()-Y,Box plot,five,256,0.2852834456316954,4,0.28171932416457657,0.29425292187735747,77.80384967990595,77.26465075693754,78.02020154855659
HAR__28,True,HAR,tBodyGyroJerk-std()-Y,Interval plot,five,256,0.30261164367549426,4,0.2940819209594116,0.31114136639157686,76.76885162628865,76.26942644271256,77.27486056358904
HAR__28,True,HAR,tBodyGyroJerk-std()-Y,Dot plot,raw,256,0.05429685235901889,4,0.023970917472967264,0.07884364761845682,94.84994646075931,92.69183743237457,97.65902360468162
HAR__28,True,HAR,tBodyGyroJerk-std()-Y,Histogram,64,256,0.06404233791865283,4,0.0433095806244904,0.08494932829158135,93.98122277315352,92.17020315360284,95.84882747855467
HAR__28,True,HAR,tBodyGyroJerk-std()-Y,Heatmap,64,256,0.11643738969940534,4,0.11643738969940534,0.11643738969940534,89.57062968566868,89.57062968566868,89.57062968566868
HAR__28,True,HAR,tBodyGyroJerk-std()-Y,Violin plot,64,256,0.18864561844333202,4,0.188134688229564,0.1891027536422737,84.12936408326772,84.09702163559511,84.16554199676612
HAR__28,True,HAR,tBodyGyroJerk-std()-Y,Bar chart,means,512,0.8613865736145314,4,0.8600050590732269,0.8655311172384451,53.72339170031463,53.604037518296934,53.76329462771804
HAR__28,True,HAR,tBodyGyroJerk-std()-Y,Box plot,five,512,0.28510334764000955,4,0.27688401944073593,0.28863907065905636,77.81475332987193,77.60124791874921,78.31564846727358
HAR__28,True,HAR,tBodyGyroJerk-std()-Y,Interval plot,five,512,0.28059490311526136,4,0.2787762046652012,0.281989270979013,78.08870686329709,78.00377293612863,78.19976602253182
HAR__28,True,HAR,tBodyGyroJerk-std()-Y,Dot plot,raw,512,0.060124078147377046,4,0.013683334960491293,0.1029616079202087,94.32858102303958,90.66498714181381,98.65013712975517
HAR__28,True,HAR,tBodyGyroJerk-std()-Y,Histogram,64,512,0.03985255031012715,4,0.039679596128270496,0.04009045725647738,96.16748063961168,96.14548359935665,96.18347842200271
HAR__28,True,HAR,tBodyGyroJerk-std()-Y,Heatmap,64,512,0.09026416561848548,4,0.09026416561848548,0.09026416561848548,91.72089036171519,91.72089036171519,91.72089036171519
HAR__28,True,HAR,tBodyGyroJerk-std()-Y,Violin plot,64,512,0.1876888515608124,4,0.18752202841183188,0.1879660423119388,84.19713620161043,84.1774902971021,84.20896421916315
HAR__29,True,HAR,tBodyGyroJerk-std()-Z,Bar chart,means,128,1.0723551892469845,4,1.065811959683964,1.091984877936046,48.254276351312264,47.80149276158253,48.40711640342057
HAR__29,True,HAR,tBodyGyroJerk-std()-Z,Box plot,five,128,0.10227607479989458,4,0.07817447103270453,0.13179350587523786,90.72137396990482,88.35533998109317,92.74936727468356
HAR__29,True,HAR,tBodyGyroJerk-std()-Z,Interval plot,five,128,0.23190030409795398,4,0.19002363489462326,0.24760405504920302,81.17540004442482,80.1536349575717,84.03194446541814
HAR__29,True,HAR,tBodyGyroJerk-std()-Z,Dot plot,raw,128,0.08384316521731752,4,0.03114374547306945,0.1294478774342586,92.26427144553645,88.53883565407884,96.97968924218405
HAR__29,True,HAR,tBodyGyroJerk-std()-Z,Histogram,32,128,0.04912149011371275,4,0.03450326590503409,0.060423037600536265,95.31784539954582,94.30198746556297,96.66475041286128
HAR__29,True,HAR,tBodyGyroJerk-std()-Z,Heatmap,64,128,0.0796460511490262,4,0.0796460511490262,0.0796460511490262,92.62294795000065,92.62294795000065,92.62294795000065
HAR__29,True,HAR,tBodyGyroJerk-std()-Z,Violin plot,32,128,0.14043045067792284,4,0.13580739317559984,0.1457336234821847,87.68618896536438,87.28032236330274,88.04309656799323
HAR__29,True,HAR,tBodyGyroJerk-std()-Z,Bar chart,means,256,1.076927236682233,4,1.070849425121603,1.0830050482428628,48.14805171496717,48.00756488053443,48.28936318927576
HAR__29,True,HAR,tBodyGyroJerk-std()-Z,Box plot,five,256,0.07634169371968569,4,0.06983164326475043,0.08942681742080846,92.90729940453579,91.79138827952444,93.47265116858493
HAR__29,True,HAR,tBodyGyroJerk-std()-Z,Interval plot,five,256,0.11181744089669515,4,0.10056057508680873,0.11955387382677737,89.94282363420086,89.3212933632102,90.86278598714324
HAR__29,True,HAR,tBodyGyroJerk-std()-Z,Dot plot,raw,256,0.11086472497456841,4,0.042379114998872564,0.15218103257523258,90.01996170351826,86.79191652416863,95.93438563867251
HAR__29,True,HAR,tBodyGyroJerk-std()-Z,Histogram,32,256,0.05307020117579328,4,0.04480637659942346,0.0625392916830577,94.96043083200547,94.11416667858036,95.7115138648697
HAR__29,True,HAR,tBodyGyroJerk-std()-Z,Heatmap,32,256,0.06412340146949264,4,0.06412340146949264,0.06412340146949264,93.97406340458804,93.97406340458804,93.97406340458804
HAR__29,True,HAR,tBodyGyroJerk-std()-Z,Violin plot,32,256,0.13892523391251196,4,0.13805006702901984,0.13959648181655843,87.80207604714607,87.75035865378976,87.869596336002
HAR__29,True,HAR,tBodyGyroJerk-std()-Z,Bar chart,means,512,1.078977730683496,4,1.078977730683496,1.0789777306834962,48.10056333173105,48.10056333173105,48.10056333173105
HAR__29,True,HAR,tBodyGyroJerk-std()-Z,Box plot,five,512,0.06845691991003768,4,0.06510750503198541,0.0738799758519937,93.59291716545748,93.12027624005384,93.88723629076013
HAR__29,True,HAR,tBodyGyroJerk-std()-Z,Interval plot,five,512,0.06722371287152877,4,0.06038764644837597,0.0804445847515915,93.7010664155266,92.55449230002974,94.30513485793274
HAR__29,True,HAR,tBodyGyroJerk-std()-Z,Dot plot,raw,512,0.1154690561457168,4,0.05343174741610683,0.15173894258879,89.64838553704956,86.82523122403737,94.92783964911196
HAR__29,True,HAR,tBodyGyroJerk-std()-Z,Histogram,32,512,0.056730361984573666,4,0.054322347774131814,0.059138376195015524,94.63151963590484,94.41636923708951,94.84765281805737
HAR__29,True,HAR,tBodyGyroJerk-std()-Z,Heatmap,32,512,0.06412340146949264,4,0.06412340146949264,0.06412340146949264,93.97406340458804,93.97406340458804,93.97406340458804
HAR__29,True,HAR,tBodyGyroJerk-std()-Z,Violin plot,32,512,0.14065715255315542,4,0.1405092002508189,0.14077748053359407,87.66876162234027,87.65951441575214,87.6801344329429
HAR__30,True,HAR,tBodyAccMag-mean(),Bar chart,means,128,1.0430586169765736,4,1.0181931238273032,1.0513471146929974,48.94622169381772,48.748453776417996,49.54927197966065
HAR__30,True,HAR,tBodyAccMag-mean(),Box plot,five,128,0.17629770798145,4,0.15788061767037262,0.18674530723307578,85.01249243408114,84.26407872903438,86.36468947998935
HAR__30,True,HAR,tBodyAccMag-mean(),Interval plot,five,128,0.19716780350623536,4,0.18145259527550825,0.21288301173696256,83.53047894131673,82.4481825801077,84.64156784613145
HAR__30,True,HAR,tBodyAccMag-mean(),Dot plot,raw,128,0.10004838230682905,4,0.05297591592285486,0.14773101087629598,90.90509254720006,87.12842909389519,94.96893375035786
HAR__30,True,HAR,tBodyAccMag-mean(),Histogram,64,128,0.09899406023405413,4,0.07147801232006155,0.1149121043037086,90.99230252318458,89.69316918704777,93.32902668107104
HAR__30,True,HAR,tBodyAccMag-mean(),Heatmap,16,128,0.12073614883873714,4,0.12073614883873714,0.12073614883873714,89.22706749810479,89.22706749810479,89.22706749810479
HAR__30,True,HAR,tBodyAccMag-mean(),Violin plot,32,128,0.18881073470918863,4,0.18619664311063197,0.19119855673803907,84.1176791900877,83.94906074587477,84.30305428766367
HAR__30,True,HAR,tBodyAccMag-mean(),Bar chart,means,256,1.0440410994325329,4,1.0361676266761102,1.0519145721889553,48.92269535468833,48.73497237914799,49.11187010827908
HAR__30,True,HAR,tBodyAccMag-mean(),Box plot,five,256,0.15854933988233197,4,0.1490811591644402,0.16797787403064116,86.31483921967148,85.61806025905638,87.02605486344888
HAR__30,True,HAR,tBodyAccMag-mean(),Interval plot,five,256,0.155300092709986,4,0.13774603205419036,0.17249741478322592,86.55759713948446,85.28803453139233,87.8930773500048
HAR__30,True,HAR,tBodyAccMag-mean(),Dot plot,raw,256,0.06998179967531877,4,0.04328310809925785,0.11714870203621691,93.4595336391185,89.51359816086335,95.85125957055753
HAR__30,True,HAR,tBodyAccMag-mean(),Histogram,64,256,0.07076669783867955,4,0.06500536844329338,0.07533327233137124,93.39102551643408,92.99442561020683,93.89624030362297
HAR__30,True,HAR,tBodyAccMag-mean(),Heatmap,64,256,0.08123708122100136,4,0.08123708122100136,0.08123708122100136,92.48665416383396,92.48665416383396,92.48665416383396
HAR__30,True,HAR,tBodyAccMag-mean(),Violin plot,32,256,0.1580501098423562,4,0.1573264403604782,0.15868925892561286,86.35204914717626,86.30441615789583,86.40604458051827
HAR__30,True,HAR,tBodyAccMag-mean(),Bar chart,means,512,1.0426652299508545,4,1.0369629269545362,1.0445659976162942,48.95564801012741,48.91013550875217,49.09269514762845
HAR__30,True,HAR,tBodyAccMag-mean(),Box plot,five,512,0.1486811690657114,4,0.13796236196006842,0.15867146718242375,87.05635879913984,86.30574138774038,87.87636862413999
HAR__30,True,HAR,tBodyAccMag-mean(),Interval plot,five,512,0.14290921352258507,4,0.13319122080079673,0.15812533576910712,87.49601352130836,86.3464401576107,88.2463596296948
HAR__30,True,HAR,tBodyAccMag-mean(),Dot plot,raw,512,0.048337070694142795,4,0.03823284769380428,0.05896277986992327,95.3891670870575,94.43202528070289,96.31750740898539
HAR__30,True,HAR,tBodyAccMag-mean(),Histogram,64,512,0.06310980486642892,4,0.062310995460166926,0.06407489606371797,94.06366072652692,93.97834717267109,94.13439230823595
HAR__30,True,HAR,tBodyAccMag-mean(),Heatmap,64,512,0.06892506233849668,4,0.06892506233849668,0.06892506233849668,93.55192756097338,93.55192756097338,93.55192756097338
HAR__30,True,HAR,tBodyAccMag-mean(),Violin plot,32,512,0.14704291483771698,4,0.1467541619220228,0.1473464910298245,87.18069629866285,87.15762917463837,87.20264841454295
HAR__31,True,HAR,tBodyAccMag-std(),Bar chart,means,128,1.0563184652665423,4,1.056143029719277,1.0563769437822972,48.63059963187068,48.62921669218381,48.63474892291558
HAR__31,True,HAR,tBodyAccMag-std(),Box plot,five,128,0.11347315534153442,4,0.10115775953540562,0.13208873689870093,89.80908028207209,88.33229829133789,90.81350890374821
HAR__31,True,HAR,tBodyAccMag-std(),Interval plot,five,128,0.09440912306555396,4,0.08892817030639068,0.10569328793045182,91.3735073040049,90.44099398231131,91.83342182419902
HAR__31,True,HAR,tBodyAccMag-std(),Dot plot,raw,128,0.09092338899825048,4,0.04975485038734671,0.12680891193950952,91.66546524575463,88.74619195891512,95.26033622335846
HAR__31,True,HAR,tBodyAccMag-std(),Histogram,64,128,0.06477856860534201,4,0.05358080045656758,0.07301310446596497,93.9162403794256,93.19550673127115,94.91440994052392
HAR__31,True,HAR,tBodyAccMag-std(),Heatmap,64,128,0.08509059200793156,4,0.08509059200793156,0.08509059200793156,92.15820387397574,92.15820387397574,92.15820387397574
HAR__31,True,HAR,tBodyAccMag-std(),Violin plot,32,128,0.15514353412306264,4,0.1534921110562634,0.15660168246418313,86.56932843927129,86.46018894503617,86.69326737608033
HAR__31,True,HAR,tBodyAccMag-std(),Bar chart,means,256,1.0502719916771042,4,1.0436928685346145,1.0568511148195938,48.7740165236325,48.618006077105385,48.93103143805694
HAR__31,True,HAR,tBodyAccMag-std(),Box plot,five,256,0.12415304636198582,4,0.1197695614486306,0.12795688461766647,88.95585910087837,88.6558709501526,89.30408848641267
HAR__31,True,HAR,tBodyAccMag-std(),Interval plot,five,256,0.11926413344817059,4,0.11022988844681089,0.12413812557116091,89.3444156849065,88.95703982034344,90.07143569148366
HAR__31,True,HAR,tBodyAccMag-std(),Dot plot,raw,256,0.06899522806035911,4,0.03544321306034113,0.11444597144299236,93.54578708592108,89.73068462934933,96.5770007844674
HAR__31,True,HAR,tBodyAccMag-std(),Histogram,64,256,0.05486766964197026,4,0.04869377322293131,0.05870098208186287,94.79862060227964,94.45537662896737,95.35672143134009
HAR__31,True,HAR,tBodyAccMag-std(),Heatmap,64,256,0.057482124584450955,4,0.057482124584450955,0.057482124584450955,94.56424621768059,94.56424621768059,94.56424621768059
HAR__31,True,HAR,tBodyAccMag-std(),Violin plot,32,256,0.13297812036181855,4,0.13153222501773076,0.13435012752399653,88.26295777721182,88.15620289854868,88.37574201515388
HAR__31,True,HAR,tBodyAccMag-std(),Bar chart,means,512,1.0538871866160076,4,1.0507105998866035,1.0570637733454118,48.68816586015144,48.61297996482119,48.76358468402593
HAR__31,True,HAR,tBodyAccMag-std(),Box plot,five,512,0.12860930104177148,4,0.12024311255161992,0.13415625018111904,88.60462155299822,88.17127268313382,89.26633770791612
HAR__31,True,HAR,tBodyAccMag-std(),Interval plot,five,512,0.12717835768045133,4,0.11890863387997933,0.1345705875806066,88.7171043682773,88.13907313888956,89.37280218603316
HAR__31,True,HAR,tBodyAccMag-std(),Dot plot,raw,512,0.04403245440787314,4,0.039822305956662404,0.04845525155573092,95.78246306214241,95.37841491243127,96.17027777452563
HAR__31,True,HAR,tBodyAccMag-std(),Histogram,64,512,0.05423343349170022,4,0.05306551253465078,0.05512547732545361,94.8556522902072,94.77545765787151,94.96085363132573
HAR__31,True,HAR,tBodyAccMag-std(),Heatmap,64,512,0.05182611817193741,4,0.05182611817193741,0.05182611817193741,95.07274850124365,95.07274850124365,95.07274850124365
HAR__31,True,HAR,tBodyAccMag-std(),Violin plot,32,512,0.12580826031991577,4,0.12551136031466484,0.12604323028961312,88.82507219442807,88.80653718266258,88.84850346783038
HAR__32,True,HAR,tGravityAccMag-mean(),Bar chart,means,128,1.0430586169765736,4,1.0181931238273032,1.0513471146929974,48.94622169381772,48.748453776417996,49.54927197966065
HAR__32,True,HAR,tGravityAccMag-mean(),Box plot,five,128,0.17629770798145,4,0.15788061767037262,0.18674530723307578,85.01249243408114,84.26407872903438,86.36468947998935
HAR__32,True,HAR,tGravityAccMag-mean(),Interval plot,five,128,0.19716780350623536,4,0.18145259527550825,0.21288301173696256,83.53047894131673,82.4481825801077,84.64156784613145
HAR__32,True,HAR,tGravityAccMag-mean(),Dot plot,raw,128,0.10004838230682905,4,0.05297591592285486,0.14773101087629598,90.90509254720006,87.12842909389519,94.96893375035786
HAR__32,True,HAR,tGravityAccMag-mean(),Histogram,64,128,0.09899406023405413,4,0.07147801232006155,0.1149121043037086,90.99230252318458,89.69316918704777,93.32902668107104
HAR__32,True,HAR,tGravityAccMag-mean(),Heatmap,16,128,0.12073614883873714,4,0.12073614883873714,0.12073614883873714,89.22706749810479,89.22706749810479,89.22706749810479
HAR__32,True,HAR,tGravityAccMag-mean(),Violin plot,32,128,0.18881073470918863,4,0.18619664311063197,0.19119855673803907,84.1176791900877,83.94906074587477,84.30305428766367
HAR__32,True,HAR,tGravityAccMag-mean(),Bar chart,means,256,1.0440410994325329,4,1.0361676266761102,1.0519145721889553,48.92269535468833,48.73497237914799,49.11187010827908
HAR__32,True,HAR,tGravityAccMag-mean(),Box plot,five,256,0.15854933988233197,4,0.1490811591644402,0.16797787403064116,86.31483921967148,85.61806025905638,87.02605486344888
HAR__32,True,HAR,tGravityAccMag-mean(),Interval plot,five,256,0.155300092709986,4,0.13774603205419036,0.17249741478322592,86.55759713948446,85.28803453139233,87.8930773500048
HAR__32,True,HAR,tGravityAccMag-mean(),Dot plot,raw,256,0.06998179967531877,4,0.04328310809925785,0.11714870203621691,93.4595336391185,89.51359816086335,95.85125957055753
HAR__32,True,HAR,tGravityAccMag-mean(),Histogram,64,256,0.07076669783867955,4,0.06500536844329338,0.07533327233137124,93.39102551643408,92.99442561020683,93.89624030362297
HAR__32,True,HAR,tGravityAccMag-mean(),Heatmap,64,256,0.08123708122100136,4,0.08123708122100136,0.08123708122100136,92.48665416383396,92.48665416383396,92.48665416383396
HAR__32,True,HAR,tGravityAccMag-mean(),Violin plot,32,256,0.1580501098423562,4,0.1573264403604782,0.15868925892561286,86.35204914717626,86.30441615789583,86.40604458051827
HAR__32,True,HAR,tGravityAccMag-mean(),Bar chart,means,512,1.0426652299508545,4,1.0369629269545362,1.0445659976162942,48.95564801012741,48.91013550875217,49.09269514762845
HAR__32,True,HAR,tGravityAccMag-mean(),Box plot,five,512,0.1486811690657114,4,0.13796236196006842,0.15867146718242375,87.05635879913984,86.30574138774038,87.87636862413999
HAR__32,True,HAR,tGravityAccMag-mean(),Interval plot,five,512,0.14290921352258507,4,0.13319122080079673,0.15812533576910712,87.49601352130836,86.3464401576107,88.2463596296948
HAR__32,True,HAR,tGravityAccMag-mean(),Dot plot,raw,512,0.048337070694142795,4,0.03823284769380428,0.05896277986992327,95.3891670870575,94.43202528070289,96.31750740898539
HAR__32,True,HAR,tGravityAccMag-mean(),Histogram,64,512,0.06310980486642892,4,0.062310995460166926,0.06407489606371797,94.06366072652692,93.97834717267109,94.13439230823595
HAR__32,True,HAR,tGravityAccMag-mean(),Heatmap,64,512,0.06892506233849668,4,0.06892506233849668,0.06892506233849668,93.55192756097338,93.55192756097338,93.55192756097338
HAR__32,True,HAR,tGravityAccMag-mean(),Violin plot,32,512,0.14704291483771698,4,0.1467541619220228,0.1473464910298245,87.18069629866285,87.15762917463837,87.20264841454295
HAR__33,True,HAR,tGravityAccMag-std(),Bar chart,means,128,1.0563184652665423,4,1.056143029719277,1.0563769437822972,48.63059963187068,48.62921669218381,48.63474892291558
HAR__33,True,HAR,tGravityAccMag-std(),Box plot,five,128,0.11347315534153442,4,0.10115775953540562,0.13208873689870093,89.80908028207209,88.33229829133789,90.81350890374821
HAR__33,True,HAR,tGravityAccMag-std(),Interval plot,five,128,0.09440912306555396,4,0.08892817030639068,0.10569328793045182,91.3735073040049,90.44099398231131,91.83342182419902
HAR__33,True,HAR,tGravityAccMag-std(),Dot plot,raw,128,0.09092338899825048,4,0.04975485038734671,0.12680891193950952,91.66546524575463,88.74619195891512,95.26033622335846
HAR__33,True,HAR,tGravityAccMag-std(),Histogram,64,128,0.06477856860534201,4,0.05358080045656758,0.07301310446596497,93.9162403794256,93.19550673127115,94.91440994052392
HAR__33,True,HAR,tGravityAccMag-std(),Heatmap,64,128,0.08509059200793156,4,0.08509059200793156,0.08509059200793156,92.15820387397574,92.15820387397574,92.15820387397574
HAR__33,True,HAR,tGravityAccMag-std(),Violin plot,32,128,0.15514353412306264,4,0.1534921110562634,0.15660168246418313,86.56932843927129,86.46018894503617,86.69326737608033
HAR__33,True,HAR,tGravityAccMag-std(),Bar chart,means,256,1.0502719916771042,4,1.0436928685346145,1.0568511148195938,48.7740165236325,48.618006077105385,48.93103143805694
HAR__33,True,HAR,tGravityAccMag-std(),Box plot,five,256,0.12415304636198582,4,0.1197695614486306,0.12795688461766647,88.95585910087837,88.6558709501526,89.30408848641267
HAR__33,True,HAR,tGravityAccMag-std(),Interval plot,five,256,0.11926413344817059,4,0.11022988844681089,0.12413812557116091,89.3444156849065,88.95703982034344,90.07143569148366
HAR__33,True,HAR,tGravityAccMag-std(),Dot plot,raw,256,0.06899522806035911,4,0.03544321306034113,0.11444597144299236,93.54578708592108,89.73068462934933,96.5770007844674
HAR__33,True,HAR,tGravityAccMag-std(),Histogram,64,256,0.05486766964197026,4,0.04869377322293131,0.05870098208186287,94.79862060227964,94.45537662896737,95.35672143134009
HAR__33,True,HAR,tGravityAccMag-std(),Heatmap,64,256,0.057482124584450955,4,0.057482124584450955,0.057482124584450955,94.56424621768059,94.56424621768059,94.56424621768059
HAR__33,True,HAR,tGravityAccMag-std(),Violin plot,32,256,0.13297812036181855,4,0.13153222501773076,0.13435012752399653,88.26295777721182,88.15620289854868,88.37574201515388
HAR__33,True,HAR,tGravityAccMag-std(),Bar chart,means,512,1.0538871866160076,4,1.0507105998866035,1.0570637733454118,48.68816586015144,48.61297996482119,48.76358468402593
HAR__33,True,HAR,tGravityAccMag-std(),Box plot,five,512,0.12860930104177148,4,0.12024311255161992,0.13415625018111904,88.60462155299822,88.17127268313382,89.26633770791612
HAR__33,True,HAR,tGravityAccMag-std(),Interval plot,five,512,0.12717835768045133,4,0.11890863387997933,0.1345705875806066,88.7171043682773,88.13907313888956,89.37280218603316
HAR__33,True,HAR,tGravityAccMag-std(),Dot plot,raw,512,0.04403245440787314,4,0.039822305956662404,0.04845525155573092,95.78246306214241,95.37841491243127,96.17027777452563
HAR__33,True,HAR,tGravityAccMag-std(),Histogram,64,512,0.05423343349170022,4,0.05306551253465078,0.05512547732545361,94.8556522902072,94.77545765787151,94.96085363132573
HAR__33,True,HAR,tGravityAccMag-std(),Heatmap,64,512,0.05182611817193741,4,0.05182611817193741,0.05182611817193741,95.07274850124365,95.07274850124365,95.07274850124365
HAR__33,True,HAR,tGravityAccMag-std(),Violin plot,32,512,0.12580826031991577,4,0.12551136031466484,0.12604323028961312,88.82507219442807,88.80653718266258,88.84850346783038
HAR__34,True,HAR,tBodyAccJerkMag-mean(),Bar chart,means,128,1.0140934297859068,4,1.0140934297859068,1.0140934297859068,49.65012969166468,49.65012969166468,49.65012969166468
HAR__34,True,HAR,tBodyAccJerkMag-mean(),Box plot,five,128,,3,0.3111856134325055,0.3413877809148036,,74.54965776697452,76.26685266795569
HAR__34,True,HAR,tBodyAccJerkMag-mean(),Interval plot,five,128,0.29702679191265124,4,0.29021568300088774,0.30782358253860725,77.09940968338496,76.46291237988743,77.5064210717172
HAR__34,True,HAR,tBodyAccJerkMag-mean(),Dot plot,raw,128,0.10082427677651029,4,0.0544263879254151,0.12601213403066316,90.8410198699697,88.80898968827348,94.83829420918617
HAR__34,True,HAR,tBodyAccJerkMag-mean(),Histogram,64,128,0.08390773640558749,4,0.06945164846166252,0.10137200517647203,92.25877502416958,90.79584330271504,93.50586363006086
HAR__34,True,HAR,tBodyAccJerkMag-mean(),Heatmap,64,128,0.16047560837762462,4,0.16047560837762462,0.16047560837762462,86.17156558749444,86.17156558749444,86.17156558749444
HAR__34,True,HAR,tBodyAccJerkMag-mean(),Violin plot,64,128,0.13477157129607958,4,0.12537611537710575,0.14342495050715223,88.12346249191367,87.45654881472213,88.85918106276024
HAR__34,True,HAR,tBodyAccJerkMag-mean(),Bar chart,means,256,1.0245394618082737,4,1.0210364117947306,1.0350486118489022,49.39394953096257,49.138875316175884,49.47956376065363
HAR__34,True,HAR,tBodyAccJerkMag-mean(),Box plot,five,256,0.32330909878962966,4,0.3161764047630154,0.32769669408484053,75.56813452840719,75.31840701684382,75.9776574311143
HAR__34,True,HAR,tBodyAccJerkMag-mean(),Interval plot,five,256,0.3209870357473488,4,0.30706031189458,0.33312331181541793,75.70097002763163,75.01181557152594,76.50756364490196
HAR__34,True,HAR,tBodyAccJerkMag-mean(),Dot plot,raw,256,0.08169515776596946,4,0.0427505964281009,0.11714576905910694,92.44748789162605,89.51383317167549,95.90020887309569
HAR__34,True,HAR,tBodyAccJerkMag-mean(),Histogram,64,256,0.07036892291904792,4,0.06416095625951025,0.07467333416607813,93.42573187503035,93.05153186628354,93.9707470113324
HAR__34,True,HAR,tBodyAccJerkMag-mean(),Heatmap,64,256,0.0528113096550099,4,0.0528113096550099,0.0528113096550099,94.98378207275194,94.98378207275194,94.98378207275194
HAR__34,True,HAR,tBodyAccJerkMag-mean(),Violin plot,64,256,0.14889292486772104,4,0.14751196279121218,0.15000437549676082,87.0403131880315,86.95619088997255,87.14506100377345
HAR__34,True,HAR,tBodyAccJerkMag-mean(),Bar chart,means,512,1.024150234028991,4,1.024150234028991,1.024150234028991,49.40344758943804,49.40344758943804,49.40344758943804
HAR__34,True,HAR,tBodyAccJerkMag-mean(),Box plot,five,512,0.3295494084054097,4,0.3160864243318765,0.3372021962542335,75.21345154064988,74.78300610043841,75.98285200059405
HAR__34,True,HAR,tBodyAccJerkMag-mean(),Interval plot,five,512,0.32265629345985125,4,0.3125618080950329,0.32883787464958014,75.60543165633487,75.25372500868129,76.18688840652274
HAR__34,True,HAR,tBodyAccJerkMag-mean(),Dot plot,raw,512,0.07800738936287159,4,0.05313443760310931,0.09679058927373266,92.76374261135855,91.17510760756755,94.95463867613701
HAR__34,True,HAR,tBodyAccJerkMag-mean(),Histogram,64,512,0.06977386420437674,4,0.06965194343738906,0.06994987897430642,93.4776996766256,93.462321894801,93.48835442550046
HAR__34,True,HAR,tBodyAccJerkMag-mean(),Heatmap,64,512,0.06916249293631516,4,0.06916249293631516,0.06916249293631516,93.53115233715602,93.53115233715602,93.53115233715602
HAR__34,True,HAR,tBodyAccJerkMag-mean(),Violin plot,64,512,0.16021705109638262,4,0.16002358267924258,0.16057840018719569,86.19076913712132,86.16393341791513,86.20514401012046
HAR__35,True,HAR,tBodyAccJerkMag-std(),Bar chart,means,128,1.1462976910012541,4,1.132952944190471,1.1596424378120371,46.59185928367174,46.30396136376693,46.883359650464975
HAR__35,True,HAR,tBodyAccJerkMag-std(),Box plot,five,128,0.14067811923276344,4,0.12118106956355801,0.15770837587262482,87.6671501924324,86.3775386652315,89.19165932664826
HAR__35,True,HAR,tBodyAccJerkMag-std(),Interval plot,five,128,0.12011530464219404,4,0.10532223196277854,0.13608459451579408,89.2765232164591,88.02161430823784,90.47135496625701
HAR__35,True,HAR,tBodyAccJerkMag-std(),Dot plot,raw,128,0.11445449667296272,4,0.08058793450231715,0.15095583022587056,89.72999821754503,86.88430726344677,92.54221411055887
HAR__35,True,HAR,tBodyAccJerkMag-std(),Histogram,32,128,0.06409519312656614,4,0.05457151065688647,0.07840764394677162,93.97655458453495,92.72931303975052,94.82524322860816
HAR__35,True,HAR,tBodyAccJerkMag-std(),Heatmap,64,128,0.06884203395133019,4,0.06884203395133019,0.06884203395133019,93.55919473929812,93.55919473929812,93.55919473929812
HAR__35,True,HAR,tBodyAccJerkMag-std(),Violin plot,64,128,0.10744434155602942,4,0.10513596682094849,0.1096084418263209,90.29799173427865,90.12188104427948,90.48660346080455
HAR__35,True,HAR,tBodyAccJerkMag-std(),Bar chart,means,256,1.1521883637566415,4,1.1428917095976652,1.1552872484763004,46.464334481137215,46.397527786932294,46.665913892016185
HAR__35,True,HAR,tBodyAccJerkMag-std(),Box plot,five,256,0.14568754449418686,4,0.1408281132453538,0.15116675268695173,87.28383273482241,86.86838789131882,87.65562387442093
HAR__35,True,HAR,tBodyAccJerkMag-std(),Interval plot,five,256,0.1393864190410909,4,0.1322727609212761,0.15293242840097543,87.76653673313056,86.73535199169648,88.31794197595532
HAR__35,True,HAR,tBodyAccJerkMag-std(),Dot plot,raw,256,0.10899573970961664,4,0.05858537446803423,0.16237318400631176,90.17167191840102,86.03089040245528,94.4656920564886
HAR__35,True,HAR,tBodyAccJerkMag-std(),Histogram,32,256,0.059171182093971667,4,0.055673643764027114,0.06139215928363069,94.41344486195415,94.21588347467478,94.72624479232792
HAR__35,True,HAR,tBodyAccJerkMag-std(),Heatmap,32,256,0.058668852561079815,4,0.058668852561079815,0.058668852561079815,94.45824325338835,94.45824325338835,94.45824325338835
HAR__35,True,HAR,tBodyAccJerkMag-std(),Violin plot,64,256,0.1180461402391959,4,0.1176065184471776,0.11893519150430022,89.44174699141298,89.37068094673086,89.47692980436602
HAR__35,True,HAR,tBodyAccJerkMag-std(),Bar chart,means,512,1.1548302412348153,4,1.1533340120469395,1.1593189287984422,46.40736800811533,46.31089862007796,46.43961384557379
HAR__35,True,HAR,tBodyAccJerkMag-std(),Box plot,five,512,0.14711961101513576,4,0.13880219807834684,0.15050419994765324,87.17486741553104,86.9184136872772,87.81156215604726
HAR__35,True,HAR,tBodyAccJerkMag-std(),Interval plot,five,512,0.14162225144753346,4,0.13359353634628013,0.1482323579762775,87.59464864424622,87.0903866324119,88.21504074759729
HAR__35,True,HAR,tBodyAccJerkMag-std(),Dot plot,raw,512,0.08560618585575683,4,0.07111947842247719,0.0999002214246373,92.11443459229412,90.91733782040316,93.36026653840518
HAR__35,True,HAR,tBodyAccJerkMag-std(),Histogram,32,512,0.05696397949510172,4,0.05545226291480008,0.05847569607540336,94.61060352100998,94.47548051483672,94.74611359857624
HAR__35,True,HAR,tBodyAccJerkMag-std(),Heatmap,32,512,0.058668852561079815,4,0.058668852561079815,0.058668852561079815,94.45824325338835,94.45824325338835,94.45824325338835
HAR__35,True,HAR,tBodyAccJerkMag-std(),Violin plot,64,512,0.11921492920105103,4,0.11907905310452803,0.11937652520793289,89.34834354951354,89.33544499820937,89.3591920272137
HAR__36,True,HAR,tBodyGyroMag-mean(),Bar chart,means,128,1.0998208853351916,4,1.086652233802127,1.1129895368682563,47.62310952252346,47.326311018186054,47.92365415763995
HAR__36,True,HAR,tBodyGyroMag-mean(),Box plot,five,128,0.06522070159179491,4,0.04886691596982203,0.08704324625323874,93.87725928586129,91.9926602227414,95.34098032593221
HAR__36,True,HAR,tBodyGyroMag-mean(),Interval plot,five,128,0.2135197451275617,4,0.20154072583528615,0.24226811883416569,82.40492204722082,80.49792028297983,83.22647568228041
HAR__36,True,HAR,tBodyGyroMag-mean(),Dot plot,raw,128,0.09921899443597673,4,0.05564770728411424,0.15585989684241394,90.97368268395988,86.51567570877812,94.72857214578904
HAR__36,True,HAR,tBodyGyroMag-mean(),Histogram,64,128,0.039768014866420794,4,0.0367775099452499,0.04439934283828405,96.17529926889223,95.74881551364984,96.45270951651025
HAR__36,True,HAR,tBodyGyroMag-mean(),Heatmap,32,128,0.06911249176390456,4,0.06911249176390456,0.06911249176390456,93.53552668252175,93.53552668252175,93.53552668252175
HAR__36,True,HAR,tBodyGyroMag-mean(),Violin plot,32,128,0.06025312976168526,4,0.059389131831221624,0.06079620784276497,94.31709956138225,94.26881361440759,94.39402104035524
HAR__36,True,HAR,tBodyGyroMag-mean(),Bar chart,means,256,1.1020799427111567,4,1.1020799427111565,1.102079942711157,47.57193005277669,47.57193005277669,47.57193005277671
HAR__36,True,HAR,tBodyGyroMag-mean(),Box plot,five,256,0.04166841831892989,4,0.03363420060344708,0.05900112042100275,95.99983856799888,94.42860642134664,96.74602479447651
HAR__36,True,HAR,tBodyGyroMag-mean(),Interval plot,five,256,0.08898144502056411,4,0.07573723563862043,0.09905846778266303,91.82892918631099,90.98697014886639,92.95950413079656
HAR__36,True,HAR,tBodyGyroMag-mean(),Dot plot,raw,256,0.05972397873708755,4,0.04185371241114734,0.0814649841362802,94.36419483418099,92.46716395525807,95.9827649589801
HAR__36,True,HAR,tBodyGyroMag-mean(),Histogram,64,256,0.03832940137781243,4,0.03657182030116021,0.04008727085818433,96.3085508965699,96.14577814945201,96.47184887868794
HAR__36,True,HAR,tBodyGyroMag-mean(),Heatmap,64,256,0.032430932558832726,4,0.032430932558832726,0.032430932558832726,96.85877945574003,96.85877945574003,96.85877945574003
HAR__36,True,HAR,tBodyGyroMag-mean(),Violin plot,32,256,0.0815957619167714,4,0.07991197188112058,0.0828835407817449,92.45598357632525,92.34603374598247,92.6001402001387
HAR__36,True,HAR,tBodyGyroMag-mean(),Bar chart,means,512,1.1045695808880245,4,1.1030930957161353,1.1089990364036917,47.515653988406,47.415858553696665,47.549012549037194
HAR__36,True,HAR,tBodyGyroMag-mean(),Box plot,five,512,0.033294933078821684,4,0.028554029211017375,0.04322396315141471,96.77778995977309,95.85669379939837,97.22386686551405
HAR__36,True,HAR,tBodyGyroMag-mean(),Interval plot,five,512,0.03698371031440353,4,0.03117666066855274,0.04652030671231509,96.43353025254463,95.55476311219795,96.97659364707306
HAR__36,True,HAR,tBodyGyroMag-mean(),Dot plot,raw,512,0.04825388753807533,4,0.024069774575533227,0.061849117153927415,95.39673660057639,94.1753384586596,97.64959623132029
HAR__36,True,HAR,tBodyGyroMag-mean(),Histogram,64,512,0.0377589600039588,4,0.036514898389341056,0.039017463661476966,96.36149034031807,96.24477306435445,96.47714678813762
HAR__36,True,HAR,tBodyGyroMag-mean(),Heatmap,64,512,0.03409335221236408,4,0.03409335221236408,0.03409335221236408,96.70306823465948,96.70306823465948,96.70306823465948
HAR__36,True,HAR,tBodyGyroMag-mean(),Violin plot,32,512,0.0906796944521242,4,0.08999738916176579,0.09094489394452233,91.68594639531867,91.66365831589408,91.74333901561214
HAR__37,True,HAR,tBodyGyroMag-std(),Bar chart,means,128,0.9385880091612152,4,0.9258109224171005,0.9513650959053298,51.58393610577826,51.246176438143834,51.92617760963221
HAR__37,True,HAR,tBodyGyroMag-std(),Box plot,five,128,0.30970135390153397,4,0.28671330697692227,0.3272503006918422,76.35328443549751,75.34373881691647,77.71739008042569
HAR__37,True,HAR,tBodyGyroMag-std(),Interval plot,five,128,0.2866520567486248,4,0.2743806406412993,0.2923920121965292,77.72108976586912,77.37590379411397,78.4694908341338
HAR__37,True,HAR,tBodyGyroMag-std(),Dot plot,raw,128,0.12123239615640889,4,0.04117339417618178,0.16687294083438026,89.18757640503483,85.69913355647302,96.0454815301192
HAR__37,True,HAR,tBodyGyroMag-std(),Histogram,32,128,0.04530939750408289,4,0.0428623244902547,0.05169189061880303,95.665455834199,95.08488264672383,95.88993451161394
HAR__37,True,HAR,tBodyGyroMag-std(),Heatmap,32,128,0.21244827458187293,4,0.21244827458187293,0.21244827458187293,82.47774531617539,82.47774531617539,82.47774531617539
HAR__37,True,HAR,tBodyGyroMag-std(),Violin plot,16,128,0.17599939227930161,4,0.1743326018690714,0.17715357416557811,85.0340575484327,84.95068289699134,85.1547507416891
HAR__37,True,HAR,tBodyGyroMag-std(),Bar chart,means,256,0.9459388435851306,4,0.9370376513554439,0.9489059076616928,51.389076449989275,51.310840408904355,51.625222633140304
HAR__37,True,HAR,tBodyGyroMag-std(),Box plot,five,256,0.30696489564276197,4,0.30223063204966116,0.31513365125687304,76.51314915449221,76.03789919331014,76.79131295092009
HAR__37,True,HAR,tBodyGyroMag-std(),Interval plot,five,256,0.29933078507019184,4,0.291669086381839,0.31345756022010607,76.96269583468528,76.1349304527527,77.41920980714586
HAR__37,True,HAR,tBodyGyroMag-std(),Dot plot,raw,256,0.11527549301628016,4,0.02582229967813052,0.19868528395362892,89.6639445824712,83.42473319616435,97.48277068199505
HAR__37,True,HAR,tBodyGyroMag-std(),Histogram,32,256,0.12523093275029362,4,0.04838119691851698,0.20384142052082493,88.87064609535717,83.06741925920477,95.38515216977157
HAR__37,True,HAR,tBodyGyroMag-std(),Heatmap,32,256,0.1995646164650356,4,0.1995646164650356,0.1995646164650356,83.36357927485999,83.36357927485999,83.36357927485999
HAR__37,True,HAR,tBodyGyroMag-std(),Violin plot,16,256,0.18802044032003007,4,0.18645010463709522,0.19012233716043855,84.17363591241066,84.02497531354136,84.28504461263245
HAR__37,True,HAR,tBodyGyroMag-std(),Bar chart,means,512,0.9449378340885934,4,0.9420726691823375,0.9478029989948495,51.41552508636372,51.33989425604351,51.49137907496662
HAR__37,True,HAR,tBodyGyroMag-std(),Box plot,five,512,0.3133760123097184,4,0.3036743265843192,0.3208653160218547,76.13965769341168,75.7079459858763,76.70627392195729
HAR__37,True,HAR,tBodyGyroMag-std(),Interval plot,five,512,0.30897418994507025,4,0.2962929541622619,0.3175536893353406,76.39570036457052,75.89823535042923,77.14305603444839
HAR__37,True,HAR,tBodyGyroMag-std(),Dot plot,raw,512,0.19713869493493,4,0.1875308642920884,0.21278698119999198,83.53250999495548,82.45471096750643,84.20833765833284
HAR__37,True,HAR,tBodyGyroMag-std(),Histogram,32,512,0.0469791491905101,4,0.04586835889985153,0.047767492566148095,95.51288588441969,95.44102170519167,95.61432770104064
HAR__37,True,HAR,tBodyGyroMag-std(),Heatmap,32,512,0.1995646164650356,4,0.1995646164650356,0.1995646164650356,83.36357927485999,83.36357927485999,83.36357927485999
HAR__37,True,HAR,tBodyGyroMag-std(),Violin plot,16,512,0.1931516457048836,4,0.19310775611662984,0.1931935752024553,83.81164318884423,83.80869800026578,83.81472627877602
HAR__38,True,HAR,tBodyGyroJerkMag-mean(),Bar chart,means,128,0.9612320931902623,4,0.9612320931902621,0.9612320931902624,50.988355915252114,50.988355915252114,50.98835591525212
HAR__38,True,HAR,tBodyGyroJerkMag-mean(),Box plot,five,128,,3,0.28424017005253754,0.3034893324158823,,76.71716025067913,77.86705503528134
HAR__38,True,HAR,tBodyGyroJerkMag-mean(),Interval plot,five,128,0.3597442679411223,4,0.3435370617648944,0.37447288686347296,73.5432407090905,72.75516378369495,74.43039931376228
HAR__38,True,HAR,tBodyGyroJerkMag-mean(),Dot plot,raw,128,0.09338368013983038,4,0.08462993672263805,0.112139481398516,91.45920303768501,89.9167790304953,92.19734456358827
HAR__38,True,HAR,tBodyGyroJerkMag-mean(),Histogram,64,128,0.11390226240160477,4,0.058114185631054895,0.1516106617247299,89.77448325169675,86.83490290914227,94.50775857461963
HAR__38,True,HAR,tBodyGyroJerkMag-mean(),Heatmap,64,128,0.1469118108467661,4,0.1469118108467661,0.1469118108467661,87.1906619622043,87.1906619622043,87.1906619622043
HAR__38,True,HAR,tBodyGyroJerkMag-mean(),Violin plot,16,128,0.09998625656791434,4,0.09899774410701948,0.10164331797943783,90.91022674411559,90.77348209528785,90.99199751429342
HAR__38,True,HAR,tBodyGyroJerkMag-mean(),Bar chart,means,256,0.9610622255448336,4,0.9547771226639756,0.9673473284256915,50.99277253796341,50.82986545137502,51.15672719952837
HAR__38,True,HAR,tBodyGyroJerkMag-mean(),Box plot,five,256,0.26732659804829273,4,0.25468590218110493,0.28072899823667985,78.90625838201606,78.08053080525308,79.70122229488932
HAR__38,True,HAR,tBodyGyroJerkMag-mean(),Interval plot,five,256,0.30254610142694305,4,0.29766136357392525,0.3086952108536539,76.7727145246143,76.41198590065186,77.06170716571788
HAR__38,True,HAR,tBodyGyroJerkMag-mean(),Dot plot,raw,256,0.10013991847912979,4,0.0281111778689746,0.17350799351437615,90.89752886909453,85.21458784488027,97.26574533240245
HAR__38,True,HAR,tBodyGyroJerkMag-mean(),Histogram,64,256,0.09321317200956464,4,0.059545709605743936,0.12888145027103778,91.4734679021276,88.58326086941246,94.38007166034386
HAR__38,True,HAR,tBodyGyroJerkMag-mean(),Heatmap,64,256,0.12023093063946083,4,0.12023093063946083,0.12023093063946083,89.26730843159012,89.26730843159012,89.26730843159012
HAR__38,True,HAR,tBodyGyroJerkMag-mean(),Violin plot,16,256,0.09684347823230949,4,0.09661644976456576,0.09704819512577335,91.17071121320026,91.15369811855467,91.18958595000936
HAR__38,True,HAR,tBodyGyroJerkMag-mean(),Bar chart,means,512,0.9625033551952931,4,0.9579514170482474,0.964020667910975,50.95532689677811,50.915961137193484,51.07379025305806
HAR__38,True,HAR,tBodyGyroJerkMag-mean(),Box plot,five,512,0.26222940530806227,4,0.2507017265544076,0.2713141683234884,79.22490125762344,78.6587631064258,79.9551146982844
HAR__38,True,HAR,tBodyGyroJerkMag-mean(),Interval plot,five,512,0.2680482182478703,4,0.260881615017606,0.28141151576196194,78.86135445083889,78.03894281419603,79.3095868866354
HAR__38,True,HAR,tBodyGyroJerkMag-mean(),Dot plot,raw,512,0.11607397705123244,4,0.07477208261217401,0.16229823311475405,89.59979540443096,86.03643811108415,93.04298243117326
HAR__38,True,HAR,tBodyGyroJerkMag-mean(),Histogram,64,512,0.06706117441289815,4,0.06683936139126095,0.0672354291678465,93.71533928691619,93.7000377489087,93.73482420970144
HAR__38,True,HAR,tBodyGyroJerkMag-mean(),Heatmap,64,512,0.1349674228524918,4,0.1349674228524918,0.1349674228524918,88.1082557847096,88.1082557847096,88.1082557847096
HAR__38,True,HAR,tBodyGyroJerkMag-mean(),Violin plot,16,512,0.09117424783481144,4,0.09106725961711486,0.09134316657011958,91.6443915336413,91.63020676097753,91.65337802831029
HAR__39,True,HAR,tBodyGyroJerkMag-std(),Bar chart,means,128,0.8073243599829609,4,0.8010719032247956,0.8260817302574571,55.33041119466944,54.76206149102709,55.522491812209886
HAR__39,True,HAR,tBodyGyroJerkMag-std(),Box plot,five,128,,3,0.407558196459108,0.4162939196261849,,70.6068130451297,71.04501984469469
HAR__39,True,HAR,tBodyGyroJerkMag-std(),Interval plot,five,128,0.47753066863885,4,0.4606604585160895,0.48849619260002897,67.68049024127755,67.18189841340818,68.46218052728815
HAR__39,True,HAR,tBodyGyroJerkMag-std(),Dot plot,raw,128,0.12542555198584232,4,0.06641075700388123,0.24330416580846467,88.85527774231484,80.43084126157858,93.77249745769026
HAR__39,True,HAR,tBodyGyroJerkMag-std(),Histogram,64,128,0.09902321550539712,4,0.08465237974923949,0.10496522443437176,90.98988864763332,90.50058570955451,92.19543686717303
HAR__39,True,HAR,tBodyGyroJerkMag-std(),Heatmap,16,128,0.10876039935742868,4,0.10876039935742868,0.10876039935742868,90.19081134026254,90.19081134026254,90.19081134026254
HAR__39,True,HAR,tBodyGyroJerkMag-std(),Violin plot,32,128,0.20233444905180378,4,0.19853863268023444,0.20511898782035057,83.17153357692024,82.97935806394182,83.4349409133144
HAR__39,True,HAR,tBodyGyroJerkMag-std(),Bar chart,means,256,0.8117717141624092,4,0.8030601321520784,0.8146755748325195,55.194591690725495,55.10626879365432,55.46126732925041
HAR__39,True,HAR,tBodyGyroJerkMag-std(),Box plot,five,256,0.39206642738194053,4,0.3866553891707875,0.3945318261324064,71.83565240350636,71.70865384789383,72.11597112084168
HAR__39,True,HAR,tBodyGyroJerkMag-std(),Interval plot,five,256,0.4298659747109186,4,0.41685471494508675,0.44002948705630474,69.93662466876826,69.44302245117154,70.57886665809325
HAR__39,True,HAR,tBodyGyroJerkMag-std(),Dot plot,raw,256,0.13246671424893314,4,0.03738269975326673,0.2260943521747816,88.30281609320528,81.55979172616306,96.39644079642375
HAR__39,True,HAR,tBodyGyroJerkMag-std(),Histogram,16,256,0.13465354231588206,4,0.11373373970415819,0.15357516453831246,88.13262927456712,86.68702575616068,89.7880673225928
HAR__39,True,HAR,tBodyGyroJerkMag-std(),Heatmap,16,256,0.10876039935742868,4,0.10876039935742868,0.10876039935742868,90.19081134026254,90.19081134026254,90.19081134026254
HAR__39,True,HAR,tBodyGyroJerkMag-std(),Violin plot,32,256,0.20407897625546226,4,0.2030199857386903,0.20455742085660095,83.05103068154858,83.01804319871,83.12413857247518
HAR__39,True,HAR,tBodyGyroJerkMag-std(),Bar chart,means,512,0.8137662851277375,4,0.8095600869449717,0.8151683511886595,55.13389504478375,55.09130871222782,55.262049998476215
HAR__39,True,HAR,tBodyGyroJerkMag-std(),Box plot,five,512,0.39219575191290024,4,0.3796130642953741,0.4010823442869512,71.82897941083237,71.37339244032279,72.48409179937286
HAR__39,True,HAR,tBodyGyroJerkMag-std(),Interval plot,five,512,0.4003266291507339,4,0.39615729179448705,0.40503297955406253,71.41191056307179,71.1727065878116,71.62516758514333
HAR__39,True,HAR,tBodyGyroJerkMag-std(),Dot plot,raw,512,0.14346532248193977,4,0.039735807092264576,0.23487612181601228,87.45346101353189,80.97978269507692,96.17827847985825
HAR__39,True,HAR,tBodyGyroJerkMag-std(),Histogram,64,512,0.06740378077590642,4,0.06608396961937728,0.06862251612176806,93.68525931893271,93.57841379097907,93.80124159985529
HAR__39,True,HAR,tBodyGyroJerkMag-std(),Heatmap,16,512,0.10876039935742868,4,0.10876039935742868,0.10876039935742868,90.19081134026254,90.19081134026254,90.19081134026254
HAR__39,True,HAR,tBodyGyroJerkMag-std(),Violin plot,32,512,0.20708847225932098,4,0.20665434693855464,0.20765493427037812,82.84396901979264,82.80511026969505,82.87377429477922
BIDMC__00,True,BIDMC,mean,Bar chart,means,128,0.06853583306675184,4,0.06340017146944714,0.07024772026585341,93.58600517213817,93.43631208591563,94.03797618521742
BIDMC__00,True,BIDMC,mean,Box plot,five,128,0.3470168940553809,4,0.057787218408314175,0.44633560279571627,74.23811864670543,69.140246431536,94.53697138680987
BIDMC__00,True,BIDMC,mean,Interval plot,five,128,0.3329021962034644,4,0.051795810210395275,0.4438731544706717,75.0242593078714,69.25816141838325,95.07548806454797
BIDMC__00,True,BIDMC,mean,Dot plot,raw,128,0.028906213394492092,4,0.01748233490333832,0.047584458708906395,97.19058811987082,95.45769715144955,98.28180457747217
BIDMC__00,True,BIDMC,mean,Histogram,4,128,0.03186191816994709,4,0.02593956090084622,0.042170584582540686,96.91219167905182,95.95358138040014,97.47162874993636
BIDMC__00,True,BIDMC,mean,Heatmap,32,128,0.029733416568146955,4,0.029733416568146955,0.029733416568146955,97.11251319130332,97.11251319130332,97.11251319130332
BIDMC__00,True,BIDMC,mean,Violin plot,32,128,0.018309482382895113,4,0.017472952319004392,0.019513942698817562,98.20197271068811,98.08595626979255,98.28271087902824
BIDMC__00,True,BIDMC,mean,Bar chart,means,256,0.0484694148579241,4,0.0484694148579241,0.0484694148579241,95.37712648828273,95.37712648828273,95.37712648828273
BIDMC__00,True,BIDMC,mean,Box plot,five,256,0.36227476533232916,4,0.1739076845177066,0.4656215784644743,73.40663025172078,68.23043647103613,85.18557406077842
BIDMC__00,True,BIDMC,mean,Interval plot,five,256,0.36019393874547,4,0.1739568107338736,0.4657639716589947,73.51892781718443,68.22380815297095,85.18200932578361
BIDMC__00,True,BIDMC,mean,Dot plot,raw,256,0.032366186395308895,4,0.016179177628204287,0.04853912040169181,96.86485407776468,95.37078593852591,98.40784204356883
BIDMC__00,True,BIDMC,mean,Histogram,4,256,0.027433371651271386,4,0.018888002347935088,0.03367511074841283,97.32991234193796,96.74219584100938,98.1462140780528
BIDMC__00,True,BIDMC,mean,Heatmap,32,256,0.030541648126803187,4,0.030541648126803187,0.030541648126803187,97.03634994448616,97.03634994448616,97.03634994448616
BIDMC__00,True,BIDMC,mean,Violin plot,128,256,0.020205174863946646,4,0.01967010746458919,0.020729209565811278,98.0194988849531,97.96917641118264,98.07093418542014
BIDMC__00,True,BIDMC,mean,Bar chart,means,512,0.048813596105736747,4,0.048813596105736747,0.048813596105736747,95.34582729600545,95.34582729600545,95.34582729600545
BIDMC__00,True,BIDMC,mean,Box plot,five,512,0.361598966027953,4,0.16617764312931252,0.4662964315434419,73.44306399682375,68.1990338711653,85.75022904028647
BIDMC__00,True,BIDMC,mean,Interval plot,five,512,0.3598291302623111,4,0.16513164907222758,0.4659867740945286,73.5386511250204,68.2134394164404,85.82721109638392
BIDMC__00,True,BIDMC,mean,Dot plot,raw,512,0.029860787779848515,4,0.02684234473304804,0.03571961541956444,97.10050250148647,96.55122729281373,97.38593320866346
BIDMC__00,True,BIDMC,mean,Histogram,64,512,0.026791879777600093,4,0.02521021767601615,0.027463728778303314,97.39071955035297,97.32703666231033,97.54097089149545
BIDMC__00,True,BIDMC,mean,Heatmap,32,512,0.030541648126803187,4,0.030541648126803187,0.030541648126803187,97.03634994448616,97.03634994448616,97.03634994448616
BIDMC__00,True,BIDMC,mean,Violin plot,256,512,0.020184816671518654,4,0.01990242026410358,0.020600028010160507,98.02145490290924,97.98157677397639,98.0485956432038
BIDMC__01,True,BIDMC,median,Bar chart,means,128,0.05673753681670027,4,0.048615695574502814,0.08110306054329264,94.63087712511704,92.49811942049858,95.36382148582396
BIDMC__01,True,BIDMC,median,Box plot,five,128,0.38064606147263924,4,0.04748464890921487,0.49748137841897916,72.4298593177001,66.77879367393447,95.4667928586197
BIDMC__01,True,BIDMC,median,Interval plot,five,128,0.36320730728204614,4,0.0520985346944479,0.4820309739293734,73.35641429283368,67.47497303303024,95.04813161729398
BIDMC__01,True,BIDMC,median,Dot plot,raw,128,0.03871788274659573,4,0.01934800997005919,0.07103922965534011,96.27253141688317,93.36726165686756,98.10192301541576
BIDMC__01,True,BIDMC,median,Histogram,4,128,0.04987291310552744,4,0.048615695574502814,0.0523676012953617,95.24962378941628,95.02382995914142,95.36382148582396
BIDMC__01,True,BIDMC,median,Heatmap,4,128,0.048615695574502814,4,0.048615695574502814,0.048615695574502814,95.36382148582396,95.36382148582396,95.36382148582396
BIDMC__01,True,BIDMC,median,Violin plot,128,128,0.044514596977626116,4,0.04417318191044953,0.04499657652604667,95.7382503694604,95.69409340309689,95.76955406672779
BIDMC__01,True,BIDMC,median,Bar chart,means,256,0.05112743162193972,4,0.048615695574502814,0.05866263976425045,95.13594355129257,94.45879758472313,95.36382148582396
BIDMC__01,True,BIDMC,median,Box plot,five,256,0.3875473357565636,4,0.21654963514045464,0.5069803181185313,72.06961335519034,66.35786731763707,82.19968763416273
BIDMC__01,True,BIDMC,median,Interval plot,five,256,0.38694955048080343,4,0.215923787234596,0.5091644364206502,72.10067587918662,66.26183177041614,82.24199662006149
BIDMC__01,True,BIDMC,median,Dot plot,raw,256,0.016665028256736752,4,0.011453039489893251,0.022127241185239677,98.36081425114898,97.83517743254927,98.86766473155596
BIDMC__01,True,BIDMC,median,Histogram,64,256,0.04536379636925303,4,0.043455268988000624,0.04728229770802127,95.66047757471513,95.4852385253242,95.83544496065022
BIDMC__01,True,BIDMC,median,Heatmap,64,256,0.03678562711818998,4,0.03678562711818998,0.03678562711818998,96.45195437166333,96.45195437166333,96.45195437166333
BIDMC__01,True,BIDMC,median,Violin plot,256,256,0.044601440508180226,4,0.044321816244993116,0.04505779056100661,95.7302911159607,95.68848814218985,95.7559235519604
BIDMC__01,True,BIDMC,median,Bar chart,means,512,0.05467938158801196,4,0.05346664438531004,0.05831759319611749,94.81554465342043,94.48959427953962,94.92469508453138
BIDMC__01,True,BIDMC,median,Box plot,five,512,0.38713226696903363,4,0.2144119374376838,0.5112900046590946,72.09117860008112,66.16863718526163,82.34438160332346
BIDMC__01,True,BIDMC,median,Interval plot,five,512,0.3861886290734795,4,0.2109253799540447,0.5110020105605176,72.14025414913367,66.1812488011874,82.58147170372716
BIDMC__01,True,BIDMC,median,Dot plot,raw,512,0.016912893612967866,4,0.006011698039433945,0.028123151735531433,98.33683949537915,97.26461254295675,99.40242265063618
BIDMC__01,True,BIDMC,median,Histogram,64,512,0.04251197954598057,4,0.04093675518839487,0.04480582152248264,95.92215913293441,95.7115647137961,96.06731581103736
BIDMC__01,True,BIDMC,median,Heatmap,64,512,0.036860536416617296,4,0.036860536416617296,0.036860536416617296,96.44498607845497,96.44498607845497,96.44498607845497
BIDMC__01,True,BIDMC,median,Violin plot,128,512,0.04425349328294735,4,0.04401306089567385,0.04442819415200192,95.76218862875697,95.74617054568559,95.78424231034865
BIDMC__02,True,BIDMC,q10,Bar chart,means,128,0.049175629796386025,4,0.032635687227656585,0.06571557236511547,95.31292679701971,93.83366687424163,96.83957395320373
BIDMC__02,True,BIDMC,q10,Box plot,five,128,0.40576299149614914,4,0.2702861923180807,0.5196025135638073,71.13574664074085,65.80668241030851,78.7224175187759
BIDMC__02,True,BIDMC,q10,Interval plot,five,128,0.3850645218636704,4,0.2447148648239598,0.497786415981411,72.19880259834049,66.76519357700003,80.33968487565464
BIDMC__02,True,BIDMC,q10,Dot plot,means,128,0.05135651029924083,4,0.0431264882508856,0.06571557236511547,95.11521450657841,93.83366687424163,95.865651123173
BIDMC__02,True,BIDMC,q10,Histogram,64,128,0.02791949304599014,4,0.011139740727691964,0.04740434228014268,97.28388329680786,95.4741124925121,98.89829859523918
BIDMC__02,True,BIDMC,q10,Heatmap,32,128,0.03284484613242366,4,0.03284484613242366,0.03284484613242366,96.81996320595354,96.81996320595354,96.81996320595354
BIDMC__02,True,BIDMC,q10,Violin plot,256,128,0.05161302054828908,4,0.050959480226250346,0.05218634653986227,95.09201393100106,95.0401992278765,95.15114700566004
BIDMC__02,True,BIDMC,q10,Bar chart,means,256,0.046008401687546205,4,0.041771243558031405,0.05871987607609059,95.60152656390524,94.45369097123947,95.99036316117086
BIDMC__02,True,BIDMC,q10,Box plot,five,256,0.40982494698883415,4,0.06420120987431457,0.5317396942588163,70.93079194944335,65.28524420618893,93.96719254980955
BIDMC__02,True,BIDMC,q10,Interval plot,five,256,0.40530209856416605,4,0.06420120987431457,0.5244089684259142,71.159076829226,65.59919422624412,93.96719254980955
BIDMC__02,True,BIDMC,q10,Dot plot,raw,256,0.03342569418970439,4,0.019347932329907398,0.04680825797770364,96.76554450139609,95.5284783415703,98.10193048749467
BIDMC__02,True,BIDMC,q10,Histogram,64,256,0.019761525378172197,4,0.013888759618684366,0.02638116181292896,98.06214248269038,97.42969154204553,98.63014956158428
BIDMC__02,True,BIDMC,q10,Heatmap,64,256,0.028321241840176814,4,0.028321241840176814,0.028321241840176814,97.24587602707729,97.24587602707729,97.24587602707729
BIDMC__02,True,BIDMC,q10,Violin plot,128,256,0.051255612880887945,4,0.0510135649789497,0.05140183612248927,95.12434347528232,95.11111409962376,95.14625056433297
BIDMC__02,True,BIDMC,q10,Bar chart,means,512,0.04476567591076519,4,0.04145749717900835,0.045868402154684136,95.71524247561626,95.6143237466409,96.0192809316459
BIDMC__02,True,BIDMC,q10,Box plot,five,512,0.4104065849200776,4,0.06439420305252196,0.5300933145870361,70.90154078206224,65.35549109760633,93.95015466376563
BIDMC__02,True,BIDMC,q10,Interval plot,five,512,0.4091320451719743,4,0.06439420305252196,0.5248926825130791,70.96567020998783,65.5783853819774,93.95015466376563
BIDMC__02,True,BIDMC,q10,Dot plot,raw,512,0.017880105506679955,4,0.01378370422836079,0.020847776591996,98.24339768407404,97.95779771773668,98.64037031066185
BIDMC__02,True,BIDMC,q10,Histogram,64,512,0.01875221351333882,4,0.015011884708706288,0.024560051381724828,98.15929592450468,97.60286853380599,98.5210138979787
BIDMC__02,True,BIDMC,q10,Heatmap,64,512,0.022569328506661594,4,0.022569328506661594,0.022569328506661594,97.79288035759676,97.79288035759676,97.79288035759676
BIDMC__02,True,BIDMC,q10,Violin plot,256,512,0.0510823259363553,4,0.05095293580283817,0.05137649866261245,95.14002617341617,95.11340621290611,95.15173952448075
BIDMC__03,True,BIDMC,q90,Bar chart,means,128,0.05005135863256722,4,0.045979207624504734,0.06226781165675467,95.23343708656814,94.13821910318082,95.60419487410971
BIDMC__03,True,BIDMC,q90,Box plot,five,128,0.29838412054384383,4,0.19899617226572314,0.3942600549949975,77.01881008689,71.72263139989246,83.40310195572323
BIDMC__03,True,BIDMC,q90,Interval plot,five,128,0.289387251332468,4,0.19774527635067876,0.3743661714815218,77.55621896886201,72.76081300240624,83.49020611851843
BIDMC__03,True,BIDMC,q90,Dot plot,raw,128,0.03132136527738081,4,0.014442495205932812,0.05327562933370476,96.96298686986314,94.94190999487888,98.57631208528967
BIDMC__03,True,BIDMC,q90,Histogram,4,128,0.046968989218288265,4,0.03341407224460497,0.061462467243456026,95.5138127583552,94.20964290870597,96.76663274266929
BIDMC__03,True,BIDMC,q90,Heatmap,32,128,0.04157509844934749,4,0.04157509844934749,0.04157509844934749,96.00843966880134,96.00843966880134,96.00843966880134
BIDMC__03,True,BIDMC,q90,Violin plot,256,128,0.030879467432520194,4,0.030198598826374358,0.032459206920996686,97.00455112279735,96.85612693427409,97.06866240540636
BIDMC__03,True,BIDMC,q90,Bar chart,means,256,0.03596684482169597,4,0.03262939055409306,0.045979207624504734,96.52818572317473,95.60419487410971,96.84016445274867
BIDMC__03,True,BIDMC,q90,Box plot,five,256,0.305521427068152,4,0.17067422771944682,0.41626915956225596,76.59774702018713,70.60804743563592,85.42086058801074
BIDMC__03,True,BIDMC,q90,Interval plot,five,256,0.3007952674730209,4,0.170092799831991,0.4000729138833003,76.87604844555143,71.4248515262222,85.46330685425858
BIDMC__03,True,BIDMC,q90,Dot plot,raw,256,0.02398430347423587,4,0.018220303670994448,0.03812666847045965,97.65774696029416,96.32735872910054,98.21057352664205
BIDMC__03,True,BIDMC,q90,Histogram,64,256,0.02689353135166688,4,0.019389745950846037,0.033794015915102046,97.38107890150327,96.73106872405448,98.09790651437639
BIDMC__03,True,BIDMC,q90,Heatmap,64,256,0.03682705651103778,4,0.03682705651103778,0.03682705651103778,96.44810035774314,96.44810035774314,96.44810035774314
BIDMC__03,True,BIDMC,q90,Violin plot,8,256,0.030967062868076524,4,0.030082306429695827,0.03246220326012894,96.99630919518142,96.8558458452401,97.07962109028334
BIDMC__03,True,BIDMC,q90,Bar chart,means,512,0.032639156546870024,4,0.03229832717103998,0.03366164467436014,96.8392486049033,96.74345615436232,96.87122159157694
BIDMC__03,True,BIDMC,q90,Box plot,five,512,0.30451529147928036,4,0.009590927943503828,0.40428079835609804,76.65682468666432,71.21082914262135,99.050018410621
BIDMC__03,True,BIDMC,q90,Interval plot,five,512,0.3044071801874201,4,0.010738022863103595,0.4042807983560978,76.66317812328494,71.21082914262136,98.93760572767549
BIDMC__03,True,BIDMC,q90,Dot plot,raw,512,0.018193589232740216,4,0.005715253574167451,0.03371810639625741,98.21315028643521,96.73817202314416,99.43172249263833
BIDMC__03,True,BIDMC,q90,Histogram,64,512,0.02889347771099493,4,0.02487998190060439,0.03415127956231979,97.19179114875188,96.6976514715745,97.57240044298013
BIDMC__03,True,BIDMC,q90,Heatmap,64,512,0.03923250011236362,4,0.03923250011236362,0.03923250011236362,96.22485823835169,96.22485823835169,96.22485823835169
BIDMC__03,True,BIDMC,q90,Violin plot,64,512,0.03063080674162182,4,0.030458642249510066,0.030758258223909783,97.02795544813353,97.015958108654,97.04416645164736
BIDMC__04,True,BIDMC,SD,Bar chart,means,128,0.09318206777312753,4,0.05441072707137455,0.10610584800704519,91.4760705906067,90.40726091465622,94.83970281462327
BIDMC__04,True,BIDMC,SD,Box plot,five,128,0.4430034765555376,4,0.04874406587581849,0.585412298244451,69.29990233890558,63.07507524114162,95.3521485878338
BIDMC__04,True,BIDMC,SD,Interval plot,five,128,0.43916264790244147,4,0.047250694658322635,0.5950197038940765,69.48484950311109,62.69515025793116,95.4881199984557
BIDMC__04,True,BIDMC,SD,Dot plot,raw,128,0.024269405246565328,4,0.012530534144504491,0.04578518123089527,97.6305642712502,95.62193249124013,98.76245370169585
BIDMC__04,True,BIDMC,SD,Histogram,16,128,0.017305672609466142,4,0.01494872170046301,0.020710081234006306,98.29887190493336,97.97101237513314,98.52714512754717
BIDMC__04,True,BIDMC,SD,Heatmap,16,128,0.01820816258555443,4,0.01820816258555443,0.01820816258555443,98.21174458675345,98.21174458675345,98.21174458675345
BIDMC__04,True,BIDMC,SD,Violin plot,32,128,0.05517624045140254,4,0.0544183780828442,0.055984256864302646,94.77089813661857,94.69838148624058,94.83901464409333
BIDMC__04,True,BIDMC,SD,Bar chart,means,256,0.07762430159941094,4,0.0776243015994108,0.0776243015994111,92.79671946111452,92.7967194611145,92.79671946111452
BIDMC__04,True,BIDMC,SD,Box plot,five,256,0.4460148401462544,4,0.058438363836859276,0.5852862040788102,69.15558348618724,63.08009225255873,94.47881276477743
BIDMC__04,True,BIDMC,SD,Interval plot,five,256,0.4459392768754903,4,0.05351887382638741,0.5829998592467514,69.15919748448123,63.171199552464664,94.91998908078348
BIDMC__04,True,BIDMC,SD,Dot plot,raw,256,0.017780358050405502,4,0.011671062498729205,0.025154899564323353,98.25302601786653,97.54623427396056,98.84635797826391
BIDMC__04,True,BIDMC,SD,Histogram,16,256,0.01897918281144494,4,0.014331951258850966,0.029062299267299536,98.13743174231686,97.17584646838272,98.58705513110732
BIDMC__04,True,BIDMC,SD,Heatmap,16,256,0.01820816258555443,4,0.01820816258555443,0.01820816258555443,98.21174458675345,98.21174458675345,98.21174458675345
BIDMC__04,True,BIDMC,SD,Violin plot,16,256,0.05388965983291384,4,0.05284323048503804,0.05509334195333814,94.88659374061439,94.778344269395,94.98090228868227
BIDMC__04,True,BIDMC,SD,Bar chart,means,512,0.07379473382426546,4,0.06485075957416912,0.07677605857429758,93.12766849196129,92.86982117006272,93.90987337980556
BIDMC__04,True,BIDMC,SD,Box plot,five,512,0.44852235278837704,4,0.05400757463512976,0.5858704351312283,69.03586942065614,63.056853690399464,94.87597850956377
BIDMC__04,True,BIDMC,SD,Interval plot,five,512,0.44742576506719434,4,0.054871726736588265,0.5867428504371899,69.08817185201734,63.022184075036066,94.79825600157635
BIDMC__04,True,BIDMC,SD,Dot plot,raw,512,0.020833754711282394,4,0.0173153391490145,0.024754943387759968,97.95914323805106,97.58430602872505,98.297937868164
BIDMC__04,True,BIDMC,SD,Histogram,16,512,0.017628807307711353,4,0.015768687061101152,0.01933977034037514,98.26765838573783,98.10271600273997,98.44761043907306
BIDMC__04,True,BIDMC,SD,Heatmap,16,512,0.01820816258555443,4,0.01820816258555443,0.01820816258555443,98.21174458675345,98.21174458675345,98.21174458675345
BIDMC__04,True,BIDMC,SD,Violin plot,16,512,0.05486546200681838,4,0.054590624238806236,0.05500063867434964,94.79881899797535,94.78667247600342,94.82352459958486
Wrist__00,True,Wrist,mean,Bar chart,means,128,0.044974452871622536,4,0.036148629993881014,0.07145192150484711,95.69611938856195,93.33129932657236,96.51125051489048
Wrist__00,True,Wrist,mean,Box plot,five,128,0.22919637559748163,4,0.11024781641803288,0.28037073910622695,81.35396587985586,78.10237843283251,90.06998124313156
Wrist__00,True,Wrist,mean,Interval plot,five,128,0.2234526593112296,4,0.09648793892912,0.2822317699182897,81.7358965538538,77.98902066384808,91.20027357315443
Wrist__00,True,Wrist,mean,Dot plot,means,128,0.049457115979082054,4,0.039405999821592846,0.06167981202171245,95.28736189158703,94.19035651584463,96.20879619433056
Wrist__00,True,Wrist,mean,Histogram,8,128,0.12082597506539108,4,0.11725071472184043,0.1307536526035571,89.21991658354082,88.43659250602488,89.50542495280192
Wrist__00,True,Wrist,mean,Heatmap,8,128,0.12019271178410168,4,0.12019271178410168,0.12019271178410168,89.27035406321525,89.27035406321525,89.27035406321525
Wrist__00,True,Wrist,mean,Violin plot,128,128,0.05960137914380896,4,0.05736637278251595,0.06114940998162845,94.37511310225277,94.23743636792041,94.57459833609487
Wrist__00,True,Wrist,mean,Bar chart,means,256,0.048792498731175346,4,0.03846558761191855,0.052234802437594374,95.34774526036328,95.03582258288854,96.29592082098983
Wrist__00,True,Wrist,mean,Box plot,five,256,0.23539756444638377,4,0.1101664183953872,0.29910639526088056,80.945602353371,76.97598931449988,90.07658522452701
Wrist__00,True,Wrist,mean,Interval plot,five,256,0.23225855353671304,4,0.10804734489024269,0.2957037850546179,81.15180025570882,77.17813373199701,90.24885124372143
Wrist__00,True,Wrist,mean,Dot plot,means,256,0.05223480243759409,4,0.049209128371685854,0.055260476503502326,95.03582258288857,94.76333306004199,95.30988369801399
Wrist__00,True,Wrist,mean,Histogram,8,256,0.11966920307792293,4,0.11799631398435266,0.1242711027627009,89.31209300488418,88.94651810783661,89.44573318280152
Wrist__00,True,Wrist,mean,Heatmap,8,256,0.12019271178410168,4,0.12019271178410168,0.12019271178410168,89.27035406321525,89.27035406321525,89.27035406321525
Wrist__00,True,Wrist,mean,Violin plot,16,256,0.06406023990213391,4,0.06365911735130698,0.06467748042218756,93.97964161239351,93.92515746679076,94.01508281056913
Wrist__00,True,Wrist,mean,Bar chart,means,512,0.04635536760497754,4,0.04361621570440175,0.054572823306704904,95.56982560226349,94.82512519755753,95.82066519779376
Wrist__00,True,Wrist,mean,Box plot,five,512,0.23679128774826094,4,0.10565810482955322,0.30285437571388574,80.85438585362529,76.75454898419174,90.4438719014463
Wrist__00,True,Wrist,mean,Interval plot,five,512,0.23411655307517612,4,0.10583712829202481,0.30057094232118714,81.02962378295602,76.88930818454665,90.42922998475453
Wrist__00,True,Wrist,mean,Dot plot,means,512,0.04909451950555347,4,0.04580753722486244,0.052381501786244504,95.32029587489485,95.02257482696764,95.61988840256242
Wrist__00,True,Wrist,mean,Histogram,8,512,0.11914000582268497,4,0.11832972231823474,0.12136021547118266,89.35432517800982,89.1774102739869,89.41906667087916
Wrist__00,True,Wrist,mean,Heatmap,8,512,0.12019271178410168,4,0.12019271178410168,0.12019271178410168,89.27035406321525,89.27035406321525,89.27035406321525
Wrist__00,True,Wrist,mean,Violin plot,16,512,0.06578974944386737,4,0.06561483512898245,0.06601884122084917,93.82713621723266,93.8069723847243,93.84253738161965
Wrist__01,True,Wrist,median,Bar chart,means,128,0.05111798360868869,4,0.037547685016142376,0.064688282201235,95.13679868427415,93.9242045505101,96.38111235190523
Wrist__01,True,Wrist,median,Box plot,five,128,0.22414569309684831,4,0.10424877613524011,0.2796728826752647,81.6896228642684,78.14497076076312,90.55930344789691
Wrist__01,True,Wrist,median,Interval plot,five,128,0.22318587188059164,4,0.08578657928038742,0.2834899795155663,81.753723860671,77.9125677613342,92.09913062866895
Wrist__01,True,Wrist,median,Dot plot,means,128,0.05356099043225731,4,0.046233931499941504,0.06468828220123529,94.91619460869728,93.92420455051005,95.5809183674957
Wrist__01,True,Wrist,median,Histogram,4,128,0.1379040581831825,4,0.1379040581831825,0.1379040581831825,87.88087122183526,87.88087122183526,87.88087122183526
Wrist__01,True,Wrist,median,Heatmap,4,128,0.1379040581831825,4,0.1379040581831825,0.1379040581831825,87.88087122183526,87.88087122183526,87.88087122183526
Wrist__01,True,Wrist,median,Violin plot,64,128,0.05846642699990562,4,0.057156976569327986,0.060284983240439634,94.47630784420612,94.31426605173668,94.59333118579862
Wrist__01,True,Wrist,median,Bar chart,means,256,0.04553771430661404,4,0.03986462314728128,0.04742874469305829,95.64456511864672,95.47188818968712,96.1663641343403
Wrist__01,True,Wrist,median,Box plot,five,256,0.23354998303273491,4,0.11491613620825769,0.2929166855359701,81.06684072431808,77.34450418864047,89.69284482695906
Wrist__01,True,Wrist,median,Interval plot,five,256,0.23158472173483777,4,0.10560847170471811,0.29456105978505204,81.19620050104045,77.24625983775839,90.44793211995905
Wrist__01,True,Wrist,median,Dot plot,means,256,0.04744366447966543,4,0.04642019515362118,0.04849697337892396,95.47052828819831,95.37461961166794,95.56390488556976
Wrist__01,True,Wrist,median,Histogram,4,256,0.1379040581831825,4,0.1379040581831825,0.1379040581831825,87.88087122183526,87.88087122183526,87.88087122183526
Wrist__01,True,Wrist,median,Heatmap,32,256,0.13702551091802453,4,0.13702551091802453,0.13702551091802453,87.948774270914,87.948774270914,87.948774270914
Wrist__01,True,Wrist,median,Violin plot,32,256,0.06263334604574226,4,0.062108440788457946,0.06319259190272573,94.10583657299927,94.05633632288257,94.15234467561977
Wrist__01,True,Wrist,median,Bar chart,means,512,0.048208078428077644,4,0.04820807842807762,0.04820807842807772,95.40090565793274,95.40090565793274,95.40090565793274
Wrist__01,True,Wrist,median,Box plot,five,512,0.23510959919742766,4,0.10985494362916555,0.29805570387101016,80.96447478424574,77.03829635491294,90.10186472928201
Wrist__01,True,Wrist,median,Interval plot,five,512,0.2334750890886999,4,0.10766364053893439,0.29805570387101044,81.07176292784374,77.03829635491292,90.28011423336505
Wrist__01,True,Wrist,median,Dot plot,means,512,0.050648142944061586,4,0.04820807842807762,0.052922366509544246,95.17934302894798,94.97376367025208,95.40090565793274
Wrist__01,True,Wrist,median,Histogram,4,512,0.1379040581831825,4,0.1379040581831825,0.1379040581831825,87.88087122183526,87.88087122183526,87.88087122183526
Wrist__01,True,Wrist,median,Heatmap,64,512,0.10694141489165347,4,0.10694141489165347,0.10694141489165347,90.33901763426923,90.33901763426923,90.33901763426923
Wrist__01,True,Wrist,median,Violin plot,16,512,0.06464998819258529,4,0.0645265249343614,0.06470494513553679,93.92758287610194,93.92273461007548,93.9384765505641
Wrist__02,True,Wrist,q10,Bar chart,means,128,0.07029805268728458,4,0.06821961007210033,0.07653338053283731,93.43191809881542,92.89075639299206,93.61370925707908
Wrist__02,True,Wrist,q10,Box plot,five,128,0.21604754490891923,4,0.11156656116658197,0.27015793517609277,82.23362681718987,78.73036669737937,89.96312366130432
Wrist__02,True,Wrist,q10,Interval plot,five,128,0.20976638949904033,4,0.09317372501262314,0.26902209945137256,82.6605870918679,78.80083415665676,91.47676870741223
Wrist__02,True,Wrist,q10,Dot plot,means,128,0.0678300893123672,4,0.06442339972796689,0.07206938150066397,93.64785746428568,93.27754502233965,93.94757765148422
Wrist__02,True,Wrist,q10,Histogram,8,128,0.17647454101549648,4,0.1728779001410696,0.18646158738158958,84.99971441258992,84.28422888994722,85.26036681906305
Wrist__02,True,Wrist,q10,Heatmap,8,128,0.1758374907358243,4,0.1758374907358243,0.1758374907358243,85.04576592248412,85.04576592248412,85.04576592248412
Wrist__02,True,Wrist,q10,Violin plot,16,128,0.04847410314589803,4,0.047570274883642315,0.050497117406456,95.37670000618483,95.19302656145055,95.45898962349555
Wrist__02,True,Wrist,q10,Bar chart,means,256,0.06873156564510148,4,0.0647233900744236,0.07006762416866077,93.56886538635975,93.4520377417178,93.92110752165411
Wrist__02,True,Wrist,q10,Box plot,five,256,0.2245706009671263,4,0.10204535664028347,0.28532645692955344,81.66127777444864,77.80124610434345,90.74036689820272
Wrist__02,True,Wrist,q10,Interval plot,five,256,0.2225910278109904,4,0.0941456226803658,0.2853264569295535,81.79350062714492,77.80124610434345,91.39551255986072
Wrist__02,True,Wrist,q10,Dot plot,means,256,0.07006762416866077,4,0.0690530348360015,0.07108221350132003,93.4520377417178,93.36351471387472,93.54072879587358
Wrist__02,True,Wrist,q10,Histogram,64,256,0.13963364735264777,4,0.1258499359494296,0.18098478156230227,87.74749695421728,84.67509620887063,88.82178415338272
Wrist__02,True,Wrist,q10,Heatmap,32,256,0.15005836856487031,4,0.15005836856487031,0.15005836856487031,86.95210846105799,86.95210846105799,86.95210846105799
Wrist__02,True,Wrist,q10,Violin plot,16,256,0.05502671028879442,4,0.054597563196525624,0.05598520601120956,94.78433012622668,94.69829636887779,94.82290068725
Wrist__02,True,Wrist,q10,Bar chart,means,512,0.06861875985649225,4,0.06770024905912278,0.07137429224860051,93.57874272526273,93.3380618925623,93.65924573692088
Wrist__02,True,Wrist,q10,Box plot,five,512,0.22624321459431834,4,0.09886346741169157,0.28872970784598195,81.54989060068586,77.59579017321074,91.00311637035685
Wrist__02,True,Wrist,q10,Interval plot,five,512,0.22549544973149377,4,0.09645618686569023,0.2883765574623589,81.5996501838583,77.61705956290002,91.20291462430268
Wrist__02,True,Wrist,q10,Dot plot,means,512,0.06953727065386173,4,0.06843505769701831,0.07063948361070509,93.4983779844016,93.40212231175379,93.59483225451923
Wrist__02,True,Wrist,q10,Histogram,64,512,0.13948698191887426,4,0.1258499359494296,0.1803981198272083,87.75879109351642,84.71718000926538,88.82178415338272
Wrist__02,True,Wrist,q10,Heatmap,64,512,0.12964850660719401,4,0.12964850660719401,0.12964850660719401,88.52311087485235,88.52311087485235,88.52311087485235
Wrist__02,True,Wrist,q10,Violin plot,16,512,0.05746395044854724,4,0.05708256519114489,0.057842130313589174,94.56587144893473,94.5320640333693,94.59998990894121
Wrist__03,True,Wrist,q90,Bar chart,means,128,0.05747234089826495,4,0.051413632735985815,0.059491910285691334,94.56512112180208,94.38486413080311,95.1100469753091
Wrist__03,True,Wrist,q90,Box plot,five,128,0.24930224073557278,4,0.1123127287260699,0.3251277185552764,80.04468153448705,75.46442399456049,89.90277411868679
Wrist__03,True,Wrist,q90,Interval plot,five,128,0.23282538043623935,4,0.1124602191554532,0.29544709921302054,81.11448838327344,77.19342616209465,89.89085477224259
Wrist__03,True,Wrist,q90,Dot plot,means,128,0.05949191028569185,4,0.0529787329241277,0.06600508764725585,94.38486413080305,93.80818268016587,94.96867968292146
Wrist__03,True,Wrist,q90,Histogram,4,128,0.130282359020151,4,0.130282359020151,0.130282359020151,88.47346789229785,88.47346789229785,88.47346789229785
Wrist__03,True,Wrist,q90,Heatmap,32,128,0.12414101854960304,4,0.12414101854960304,0.12414101854960304,88.95681088928032,88.95681088928032,88.95681088928032
Wrist__03,True,Wrist,q90,Violin plot,64,128,0.05666160045132425,4,0.05543856279502974,0.05856732374014919,94.63767771752822,94.46730288885,94.74734345045945
Wrist__03,True,Wrist,q90,Bar chart,means,256,0.04729767412372188,4,0.042074727741141335,0.06296651327146352,95.48383661185001,94.0763408362063,95.96240781768647
Wrist__03,True,Wrist,q90,Box plot,five,256,0.25026432599021664,4,0.11930557327037647,0.31957668049286064,79.98308671312317,75.78187874815285,89.34110790480649
Wrist__03,True,Wrist,q90,Interval plot,five,256,0.2502718851887997,4,0.12813463532085562,0.31943142096137245,79.98260313187744,75.79022176623425,88.6419021888808
Wrist__03,True,Wrist,q90,Dot plot,means,256,0.05162295646497325,4,0.04481682238107868,0.05842909054886783,95.0911154851066,94.47964052853382,95.7105569683551
Wrist__03,True,Wrist,q90,Histogram,4,256,0.130282359020151,4,0.130282359020151,0.130282359020151,88.47346789229785,88.47346789229785,88.47346789229785
Wrist__03,True,Wrist,q90,Heatmap,4,256,0.130282359020151,4,0.130282359020151,0.130282359020151,88.47346789229785,88.47346789229785,88.47346789229785
Wrist__03,True,Wrist,q90,Violin plot,16,256,0.05694067742954325,4,0.056316294310337474,0.057690702298310255,94.61268937363431,94.54559804932093,94.66861444685884
Wrist__03,True,Wrist,q90,Bar chart,means,512,0.04553312084271207,4,0.04285388113795057,0.05357083995699648,95.64498532518876,94.91530726503562,95.89071087397316
Wrist__03,True,Wrist,q90,Box plot,five,512,0.2536991804308297,4,0.12394252851976421,0.32140010754935344,79.76395100269214,75.6773057824691,88.97252080291001
Wrist__03,True,Wrist,q90,Interval plot,five,512,0.2509860781430558,4,0.12291509556749096,0.3181195025767217,79.93694074392774,75.86565543148046,89.05392793696723
Wrist__03,True,Wrist,q90,Dot plot,means,512,0.0480938499029538,4,0.0448076558705279,0.05138004393537985,95.41130310921996,95.11308548875807,95.71139667490334
Wrist__03,True,Wrist,q90,Histogram,4,512,0.130282359020151,4,0.130282359020151,0.130282359020151,88.47346789229785,88.47346789229785,88.47346789229785
Wrist__03,True,Wrist,q90,Heatmap,64,512,0.12722709989983091,4,0.12722709989983091,0.12722709989983091,88.71326816830995,88.71326816830995,88.71326816830995
Wrist__03,True,Wrist,q90,Violin plot,16,512,0.060334358815140335,4,0.06022828041647154,0.06050919459498196,94.30987420962569,94.2943262629523,94.31931014018858
Wrist__04,True,Wrist,SD,Bar chart,means,128,0.5156350133178911,4,0.5053448439983429,0.5259251826374391,65.97894553853638,65.53401250456987,66.42996147938452
Wrist__04,True,Wrist,SD,Box plot,five,128,0.23704616793271077,4,0.1661109649005247,0.2986179460426195,80.83772666877499,77.00494229633732,85.7551322386635
Wrist__04,True,Wrist,SD,Interval plot,five,128,0.23561257645429629,4,0.16369354612028916,0.30290551659243115,80.93151680841513,76.75153625992478,85.9332771358888
Wrist__04,True,Wrist,SD,Dot plot,raw,128,0.28003586261637464,4,0.2323685723228346,0.33206821646137147,78.12281118093165,75.0712304101431,81.14455548920289
Wrist__04,True,Wrist,SD,Histogram,8,128,0.1640163778057599,4,0.14486142384772877,0.17059250108578544,85.90944415104016,85.4268243707736,87.34681588267088
Wrist__04,True,Wrist,SD,Heatmap,8,128,0.1495544230551954,4,0.1495544230551954,0.1495544230551954,86.99022681695038,86.99022681695038,86.99022681695038
Wrist__04,True,Wrist,SD,Violin plot,8,128,0.10508889699015639,4,0.10392207822000595,0.10585642026214262,90.49045762052458,90.4276524219076,90.58610383193235
Wrist__04,True,Wrist,SD,Bar chart,means,256,0.5105760388616277,4,0.5081864807142012,0.5177447133039073,66.19991144263095,65.8872332899218,66.30479803309538
Wrist__04,True,Wrist,SD,Box plot,five,256,0.24557122624738392,4,0.1803582509662194,0.3100145082706071,80.28444932954714,76.33503245091022,84.72004149430214
Wrist__04,True,Wrist,SD,Interval plot,five,256,0.2461032213337923,4,0.18024076702010847,0.30858564972134395,80.25017373196654,76.41838348242199,84.72847472679804
Wrist__04,True,Wrist,SD,Dot plot,raw,256,0.30599921447533923,4,0.2535874317653955,0.32946844413882637,76.56972446202667,75.21803201938785,79.77106140827571
Wrist__04,True,Wrist,SD,Histogram,8,256,0.15647988153146172,4,0.14808159865180365,0.159766263330863,86.46929496739328,86.22427049464154,87.10182282986712
Wrist__04,True,Wrist,SD,Heatmap,8,256,0.1495544230551954,4,0.1495544230551954,0.1495544230551954,86.99022681695038,86.99022681695038,86.99022681695038
Wrist__04,True,Wrist,SD,Violin plot,8,256,0.10678146161958922,4,0.10544090564660334,0.1082075586997243,90.35207352828873,90.23580394753075,90.46164248961568
Wrist__04,True,Wrist,SD,Bar chart,means,512,0.5083071654691217,4,0.5048459266980009,0.509460911726162,66.29949276207108,66.2488171923868,66.45198569891097
Wrist__04,True,Wrist,SD,Box plot,five,512,0.2487594209940063,4,0.046363320418990384,0.31730555040595027,80.07947593332308,75.91253219056375,95.56909923023436
Wrist__04,True,Wrist,SD,Interval plot,five,512,0.24692682215460798,4,0.04230137808480686,0.3155398170038714,80.19716812828402,76.01442290644535,95.94154061634896
Wrist__04,True,Wrist,SD,Dot plot,raw,512,0.3169386955888719,4,0.2841002350331987,0.3640471745117169,75.93367886823677,73.31124749097967,77.87554060950283
Wrist__04,True,Wrist,SD,Histogram,8,512,0.15355738031517097,4,0.14954280063288689,0.15513001974914575,86.68836219718722,86.57034125190215,86.99110632935499
Wrist__04,True,Wrist,SD,Heatmap,8,512,0.1495544230551954,4,0.1495544230551954,0.1495544230551954,86.99022681695038,86.99022681695038,86.99022681695038
Wrist__04,True,Wrist,SD,Violin plot,8,512,0.10863185308428844,4,0.10844171573556383,0.10875514010718881,90.20126899817399,90.1912391498203,90.21674173787282
