key,dataset,feature,family,setting,axis,H,observer,loss,group_loss,zero_loss,successful,low,high,scale,score,candidate
WDBC__00,WDBC,mean radius,Bar chart,means,zero,256,threshold,0.4323527174147821,0.7982424472539065,2.144469731021561,4,0.4267114380767859,0.4379939967527783,2.410516653707913,69.81520597837627,Bar chart / means
WDBC__01,WDBC,mean texture,Bar chart,means,zero,256,threshold,0.0669923066591847,0.7223230366885062,1.0101730397394426,4,0.045617596732851,0.0741172099679626,3.916259734095069,93.72138803240846,Bar chart / means
WDBC__02,WDBC,mean perimeter,Bar chart,means,zero,256,threshold,0.4569209805026301,0.8156675780029198,2.225124373549086,4,0.45692098050263,0.4569209805026302,16.287269345845637,68.63790235589889,Bar chart / means
WDBC__03,WDBC,mean area,Bar chart,means,zero,256,threshold,0.6620581531180176,0.7569596277530526,1.992501508162291,4,0.6535538822395954,0.6648929100774917,248.397302572926,60.16636650913821,Bar chart / means
WDBC__04,WDBC,mean smoothness,Bar chart,means,zero,256,threshold,0.043414677989907,0.7472148714342499,0.802189850530686,4,0.0434146779899069,0.0434146779899071,0.0131405302535634,95.8391731585046,Bar chart / means
WDBC__05,WDBC,mean compactness,Bar chart,means,zero,256,threshold,0.3795263544175181,0.7799678813467565,1.5079960187193386,4,0.3795263544175181,0.3795263544175181,0.0424242499355741,72.48864777376677,Bar chart / means
WDBC__06,WDBC,mean concavity,Bar chart,means,zero,256,threshold,0.4898333568696014,0.704411073856998,2.016960676180267,4,0.4869004727746019,0.4927662409646009,0.0572647753444237,67.12160090851863,Bar chart / means
WDBC__07,WDBC,mean concave points,Bar chart,means,zero,256,threshold,0.5382456990696334,0.7552317308493594,2.592899862752084,4,0.5347894796813366,0.5417019184579304,0.0244664442739667,65.0091204938732,Bar chart / means
WDBC__08,WDBC,mean symmetry,Bar chart,means,zero,256,threshold,0.108918391096784,0.7493838737488451,0.7068886217023179,4,0.1061565973241794,0.117203772414598,0.0258965831928597,90.17796151896646,Bar chart / means
WDBC__09,WDBC,mean fractal dimension,Bar chart,means,zero,256,threshold,0.2238747735614601,0.7626254948608562,0.2238747735614601,4,0.2238747735614601,0.2238747735614601,0.0070660037968311,81.70770585376252,Bar chart / means
WDBC__10,WDBC,radius error,Bar chart,means,zero,256,threshold,0.6522199691175287,0.6755543336578299,1.3830645875970615,4,0.6488274699267819,0.6623974666897692,0.2286032068461238,60.52462860221406,Bar chart / means
WDBC__11,WDBC,texture error,Bar chart,means,zero,256,threshold,0.1240283050964376,0.7020367241663581,0.1227587105992975,4,0.1227587105992975,0.1278370885878582,0.552115606860959,88.96573115338083,Bar chart / means
WDBC__12,WDBC,perimeter error,Bar chart,means,zero,256,threshold,0.6540495575568859,0.6664276163819223,1.321966289988079,4,0.6540495575568859,0.654049557556886,1.681820494847905,60.45768069229136,Bar chart / means
WDBC__13,WDBC,area error,Bar chart,means,zero,256,threshold,0.7696568004422966,0.5388253012636377,1.2490355035028862,4,0.7580610409252746,0.7735220536146372,38.07874145019458,56.50813195813259,Bar chart / means
WDBC__14,WDBC,smoothness error,Bar chart,means,zero,256,threshold,0.1545595338863693,0.6418750383915531,0.1877029040463673,4,0.1498859977399847,0.159233070032754,0.0029984085907428,86.61311700695887,Bar chart / means
WDBC__15,WDBC,compactness error,Bar chart,means,zero,256,threshold,0.1556391019980062,0.6751606443044702,0.6128457754801324,4,0.1511580163033232,0.1601201876926892,0.0171373295210721,86.53220527681015,Bar chart / means
WDBC__16,WDBC,concavity error,Bar chart,means,zero,256,threshold,0.0607274536545108,0.4939191098721139,0.6006687144477244,4,0.0507689667962401,0.0640469492739346,0.0292239625234014,94.2749239264726,Bar chart / means
WDBC__17,WDBC,concave points error,Bar chart,means,zero,256,threshold,0.0687406878964407,0.6430272089839422,0.9174972699310664,4,0.0647451400856024,0.0727362357072791,0.0056382075124742,93.56806672797867,Bar chart / means
WDBC__18,WDBC,symmetry error,Bar chart,means,zero,256,threshold,0.1305738030116616,0.6577766457693724,0.1305738030116616,4,0.1305738030116616,0.1305738030116616,0.0082734819319271,88.45066083577785,Bar chart / means
WDBC__19,WDBC,fractal dimension error,Bar chart,means,zero,256,threshold,0.1062895968378376,0.5272861084413121,0.2022769553363431,4,0.1062895968378376,0.1062895968378377,0.0026403403151483,90.39224474842295,Bar chart / means
WDBC__20,WDBC,worst radius,Bar chart,means,zero,256,threshold,0.5793549101458584,0.8154495949084944,2.4490655220853155,4,0.5736027301459314,0.5851070901457853,3.04846886809422,63.31699060014616,Bar chart / means
WDBC__21,WDBC,worst texture,Bar chart,means,zero,256,threshold,0.0993565727119469,0.7590196945522224,1.0542547027912608,4,0.0928204366783928,0.1189649808126087,5.472017326293327,90.96229784055876,Bar chart / means
WDBC__22,WDBC,worst perimeter,Bar chart,means,zero,256,threshold,0.5953265180989871,0.8113423613659763,2.562994903230928,4,0.595326518098987,0.5953265180989872,20.923568725165023,62.68309268698258,Bar chart / means
WDBC__23,WDBC,worst area,Bar chart,means,zero,256,threshold,0.777593755309701,0.7250180651797334,2.099445049332308,4,0.7745093971039297,0.7868468299270147,387.1270649634207,56.25582318867762,Bar chart / means
WDBC__24,WDBC,worst smoothness,Bar chart,means,zero,256,threshold,0.0827801494181103,0.7694879481177102,0.9498102100830976,4,0.0827801494181099,0.0827801494181107,0.0207237191083447,92.35485158620642,Bar chart / means
WDBC__25,WDBC,worst compactness,Bar chart,means,zero,256,threshold,0.4214552078763912,0.7678650437967044,1.4826009427136595,4,0.4214552078763912,0.4214552078763912,0.1270309458020991,70.35044048232572,Bar chart / means
WDBC__26,WDBC,worst concavity,Bar chart,means,zero,256,threshold,0.3169947952319262,0.7439986550840296,1.848416959601444,4,0.3169947952319262,0.3169947952319262,0.156941862328806,75.93044434347193,Bar chart / means
WDBC__27,WDBC,worst concave points,Bar chart,means,zero,256,threshold,0.2080885447274665,0.8160117714837565,2.7191463072567554,4,0.2080885447274665,0.2080885447274665,0.0400323438681821,82.7753896321888,Bar chart / means
WDBC__28,WDBC,worst symmetry,Bar chart,means,zero,256,threshold,0.3935607807187767,0.7599807978226072,0.9353774582202034,4,0.3935607807187766,0.3935607807187768,0.0563013353990857,71.75862106884321,Bar chart / means
WDBC__29,WDBC,worst fractal dimension,Bar chart,means,zero,256,threshold,0.3914973903993682,0.7534051719303567,0.7096422831555368,4,0.3856985458210346,0.3972962349777018,0.0171028422179571,71.86502877400251,Bar chart / means
Cleveland__00,Cleveland,age,Bar chart,means,zero,256,threshold,0.2339921767622746,0.8155363969398798,0.461167340857416,4,0.2339921767622744,0.2339921767622747,8.825429815634669,81.03779090591816,Bar chart / means
Cleveland__01,Cleveland,trestbps,Bar chart,means,zero,256,threshold,0.2475439006861758,0.8061204368073669,0.172143795625577,4,0.2268800677860473,0.2544318449862186,17.427290882589684,80.15749982425298,Bar chart / means
Cleveland__02,Cleveland,chol,Bar chart,means,zero,256,threshold,0.1168516971589539,0.7140654056591611,0.195067442522468,4,0.1143800975915954,0.1193232967263124,51.67443561904991,89.53740255253216,Bar chart / means
Cleveland__03,Cleveland,thalach,Bar chart,means,zero,256,threshold,0.1672449952004934,0.8054081584794088,0.9004037068023738,4,0.1672449952004932,0.1672449952004935,20.8239924584355,85.67181732299771,Bar chart / means
Cleveland__04,Cleveland,oldpeak,Bar chart,means,zero,256,threshold,0.5571587661282997,0.8055282802308035,0.9544077453023504,4,0.5531518746261636,0.561165657630436,1.0530090571316797,64.21952736947868,Bar chart / means
HeartFailure__00,HeartFailure,age,Bar chart,means,zero,256,threshold,0.2596894433990163,0.8546021107279956,0.6143214823582146,4,0.2554702491695581,0.2639086376284745,11.52491033330266,79.38464557595267,Bar chart / means
HeartFailure__01,HeartFailure,creatinine_phosphokinase,Bar chart,means,zero,256,threshold,0.1708440474084899,0.3974174465896017,0.0344430881035375,4,0.1708440474084896,0.17084404740849,970.005938479382,85.40847111221765,Bar chart / means
HeartFailure__02,HeartFailure,ejection_fraction,Bar chart,means,zero,256,threshold,0.1576435334222848,0.8066476870592414,0.7180953456055503,4,0.1576435334222848,0.1576435334222848,11.419096433615184,86.38237688278265,Bar chart / means
HeartFailure__03,HeartFailure,platelets,Bar chart,means,zero,256,threshold,0.1497189870144168,0.662082428604689,0.1485941781468389,4,0.1497189870144168,0.1497189870144168,97850.40155228524,86.977775551641,Bar chart / means
HeartFailure__04,HeartFailure,serum_creatinine,Bar chart,means,zero,256,threshold,0.3756471843369662,0.474050222271016,0.5523215962469813,4,0.369894898736712,0.3813994699372204,0.9903650404345196,72.69305759397746,Bar chart / means
HeartFailure__05,HeartFailure,serum_sodium,Bar chart,means,zero,256,threshold,0.2244418262123322,0.69438539324634,0.4267714704945112,4,0.2172398248715978,0.2460478302345357,4.3348727080007405,81.66986610489967,Bar chart / means
CKD__00,CKD,age,Bar chart,means,zero,256,threshold,0.1745068174692529,0.7770091065984744,0.5483248315059996,4,0.173644436276021,0.1753691986624848,16.74190091808664,85.1421196647229,Bar chart / means
CKD__01,CKD,bp,Bar chart,means,zero,256,threshold,0.3699152568364603,0.7743654465362726,0.7636209682823528,4,0.3411075218526148,0.3795178351644089,13.095502108190471,72.99721606935717,Bar chart / means
CKD__02,CKD,bgr,Bar chart,means,zero,256,threshold,0.7542459647124602,0.5969286399796921,0.8914340559173735,4,0.7479723338532613,0.7563371749988598,72.06365919449946,57.004548969500455,Bar chart / means
CKD__03,CKD,bu,Bar chart,means,zero,256,threshold,0.6935599307205524,0.565967470211653,0.7948487371049439,4,0.6886700671766736,0.6984497942644312,46.76361459085069,59.04721656791524,Bar chart / means
CKD__04,CKD,sc,Bar chart,means,zero,256,threshold,0.4910265565257025,0.2837649524165981,0.538847825566807,4,0.4802444161075179,0.5233729777802563,5.483923029459524,67.06788659285438,Bar chart / means
CKD__05,CKD,sod,Bar chart,means,zero,256,threshold,0.1659229181730164,0.4969617654800123,0.75141055610421,4,0.1575169753531682,0.1743288609928646,9.661828598257197,85.76896331765953,Bar chart / means
CKD__06,CKD,pot,Bar chart,means,zero,256,threshold,0.1663164565771586,0.2147515161206016,0.0721546253126926,4,0.1429916702705385,0.1896412428837787,3.187598840729353,85.74002316101627,Bar chart / means
CKD__07,CKD,hemo,Bar chart,means,zero,256,threshold,0.2818149331260445,0.73077056588214,2.4162937504835846,4,0.2748085437744946,0.2841503962432281,1.8648394877891767,78.01438211998635,Bar chart / means
CKD__08,CKD,pcv,Bar chart,means,zero,256,threshold,0.2591536785541434,0.7254494947133069,2.2675077612126007,4,0.2523657347770232,0.2614163264798502,6.041875681463431,79.4184234245558,Bar chart / means
CKD__09,CKD,wc,Bar chart,means,zero,256,threshold,0.276640643383018,0.693084384803546,0.4112797540662808,4,0.2583911411415966,0.2827238107968252,2869.093332053087,78.33057839597386,Bar chart / means
CKD__10,CKD,rc,Bar chart,means,zero,256,threshold,0.1708102846710526,0.779810808511481,2.001324589190506,4,0.1655036779885285,0.1761168913535767,0.7345135356551953,85.41093404222674,Bar chart / means
ILPD__00,ILPD,age,Bar chart,means,zero,256,threshold,0.1049393271317327,0.8571554021472896,0.2803705343203134,4,0.1049393271317327,0.1049393271317328,16.050188765053708,90.502706840552,Bar chart / means
ILPD__01,ILPD,total_bilirubin,Bar chart,means,zero,256,threshold,0.522719297690673,0.3123027416048773,0.438281976879355,4,0.522719297690673,0.522719297690673,6.06230723635571,65.67198573739631,Bar chart / means
ILPD__02,ILPD,direct_bilirubin,Bar chart,means,zero,256,threshold,0.5962743042505518,0.3666802300856689,0.5285372278126305,4,0.5837059159107383,0.6088426925903655,2.724500610788553,62.64587466810714,Bar chart / means
ILPD__03,ILPD,alkaline_phosphatase,Bar chart,means,zero,256,threshold,0.3269471700794101,0.3691814545779765,0.372746383115118,4,0.32694717007941,0.3269471700794101,238.95604098321152,75.36095049964617,Bar chart / means
ILPD__04,ILPD,ALT,Bar chart,means,zero,256,threshold,0.2976713901082928,0.2041478057375076,0.2023065465567548,4,0.2715720291064407,0.3063711771089102,180.3204128629913,77.06111174390216,Bar chart / means
ILPD__05,ILPD,AST,Bar chart,means,zero,256,threshold,0.2629852401221927,0.183866803141462,0.1912459137657919,4,0.2504092563104665,0.3007131915573707,285.8100281658253,79.17748903409598,Bar chart / means
ILPD__06,ILPD,total_protein,Bar chart,means,zero,256,threshold,0.0449325870371599,0.8018983032149457,0.1013153236402179,4,0.031433716466616,0.0584314576077043,1.0857192776743458,95.699953509483,Bar chart / means
ILPD__07,ILPD,albumin,Bar chart,means,zero,256,threshold,0.1051394104018772,0.8084616782589867,0.4517885912482831,4,0.0868947166731191,0.1233841041306363,0.7857657472472728,90.48632150728892,Bar chart / means
ILPD__08,ILPD,albumin_globulin_ratio,Bar chart,means,zero,256,threshold,0.1339651887211833,0.7045606019883552,0.4436218697090482,4,0.1339651887211833,0.1339651887211836,0.3155840808565631,88.18612863484273,Bar chart / means
Retinopathy__00,Retinopathy,feature_2,Bar chart,means,zero,256,threshold,0.2477803160078531,0.8283430080305055,0.5875093631555783,4,0.244182004071361,0.2513786279443453,24.510247671043043,80.14231248649592,Bar chart / means
Retinopathy__01,Retinopathy,feature_3,Bar chart,means,zero,256,threshold,0.2130740515286002,0.843742018435613,0.5343080031685485,4,0.2113872260616928,0.2181345279293227,23.2450195886025,82.43519830795947,Bar chart / means
Retinopathy__02,Retinopathy,feature_4,Bar chart,means,zero,256,threshold,0.1933339139831525,0.8535905947160564,0.4743420245305044,4,0.1884726183533378,0.1949543458597574,22.17808976637167,83.79884190688625,Bar chart / means
Retinopathy__03,Retinopathy,feature_5,Bar chart,means,zero,256,threshold,0.1486133934169626,0.875299498943373,0.4249601136663283,4,0.1455325403718065,0.1516942464621189,20.70782578646808,87.06149568961068,Bar chart / means
Retinopathy__04,Retinopathy,feature_6,Bar chart,means,zero,256,threshold,0.1405360053110375,0.8736131435632437,0.3530434995106309,4,0.1405360053110375,0.1405360053110376,19.26108258451374,87.67807376035343,Bar chart / means
Retinopathy__05,Retinopathy,feature_7,Bar chart,means,zero,256,threshold,0.1204579262768243,0.8702528037653795,0.253601729447275,4,0.1187463441315698,0.1255926727125878,14.984124943793166,89.24922360296966,Bar chart / means
Retinopathy__06,Retinopathy,feature_8,Bar chart,means,zero,256,threshold,0.2966605506429035,0.7397105422278077,0.2712182469918723,4,0.294703450362055,0.3025318514854492,58.41218588981864,77.12118638175467,Bar chart / means
Retinopathy__07,Retinopathy,feature_9,Bar chart,means,zero,256,threshold,0.105717439194512,0.69813504994152,0.0993727012819967,4,0.0993727012819967,0.1247516529320582,21.61209177463597,90.43901855509084,Bar chart / means
Retinopathy__08,Retinopathy,feature_10,Bar chart,means,zero,256,threshold,0.1412662135383306,0.6328061718528513,0.0832930242817212,4,0.1412662135383306,0.1412662135383306,11.564139353880767,87.62197532332485,Bar chart / means
Retinopathy__09,Retinopathy,feature_11,Bar chart,means,zero,256,threshold,0.2060206984610986,0.4059080389012635,0.158176713458784,4,0.2060206984610986,0.2060206984610987,3.903542161791645,82.91731653329133,Bar chart / means
Retinopathy__14,Retinopathy,feature_16,Bar chart,means,zero,256,threshold,0.0774003606470909,0.834759073247513,0.0642130837613129,4,0.0642130837613129,0.0905876375328689,0.0280665542664034,92.81600754239548,Bar chart / means
Retinopathy__15,Retinopathy,feature_17,Bar chart,means,zero,256,threshold,0.0601235630449062,0.7652579642269748,0.0783165415303669,4,0.054059236883086,0.0783165415303669,0.0179441018785934,94.32862685626776,Bar chart / means
HAR__00,HAR,tBodyAcc-mean()-X,Bar chart,means,zero,256,threshold,0.9523661604393724,0.659300402335262,1.0074414071271316,4,0.9523661604393724,0.9523661604393724,0.0046163865383122,51.21990025554192,Bar chart / means
HAR__01,HAR,tBodyAcc-mean()-Y,Bar chart,means,zero,256,threshold,0.6246693054853814,0.7340119726214901,0.7770455544112371,4,0.6185742555283471,0.6307643554424158,0.0018147610291245,61.5509874301,Bar chart / means
HAR__02,HAR,tBodyAcc-mean()-Z,Bar chart,means,zero,256,threshold,0.4960933481225425,0.6342601377220158,0.6902601240651061,4,0.4960933481225425,0.4960933481225425,0.0039368550424096,66.84074902511308,Bar chart / means
HAR__03,HAR,tBodyAcc-std()-X,Bar chart,means,zero,256,threshold,0.9001746387908801,0.5069473127325709,7.873132339733298,4,0.893040297741746,0.9073089798400144,0.0873726069265212,52.62674175234338,Bar chart / means
HAR__04,HAR,tBodyAcc-std()-Y,Bar chart,means,zero,256,threshold,0.8983932428789454,0.5576220408863706,7.977201261579362,4,0.8983932428789454,0.8983932428789454,0.1183712457679736,52.676125125871344,Bar chart / means
HAR__05,HAR,tBodyAcc-std()-Z,Bar chart,means,zero,256,threshold,0.97564630007048,0.5795338526362391,5.020878783288113,4,0.9704914821297332,0.9773645727173956,0.1374280562790486,50.616347671358255,Bar chart / means
HAR__06,HAR,tGravityAcc-mean()-X,Bar chart,means,zero,256,threshold,0.3787390239637082,0.5541087541808265,0.3149381013152098,4,0.3742623900963578,0.392168925565759,0.0516786369512984,72.53004249673884,Bar chart / means
HAR__07,HAR,tGravityAcc-mean()-Y,Bar chart,means,zero,256,threshold,0.3287943243760299,0.7503744465378471,2.572618135599922,4,0.3287943243760299,0.3287943243760299,0.1065519917197416,75.25619139512627,Bar chart / means
HAR__08,HAR,tGravityAcc-mean()-Z,Bar chart,means,zero,256,threshold,0.15105159978772,0.7896451292702936,1.4276852001405482,4,0.1489050334569979,0.1574912987798865,0.1390913183805862,86.87707833292814,Bar chart / means
HAR__09,HAR,tGravityAcc-std()-X,Bar chart,means,zero,256,threshold,0.8184488005348268,1.1298055398365725,4.978964581664309,4,0.6953746289030677,0.8594735244120799,0.0030620051418208,54.99192496956133,Bar chart / means
HAR__10,HAR,tGravityAcc-std()-Y,Bar chart,means,zero,256,threshold,0.4185852989359939,0.9234088164098142,3.765669216841903,4,0.2523171217286994,0.9173898305578776,0.0044293128630103,70.49276492221139,Bar chart / means
HAR__11,HAR,tGravityAcc-std()-Z,Bar chart,means,zero,256,threshold,0.3344527550986937,0.9064369822339045,2.088132693145848,4,0.3273270687089119,0.3558298142680394,0.0086901926585239,74.93708534672265,Bar chart / means
HAR__12,HAR,tBodyAccJerk-mean()-X,Bar chart,means,zero,256,threshold,1.1553190836891265,0.6029682025194422,1.2772440670946683,4,1.1478542887867462,1.1578073486565863,0.0205696096359731,46.39684247069172,Bar chart / means
HAR__13,HAR,tBodyAccJerk-mean()-Y,Bar chart,means,zero,256,threshold,1.0559401161898894,0.5681302456315049,1.0589496574231776,4,1.0535495837092588,1.0631117136317816,0.0218734829981097,48.639548989063975,Bar chart / means
HAR__15,HAR,tBodyAccJerk-std()-X,Bar chart,means,zero,256,threshold,1.0476066628039815,0.5747097118811473,6.454213687249911,4,1.0410505546008169,1.054162771007146,0.1130557335824611,48.83750469099399,Bar chart / means
HAR__16,HAR,tBodyAccJerk-std()-Y,Bar chart,means,zero,256,threshold,1.0906739797087464,0.5962818845286951,7.135567250348754,4,1.0840404699744468,1.0973074894430457,0.1215755357582258,47.83146534111028,Bar chart / means
HAR__17,HAR,tBodyAccJerk-std()-Z,Bar chart,means,zero,256,threshold,0.8996409028323871,0.4931209907852175,4.197529874381866,4,0.8938430806389229,0.9054387250258512,0.1186859717045763,52.64152811770836,Bar chart / means
HAR__18,HAR,tBodyGyro-mean()-X,Bar chart,means,zero,256,threshold,0.6433559046649907,0.3590341292851006,0.6670287206786537,4,0.6433559046649907,0.6433559046649907,0.0069091420910798,60.85109118245794,Bar chart / means
HAR__19,HAR,tBodyGyro-mean()-Y,Bar chart,means,zero,256,threshold,0.7049150247072611,0.4923755338748111,0.7139376139785505,4,0.6951452400857847,0.7081716195810868,0.0077115347366547,58.65394964019998,Bar chart / means
HAR__20,HAR,tBodyGyro-mean()-Z,Bar chart,means,zero,256,threshold,0.8551752299734663,0.5819107278283748,0.8840846496226551,4,0.8458739082101674,0.8644765517367647,0.0051456011049865,53.90326389892035,Bar chart / means
HAR__21,HAR,tBodyGyro-std()-X,Bar chart,means,zero,256,threshold,0.8769977559325448,0.5008367979029361,5.086399968002463,4,0.8769977559325448,0.8769977559325448,0.1005996314621226,53.27656875664042,Bar chart / means
HAR__22,HAR,tBodyGyro-std()-Y,Bar chart,means,zero,256,threshold,1.152604392988791,0.6361498612205534,3.789140300933709,4,1.1498209359590974,1.1609547640778723,0.1645037007659498,46.45535441891143,Bar chart / means
HAR__23,HAR,tBodyGyro-std()-Z,Bar chart,means,zero,256,threshold,1.0097211836338102,0.6170147620467745,6.506856847420687,4,1.0066586085335745,1.0189089089345178,0.1007221383485321,49.75814596290832,Bar chart / means
HAR__24,HAR,tBodyGyroJerk-mean()-X,Bar chart,means,zero,256,threshold,0.8968408446734627,0.4867693512453719,0.9248204807099052,4,0.8968408446734627,0.8968408446734627,0.0212550115941538,52.71923592367329,Bar chart / means
HAR__25,HAR,tBodyGyroJerk-mean()-Y,Bar chart,means,zero,256,threshold,1.2160355781069332,0.660478081510905,1.301729608668024,4,1.209539410240205,1.2182009673958425,0.0091759494410072,45.12562929401424,Bar chart / means
HAR__26,HAR,tBodyGyroJerk-mean()-Z,Bar chart,means,zero,256,threshold,1.0233178684438695,0.55822769750666,0.9819911096664414,4,1.0182728650002746,1.0283628718874651,0.0162481200674206,49.42377149909215,Bar chart / means
HAR__27,HAR,tBodyGyroJerk-std()-X,Bar chart,means,zero,256,threshold,0.9489281212211716,0.5449890775427746,5.5696618032543626,4,0.9398209662274616,0.9519638395524082,0.1082625972725443,51.31025557645573,Bar chart / means
HAR__28,HAR,tBodyGyroJerk-std()-Y,Bar chart,means,zero,256,threshold,0.8606120006081096,0.4721504150959552,2.851111129589107,4,0.8520281131861962,0.863473296415414,0.1619098651607198,53.74575675493691,Bar chart / means
HAR__29,HAR,tBodyGyroJerk-std()-Z,Bar chart,means,zero,256,threshold,1.076927236682233,0.6044546137854903,5.727563428170417,4,1.070849425121603,1.0830050482428628,0.0940084226045832,48.14805171496717,Bar chart / means
HAR__30,HAR,tBodyAccMag-mean(),Bar chart,means,zero,256,threshold,1.0440410994325326,0.6261018383283714,10.138692858529437,4,1.0361676266761102,1.0519145721889551,0.0815866565761593,48.92269535468834,Bar chart / means
HAR__31,HAR,tBodyAccMag-std(),Bar chart,means,zero,256,threshold,1.050271991677104,0.6574774180943369,7.383637809662343,4,1.0436928685346143,1.0568511148195938,0.0871909475783781,48.77401652363251,Bar chart / means
HAR__32,HAR,tGravityAccMag-mean(),Bar chart,means,zero,256,threshold,1.0440410994325326,0.6261018383283714,10.138692858529437,4,1.0361676266761102,1.0519145721889551,0.0815866565761593,48.92269535468834,Bar chart / means
HAR__33,HAR,tGravityAccMag-std(),Bar chart,means,zero,256,threshold,1.050271991677104,0.6574774180943369,7.383637809662343,4,1.0436928685346143,1.0568511148195938,0.0871909475783781,48.77401652363251,Bar chart / means
HAR__34,HAR,tBodyAccJerkMag-mean(),Bar chart,means,zero,256,threshold,1.0245394618082737,0.5725933303201318,7.415407794137192,4,1.0210364117947306,1.0350486118489022,0.1009673116928177,49.39394953096257,Bar chart / means
HAR__35,HAR,tBodyAccJerkMag-std(),Bar chart,means,zero,256,threshold,1.1521883637566417,0.6338808933958077,6.351958299397688,4,1.1428917095976652,1.1552872484763004,0.1214445464450148,46.464334481137215,Bar chart / means
HAR__36,HAR,tBodyGyroMag-mean(),Bar chart,means,zero,256,threshold,1.1020799427111567,0.6316434195167102,5.954985082050173,4,1.1020799427111565,1.102079942711157,0.1189689146870361,47.57193005277669,Bar chart / means
HAR__37,HAR,tBodyGyroMag-std(),Bar chart,means,zero,256,threshold,0.9459388435851306,0.5674955947284424,4.25120744504073,4,0.937037651355444,0.9489059076616928,0.1354565161673692,51.38907644998928,Bar chart / means
HAR__38,HAR,tBodyGyroJerkMag-mean(),Bar chart,means,zero,256,threshold,0.9610622255448336,0.535071499276601,4.776719690397632,4,0.9547771226639756,0.9673473284256916,0.1071670577256307,50.99277253796341,Bar chart / means
HAR__39,HAR,tBodyGyroJerkMag-std(),Bar chart,means,zero,256,threshold,0.8117717141624092,0.454331062883296,3.022894688594303,4,0.8030601321520784,0.8146755748325195,0.1514172162619554,55.194591690725495,Bar chart / means
BIDMC__00,BIDMC,mean,Bar chart,means,zero,256,threshold,0.0484694148579241,0.7031669340818233,0.0702477202658534,4,0.0484694148579241,0.0484694148579241,12.360952402314334,95.37712648828273,Bar chart / means
BIDMC__01,BIDMC,median,Bar chart,means,zero,256,threshold,0.0511274316219397,0.7036717178065723,0.0486156955745028,4,0.0486156955745028,0.0586626397642504,12.341693210590991,95.13594355129256,Bar chart / means
BIDMC__02,BIDMC,q10,Bar chart,means,zero,256,threshold,0.0460084016875461,0.7064397502082473,0.0326356872276565,4,0.0417712435580314,0.0587198760760905,13.788586612591835,95.60152656390524,Bar chart / means
BIDMC__03,BIDMC,q90,Bar chart,means,zero,256,threshold,0.0359668448216959,0.7299871639756592,0.0459792076245047,4,0.032629390554093,0.0459792076245047,13.049376685652764,96.52818572317472,Bar chart / means
BIDMC__04,BIDMC,SD,Bar chart,means,zero,256,threshold,0.0776243015994109,0.4448607515965984,0.0544107270713745,4,0.0776243015994108,0.0776243015994111,3.71002338580408,92.79671946111452,Bar chart / means
Wrist__00,Wrist,mean,Bar chart,means,zero,256,threshold,0.0487924987311752,0.5403201257523412,0.1476325689647016,4,0.0384655876119185,0.0522348024375943,29.715915839607305,95.34774526036333,Bar chart / means
Wrist__01,Wrist,median,Bar chart,means,zero,256,threshold,0.0455377143066139,0.5377759185179383,0.1379040581831825,4,0.0398646231472812,0.0474287446930582,29.81885170304165,95.64456511864672,Bar chart / means
Wrist__02,Wrist,q10,Bar chart,means,zero,256,threshold,0.0687315656451014,0.5566172961270548,0.2182669216939535,4,0.0647233900744236,0.0700676241686607,30.43233291876568,93.56886538635976,Bar chart / means
Wrist__03,Wrist,q90,Bar chart,means,zero,256,threshold,0.0472976741237218,0.5309409466279086,0.130282359020151,4,0.0420747277411413,0.0629665132714635,29.194196643150427,95.48383661185,Bar chart / means
Wrist__04,Wrist,SD,Bar chart,means,zero,256,threshold,0.5105760388616277,0.5683388718096446,1.5161811796252485,4,0.5081864807142012,0.5177447133039073,1.0871690248123866,66.19991144263095,Bar chart / means
WDBC__00,WDBC,mean radius,Box plot,five,zero,256,threshold,0.4779147053639245,0.3002694826553128,2.144469731021561,4,0.361020684986387,0.5776733286722306,2.410516653707913,67.6629034389206,Box plot / five
WDBC__01,WDBC,mean texture,Box plot,five,zero,256,threshold,0.6079466769105262,0.3968760871641991,1.0101730397394426,4,0.3304125975969312,0.7546652465875133,3.916259734095069,62.19111705379299,Box plot / five
WDBC__02,WDBC,mean perimeter,Box plot,five,zero,256,threshold,0.481371730955638,0.2901207728975216,2.225124373549086,4,0.370042791697328,0.5708604645897061,16.287269345845637,67.50500087880687,Box plot / five
WDBC__03,WDBC,mean area,Box plot,five,zero,256,threshold,0.6042277300052463,0.3544653026389822,1.992501508162291,4,0.3804819444667587,0.6824171906937595,248.397302572926,62.335289516328814,Box plot / five
WDBC__04,WDBC,mean smoothness,Box plot,five,zero,256,threshold,0.4598497497113675,0.3072085557666729,0.802189850530686,4,0.4224150545012557,0.5012925193454432,0.0131405302535634,68.500200119753,Box plot / five
WDBC__05,WDBC,mean compactness,Box plot,five,zero,256,threshold,0.4036816068343949,0.2779059419657886,1.5079960187193386,4,0.0701187914775802,0.5184530383400331,0.0424242499355741,71.24122700839658,Box plot / five
WDBC__06,WDBC,mean concavity,Box plot,five,zero,256,threshold,0.500278971524161,0.3347500494141167,2.016960676180267,4,0.4043528493837809,0.544071742392656,0.0572647753444237,66.65427023775996,Box plot / five
WDBC__07,WDBC,mean concave points,Box plot,five,zero,256,threshold,0.4167124164423462,0.2531714113815732,2.592899862752084,4,0.1791686797101562,0.4989589362509388,0.0244664442739667,70.58595579413385,Box plot / five
WDBC__08,WDBC,mean symmetry,Box plot,five,zero,256,threshold,0.4683375735248609,0.3365105882987026,0.7068886217023179,4,0.2090577446055747,0.6001007997781931,0.0258965831928597,68.10423011919667,Box plot / five
WDBC__09,WDBC,mean fractal dimension,Box plot,five,zero,256,threshold,0.4453883822159874,0.3229431995883261,0.2238747735614601,4,0.0420585542484907,0.5978249318889883,0.0070660037968311,69.18555678902419,Box plot / five
WDBC__10,WDBC,radius error,Box plot,five,zero,256,threshold,0.918071663967451,0.5319029365665129,1.3830645875970615,4,0.7230992028112452,0.9862723500175536,0.2286032068461238,52.13569538541338,Box plot / five
WDBC__11,WDBC,texture error,Box plot,five,zero,256,threshold,0.5101109153473666,0.3463964301423823,0.1227587105992975,4,0.3770351124198968,0.5921803108701655,0.552115606860959,66.22030142534085,Box plot / five
WDBC__12,WDBC,perimeter error,Box plot,five,zero,256,threshold,1.0082208632809408,0.5452525906947356,1.321966289988079,4,0.8814456952539221,1.0808713138417254,1.681820494847905,49.79531974218439,Box plot / five
WDBC__13,WDBC,area error,Box plot,five,zero,256,threshold,1.2367694079386973,0.6709799045155406,1.2490355035028862,4,1.12091390510861,1.2776928936926626,38.07874145019458,44.70733534046112,Box plot / five
WDBC__14,WDBC,smoothness error,Box plot,five,zero,256,threshold,0.9483735863644236,0.5887603910212771,0.1877029040463673,4,0.5833056125899981,1.102330417101255,0.0029984085907428,51.324859205567165,Box plot / five
WDBC__15,WDBC,compactness error,Box plot,five,zero,256,threshold,0.5663328740647591,0.3885844039291375,0.6128457754801324,4,0.1631721985048461,0.7145658820105107,0.0171373295210721,63.84338964966751,Box plot / five
WDBC__16,WDBC,concavity error,Box plot,five,zero,256,threshold,0.6124774347389239,0.384043336388171,0.6006687144477244,4,0.3969569640656274,1.1709449901486733,0.0292239625234014,62.01637173061649,Box plot / five
WDBC__17,WDBC,concave points error,Box plot,five,zero,256,threshold,0.5527520189665243,0.3814680867288029,0.9174972699310664,4,0.4839876868973172,0.6025936135455595,0.0056382075124742,64.40178391560404,Box plot / five
WDBC__18,WDBC,symmetry error,Box plot,five,zero,256,threshold,0.7131126017002117,0.4673098757862961,0.1305738030116616,4,0.3233996242810625,0.8719105990959234,0.0082734819319271,58.37327908320391,Box plot / five
WDBC__19,WDBC,fractal dimension error,Box plot,five,zero,256,threshold,0.5213864464606083,0.3406588615012065,0.2022769553363431,4,0.4013055130357074,0.8093353625056118,0.0026403403151483,65.72951943448854,Box plot / five
WDBC__20,WDBC,worst radius,Box plot,five,zero,256,threshold,0.4799200973535518,0.2955976561197135,2.4490655220853155,4,0.3689830499802783,0.570556328727338,3.04846886809422,67.5712156209134,Box plot / five
WDBC__21,WDBC,worst texture,Box plot,five,zero,256,threshold,0.501731977573804,0.3138903468621032,1.0542547027912608,4,0.2931060840775447,0.6277775036958952,5.472017326293327,66.58977866447238,Box plot / five
WDBC__22,WDBC,worst perimeter,Box plot,five,zero,256,threshold,0.4990191138893294,0.2998569362227601,2.562994903230928,4,0.4202725151240821,0.5812200761837053,20.923568725165023,66.71029013135244,Box plot / five
WDBC__23,WDBC,worst area,Box plot,five,zero,256,threshold,0.6814655551143877,0.3863407657982304,2.099445049332308,4,0.5798317215389667,0.7392185286696688,387.1270649634207,59.471928934754274,Box plot / five
WDBC__24,WDBC,worst smoothness,Box plot,five,zero,256,threshold,0.4264264342196024,0.3077891697638495,0.9498102100830976,4,0.2644645160749116,0.5498458952478474,0.0207237191083447,70.10526277487978,Box plot / five
WDBC__25,WDBC,worst compactness,Box plot,five,zero,256,threshold,0.5058290396850932,0.3217430103334011,1.4826009427136595,4,0.2775696131426921,0.6094442599193498,0.1270309458020991,66.40860108589254,Box plot / five
WDBC__26,WDBC,worst concavity,Box plot,five,zero,256,threshold,0.5918376253949332,0.3807909813351532,1.848416959601444,4,0.5616960258257461,0.6251259364753446,0.156941862328806,62.82047766975612,Box plot / five
WDBC__27,WDBC,worst concave points,Box plot,five,zero,256,threshold,0.446732331048306,0.2527647937896302,2.7191463072567554,4,0.3684038034163698,0.5136257687133271,0.0400323438681821,69.12128653925895,Box plot / five
WDBC__28,WDBC,worst symmetry,Box plot,five,zero,256,threshold,0.6125500188752122,0.3894789126028252,0.9353774582202034,4,0.3084377851009324,0.7162074713721158,0.0563013353990857,62.01358024835231,Box plot / five
WDBC__29,WDBC,worst fractal dimension,Box plot,five,zero,256,threshold,0.6359624367683983,0.4170119929038604,0.7096422831555368,4,0.3265828925150539,0.7786240283540641,0.0171028422179571,61.12609785682806,Box plot / five
Cleveland__00,Cleveland,age,Box plot,five,zero,256,threshold,0.3308162767068308,0.2082521928264326,0.461167340857416,4,0.191032448530658,0.4070397837895862,8.825429815634669,75.1418522227988,Box plot / five
Cleveland__01,Cleveland,trestbps,Box plot,five,zero,256,threshold,0.3587195734365432,0.233292313251256,0.172143795625577,4,0.0971586634039366,0.4672025625397695,17.427290882589684,73.59870421758544,Box plot / five
Cleveland__02,Cleveland,chol,Box plot,five,zero,256,threshold,0.453756179053196,0.2998341897588711,0.195067442522468,4,0.4109902936481845,0.4799936759646246,51.67443561904991,68.78732585345097,Box plot / five
Cleveland__03,Cleveland,thalach,Box plot,five,zero,256,threshold,0.402172359658166,0.2666020635504267,0.9004037068023738,4,0.2201240220354812,0.5247268923973826,20.8239924584355,71.3179084662451,Box plot / five
Cleveland__04,Cleveland,oldpeak,Box plot,five,zero,256,threshold,0.3171232974386451,0.2319618270856303,0.9544077453023504,4,0.0542652499327916,0.4157144905903702,1.0530090571316797,75.92303635845319,Box plot / five
HeartFailure__00,HeartFailure,age,Box plot,five,zero,256,threshold,0.2312780312954431,0.1394511718326901,0.6143214823582146,4,0.1804594091625367,0.2795027949177203,11.52491033330266,81.21642509514177,Box plot / five
HeartFailure__01,HeartFailure,creatinine_phosphokinase,Box plot,five,zero,256,threshold,0.7889156731467551,0.5185909586931081,0.0344430881035375,4,0.3648502467829713,0.9364378504025528,970.005938479382,55.89978415477633,Box plot / five
HeartFailure__02,HeartFailure,ejection_fraction,Box plot,five,zero,256,threshold,0.4324115402427608,0.2564702177370744,0.7180953456055503,4,0.2004333945105139,0.5694114136331794,11.419096433615184,69.81233897560773,Box plot / five
HeartFailure__03,HeartFailure,platelets,Box plot,five,zero,256,threshold,0.4994654646836955,0.3346540624859223,0.1485941781468389,4,0.4139537144647373,0.5502302956661168,97850.40155228524,66.69043226086869,Box plot / five
HeartFailure__04,HeartFailure,serum_creatinine,Box plot,five,zero,256,threshold,0.710013039969867,0.4887570661585785,0.5523215962469813,4,0.262800122334385,0.8610658833354206,0.9903650404345196,58.4790862189929,Box plot / five
HeartFailure__05,HeartFailure,serum_sodium,Box plot,five,zero,256,threshold,0.4679642694495896,0.3560588001181337,0.4267714704945112,4,0.2714516889736474,0.5487749037910284,4.3348727080007405,68.12154906024709,Box plot / five
CKD__00,CKD,age,Box plot,five,zero,256,threshold,0.4046267962095609,0.2282687549631663,0.5483248315059996,4,0.3245301865375142,0.4830639196530886,16.74190091808664,71.19328797503637,Box plot / five
CKD__01,CKD,bp,Box plot,five,zero,256,threshold,0.6961525796590091,0.3629421464446214,0.7636209682823528,4,0.6882576485146292,0.7120928576521008,13.095502108190471,58.95696012212757,Box plot / five
CKD__02,CKD,bgr,Box plot,five,zero,256,threshold,0.365902642950744,0.1948379734742989,0.8914340559173735,4,0.3269857305574573,0.382214083184661,72.06365919449946,73.21166008140312,Box plot / five
CKD__03,CKD,bu,Box plot,five,zero,256,threshold,0.5687155151734444,0.2945672514974977,0.7948487371049439,4,0.5582930980322834,0.5816685416843784,46.76361459085069,63.74642121707041,Box plot / five
CKD__04,CKD,sc,Box plot,five,zero,256,threshold,1.3815887687794666,0.7088386186178837,0.538847825566807,4,1.3743481354343945,1.3968985550949191,5.483923029459524,41.9887771184144,Box plot / five
CKD__05,CKD,sod,Box plot,five,zero,256,threshold,1.8262236202362636,0.928986765462388,0.75141055610421,4,1.8045555294109603,1.8529352767534748,9.661828598257197,35.38290434061276,Box plot / five
CKD__06,CKD,pot,Box plot,five,zero,256,threshold,1.5725962806300045,0.7987069529655417,0.0721546253126926,4,1.5592775505969374,1.596375342910424,3.187598840729353,38.871237105073845,Box plot / five
CKD__07,CKD,hemo,Box plot,five,zero,256,threshold,0.478604790658047,0.2555100402296105,2.4162937504835846,4,0.4139879553590456,0.5323047256184384,1.8648394877891767,67.63132422660108,Box plot / five
CKD__08,CKD,pcv,Box plot,five,zero,256,threshold,0.496802729734679,0.2592443132468391,2.2675077612126007,4,0.4164577250890733,0.5293043980957568,6.041875681463431,66.80907110433039,Box plot / five
CKD__09,CKD,wc,Box plot,five,zero,256,threshold,0.6767145143390061,0.3507160553414309,0.4112797540662808,4,0.6372388924694502,0.706093609542221,2869.093332053087,59.64044513530198,Box plot / five
CKD__10,CKD,rc,Box plot,five,zero,256,threshold,0.6307301857172818,0.3310700909227105,2.001324589190506,4,0.5809615299994679,0.6764545656488086,0.7345135356551953,61.32222293782751,Box plot / five
ILPD__00,ILPD,age,Box plot,five,zero,256,threshold,0.3576971490147732,0.2278111331796793,0.2803705343203134,4,0.2448477382896263,0.4599927670207036,16.050188765053708,73.65412829552305,Box plot / five
ILPD__01,ILPD,total_bilirubin,Box plot,five,zero,256,threshold,1.1426155742670128,0.6072905028388017,0.438281976879355,4,1.0608743464629418,1.1704062384332934,6.06230723635571,46.67192808687108,Box plot / five
ILPD__02,ILPD,direct_bilirubin,Box plot,five,zero,256,threshold,0.4736707340928148,0.2720239137950487,0.5285372278126305,4,0.37562271982468,0.5113202407301579,2.724500610788553,67.8577633975744,Box plot / five
ILPD__03,ILPD,alkaline_phosphatase,Box plot,five,zero,256,threshold,0.6262727537219109,0.474957258041361,0.372746383115118,4,0.0956714008631946,0.8066266833504827,238.95604098321152,61.49030030241765,Box plot / five
ILPD__04,ILPD,ALT,Box plot,five,zero,256,threshold,1.171645536627182,0.6158122777924284,0.2023065465567548,4,1.1087785388639206,1.1998772283753305,180.3204128629913,46.04803054337847,Box plot / five
ILPD__05,ILPD,AST,Box plot,five,zero,256,threshold,1.926497126854435,1.0016502104780651,0.1912459137657919,4,1.8785562719232551,1.949942733938127,285.8100281658253,34.17054439670189,Box plot / five
ILPD__06,ILPD,total_protein,Box plot,five,zero,256,threshold,0.498925139599206,0.3019576218327797,0.1013153236402179,4,0.3801750196079341,0.6100534594909645,1.0857192776743458,66.71447249643084,Box plot / five
ILPD__07,ILPD,albumin,Box plot,five,zero,256,threshold,0.4336926706283327,0.2596795804138443,0.4517885912482831,4,0.3019659819066987,0.5252632343051402,0.7857657472472728,69.74995551604084,Box plot / five
ILPD__08,ILPD,albumin_globulin_ratio,Box plot,five,zero,256,threshold,0.7035108883663904,0.3984493503120161,0.4436218697090482,4,0.5360557748620085,0.7954166277671301,0.3155840808565631,58.70229576043194,Box plot / five
Retinopathy__00,Retinopathy,feature_2,Box plot,five,zero,256,threshold,0.3664411923022146,0.2299872787568209,0.5875093631555783,4,0.1982572580588677,0.4437622349433573,24.510247671043043,73.18280549748172,Box plot / five
Retinopathy__01,Retinopathy,feature_3,Box plot,five,zero,256,threshold,0.3127766350258821,0.2063406764320292,0.5343080031685485,4,0.1310051525504073,0.393515558133599,23.2450195886025,76.17442094254552,Box plot / five
Retinopathy__02,Retinopathy,feature_4,Box plot,five,zero,256,threshold,0.3068030170589986,0.1961992345713774,0.4743420245305044,4,0.1407673657987291,0.3873380587011489,22.17808976637167,76.52262712482342,Box plot / five
Retinopathy__03,Retinopathy,feature_5,Box plot,five,zero,256,threshold,0.2620212944923544,0.1786675142399926,0.4249601136663283,4,0.0831528277775972,0.3419595113963481,20.70782578646808,79.23796566382408,Box plot / five
Retinopathy__04,Retinopathy,feature_6,Box plot,five,zero,256,threshold,0.2681711063205324,0.18397348665996,0.3530434995106309,4,0.0726146065624733,0.35441422389042,19.26108258451374,78.85371264303573,Box plot / five
Retinopathy__05,Retinopathy,feature_7,Box plot,five,zero,256,threshold,0.3806594703322747,0.2613659030143633,0.253601729447275,4,0.0674229451075504,0.4905433391448195,14.984124943793166,72.42915588442212,Box plot / five
Retinopathy__06,Retinopathy,feature_8,Box plot,five,zero,256,threshold,0.3949157716902511,0.2679819693378564,0.2712182469918723,4,0.3255023242099429,0.433071690048293,58.41218588981864,71.68891629838534,Box plot / five
Retinopathy__07,Retinopathy,feature_9,Box plot,five,zero,256,threshold,0.566019086165032,0.4328086585572058,0.0993727012819967,4,0.0565822415537991,0.7482191191327298,21.61209177463597,63.85618213944405,Box plot / five
Retinopathy__08,Retinopathy,feature_10,Box plot,five,zero,256,threshold,0.6244227168987935,0.481073105263453,0.0832930242817212,4,0.2404683010981648,0.762536099640687,11.564139353880767,61.56033091614928,Box plot / five
Retinopathy__09,Retinopathy,feature_11,Box plot,five,zero,256,threshold,1.4455541110856691,0.9603251697700004,0.158176713458784,4,0.7260331304276342,1.69788939057533,3.903542161791645,40.8905284682523,Box plot / five
Retinopathy__10,Retinopathy,feature_12,Box plot,five,zero,256,threshold,2.2932131912222213,1.2276458426092625,0.1571889426940167,4,2.0693746492733625,2.395579412165737,2.459911323105543,30.36548021444268,Box plot / five
Retinopathy__14,Retinopathy,feature_16,Box plot,five,zero,256,threshold,0.6429122714979003,0.4138375721163844,0.0642130837613129,4,0.4292314547855655,0.8035167763944627,0.0280665542664034,60.86752271247357,Box plot / five
Retinopathy__15,Retinopathy,feature_17,Box plot,five,zero,256,threshold,0.7253754872434843,0.4856741975571882,0.0783165415303669,4,0.407306247216873,0.8964545962583742,0.0179441018785934,57.958398469983614,Box plot / five
HAR__01,HAR,tBodyAcc-mean()-Y,Box plot,five,zero,256,threshold,0.248661810629719,0.1631476922947988,0.7770455544112371,4,0.1006416394016894,0.3054055874429382,0.0018147610291245,80.0857359043987,Box plot / five
HAR__02,HAR,tBodyAcc-mean()-Z,Box plot,five,zero,256,threshold,0.3636562127797855,0.2277092116711044,0.6902601240651061,4,0.2421039676278879,0.4130444395591648,0.0039368550424096,73.33226590604683,Box plot / five
HAR__03,HAR,tBodyAcc-std()-X,Box plot,five,zero,256,threshold,0.3701520254677758,0.2031370335455763,7.873132339733298,4,0.3665649513504613,0.3744525336900043,0.0873726069265212,72.98460181151034,Box plot / five
HAR__04,HAR,tBodyAcc-std()-Y,Box plot,five,zero,256,threshold,0.3119812858921377,0.1713499191736602,7.977201261579362,4,0.3046447282253974,0.3274589268360285,0.1183712457679736,76.22059939063897,Box plot / five
HAR__05,HAR,tBodyAcc-std()-Z,Box plot,five,zero,256,threshold,0.1390174048753923,0.0790237660809169,5.020878783288113,4,0.1334547199736329,0.1410943330562316,0.1374280562790486,87.79497097407386,Box plot / five
HAR__06,HAR,tGravityAcc-mean()-X,Box plot,five,zero,256,threshold,0.2999131238675946,0.2126719550553714,0.3149381013152098,4,0.2130868766505743,0.3330773585167348,0.0516786369512984,76.92821786618543,Box plot / five
HAR__07,HAR,tGravityAcc-mean()-Y,Box plot,five,zero,256,threshold,0.3379693044934141,0.2007812511060844,2.572618135599922,4,0.2271649465034552,0.4434077012120772,0.1065519917197416,74.7401301839748,Box plot / five
HAR__08,HAR,tGravityAcc-mean()-Z,Box plot,five,zero,256,threshold,0.2581044011776943,0.1575960453301397,1.4276852001405482,4,0.1203652313213403,0.3585064172682847,0.1390913183805862,79.48465954525822,Box plot / five
HAR__10,HAR,tGravityAcc-std()-Y,Box plot,five,zero,256,threshold,0.3360885177749017,0.4455907116317172,3.765669216841903,4,0.3251478726947649,0.3657805994154727,0.0044293128630103,74.84534046182677,Box plot / five
HAR__11,HAR,tGravityAcc-std()-Z,Box plot,five,zero,256,threshold,0.3445307053492683,0.3172035140974762,2.088132693145848,4,0.2736330819043603,0.4053510974913857,0.0086901926585239,74.3753932893805,Box plot / five
HAR__13,HAR,tBodyAccJerk-mean()-Y,Box plot,five,zero,256,threshold,0.1258385461276064,0.0715819031585676,1.0589496574231776,4,0.1205752116552954,0.1306237741037914,0.0218734829981097,88.82268274075034,Box plot / five
HAR__14,HAR,tBodyAccJerk-mean()-Z,Box plot,five,zero,256,threshold,0.2660695313423352,0.1480925454024051,0.8760679729443205,4,0.2585397094052548,0.2732967542305006,0.0204052047812232,78.98460355015115,Box plot / five
HAR__15,HAR,tBodyAccJerk-std()-X,Box plot,five,zero,256,threshold,0.26623516972065,0.1414137116147039,6.454213687249911,4,0.2619081801543853,0.2706923449142286,0.1130557335824611,78.97427143968957,Box plot / five
HAR__16,HAR,tBodyAccJerk-std()-Y,Box plot,five,zero,256,threshold,0.1435951224607822,0.082624778317787,7.135567250348754,4,0.1281335360794573,0.1516355939641392,0.1215755357582258,87.44353489792829,Box plot / five
HAR__17,HAR,tBodyAccJerk-std()-Z,Box plot,five,zero,256,threshold,0.20970814254172,0.1173339678566108,4.197529874381866,4,0.2041644490291002,0.215803245796079,0.1186859717045763,82.66456716567173,Box plot / five
HAR__19,HAR,tBodyGyro-mean()-Y,Box plot,five,zero,256,threshold,0.3102558076787249,0.1797159326890038,0.7139376139785505,4,0.2458341634926527,0.3430251210112272,0.0077115347366547,76.32097443411601,Box plot / five
HAR__20,HAR,tBodyGyro-mean()-Z,Box plot,five,zero,256,threshold,0.2290389236018693,0.1486936039588781,0.8840846496226551,4,0.1857957469170072,0.2583616217177515,0.0051456011049865,81.36438812445103,Box plot / five
HAR__21,HAR,tBodyGyro-std()-X,Box plot,five,zero,256,threshold,0.3306788987538234,0.1789918282536585,5.086399968002463,4,0.3206157323895008,0.3344760365991973,0.1005996314621226,75.14960979215172,Box plot / five
HAR__22,HAR,tBodyGyro-std()-Y,Box plot,five,zero,256,threshold,0.1076379857418424,0.0648255309666319,3.789140300933709,4,0.0955128159745506,0.1161498987344126,0.1645037007659498,90.28220527578316,Box plot / five
HAR__23,HAR,tBodyGyro-std()-Z,Box plot,five,zero,256,threshold,0.2108234544367995,0.1187248678666401,6.506856847420687,4,0.1955985937932824,0.2216670722561077,0.1007221383485321,82.58842330281242,Box plot / five
HAR__25,HAR,tBodyGyroJerk-mean()-Y,Box plot,five,zero,256,threshold,0.1400046932076097,0.0804681862192729,1.301729608668024,4,0.1335925007174918,0.1545803015023695,0.0091759494410072,87.71893712001473,Box plot / five
HAR__26,HAR,tBodyGyroJerk-mean()-Z,Box plot,five,zero,256,threshold,0.3001666938674917,0.1641705308891663,0.9819911096664414,4,0.2922488946325789,0.3105315812246989,0.0162481200674206,76.91321464522274,Box plot / five
HAR__27,HAR,tBodyGyroJerk-std()-X,Box plot,five,zero,256,threshold,0.4736925280367626,0.2451857769504796,5.5696618032543626,4,0.4562595519136549,0.4902705457373854,0.1082625972725443,67.85675987189738,Box plot / five
HAR__28,HAR,tBodyGyroJerk-std()-Y,Box plot,five,zero,256,threshold,0.2852834456316954,0.153165123510994,2.851111129589107,4,0.2817193241645765,0.2942529218773574,0.1619098651607198,77.80384967990595,Box plot / five
HAR__29,HAR,tBodyGyroJerk-std()-Z,Box plot,five,zero,256,threshold,0.0763416937196856,0.0627197518507703,5.727563428170417,4,0.0698316432647504,0.0894268174208084,0.0940084226045832,92.9072994045358,Box plot / five
HAR__30,HAR,tBodyAccMag-mean(),Box plot,five,zero,256,threshold,0.1585493398823319,0.0966306165253439,10.138692858529437,4,0.1490811591644402,0.1679778740306411,0.0815866565761593,86.31483921967148,Box plot / five
HAR__31,HAR,tBodyAccMag-std(),Box plot,five,zero,256,threshold,0.1241530463619857,0.0773293457925376,7.383637809662343,4,0.1197695614486306,0.1279568846176664,0.0871909475783781,88.95585910087837,Box plot / five
HAR__32,HAR,tGravityAccMag-mean(),Box plot,five,zero,256,threshold,0.1585493398823319,0.0966306165253439,10.138692858529437,4,0.1490811591644402,0.1679778740306411,0.0815866565761593,86.31483921967148,Box plot / five
HAR__33,HAR,tGravityAccMag-std(),Box plot,five,zero,256,threshold,0.1241530463619857,0.0773293457925376,7.383637809662343,4,0.1197695614486306,0.1279568846176664,0.0871909475783781,88.95585910087837,Box plot / five
HAR__34,HAR,tBodyAccJerkMag-mean(),Box plot,five,zero,256,threshold,0.3233090987896296,0.1768963831092635,7.415407794137192,4,0.3161764047630154,0.3276966940848405,0.1009673116928177,75.56813452840719,Box plot / five
HAR__35,HAR,tBodyAccJerkMag-std(),Box plot,five,zero,256,threshold,0.1456875444941868,0.0867690320354306,6.351958299397688,4,0.1408281132453538,0.1511667526869517,0.1214445464450148,87.28383273482241,Box plot / five
HAR__36,HAR,tBodyGyroMag-mean(),Box plot,five,zero,256,threshold,0.0416684183189298,0.0495254645543016,5.954985082050173,4,0.033634200603447,0.0590011204210027,0.1189689146870361,95.99983856799888,Box plot / five
HAR__37,HAR,tBodyGyroMag-std(),Box plot,five,zero,256,threshold,0.3069648956427619,0.1669220655646422,4.25120744504073,4,0.3022306320496611,0.315133651256873,0.1354565161673692,76.51314915449221,Box plot / five
HAR__38,HAR,tBodyGyroJerkMag-mean(),Box plot,five,zero,256,threshold,0.2673265980482927,0.1517054240279946,4.776719690397632,4,0.2546859021811049,0.2807289982366798,0.1071670577256307,78.90625838201608,Box plot / five
HAR__39,HAR,tBodyGyroJerkMag-std(),Box plot,five,zero,256,threshold,0.3920664273819405,0.2100160123049431,3.022894688594303,4,0.3866553891707875,0.3945318261324064,0.1514172162619554,71.83565240350636,Box plot / five
BIDMC__00,BIDMC,mean,Box plot,five,zero,256,threshold,0.3622747653323291,0.2229793525073051,0.0702477202658534,4,0.1739076845177066,0.4656215784644743,12.360952402314334,73.40663025172078,Box plot / five
BIDMC__01,BIDMC,median,Box plot,five,zero,256,threshold,0.3875473357565636,0.2437388696297155,0.0486156955745028,4,0.2165496351404546,0.5069803181185313,12.341693210590991,72.06961335519034,Box plot / five
BIDMC__02,BIDMC,q10,Box plot,five,zero,256,threshold,0.4098249469888341,0.252541196071637,0.0326356872276565,4,0.0642012098743145,0.5317396942588163,13.788586612591835,70.93079194944335,Box plot / five
BIDMC__03,BIDMC,q90,Box plot,five,zero,256,threshold,0.3055214270681519,0.1915737208663345,0.0459792076245047,4,0.1706742277194468,0.4162691595622559,13.049376685652764,76.59774702018714,Box plot / five
BIDMC__04,BIDMC,SD,Box plot,five,zero,256,threshold,0.4460148401462543,0.3568395252349909,0.0544107270713745,4,0.0584383638368592,0.5852862040788102,3.71002338580408,69.15558348618725,Box plot / five
Wrist__00,Wrist,mean,Box plot,five,zero,256,threshold,0.2353975644463837,0.1577801899359668,0.1476325689647016,4,0.1101664183953872,0.2991063952608805,29.715915839607305,80.945602353371,Box plot / five
Wrist__01,Wrist,median,Box plot,five,zero,256,threshold,0.2335499830327349,0.1563843653972727,0.1379040581831825,4,0.1149161362082576,0.2929166855359701,29.81885170304165,81.0668407243181,Box plot / five
Wrist__02,Wrist,q10,Box plot,five,zero,256,threshold,0.2245706009671262,0.1586933639663787,0.2182669216939535,4,0.1020453566402834,0.2853264569295534,30.43233291876568,81.66127777444864,Box plot / five
Wrist__03,Wrist,q90,Box plot,five,zero,256,threshold,0.2502643259902166,0.1606074419283233,0.130282359020151,4,0.1193055732703764,0.3195766804928606,29.194196643150427,79.98308671312317,Box plot / five
Wrist__04,Wrist,SD,Box plot,five,zero,256,threshold,0.2455712262473839,0.1447209550138515,1.5161811796252485,4,0.1803582509662194,0.3100145082706071,1.0871690248123866,80.28444932954714,Box plot / five
Retinopathy__11,Retinopathy,feature_13,Dot plot,means,zero,256,threshold,0.3049217450847442,0.192825205922053,0.1604198373554132,4,0.2909551406662671,0.3170261355807579,1.0453904751720595,76.6329478197988,Dot plot / means
Retinopathy__12,Retinopathy,feature_14,Dot plot,means,zero,256,threshold,0.4006579122593364,0.2181571102900109,0.2025511288608782,4,0.3945710290177421,0.4067447955009308,0.392022401684756,71.39502024351873,Dot plot / means
Retinopathy__13,Retinopathy,feature_15,Dot plot,means,zero,256,threshold,0.3881929236301213,0.2179837353629971,0.2005667748310951,4,0.3813121574876076,0.3950736897726351,0.1761998717372855,72.03609692700365,Dot plot / means
Wrist__00,Wrist,mean,Dot plot,means,zero,256,threshold,0.052234802437594,0.5450477414803224,0.1476325689647016,4,0.0492091283716858,0.0552604765035023,29.715915839607305,95.03582258288856,Dot plot / means
Wrist__01,Wrist,median,Dot plot,means,zero,256,threshold,0.0474436644796653,0.542503494484049,0.1379040581831825,4,0.0464201951536211,0.0484969733789239,29.81885170304165,95.47052828819832,Dot plot / means
Wrist__02,Wrist,q10,Dot plot,means,zero,256,threshold,0.0700676241686607,0.5613731836238945,0.2182669216939535,4,0.0690530348360015,0.07108221350132,30.43233291876568,93.45203774171785,Dot plot / means
Wrist__03,Wrist,q90,Dot plot,means,zero,256,threshold,0.0516229564649731,0.5356674286306129,0.130282359020151,4,0.0448168223810786,0.0584290905488678,29.194196643150427,95.0911154851066,Dot plot / means
WDBC__00,WDBC,mean radius,Dot plot,raw,zero,256,threshold,0.0204654714330731,0.0169447759111607,2.144469731021561,4,0.01696038320901,0.0287323962965405,2.410516653707913,97.99449643265902,Dot plot / raw
WDBC__01,WDBC,mean texture,Dot plot,raw,zero,256,threshold,0.0301653774404635,0.0220761688095007,1.0101730397394426,4,0.0166894585699277,0.0520140973924484,3.916259734095069,97.07179273337528,Dot plot / raw
WDBC__02,WDBC,mean perimeter,Dot plot,raw,zero,256,threshold,0.0245238883959816,0.0179199909094239,2.225124373549086,4,0.0120509144447959,0.0363771983961502,16.287269345845637,97.6063136571294,Dot plot / raw
WDBC__03,WDBC,mean area,Dot plot,raw,zero,256,threshold,0.023565259314381,0.0206576910112401,1.992501508162291,4,0.0148572089741854,0.0299515297691224,248.397302572926,97.69772771204,Dot plot / raw
WDBC__04,WDBC,mean smoothness,Dot plot,raw,zero,256,threshold,0.0192346404467272,0.0220179890129302,0.802189850530686,4,0.0136621865926953,0.0295469361686598,0.0131405302535634,98.11283489753676,Dot plot / raw
WDBC__05,WDBC,mean compactness,Dot plot,raw,zero,256,threshold,0.0220961994427847,0.0193988216684392,1.5079960187193386,4,0.0172251974685294,0.0322030398780265,0.0424242499355741,97.8381487520616,Dot plot / raw
WDBC__06,WDBC,mean concavity,Dot plot,raw,zero,256,threshold,0.0239979411063972,0.0176149458606559,2.016960676180267,4,0.0072749703362529,0.0421868970978951,0.0572647753444237,97.6564463517897,Dot plot / raw
WDBC__07,WDBC,mean concave points,Dot plot,raw,zero,256,threshold,0.0413138007791707,0.0258778488279537,2.592899862752084,4,0.0197425500882821,0.0848579198471087,0.0244664442739667,96.03253114015608,Dot plot / raw
WDBC__08,WDBC,mean symmetry,Dot plot,raw,zero,256,threshold,0.0152961593941954,0.0196209551777277,0.7068886217023179,4,0.0126281443452275,0.0203334893271712,0.0258965831928597,98.49342881358656,Dot plot / raw
WDBC__09,WDBC,mean fractal dimension,Dot plot,raw,zero,256,threshold,0.0163533697370488,0.0177946688368809,0.2238747735614601,4,0.0137473869106033,0.0175968677049803,0.0070660037968311,98.3909759908328,Dot plot / raw
WDBC__10,WDBC,radius error,Dot plot,raw,zero,256,threshold,0.0313967548842126,0.0273542822972388,1.3830645875970615,4,0.0136718413118059,0.0442798220885374,0.2286032068461238,96.95589939220456,Dot plot / raw
WDBC__11,WDBC,texture error,Dot plot,raw,zero,256,threshold,0.0217806317608443,0.0230729229054451,0.1227587105992975,4,0.016220195386789,0.0248209013673997,0.552115606860959,97.868365177043,Dot plot / raw
WDBC__12,WDBC,perimeter error,Dot plot,raw,zero,256,threshold,0.0339421217360454,0.0333241638062925,1.321966289988079,4,0.0185596432335454,0.066986722868113,1.681820494847905,96.71721259609244,Dot plot / raw
WDBC__13,WDBC,area error,Dot plot,raw,zero,256,threshold,0.0549311176870574,0.0432198685661085,1.2490355035028862,4,0.0440668066887405,0.0712271993392838,38.07874145019458,94.79291900996397,Dot plot / raw
WDBC__14,WDBC,smoothness error,Dot plot,raw,zero,256,threshold,0.0207895196359359,0.0263492710958507,0.1877029040463673,4,0.0124506082961413,0.0273289953505795,0.0029984085907428,97.96338821705864,Dot plot / raw
WDBC__15,WDBC,compactness error,Dot plot,raw,zero,256,threshold,0.0334498053931964,0.0209014243434523,0.6128457754801324,4,0.0238510098800715,0.0407970608645819,0.0171373295210721,96.7632868845072,Dot plot / raw
WDBC__16,WDBC,concavity error,Dot plot,raw,zero,256,threshold,0.0289363058686247,0.0334290775298004,0.6006687144477244,4,0.0128377654296833,0.0435681138025546,0.0292239625234014,97.18774566476232,Dot plot / raw
WDBC__17,WDBC,concave points error,Dot plot,raw,zero,256,threshold,0.0278659488292816,0.0239912117400977,0.9174972699310664,4,0.0221936500608052,0.0363544794817342,0.0056382075124742,97.28895106788777,Dot plot / raw
WDBC__18,WDBC,symmetry error,Dot plot,raw,zero,256,threshold,0.0262735749531936,0.0232403999131558,0.1305738030116616,4,0.0042172571126957,0.0469899628660255,0.0082734819319271,97.4399053435248,Dot plot / raw
WDBC__19,WDBC,fractal dimension error,Dot plot,raw,zero,256,threshold,0.026223789085239,0.0281560480322127,0.2022769553363431,4,0.0155128213066742,0.0383793584203319,0.0026403403151483,97.44463250958016,Dot plot / raw
WDBC__20,WDBC,worst radius,Dot plot,raw,zero,256,threshold,0.0231624284916859,0.0240290832590673,2.4490655220853155,4,0.013895433819277,0.0336650045154754,3.04846886809422,97.73619243174991,Dot plot / raw
WDBC__21,WDBC,worst texture,Dot plot,raw,zero,256,threshold,0.0339908004058093,0.0263804541142469,1.0542547027912608,4,0.0206069827415772,0.0493494743690078,5.472017326293327,96.71265930098517,Dot plot / raw
WDBC__22,WDBC,worst perimeter,Dot plot,raw,zero,256,threshold,0.0207489449944107,0.0184548689334759,2.562994903230928,4,0.0160006449924167,0.0262767022220694,20.923568725165023,97.9672822493562,Dot plot / raw
WDBC__23,WDBC,worst area,Dot plot,raw,zero,256,threshold,0.0256508151732175,0.0235182343878747,2.099445049332308,4,0.0086319163587984,0.0345046730960857,387.1270649634207,97.49906939147849,Dot plot / raw
WDBC__24,WDBC,worst smoothness,Dot plot,raw,zero,256,threshold,0.0254690108247965,0.0227396776008386,0.9498102100830976,4,0.0184052266385056,0.0378784807765315,0.0207237191083447,97.516354901421,Dot plot / raw
WDBC__25,WDBC,worst compactness,Dot plot,raw,zero,256,threshold,0.0238716501375725,0.017664020400344,1.4826009427136595,4,0.013319471858002,0.0490985867925966,0.1270309458020991,97.66849193115512,Dot plot / raw
WDBC__26,WDBC,worst concavity,Dot plot,raw,zero,256,threshold,0.0288432732769212,0.0202505603336511,1.848416959601444,4,0.0128951925947673,0.0568894413081231,0.156941862328806,97.19653381364355,Dot plot / raw
WDBC__27,WDBC,worst concave points,Dot plot,raw,zero,256,threshold,0.0282024568385475,0.0209700974745853,2.7191463072567554,4,0.0155305141050862,0.0424873386452511,0.0400323438681821,97.25711053781542,Dot plot / raw
WDBC__28,WDBC,worst symmetry,Dot plot,raw,zero,256,threshold,0.044151927014744,0.0276342098585247,0.9353774582202034,4,0.0283147429439238,0.0572121736315424,0.0563013353990857,95.77150356452672,Dot plot / raw
WDBC__29,WDBC,worst fractal dimension,Dot plot,raw,zero,256,threshold,0.0338679599476921,0.0205539616141474,0.7096422831555368,4,0.0184148173297325,0.0462144139919733,0.0171028422179571,96.72415034997258,Dot plot / raw
Cleveland__00,Cleveland,age,Dot plot,raw,zero,256,threshold,0.0396756311150107,0.0257780755777509,0.461167340857416,4,0.0303837999779023,0.0567361583413231,8.825429815634669,96.18384523714764,Dot plot / raw
Cleveland__01,Cleveland,trestbps,Dot plot,raw,zero,256,threshold,0.0651898050776573,0.0378557359187881,0.172143795625577,4,0.0533505199888284,0.0718479980768803,17.427290882589684,93.87998225603512,Dot plot / raw
Cleveland__02,Cleveland,chol,Dot plot,raw,zero,256,threshold,0.0217235107276702,0.0225568213380224,0.195067442522468,4,0.011368892683988,0.0399103618051328,51.67443561904991,97.87383665937188,Dot plot / raw
Cleveland__03,Cleveland,thalach,Dot plot,raw,zero,256,threshold,0.0362442900821767,0.023022934257547,0.9004037068023738,4,0.0276156648667029,0.0484478994349843,20.8239924584355,96.50234115361906,Dot plot / raw
Cleveland__04,Cleveland,oldpeak,Dot plot,raw,zero,256,threshold,0.0886116480744638,0.0618094130696043,0.9544077453023504,4,0.0501240834948466,0.1299200573169774,1.0530090571316797,91.8601230998033,Dot plot / raw
HeartFailure__00,HeartFailure,age,Dot plot,raw,zero,256,threshold,0.0595416115780519,0.0483388605035739,0.6143214823582146,4,0.0517237253402351,0.0735985692787151,11.52491033330266,94.38043669758544,Dot plot / raw
HeartFailure__01,HeartFailure,creatinine_phosphokinase,Dot plot,raw,zero,256,threshold,0.0534188835014807,0.0774775089338027,0.0344430881035375,4,0.0157802137146858,0.1033594524885741,970.005938479382,94.92899886852982,Dot plot / raw
HeartFailure__02,HeartFailure,ejection_fraction,Dot plot,raw,zero,256,threshold,0.0742548848383362,0.0473438633724149,0.7180953456055503,4,0.0209403851579065,0.1650130306859657,11.419096433615184,93.08777778101415,Dot plot / raw
HeartFailure__03,HeartFailure,platelets,Dot plot,raw,zero,256,threshold,0.0225448720755976,0.0217806356099675,0.1485941781468389,4,0.0181964819469472,0.0261869470345863,97850.40155228524,97.7952192914688,Dot plot / raw
HeartFailure__04,HeartFailure,serum_creatinine,Dot plot,raw,zero,256,threshold,0.0408098005186805,0.0450059179936731,0.5523215962469813,4,0.0375768570289512,0.0468453099031432,0.9903650404345196,96.07903379672796,Dot plot / raw
HeartFailure__05,HeartFailure,serum_sodium,Dot plot,raw,zero,256,threshold,0.0998582225264146,0.0889529998770541,0.4267714704945112,4,0.0755022466677148,0.1298544149752693,4.3348727080007405,90.92080956606964,Dot plot / raw
CKD__00,CKD,age,Dot plot,raw,zero,256,threshold,0.0288203651564506,0.0239310314108855,0.5483248315059996,4,0.0105565343293908,0.0656517843528629,16.74190091808664,97.1986980300426,Dot plot / raw
CKD__01,CKD,bp,Dot plot,raw,zero,256,threshold,0.045153419175134,0.024649325690788,0.7636209682823528,4,0.0330104984286089,0.0585963215512447,13.095502108190471,95.6797329132052,Dot plot / raw
CKD__02,CKD,bgr,Dot plot,raw,zero,256,threshold,0.0164098487671212,0.0132123473308129,0.8914340559173735,4,0.0100948715033114,0.0207496194352622,72.06365919449946,98.3855086816577,Dot plot / raw
CKD__03,CKD,bu,Dot plot,raw,zero,256,threshold,0.0170386537059383,0.0198714213334729,0.7948487371049439,4,0.0089753184749044,0.0213741181808339,46.76361459085069,98.32467982963556,Dot plot / raw
CKD__04,CKD,sc,Dot plot,raw,zero,256,threshold,0.0895629961004518,0.0784907374220707,0.538847825566807,4,0.0512274848208767,0.1047205413610369,5.483923029459524,91.77991576246644,Dot plot / raw
CKD__05,CKD,sod,Dot plot,raw,zero,256,threshold,0.0610903857490598,0.0462719513985154,0.75141055610421,4,0.0455707100684492,0.0695947812961359,9.661828598257197,94.24267842122288,Dot plot / raw
CKD__06,CKD,pot,Dot plot,raw,zero,256,threshold,0.0296167817722207,0.0309271294487088,0.0721546253126926,4,0.0225127442723132,0.0327216955193516,3.187598840729353,97.12351407858338,Dot plot / raw
CKD__07,CKD,hemo,Dot plot,raw,zero,256,threshold,0.0371982606097944,0.0205167676499402,2.4162937504835846,4,0.0330456811036061,0.0414748506752138,1.8648394877891767,96.41358243428554,Dot plot / raw
CKD__08,CKD,pcv,Dot plot,raw,zero,256,threshold,0.0424962697551599,0.0259900300063235,2.2675077612126007,4,0.0165181437793359,0.0849022409893999,6.041875681463431,95.92360462209228,Dot plot / raw
CKD__09,CKD,wc,Dot plot,raw,zero,256,threshold,0.0399790072094973,0.0271946299080316,0.4112797540662808,4,0.0350916511511887,0.0512108445461,2869.093332053087,96.15578709451356,Dot plot / raw
CKD__10,CKD,rc,Dot plot,raw,zero,256,threshold,0.0469546892740667,0.0289739350652199,2.001324589190506,4,0.0415056000209816,0.0523070660176448,0.7345135356551953,95.51511734413032,Dot plot / raw
ILPD__00,ILPD,age,Dot plot,raw,zero,256,threshold,0.0338415720383153,0.0231610041113643,0.2803705343203134,4,0.0267086273525673,0.0384104829777732,16.050188765053708,96.72661915001216,Dot plot / raw
ILPD__01,ILPD,total_bilirubin,Dot plot,raw,zero,256,threshold,0.2204180620136524,0.1596037927461526,0.438281976879355,4,0.2051729082209064,0.2373549966947896,6.06230723635571,81.93913472159127,Dot plot / raw
ILPD__02,ILPD,direct_bilirubin,Dot plot,raw,zero,256,threshold,0.1913520790457779,0.1368407410338568,0.5285372278126305,4,0.1724284192086829,0.205063831200428,2.724500610788553,83.93824274021138,Dot plot / raw
ILPD__03,ILPD,alkaline_phosphatase,Dot plot,raw,zero,256,threshold,0.0277198747877053,0.0417854805382897,0.372746383115118,4,0.0197248472968587,0.0414170093586133,238.95604098321152,97.30277914558854,Dot plot / raw
ILPD__04,ILPD,ALT,Dot plot,raw,zero,256,threshold,0.1161870189829543,0.0930435710054713,0.2023065465567548,4,0.1016124724411651,0.1464277892334486,180.3204128629913,89.59072117781646,Dot plot / raw
ILPD__05,ILPD,AST,Dot plot,raw,zero,256,threshold,0.1835735507573088,0.15402121057735,0.1912459137657919,4,0.1679832995410376,0.2007933924522006,285.8100281658253,84.48989075162676,Dot plot / raw
ILPD__06,ILPD,total_protein,Dot plot,raw,zero,256,threshold,0.0292033667414631,0.0312883807396738,0.1013153236402179,4,0.0161524533965235,0.0442098017514942,1.0857192776743458,97.16252708792402,Dot plot / raw
ILPD__07,ILPD,albumin,Dot plot,raw,zero,256,threshold,0.0460154143211748,0.0276102103109146,0.4517885912482831,4,0.0279902049789331,0.0635473336385924,0.7857657472472728,95.60088563790076,Dot plot / raw
ILPD__08,ILPD,albumin_globulin_ratio,Dot plot,raw,zero,256,threshold,0.0585587593782567,0.0347946088586915,0.4436218697090482,4,0.024774609410274,0.096251958686918,0.3155840808565631,94.4680671847965,Dot plot / raw
Retinopathy__00,Retinopathy,feature_2,Dot plot,raw,zero,256,threshold,0.0248869472700532,0.0164733121172938,0.5875093631555783,4,0.0145097934468102,0.0345706080395788,24.510247671043043,97.57173731831168,Dot plot / raw
Retinopathy__01,Retinopathy,feature_3,Dot plot,raw,zero,256,threshold,0.0235479096629255,0.0183955331238951,0.5343080031685485,4,0.012611438551225,0.0427437934223121,23.2450195886025,97.69938373762297,Dot plot / raw
Retinopathy__02,Retinopathy,feature_4,Dot plot,raw,zero,256,threshold,0.025893258884867,0.017680605692907,0.4743420245305044,4,0.0176142525798076,0.0399179144081758,22.17808976637167,97.476027972636,Dot plot / raw
Retinopathy__03,Retinopathy,feature_5,Dot plot,raw,zero,256,threshold,0.0255174648871817,0.019281932002298,0.4249601136663283,4,0.0088292981071814,0.0356357936921684,20.70782578646808,97.51174740939308,Dot plot / raw
Retinopathy__04,Retinopathy,feature_6,Dot plot,raw,zero,256,threshold,0.023215599210664,0.0174347149331992,0.3530434995106309,4,0.0169024475723012,0.0288822182006972,19.26108258451374,97.73111363542804,Dot plot / raw
Retinopathy__05,Retinopathy,feature_7,Dot plot,raw,zero,256,threshold,0.0404648474835437,0.0289729242228308,0.253601729447275,4,0.0217566430442189,0.059877502327157,14.984124943793166,96.11088759207854,Dot plot / raw
Retinopathy__06,Retinopathy,feature_8,Dot plot,raw,zero,256,threshold,0.0285529221794197,0.0317362484638309,0.2712182469918723,4,0.0155171563533547,0.0408628303600666,58.41218588981864,97.22397150757024,Dot plot / raw
Retinopathy__07,Retinopathy,feature_9,Dot plot,raw,zero,256,threshold,0.0319764466017988,0.0346972546751918,0.0993727012819967,4,0.0230960462045828,0.0428660313847545,21.61209177463597,96.90143639352485,Dot plot / raw
Retinopathy__08,Retinopathy,feature_10,Dot plot,raw,zero,256,threshold,0.0462907136921144,0.0990118922562121,0.0832930242817212,4,0.039558230542069,0.0564787181652229,11.564139353880767,95.57573119149978,Dot plot / raw
Retinopathy__09,Retinopathy,feature_11,Dot plot,raw,zero,256,threshold,0.0874107067358193,0.2508826516119887,0.158176713458784,4,0.0341074153743844,0.1218911556622853,3.903542161791645,91.9615738382595,Dot plot / raw
Retinopathy__10,Retinopathy,feature_12,Dot plot,raw,zero,256,threshold,0.2728629206655643,0.3313137825674448,0.1571889426940167,4,0.2417833896025087,0.3020931243958805,2.459911323105543,78.5630552799128,Dot plot / raw
Retinopathy__14,Retinopathy,feature_16,Dot plot,raw,zero,256,threshold,0.0343315370727875,0.0398817768475058,0.0642130837613129,4,0.0223248959080217,0.0459800311522424,0.0280665542664034,96.68079954615446,Dot plot / raw
Retinopathy__15,Retinopathy,feature_17,Dot plot,raw,zero,256,threshold,0.0216221692912392,0.0221096214329749,0.0783165415303669,4,0.0171771361890888,0.0268107498997398,0.0179441018785934,97.88354541031154,Dot plot / raw
HAR__00,HAR,tBodyAcc-mean()-X,Dot plot,raw,zero,256,threshold,0.0695857440352268,0.1311887766640211,1.0074414071271316,4,0.0325173508721195,0.1073593200876152,0.0046163865383122,93.49414065928922,Dot plot / raw
HAR__01,HAR,tBodyAcc-mean()-Y,Dot plot,raw,zero,256,threshold,0.0434753837598436,0.0421249065861975,0.7770455544112371,4,0.022151658326196,0.0577762932169954,0.0018147610291245,95.83359756861792,Dot plot / raw
HAR__02,HAR,tBodyAcc-mean()-Z,Dot plot,raw,zero,256,threshold,0.0812004367205742,0.0863462995365676,0.6902601240651061,4,0.0404010708748915,0.1735501076474138,0.0039368550424096,92.48978876045722,Dot plot / raw
HAR__03,HAR,tBodyAcc-std()-X,Dot plot,raw,zero,256,threshold,0.1271453190067817,0.0794814725966803,7.873132339733298,4,0.0731386470384923,0.2007679252497264,0.0873726069265212,88.71970482751775,Dot plot / raw
HAR__04,HAR,tBodyAcc-std()-Y,Dot plot,raw,zero,256,threshold,0.0872140623770349,0.0583834070360892,7.977201261579362,4,0.0399091513444972,0.1120475698571804,0.1183712457679736,91.97820692400224,Dot plot / raw
HAR__05,HAR,tBodyAcc-std()-Z,Dot plot,raw,zero,256,threshold,0.0763586068183727,0.0436508433033613,5.020878783288113,4,0.0454457652355996,0.1484352154214151,0.1374280562790486,92.90583952832574,Dot plot / raw
HAR__06,HAR,tGravityAcc-mean()-X,Dot plot,raw,zero,256,threshold,0.0956562914900632,0.0781101810479953,0.3149381013152098,4,0.0401866051082059,0.1401869173696807,0.0516786369512984,91.26949826939128,Dot plot / raw
HAR__07,HAR,tGravityAcc-mean()-Y,Dot plot,raw,zero,256,threshold,0.0903675192980529,0.0494787837544594,2.572618135599922,4,0.0782729739934069,0.1053985982592919,0.1065519917197416,91.7121963284243,Dot plot / raw
HAR__08,HAR,tGravityAcc-mean()-Z,Dot plot,raw,zero,256,threshold,0.0806571934234706,0.0510662785188749,1.4276852001405482,4,0.0646659648139116,0.1197453661891791,0.1390913183805862,92.53628311417124,Dot plot / raw
HAR__09,HAR,tGravityAcc-std()-X,Dot plot,raw,zero,256,threshold,0.2459954367327717,0.8311434090727865,4.978964581664309,4,0.1549725004449833,0.3231226210973368,0.0030620051418208,80.25711575815905,Dot plot / raw
HAR__10,HAR,tGravityAcc-std()-Y,Dot plot,raw,zero,256,threshold,0.177509686418469,0.5111915850695485,3.765669216841903,4,0.1569297782273525,0.2261217104236104,0.0044293128630103,84.92499140636497,Dot plot / raw
HAR__11,HAR,tGravityAcc-std()-Z,Dot plot,raw,zero,256,threshold,0.1643457073644756,0.2172339882348739,2.088132693145848,4,0.1352284274865197,0.2038164054538788,0.0086901926585239,85.88514507976535,Dot plot / raw
HAR__12,HAR,tBodyAccJerk-mean()-X,Dot plot,raw,zero,256,threshold,0.0724548985991679,0.0526122705398807,1.2772440670946683,4,0.0609763186384147,0.0793288525399223,0.0205696096359731,93.2440143922315,Dot plot / raw
HAR__13,HAR,tBodyAccJerk-mean()-Y,Dot plot,raw,zero,256,threshold,0.1104120386972426,0.0669252586544191,1.0589496574231776,4,0.0822298090628783,0.1491643140163076,0.0218734829981097,90.05666051434562,Dot plot / raw
HAR__14,HAR,tBodyAccJerk-mean()-Z,Dot plot,raw,zero,256,threshold,0.0571820902756216,0.0386458519297009,0.8760679729443205,4,0.0189466368471766,0.1029413526829104,0.0204052047812232,94.59108409028065,Dot plot / raw
HAR__15,HAR,tBodyAccJerk-std()-X,Dot plot,raw,zero,256,threshold,0.044898986894645,0.0415857767908757,6.454213687249911,4,0.0227084973079189,0.0633670168987659,0.1130557335824611,95.70303087113892,Dot plot / raw
HAR__16,HAR,tBodyAccJerk-std()-Y,Dot plot,raw,zero,256,threshold,0.0669597410704054,0.0508150430465466,7.135567250348754,4,0.0436294208168676,0.0784631304198093,0.1215755357582258,93.72424858287252,Dot plot / raw
HAR__17,HAR,tBodyAccJerk-std()-Z,Dot plot,raw,zero,256,threshold,0.0882188530326355,0.052007841265278,4.197529874381866,4,0.0408303084674455,0.1399740856206107,0.1186859717045763,91.8932802177808,Dot plot / raw
HAR__18,HAR,tBodyGyro-mean()-X,Dot plot,raw,zero,256,threshold,0.064552640256906,0.0435572272866907,0.6670287206786537,4,0.0251004292900125,0.1454714406971719,0.0069091420910798,93.93617207681456,Dot plot / raw
HAR__19,HAR,tBodyGyro-mean()-Y,Dot plot,raw,zero,256,threshold,0.2023509818363881,0.1230970300720022,0.7139376139785505,4,0.0489600601291234,0.2696769037367588,0.0077115347366547,83.17038993661141,Dot plot / raw
HAR__20,HAR,tBodyGyro-mean()-Z,Dot plot,raw,zero,256,threshold,0.0750825527013018,0.0626532215023707,0.8840846496226551,4,0.0602607468690689,0.0870805096860243,0.0051456011049865,93.01611280802148,Dot plot / raw
HAR__21,HAR,tBodyGyro-std()-X,Dot plot,raw,zero,256,threshold,0.1075392665261741,0.0631004586381574,5.086399968002463,4,0.0528318202851829,0.2003089034958398,0.1005996314621226,90.29025247443607,Dot plot / raw
HAR__22,HAR,tBodyGyro-std()-Y,Dot plot,raw,zero,256,threshold,0.0495935021885084,0.0318674757263927,3.789140300933709,4,0.0426427552075747,0.0548488186679365,0.1645037007659498,95.27498006751176,Dot plot / raw
HAR__23,HAR,tBodyGyro-std()-Z,Dot plot,raw,zero,256,threshold,0.0808052110501935,0.0550139800413707,6.506856847420687,4,0.048244978093497,0.1316449463319431,0.1007221383485321,92.52361015435176,Dot plot / raw
HAR__24,HAR,tBodyGyroJerk-mean()-X,Dot plot,raw,zero,256,threshold,0.0754741052347719,0.0526299375098224,0.9248204807099052,4,0.0404430288964029,0.13280051462849,0.0212550115941538,92.98224802741336,Dot plot / raw
HAR__25,HAR,tBodyGyroJerk-mean()-Y,Dot plot,raw,zero,256,threshold,0.0795260689793876,0.0515517549527807,1.301729608668024,4,0.04047921019447,0.128859774537729,0.0091759494410072,92.63324237694664,Dot plot / raw
HAR__26,HAR,tBodyGyroJerk-mean()-Z,Dot plot,raw,zero,256,threshold,0.0585832443157647,0.0413461726767223,0.9819911096664414,4,0.0414964010873697,0.079894918923814,0.0162481200674206,94.46588214669588,Dot plot / raw
HAR__27,HAR,tBodyGyroJerk-std()-X,Dot plot,raw,zero,256,threshold,0.0740043700922555,0.0531341184672793,5.5696618032543626,4,0.0340974488487262,0.1169377220025887,0.1082625972725443,93.10949078485606,Dot plot / raw
HAR__28,HAR,tBodyGyroJerk-std()-Y,Dot plot,raw,zero,256,threshold,0.0542968523590188,0.0430026379187316,2.851111129589107,4,0.0239709174729672,0.0788436476184568,0.1619098651607198,94.84994646075933,Dot plot / raw
HAR__29,HAR,tBodyGyroJerk-std()-Z,Dot plot,raw,zero,256,threshold,0.1108647249745683,0.0699209982339163,5.727563428170417,4,0.0423791149988725,0.1521810325752325,0.0940084226045832,90.01996170351826,Dot plot / raw
HAR__30,HAR,tBodyAccMag-mean(),Dot plot,raw,zero,256,threshold,0.0699817996753187,0.0502794823720648,10.138692858529437,4,0.0432831080992578,0.1171487020362169,0.0815866565761593,93.4595336391185,Dot plot / raw
HAR__31,HAR,tBodyAccMag-std(),Dot plot,raw,zero,256,threshold,0.068995228060359,0.0493409576434919,7.383637809662343,4,0.0354432130603411,0.1144459714429923,0.0871909475783781,93.54578708592108,Dot plot / raw
HAR__32,HAR,tGravityAccMag-mean(),Dot plot,raw,zero,256,threshold,0.0699817996753187,0.0502794823720648,10.138692858529437,4,0.0432831080992578,0.1171487020362169,0.0815866565761593,93.4595336391185,Dot plot / raw
HAR__33,HAR,tGravityAccMag-std(),Dot plot,raw,zero,256,threshold,0.068995228060359,0.0493409576434919,7.383637809662343,4,0.0354432130603411,0.1144459714429923,0.0871909475783781,93.54578708592108,Dot plot / raw
HAR__34,HAR,tBodyAccJerkMag-mean(),Dot plot,raw,zero,256,threshold,0.0816951577659694,0.0543110691329982,7.415407794137192,4,0.0427505964281009,0.1171457690591069,0.1009673116928177,92.44748789162604,Dot plot / raw
HAR__35,HAR,tBodyAccJerkMag-std(),Dot plot,raw,zero,256,threshold,0.1089957397096166,0.0740713135724058,6.351958299397688,4,0.0585853744680342,0.1623731840063117,0.1214445464450148,90.17167191840102,Dot plot / raw
HAR__36,HAR,tBodyGyroMag-mean(),Dot plot,raw,zero,256,threshold,0.0597239787370875,0.0423493011683281,5.954985082050173,4,0.0418537124111473,0.0814649841362802,0.1189689146870361,94.364194834181,Dot plot / raw
HAR__37,HAR,tBodyGyroMag-std(),Dot plot,raw,zero,256,threshold,0.1152754930162801,0.0683797152909091,4.25120744504073,4,0.0258222996781305,0.1986852839536289,0.1354565161673692,89.66394458247122,Dot plot / raw
HAR__38,HAR,tBodyGyroJerkMag-mean(),Dot plot,raw,zero,256,threshold,0.1001399184791297,0.0658503115465499,4.776719690397632,4,0.0281111778689746,0.1735079935143761,0.1071670577256307,90.89752886909451,Dot plot / raw
HAR__39,HAR,tBodyGyroJerkMag-std(),Dot plot,raw,zero,256,threshold,0.132466714248933,0.0777195728306203,3.022894688594303,4,0.0373826997532667,0.2260943521747816,0.1514172162619554,88.30281609320528,Dot plot / raw
BIDMC__00,BIDMC,mean,Dot plot,raw,zero,256,threshold,0.0323661863953088,0.0284407309233489,0.0702477202658534,4,0.0161791776282042,0.0485391204016918,12.360952402314334,96.86485407776468,Dot plot / raw
BIDMC__01,BIDMC,median,Dot plot,raw,zero,256,threshold,0.0166650282567366,0.0228559887064266,0.0486156955745028,4,0.0114530394898932,0.0221272411852396,12.341693210590991,98.36081425114898,Dot plot / raw
BIDMC__02,BIDMC,q10,Dot plot,raw,zero,256,threshold,0.0334256941897043,0.023758372180141,0.0326356872276565,4,0.0193479323299073,0.0468082579777036,13.788586612591835,96.76554450139608,Dot plot / raw
BIDMC__03,BIDMC,q90,Dot plot,raw,zero,256,threshold,0.0239843034742358,0.0218916280904782,0.0459792076245047,4,0.0182203036709944,0.0381266684704596,13.049376685652764,97.65774696029418,Dot plot / raw
BIDMC__04,BIDMC,SD,Dot plot,raw,zero,256,threshold,0.0177803580504054,0.0213126283281535,0.0544107270713745,4,0.0116710624987292,0.0251548995643233,3.71002338580408,98.25302601786652,Dot plot / raw
Wrist__04,Wrist,SD,Dot plot,raw,zero,256,threshold,0.3059992144753392,0.2905886206554393,1.5161811796252485,4,0.2535874317653955,0.3294684441388263,1.0871690248123866,76.56972446202667,Dot plot / raw
HeartFailure__00,HeartFailure,age,Heatmap,16,zero,256,threshold,0.0387150553300318,0.0645847847372254,0.6143214823582146,4,0.0387150553300318,0.0387150553300318,11.52491033330266,96.27279347388196,Heatmap / 16
HeartFailure__03,HeartFailure,platelets,Heatmap,16,zero,256,threshold,0.0335364116368208,0.0777034023632601,0.1485941781468389,4,0.0335364116368208,0.0335364116368208,97850.40155228524,96.75517850564076,Heatmap / 16
CKD__10,CKD,rc,Heatmap,16,zero,256,threshold,0.0464921888594132,0.0451268984131354,2.001324589190506,4,0.0464921888594132,0.0464921888594132,0.7345135356551953,95.5573305415604,Heatmap / 16
Retinopathy__07,Retinopathy,feature_9,Heatmap,16,zero,256,threshold,0.0072198713200646,0.0163910870358804,0.0993727012819967,4,0.0072198713200646,0.0072198713200646,21.61209177463597,99.28318815725882,Heatmap / 16
HAR__05,HAR,tBodyAcc-std()-Z,Heatmap,16,zero,256,threshold,0.1301073472142448,0.1161077764888916,5.020878783288113,4,0.1301073472142448,0.1301073472142448,0.1374280562790486,88.48716915831366,Heatmap / 16
HAR__17,HAR,tBodyAccJerk-std()-Z,Heatmap,16,zero,256,threshold,0.189197385644787,0.2511681505044484,4.197529874381866,4,0.189197385644787,0.189197385644787,0.1186859717045763,84.09032950049722,Heatmap / 16
HAR__18,HAR,tBodyGyro-mean()-X,Heatmap,16,zero,256,threshold,0.1036710078205184,0.1683126523784439,0.6670287206786537,4,0.1036710078205184,0.1036710078205184,0.0069091420910798,90.60671095952377,Heatmap / 16
HAR__21,HAR,tBodyGyro-std()-X,Heatmap,16,zero,256,threshold,0.201478306817723,0.3084770508691132,5.086399968002463,4,0.201478306817723,0.201478306817723,0.1005996314621226,83.23079945143867,Heatmap / 16
HAR__39,HAR,tBodyGyroJerkMag-std(),Heatmap,16,zero,256,threshold,0.1087603993574286,0.2245233834025694,3.022894688594303,4,0.1087603993574286,0.1087603993574286,0.1514172162619554,90.19081134026254,Heatmap / 16
BIDMC__04,BIDMC,SD,Heatmap,16,zero,256,threshold,0.0182081625855544,0.110006439808171,0.0544107270713745,4,0.0182081625855544,0.0182081625855544,3.71002338580408,98.21174458675344,Heatmap / 16
WDBC__00,WDBC,mean radius,Heatmap,32,zero,256,threshold,0.0098683089084077,0.0155591285786733,2.144469731021561,4,0.0098683089084077,0.0098683089084077,2.410516653707913,99.02281229925173,Heatmap / 32
WDBC__05,WDBC,mean compactness,Heatmap,32,zero,256,threshold,0.0397651674529491,0.0262214450839849,1.5079960187193386,4,0.0397651674529491,0.0397651674529491,0.0424242499355741,96.17556264648108,Heatmap / 32
WDBC__06,WDBC,mean concavity,Heatmap,32,zero,256,threshold,0.0220442264561156,0.0157531526962706,2.016960676180267,4,0.0220442264561156,0.0220442264561156,0.0572647753444237,97.84312401699556,Heatmap / 32
WDBC__16,WDBC,concavity error,Heatmap,32,zero,256,threshold,0.0179094447067387,0.0255652670488276,0.6006687144477244,4,0.0179094447067387,0.0179094447067387,0.0292239625234014,98.24056601499572,Heatmap / 32
WDBC__23,WDBC,worst area,Heatmap,32,zero,256,threshold,0.0386821421807949,0.0326737795293909,2.099445049332308,4,0.0386821421807949,0.0386821421807949,387.1270649634207,96.27584410957728,Heatmap / 32
WDBC__25,WDBC,worst compactness,Heatmap,32,zero,256,threshold,0.0369788859453919,0.0249511410423264,1.4826009427136595,4,0.0369788859453919,0.0369788859453919,0.1270309458020991,96.43397889324632,Heatmap / 32
WDBC__28,WDBC,worst symmetry,Heatmap,32,zero,256,threshold,0.0308119530895814,0.0232595053180213,0.9353774582202034,4,0.0308119530895814,0.0308119530895814,0.0563013353990857,97.01090455953378,Heatmap / 32
WDBC__29,WDBC,worst fractal dimension,Heatmap,32,zero,256,threshold,0.0358360914025125,0.0376783022737343,0.7096422831555368,4,0.0358360914025125,0.0358360914025125,0.0171028422179571,96.5403704601574,Heatmap / 32
Cleveland__00,Cleveland,age,Heatmap,32,zero,256,threshold,0.0330781162316692,0.0270219873997337,0.461167340857416,4,0.0330781162316692,0.0330781162316692,8.825429815634669,96.7981011588623,Heatmap / 32
ILPD__00,ILPD,age,Heatmap,32,zero,256,threshold,0.0517826350146622,0.0284448041075918,0.2803705343203134,4,0.0517826350146622,0.0517826350146622,16.050188765053708,95.07667903131522,Heatmap / 32
ILPD__02,ILPD,direct_bilirubin,Heatmap,32,zero,256,threshold,0.0399675058686835,0.0776818282662732,0.5285372278126305,4,0.0399675058686835,0.0399675058686835,2.724500610788553,96.15685051281496,Heatmap / 32
ILPD__04,ILPD,ALT,Heatmap,32,zero,256,threshold,0.0185633590384118,0.0562138880832765,0.2023065465567548,4,0.0185633590384118,0.0185633590384118,180.3204128629913,98.17749589422334,Heatmap / 32
Retinopathy__03,Retinopathy,feature_5,Heatmap,32,zero,256,threshold,0.0227603050241689,0.0144404378240822,0.4249601136663283,4,0.0227603050241689,0.0227603050241689,20.70782578646808,97.77461982906826,Heatmap / 32
Retinopathy__04,Retinopathy,feature_6,Heatmap,32,zero,256,threshold,0.0238269217997434,0.0171427520708096,0.3530434995106309,4,0.0238269217997434,0.0238269217997434,19.26108258451374,97.6727588137789,Heatmap / 32
Retinopathy__06,Retinopathy,feature_8,Heatmap,32,zero,256,threshold,0.0189310770417084,0.0237700509516785,0.2712182469918723,4,0.0189310770417084,0.0189310770417084,58.41218588981864,98.14206500633276,Heatmap / 32
Retinopathy__08,Retinopathy,feature_10,Heatmap,32,zero,256,threshold,0.0066614369802277,0.0365615113443733,0.0832930242817212,4,0.0066614369802277,0.0066614369802277,11.564139353880767,99.33826441189495,Heatmap / 32
Retinopathy__09,Retinopathy,feature_11,Heatmap,32,zero,256,threshold,0.0135552942617166,0.0619878974148058,0.158176713458784,4,0.0135552942617166,0.0135552942617166,3.903542161791645,98.6625994320724,Heatmap / 32
Retinopathy__12,Retinopathy,feature_14,Heatmap,32,zero,256,threshold,0.0774485982766348,0.1580597998748423,0.2025511288608782,4,0.0774485982766348,0.0774485982766348,0.392022401684756,92.81185214770218,Heatmap / 32
HAR__01,HAR,tBodyAcc-mean()-Y,Heatmap,32,zero,256,threshold,0.0397634334307789,0.0579968348809149,0.7770455544112371,4,0.0397634334307789,0.0397634334307789,0.0018147610291245,96.17572303927092,Heatmap / 32
HAR__04,HAR,tBodyAcc-std()-Y,Heatmap,32,zero,256,threshold,0.0468493474015054,0.0661158840313164,7.977201261579362,4,0.0468493474015054,0.0468493474015054,0.1183712457679736,95.52472879523734,Heatmap / 32
HAR__13,HAR,tBodyAccJerk-mean()-Y,Heatmap,32,zero,256,threshold,0.0566527603149519,0.1430141240932335,1.0589496574231776,4,0.0566527603149519,0.0566527603149519,0.0218734829981097,94.6384694724059,Heatmap / 32
HAR__19,HAR,tBodyGyro-mean()-Y,Heatmap,32,zero,256,threshold,0.2512450892891001,0.2052819943300095,0.7139376139785505,4,0.2512450892891001,0.2512450892891001,0.0077115347366547,79.92039357917912,Heatmap / 32
HAR__20,HAR,tBodyGyro-mean()-Z,Heatmap,32,zero,256,threshold,0.0673653280234665,0.1372796120037072,0.8840846496226551,4,0.0673653280234665,0.0673653280234665,0.0051456011049865,93.68863441084294,Heatmap / 32
HAR__24,HAR,tBodyGyroJerk-mean()-X,Heatmap,32,zero,256,threshold,0.0308974131743976,0.072540562916834,0.9248204807099052,4,0.0308974131743976,0.0308974131743976,0.0212550115941538,97.00286247889046,Heatmap / 32
HAR__26,HAR,tBodyGyroJerk-mean()-Z,Heatmap,32,zero,256,threshold,0.0672938191364575,0.0969907650676172,0.9819911096664414,4,0.0672938191364575,0.0672938191364575,0.0162481200674206,93.69491156700369,Heatmap / 32
HAR__29,HAR,tBodyGyroJerk-std()-Z,Heatmap,32,zero,256,threshold,0.0641234014694926,0.1041702544515407,5.727563428170417,4,0.0641234014694926,0.0641234014694926,0.0940084226045832,93.97406340458804,Heatmap / 32
HAR__35,HAR,tBodyAccJerkMag-std(),Heatmap,32,zero,256,threshold,0.0586688525610798,0.0937460846468578,6.351958299397688,4,0.0586688525610798,0.0586688525610798,0.1214445464450148,94.45824325338836,Heatmap / 32
HAR__37,HAR,tBodyGyroMag-std(),Heatmap,32,zero,256,threshold,0.1995646164650356,0.1619867393650774,4.25120744504073,4,0.1995646164650356,0.1995646164650356,0.1354565161673692,83.36357927485999,Heatmap / 32
BIDMC__00,BIDMC,mean,Heatmap,32,zero,256,threshold,0.0305416481268031,0.0842425419245138,0.0702477202658534,4,0.0305416481268031,0.0305416481268031,12.360952402314334,97.03634994448618,Heatmap / 32
Wrist__01,Wrist,median,Heatmap,32,zero,256,threshold,0.1370255109180245,0.3246218399223945,0.1379040581831825,4,0.1370255109180245,0.1370255109180245,29.81885170304165,87.948774270914,Heatmap / 32
Wrist__02,Wrist,q10,Heatmap,32,zero,256,threshold,0.1500583685648703,0.2928951696175727,0.2182669216939535,4,0.1500583685648703,0.1500583685648703,30.43233291876568,86.95210846105799,Heatmap / 32
HeartFailure__01,HeartFailure,creatinine_phosphokinase,Heatmap,4,zero,256,threshold,0.0300109635318955,0.9241507826861988,0.0344430881035375,4,0.0300109635318955,0.0300109635318955,970.005938479382,97.08634523374506,Heatmap / 4
Wrist__03,Wrist,q90,Heatmap,4,zero,256,threshold,0.130282359020151,0.2909324107753576,0.130282359020151,4,0.130282359020151,0.130282359020151,29.194196643150427,88.47346789229785,Heatmap / 4
WDBC__01,WDBC,mean texture,Heatmap,64,zero,256,threshold,0.0485286950339766,0.0244584444733543,1.0101730397394426,4,0.0485286950339766,0.0485286950339766,3.916259734095069,95.37173419632508,Heatmap / 64
WDBC__02,WDBC,mean perimeter,Heatmap,64,zero,256,threshold,0.0219939158646958,0.022882432797324,2.225124373549086,4,0.0219939158646958,0.0219939158646958,16.287269345845637,97.84794062633074,Heatmap / 64
WDBC__03,WDBC,mean area,Heatmap,64,zero,256,threshold,0.0274727844370383,0.0167002404675705,1.992501508162291,4,0.0274727844370383,0.0274727844370383,248.397302572926,97.32617886788204,Heatmap / 64
WDBC__04,WDBC,mean smoothness,Heatmap,64,zero,256,threshold,0.02667396528915,0.0164811479899185,0.802189850530686,4,0.02667396528915,0.02667396528915,0.0131405302535634,97.40190496779203,Heatmap / 64
WDBC__07,WDBC,mean concave points,Heatmap,64,zero,256,threshold,0.0317717837646907,0.0190723967867901,2.592899862752084,4,0.0317717837646907,0.0317717837646907,0.0244664442739667,96.92065781749108,Heatmap / 64
WDBC__08,WDBC,mean symmetry,Heatmap,64,zero,256,threshold,0.0346895747519519,0.0269841407521023,0.7068886217023179,4,0.0346895747519519,0.0346895747519519,0.0258965831928597,96.64734471106776,Heatmap / 64
WDBC__09,WDBC,mean fractal dimension,Heatmap,64,zero,256,threshold,0.0282502068002646,0.0237804523617603,0.2238747735614601,4,0.0282502068002646,0.0282502068002646,0.0070660037968311,97.25259410468058,Heatmap / 64
WDBC__10,WDBC,radius error,Heatmap,64,zero,256,threshold,0.0206057370825956,0.0284012312318061,1.3830645875970615,4,0.0206057370825956,0.0206057370825956,0.2286032068461238,97.98102868385816,Heatmap / 64
WDBC__11,WDBC,texture error,Heatmap,64,zero,256,threshold,0.0385682729111346,0.0245397979629524,0.1227587105992975,4,0.0385682729111346,0.0385682729111346,0.552115606860959,96.28639985284484,Heatmap / 64
WDBC__12,WDBC,perimeter error,Heatmap,64,zero,256,threshold,0.0143491019254925,0.0160806161306483,1.321966289988079,4,0.0143491019254925,0.0143491019254925,1.681820494847905,98.5853882161226,Heatmap / 64
WDBC__13,WDBC,area error,Heatmap,64,zero,256,threshold,0.0603508895247523,0.0318803559774633,1.2490355035028862,4,0.0603508895247523,0.0603508895247523,38.07874145019458,94.30840393298472,Heatmap / 64
WDBC__14,WDBC,smoothness error,Heatmap,64,zero,256,threshold,0.0473128373848273,0.0236564186924136,0.1877029040463673,4,0.0473128373848273,0.0473128373848273,0.0029984085907428,95.4824541726263,Heatmap / 64
WDBC__15,WDBC,compactness error,Heatmap,64,zero,256,threshold,0.0112940845155478,0.0126549771875977,0.6128457754801324,4,0.0112940845155478,0.0112940845155478,0.0171373295210721,98.88320472862668,Heatmap / 64
WDBC__17,WDBC,concave points error,Heatmap,64,zero,256,threshold,0.0264549696926156,0.0349203634689833,0.9174972699310664,4,0.0264549696926156,0.0264549696926156,0.0056382075124742,97.42268579979329,Heatmap / 64
WDBC__18,WDBC,symmetry error,Heatmap,64,zero,256,threshold,0.021025678500782,0.0174218662721211,0.1305738030116616,4,0.021025678500782,0.021025678500782,0.0082734819319271,97.9407297050888,Heatmap / 64
WDBC__19,WDBC,fractal dimension error,Heatmap,64,zero,256,threshold,0.0416916119420076,0.0214036332926733,0.2022769553363431,4,0.0416916119420076,0.0416916119420076,0.0026403403151483,95.99770109847744,Heatmap / 64
WDBC__20,WDBC,worst radius,Heatmap,64,zero,256,threshold,0.0109160654686153,0.0155358827626745,2.4490655220853155,4,0.0109160654686153,0.0109160654686153,3.04846886809422,98.9201808298936,Heatmap / 64
WDBC__21,WDBC,worst texture,Heatmap,64,zero,256,threshold,0.0209023572354827,0.0231036108164731,1.0542547027912608,4,0.0209023572354827,0.0209023572354827,5.472017326293327,97.9525605864909,Heatmap / 64
WDBC__22,WDBC,worst perimeter,Heatmap,64,zero,256,threshold,0.0119868713439658,0.0158604037067615,2.562994903230928,4,0.0119868713439658,0.0119868713439658,20.923568725165023,98.81551118068889,Heatmap / 64
WDBC__24,WDBC,worst smoothness,Heatmap,64,zero,256,threshold,0.0266304141688476,0.0155816647545357,0.9498102100830976,4,0.0266304141688476,0.0266304141688476,0.0207237191083447,97.40603689494164,Heatmap / 64
WDBC__26,WDBC,worst concavity,Heatmap,64,zero,256,threshold,0.0134053692196586,0.0125657344296212,1.848416959601444,4,0.0134053692196586,0.0134053692196586,0.156941862328806,98.6771957573127,Heatmap / 64
WDBC__27,WDBC,worst concave points,Heatmap,64,zero,256,threshold,0.0253183775793531,0.0216661987481799,2.7191463072567554,4,0.0253183775793531,0.0253183775793531,0.0400323438681821,97.53068138316934,Heatmap / 64
Cleveland__01,Cleveland,trestbps,Heatmap,64,zero,256,threshold,0.1032362869426914,0.0564801404547174,0.172143795625577,4,0.1032362869426914,0.1032362869426914,17.427290882589684,90.64241376353004,Heatmap / 64
Cleveland__02,Cleveland,chol,Heatmap,64,zero,256,threshold,0.0173152735518591,0.0290427871729184,0.195067442522468,4,0.0173152735518591,0.0173152735518591,51.67443561904991,98.29794420647944,Heatmap / 64
Cleveland__03,Cleveland,thalach,Heatmap,64,zero,256,threshold,0.0364992539023035,0.031431015020653,0.9004037068023738,4,0.0364992539023035,0.0364992539023035,20.8239924584355,96.47860297391551,Heatmap / 64
Cleveland__04,Cleveland,oldpeak,Heatmap,64,zero,256,threshold,0.0867925623756317,0.0437179546377837,0.9544077453023504,4,0.0867925623756317,0.0867925623756317,1.0530090571316797,92.01387961416384,Heatmap / 64
HeartFailure__02,HeartFailure,ejection_fraction,Heatmap,64,zero,256,threshold,0.0383332880612672,0.045266110750606,0.7180953456055503,4,0.0383332880612672,0.0383332880612672,11.419096433615184,96.30819039493171,Heatmap / 64
HeartFailure__04,HeartFailure,serum_creatinine,Heatmap,64,zero,256,threshold,0.0532086719141399,0.044196362542118,0.5523215962469813,4,0.0532086719141399,0.0532086719141399,0.9903650404345196,94.94794589780234,Heatmap / 64
HeartFailure__05,HeartFailure,serum_sodium,Heatmap,64,zero,256,threshold,0.1110817572927484,0.121831195394329,0.4267714704945112,4,0.1110817572927484,0.1110817572927484,4.3348727080007405,90.00237772210308,Heatmap / 64
CKD__00,CKD,age,Heatmap,64,zero,256,threshold,0.0133794237026042,0.0145493365575479,0.5483248315059996,4,0.0133794237026042,0.0133794237026042,16.74190091808664,98.679722186018,Heatmap / 64
CKD__01,CKD,bp,Heatmap,64,zero,256,threshold,0.1351275174289095,0.0824420305867158,0.7636209682823528,4,0.1351275174289095,0.1351275174289095,13.095502108190471,88.09582929193924,Heatmap / 64
CKD__02,CKD,bgr,Heatmap,64,zero,256,threshold,0.0131588663180944,0.0102948138839146,0.8914340559173735,4,0.0131588663180944,0.0131588663180944,72.06365919449946,98.70120405046498,Heatmap / 64
CKD__03,CKD,bu,Heatmap,64,zero,256,threshold,0.0224138158212944,0.0192343503802132,0.7948487371049439,4,0.0224138158212944,0.0224138158212944,46.76361459085069,97.80775499367743,Heatmap / 64
CKD__04,CKD,sc,Heatmap,64,zero,256,threshold,0.0501766185570702,0.0455150460806139,0.538847825566807,4,0.0501766185570702,0.0501766185570702,5.483923029459524,95.22207810853642,Heatmap / 64
CKD__05,CKD,sod,Heatmap,64,zero,256,threshold,0.0876804019773857,0.0617643140602527,0.75141055610421,4,0.0876804019773857,0.0876804019773857,9.661828598257197,91.93877155293188,Heatmap / 64
CKD__06,CKD,pot,Heatmap,64,zero,256,threshold,0.0638047163387536,0.0344325069989399,0.0721546253126926,4,0.0638047163387536,0.0638047163387536,3.187598840729353,94.0022153165153,Heatmap / 64
CKD__07,CKD,hemo,Heatmap,64,zero,256,threshold,0.0391868573320671,0.0241878606975153,2.4162937504835846,4,0.0391868573320671,0.0391868573320671,1.8648394877891767,96.22908459093944,Heatmap / 64
CKD__08,CKD,pcv,Heatmap,64,zero,256,threshold,0.010243163471264,0.0496253723323045,2.2675077612126007,4,0.010243163471264,0.010243163471264,6.041875681463431,98.98606950864504,Heatmap / 64
CKD__09,CKD,wc,Heatmap,64,zero,256,threshold,0.0470458497358599,0.0328276375129882,0.4112797540662808,4,0.0470458497358599,0.0470458497358599,2869.093332053087,95.50680137381488,Heatmap / 64
ILPD__01,ILPD,total_bilirubin,Heatmap,64,zero,256,threshold,0.037966068603217,0.0340052514088245,0.438281976879355,4,0.037966068603217,0.037966068603217,6.06230723635571,96.34226303232556,Heatmap / 64
ILPD__03,ILPD,alkaline_phosphatase,Heatmap,64,zero,256,threshold,0.0252227376237379,0.0409347571404898,0.372746383115118,4,0.0252227376237379,0.0252227376237379,238.95604098321152,97.5397797280424,Heatmap / 64
ILPD__05,ILPD,AST,Heatmap,64,zero,256,threshold,0.0377434882412841,0.0842459857949453,0.1912459137657919,4,0.0377434882412841,0.0377434882412841,285.8100281658253,96.36292699795688,Heatmap / 64
ILPD__06,ILPD,total_protein,Heatmap,64,zero,256,threshold,0.037419766907971,0.044907477966372,0.1013153236402179,4,0.037419766907971,0.037419766907971,1.0857192776743458,96.39299653798764,Heatmap / 64
ILPD__07,ILPD,albumin,Heatmap,64,zero,256,threshold,0.0520963137910997,0.0442344439241592,0.4517885912482831,4,0.0520963137910997,0.0520963137910997,0.7857657472472728,95.0483322573979,Heatmap / 64
ILPD__08,ILPD,albumin_globulin_ratio,Heatmap,64,zero,256,threshold,0.0434857166378051,0.0373370408281309,0.4436218697090482,4,0.0434857166378051,0.0434857166378051,0.3155840808565631,95.83264859839964,Heatmap / 64
Retinopathy__00,Retinopathy,feature_2,Heatmap,64,zero,256,threshold,0.0154202430813015,0.012815503841312,0.5875093631555783,4,0.0154202430813015,0.0154202430813015,24.510247671043043,98.48139298124404,Heatmap / 64
Retinopathy__01,Retinopathy,feature_3,Heatmap,64,zero,256,threshold,0.0324924080405586,0.0254348159741698,0.5343080031685485,4,0.0324924080405586,0.0324924080405586,23.2450195886025,96.853012401106,Heatmap / 64
Retinopathy__02,Retinopathy,feature_4,Heatmap,64,zero,256,threshold,0.0233604939119889,0.0214269407126117,0.4743420245305044,4,0.0233604939119889,0.0233604939119889,22.17808976637167,97.7172761650502,Heatmap / 64
Retinopathy__05,Retinopathy,feature_7,Heatmap,64,zero,256,threshold,0.0419625550845715,0.0312758742710105,0.253601729447275,4,0.0419625550845715,0.0419625550845715,14.984124943793166,95.97273866706604,Heatmap / 64
Retinopathy__10,Retinopathy,feature_12,Heatmap,64,zero,256,threshold,0.0709485356717204,0.1275253467466165,0.1571889426940167,4,0.0709485356717204,0.0709485356717204,2.459911323105543,93.37516852504775,Heatmap / 64
Retinopathy__11,Retinopathy,feature_13,Heatmap,64,zero,256,threshold,0.0821047734943271,0.0923432778553673,0.1604198373554132,4,0.0821047734943271,0.0821047734943271,1.0453904751720595,92.41249317945484,Heatmap / 64
Retinopathy__13,Retinopathy,feature_15,Heatmap,64,zero,256,threshold,0.0465120655812608,0.0977331072980344,0.2005667748310951,4,0.0465120655812608,0.0465120655812608,0.1761998717372855,95.55551559212776,Heatmap / 64
Retinopathy__14,Retinopathy,feature_16,Heatmap,64,zero,256,threshold,0.026617889294503,0.022112339029947,0.0642130837613129,4,0.026617889294503,0.026617889294503,0.0280665542664034,97.40722526150456,Heatmap / 64
Retinopathy__15,Retinopathy,feature_17,Heatmap,64,zero,256,threshold,0.0194718080508313,0.0159833866397453,0.0783165415303669,4,0.0194718080508313,0.0194718080508313,0.0179441018785934,98.09001015064258,Heatmap / 64
HAR__00,HAR,tBodyAcc-mean()-X,Heatmap,64,zero,256,threshold,0.0584391632801837,0.192895361807756,1.0074414071271316,4,0.0584391632801837,0.0584391632801837,0.0046163865383122,94.47874140455306,Heatmap / 64
HAR__02,HAR,tBodyAcc-mean()-Z,Heatmap,64,zero,256,threshold,0.2136316922734506,0.1133558705273208,0.6902601240651061,4,0.2136316922734506,0.2136316922734506,0.0039368550424096,82.39732089780364,Heatmap / 64
HAR__03,HAR,tBodyAcc-std()-X,Heatmap,64,zero,256,threshold,0.1109520358051823,0.1447638244567325,7.873132339733298,4,0.1109520358051823,0.1109520358051823,0.0873726069265212,90.01288694477545,Heatmap / 64
HAR__06,HAR,tGravityAcc-mean()-X,Heatmap,64,zero,256,threshold,0.143084646108056,0.1175943806868077,0.3149381013152098,4,0.143084646108056,0.143084646108056,0.0516786369512984,87.48258524902538,Heatmap / 64
HAR__07,HAR,tGravityAcc-mean()-Y,Heatmap,64,zero,256,threshold,0.0356392738044052,0.0947855308053394,2.572618135599922,4,0.0356392738044052,0.0356392738044052,0.1065519917197416,96.55871743126497,Heatmap / 64
HAR__08,HAR,tGravityAcc-mean()-Z,Heatmap,64,zero,256,threshold,0.0713498722679764,0.0584875073669588,1.4276852001405482,4,0.0713498722679764,0.0713498722679764,0.1390913183805862,93.34018940825246,Heatmap / 64
HAR__09,HAR,tGravityAcc-std()-X,Heatmap,64,zero,256,threshold,0.474589364722399,0.8517515057857538,4.978964581664309,4,0.474589364722399,0.474589364722399,0.0030620051418208,67.81548978472773,Heatmap / 64
HAR__10,HAR,tGravityAcc-std()-Y,Heatmap,64,zero,256,threshold,0.2509366185419601,1.1752758979400717,3.765669216841903,4,0.2509366185419601,0.2509366185419601,0.0044293128630103,79.94010129510467,Heatmap / 64
HAR__11,HAR,tGravityAcc-std()-Z,Heatmap,64,zero,256,threshold,0.218005744204575,0.2277695152861174,2.088132693145848,4,0.218005744204575,0.218005744204575,0.0086901926585239,82.10141904158712,Heatmap / 64
HAR__12,HAR,tBodyAccJerk-mean()-X,Heatmap,64,zero,256,threshold,0.087119105589148,0.0642007070946223,1.2772440670946683,4,0.087119105589148,0.087119105589148,0.0205696096359731,91.98624096097224,Heatmap / 64
HAR__14,HAR,tBodyAccJerk-mean()-Z,Heatmap,64,zero,256,threshold,0.0713987758537379,0.075007915261521,0.8760679729443205,4,0.0713987758537379,0.0713987758537379,0.0204052047812232,93.33592893114478,Heatmap / 64
HAR__15,HAR,tBodyAccJerk-std()-X,Heatmap,64,zero,256,threshold,0.0951060893400895,0.0946813209912252,6.454213687249911,4,0.0951060893400895,0.0951060893400895,0.1130557335824611,91.3153538030822,Heatmap / 64
HAR__16,HAR,tBodyAccJerk-std()-Y,Heatmap,64,zero,256,threshold,0.0332006601510907,0.0644284503918969,7.135567250348754,4,0.0332006601510907,0.0332006601510907,0.1215755357582258,96.7866203118535,Heatmap / 64
HAR__22,HAR,tBodyGyro-std()-Y,Heatmap,64,zero,256,threshold,0.0512682582121251,0.0457914097595564,3.789140300933709,4,0.0512682582121251,0.0512682582121251,0.1645037007659498,95.12319925845416,Heatmap / 64
HAR__23,HAR,tBodyGyro-std()-Z,Heatmap,64,zero,256,threshold,0.0700136295189866,0.0683155799105033,6.506856847420687,4,0.0700136295189866,0.0700136295189866,0.1007221383485321,93.45675348542424,Heatmap / 64
HAR__25,HAR,tBodyGyroJerk-mean()-Y,Heatmap,64,zero,256,threshold,0.0711897079974163,0.0438954881868481,1.301729608668024,4,0.0711897079974163,0.0711897079974163,0.0091759494410072,93.35414563210236,Heatmap / 64
HAR__27,HAR,tBodyGyroJerk-std()-X,Heatmap,64,zero,256,threshold,0.0485066901050267,0.0635104817070138,5.5696618032543626,4,0.0485066901050267,0.0485066901050267,0.1082625972725443,95.373735755547,Heatmap / 64
HAR__28,HAR,tBodyGyroJerk-std()-Y,Heatmap,64,zero,256,threshold,0.1164373896994053,0.0683927693574885,2.851111129589107,4,0.1164373896994053,0.1164373896994053,0.1619098651607198,89.57062968566868,Heatmap / 64
HAR__30,HAR,tBodyAccMag-mean(),Heatmap,64,zero,256,threshold,0.0812370812210013,0.0674998308096627,10.138692858529437,4,0.0812370812210013,0.0812370812210013,0.0815866565761593,92.48665416383396,Heatmap / 64
HAR__31,HAR,tBodyAccMag-std(),Heatmap,64,zero,256,threshold,0.0574821245844509,0.0565128024254101,7.383637809662343,4,0.0574821245844509,0.0574821245844509,0.0871909475783781,94.5642462176806,Heatmap / 64
HAR__32,HAR,tGravityAccMag-mean(),Heatmap,64,zero,256,threshold,0.0812370812210013,0.0674998308096627,10.138692858529437,4,0.0812370812210013,0.0812370812210013,0.0815866565761593,92.48665416383396,Heatmap / 64
HAR__33,HAR,tGravityAccMag-std(),Heatmap,64,zero,256,threshold,0.0574821245844509,0.0565128024254101,7.383637809662343,4,0.0574821245844509,0.0574821245844509,0.0871909475783781,94.5642462176806,Heatmap / 64
HAR__34,HAR,tBodyAccJerkMag-mean(),Heatmap,64,zero,256,threshold,0.0528113096550099,0.0671849798039049,7.415407794137192,4,0.0528113096550099,0.0528113096550099,0.1009673116928177,94.98378207275194,Heatmap / 64
HAR__36,HAR,tBodyGyroMag-mean(),Heatmap,64,zero,256,threshold,0.0324309325588327,0.0548509289836721,5.954985082050173,4,0.0324309325588327,0.0324309325588327,0.1189689146870361,96.85877945574003,Heatmap / 64
HAR__38,HAR,tBodyGyroJerkMag-mean(),Heatmap,64,zero,256,threshold,0.1202309306394608,0.0912323142268311,4.776719690397632,4,0.1202309306394608,0.1202309306394608,0.1071670577256307,89.26730843159012,Heatmap / 64
BIDMC__01,BIDMC,median,Heatmap,64,zero,256,threshold,0.0367856271181899,0.0789226033003186,0.0486156955745028,4,0.0367856271181899,0.0367856271181899,12.341693210590991,96.45195437166332,Heatmap / 64
BIDMC__02,BIDMC,q10,Heatmap,64,zero,256,threshold,0.0283212418401768,0.0485947933580124,0.0326356872276565,4,0.0283212418401768,0.0283212418401768,13.788586612591835,97.24587602707729,Heatmap / 64
BIDMC__03,BIDMC,q90,Heatmap,64,zero,256,threshold,0.0368270565110377,0.0410454974979816,0.0459792076245047,4,0.0368270565110377,0.0368270565110377,13.049376685652764,96.44810035774314,Heatmap / 64
Wrist__00,Wrist,mean,Heatmap,8,zero,256,threshold,0.1201927117841016,0.3794049072730509,0.1476325689647016,4,0.1201927117841016,0.1201927117841016,29.715915839607305,89.27035406321527,Heatmap / 8
Wrist__04,Wrist,SD,Heatmap,8,zero,256,threshold,0.1495544230551954,0.3430424015081713,1.5161811796252485,4,0.1495544230551954,0.1495544230551954,1.0871690248123866,86.99022681695038,Heatmap / 8
WDBC__01,WDBC,mean texture,Histogram,16,zero,256,threshold,0.0298349874969265,0.0302061741857376,1.0101730397394426,4,0.0179509672446245,0.0426730297038491,3.916259734095069,97.10293514406204,Histogram / 16
WDBC__14,WDBC,smoothness error,Histogram,16,zero,256,threshold,0.0572743144593771,0.0623240808906467,0.1877029040463673,4,0.0489022248593197,0.0656094265146412,0.0029984085907428,94.58283307594932,Histogram / 16
WDBC__26,WDBC,worst concavity,Histogram,16,zero,256,threshold,0.0140098111807978,0.036022017095561,1.848416959601444,4,0.0094434683267424,0.0226634066096785,0.156941862328806,98.6183751847052,Histogram / 16
Cleveland__00,Cleveland,age,Histogram,16,zero,256,threshold,0.0342589224506474,0.0350893622769386,0.461167340857416,4,0.0276199318876906,0.037478700767008,8.825429815634669,96.6875874399544,Histogram / 16
HeartFailure__00,HeartFailure,age,Histogram,16,zero,256,threshold,0.0400869016130068,0.0618405463077988,0.6143214823582146,4,0.0337546442467467,0.0470188252440417,11.52491033330266,96.1458122825277,Histogram / 16
HeartFailure__03,HeartFailure,platelets,Histogram,16,zero,256,threshold,0.0366150238208626,0.0652280796916675,0.1485941781468389,4,0.029551857435303,0.0417480732380778,97850.40155228524,96.4678281734811,Histogram / 16
CKD__05,CKD,sod,Histogram,16,zero,256,threshold,0.0882591396174082,0.1550107589390101,0.75141055610421,4,0.0874359989677323,0.0892014739683723,9.661828598257197,91.88987839344618,Histogram / 16
CKD__10,CKD,rc,Histogram,16,zero,256,threshold,0.0511164735350565,0.0422681394264659,2.001324589190506,4,0.0487493517648938,0.0529230219981149,0.7345135356551953,95.136935361393,Histogram / 16
ILPD__02,ILPD,direct_bilirubin,Histogram,16,zero,256,threshold,0.1442689695083628,0.1284230646667442,0.5285372278126305,4,0.0896096085506873,0.2050985535029844,2.724500610788553,87.39204038973912,Histogram / 16
ILPD__04,ILPD,ALT,Histogram,16,zero,256,threshold,0.0479098949850955,0.2121648281947855,0.2023065465567548,4,0.0273810105989573,0.066823767332916,180.3204128629913,95.4280520477596,Histogram / 16
ILPD__06,ILPD,total_protein,Histogram,16,zero,256,threshold,0.0454859317626267,0.051725395075073,0.1013153236402179,4,0.0391500804528317,0.0519587151475158,1.0857192776743458,95.64930235972278,Histogram / 16
Retinopathy__07,Retinopathy,feature_9,Histogram,16,zero,256,threshold,0.0111369619979018,0.0386164866570168,0.0993727012819967,4,0.0060760001688139,0.017255535335609,21.61209177463597,98.89857038003078,Histogram / 16
HAR__39,HAR,tBodyGyroJerkMag-std(),Histogram,16,zero,256,threshold,0.1346535423158819,0.2043555287983232,3.022894688594303,4,0.1137337397041581,0.1535751645383124,0.1514172162619554,88.13262927456714,Histogram / 16
BIDMC__04,BIDMC,SD,Histogram,16,zero,256,threshold,0.0189791828114448,0.0920023514096596,0.0544107270713745,4,0.0143319512588509,0.0290622992672995,3.71002338580408,98.13743174231686,Histogram / 16
WDBC__00,WDBC,mean radius,Histogram,32,zero,256,threshold,0.029231572212885,0.018528082578529,2.144469731021561,4,0.0227028739132056,0.0354863408897231,2.410516653707913,97.1598644073815,Histogram / 32
WDBC__05,WDBC,mean compactness,Histogram,32,zero,256,threshold,0.05347560270533,0.0365056713946354,1.5079960187193386,4,0.0445955327141648,0.0631313225607294,0.0424242499355741,94.92388788425622,Histogram / 32
WDBC__06,WDBC,mean concavity,Histogram,32,zero,256,threshold,0.0279158471169402,0.0471582272454272,2.016960676180267,4,0.0237963631270468,0.0331274485694008,0.0572647753444237,97.2842283543699,Histogram / 32
WDBC__09,WDBC,mean fractal dimension,Histogram,32,zero,256,threshold,0.0394082397142388,0.0423826532556603,0.2238747735614601,4,0.0316638515204421,0.0457589898755083,0.0070660037968311,96.20858886734696,Histogram / 32
WDBC__15,WDBC,compactness error,Histogram,32,zero,256,threshold,0.0475596679582709,0.0578457920923829,0.6128457754801324,4,0.0400433225300409,0.0566738903634446,0.0171373295210721,95.45995618073324,Histogram / 32
WDBC__16,WDBC,concavity error,Histogram,32,zero,256,threshold,0.0442875448006149,0.0338872439861872,0.6006687144477244,4,0.0348850330693203,0.0529750430707403,0.0292239625234014,95.75906607130216,Histogram / 32
WDBC__17,WDBC,concave points error,Histogram,32,zero,256,threshold,0.0374344950360871,0.032461477077007,0.9174972699310664,4,0.029240522610313,0.0408055676229064,0.0056382075124742,96.39162807722283,Histogram / 32
WDBC__18,WDBC,symmetry error,Histogram,32,zero,256,threshold,0.0340717506737095,0.0400223978659416,0.1305738030116616,4,0.0181807608999423,0.0754082578623627,0.0082734819319271,96.7050883411609,Histogram / 32
WDBC__20,WDBC,worst radius,Histogram,32,zero,256,threshold,0.0204746617441441,0.0238744705334394,2.4490655220853155,4,0.0096094323680767,0.0393728429509638,3.04846886809422,97.99361390226484,Histogram / 32
WDBC__21,WDBC,worst texture,Histogram,32,zero,256,threshold,0.0434061114570531,0.0362826378008271,1.0542547027912608,4,0.038472440675933,0.0476642021208247,5.472017326293327,95.83996001360974,Histogram / 32
WDBC__23,WDBC,worst area,Histogram,32,zero,256,threshold,0.0447179487230508,0.0312418300646818,2.099445049332308,4,0.0236160527881693,0.087623306889863,387.1270649634207,95.7196151575926,Histogram / 32
WDBC__24,WDBC,worst smoothness,Histogram,32,zero,256,threshold,0.0390066566301813,0.0281194061039654,0.9498102100830976,4,0.0354815584123753,0.0428332462236071,0.0207237191083447,96.24577413616464,Histogram / 32
WDBC__25,WDBC,worst compactness,Histogram,32,zero,256,threshold,0.0391590930811015,0.0329295811140352,1.4826009427136595,4,0.0332266404911812,0.0510157413679332,0.1270309458020991,96.23165563946566,Histogram / 32
WDBC__27,WDBC,worst concave points,Histogram,32,zero,256,threshold,0.0432311929639946,0.0329679882060127,2.7191463072567554,4,0.0334115839110826,0.0591954733965019,0.0400323438681821,95.85602949225785,Histogram / 32
WDBC__29,WDBC,worst fractal dimension,Histogram,32,zero,256,threshold,0.0386573032640468,0.030394285110531,0.7096422831555368,4,0.034026675036977,0.0448172209215386,0.0171028422179571,96.27814649330786,Histogram / 32
Cleveland__03,Cleveland,thalach,Histogram,32,zero,256,threshold,0.0550384071079664,0.0342827280604137,0.9004037068023738,4,0.0391563427218988,0.0735979362429063,20.8239924584355,94.78327928754408,Histogram / 32
CKD__00,CKD,age,Histogram,32,zero,256,threshold,0.0549383165570977,0.0429395657782843,0.5483248315059996,4,0.0510885095411592,0.0585912146621419,16.74190091808664,94.79227214569332,Histogram / 32
CKD__03,CKD,bu,Histogram,32,zero,256,threshold,0.0963612554557733,0.0570223175138338,0.7948487371049439,4,0.0489610168691582,0.1451445180372757,46.76361459085069,91.21081167578156,Histogram / 32
ILPD__03,ILPD,alkaline_phosphatase,Histogram,32,zero,256,threshold,0.0862409706679433,0.0651034695829606,0.372746383115118,4,0.0548459924455896,0.1133018842300727,238.95604098321152,92.0606041387932,Histogram / 32
Retinopathy__01,Retinopathy,feature_3,Histogram,32,zero,256,threshold,0.024021191512652,0.0357378156816957,0.5343080031685485,4,0.0166029214664626,0.0299338071833246,23.2450195886025,97.65422906168878,Histogram / 32
Retinopathy__03,Retinopathy,feature_5,Histogram,32,zero,256,threshold,0.022755309549739,0.0266404173220054,0.4249601136663283,4,0.0174282304764159,0.0300820481433726,20.70782578646808,97.77509739257604,Histogram / 32
Retinopathy__04,Retinopathy,feature_6,Histogram,32,zero,256,threshold,0.0243680053075431,0.0334547582337186,0.3530434995106309,4,0.0144129404391373,0.0326239323798582,19.26108258451374,97.621166887165,Histogram / 32
Retinopathy__08,Retinopathy,feature_10,Histogram,32,zero,256,threshold,0.0211585017269058,0.0712390281751767,0.0832930242817212,4,0.0098823641995975,0.0341683718671321,11.564139353880767,97.92799044505588,Histogram / 32
Retinopathy__09,Retinopathy,feature_11,Histogram,32,zero,256,threshold,0.0398292506480383,0.0764995985139113,0.158176713458784,4,0.0333318472530788,0.0451169590359988,3.903542161791645,96.16963548359348,Histogram / 32
Retinopathy__12,Retinopathy,feature_14,Histogram,32,zero,256,threshold,0.1136655243917823,0.1787669040348147,0.2025511288608782,4,0.1060558127347899,0.1320071699534237,0.392022401684756,89.79356710769514,Histogram / 32
Retinopathy__14,Retinopathy,feature_16,Histogram,32,zero,256,threshold,0.0197248807448431,0.0246251932877435,0.0642130837613129,4,0.0180203436668992,0.0213459448294121,0.0280665542664034,98.06566642461098,Histogram / 32
Retinopathy__15,Retinopathy,feature_17,Histogram,32,zero,256,threshold,0.0233492587976213,0.0189227458733098,0.0783165415303669,4,0.0194443720129854,0.0300740519288779,0.0179441018785934,97.7183489803808,Histogram / 32
HAR__01,HAR,tBodyAcc-mean()-Y,Histogram,32,zero,256,threshold,0.0609745089777593,0.0542449661466372,0.7770455544112371,4,0.0570468378599711,0.0640166441855762,0.0018147610291245,94.25297135211024,Histogram / 32
HAR__04,HAR,tBodyAcc-std()-Y,Histogram,32,zero,256,threshold,0.0547576372534587,0.0669688099039635,7.977201261579362,4,0.0479130316636552,0.0596864681068464,0.1183712457679736,94.80851000083344,Histogram / 32
HAR__20,HAR,tBodyGyro-mean()-Z,Histogram,32,zero,256,threshold,0.0765984476061077,0.1234331623041411,0.8840846496226551,4,0.0732134770594661,0.0784383488325295,0.0051456011049865,92.885142294564,Histogram / 32
HAR__29,HAR,tBodyGyroJerk-std()-Z,Histogram,32,zero,256,threshold,0.0530702011757932,0.0963795338804127,5.727563428170417,4,0.0448063765994234,0.0625392916830577,0.0940084226045832,94.96043083200549,Histogram / 32
HAR__35,HAR,tBodyAccJerkMag-std(),Histogram,32,zero,256,threshold,0.0591711820939716,0.088231866972697,6.351958299397688,4,0.0556736437640271,0.0613921592836306,0.1214445464450148,94.41344486195416,Histogram / 32
HAR__37,HAR,tBodyGyroMag-std(),Histogram,32,zero,256,threshold,0.1252309327502935,0.1167107722910503,4.25120744504073,4,0.0483811969185169,0.2038414205208249,0.1354565161673692,88.87064609535717,Histogram / 32
BIDMC__00,BIDMC,mean,Histogram,4,zero,256,threshold,0.0274333716512713,0.2596367198980482,0.0702477202658534,4,0.018888002347935,0.0336751107484128,12.360952402314334,97.32991234193796,Histogram / 4
Wrist__01,Wrist,median,Histogram,4,zero,256,threshold,0.1379040581831825,0.2798186290242565,0.1379040581831825,4,0.1379040581831825,0.1379040581831825,29.81885170304165,87.88087122183526,Histogram / 4
Wrist__03,Wrist,q90,Histogram,4,zero,256,threshold,0.130282359020151,0.2858493960699025,0.130282359020151,4,0.130282359020151,0.130282359020151,29.194196643150427,88.47346789229785,Histogram / 4
WDBC__02,WDBC,mean perimeter,Histogram,64,zero,256,threshold,0.0434021585794049,0.0394154857686553,2.225124373549086,4,0.011357607322835,0.1040213027369488,16.287269345845637,95.84032309857427,Histogram / 64
WDBC__03,WDBC,mean area,Histogram,64,zero,256,threshold,0.0450207628426195,0.0348111806178739,1.992501508162291,4,0.0273550572184315,0.0849282009048691,248.397302572926,95.69187862639627,Histogram / 64
WDBC__04,WDBC,mean smoothness,Histogram,64,zero,256,threshold,0.0251718022964514,0.0291278712458903,0.802189850530686,4,0.0172560719480505,0.0308965083091115,0.0131405302535634,97.54462596024734,Histogram / 64
WDBC__07,WDBC,mean concave points,Histogram,64,zero,256,threshold,0.0523948542524477,0.0539931806599232,2.592899862752084,4,0.0288770254185289,0.09255527612184,0.0244664442739667,95.0213692094052,Histogram / 64
WDBC__08,WDBC,mean symmetry,Histogram,64,zero,256,threshold,0.0423059652595113,0.034889003462679,0.7068886217023179,4,0.0239620667756811,0.0588850794464045,0.0258965831928597,95.94111837890344,Histogram / 64
WDBC__10,WDBC,radius error,Histogram,64,zero,256,threshold,0.0342783492406224,0.0258626972103131,1.3830645875970615,4,0.0264698809552864,0.0517891343056284,0.2286032068461238,96.6857713626327,Histogram / 64
WDBC__11,WDBC,texture error,Histogram,64,zero,256,threshold,0.0422008979999267,0.056247644492041,0.1227587105992975,4,0.0262658867388998,0.0716755672939526,0.552115606860959,95.95079047802456,Histogram / 64
WDBC__12,WDBC,perimeter error,Histogram,64,zero,256,threshold,0.032928638406148,0.0283707950236953,1.321966289988079,4,0.0193546973704036,0.0687979109214344,1.681820494847905,96.81210906718994,Histogram / 64
WDBC__13,WDBC,area error,Histogram,64,zero,256,threshold,0.0780058476824049,0.0416784942136977,1.2490355035028862,4,0.0455749724279483,0.1386054275243535,38.07874145019458,92.76387527487825,Histogram / 64
WDBC__19,WDBC,fractal dimension error,Histogram,64,zero,256,threshold,0.0596570862717152,0.0568483001166982,0.2022769553363431,4,0.0376835535386469,0.0714357474454939,0.0026403403151483,94.37015171751344,Histogram / 64
WDBC__22,WDBC,worst perimeter,Histogram,64,zero,256,threshold,0.0387059082228914,0.0315821320525296,2.562994903230928,4,0.0208732485686371,0.0870257600620499,20.923568725165023,96.27364127646942,Histogram / 64
WDBC__28,WDBC,worst symmetry,Histogram,64,zero,256,threshold,0.0456726475495932,0.0408292401592438,0.9353774582202034,4,0.0110057033357781,0.1044538179115025,0.0563013353990857,95.63222317647674,Histogram / 64
Cleveland__01,Cleveland,trestbps,Histogram,64,zero,256,threshold,0.1046148702332325,0.0613615920754167,0.172143795625577,4,0.0999441117899298,0.1101652062319873,17.427290882589684,90.52929006730248,Histogram / 64
Cleveland__02,Cleveland,chol,Histogram,64,zero,256,threshold,0.025836695730198,0.0185596451038123,0.195067442522468,4,0.0188798829979357,0.0401177105138335,51.67443561904991,97.48140266011762,Histogram / 64
Cleveland__04,Cleveland,oldpeak,Histogram,64,zero,256,threshold,0.0774785921147845,0.0736030581029005,0.9544077453023504,4,0.0350263072752663,0.1048634565632084,1.0530090571316797,92.8092685384388,Histogram / 64
HeartFailure__02,HeartFailure,ejection_fraction,Histogram,64,zero,256,threshold,0.0590960833168501,0.055925118876162,0.7180953456055503,4,0.0279495207565419,0.0909003145910669,11.419096433615184,94.42013956545146,Histogram / 64
HeartFailure__04,HeartFailure,serum_creatinine,Histogram,64,zero,256,threshold,0.0517418392230386,0.0582393872643614,0.5523215962469813,4,0.0400525093268924,0.0707712888154351,0.9903650404345196,95.08036694049729,Histogram / 64
HeartFailure__05,HeartFailure,serum_sodium,Histogram,64,zero,256,threshold,0.1198645742694209,0.1028503974554245,0.4267714704945112,4,0.1143390052309223,0.1310136647155453,4.3348727080007405,89.29651164761432,Histogram / 64
CKD__01,CKD,bp,Histogram,64,zero,256,threshold,0.1378203154636145,0.0839926333857108,0.7636209682823528,4,0.1301947045364645,0.1446580023862073,13.095502108190471,87.88733918787005,Histogram / 64
CKD__02,CKD,bgr,Histogram,64,zero,256,threshold,0.0456012845926898,0.0268526970380867,0.8914340559173735,4,0.007426549764342,0.1480730782633388,72.06365919449946,95.63875013691728,Histogram / 64
CKD__04,CKD,sc,Histogram,64,zero,256,threshold,0.0869318968780877,0.0609579104873145,0.538847825566807,4,0.0411965343858472,0.1337475475823742,5.483923029459524,92.0020842954581,Histogram / 64
CKD__06,CKD,pot,Histogram,64,zero,256,threshold,0.0585989405434639,0.03118755716072,0.0721546253126926,4,0.0561588897545104,0.0618462707330937,3.187598840729353,94.46448146704356,Histogram / 64
CKD__07,CKD,hemo,Histogram,64,zero,256,threshold,0.0578455556056701,0.0319786596812955,2.4162937504835846,4,0.0472798132178024,0.0828330591605054,1.8648394877891767,94.53175793960295,Histogram / 64
CKD__08,CKD,pcv,Histogram,64,zero,256,threshold,0.0369164771403546,0.0463858065397705,2.2675077612126007,4,0.0103699580403252,0.1036878175046675,6.041875681463431,96.43978295704548,Histogram / 64
CKD__09,CKD,wc,Histogram,64,zero,256,threshold,0.0439245239596781,0.0301597074311954,0.4112797540662808,4,0.0344804560918808,0.0516046498950324,2869.093332053087,95.7923659276564,Histogram / 64
ILPD__00,ILPD,age,Histogram,64,zero,256,threshold,0.0329198298090052,0.0352939393393321,0.2803705343203134,4,0.0203405479255947,0.0507296052010034,16.050188765053708,96.81293466743762,Histogram / 64
ILPD__05,ILPD,AST,Histogram,64,zero,256,threshold,0.0460628520007989,0.071170558415874,0.1912459137657919,4,0.0341175429754908,0.057385329735821,285.8100281658253,95.59655025386908,Histogram / 64
ILPD__07,ILPD,albumin,Histogram,64,zero,256,threshold,0.0459539168037972,0.0398632436868569,0.4517885912482831,4,0.026969955651198,0.0612697262095939,0.7857657472472728,95.60650655200736,Histogram / 64
ILPD__08,ILPD,albumin_globulin_ratio,Histogram,64,zero,256,threshold,0.0619483636749692,0.0481335577203015,0.4436218697090482,4,0.0392567370921369,0.0904600222809153,0.3155840808565631,94.16653711291656,Histogram / 64
Retinopathy__00,Retinopathy,feature_2,Histogram,64,zero,256,threshold,0.0187108659506077,0.0463527074477985,0.5875093631555783,4,0.0105162800021523,0.0317293580943896,24.510247671043043,98.1632800261586,Histogram / 64
Retinopathy__02,Retinopathy,feature_4,Histogram,64,zero,256,threshold,0.0258161572674894,0.0575665588439349,0.4743420245305044,4,0.0192185664541455,0.0316343644192007,22.17808976637167,97.48335439205236,Histogram / 64
Retinopathy__05,Retinopathy,feature_7,Histogram,64,zero,256,threshold,0.0528544966698783,0.0739986605603958,0.253601729447275,4,0.0414806252028742,0.0574613709679373,14.984124943793166,94.97988593513594,Histogram / 64
Retinopathy__06,Retinopathy,feature_8,Histogram,64,zero,256,threshold,0.0325178502651809,0.0913000476938017,0.2712182469918723,4,0.0134027353295873,0.0728910080586751,58.41218588981864,96.85062585050424,Histogram / 64
Retinopathy__10,Retinopathy,feature_12,Histogram,64,zero,256,threshold,0.1121650877394072,0.1476464211260622,0.1571889426940167,4,0.1043828475667121,0.1252491059764111,2.459911323105543,89.91470879854766,Histogram / 64
Retinopathy__11,Retinopathy,feature_13,Histogram,64,zero,256,threshold,0.1026011435851905,0.100438587355253,0.1604198373554132,4,0.0920979589356791,0.1172475880625303,1.0453904751720595,90.6946275013306,Histogram / 64
Retinopathy__13,Retinopathy,feature_15,Histogram,64,zero,256,threshold,0.1333766955785676,0.1420200147786494,0.2005667748310951,4,0.1091137152904623,0.1472983427453375,0.1761998717372855,88.23191829346013,Histogram / 64
HAR__00,HAR,tBodyAcc-mean()-X,Histogram,64,zero,256,threshold,0.099023523651075,0.1737950140929311,1.0074414071271316,4,0.0937293547492183,0.1041136532430601,0.0046163865383122,90.98986313576728,Histogram / 64
HAR__02,HAR,tBodyAcc-mean()-Z,Histogram,64,zero,256,threshold,0.1225271574846195,0.062651594674763,0.6902601240651061,4,0.0924628243698592,0.2000612657954842,0.0039368550424096,89.08470439510964,Histogram / 64
HAR__03,HAR,tBodyAcc-std()-X,Histogram,64,zero,256,threshold,0.0908035133394795,0.1165035612559291,7.873132339733298,4,0.0647911224060842,0.1179217307083778,0.0873726069265212,91.6755389738812,Histogram / 64
HAR__05,HAR,tBodyAcc-std()-Z,Histogram,64,zero,256,threshold,0.1093098128150105,0.0659358442431504,5.020878783288113,4,0.0639850153003141,0.154634610329707,0.1374280562790486,90.1461420829206,Histogram / 64
HAR__06,HAR,tGravityAcc-mean()-X,Histogram,64,zero,256,threshold,0.0700162376407112,0.0597916515633994,0.3149381013152098,4,0.0514204950403913,0.1252827409165451,0.0516786369512984,93.4565256883306,Histogram / 64
HAR__07,HAR,tGravityAcc-mean()-Y,Histogram,64,zero,256,threshold,0.0398338399425724,0.0449232743869982,2.572618135599922,4,0.0316494152219196,0.0624234889919061,0.1065519917197416,96.16921104002806,Histogram / 64
HAR__08,HAR,tGravityAcc-mean()-Z,Histogram,64,zero,256,threshold,0.058851697503243,0.0406941201369204,1.4276852001405482,4,0.050330823151179,0.0663061476046268,0.1390913183805862,94.4419319870748,Histogram / 64
HAR__09,HAR,tGravityAcc-std()-X,Histogram,64,zero,256,threshold,0.5484285874506133,0.8131090114838403,4.978964581664309,4,0.5483622952595708,0.5486274640236829,0.0030620051418208,64.58160280071003,Histogram / 64
HAR__10,HAR,tGravityAcc-std()-Y,Histogram,64,zero,256,threshold,0.2272271742584994,1.141904772874739,3.765669216841903,4,0.2264604750985749,0.2274827406451409,0.0044293128630103,81.4845059639596,Histogram / 64
HAR__11,HAR,tGravityAcc-std()-Z,Histogram,64,zero,256,threshold,0.2103089434286152,0.2049462137456516,2.088132693145848,4,0.2066836903194328,0.2130976024420268,0.0086901926585239,82.62353223360947,Histogram / 64
HAR__12,HAR,tBodyAccJerk-mean()-X,Histogram,64,zero,256,threshold,0.0805182711528711,0.061452137127417,1.2772440670946683,4,0.0795028719755022,0.0815336703302402,0.0205696096359731,92.54818050721518,Histogram / 64
HAR__13,HAR,tBodyAccJerk-mean()-Y,Histogram,64,zero,256,threshold,0.0648004149913344,0.0677373698011328,1.0589496574231776,4,0.0523498781320909,0.101533244281214,0.0218734829981097,93.91431351086938,Histogram / 64
HAR__14,HAR,tBodyAccJerk-mean()-Z,Histogram,64,zero,256,threshold,0.0538546690240776,0.051915146293244,0.8760679729443205,4,0.0404745768574304,0.0667496626756808,0.0204052047812232,94.88974423067748,Histogram / 64
HAR__15,HAR,tBodyAccJerk-std()-X,Histogram,64,zero,256,threshold,0.0881852848034488,0.0644668946519171,6.454213687249911,4,0.0857177689590652,0.0902623367720368,0.1130557335824611,91.89611493235942,Histogram / 64
HAR__16,HAR,tBodyAccJerk-std()-Y,Histogram,64,zero,256,threshold,0.0471848699225543,0.0617483961936028,7.135567250348754,4,0.0425988315721964,0.0515028828770765,0.1215755357582258,95.49412226266752,Histogram / 64
HAR__17,HAR,tBodyAccJerk-std()-Z,Histogram,64,zero,256,threshold,0.1249692846222443,0.085492804013707,4.197529874381866,4,0.064680112615832,0.1855042929223811,0.1186859717045763,88.891315849196,Histogram / 64
HAR__18,HAR,tBodyGyro-mean()-X,Histogram,64,zero,256,threshold,0.1113316564287588,0.0667072324641901,0.6670287206786537,4,0.0823509391646044,0.1405221560321884,0.0069091420910798,89.98213937444015,Histogram / 64
HAR__19,HAR,tBodyGyro-mean()-Y,Histogram,64,zero,256,threshold,0.1884986050321126,0.1148934872185022,0.7139376139785505,4,0.0998829584008311,0.2801238767097556,0.0077115347366547,84.13977061192936,Histogram / 64
HAR__21,HAR,tBodyGyro-std()-X,Histogram,64,zero,256,threshold,0.1486647514516238,0.0801290824477792,5.086399968002463,4,0.0978690592785263,0.1996330943253059,0.1005996314621226,87.05760307663756,Histogram / 64
HAR__22,HAR,tBodyGyro-std()-Y,Histogram,64,zero,256,threshold,0.07268534435224,0.0463324512463878,3.789140300933709,4,0.0617756371368494,0.0816460880028938,0.1645037007659498,93.22398271450868,Histogram / 64
HAR__23,HAR,tBodyGyro-std()-Z,Histogram,64,zero,256,threshold,0.0690000516852186,0.0567174791843685,6.506856847420687,4,0.0682425479263389,0.0700411806871674,0.1007221383485321,93.54536498137266,Histogram / 64
HAR__24,HAR,tBodyGyroJerk-mean()-X,Histogram,64,zero,256,threshold,0.0472243382594277,0.0679199807735021,0.9248204807099052,4,0.046150111289225,0.0486143088084624,0.0212550115941538,95.49052323039794,Histogram / 64
HAR__25,HAR,tBodyGyroJerk-mean()-Y,Histogram,64,zero,256,threshold,0.0503296034788031,0.0314821384173019,1.301729608668024,4,0.0345017728135852,0.066157434144021,0.0091759494410072,95.20820861260066,Histogram / 64
HAR__26,HAR,tBodyGyroJerk-mean()-Z,Histogram,64,zero,256,threshold,0.0510166385930648,0.0603331051620366,0.9819911096664414,4,0.0443087966414872,0.0572744621383594,0.0162481200674206,95.14597231673156,Histogram / 64
HAR__27,HAR,tBodyGyroJerk-std()-X,Histogram,64,zero,256,threshold,0.0540962805028868,0.0570701157193302,5.5696618032543626,4,0.0526285495571824,0.0546723046647876,0.1082625972725443,94.867994366029,Histogram / 64
HAR__28,HAR,tBodyGyroJerk-std()-Y,Histogram,64,zero,256,threshold,0.0640423379186528,0.0436400803283932,2.851111129589107,4,0.0433095806244904,0.0849493282915813,0.1619098651607198,93.98122277315352,Histogram / 64
HAR__30,HAR,tBodyAccMag-mean(),Histogram,64,zero,256,threshold,0.0707666978386795,0.0592294372247354,10.138692858529437,4,0.0650053684432933,0.0753332723313712,0.0815866565761593,93.39102551643408,Histogram / 64
HAR__31,HAR,tBodyAccMag-std(),Histogram,64,zero,256,threshold,0.0548676696419702,0.0534498788897701,7.383637809662343,4,0.0486937732229313,0.0587009820818628,0.0871909475783781,94.79862060227964,Histogram / 64
HAR__32,HAR,tGravityAccMag-mean(),Histogram,64,zero,256,threshold,0.0707666978386795,0.0592294372247354,10.138692858529437,4,0.0650053684432933,0.0753332723313712,0.0815866565761593,93.39102551643408,Histogram / 64
HAR__33,HAR,tGravityAccMag-std(),Histogram,64,zero,256,threshold,0.0548676696419702,0.0534498788897701,7.383637809662343,4,0.0486937732229313,0.0587009820818628,0.0871909475783781,94.79862060227964,Histogram / 64
HAR__34,HAR,tBodyAccJerkMag-mean(),Histogram,64,zero,256,threshold,0.0703689229190478,0.0701036561308379,7.415407794137192,4,0.0641609562595102,0.0746733341660781,0.1009673116928177,93.42573187503037,Histogram / 64
HAR__36,HAR,tBodyGyroMag-mean(),Histogram,64,zero,256,threshold,0.0383294013778124,0.0569268092149389,5.954985082050173,4,0.0365718203011602,0.0400872708581843,0.1189689146870361,96.3085508965699,Histogram / 64
HAR__38,HAR,tBodyGyroJerkMag-mean(),Histogram,64,zero,256,threshold,0.0932131720095645,0.0695186522850934,4.776719690397632,4,0.0595457096057439,0.1288814502710377,0.1071670577256307,91.4734679021276,Histogram / 64
BIDMC__01,BIDMC,median,Histogram,64,zero,256,threshold,0.0453637963692529,0.0627482734665297,0.0486156955745028,4,0.0434552689880006,0.0472822977080212,12.341693210590991,95.66047757471512,Histogram / 64
BIDMC__02,BIDMC,q10,Histogram,64,zero,256,threshold,0.0197615253781721,0.033999689865186,0.0326356872276565,4,0.0138887596186843,0.0263811618129289,13.788586612591835,98.06214248269038,Histogram / 64
BIDMC__03,BIDMC,q90,Histogram,64,zero,256,threshold,0.0268935313516668,0.0247509580599476,0.0459792076245047,4,0.019389745950846,0.033794015915102,13.049376685652764,97.38107890150329,Histogram / 64
Wrist__02,Wrist,q10,Histogram,64,zero,256,threshold,0.1396336473526477,0.2870245588367118,0.2182669216939535,4,0.1258499359494296,0.1809847815623022,30.43233291876568,87.74749695421728,Histogram / 64
HeartFailure__01,HeartFailure,creatinine_phosphokinase,Histogram,8,zero,256,threshold,0.0257006712814319,0.2223828904572852,0.0344430881035375,4,0.0224719048122139,0.0278006714793475,970.005938479382,97.4943302660294,Histogram / 8
ILPD__01,ILPD,total_bilirubin,Histogram,8,zero,256,threshold,0.1250310467804191,0.5530921713713419,0.438281976879355,4,0.1196772589101225,0.1322790055257467,6.06230723635571,88.88643587763829,Histogram / 8
Wrist__00,Wrist,mean,Histogram,8,zero,256,threshold,0.1196692030779229,0.3731261803787687,0.1476325689647016,4,0.1179963139843526,0.1242711027627009,29.715915839607305,89.31209300488418,Histogram / 8
Wrist__04,Wrist,SD,Histogram,8,zero,256,threshold,0.1564798815314617,0.3398027282211787,1.5161811796252485,4,0.1480815986518036,0.159766263330863,1.0871690248123866,86.46929496739328,Histogram / 8
WDBC__00,WDBC,mean radius,Interval plot,five,zero,256,threshold,0.4763131789028628,0.2976354477722056,2.144469731021561,4,0.3619940037811076,0.5745125690345784,2.410516653707913,67.73630516142653,Interval plot / five
WDBC__01,WDBC,mean texture,Interval plot,five,zero,256,threshold,0.6058540180147367,0.3930464769444242,1.0101730397394426,4,0.3278408009288657,0.7493928284909159,3.916259734095069,62.27216102969723,Interval plot / five
WDBC__02,WDBC,mean perimeter,Interval plot,five,zero,256,threshold,0.4754992235635591,0.2861048447174623,2.225124373549086,4,0.370444859454586,0.5633305476741591,16.287269345845637,67.77367171938221,Interval plot / five
WDBC__03,WDBC,mean area,Interval plot,five,zero,256,threshold,0.6015597292268802,0.3505967963681866,1.992501508162291,4,0.3773609487093152,0.6822305133341229,248.397302572926,62.43913241267183,Interval plot / five
WDBC__04,WDBC,mean smoothness,Interval plot,five,zero,256,threshold,0.4593630313488925,0.3034489274410732,0.802189850530686,4,0.4224433941207047,0.5015415821967676,0.0131405302535634,68.52304591241412,Interval plot / five
WDBC__05,WDBC,mean compactness,Interval plot,five,zero,256,threshold,0.4032311763776573,0.2747930743080625,1.5079960187193386,4,0.0695548974080889,0.5184988671866702,0.0424242499355741,71.26409509952806,Interval plot / five
WDBC__06,WDBC,mean concavity,Interval plot,five,zero,256,threshold,0.4946166237794897,0.3312624952616466,2.016960676180267,4,0.4037729250635622,0.5323970224207585,0.0572647753444237,66.90678961346387,Interval plot / five
WDBC__07,WDBC,mean concave points,Interval plot,five,zero,256,threshold,0.4149094493203964,0.2499629474060376,2.592899862752084,4,0.1791440382089532,0.4943733456547465,0.0244664442739667,70.67590088399763,Interval plot / five
WDBC__08,WDBC,mean symmetry,Interval plot,five,zero,256,threshold,0.4680926396325995,0.3325314555565529,0.7068886217023179,4,0.2108147488396394,0.6001277428064005,0.0258965831928597,68.11559250445238,Interval plot / five
WDBC__09,WDBC,mean fractal dimension,Interval plot,five,zero,256,threshold,0.4382621982663225,0.3194126528687001,0.2238747735614601,4,0.0420274126202254,0.5799799155606901,0.0070660037968311,69.52835172928812,Interval plot / five
WDBC__10,WDBC,radius error,Interval plot,five,zero,256,threshold,0.9117102897946,0.5259025430929254,1.3830645875970615,4,0.704252417291119,0.9844077044560752,0.2286032068461238,52.30918122575168,Interval plot / five
WDBC__11,WDBC,texture error,Interval plot,five,zero,256,threshold,0.5056040903971126,0.3431723633955909,0.1227587105992975,4,0.376488470614251,0.5922247375893522,0.552115606860959,66.41852306181259,Interval plot / five
WDBC__12,WDBC,perimeter error,Interval plot,five,zero,256,threshold,0.9973994216026324,0.5392341147117939,1.321966289988079,4,0.8650851511656644,1.055803806402524,1.681820494847905,50.065099107600645,Interval plot / five
WDBC__13,WDBC,area error,Interval plot,five,zero,256,threshold,1.221171924632198,0.6506061202595358,1.2490355035028862,4,1.1286869127316947,1.2688779647476298,38.07874145019458,45.02127858317807,Interval plot / five
WDBC__14,WDBC,smoothness error,Interval plot,five,zero,256,threshold,0.9473876796653552,0.5841337193154117,0.1877029040463673,4,0.5833056125899981,1.102330417101255,0.0029984085907428,51.35084351421197,Interval plot / five
WDBC__15,WDBC,compactness error,Interval plot,five,zero,256,threshold,0.5606710167067608,0.3857224804919559,0.6128457754801324,4,0.1506251585597338,0.7044873504225556,0.0171373295210721,64.07500295034268,Interval plot / five
WDBC__16,WDBC,concavity error,Interval plot,five,zero,256,threshold,0.6109395642260749,0.3816039367086493,0.6006687144477244,4,0.3965547652610025,1.1851199276794804,0.0292239625234014,62.07557516165534,Interval plot / five
WDBC__17,WDBC,concave points error,Interval plot,five,zero,256,threshold,0.5541215099194887,0.3794843952166533,0.9174972699310664,4,0.489465650709175,0.6025690313594264,0.0056382075124742,64.34503310180715,Interval plot / five
WDBC__18,WDBC,symmetry error,Interval plot,five,zero,256,threshold,0.7087537448827879,0.4634478209585833,0.1305738030116616,4,0.3166910880392711,0.871959510753281,0.0082734819319271,58.522183374561976,Interval plot / five
WDBC__19,WDBC,fractal dimension error,Interval plot,five,zero,256,threshold,0.516794039893379,0.3365604468503056,0.2022769553363431,4,0.4013337720976626,0.7931315503255806,0.0026403403151483,65.92852910143908,Interval plot / five
WDBC__20,WDBC,worst radius,Interval plot,five,zero,256,threshold,0.4724300938693361,0.2911986736605932,2.4490655220853155,4,0.3690113858423468,0.5666794216656674,3.04846886809422,67.9149389953137,Interval plot / five
WDBC__21,WDBC,worst texture,Interval plot,five,zero,256,threshold,0.5028643492025044,0.3121348005441687,1.0542547027912608,4,0.3019618899402856,0.6253360770001319,5.472017326293327,66.53960489053124,Interval plot / five
WDBC__22,WDBC,worst perimeter,Interval plot,five,zero,256,threshold,0.4969177101335471,0.2974165194887963,2.562994903230928,4,0.4165443229724941,0.5787138395757946,20.923568725165023,66.80393940364199,Interval plot / five
WDBC__23,WDBC,worst area,Interval plot,five,zero,256,threshold,0.6762691875722538,0.3837633226849813,2.099445049332308,4,0.57643592111859,0.7358227282492921,387.1270649634207,59.65628953952815,Interval plot / five
WDBC__24,WDBC,worst smoothness,Interval plot,five,zero,256,threshold,0.4212828524213161,0.3044524960220807,0.9498102100830976,4,0.2502544404086832,0.5496008017031456,0.0207237191083447,70.3589717061869,Interval plot / five
WDBC__25,WDBC,worst compactness,Interval plot,five,zero,256,threshold,0.5056879516303002,0.3190614191319794,1.4826009427136595,4,0.2758661502931231,0.6119783207890355,0.1270309458020991,66.41482379647383,Interval plot / five
WDBC__26,WDBC,worst concavity,Interval plot,five,zero,256,threshold,0.588613733309772,0.376377390600129,1.848416959601444,4,0.561859556736489,0.6176635940459797,0.156941862328806,62.94796394064691,Interval plot / five
WDBC__27,WDBC,worst concave points,Interval plot,five,zero,256,threshold,0.4468052192047789,0.249100805015352,2.7191463072567554,4,0.3659993551650859,0.5150644782455577,0.0400323438681821,69.11780429916055,Interval plot / five
WDBC__28,WDBC,worst symmetry,Interval plot,five,zero,256,threshold,0.6091718840156981,0.3866071242421243,0.9353774582202034,4,0.2926016925011702,0.7185032520895029,0.0563013353990857,62.14376536983072,Interval plot / five
WDBC__29,WDBC,worst fractal dimension,Interval plot,five,zero,256,threshold,0.6334630474803058,0.4133724088519611,0.7096422831555368,4,0.3291041292882424,0.7754318377031925,0.0171028422179571,61.21962792746046,Interval plot / five
Cleveland__00,Cleveland,age,Interval plot,five,zero,256,threshold,0.3278813744392308,0.2051065331702437,0.461167340857416,4,0.1781186807592895,0.4065209493917155,8.825429815634669,75.30793181147703,Interval plot / five
Cleveland__01,Cleveland,trestbps,Interval plot,five,zero,256,threshold,0.3523656421925777,0.2298499934321947,0.172143795625577,4,0.0871224932951154,0.4518497070037834,17.427290882589684,73.94449909114147,Interval plot / five
Cleveland__02,Cleveland,chol,Interval plot,five,zero,256,threshold,0.4498296029142994,0.2971636862736383,0.195067442522468,4,0.4110158654110311,0.4660090706691263,51.67443561904991,68.97362269261865,Interval plot / five
Cleveland__03,Cleveland,thalach,Interval plot,five,zero,256,threshold,0.3960453140956337,0.2626354684229075,0.9004037068023738,4,0.2098434780256821,0.5110240800115537,20.8239924584355,71.63091268622651,Interval plot / five
Cleveland__04,Cleveland,oldpeak,Interval plot,five,zero,256,threshold,0.3126473236979654,0.2306501645950351,0.9544077453023504,4,0.0520595068025193,0.4014290513218845,1.0530090571316797,76.18192502635199,Interval plot / five
HeartFailure__00,HeartFailure,age,Interval plot,five,zero,256,threshold,0.2296214280323273,0.1374154433464784,0.6143214823582146,4,0.1786663415381678,0.2795235791257471,11.52491033330266,81.32584364605832,Interval plot / five
HeartFailure__01,HeartFailure,creatinine_phosphokinase,Interval plot,five,zero,256,threshold,0.7827070795879748,0.5148435881648225,0.0344430881035375,4,0.3628805113174119,0.9246911603491124,970.005938479382,56.0944650666403,Interval plot / five
HeartFailure__02,HeartFailure,ejection_fraction,Interval plot,five,zero,256,threshold,0.4298757988180643,0.2527874968576639,0.7180953456055503,4,0.1973326639592783,0.5693924293162161,11.419096433615184,69.93614416207339,Interval plot / five
HeartFailure__03,HeartFailure,platelets,Interval plot,five,zero,256,threshold,0.4955964458229349,0.3310874542830533,0.1485941781468389,4,0.4139537144647373,0.5406102912326803,97850.40155228524,66.86295643406409,Interval plot / five
HeartFailure__04,HeartFailure,serum_creatinine,Interval plot,five,zero,256,threshold,0.6938746762715348,0.4791459851971026,0.5523215962469813,4,0.238190232335125,0.8539808675777161,0.9903650404345196,59.0362447711389,Interval plot / five
HeartFailure__05,HeartFailure,serum_sodium,Interval plot,five,zero,256,threshold,0.4428151454460944,0.3345375940215724,0.4267714704945112,4,0.2630869936319747,0.5547529581242076,4.3348727080007405,69.30894807670019,Interval plot / five
CKD__00,CKD,age,Interval plot,five,zero,256,threshold,0.4006807600631017,0.2263723022619379,0.5483248315059996,4,0.3245138014133892,0.4736584041642932,16.74190091808664,71.39385565308609,Interval plot / five
CKD__01,CKD,bp,Interval plot,five,zero,256,threshold,0.6999936109901883,0.365067954485152,0.7636209682823528,4,0.6882888749034737,0.719743693925615,13.095502108190471,58.82375048559942,Interval plot / five
CKD__02,CKD,bgr,Interval plot,five,zero,256,threshold,0.3664802635915708,0.1909702872890157,0.8914340559173735,4,0.3267853425186608,0.382214083184661,72.06365919449946,73.18071300727482,Interval plot / five
CKD__03,CKD,bu,Interval plot,five,zero,256,threshold,0.5646779598890925,0.2913510591934004,0.7948487371049439,4,0.550097623175117,0.5757677951954921,46.76361459085069,63.91091493810534,Interval plot / five
CKD__04,CKD,sc,Interval plot,five,zero,256,threshold,1.3934966968557154,0.7177686055583533,0.538847825566807,4,1.385208978051686,1.4010004967549448,5.483923029459524,41.77987800499906,Interval plot / five
CKD__05,CKD,sod,Interval plot,five,zero,256,threshold,1.819664706782953,0.924085209816888,0.75141055610421,4,1.800983182867317,1.8417474320339884,9.661828598257197,35.4652096610782,Interval plot / five
CKD__06,CKD,pot,Interval plot,five,zero,256,threshold,1.566955145886063,0.7908526055657673,0.0721546253126926,4,1.5577265270296314,1.5723209430091425,3.187598840729353,38.95666044662496,Interval plot / five
CKD__07,CKD,hemo,Interval plot,five,zero,256,threshold,0.4728416259120647,0.2513504889496086,2.4162937504835846,4,0.4139879553590456,0.5148799620213642,1.8648394877891767,67.89596263486544,Interval plot / five
CKD__08,CKD,pcv,Interval plot,five,zero,256,threshold,0.4921923473796368,0.2560121889473997,2.2675077612126007,4,0.4018998474512948,0.5304182496314392,6.041875681463431,67.01548910608268,Interval plot / five
CKD__09,CKD,wc,Interval plot,five,zero,256,threshold,0.6709397092100478,0.3478778553783515,0.4112797540662808,4,0.6386584646865718,0.7039182752960802,2869.093332053087,59.84656385195127,Interval plot / five
CKD__10,CKD,rc,Interval plot,five,zero,256,threshold,0.6286075430442724,0.3270504672077592,2.001324589190506,4,0.5809356453633753,0.6764545656488086,0.7345135356551953,61.40214714533075,Interval plot / five
ILPD__00,ILPD,age,Interval plot,five,zero,256,threshold,0.3545070493562509,0.2264397456372617,0.2803705343203134,4,0.2391300157101861,0.4548854514154491,16.050188765053708,73.8275965765748,Interval plot / five
ILPD__01,ILPD,total_bilirubin,Interval plot,five,zero,256,threshold,1.159097455744604,0.6139463684678935,0.438281976879355,4,1.0841436224440988,1.2007252415411096,6.06230723635571,46.31564903841415,Interval plot / five
ILPD__02,ILPD,direct_bilirubin,Interval plot,five,zero,256,threshold,0.4855628589657146,0.2712379884511135,0.5285372278126305,4,0.3898206764317855,0.5315250207616714,2.724500610788553,67.31455313147937,Interval plot / five
ILPD__03,ILPD,alkaline_phosphatase,Interval plot,five,zero,256,threshold,0.6128487636014077,0.4679388531198622,0.372746383115118,4,0.093647045759403,0.7907982287440417,238.95604098321152,62.0020935978555,Interval plot / five
ILPD__04,ILPD,ALT,Interval plot,five,zero,256,threshold,1.1684322948992816,0.6135909814711498,0.2023065465567548,4,1.121757066082786,1.1910289767932172,180.3204128629913,46.11626576270151,Interval plot / five
ILPD__05,ILPD,AST,Interval plot,five,zero,256,threshold,1.9274982145788904,1.0203569245944202,0.1912459137657919,4,1.893573192142162,1.952474043306923,285.8100281658253,34.15885943226258,Interval plot / five
ILPD__06,ILPD,total_protein,Interval plot,five,zero,256,threshold,0.4941888198762335,0.2995567216193368,0.1013153236402179,4,0.3681675371188301,0.6030947451394232,1.0857192776743458,66.9259458173989,Interval plot / five
ILPD__07,ILPD,albumin,Interval plot,five,zero,256,threshold,0.4319451518619568,0.257266733634851,0.4517885912482831,4,0.3019659819066987,0.5252810331466989,0.7857657472472728,69.83507704186162,Interval plot / five
ILPD__08,ILPD,albumin_globulin_ratio,Interval plot,five,zero,256,threshold,0.6999353406395203,0.3961049595473743,0.4436218697090482,4,0.534159284630394,0.7883792977467375,0.3155840808565631,58.82576684497878,Interval plot / five
Retinopathy__00,Retinopathy,feature_2,Interval plot,five,zero,256,threshold,0.3653750225707153,0.2280067371038278,0.5875093631555783,4,0.1901644292657064,0.4417814097000827,24.510247671043043,73.23995118331734,Interval plot / five
Retinopathy__01,Retinopathy,feature_3,Interval plot,five,zero,256,threshold,0.3103826695526067,0.2052464773451591,0.5343080031685485,4,0.1311722603008299,0.3901181632375125,23.2450195886025,76.31358558347097,Interval plot / five
Retinopathy__02,Retinopathy,feature_4,Interval plot,five,zero,256,threshold,0.3052471519962534,0.1945414523971102,0.4743420245305044,4,0.1367937155356885,0.3859449523501762,22.17808976637167,76.61384270945112,Interval plot / five
Retinopathy__03,Retinopathy,feature_5,Interval plot,five,zero,256,threshold,0.2610557928862501,0.176513166823193,0.4249601136663283,4,0.0814907022837415,0.3406351866883531,20.70782578646808,79.29863259350667,Interval plot / five
Retinopathy__04,Retinopathy,feature_6,Interval plot,five,zero,256,threshold,0.2656050299902,0.1818211550854229,0.3530434995106309,4,0.0660645084871736,0.3523799199447507,19.26108258451374,79.01359241656486,Interval plot / five
Retinopathy__05,Retinopathy,feature_7,Interval plot,five,zero,256,threshold,0.3777620265438282,0.2588784735539303,0.253601729447275,4,0.0670100058517045,0.4905768995790402,14.984124943793166,72.58147493791365,Interval plot / five
Retinopathy__06,Retinopathy,feature_8,Interval plot,five,zero,256,threshold,0.3940530735571873,0.2665263780623123,0.2712182469918723,4,0.3238197796549363,0.4339845481194517,58.41218588981864,71.73328038711702,Interval plot / five
Retinopathy__07,Retinopathy,feature_9,Interval plot,five,zero,256,threshold,0.5656448003764082,0.430250530704007,0.0993727012819967,4,0.0565616092562633,0.7482397514302654,21.61209177463597,63.8714477102075,Interval plot / five
Retinopathy__08,Retinopathy,feature_10,Interval plot,five,zero,256,threshold,0.6233219155000584,0.4785188527639947,0.0832930242817212,4,0.2401525855698298,0.759829276925343,11.564139353880767,61.60207599316206,Interval plot / five
Retinopathy__09,Retinopathy,feature_11,Interval plot,five,zero,256,threshold,1.4448010118922554,0.9500096862016424,0.158176713458784,4,0.7189139153948846,1.6947674512549715,3.903542161791645,40.90312443162843,Interval plot / five
Retinopathy__10,Retinopathy,feature_12,Interval plot,five,zero,256,threshold,2.272854361970559,1.306887139641728,0.1571889426940167,4,2.077046615202269,2.353949351724893,2.459911323105543,30.55436904310976,Interval plot / five
Retinopathy__11,Retinopathy,feature_13,Interval plot,five,zero,256,threshold,2.1015815639200928,1.2036252534039926,0.1604198373554132,4,2.0114880199488576,2.1392340281487354,1.0453904751720595,32.24161542719833,Interval plot / five
Retinopathy__12,Retinopathy,feature_14,Interval plot,five,zero,256,threshold,1.5751743583613051,0.9218816916793632,0.2025511288608782,4,1.5121451464113935,1.60801355746649,0.392022401684756,38.832322042704064,Interval plot / five
Retinopathy__13,Retinopathy,feature_15,Interval plot,five,zero,256,threshold,1.8479179328273547,1.0756444861405277,0.2005667748310951,4,1.789569560475114,1.8772993287921496,0.1761998717372855,35.113371367665096,Interval plot / five
Retinopathy__14,Retinopathy,feature_16,Interval plot,five,zero,256,threshold,0.6303640265744415,0.4052653280293416,0.0642130837613129,4,0.4292314547855655,0.7644524077670267,0.0280665542664034,61.335995133620585,Interval plot / five
Retinopathy__15,Retinopathy,feature_17,Interval plot,five,zero,256,threshold,0.7223179001263118,0.4827474724556501,0.0783165415303669,4,0.3981220805688878,0.8964821015507581,0.0179441018785934,58.06129053914273,Interval plot / five
HAR__00,HAR,tBodyAcc-mean()-X,Interval plot,five,zero,256,threshold,0.2984581575980696,0.2479438294023928,1.0074414071271316,4,0.2324300962492624,0.3430234173022888,0.0046163865383122,77.01441853542919,Interval plot / five
HAR__01,HAR,tBodyAcc-mean()-Y,Interval plot,five,zero,256,threshold,0.2467037932127426,0.1595873657290214,0.7770455544112371,4,0.1006416394016894,0.2979614192017393,0.0018147610291245,80.21151499210654,Interval plot / five
HAR__02,HAR,tBodyAcc-mean()-Z,Interval plot,five,zero,256,threshold,0.304425082991787,0.1886341883929552,0.6902601240651061,4,0.2110735457532831,0.3587264751316035,0.0039368550424096,76.66212594643093,Interval plot / five
HAR__03,HAR,tBodyAcc-std()-X,Interval plot,five,zero,256,threshold,0.3592736007784533,0.2137871001598019,7.873132339733298,4,0.353635499540305,0.3623750474213547,0.0873726069265212,73.56870606677728,Interval plot / five
HAR__04,HAR,tBodyAcc-std()-Y,Interval plot,five,zero,256,threshold,0.2981103916191633,0.1662196011774761,7.977201261579362,4,0.2863590817324323,0.3101956028986169,0.1183712457679736,77.03505082897277,Interval plot / five
HAR__05,HAR,tBodyAcc-std()-Z,Interval plot,five,zero,256,threshold,0.1363755259107598,0.0843734518182869,5.020878783288113,4,0.1290234188993441,0.1418947685480835,0.1374280562790486,87.99907928310402,Interval plot / five
HAR__06,HAR,tGravityAcc-mean()-X,Interval plot,five,zero,256,threshold,0.293692413874249,0.2082334855747208,0.3149381013152098,4,0.2082423063297842,0.3262261623371378,0.0516786369512984,77.29812660841677,Interval plot / five
HAR__07,HAR,tGravityAcc-mean()-Y,Interval plot,five,zero,256,threshold,0.3346979792295212,0.1973237535365053,2.572618135599922,4,0.2251117206922216,0.4329118814217933,0.1065519917197416,74.92331715203976,Interval plot / five
HAR__08,HAR,tGravityAcc-mean()-Z,Interval plot,five,zero,256,threshold,0.2552153913278113,0.1562539090956711,1.4276852001405482,4,0.1189305695397533,0.3585275657050406,0.1390913183805862,79.66760182427055,Interval plot / five
HAR__09,HAR,tGravityAcc-std()-X,Interval plot,five,zero,256,threshold,0.5196379536454374,1.3463913623342962,4.978964581664309,4,0.3818380859265112,0.6541797183305417,0.0030620051418208,65.80514770647275,Interval plot / five
HAR__10,HAR,tGravityAcc-std()-Y,Interval plot,five,zero,256,threshold,0.4304017917810261,0.7123914041214272,3.765669216841903,4,0.3731864835020975,0.4819879039877759,0.0044293128630103,69.91042696855665,Interval plot / five
HAR__11,HAR,tGravityAcc-std()-Z,Interval plot,five,zero,256,threshold,0.4106059384071395,0.2819263213869803,2.088132693145848,4,0.3005539341997924,0.4931281298716652,0.0086901926585239,70.89152064177492,Interval plot / five
HAR__12,HAR,tBodyAccJerk-mean()-X,Interval plot,five,zero,256,threshold,0.3028615929765323,0.1792206252785501,1.2772440670946683,4,0.2962869862816572,0.309177881697619,0.0205696096359731,76.7541237987827,Interval plot / five
HAR__13,HAR,tBodyAccJerk-mean()-Y,Interval plot,five,zero,256,threshold,0.1216140925932046,0.079684282666737,1.0589496574231776,4,0.1179659376404893,0.1251629307375458,0.0218734829981097,89.1572249852862,Interval plot / five
HAR__14,HAR,tBodyAccJerk-mean()-Z,Interval plot,five,zero,256,threshold,0.2788350279866986,0.1507071133676742,0.8760679729443205,4,0.2655049457396236,0.2903615809610084,0.0204052047812232,78.19616902223304,Interval plot / five
HAR__15,HAR,tBodyAccJerk-std()-X,Interval plot,five,zero,256,threshold,0.2523312544382194,0.1558199903242229,6.454213687249911,4,0.2446274745749875,0.2589875685813395,0.1130557335824611,79.85107745702537,Interval plot / five
HAR__16,HAR,tBodyAccJerk-std()-Y,Interval plot,five,zero,256,threshold,0.1423532285287191,0.0940490932713752,7.135567250348754,4,0.1369028886593094,0.1453731367868585,0.1215755357582258,87.53859795957672,Interval plot / five
HAR__17,HAR,tBodyAccJerk-std()-Z,Interval plot,five,zero,256,threshold,0.2384366936114149,0.1323337037416912,4.197529874381866,4,0.2301706994290339,0.2448429032834289,0.1186859717045763,80.7469614844738,Interval plot / five
HAR__18,HAR,tBodyGyro-mean()-X,Interval plot,five,zero,256,threshold,0.569441295710555,0.3130860278224554,0.6670287206786537,4,0.5627409815752467,0.5756697597109427,0.0069091420910798,63.71694199286735,Interval plot / five
HAR__19,HAR,tBodyGyro-mean()-Y,Interval plot,five,zero,256,threshold,0.2898525884259088,0.1655629760812862,0.7139376139785505,4,0.2447538716223826,0.3244525588758633,0.0077115347366547,77.52823919362484,Interval plot / five
HAR__20,HAR,tBodyGyro-mean()-Z,Interval plot,five,zero,256,threshold,0.2086804615986355,0.1322951777530214,0.8840846496226551,4,0.1469246689251881,0.2532414206364645,0.0051456011049865,82.73485273993519,Interval plot / five
HAR__21,HAR,tBodyGyro-std()-X,Interval plot,five,zero,256,threshold,0.3254500303003525,0.1867329837600716,5.086399968002463,4,0.3187766599176152,0.3322124341193848,0.1005996314621226,75.44607319322297,Interval plot / five
HAR__22,HAR,tBodyGyro-std()-Y,Interval plot,five,zero,256,threshold,0.1015957254705108,0.0675463341913422,3.789140300933709,4,0.094433682433871,0.1088734097170802,0.1645037007659498,90.77740380418436,Interval plot / five
HAR__23,HAR,tBodyGyro-std()-Z,Interval plot,five,zero,256,threshold,0.2026950064218102,0.1182066862421757,6.506856847420687,4,0.1937929746489478,0.2114526435533817,0.1007221383485321,83.14659948369979,Interval plot / five
HAR__24,HAR,tBodyGyroJerk-mean()-X,Interval plot,five,zero,256,threshold,0.3214958534318226,0.1868702785950818,0.9248204807099052,4,0.316168493717275,0.3244319385252437,0.0212550115941538,75.67182276078107,Interval plot / five
HAR__25,HAR,tBodyGyroJerk-mean()-Y,Interval plot,five,zero,256,threshold,0.1496813428578746,0.0814878947990439,1.301729608668024,4,0.1410323932411089,0.1557253276106142,0.0091759494410072,86.98062347556261,Interval plot / five
HAR__26,HAR,tBodyGyroJerk-mean()-Z,Interval plot,five,zero,256,threshold,0.2966039532585404,0.1722633443802416,0.9819911096664414,4,0.2914814910167622,0.2989019271336585,0.0162481200674206,77.1245527585247,Interval plot / five
HAR__27,HAR,tBodyGyroJerk-std()-X,Interval plot,five,zero,256,threshold,0.4714361349814298,0.2599845891052816,5.5696618032543626,4,0.4604964091991474,0.4866120331886099,0.1082625972725443,67.96081571101422,Interval plot / five
HAR__28,HAR,tBodyGyroJerk-std()-Y,Interval plot,five,zero,256,threshold,0.3026116436754942,0.1663137991483265,2.851111129589107,4,0.2940819209594116,0.3111413663915768,0.1619098651607198,76.76885162628865,Interval plot / five
HAR__29,HAR,tBodyGyroJerk-std()-Z,Interval plot,five,zero,256,threshold,0.1118174408966951,0.0663315943304828,5.727563428170417,4,0.1005605750868087,0.1195538738267773,0.0940084226045832,89.94282363420088,Interval plot / five
HAR__30,HAR,tBodyAccMag-mean(),Interval plot,five,zero,256,threshold,0.1553000927099859,0.0905720793429271,10.138692858529437,4,0.1377460320541903,0.1724974147832259,0.0815866565761593,86.55759713948446,Interval plot / five
HAR__31,HAR,tBodyAccMag-std(),Interval plot,five,zero,256,threshold,0.1192641334481705,0.0732229208958386,7.383637809662343,4,0.1102298884468108,0.1241381255711609,0.0871909475783781,89.3444156849065,Interval plot / five
HAR__32,HAR,tGravityAccMag-mean(),Interval plot,five,zero,256,threshold,0.1553000927099859,0.0905720793429271,10.138692858529437,4,0.1377460320541903,0.1724974147832259,0.0815866565761593,86.55759713948446,Interval plot / five
HAR__33,HAR,tGravityAccMag-std(),Interval plot,five,zero,256,threshold,0.1192641334481705,0.0732229208958386,7.383637809662343,4,0.1102298884468108,0.1241381255711609,0.0871909475783781,89.3444156849065,Interval plot / five
HAR__34,HAR,tBodyAccJerkMag-mean(),Interval plot,five,zero,256,threshold,0.3209870357473487,0.1895508654239899,7.415407794137192,4,0.30706031189458,0.3331233118154179,0.1009673116928177,75.70097002763163,Interval plot / five
HAR__35,HAR,tBodyAccJerkMag-std(),Interval plot,five,zero,256,threshold,0.1393864190410909,0.0971452391413523,6.351958299397688,4,0.1322727609212761,0.1529324284009754,0.1214445464450148,87.76653673313056,Interval plot / five
HAR__36,HAR,tBodyGyroMag-mean(),Interval plot,five,zero,256,threshold,0.088981445020564,0.0469703747613628,5.954985082050173,4,0.0757372356386204,0.099058467782663,0.1189689146870361,91.828929186311,Interval plot / five
HAR__37,HAR,tBodyGyroMag-std(),Interval plot,five,zero,256,threshold,0.2993307850701918,0.1641487790216673,4.25120744504073,4,0.291669086381839,0.313457560220106,0.1354565161673692,76.96269583468528,Interval plot / five
HAR__38,HAR,tBodyGyroJerkMag-mean(),Interval plot,five,zero,256,threshold,0.302546101426943,0.1658069730395606,4.776719690397632,4,0.2976613635739252,0.3086952108536539,0.1071670577256307,76.7727145246143,Interval plot / five
HAR__39,HAR,tBodyGyroJerkMag-std(),Interval plot,five,zero,256,threshold,0.4298659747109186,0.2253708755023939,3.022894688594303,4,0.4168547149450867,0.4400294870563047,0.1514172162619554,69.93662466876826,Interval plot / five
BIDMC__00,BIDMC,mean,Interval plot,five,zero,256,threshold,0.36019393874547,0.2192178409878413,0.0702477202658534,4,0.1739568107338736,0.4657639716589947,12.360952402314334,73.51892781718443,Interval plot / five
BIDMC__01,BIDMC,median,Interval plot,five,zero,256,threshold,0.3869495504808034,0.2414030864979356,0.0486156955745028,4,0.215923787234596,0.5091644364206502,12.341693210590991,72.10067587918662,Interval plot / five
BIDMC__02,BIDMC,q10,Interval plot,five,zero,256,threshold,0.405302098564166,0.2486083900064526,0.0326356872276565,4,0.0642012098743145,0.5244089684259142,13.788586612591835,71.159076829226,Interval plot / five
BIDMC__03,BIDMC,q90,Interval plot,five,zero,256,threshold,0.3007952674730209,0.188500451584924,0.0459792076245047,4,0.170092799831991,0.4000729138833003,13.049376685652764,76.87604844555143,Interval plot / five
BIDMC__04,BIDMC,SD,Interval plot,five,zero,256,threshold,0.4459392768754903,0.3529013719152202,0.0544107270713745,4,0.0535188738263874,0.5829998592467514,3.71002338580408,69.15919748448123,Interval plot / five
Wrist__00,Wrist,mean,Interval plot,five,zero,256,threshold,0.2322585535367129,0.1558556045028625,0.1476325689647016,4,0.1080473448902426,0.2957037850546179,29.715915839607305,81.15180025570882,Interval plot / five
Wrist__01,Wrist,median,Interval plot,five,zero,256,threshold,0.2315847217348377,0.1535346562645179,0.1379040581831825,4,0.1056084717047181,0.294561059785052,29.81885170304165,81.19620050104045,Interval plot / five
Wrist__02,Wrist,q10,Interval plot,five,zero,256,threshold,0.2225910278109904,0.157053231607589,0.2182669216939535,4,0.0941456226803658,0.2853264569295535,30.43233291876568,81.79350062714492,Interval plot / five
Wrist__03,Wrist,q90,Interval plot,five,zero,256,threshold,0.2502718851887997,0.1584727499691172,0.130282359020151,4,0.1281346353208556,0.3194314209613724,29.194196643150427,79.98260313187744,Interval plot / five
Wrist__04,Wrist,SD,Interval plot,five,zero,256,threshold,0.2461032213337922,0.1414333286241195,1.5161811796252485,4,0.1802407670201084,0.3085856497213439,1.0871690248123866,80.25017373196654,Interval plot / five
WDBC__00,WDBC,mean radius,Violin plot,128,zero,256,threshold,0.0606445621659968,0.05097822323128,2.144469731021561,4,0.0602776820543837,0.0609533238055237,2.410516653707913,94.28229169985548,Violin plot / 128
WDBC__02,WDBC,mean perimeter,Violin plot,128,zero,256,threshold,0.0634643987394325,0.0367891365346529,2.225124373549086,4,0.0631295768009852,0.0639906402759069,16.287269345845637,94.03229682021708,Violin plot / 128
WDBC__09,WDBC,mean fractal dimension,Violin plot,128,zero,256,threshold,0.039099628167885,0.0438370612848871,0.2238747735614601,4,0.0384105198514308,0.0396097372025718,0.0070660037968311,96.2371627216512,Violin plot / 128
WDBC__16,WDBC,concavity error,Violin plot,128,zero,256,threshold,0.042996807782793,0.0771603125919005,0.6006687144477244,4,0.0424473980179631,0.0439822993254651,0.0292239625234014,95.87757052927174,Violin plot / 128
WDBC__21,WDBC,worst texture,Violin plot,128,zero,256,threshold,0.0573256566697489,0.0439650993560905,1.0542547027912608,4,0.0567611052356966,0.0579805818853391,5.472017326293327,94.57824026986094,Violin plot / 128
WDBC__26,WDBC,worst concavity,Violin plot,128,zero,256,threshold,0.0403691750926551,0.0492014539525856,1.848416959601444,4,0.0400945379028298,0.0407435068302005,0.156941862328806,96.11972595313968,Violin plot / 128
Cleveland__02,Cleveland,chol,Violin plot,128,zero,256,threshold,0.0376470271274476,0.0688072844409492,0.195067442522468,4,0.037060310691824,0.03787439300619,51.67443561904991,96.37188502995406,Violin plot / 128
Retinopathy__07,Retinopathy,feature_9,Violin plot,128,zero,256,threshold,0.038001794619243,0.0429094166115945,0.0993727012819967,4,0.037229021192359,0.0386766151712423,21.61209177463597,96.33894711779544,Violin plot / 128
HAR__10,HAR,tGravityAcc-std()-Y,Violin plot,128,zero,256,threshold,0.1554672749895309,0.5796752657851127,3.765669216841903,4,0.1013919135330292,0.2377279239961299,0.0044293128630103,86.54507329158764,Violin plot / 128
HAR__27,HAR,tBodyGyroJerk-std()-X,Violin plot,128,zero,256,threshold,0.2252376148718035,0.1321328545050819,5.5696618032543626,4,0.2241233369456854,0.227189881482118,0.1082625972725443,81.61682173825767,Violin plot / 128
BIDMC__00,BIDMC,mean,Violin plot,128,zero,256,threshold,0.0202051748639465,0.1382113690038232,0.0702477202658534,4,0.0196701074645891,0.0207292095658112,12.360952402314334,98.0194988849531,Violin plot / 128
BIDMC__02,BIDMC,q10,Violin plot,128,zero,256,threshold,0.0512556128808879,0.1463024923428469,0.0326356872276565,4,0.0510135649789497,0.0514018361224892,13.788586612591835,95.12434347528232,Violin plot / 128
WDBC__05,WDBC,mean compactness,Violin plot,16,zero,256,threshold,0.0711162033366791,0.1117135558951495,1.5079960187193386,4,0.0692519812735972,0.0738203873849465,0.0424242499355741,93.3605520003206,Violin plot / 16
WDBC__14,WDBC,smoothness error,Violin plot,16,zero,256,threshold,0.0288365896359905,0.1099508991678818,0.1877029040463673,4,0.0281651341939134,0.029135700259626,0.0029984085907428,97.19716523241138,Violin plot / 16
WDBC__15,WDBC,compactness error,Violin plot,16,zero,256,threshold,0.0378486348902958,0.0950328517797274,0.6128457754801324,4,0.0369615389183317,0.0384844536342651,0.0171373295210721,96.35316426520168,Violin plot / 16
WDBC__17,WDBC,concave points error,Violin plot,16,zero,256,threshold,0.0279196591927306,0.1168620148863242,0.9174972699310664,4,0.0274173512018259,0.0283215271765379,0.0056382075124742,97.2838675724271,Violin plot / 16
WDBC__18,WDBC,symmetry error,Violin plot,16,zero,256,threshold,0.0697147844677365,0.1313075770749244,0.1305738030116616,4,0.068557545398488,0.0715206427468745,0.0082734819319271,93.48286239659434,Violin plot / 16
WDBC__19,WDBC,fractal dimension error,Violin plot,16,zero,256,threshold,0.054010252752439,0.1416903783415153,0.2022769553363431,4,0.0534731556810726,0.0542845847135344,0.0026403403151483,94.875737440751,Violin plot / 16
WDBC__20,WDBC,worst radius,Violin plot,16,zero,256,threshold,0.0526528842392955,0.1056921132853551,2.4490655220853155,4,0.0523188885304865,0.0530056261656389,3.04846886809422,94.99807723632036,Violin plot / 16
WDBC__27,WDBC,worst concave points,Violin plot,16,zero,256,threshold,0.0291754397878679,0.055480403549874,2.7191463072567554,4,0.028875685808127,0.0296927226674257,0.0400323438681821,97.16516361934546,Violin plot / 16
HeartFailure__03,HeartFailure,platelets,Violin plot,16,zero,256,threshold,0.0314492625075801,0.1212280319872809,0.1485941781468389,4,0.0303430924209928,0.0321171122521224,97850.40155228524,96.95096369247256,Violin plot / 16
CKD__09,CKD,wc,Violin plot,16,zero,256,threshold,0.0936329491799408,0.1196812334902463,0.4112797540662808,4,0.0931378878539814,0.0938861343271024,2869.093332053087,91.43835696883936,Violin plot / 16
ILPD__00,ILPD,age,Violin plot,16,zero,256,threshold,0.0423259827936701,0.0470762477490662,0.2803705343203134,4,0.0417124565164354,0.0427736664496835,16.050188765053708,95.93927586068354,Violin plot / 16
ILPD__05,ILPD,AST,Violin plot,16,zero,256,threshold,0.0525278962286016,0.3793317437645345,0.1912459137657919,4,0.0521308456933288,0.0529683045315924,285.8100281658253,95.00935828714674,Violin plot / 16
ILPD__06,ILPD,total_protein,Violin plot,16,zero,256,threshold,0.0361757875618781,0.0663816486672353,0.1013153236402179,4,0.0354122004980127,0.0365549298387041,1.0857192776743458,96.50872101084316,Violin plot / 16
Retinopathy__03,Retinopathy,feature_5,Violin plot,16,zero,256,threshold,0.0270196950009388,0.0557722105192626,0.4249601136663283,4,0.0266417735193982,0.027289349074056,20.70782578646808,97.36911617835,Violin plot / 16
Retinopathy__13,Retinopathy,feature_15,Violin plot,16,zero,256,threshold,0.1817842810366219,0.4099493710113387,0.2005667748310951,4,0.1812309521636189,0.1822628248798567,0.1761998717372855,84.61781190073312,Violin plot / 16
HAR__13,HAR,tBodyAccJerk-mean()-Y,Violin plot,16,zero,256,threshold,0.0440568862607868,0.2168680383213181,1.0589496574231776,4,0.0432542207430801,0.0447158678832165,0.0218734829981097,95.7802216679425,Violin plot / 16
HAR__17,HAR,tBodyAccJerk-std()-Z,Violin plot,16,zero,256,threshold,0.1801353409324708,0.3014355626404644,4.197529874381866,4,0.1795780420312346,0.1808114646729875,0.1186859717045763,84.73604385153494,Violin plot / 16
HAR__19,HAR,tBodyGyro-mean()-Y,Violin plot,16,zero,256,threshold,0.1646826860336021,0.3689948226901729,0.7139376139785505,4,0.1637327308434621,0.165870469522275,0.0077115347366547,85.86029585496466,Violin plot / 16
HAR__21,HAR,tBodyGyro-std()-X,Violin plot,16,zero,256,threshold,0.1061888880832683,0.3086873420555091,5.086399968002463,4,0.1057601918058338,0.1074456472603019,0.1005996314621226,90.40047416610147,Violin plot / 16
HAR__23,HAR,tBodyGyro-std()-Z,Violin plot,16,zero,256,threshold,0.1158522420570509,0.2578245587002706,6.506856847420687,4,0.11561238990119,0.1160991616261325,0.1007221383485321,89.61760010057607,Violin plot / 16
HAR__26,HAR,tBodyGyroJerk-mean()-Z,Violin plot,16,zero,256,threshold,0.1763107363694532,0.2827133768393174,0.9819911096664414,4,0.1757584272948153,0.176879742038419,0.0162481200674206,85.01155086677048,Violin plot / 16
HAR__37,HAR,tBodyGyroMag-std(),Violin plot,16,zero,256,threshold,0.18802044032003,0.2540275366939883,4.25120744504073,4,0.1864501046370952,0.1901223371604385,0.1354565161673692,84.17363591241066,Violin plot / 16
HAR__38,HAR,tBodyGyroJerkMag-mean(),Violin plot,16,zero,256,threshold,0.0968434782323094,0.3118352999196075,4.776719690397632,4,0.0966164497645657,0.0970481951257733,0.1071670577256307,91.17071121320028,Violin plot / 16
BIDMC__04,BIDMC,SD,Violin plot,16,zero,256,threshold,0.0538896598329138,0.2720728410471015,0.0544107270713745,4,0.052843230485038,0.0550933419533381,3.71002338580408,94.88659374061442,Violin plot / 16
Wrist__00,Wrist,mean,Violin plot,16,zero,256,threshold,0.0640602399021338,0.4016744940581019,0.1476325689647016,4,0.0636591173513069,0.0646774804221875,29.715915839607305,93.97964161239352,Violin plot / 16
Wrist__02,Wrist,q10,Violin plot,16,zero,256,threshold,0.0550267102887943,0.3852249485292223,0.2182669216939535,4,0.0545975631965256,0.0559852060112095,30.43233291876568,94.78433012622668,Violin plot / 16
Wrist__03,Wrist,q90,Violin plot,16,zero,256,threshold,0.0569406774295432,0.4107332380982631,0.130282359020151,4,0.0563162943103374,0.0576907022983102,29.194196643150427,94.61268937363432,Violin plot / 16
WDBC__03,WDBC,mean area,Violin plot,256,zero,256,threshold,0.0763650633472055,0.0513916939301514,1.992501508162291,4,0.0759154599722233,0.0769194881515841,248.397302572926,92.90528223670408,Violin plot / 256
WDBC__29,WDBC,worst fractal dimension,Violin plot,256,zero,256,threshold,0.0249511855460909,0.0486670270674858,0.7096422831555368,4,0.0245520107001303,0.0253079884489595,0.0171028422179571,97.56562206103531,Violin plot / 256
Cleveland__00,Cleveland,age,Violin plot,256,zero,256,threshold,0.0578358824416498,0.0520737039052925,0.461167340857416,4,0.0574892039215531,0.058094809661596,8.825429815634669,94.53262236594249,Violin plot / 256
Cleveland__01,Cleveland,trestbps,Violin plot,256,zero,256,threshold,0.1302221984615484,0.075117567140766,0.172143795625577,4,0.1300153428663754,0.1304831429809735,17.427290882589684,88.47817724348309,Violin plot / 256
Cleveland__04,Cleveland,oldpeak,Violin plot,256,zero,256,threshold,0.0771581937367507,0.0657884434185299,0.9544077453023504,4,0.0765607466328888,0.0779283831116041,1.0530090571316797,92.83687445489484,Violin plot / 256
HeartFailure__00,HeartFailure,age,Violin plot,256,zero,256,threshold,0.068083969894038,0.0778643300554133,0.6143214823582146,4,0.0675347310808024,0.0687571783326073,11.52491033330266,93.6255976296702,Violin plot / 256
HeartFailure__02,HeartFailure,ejection_fraction,Violin plot,256,zero,256,threshold,0.1991815300495448,0.154085057842588,0.7180953456055503,4,0.1984166519217278,0.199969612368647,11.419096433615184,83.39021031775602,Violin plot / 256
CKD__00,CKD,age,Violin plot,256,zero,256,threshold,0.0883866625934748,0.0579136742211248,0.5483248315059996,4,0.0876006846168942,0.0887762198469906,16.74190091808664,91.8791119340932,Violin plot / 256
CKD__01,CKD,bp,Violin plot,256,zero,256,threshold,0.2279198551384753,0.1206541440330355,0.7636209682823528,4,0.2277668311509465,0.22806995447264,13.095502108190471,81.43853980496371,Violin plot / 256
CKD__05,CKD,sod,Violin plot,256,zero,256,threshold,0.1934547926867007,0.1083228562889078,0.75141055610421,4,0.1928317901494418,0.1941596161585579,9.661828598257197,83.79035436682138,Violin plot / 256
CKD__07,CKD,hemo,Violin plot,256,zero,256,threshold,0.1008111798696277,0.0728287690859226,2.4162937504835846,4,0.1005720064863552,0.1012552439597098,1.8648394877891767,90.842100651488,Violin plot / 256
ILPD__08,ILPD,albumin_globulin_ratio,Violin plot,256,zero,256,threshold,0.0956604300473524,0.0598088564926172,0.4436218697090482,4,0.0952365439924211,0.095911376532487,0.3155840808565631,91.26915352385062,Violin plot / 256
Retinopathy__00,Retinopathy,feature_2,Violin plot,256,zero,256,threshold,0.0414869591993417,0.0436492019843833,0.5875093631555783,4,0.0409713767721425,0.0420431100584517,24.510247671043043,96.0165646979166,Violin plot / 256
Retinopathy__02,Retinopathy,feature_4,Violin plot,256,zero,256,threshold,0.0383161689268575,0.0391251708996797,0.4743420245305044,4,0.0378111255743711,0.0385335655084364,22.17808976637167,96.30977826662772,Violin plot / 256
Retinopathy__04,Retinopathy,feature_6,Violin plot,256,zero,256,threshold,0.0248575808423303,0.0342545454157469,0.3530434995106309,4,0.0245389499119669,0.0252366121569215,19.26108258451374,97.57453315397248,Violin plot / 256
Retinopathy__05,Retinopathy,feature_7,Violin plot,256,zero,256,threshold,0.0550895417840725,0.0455613582425492,0.253601729447275,4,0.0549574563839545,0.0552068978617074,14.984124943793166,94.77868563734218,Violin plot / 256
Retinopathy__14,Retinopathy,feature_16,Violin plot,256,zero,256,threshold,0.0356411818514172,0.0383125013735026,0.0642130837613129,4,0.0350497904742221,0.0361897613261821,0.0280665542664034,96.5585395331903,Violin plot / 256
HAR__00,HAR,tBodyAcc-mean()-X,Violin plot,256,zero,256,threshold,0.1518643861416654,0.1843542654882,1.0074414071271316,4,0.144577901548394,0.1625057791686711,0.0046163865383122,86.81577554017821,Violin plot / 256
HAR__08,HAR,tGravityAcc-mean()-Z,Violin plot,256,zero,256,threshold,0.0889907345886531,0.1338273960804252,1.4276852001405482,4,0.0880939635305845,0.0896862469027164,0.1390913183805862,91.82814584531174,Violin plot / 256
HAR__25,HAR,tBodyGyroJerk-mean()-Y,Violin plot,256,zero,256,threshold,0.1345693343198081,0.0812427164724814,1.301729608668024,4,0.1339190401945718,0.13549527857125,0.0091759494410072,88.13917049851479,Violin plot / 256
BIDMC__01,BIDMC,median,Violin plot,256,zero,256,threshold,0.0446014405081802,0.1310150407577227,0.0486156955745028,4,0.0443218162449931,0.0450577905610066,12.341693210590991,95.7302911159607,Violin plot / 256
WDBC__04,WDBC,mean smoothness,Violin plot,32,zero,256,threshold,0.0202731806172343,0.0661459446038509,0.802189850530686,4,0.0199054475692206,0.020612724268671,0.0131405302535634,98.01296544862916,Violin plot / 32
WDBC__06,WDBC,mean concavity,Violin plot,32,zero,256,threshold,0.0774255767954856,0.0670900421524559,2.016960676180267,4,0.0768236721375147,0.0779471461703738,0.0572647753444237,92.81383526964645,Violin plot / 32
WDBC__07,WDBC,mean concave points,Violin plot,32,zero,256,threshold,0.08661129292175,0.073609471803444,2.592899862752084,4,0.0858674517892306,0.0876063714075496,0.0244664442739667,92.02922945068389,Violin plot / 32
WDBC__08,WDBC,mean symmetry,Violin plot,32,zero,256,threshold,0.0340531868816245,0.0606724840032163,0.7068886217023179,4,0.0337594869384206,0.0344166631886352,0.0258965831928597,96.70682443479352,Violin plot / 32
WDBC__10,WDBC,radius error,Violin plot,32,zero,256,threshold,0.0767934260609031,0.0846454423633316,1.3830645875970615,4,0.0763800816370988,0.0776328966972099,0.2286032068461238,92.8683232825978,Violin plot / 32
WDBC__12,WDBC,perimeter error,Violin plot,32,zero,256,threshold,0.0578096928031797,0.1024658743025766,1.321966289988079,4,0.0566861758440553,0.0589055218738084,1.681820494847905,94.534962839111,Violin plot / 32
WDBC__22,WDBC,worst perimeter,Violin plot,32,zero,256,threshold,0.0329137720078722,0.0538682202613403,2.562994903230928,4,0.0325211531625905,0.0332168657195065,20.923568725165023,96.81350245297908,Violin plot / 32
WDBC__23,WDBC,worst area,Violin plot,32,zero,256,threshold,0.0965984557558131,0.0983174969184109,2.099445049332308,4,0.0959849097994056,0.0970687589872227,387.1270649634207,91.19108227366289,Violin plot / 32
WDBC__24,WDBC,worst smoothness,Violin plot,32,zero,256,threshold,0.03893455739692,0.0580000160237059,0.9498102100830976,4,0.0380941758006646,0.0399349073868993,0.0207237191083447,96.2524533311827,Violin plot / 32
WDBC__25,WDBC,worst compactness,Violin plot,32,zero,256,threshold,0.0659850745155202,0.0661419329052847,1.4826009427136595,4,0.0652983402694365,0.0663345304099236,0.1270309458020991,93.80994386384728,Violin plot / 32
WDBC__28,WDBC,worst symmetry,Violin plot,32,zero,256,threshold,0.0375323992375855,0.0685680266473687,0.9353774582202034,4,0.0368915881142538,0.0379187671546448,0.0563013353990857,96.382532317529,Violin plot / 32
HeartFailure__04,HeartFailure,serum_creatinine,Violin plot,32,zero,256,threshold,0.1780565771828227,0.1935970470266448,0.5523215962469813,4,0.177022541570899,0.1785661867128487,0.9903650404345196,84.88556656517949,Violin plot / 32
CKD__03,CKD,bu,Violin plot,32,zero,256,threshold,0.0706304009110594,0.0649390617122525,0.7948487371049439,4,0.0703590269918817,0.0711052010910036,46.76361459085069,93.40291468923766,Violin plot / 32
CKD__04,CKD,sc,Violin plot,32,zero,256,threshold,0.1315075656091348,0.1775351383031586,0.538847825566807,4,0.1306843715234004,0.1331787366225354,5.483923029459524,88.37766802395713,Violin plot / 32
CKD__08,CKD,pcv,Violin plot,32,zero,256,threshold,0.0728883534535277,0.0714048541582697,2.2675077612126007,4,0.072648442341911,0.0731607617880934,6.041875681463431,93.20634311865656,Violin plot / 32
ILPD__01,ILPD,total_bilirubin,Violin plot,32,zero,256,threshold,0.1098909466947669,0.1388575806598323,0.438281976879355,4,0.1092209050374968,0.1104971895596114,6.06230723635571,90.09894197064855,Violin plot / 32
ILPD__02,ILPD,direct_bilirubin,Violin plot,32,zero,256,threshold,0.0945273993281667,0.1571046985809243,0.5285372278126305,4,0.094172474946608,0.0947152489500822,2.724500610788553,91.363633346576,Violin plot / 32
ILPD__04,ILPD,ALT,Violin plot,32,zero,256,threshold,0.0998941776067779,0.2199300900850895,0.2023065465567548,4,0.0987308858013295,0.1010789508164534,180.3204128629913,90.91783740285504,Violin plot / 32
Retinopathy__08,Retinopathy,feature_10,Violin plot,32,zero,256,threshold,0.0241484005466245,0.075355763123091,0.0832930242817212,4,0.0237103553062095,0.024774902325451,11.564139353880767,97.642099471743,Violin plot / 32
Retinopathy__09,Retinopathy,feature_11,Violin plot,32,zero,256,threshold,0.0361743762430238,0.171651120497764,0.158176713458784,4,0.0354666909249778,0.0372066468013509,3.903542161791645,96.50885246031798,Violin plot / 32
Retinopathy__10,Retinopathy,feature_12,Violin plot,32,zero,256,threshold,0.0763191971434084,0.2554345874546119,0.1571889426940167,4,0.0754576033804026,0.0769727170890648,2.459911323105543,92.90924129700906,Violin plot / 32
Retinopathy__11,Retinopathy,feature_13,Violin plot,32,zero,256,threshold,0.1091709283450235,0.260942104792403,0.1604198373554132,4,0.1082106999255345,0.1100520668340575,1.0453904751720595,90.15742970220867,Violin plot / 32
HAR__01,HAR,tBodyAcc-mean()-Y,Violin plot,32,zero,256,threshold,0.1405544229505726,0.1669737429309505,0.7770455544112371,4,0.1398082925640511,0.1409936699417082,0.0018147610291245,87.6766579373772,Violin plot / 32
HAR__03,HAR,tBodyAcc-std()-X,Violin plot,32,zero,256,threshold,0.1582048545203082,0.2264223176694387,7.873132339733298,4,0.1568454187664272,0.1593478581115804,0.0873726069265212,86.34051187897742,Violin plot / 32
HAR__04,HAR,tBodyAcc-std()-Y,Violin plot,32,zero,256,threshold,0.1511053626993978,0.2311211730192665,7.977201261579362,4,0.1507287391153285,0.1513652494149546,0.1183712457679736,86.87302069855286,Violin plot / 32
HAR__06,HAR,tGravityAcc-mean()-X,Violin plot,32,zero,256,threshold,0.1403222996734749,0.2482808897818552,0.3149381013152098,4,0.1387125894129596,0.1414720236658063,0.0516786369512984,87.69450534172177,Violin plot / 32
HAR__12,HAR,tBodyAccJerk-mean()-X,Violin plot,32,zero,256,threshold,0.1858217886488933,0.1863394406079517,1.2772440670946683,4,0.1853916413844022,0.1860799779719604,0.0205696096359731,84.32970363442084,Violin plot / 32
HAR__16,HAR,tBodyAccJerk-std()-Y,Violin plot,32,zero,256,threshold,0.1303043132318373,0.1971498401319028,7.135567250348754,4,0.1298089356958071,0.1305465052293424,0.1215755357582258,88.47174944778693,Violin plot / 32
HAR__20,HAR,tBodyGyro-mean()-Z,Violin plot,32,zero,256,threshold,0.0922488486482925,0.1794405518088595,0.8840846496226551,4,0.0911394777003046,0.093455060001476,0.0051456011049865,91.55422788841072,Violin plot / 32
HAR__24,HAR,tBodyGyroJerk-mean()-X,Violin plot,32,zero,256,threshold,0.1454421740825051,0.1863478686080305,0.9248204807099052,4,0.1448266852889461,0.1459683372160033,0.0212550115941538,87.3025302041979,Violin plot / 32
HAR__29,HAR,tBodyGyroJerk-std()-Z,Violin plot,32,zero,256,threshold,0.1389252339125119,0.1663191791726272,5.727563428170417,4,0.1380500670290198,0.1395964818165584,0.0940084226045832,87.80207604714607,Violin plot / 32
HAR__30,HAR,tBodyAccMag-mean(),Violin plot,32,zero,256,threshold,0.1580501098423561,0.1311722667201752,10.138692858529437,4,0.1573264403604782,0.1586892589256128,0.0815866565761593,86.35204914717626,Violin plot / 32
HAR__31,HAR,tBodyAccMag-std(),Violin plot,32,zero,256,threshold,0.1329781203618185,0.121808722737105,7.383637809662343,4,0.1315322250177307,0.1343501275239965,0.0871909475783781,88.26295777721182,Violin plot / 32
HAR__32,HAR,tGravityAccMag-mean(),Violin plot,32,zero,256,threshold,0.1580501098423561,0.1311722667201752,10.138692858529437,4,0.1573264403604782,0.1586892589256128,0.0815866565761593,86.35204914717626,Violin plot / 32
HAR__33,HAR,tGravityAccMag-std(),Violin plot,32,zero,256,threshold,0.1329781203618185,0.121808722737105,7.383637809662343,4,0.1315322250177307,0.1343501275239965,0.0871909475783781,88.26295777721182,Violin plot / 32
HAR__36,HAR,tBodyGyroMag-mean(),Violin plot,32,zero,256,threshold,0.0815957619167713,0.1344090015006705,5.954985082050173,4,0.0799119718811205,0.0828835407817449,0.1189689146870361,92.45598357632524,Violin plot / 32
HAR__39,HAR,tBodyGyroJerkMag-std(),Violin plot,32,zero,256,threshold,0.2040789762554622,0.2823700122888357,3.022894688594303,4,0.2030199857386903,0.2045574208566009,0.1514172162619554,83.05103068154858,Violin plot / 32
Wrist__01,Wrist,median,Violin plot,32,zero,256,threshold,0.0626333460457422,0.3841419408634466,0.1379040581831825,4,0.0621084407884579,0.0631925919027257,29.81885170304165,94.10583657299928,Violin plot / 32
WDBC__01,WDBC,mean texture,Violin plot,64,zero,256,threshold,0.054551306216798,0.0415496089516261,1.0101730397394426,4,0.0534298409974046,0.055328182344073,3.916259734095069,94.82706001166498,Violin plot / 64
WDBC__11,WDBC,texture error,Violin plot,64,zero,256,threshold,0.036239359999879,0.0488476472291542,0.1227587105992975,4,0.0355450961707782,0.0374990034233901,0.552115606860959,96.50280027966863,Violin plot / 64
WDBC__13,WDBC,area error,Violin plot,64,zero,256,threshold,0.0600749098651753,0.0787311688521248,1.2490355035028862,4,0.0583377518640337,0.0616806023865569,38.07874145019458,94.33295616129467,Violin plot / 64
Cleveland__03,Cleveland,thalach,Violin plot,64,zero,256,threshold,0.020315397079823,0.0675305942211596,0.9004037068023738,4,0.0188990853357195,0.0210363050339594,20.8239924584355,98.00891007447632,Violin plot / 64
HeartFailure__05,HeartFailure,serum_sodium,Violin plot,64,zero,256,threshold,0.0927210367499994,0.1365049323946204,0.4267714704945112,4,0.0914094860515469,0.0947871089084533,4.3348727080007405,91.5146653508408,Violin plot / 64
CKD__10,CKD,rc,Violin plot,64,zero,256,threshold,0.0573484319972164,0.062756735589505,2.001324589190506,4,0.0569317091051764,0.0576269469954642,0.7345135356551953,94.57620305078702,Violin plot / 64
Retinopathy__01,Retinopathy,feature_3,Violin plot,64,zero,256,threshold,0.0451676755141827,0.0427413605233866,0.5343080031685485,4,0.0446883860943906,0.0454596822850485,23.2450195886025,95.67842781858307,Violin plot / 64
Retinopathy__06,Retinopathy,feature_8,Violin plot,64,zero,256,threshold,0.0390725621506176,0.0507592014785851,0.2712182469918723,4,0.0382690106823327,0.0395743357556778,58.41218588981864,96.23966953089904,Violin plot / 64
Retinopathy__12,Retinopathy,feature_14,Violin plot,64,zero,256,threshold,0.1885712940955725,0.2402929939663304,0.2025511288608782,4,0.1857372123610701,0.1912693426868534,0.392022401684756,84.13462490366948,Violin plot / 64
Retinopathy__15,Retinopathy,feature_17,Violin plot,64,zero,256,threshold,0.0283673084836511,0.0317990865238732,0.0783165415303669,4,0.0281597261141139,0.0287034339671673,0.0179441018785934,97.24151981012706,Violin plot / 64
HAR__02,HAR,tBodyAcc-mean()-Z,Violin plot,64,zero,256,threshold,0.1261255868917954,0.174395574788787,0.6902601240651061,4,0.1251626390335622,0.1281659187240267,0.0039368550424096,88.80004252101996,Violin plot / 64
HAR__05,HAR,tBodyAcc-std()-Z,Violin plot,64,zero,256,threshold,0.1719436721748821,0.1172036632210513,5.020878783288113,4,0.1711673771153337,0.1727069690383101,0.1374280562790486,85.32833307117988,Violin plot / 64
HAR__09,HAR,tGravityAcc-std()-X,Violin plot,64,zero,256,threshold,0.2343421125357366,2.705880791996077,4.978964581664309,4,0.2078033803543166,0.2866655697612377,0.0030620051418208,81.01481670634065,Violin plot / 64
HAR__11,HAR,tGravityAcc-std()-Z,Violin plot,64,zero,256,threshold,0.1378836724736385,0.3915468436889,2.088132693145848,4,0.134712259633344,0.1430008754719509,0.0086901926585239,87.88244564807806,Violin plot / 64
HAR__14,HAR,tBodyAccJerk-mean()-Z,Violin plot,64,zero,256,threshold,0.2087677177652186,0.1564098209187549,0.8760679729443205,4,0.2076275985829103,0.2092483665719605,0.0204052047812232,82.72888043774115,Violin plot / 64
HAR__15,HAR,tBodyAccJerk-std()-X,Violin plot,64,zero,256,threshold,0.1524455494411807,0.1438958709793507,6.454213687249911,4,0.1507916687764731,0.1538422770753076,0.1130557335824611,86.77199547387715,Violin plot / 64
HAR__22,HAR,tBodyGyro-std()-Y,Violin plot,64,zero,256,threshold,0.187286378640653,0.1222392515638972,3.789140300933709,4,0.1863233610335972,0.1883292961977129,0.1645037007659498,84.22567781371492,Violin plot / 64
HAR__28,HAR,tBodyGyroJerk-std()-Y,Violin plot,64,zero,256,threshold,0.188645618443332,0.1744472781790934,2.851111129589107,4,0.188134688229564,0.1891027536422737,0.1619098651607198,84.12936408326772,Violin plot / 64
HAR__34,HAR,tBodyAccJerkMag-mean(),Violin plot,64,zero,256,threshold,0.148892924867721,0.1200761198756528,7.415407794137192,4,0.1475119627912121,0.1500043754967608,0.1009673116928177,87.0403131880315,Violin plot / 64
HAR__35,HAR,tBodyAccJerkMag-std(),Violin plot,64,zero,256,threshold,0.1180461402391958,0.1308901232455302,6.351958299397688,4,0.1176065184471776,0.1189351915043002,0.1214445464450148,89.44174699141298,Violin plot / 64
HeartFailure__01,HeartFailure,creatinine_phosphokinase,Violin plot,8,zero,256,threshold,0.0583574362788492,0.7266459932121969,0.0344430881035375,4,0.0581385900774572,0.0585812600993721,970.005938479382,94.486037110106,Violin plot / 8
CKD__02,CKD,bgr,Violin plot,8,zero,256,threshold,0.086832224716253,0.2404724847908555,0.8914340559173735,4,0.0857436390827483,0.087950085939582,72.06365919449946,92.01052170320742,Violin plot / 8
CKD__06,CKD,pot,Violin plot,8,zero,256,threshold,0.0721433990588298,0.6728740105375622,0.0721546253126926,4,0.0721097202972417,0.0721546253126926,3.187598840729353,93.27110542095768,Violin plot / 8
ILPD__03,ILPD,alkaline_phosphatase,Violin plot,8,zero,256,threshold,0.031683897883445,0.4161348377787408,0.372746383115118,4,0.0315063604927424,0.0320267646527606,238.95604098321152,96.92891418113182,Violin plot / 8
ILPD__07,ILPD,albumin,Violin plot,8,zero,256,threshold,0.0490127897683635,0.1487200581669147,0.4517885912482831,4,0.0487999622983123,0.0492988810356987,0.7857657472472728,95.32772238371028,Violin plot / 8
HAR__07,HAR,tGravityAcc-mean()-Y,Violin plot,8,zero,256,threshold,0.1013483029339118,0.302162607483403,2.572618135599922,4,0.1010356099920707,0.1016003020120636,0.1065519917197416,90.79779733042425,Violin plot / 8
HAR__18,HAR,tBodyGyro-mean()-X,Violin plot,8,zero,256,threshold,0.1617690478098872,0.6153029038735965,0.6670287206786537,4,0.1606554177907894,0.1627130025999447,0.0069091420910798,86.07562767188138,Violin plot / 8
BIDMC__03,BIDMC,q90,Violin plot,8,zero,256,threshold,0.0309670628680764,0.2855683724992527,0.0459792076245047,4,0.0300823064296958,0.0324622032601289,13.049376685652764,96.99630919518142,Violin plot / 8
Wrist__04,Wrist,SD,Violin plot,8,zero,256,threshold,0.1067814616195891,0.543541016294111,1.5161811796252485,4,0.1054409056466033,0.1082075586997243,1.0871690248123866,90.35207352828871,Violin plot / 8
