key,task,observer,dataset,kind,selected,reference_score,reference_ties,test_score,test_best,test_best_score,regret,score_gap,still_best,default,default_test_loss,selected_test_loss,gain
BIDMC__00,five,hard,BIDMC,empirical,Violin plot,97.9834433936427,1,98.07202612801144,Violin plot,98.07202612801144,0.0,0.0,True,Dot plot,0.0424934199675797,0.0196587543676526,0.0228346655999271
BIDMC__00,five,soft,BIDMC,empirical,Dot plot,98.15267341094594,1,98.08445948559638,Dot plot,98.08445948559638,0.0,0.0,True,Dot plot,0.0195295006410768,0.0195295006410768,0.0
BIDMC__00,median,hard,BIDMC,empirical,Heatmap,99.74403529661758,1,99.74403529661758,Heatmap,99.74403529661758,0.0,0.0,True,Box plot,0.0081580306384156,0.0025662156400754,0.0055918149983402
BIDMC__00,median,soft,BIDMC,empirical,Heatmap,99.74403529661758,1,99.74403529661758,Heatmap,99.74403529661758,0.0,0.0,True,Box plot,0.0081580306384156,0.0025662156400754,0.0055918149983402
BIDMC__00,spread,hard,BIDMC,empirical,Violin plot,99.70873618800252,1,99.76794800474724,Violin plot,99.76794800474724,0.0,0.0,True,Box plot,0.0284086094475265,0.002325917290007,0.0260826921575195
BIDMC__00,spread,soft,BIDMC,empirical,Violin plot,99.85899909810696,1,99.86209711250903,Violin plot,99.86209711250903,0.0,0.0,True,Box plot,0.0244740919152477,0.0013809332216965,0.0230931586935512
BIDMC__01,five,hard,BIDMC,empirical,Dot plot,98.36081425114898,1,97.89255331818936,Dot plot,97.89255331818936,0.0,0.0,True,Dot plot,0.0215281613399193,0.0215281613399193,0.0
BIDMC__01,five,soft,BIDMC,empirical,Dot plot,98.69253415998374,1,98.94863678783156,Dot plot,98.94863678783156,0.0,0.0,True,Dot plot,0.0106253430698877,0.0106253430698877,0.0
BIDMC__01,median,hard,BIDMC,empirical,Interval plot,98.91973794951828,1,99.64209129255306,Interval plot,99.64209129255306,0.0,0.0,True,Box plot,0.0081785410808912,0.0035919429510578,0.004586598129833399
BIDMC__01,median,soft,BIDMC,empirical,Interval plot,98.91973794951828,1,99.64209129255306,Interval plot,99.64209129255306,0.0,0.0,True,Box plot,0.0081785410808912,0.0035919429510578,0.004586598129833399
BIDMC__01,spread,hard,BIDMC,empirical,Interval plot,97.7427696511748,1,98.73254560329433,Interval plot,98.73254560329433,0.0,0.0,True,Box plot,0.0174959594388925,0.012837250259892,0.004658709179000501
BIDMC__01,spread,soft,BIDMC,empirical,Box plot,97.7427696511748,2,98.73254560329444,Box plot,98.73254560329444,0.0,0.0,True,Box plot,0.0128372502598905,0.0128372502598905,0.0
BIDMC__02,five,hard,BIDMC,empirical,Dot plot,96.76554450139612,1,96.94615209955612,Dot plot,96.94615209955612,0.0,0.0,True,Dot plot,0.0315004549877113,0.0315004549877113,0.0
BIDMC__02,five,soft,BIDMC,empirical,Dot plot,98.48137145180938,1,98.88216486764244,Dot plot,98.88216486764244,0.0,0.0,True,Dot plot,0.0113047194491931,0.0113047194491931,0.0
BIDMC__02,median,hard,BIDMC,empirical,Interval plot,100.0,1,100.0,Box plot,100.0,0.0,0.0,True,Box plot,0.0,0.0,0.0
BIDMC__02,median,soft,BIDMC,empirical,Interval plot,100.0,1,100.0,Box plot,100.0,0.0,0.0,True,Box plot,0.0,0.0,0.0
BIDMC__02,spread,hard,BIDMC,empirical,Bar chart,98.2191939480876,1,98.2191939480876,Interval plot,98.53446894565904,0.003257654222270501,0.31527499757144994,False,Box plot,0.0206810975785061,0.0181309373486981,0.0025501602298079983
BIDMC__02,spread,soft,BIDMC,empirical,Dot plot,98.4326560891885,1,98.90440583800216,Dot plot,98.90440583800216,0.0,0.0,True,Box plot,0.014873283126427,0.0110773039149776,0.0037959792114493993
BIDMC__03,five,hard,BIDMC,empirical,Dot plot,97.65774696029418,1,97.72593567814384,Dot plot,97.72593567814384,0.0,0.0,True,Dot plot,0.0232698137508317,0.0232698137508317,0.0
BIDMC__03,five,soft,BIDMC,empirical,Interval plot,98.57134621424608,1,98.69561500224584,Interval plot,98.69561500224584,0.0,0.0,True,Dot plot,0.0170639097031943,0.0132162406376867,0.003847669065507601
BIDMC__03,median,hard,BIDMC,empirical,Interval plot,99.2355516832128,1,99.5738965789366,Interval plot,99.5738965789366,0.0,0.0,True,Box plot,0.0078471016052447,0.0042792683193391,0.0035678332859056007
BIDMC__03,median,soft,BIDMC,empirical,Interval plot,99.2355516832128,1,99.5738965789366,Interval plot,99.5738965789366,0.0,0.0,True,Box plot,0.0078471016052447,0.0042792683193391,0.0035678332859056007
BIDMC__03,spread,hard,BIDMC,empirical,Interval plot,98.32926802578103,1,98.45482989261112,Box plot,99.31200615285177,0.008766603277715002,0.8571762602406494,False,Box plot,0.006927599932775,0.01569420321049,-0.008766603277715002
BIDMC__03,spread,soft,BIDMC,empirical,Box plot,98.32926802578103,2,98.45482989261104,Interval plot,98.45482989261112,9.992007221626409e-16,7.105427357601002e-14,True,Box plot,0.015694203210491,0.015694203210491,0.0
BIDMC__04,five,hard,BIDMC,empirical,Dot plot,98.25302601786652,1,97.30668898404568,Heatmap,98.21174458675344,0.0094704178293635,0.9050556027077619,False,Dot plot,0.0276785804149179,0.0276785804149179,0.0
BIDMC__04,five,soft,BIDMC,empirical,Heatmap,98.21174458675344,1,98.21174458675344,Histogram,98.23528887117116,0.00024403636261280046,0.02354428441772427,False,Dot plot,0.0196112170954247,0.0182081625855544,0.0014030545098702996
BIDMC__04,median,hard,BIDMC,empirical,Violin plot,99.48320987870392,1,99.42549712412377,Interval plot,99.89688128519202,0.0047459732339099,0.47138416106825787,False,Box plot,0.001032251592656,0.0057782248265656,-0.0047459732339096
BIDMC__04,median,soft,BIDMC,empirical,Violin plot,99.47716732518067,1,99.3872461937961,Interval plot,99.89688128519202,0.0051330646795053995,0.5096350913959213,False,Box plot,0.001032251592656,0.0061653162721611,-0.0051330646795050994
BIDMC__04,spread,hard,BIDMC,empirical,Dot plot,98.34176360479076,1,95.47241366637851,Histogram,98.87539729438228,0.036049041005065396,3.402983628003767,False,Box plot,0.0166679046491472,0.0474229796833542,-0.030755075034206998
BIDMC__04,spread,soft,BIDMC,empirical,Dot plot,98.30847109859808,1,98.3546080999711,Dot plot,98.3546080999711,0.0,0.0,True,Box plot,0.0201056641861832,0.016729179565806,0.0033764846203772
CKD__00,five,hard,CKD,empirical,Dot plot,97.1986980300426,1,98.39794593138092,Dot plot,98.39794593138092,0.0,0.0,True,Dot plot,0.0162813771512698,0.0162813771512698,0.0
CKD__00,five,soft,CKD,empirical,Dot plot,95.2677249870974,1,97.93495352478762,Dot plot,97.93495352478762,0.0,0.0,True,Dot plot,0.0210858983528257,0.0210858983528257,0.0
CKD__00,median,hard,CKD,empirical,Box plot,99.61161984457785,2,99.18634636519596,Interval plot,99.46017270604904,0.0027757101985088992,0.273826340853077,False,Box plot,0.0082032826555405,0.0082032826555405,0.0
CKD__00,median,soft,CKD,empirical,Box plot,99.61161984457785,2,99.18634636519596,Interval plot,99.46017270604904,0.0027757101985088992,0.273826340853077,False,Box plot,0.0082032826555405,0.0082032826555405,0.0
CKD__00,spread,hard,CKD,empirical,Interval plot,98.9871714248512,1,99.08142959076817,Interval plot,99.08142959076817,0.0,0.0,True,Box plot,0.0126045569136535,0.0092708635011199,0.0033336934125335997
CKD__00,spread,soft,CKD,empirical,Interval plot,98.98717142485116,2,99.08142959076812,Box plot,99.08142959076812,0.0,0.0,True,Box plot,0.0092708635011205,0.0092708635011205,0.0
CKD__01,five,hard,CKD,empirical,Dot plot,95.6797329132052,1,97.06607530220404,Dot plot,97.06607530220404,0.0,0.0,True,Dot plot,0.0302260567212751,0.0302260567212751,0.0
CKD__01,five,soft,CKD,empirical,Dot plot,95.29347169419825,1,96.54098940042095,Dot plot,96.54098940042095,0.0,0.0,True,Dot plot,0.0358294504858676,0.0358294504858676,0.0
CKD__01,median,hard,CKD,empirical,Interval plot,99.54356310381262,2,99.10184284328535,Interval plot,99.10184284328535,0.0,0.0,True,Box plot,0.0142413613376111,0.0090629712924201,0.005178390045191
CKD__01,median,soft,CKD,empirical,Interval plot,99.54356310381262,2,99.10184284328535,Interval plot,99.10184284328535,0.0,0.0,True,Box plot,0.0142413613376111,0.0090629712924201,0.005178390045191
CKD__01,spread,hard,CKD,empirical,Bar chart,100.0,1,100.0,Bar chart,100.0,0.0,0.0,True,Box plot,0.0208448339725679,0.0,0.0208448339725679
CKD__01,spread,soft,CKD,empirical,Bar chart,100.0,1,100.0,Bar chart,100.0,0.0,0.0,True,Box plot,0.0208448339725679,0.0,0.0208448339725679
CKD__02,five,hard,CKD,empirical,Dot plot,98.3855086816577,1,98.3277238711916,Dot plot,98.3277238711916,0.0,0.0,True,Dot plot,0.0170071681004136,0.0170071681004136,0.0
CKD__02,five,soft,CKD,empirical,Dot plot,96.23470855476974,1,98.13005223549705,Dot plot,98.13005223549705,0.0,0.0,True,Dot plot,0.0190558113636319,0.0190558113636319,0.0
CKD__02,median,hard,CKD,empirical,Box plot,99.76732703411164,2,99.32367981582529,Interval plot,99.62562269900882,0.0030514126867561,0.30194288318352847,False,Box plot,0.0068092542023093,0.0068092542023093,0.0
CKD__02,median,soft,CKD,empirical,Box plot,99.76732703411164,2,99.32367981582529,Interval plot,99.62562269900882,0.0030514126867561,0.30194288318352847,False,Box plot,0.0068092542023093,0.0068092542023093,0.0
CKD__02,spread,hard,CKD,empirical,Dot plot,98.90932306699648,1,98.05088833029664,Interval plot,98.65644635612924,0.006260063864278199,0.6055580258325932,False,Box plot,0.023334648125596,0.0198785722688969,0.0034560758566991
CKD__02,spread,soft,CKD,empirical,Box plot,97.95162553119596,2,98.65644635612924,Box plot,98.65644635612924,0.0,0.0,True,Box plot,0.0136185084046188,0.0136185084046188,0.0
CKD__03,five,hard,CKD,empirical,Dot plot,98.32467982963556,1,98.49554534948788,Dot plot,98.49554534948788,0.0,0.0,True,Dot plot,0.0152743420544951,0.0152743420544951,0.0
CKD__03,five,soft,CKD,empirical,Dot plot,94.76049128039546,1,97.66586829426372,Dot plot,97.66586829426372,0.0,0.0,True,Dot plot,0.0238991548071187,0.0238991548071187,0.0
CKD__03,median,hard,CKD,empirical,Heatmap,99.91890613768084,1,99.91890613768084,Heatmap,99.91890613768084,0.0,0.0,True,Box plot,0.0090670252830853,0.0008115967783657,0.0082554285047196
CKD__03,median,soft,CKD,empirical,Heatmap,99.91890613768084,1,99.91890613768084,Heatmap,99.91890613768084,0.0,0.0,True,Box plot,0.0090670252830853,0.0008115967783657,0.0082554285047196
CKD__03,spread,hard,CKD,empirical,Dot plot,97.90704155999634,1,97.19069881150612,Interval plot,98.64189276264575,0.015136984204098,1.4511939511396292,False,Box plot,0.0180760131331602,0.028905041561048,-0.010829028427887799
CKD__03,spread,soft,CKD,empirical,Box plot,97.61341851700163,2,98.64189276264582,Interval plot,98.64189276264588,4.996003610813204e-16,5.684341886080802e-14,True,Box plot,0.0137680573569497,0.0137680573569497,0.0
CKD__04,five,hard,CKD,empirical,Dot plot,91.77991576246644,1,97.62265588171732,Dot plot,97.62265588171732,0.0,0.0,True,Dot plot,0.0243523810821451,0.0243523810821451,0.0
CKD__04,five,soft,CKD,empirical,Histogram,91.1802944651228,1,91.18332515027843,Histogram,91.18332515027843,0.0,0.0,True,Dot plot,0.1132164411896038,0.0966917452855647,0.0165246959040391
CKD__04,median,hard,CKD,empirical,Interval plot,99.40091333757594,1,99.49376334010798,Interval plot,99.49376334010798,0.0,0.0,True,Box plot,0.0116266949960413,0.0050881245506969,0.0065385704453444
CKD__04,median,soft,CKD,empirical,Interval plot,99.40091333757594,1,99.49376334010798,Interval plot,99.49376334010798,0.0,0.0,True,Box plot,0.0116266949960413,0.0050881245506969,0.0065385704453444
CKD__04,spread,hard,CKD,empirical,Box plot,96.53064349075008,1,97.71299100510636,Box plot,97.71299100510636,0.0,0.0,True,Box plot,0.0234053729332071,0.0234053729332071,0.0
CKD__04,spread,soft,CKD,empirical,Box plot,96.53064349075004,1,97.71299100510636,Box plot,97.71299100510636,0.0,0.0,True,Box plot,0.0234053729332071,0.0234053729332071,0.0
CKD__05,five,hard,CKD,empirical,Dot plot,94.24267842122288,1,95.93266568039316,Dot plot,95.93266568039316,0.0,0.0,True,Dot plot,0.0423978036131869,0.0423978036131869,0.0
CKD__05,five,soft,CKD,empirical,Dot plot,91.38363424851762,1,93.63863435241136,Dot plot,93.63863435241136,0.0,0.0,True,Dot plot,0.0679352672279207,0.0679352672279207,0.0
CKD__05,median,hard,CKD,empirical,Interval plot,98.57626787716347,1,98.89830530562097,Interval plot,98.89830530562097,0.0,0.0,True,Box plot,0.0136854246181455,0.0111396721205134,0.0025457524976321005
CKD__05,median,soft,CKD,empirical,Interval plot,98.57626787716347,1,98.89830530562097,Interval plot,98.89830530562097,0.0,0.0,True,Box plot,0.0136854246181455,0.0111396721205134,0.0025457524976321005
CKD__05,spread,hard,CKD,empirical,Interval plot,95.96655320567592,1,98.35964781335116,Interval plot,98.35964781335116,0.0,0.0,True,Box plot,0.0380646136810447,0.0166770847915359,0.021387528889508796
CKD__05,spread,soft,CKD,empirical,Box plot,95.96655320567592,2,98.359647813351,Box plot,98.359647813351,0.0,0.0,True,Box plot,0.0166770847915373,0.0166770847915373,0.0
CKD__06,five,hard,CKD,empirical,Dot plot,97.1235140785834,1,98.18241398448431,Dot plot,98.18241398448431,0.0,0.0,True,Dot plot,0.0185123378184908,0.0185123378184908,0.0
CKD__06,five,soft,CKD,empirical,Dot plot,95.83734191916392,1,97.69067027874722,Dot plot,97.69067027874722,0.0,0.0,True,Dot plot,0.0236392043852645,0.0236392043852645,0.0
CKD__06,median,hard,CKD,empirical,Histogram,99.09526275792147,1,99.08897568815436,Interval plot,99.23900536319736,0.0015257009855054,0.15002967504300102,False,Box plot,0.0121643606807959,0.0091940027184533,0.0029703579623425996
CKD__06,median,soft,CKD,empirical,Histogram,98.6488023198376,1,98.79728314289004,Interval plot,99.23900536319736,0.004505280564557799,0.44172222030732655,False,Box plot,0.0121643606807959,0.0121735822975057,-9.221616709799776e-06
CKD__06,spread,hard,CKD,empirical,Bar chart,95.505751075608,1,95.505751075608,Interval plot,98.72015246766784,0.0340929644591586,3.214401392059841,False,Box plot,0.0356930428479784,0.0470573643343646,-0.011364321486386206
CKD__06,spread,soft,CKD,empirical,Box plot,96.85147364973886,1,98.72015246766787,Box plot,98.72015246766787,0.0,0.0,True,Box plot,0.0129643998752059,0.0129643998752059,0.0
CKD__07,five,hard,CKD,empirical,Dot plot,96.41358243428554,1,96.90751396981868,Dot plot,96.90751396981868,0.0,0.0,True,Dot plot,0.0319117259694068,0.0319117259694068,0.0
CKD__07,five,soft,CKD,empirical,Dot plot,96.3426350764249,1,96.94889706257584,Dot plot,96.94889706257584,0.0,0.0,True,Dot plot,0.0314712495950811,0.0314712495950811,0.0
CKD__07,median,hard,CKD,empirical,Interval plot,99.67651852212818,2,99.66385211534372,Interval plot,99.66385211534372,0.0,0.0,True,Box plot,0.0076045733652155,0.0033728164978737,0.0042317568673418005
CKD__07,median,soft,CKD,empirical,Interval plot,99.67651852212818,2,99.66385211534372,Interval plot,99.66385211534372,0.0,0.0,True,Box plot,0.0076045733652155,0.0033728164978737,0.0042317568673418005
CKD__07,spread,hard,CKD,empirical,Interval plot,99.22984543376938,1,99.14498048578528,Interval plot,99.14498048578528,0.0,0.0,True,Box plot,0.0238330781692723,0.0086239314388418,0.015209146730430502
CKD__07,spread,soft,CKD,empirical,Interval plot,99.22984543376944,2,99.14498048578528,Interval plot,99.14498048578528,0.0,0.0,True,Box plot,0.0086239314388422,0.0086239314388418,4.0072112295064244e-16
CKD__08,five,hard,CKD,empirical,Dot plot,95.92360462209228,1,97.15379126907784,Dot plot,97.15379126907784,0.0,0.0,True,Dot plot,0.0292959100591276,0.0292959100591276,0.0
CKD__08,five,soft,CKD,empirical,Dot plot,96.04238670480076,1,96.77290410031635,Dot plot,96.77290410031635,0.0,0.0,True,Dot plot,0.033347101956746,0.033347101956746,0.0
CKD__08,median,hard,CKD,empirical,Interval plot,99.02582358983938,1,99.965387227563,Box plot,99.965387227563,0.0,0.0,True,Box plot,0.0003462475702535,0.0003462475702535,0.0
CKD__08,median,soft,CKD,empirical,Interval plot,99.02582358983938,1,99.965387227563,Box plot,99.965387227563,0.0,0.0,True,Box plot,0.0003462475702535,0.0003462475702535,0.0
CKD__08,spread,hard,CKD,empirical,Heatmap,99.02967576657667,1,99.02967576657667,Heatmap,99.02967576657667,0.0,0.0,True,Box plot,0.0232159150023654,0.0097983177861803,0.0134175972161851
CKD__08,spread,soft,CKD,empirical,Heatmap,99.02967576657667,1,99.02967576657667,Heatmap,99.02967576657667,0.0,0.0,True,Box plot,0.0147349551565098,0.0097983177861803,0.004936637370329499
CKD__09,five,hard,CKD,empirical,Dot plot,96.15578709451356,1,96.63174618486804,Dot plot,96.63174618486804,0.0,0.0,True,Dot plot,0.0348565968029606,0.0348565968029606,0.0
CKD__09,five,soft,CKD,empirical,Dot plot,94.61839969011436,1,95.6504731719448,Dot plot,95.6504731719448,0.0,0.0,True,Dot plot,0.0454731344636038,0.0454731344636038,0.0
CKD__09,median,hard,CKD,empirical,Interval plot,98.86535537722442,1,99.59172488084045,Interval plot,99.59172488084045,0.0,0.0,True,Box plot,0.0082389969821571,0.0040994883826749,0.004139508599482201
CKD__09,median,soft,CKD,empirical,Interval plot,98.86535537722442,1,99.59172488084045,Interval plot,99.59172488084045,0.0,0.0,True,Box plot,0.0082389969821571,0.0040994883826749,0.004139508599482201
CKD__09,spread,hard,CKD,empirical,Interval plot,98.2629741706952,1,98.37891286755264,Interval plot,98.37891286755264,0.0,0.0,True,Box plot,0.0244139595991294,0.0164779939643144,0.007935965634815002
CKD__09,spread,soft,CKD,empirical,Interval plot,98.2629741706952,2,98.37891286755269,Box plot,98.37891286755269,0.0,0.0,True,Box plot,0.016477993964314,0.016477993964314,0.0
CKD__10,five,hard,CKD,empirical,Heatmap,95.5573305415604,1,95.5573305415604,Dot plot,95.80755906109674,0.0027332101317563,0.2502285195363356,False,Dot plot,0.0437589787276569,0.0464921888594132,-0.0027332101317563
CKD__10,five,soft,CKD,empirical,Heatmap,95.5573305415604,1,95.5573305415604,Dot plot,96.43184967375096,0.009490406374468095,0.8745191321905565,False,Dot plot,0.0370017824849451,0.0464921888594132,-0.009490406374468095
CKD__10,median,hard,CKD,empirical,Box plot,99.56638962453552,2,99.14344989641712,Interval plot,99.40623748374573,0.0026664115664125996,0.26278758732860297,False,Box plot,0.0086395027051992,0.0086395027051992,0.0
CKD__10,median,soft,CKD,empirical,Box plot,99.56638962453552,2,99.14344989641712,Interval plot,99.40623748374573,0.0026664115664125996,0.26278758732860297,False,Box plot,0.0086395027051992,0.0086395027051992,0.0
CKD__10,spread,hard,CKD,empirical,Bar chart,99.99999999999991,1,99.99999999999991,Bar chart,99.99999999999991,0.0,0.0,True,Box plot,0.0259185081155979,6.046031669844307e-16,0.025918508115597295
CKD__10,spread,soft,CKD,empirical,Bar chart,99.99999999999991,1,99.99999999999991,Bar chart,99.99999999999991,0.0,0.0,True,Box plot,0.0086395027052002,6.046031669844307e-16,0.008639502705199595
Cleveland__00,five,hard,Cleveland,empirical,Histogram,96.6875874399544,1,96.7714691123704,Histogram,96.7714691123704,0.0,0.0,True,Dot plot,0.0484357896928235,0.0333624250746947,0.015073364618128797
Cleveland__00,five,soft,Cleveland,empirical,Heatmap,96.61726161426893,1,96.61726161426893,Dot plot,96.99715072424448,0.004053621014238902,0.3798891099755508,False,Dot plot,0.0309581183914606,0.0350117394056995,-0.004053621014238902
Cleveland__00,median,hard,Cleveland,empirical,Interval plot,99.34446531760162,1,99.6823054078302,Interval plot,99.6823054078302,0.0,0.0,True,Box plot,0.0070023236315697,0.003187071074149,0.0038152525574206998
Cleveland__00,median,soft,Cleveland,empirical,Interval plot,99.34446531760162,1,99.6823054078302,Interval plot,99.6823054078302,0.0,0.0,True,Box plot,0.0070023236315697,0.003187071074149,0.0038152525574206998
Cleveland__00,spread,hard,Cleveland,empirical,Interval plot,98.52425341253527,1,98.35674231725716,Violin plot,98.73186671973347,0.003862903262530498,0.37512440247631673,False,Box plot,0.0194095883861532,0.0167071178246467,0.002702470561506503
Cleveland__00,spread,soft,Cleveland,empirical,Box plot,98.5242534125353,2,98.35674231725716,Violin plot,98.75098004427372,0.004058940002347898,0.39423772701655935,False,Box plot,0.0167071178246467,0.0167071178246467,0.0
Cleveland__01,five,hard,Cleveland,empirical,Dot plot,93.87998225603512,1,94.80313426953306,Dot plot,94.80313426953306,0.0,0.0,True,Dot plot,0.0548174463904519,0.0548174463904519,0.0
Cleveland__01,five,soft,Cleveland,empirical,Dot plot,92.20039413202883,1,94.27975766326767,Dot plot,94.27975766326767,0.0,0.0,True,Dot plot,0.0606730700047289,0.0606730700047289,0.0
Cleveland__01,median,hard,Cleveland,empirical,Interval plot,100.0,1,100.0,Box plot,100.0,0.0,0.0,True,Box plot,0.0,0.0,0.0
Cleveland__01,median,soft,Cleveland,empirical,Interval plot,100.0,1,100.0,Box plot,100.0,0.0,0.0,True,Box plot,0.0,0.0,0.0
Cleveland__01,spread,hard,Cleveland,empirical,Interval plot,98.01072044719534,1,99.82622368302228,Interval plot,99.82622368302228,0.0,0.0,True,Box plot,0.0186932402359368,0.00174078824748,0.016952451988456803
Cleveland__01,spread,soft,Cleveland,empirical,Box plot,98.01072044719534,2,99.82622368302228,Box plot,99.82622368302228,0.0,0.0,True,Box plot,0.00174078824748,0.00174078824748,0.0
Cleveland__02,five,hard,Cleveland,empirical,Dot plot,97.8738366593719,1,97.75585538358732,Dot plot,97.75585538358732,0.0,0.0,True,Dot plot,0.0229566260517777,0.0229566260517777,0.0
Cleveland__02,five,soft,Cleveland,empirical,Dot plot,98.490995250324,1,98.38102387350663,Dot plot,98.38102387350663,0.0,0.0,True,Dot plot,0.0164561829380326,0.0164561829380326,0.0
Cleveland__02,median,hard,Cleveland,empirical,Violin plot,99.89774081442236,1,99.93518037154706,Violin plot,99.93518037154706,0.0,0.0,True,Box plot,0.011823679017512,0.0006486167154745,0.0111750623020375
Cleveland__02,median,soft,Cleveland,empirical,Violin plot,99.86347185016612,1,99.86433071243266,Violin plot,99.86433071243266,0.0,0.0,True,Box plot,0.011823679017512,0.0013585359917748,0.0104651430257372
Cleveland__02,spread,hard,Cleveland,empirical,Violin plot,98.73912653150684,1,98.74716066701794,Violin plot,98.74716066701794,0.0,0.0,True,Box plot,0.0203956442921186,0.0126873453830914,0.007708298909027201
Cleveland__02,spread,soft,Cleveland,empirical,Dot plot,98.5343136641848,1,97.9865770736632,Violin plot,98.25513423772476,0.0027894263682029,0.26855716406156205,False,Box plot,0.0253541938291071,0.0205479463255785,0.0048062475035286
Cleveland__03,five,hard,Cleveland,empirical,Violin plot,98.00891007447632,1,97.81626684873258,Dot plot,98.23058668124898,0.004311991544857303,0.4143198325163979,False,Dot plot,0.0180128550437416,0.0223248465885989,-0.004311991544857303
Cleveland__03,five,soft,Cleveland,empirical,Violin plot,98.38103146299682,1,98.06654814242331,Dot plot,98.7108873809204,0.0066562348190119,0.6443392384970821,False,Dot plot,0.0130594775640599,0.0197157123830718,-0.0066562348190119
Cleveland__03,median,hard,Cleveland,empirical,Interval plot,99.45192039536036,1,99.33404938189751,Interval plot,99.33404938189751,0.0,0.0,True,Box plot,0.0090375712814893,0.0067041525262115,0.0023334187552778
Cleveland__03,median,soft,Cleveland,empirical,Interval plot,99.45192039536036,1,99.33404938189751,Interval plot,99.33404938189751,0.0,0.0,True,Box plot,0.0090375712814893,0.0067041525262115,0.0023334187552778
Cleveland__03,spread,hard,Cleveland,empirical,Violin plot,99.66188740254164,1,99.75318604305616,Histogram,99.87726556331651,0.0012453937626299998,0.12407952026035218,False,Box plot,0.0124404654796128,0.0024742463547713,0.0099662191248415
Cleveland__03,spread,soft,Cleveland,empirical,Violin plot,99.93296561665876,1,99.9717819732665,Violin plot,99.9717819732665,0.0,0.0,True,Box plot,0.0100751204423787,0.0002822599155135,0.0097928605268652
Cleveland__04,five,hard,Cleveland,empirical,Violin plot,92.48094652201132,1,92.50759888777915,Dot plot,93.5390436901224,0.011919983591106492,1.0314448023432448,False,Dot plot,0.0690722938250424,0.0809922774161489,-0.011919983591106492
Cleveland__04,five,soft,Cleveland,empirical,Box plot,95.5198110248811,1,95.4970750355586,Box plot,95.4970750355586,0.0,0.0,True,Dot plot,0.0780848303430768,0.0471524909298501,0.0309323394132267
Cleveland__04,median,hard,Cleveland,empirical,Interval plot,99.13645862259408,1,99.65918500293458,Interval plot,99.65918500293458,0.0,0.0,True,Box plot,0.0065234813965295,0.0034198051795766,0.0031036762169528997
Cleveland__04,median,soft,Cleveland,empirical,Interval plot,99.13645862259408,1,99.65918500293458,Interval plot,99.65918500293458,0.0,0.0,True,Box plot,0.0065234813965295,0.0034198051795766,0.0031036762169528997
Cleveland__04,spread,hard,Cleveland,empirical,Violin plot,99.71754327778925,1,99.8531287987698,Violin plot,99.8531287987698,0.0,0.0,True,Box plot,0.0152819618671749,0.0014708723001178,0.0138110895670571
Cleveland__04,spread,soft,Cleveland,empirical,Box plot,99.6928323256614,1,98.92148656853422,Violin plot,99.4459518084379,0.005331371752982,0.5244652399036767,False,Box plot,0.0109027216318526,0.0109027216318526,0.0
HAR__00,five,hard,HAR,empirical,Dot plot,93.4941406592892,1,94.84328249477892,Dot plot,94.84328249477892,0.0,0.0,True,Dot plot,0.0543709303345226,0.0543709303345226,0.0
HAR__00,five,soft,HAR,empirical,Dot plot,90.49871624659228,1,95.25537533490282,Dot plot,95.25537533490282,0.0,0.0,True,Dot plot,0.0498095214933103,0.0498095214933103,0.0
HAR__00,median,hard,HAR,empirical,Dot plot,97.4364795088625,1,94.7588058883391,Interval plot,97.62425212154562,0.030975260302941,2.8654462332065265,False,Box plot,0.0672495774440118,0.0553108923495403,0.011938685094471504
HAR__00,median,soft,HAR,empirical,Dot plot,97.42465070762916,1,98.90048393414268,Dot plot,98.90048393414268,0.0,0.0,True,Box plot,0.0560413145366785,0.0111173982383089,0.0449239162983696
HAR__00,spread,hard,HAR,empirical,Dot plot,85.13000733531072,1,91.84915723926343,Box plot,92.21041718679488,0.004265447999688296,0.3612599475314511,False,Box plot,0.084476169296853,0.0887416172965413,-0.004265447999688296
HAR__00,spread,soft,HAR,empirical,Box plot,80.13696582862063,1,88.54970644619947,Dot plot,88.68903889631103,0.0017741698708585163,0.13933245011156714,False,Box plot,0.1293092209261862,0.1293092209261862,0.0
HAR__01,five,hard,HAR,empirical,Dot plot,95.83359756861792,1,95.161393168637,Dot plot,95.161393168637,0.0,0.0,True,Dot plot,0.0508463219195249,0.0508463219195249,0.0
HAR__01,five,soft,HAR,empirical,Dot plot,96.7880010767895,1,96.70616370314268,Dot plot,96.70616370314268,0.0,0.0,True,Dot plot,0.0340602519087445,0.0340602519087445,0.0
HAR__01,median,hard,HAR,empirical,Box plot,99.66731338718242,2,99.01743612714463,Interval plot,99.1160370939394,0.0010046749335811001,0.09860096679476271,False,Box plot,0.0099231399164253,0.0099231399164253,0.0
HAR__01,median,soft,HAR,empirical,Box plot,99.66731338718242,2,99.01743612714463,Interval plot,99.1160370939394,0.0010046749335811001,0.09860096679476271,False,Box plot,0.0099231399164253,0.0099231399164253,0.0
HAR__01,spread,hard,HAR,empirical,Dot plot,98.6121193277525,1,97.42067132739726,Interval plot,98.17067742107366,0.007842091155379302,0.7500060936764044,False,Box plot,0.021058456010898,0.0264761948101805,-0.0054177387992825
HAR__01,spread,soft,HAR,empirical,Interval plot,98.26680568131718,2,98.17067742107366,Dot plot,99.1279331148275,0.009836715695926599,0.9572556937538366,False,Box plot,0.0186341036548012,0.0186341036548012,0.0
HAR__02,five,hard,HAR,empirical,Dot plot,92.48978876045722,1,93.0187036679204,Dot plot,93.0187036679204,0.0,0.0,True,Dot plot,0.0750526083120126,0.0750526083120126,0.0
HAR__02,five,soft,HAR,empirical,Violin plot,89.33671002304068,1,89.20794426081798,Violin plot,89.20794426081798,0.0,0.0,True,Dot plot,0.1367967190614785,0.1209763976583656,0.015820321403112902
HAR__02,median,hard,HAR,empirical,Interval plot,98.6181242717558,1,98.73552361743468,Box plot,99.9396263116302,0.012202599939921099,1.2041026941955266,False,Box plot,0.0006041016021168,0.0128067015420379,-0.012202599939921099
HAR__02,median,soft,HAR,empirical,Interval plot,98.6181242717558,1,98.73552361743468,Box plot,99.9396263116302,0.012202599939921099,1.2041026941955266,False,Box plot,0.0006041016021168,0.0128067015420379,-0.012202599939921099
HAR__02,spread,hard,HAR,empirical,Dot plot,95.87546267702564,1,93.87018381068351,Interval plot,98.47139111883176,0.04977761213050679,4.601207308148247,False,Box plot,0.0619070917480749,0.0653009927164842,-0.0033939009684092955
HAR__02,spread,soft,HAR,empirical,Box plot,94.94223101506712,1,98.47139111883176,Interval plot,98.47139111883185,9.003214840319629e-16,8.526512829121202e-14,True,Box plot,0.0155233805859774,0.0155233805859774,0.0
HAR__03,five,hard,HAR,empirical,Dot plot,88.71970482751775,1,88.04115497577276,Dot plot,88.04115497577276,0.0,0.0,True,Dot plot,0.1358324414021839,0.1358324414021839,0.0
HAR__03,five,soft,HAR,empirical,Dot plot,90.6129717310973,1,90.95111505676137,Dot plot,90.95111505676137,0.0,0.0,True,Dot plot,0.0994917427630367,0.0994917427630367,0.0
HAR__03,median,hard,HAR,empirical,Interval plot,99.23049543811946,1,99.42103265370297,Interval plot,99.42103265370297,0.0,0.0,True,Box plot,0.0092004207604523,0.0058233889836334,0.003377031776818899
HAR__03,median,soft,HAR,empirical,Interval plot,99.23049543811946,1,99.42103265370297,Interval plot,99.42103265370297,0.0,0.0,True,Box plot,0.0091249975540958,0.0058233889836334,0.0033016085704623997
HAR__03,spread,hard,HAR,empirical,Box plot,99.88647470495388,1,98.41539369570604,Box plot,98.41539369570604,0.0,0.0,True,Box plot,0.0161012037323495,0.0161012037323495,0.0
HAR__03,spread,soft,HAR,empirical,Box plot,98.13808539712755,1,97.72970498644302,Box plot,97.72970498644302,0.0,0.0,True,Box plot,0.0232303475578067,0.0232303475578067,0.0
HAR__04,five,hard,HAR,empirical,Dot plot,91.97820692400224,1,93.69963689367518,Dot plot,93.69963689367518,0.0,0.0,True,Dot plot,0.0672399948942611,0.0672399948942611,0.0
HAR__04,five,soft,HAR,empirical,Dot plot,92.99973064930214,1,93.1095541092251,Dot plot,93.1095541092251,0.0,0.0,True,Dot plot,0.0740036396554088,0.0740036396554088,0.0
HAR__04,median,hard,HAR,empirical,Violin plot,99.47808739537452,1,99.49610431341216,Violin plot,99.49610431341216,0.0,0.0,True,Box plot,0.0120679038463949,0.0050644765447357,0.0070034273016592
HAR__04,median,soft,HAR,empirical,Interval plot,98.76745069461494,1,99.15749357671524,Violin plot,99.7748104863445,0.0062396714333654,0.6173169096292668,False,Box plot,0.0120679038463949,0.0084966490468313,0.0035712547995636005
HAR__04,spread,hard,HAR,empirical,Dot plot,97.01045727502236,1,96.4694361397816,Box plot,98.69092160794536,0.0233333197234458,2.221485468163749,False,Box plot,0.013264425650568,0.0365977453740138,-0.0233333197234458
HAR__04,spread,soft,HAR,empirical,Box plot,98.1399013363868,1,98.189178182598,Box plot,98.189178182598,0.0,0.0,True,Box plot,0.0184421730675298,0.0184421730675298,0.0
HAR__05,five,hard,HAR,empirical,Dot plot,92.90583952832574,1,91.91467136952018,Dot plot,91.91467136952018,0.0,0.0,True,Dot plot,0.0879655936316713,0.0879655936316713,0.0
HAR__05,five,soft,HAR,empirical,Dot plot,89.50091743376086,1,92.95398486037652,Dot plot,92.95398486037652,0.0,0.0,True,Dot plot,0.0758011090133158,0.0758011090133158,0.0
HAR__05,median,hard,HAR,empirical,Interval plot,99.1898024521843,1,98.8656823909526,Interval plot,98.8656823909526,0.0,0.0,True,Box plot,0.0148833628245353,0.0114733199793419,0.0034100428451934
HAR__05,median,soft,HAR,empirical,Interval plot,99.1898024521843,1,98.8656823909526,Interval plot,98.8656823909526,0.0,0.0,True,Box plot,0.0148209244083156,0.0114733199793419,0.003347604428973699
HAR__05,spread,hard,HAR,empirical,Dot plot,96.13325416493258,1,98.22166181726058,Dot plot,98.22166181726058,0.0,0.0,True,Box plot,0.0192310321957225,0.018105356291446,0.0011256759042765005
HAR__05,spread,soft,HAR,empirical,Dot plot,97.94621918171072,1,98.20660309681232,Dot plot,98.20660309681232,0.0,0.0,True,Box plot,0.0384620643914439,0.018261469663295,0.0202005947281489
HAR__06,five,hard,HAR,empirical,Dot plot,91.26949826939128,1,94.10305044583129,Dot plot,94.10305044583129,0.0,0.0,True,Dot plot,0.0626648076362116,0.0626648076362116,0.0
HAR__06,five,soft,HAR,empirical,Dot plot,89.64279795833671,1,90.23727102904736,Dot plot,90.23727102904736,0.0,0.0,True,Dot plot,0.1081895414125501,0.1081895414125501,0.0
HAR__06,median,hard,HAR,empirical,Dot plot,98.19428828843206,1,96.65516238473045,Interval plot,98.71913079114996,0.021631003499424102,2.0639684064195194,False,Box plot,0.0145765053718891,0.0346058868739531,-0.020029381502064
HAR__06,median,soft,HAR,empirical,Interval plot,97.89468291950092,1,98.71913079114996,Interval plot,98.71913079114996,0.0,0.0,True,Box plot,0.0145765053718891,0.012974883374529,0.0016016219973601
HAR__06,spread,hard,HAR,empirical,Violin plot,97.37087066371716,1,96.684732911707,Violin plot,96.684732911707,0.0,0.0,True,Box plot,0.0368136953432912,0.0342894579987154,0.002524237344575804
HAR__06,spread,soft,HAR,empirical,Violin plot,96.6766712133638,1,96.39834210389162,Dot plot,96.49643219626056,0.0010544945085202984,0.09809009236893473,False,Box plot,0.0437295161156679,0.0373622389918983,0.006367277123769603
HAR__07,five,hard,HAR,empirical,Dot plot,91.7121963284243,1,92.1293451650878,Dot plot,92.1293451650878,0.0,0.0,True,Dot plot,0.085430487113619,0.085430487113619,0.0
HAR__07,five,soft,HAR,empirical,Dot plot,97.12338255659714,1,94.7780644999437,Interval plot,95.4210341140584,0.007109490771454605,0.6429696141147048,False,Dot plot,0.0550964564175017,0.0550964564175017,0.0
HAR__07,median,hard,HAR,empirical,Interval plot,98.97872260981308,1,99.3755762340077,Interval plot,99.3755762340077,0.0,0.0,True,Box plot,0.0077765158584038,0.0062834731596618,0.001493042698742
HAR__07,median,soft,HAR,empirical,Dot plot,99.08240569663124,1,99.42261882365624,Dot plot,99.42261882365624,0.0,0.0,True,Box plot,0.0077765158584038,0.0058073422645186,0.0019691735938852
HAR__07,spread,hard,HAR,empirical,Interval plot,98.28687487341294,1,97.67463647755636,Interval plot,97.67463647755636,0.0,0.0,True,Box plot,0.0242849326277018,0.0238072401014564,0.00047769252624539973
HAR__07,spread,soft,HAR,empirical,Box plot,98.28687487341298,2,97.67463647755632,Dot plot,98.48954507753793,0.008471044556305702,0.8149085999816066,False,Box plot,0.0238072401014567,0.0238072401014567,0.0
HAR__08,five,hard,HAR,empirical,Histogram,92.72087233645748,1,92.66955733124752,Dot plot,93.58717260832348,0.01058052505734211,0.9176152770759671,False,Dot plot,0.0685225038105935,0.0791030288679356,-0.01058052505734211
HAR__08,five,soft,HAR,empirical,Dot plot,96.00008744650091,1,95.2813533457562,Dot plot,95.2813533457562,0.0,0.0,True,Dot plot,0.0495232958868751,0.0495232958868751,0.0
HAR__08,median,hard,HAR,empirical,Interval plot,99.38651470967172,1,99.66754454458226,Interval plot,99.66754454458226,0.0,0.0,True,Box plot,0.006989500722651,0.003335644084911,0.0036538566377399997
HAR__08,median,soft,HAR,empirical,Interval plot,99.38651470967172,1,99.66754454458226,Interval plot,99.66754454458226,0.0,0.0,True,Box plot,0.006989500722651,0.003335644084911,0.0036538566377399997
HAR__08,spread,hard,HAR,empirical,Interval plot,97.75912313252678,1,99.05795675209323,Interval plot,99.05795675209323,0.0,0.0,True,Box plot,0.0209685021679532,0.0095100209896755,0.0114584811782777
HAR__08,spread,soft,HAR,empirical,Dot plot,99.3058075187144,1,96.59941302503424,Box plot,99.0579567520932,0.025692956631777,2.4585437270589665,False,Box plot,0.0095100209896759,0.0352029776214529,-0.025692956631777
HAR__09,five,hard,HAR,empirical,Violin plot,81.01481670634064,1,75.95300081544566,Dot plot,81.11678754717089,0.0838132375975981,5.163786731725224,False,Dot plot,0.2327904373906348,0.3166036749882329,-0.0838132375975981
HAR__09,five,soft,HAR,empirical,Violin plot,77.09871758108605,1,74.16350592967608,Dot plot,77.98326290039607,0.066045628529663,3.819756970719993,False,Dot plot,0.2823264413509441,0.3483720698806071,-0.066045628529663
HAR__09,median,hard,HAR,empirical,Violin plot,92.15512803053056,1,87.71800194460367,Violin plot,87.71800194460367,0.0,0.0,True,Box plot,0.3324366648006974,0.1400168469768926,0.1924198178238048
HAR__09,median,soft,HAR,empirical,Violin plot,90.96423237682698,1,86.96033903728575,Violin plot,86.96033903728575,0.0,0.0,True,Box plot,0.3324366648006974,0.149949518447982,0.1824871463527154
HAR__09,spread,hard,HAR,empirical,Violin plot,87.97570671687616,1,75.82092789065443,Box plot,79.31961491520758,0.0581748674283184,3.498687024553149,False,Box plot,0.260722207324124,0.3188970747524424,-0.0581748674283184
HAR__09,spread,soft,HAR,empirical,Violin plot,73.91256306716664,1,69.10752502007782,Dot plot,74.26544024024156,0.1004990831945437,5.157915220163744,False,Box plot,0.4471200557144719,0.4470204217405702,9.963397390166939e-05
HAR__10,five,hard,HAR,empirical,Dot plot,84.92499140636497,1,88.05080911067911,Dot plot,88.05080911067911,0.0,0.0,True,Dot plot,0.1357079055832508,0.1357079055832508,0.0
HAR__10,five,soft,HAR,empirical,Dot plot,84.7789880116314,1,89.2018620353861,Dot plot,89.2018620353861,0.0,0.0,True,Dot plot,0.1210528313896667,0.1210528313896667,0.0
HAR__10,median,hard,HAR,empirical,Violin plot,98.13909683729814,1,96.85864854974275,Violin plot,96.85864854974275,0.0,0.0,True,Box plot,0.1665799888526052,0.0324323279055866,0.13414766094701858
HAR__10,median,soft,HAR,empirical,Violin plot,99.08546465918135,1,96.429826257692,Violin plot,96.429826257692,0.0,0.0,True,Box plot,0.1665799888526052,0.0370235422053682,0.12955644664723698
HAR__10,spread,hard,HAR,empirical,Dot plot,74.15514867078325,1,76.5227138639847,Box plot,85.59964744990232,0.13857242528073083,9.076933585917615,False,Box plot,0.1682291105056894,0.3068015357864202,-0.13857242528073083
HAR__10,spread,soft,HAR,empirical,Box plot,70.59253163999846,1,85.59964744990233,Box plot,85.59964744990233,0.0,0.0,True,Box plot,0.1682291105056893,0.1682291105056893,0.0
HAR__11,five,hard,HAR,empirical,Violin plot,87.88244564807806,1,87.31321981171645,Dot plot,92.36590018152232,0.0626513098033656,5.05268036980587,False,Dot plot,0.0826506297613593,0.1453019395647249,-0.0626513098033656
HAR__11,five,soft,HAR,empirical,Dot plot,85.77393264969498,1,89.15121825905844,Dot plot,89.15121825905844,0.0,0.0,True,Dot plot,0.1216896633921123,0.1216896633921123,0.0
HAR__11,median,hard,HAR,empirical,Interval plot,91.60899610032338,1,93.0034779039375,Interval plot,93.0034779039375,0.0,0.0,True,Box plot,0.0792624864131397,0.075228607077352,0.004033879335787693
HAR__11,median,soft,HAR,empirical,Interval plot,91.60899610032338,1,93.0034779039375,Interval plot,93.0034779039375,0.0,0.0,True,Box plot,0.0792624864131397,0.075228607077352,0.004033879335787693
HAR__11,spread,hard,HAR,empirical,Violin plot,98.65460955155784,1,99.36221380311744,Violin plot,99.36221380311744,0.0,0.0,True,Box plot,0.1587852765583406,0.0064188001904458,0.1523664763678948
HAR__11,spread,soft,HAR,empirical,Violin plot,99.47553074669734,1,99.15177359982069,Violin plot,99.15177359982069,0.0,0.0,True,Box plot,0.2381779148375126,0.0085548283140429,0.22962308652346972
HAR__12,five,hard,HAR,empirical,Dot plot,93.2440143922315,1,93.19845477817144,Dot plot,93.19845477817144,0.0,0.0,True,Dot plot,0.0729791629916763,0.0729791629916763,0.0
HAR__12,five,soft,HAR,empirical,Dot plot,95.26736311822852,1,94.23617837410598,Dot plot,94.23617837410598,0.0,0.0,True,Dot plot,0.0611635756600016,0.0611635756600016,0.0
HAR__12,median,hard,HAR,empirical,Interval plot,99.22557519790702,1,99.45269427067042,Interval plot,99.45269427067042,0.0,0.0,True,Box plot,,0.0055031764935401,
HAR__12,median,soft,HAR,empirical,Interval plot,99.22557519790702,1,99.45269427067042,Interval plot,99.45269427067042,0.0,0.0,True,Box plot,0.0095411726928021,0.0055031764935401,0.0040379961992619996
HAR__12,spread,hard,HAR,empirical,Dot plot,95.01527936024412,1,94.66468517789976,Dot plot,94.66468517789976,0.0,0.0,True,Box plot,,0.0563601390748174,
HAR__12,spread,soft,HAR,empirical,Dot plot,97.343710400095,1,96.2115526616994,Box plot,97.4025673332576,0.012709237159747498,1.191014671558193,False,Box plot,0.0266669836109701,0.0393762207707176,-0.012709237159747498
HAR__13,five,hard,HAR,empirical,Dot plot,90.05666051434562,1,94.2097030851508,Dot plot,94.2097030851508,0.0,0.0,True,Dot plot,0.061461789234339,0.061461789234339,0.0
HAR__13,five,soft,HAR,empirical,Heatmap,89.64375609473099,1,89.64375609473099,Dot plot,90.00314204116648,0.0044543401050540915,0.35938594643549493,False,Dot plot,0.1110723218336206,0.1155266619386747,-0.0044543401050540915
HAR__13,median,hard,HAR,empirical,Interval plot,99.58998522626128,1,99.69618068527218,Violin plot,99.84022026888496,0.0014470975417089002,0.14403958361278058,False,Box plot,0.0070831471560556,0.0030474518947415,0.004035695261314099
HAR__13,median,soft,HAR,empirical,Violin plot,99.7468538409523,1,99.99122186953502,Violin plot,99.99122186953502,0.0,0.0,True,Box plot,0.0070326024390741,8.778901088364996e-05,0.0069448134281904494
HAR__13,spread,hard,HAR,empirical,Box plot,97.66527976492084,1,98.35756551769109,Box plot,98.35756551769109,0.0,0.0,True,Box plot,0.0166986085276125,0.0166986085276125,0.0
HAR__13,spread,soft,HAR,empirical,Box plot,97.10535740650296,1,98.46708676203072,Box plot,98.46708676203072,0.0,0.0,True,Box plot,0.0155677728302651,0.0155677728302651,0.0
HAR__14,five,hard,HAR,empirical,Dot plot,94.59108409028065,1,92.93832406768225,Dot plot,92.93832406768225,0.0,0.0,True,Dot plot,0.0759823894303829,0.0759823894303829,0.0
HAR__14,five,soft,HAR,empirical,Dot plot,95.03320659996687,1,93.78212141645194,Dot plot,93.78212141645194,0.0,0.0,True,Dot plot,0.0663013215060121,0.0663013215060121,0.0
HAR__14,median,hard,HAR,empirical,Interval plot,99.41139888602456,1,99.60794784710023,Interval plot,99.60794784710023,0.0,0.0,True,Box plot,0.0073857974235071,0.0039359525155719,0.0034498449079352006
HAR__14,median,soft,HAR,empirical,Interval plot,99.41139888602456,1,99.60794784710023,Interval plot,99.60794784710023,0.0,0.0,True,Box plot,0.0073857974235071,0.0039359525155719,0.0034498449079352006
HAR__14,spread,hard,HAR,empirical,Heatmap,97.13515365059384,1,97.13515365059384,Box plot,99.52334009107128,0.0247039758336108,2.3881864404774404,False,Box plot,0.0047894283742141,0.0294934042078249,-0.0247039758336108
HAR__14,spread,soft,HAR,empirical,Box plot,97.58282455913869,1,98.96479722084467,Box plot,98.96479722084467,0.0,0.0,True,Box plot,0.0104603132449734,0.0104603132449734,0.0
HAR__15,five,hard,HAR,empirical,Dot plot,95.70303087113892,1,93.5913770719738,Dot plot,93.5913770719738,0.0,0.0,True,Dot plot,0.068474501909485,0.068474501909485,0.0
HAR__15,five,soft,HAR,empirical,Dot plot,97.40174598752202,1,96.59049605624726,Dot plot,96.59049605624726,0.0,0.0,True,Dot plot,0.0352985447115552,0.0352985447115552,0.0
HAR__15,median,hard,HAR,empirical,Interval plot,98.89898576412428,1,99.35648430769164,Interval plot,99.35648430769164,0.0,0.0,True,Box plot,0.0159408961165931,0.0064768363815641,0.009464059735029
HAR__15,median,soft,HAR,empirical,Interval plot,98.89898576412428,1,99.35648430769164,Interval plot,99.35648430769164,0.0,0.0,True,Box plot,0.0159408961165931,0.0064768363815641,0.009464059735029
HAR__15,spread,hard,HAR,empirical,Box plot,98.29324905418154,1,97.90986468100274,Box plot,97.90986468100274,0.0,0.0,True,Box plot,0.0213475457841462,0.0213475457841462,0.0
HAR__15,spread,soft,HAR,empirical,Box plot,96.7348002103264,1,96.89722313902456,Box plot,96.89722313902456,0.0,0.0,True,Box plot,0.0320213186762192,0.0320213186762192,0.0
HAR__16,five,hard,HAR,empirical,Dot plot,93.72424858287252,1,94.48838301365706,Dot plot,94.48838301365706,0.0,0.0,True,Dot plot,0.0583311599855223,0.0583311599855223,0.0
HAR__16,five,soft,HAR,empirical,Dot plot,95.14308548248935,1,94.78704903250129,Dot plot,94.78704903250129,0.0,0.0,True,Dot plot,0.0549964475179649,0.0549964475179649,0.0
HAR__16,median,hard,HAR,empirical,Interval plot,99.392745047514,1,99.38784257593348,Interval plot,99.38784257593348,0.0,0.0,True,Box plot,0.0161996814696613,0.0061592787226347,0.0100404027470266
HAR__16,median,soft,HAR,empirical,Interval plot,99.392745047514,1,99.38784257593348,Interval plot,99.38784257593348,0.0,0.0,True,Box plot,0.013499734558051,0.0061592787226347,0.0073404558354163004
HAR__16,spread,hard,HAR,empirical,Box plot,98.31397117431511,1,99.82424177869984,Box plot,99.82424177869984,0.0,0.0,True,Box plot,0.0017606767471351,0.0017606767471351,0.0
HAR__16,spread,soft,HAR,empirical,Dot plot,98.15252458200384,1,95.7792968393258,Box plot,98.75953438483324,0.0315065031031125,2.9802375455074497,False,Box plot,0.0125604643935753,0.0440669674966878,-0.0315065031031125
HAR__17,five,hard,HAR,empirical,Dot plot,91.8932802177808,1,82.34692286521854,Heatmap,84.09032950049722,0.02517707451172871,1.7434066352786743,False,Dot plot,0.2143744601565157,0.2143744601565157,0.0
HAR__17,five,soft,HAR,empirical,Dot plot,90.33510819689698,1,92.10925773812517,Dot plot,92.10925773812517,0.0,0.0,True,Dot plot,0.0856672006228617,0.0856672006228617,0.0
HAR__17,median,hard,HAR,empirical,Interval plot,99.37374855994716,1,99.40329183837709,Interval plot,99.40329183837709,0.0,0.0,True,Box plot,0.0140971561823641,0.0060029014189302,0.008094254763433902
HAR__17,median,soft,HAR,empirical,Interval plot,99.37374855994716,1,99.40329183837709,Interval plot,99.40329183837709,0.0,0.0,True,Box plot,0.0140358624571691,0.0060029014189302,0.0080329610382389
HAR__17,spread,hard,HAR,empirical,Box plot,97.32208851816148,1,99.05056334847048,Box plot,99.05056334847048,0.0,0.0,True,Box plot,0.0095853735651083,0.0095853735651083,0.0
HAR__17,spread,soft,HAR,empirical,Box plot,97.46181888639154,1,99.97078056324762,Box plot,99.97078056324762,0.0,0.0,True,Box plot,0.0002922797700264,0.0002922797700264,0.0
HAR__18,five,hard,HAR,empirical,Dot plot,93.93617207681456,1,91.87138010482391,Dot plot,91.87138010482391,0.0,0.0,True,Dot plot,0.0884782604321548,0.0884782604321548,0.0
HAR__18,five,soft,HAR,empirical,Dot plot,91.34734768742472,1,93.42673089152431,Dot plot,93.42673089152431,0.0,0.0,True,Dot plot,0.0703574774130515,0.0703574774130515,0.0
HAR__18,median,hard,HAR,empirical,Heatmap,99.951798979565,1,99.951798979565,Heatmap,99.951798979565,0.0,0.0,True,Box plot,0.0142049755719193,0.0004822426502282,0.0137227329216911
HAR__18,median,soft,HAR,empirical,Heatmap,99.951798979565,1,99.951798979565,Heatmap,99.951798979565,0.0,0.0,True,Box plot,0.0142049755719193,0.0004822426502282,0.0137227329216911
HAR__18,spread,hard,HAR,empirical,Dot plot,96.3511971940769,1,98.08971113993184,Box plot,98.10938830331854,0.00020446946854639839,0.019677163386703,False,Box plot,0.019270446278152,0.0194749157466984,-0.00020446946854639839
HAR__18,spread,soft,HAR,empirical,Box plot,96.5323655568659,1,98.10938830331854,Dot plot,99.07040355874727,0.009887256063311601,0.9610152554287339,False,Box plot,0.019270446278152,0.019270446278152,0.0
HAR__19,five,hard,HAR,empirical,Dot plot,83.17038993661141,1,85.69443644666407,Dot plot,85.69443644666407,0.0,0.0,True,Dot plot,0.1669368998329275,0.1669368998329275,0.0
HAR__19,five,soft,HAR,empirical,Dot plot,93.60669429333716,1,92.70287520037992,Dot plot,92.70287520037992,0.0,0.0,True,Dot plot,0.0787151939338141,0.0787151939338141,0.0
HAR__19,median,hard,HAR,empirical,Interval plot,99.21436773581794,1,99.78699955381306,Interval plot,99.78699955381306,0.0,0.0,True,Box plot,0.0106038988398407,0.0021345510651623,0.0084693477746784
HAR__19,median,soft,HAR,empirical,Dot plot,99.86813799332732,1,99.57432627637982,Interval plot,99.78699955381306,0.0021403834439467995,0.2126732774332396,False,Box plot,0.0106038988398407,0.0042749345091091,0.0063289643307315995
HAR__19,spread,hard,HAR,empirical,Dot plot,98.26624556611738,1,98.53357321687233,Dot plot,98.53357321687233,0.0,0.0,True,Box plot,0.0229665421576839,0.0148825089282011,0.0080840332294828
HAR__19,spread,soft,HAR,empirical,Box plot,98.30886503174288,1,99.64948404041624,Box plot,99.64948404041624,0.0,0.0,True,Box plot,0.0035174889560049,0.0035174889560049,0.0
HAR__20,five,hard,HAR,empirical,Dot plot,93.0161128080215,1,94.21398720627975,Dot plot,94.21398720627975,0.0,0.0,True,Dot plot,0.061413522188079,0.061413522188079,0.0
HAR__20,five,soft,HAR,empirical,Dot plot,95.78514990473036,1,94.95826791853092,Dot plot,94.95826791853092,0.0,0.0,True,Dot plot,0.0530941874992351,0.0530941874992351,0.0
HAR__20,median,hard,HAR,empirical,Dot plot,99.1542536688811,1,97.1377340808382,Interval plot,99.08173350650924,0.0201982883315309,1.9439994256710378,False,Box plot,0.0155523964536521,0.0294660560722965,-0.0139136596186444
HAR__20,median,soft,HAR,empirical,Dot plot,99.21240702046563,1,99.49313404794538,Dot plot,99.49313404794538,0.0,0.0,True,Box plot,0.0155523964536521,0.0050944817137871,0.010457914739865
HAR__20,spread,hard,HAR,empirical,Dot plot,96.46539420395766,1,95.88288349054626,Box plot,96.76900185145912,0.009550242249479104,0.8861183609128602,False,Box plot,0.0333887720935729,0.042939014343052,-0.009550242249479104
HAR__20,spread,soft,HAR,empirical,Dot plot,96.92154634925308,1,96.9624135494571,Box plot,97.61139220107884,0.006856879011875299,0.6489786516217464,False,Box plot,0.0244705842736125,0.0313274632854878,-0.006856879011875299
HAR__21,five,hard,HAR,empirical,Dot plot,90.29025247443606,1,86.21426264216922,Dot plot,86.21426264216922,0.0,0.0,True,Dot plot,0.1599008903555581,0.1599008903555581,0.0
HAR__21,five,soft,HAR,empirical,Dot plot,86.01710610607701,1,85.76276289508242,Dot plot,85.76276289508242,0.0,0.0,True,Dot plot,0.1660072113387327,0.1660072113387327,0.0
HAR__21,median,hard,HAR,empirical,Violin plot,99.27028980180977,1,98.6593561542358,Interval plot,99.3962651810502,0.007514594208399499,0.7369090268144021,False,Box plot,0.0159311109237653,0.0135886133664643,0.0023424975573009994
HAR__21,median,soft,HAR,empirical,Violin plot,99.76713326516705,1,98.9698415340808,Interval plot,99.3962651810502,0.004334792758285,0.42642364696939694,False,Box plot,0.0158642086481834,0.0104088119163498,0.0054553967318336
HAR__21,spread,hard,HAR,empirical,Box plot,99.86313920744232,1,98.40871022463725,Box plot,98.40871022463725,0.0,0.0,True,Box plot,0.016170212694896,0.016170212694896,0.0
HAR__21,spread,soft,HAR,empirical,Box plot,98.3761936569206,1,98.8401577463146,Box plot,98.8401577463146,0.0,0.0,True,Box plot,0.0117345245103947,0.0117345245103947,0.0
HAR__22,five,hard,HAR,empirical,Dot plot,95.27498006751176,1,96.23058027102364,Dot plot,96.23058027102364,0.0,0.0,True,Dot plot,0.0391707055944188,0.0391707055944188,0.0
HAR__22,five,soft,HAR,empirical,Dot plot,96.62078795806546,1,96.66437138969538,Dot plot,96.66437138969538,0.0,0.0,True,Dot plot,0.0345073222155171,0.0345073222155171,0.0
HAR__22,median,hard,HAR,empirical,Interval plot,99.26122628168308,1,99.43740087127271,Interval plot,99.43740087127271,0.0,0.0,True,Box plot,0.0097428332129951,0.0056578221453675,0.0040850110676276
HAR__22,median,soft,HAR,empirical,Interval plot,99.26122628168308,1,99.43740087127271,Interval plot,99.43740087127271,0.0,0.0,True,Box plot,0.0097428332129951,0.0056578221453675,0.0040850110676276
HAR__22,spread,hard,HAR,empirical,Box plot,95.99214964416316,1,99.2573374968486,Box plot,99.2573374968486,0.0,0.0,True,Box plot,0.0074821924693979,0.0074821924693979,0.0
HAR__22,spread,soft,HAR,empirical,Box plot,97.29192118057532,1,98.73574834211604,Box plot,98.73574834211604,0.0,0.0,True,Box plot,0.0128043963722578,0.0128043963722578,0.0
HAR__23,five,hard,HAR,empirical,Dot plot,92.52361015435176,1,91.4476392992825,Dot plot,91.4476392992825,0.0,0.0,True,Dot plot,0.0935219407110994,0.0935219407110994,0.0
HAR__23,five,soft,HAR,empirical,Dot plot,93.5548807897108,1,93.00150616178902,Dot plot,93.00150616178902,0.0,0.0,True,Dot plot,0.0752514031980957,0.0752514031980957,0.0
HAR__23,median,hard,HAR,empirical,Interval plot,98.7805139145664,1,98.81285922493758,Box plot,98.91898034790572,0.0010856972552100996,0.10612112296813336,False,Box plot,0.0109283339586828,0.0120140312138929,-0.0010856972552100996
HAR__23,median,soft,HAR,empirical,Interval plot,98.7805139145664,1,98.81285922493758,Box plot,98.91898034790572,0.0010856972552100996,0.10612112296813336,False,Box plot,0.0109283339586828,0.0120140312138929,-0.0010856972552100996
HAR__23,spread,hard,HAR,empirical,Box plot,97.02843141920604,1,97.29175563185724,Box plot,97.29175563185724,0.0,0.0,True,Box plot,0.0278363192292521,0.0278363192292521,0.0
HAR__23,spread,soft,HAR,empirical,Box plot,95.60790419825064,1,98.24493536546224,Box plot,98.24493536546224,0.0,0.0,True,Box plot,0.0178641741481031,0.0178641741481031,0.0
HAR__24,five,hard,HAR,empirical,Dot plot,92.98224802741336,1,94.45527502418086,Dot plot,94.45527502418086,0.0,0.0,True,Dot plot,0.0587021209180711,0.0587021209180711,0.0
HAR__24,five,soft,HAR,empirical,Dot plot,95.26312714908804,1,95.23659589827918,Dot plot,95.23659589827918,0.0,0.0,True,Dot plot,0.0500165304817127,0.0500165304817127,0.0
HAR__24,median,hard,HAR,empirical,Interval plot,99.41395721801555,1,99.304350254209,Interval plot,99.304350254209,0.0,0.0,True,Box plot,0.0131867085067802,0.0070052293178518,0.006181479188928399
HAR__24,median,soft,HAR,empirical,Interval plot,99.41395721801555,1,99.304350254209,Interval plot,99.304350254209,0.0,0.0,True,Box plot,0.0131867085067802,0.0070052293178518,0.006181479188928399
HAR__24,spread,hard,HAR,empirical,Heatmap,85.25964652806647,1,85.25964652806647,Box plot,97.52991522804926,0.14756137679321898,12.270268699982793,False,Box plot,0.0253264320611278,0.1728878088543468,-0.14756137679321898
HAR__24,spread,soft,HAR,empirical,Box plot,95.52669220569771,1,96.69720594786176,Box plot,96.69720594786176,0.0,0.0,True,Box plot,0.0341560443216848,0.0341560443216848,0.0
HAR__25,five,hard,HAR,empirical,Dot plot,92.63324237694664,1,91.63523899755926,Dot plot,91.63523899755926,0.0,0.0,True,Dot plot,0.0912832344188412,0.0912832344188412,0.0
HAR__25,five,soft,HAR,empirical,Dot plot,94.78910322893758,1,93.37769359422133,Dot plot,93.37769359422133,0.0,0.0,True,Dot plot,0.0709195756596468,0.0709195756596468,0.0
HAR__25,median,hard,HAR,empirical,Interval plot,99.1506722800116,1,99.5575402070285,Interval plot,99.5575402070285,0.0,0.0,True,Box plot,0.0068662544044666,0.004444262002169,0.0024219924022976
HAR__25,median,soft,HAR,empirical,Interval plot,99.1506722800116,1,99.5575402070285,Interval plot,99.5575402070285,0.0,0.0,True,Box plot,0.0068662544044666,0.004444262002169,0.0024219924022976
HAR__25,spread,hard,HAR,empirical,Box plot,97.52874302454002,1,99.20921256266186,Box plot,99.20921256266186,0.0,0.0,True,Box plot,0.0079709073070072,0.0079709073070072,0.0
HAR__25,spread,soft,HAR,empirical,Box plot,97.52874302453996,1,98.90842247732373,Box plot,98.90842247732373,0.0,0.0,True,Box plot,0.0110362443898701,0.0110362443898701,0.0
HAR__26,five,hard,HAR,empirical,Dot plot,94.46588214669588,1,91.69438981096512,Dot plot,91.69438981096512,0.0,0.0,True,Dot plot,0.090579262331725,0.090579262331725,0.0
HAR__26,five,soft,HAR,empirical,Dot plot,96.8531140774078,1,95.53108295827862,Dot plot,95.53108295827862,0.0,0.0,True,Dot plot,0.046779717169888,0.046779717169888,0.0
HAR__26,median,hard,HAR,empirical,Interval plot,99.20039789041576,1,99.51555707468304,Interval plot,99.51555707468304,0.0,0.0,True,Box plot,0.0093900832812486,0.0048680119928728,0.0045220712883758
HAR__26,median,soft,HAR,empirical,Interval plot,99.20039789041576,1,99.51555707468304,Interval plot,99.51555707468304,0.0,0.0,True,Box plot,0.0093900832812486,0.0048680119928728,0.0045220712883758
HAR__26,spread,hard,HAR,empirical,Dot plot,95.30066998940572,1,84.08330085746879,Box plot,98.38383002796776,0.17286960130083762,14.300529170498976,False,Box plot,0.0164271910493096,0.1892967923501472,-0.17286960130083762
HAR__26,spread,soft,HAR,empirical,Dot plot,95.5905880254144,1,94.92051558530063,Box plot,98.3838300279678,0.0370858391252336,3.463314442667169,False,Box plot,0.0164271910493092,0.0535130301745428,-0.0370858391252336
HAR__27,five,hard,HAR,empirical,Dot plot,93.10949078485604,1,94.58307838716571,Dot plot,94.58307838716571,0.0,0.0,True,Dot plot,0.0572715723066309,0.0572715723066309,0.0
HAR__27,five,soft,HAR,empirical,Dot plot,94.30634640678288,1,94.0930133117318,Dot plot,94.0930133117318,0.0,0.0,True,Dot plot,0.0627781647155699,0.0627781647155699,0.0
HAR__27,median,hard,HAR,empirical,Interval plot,98.96386065465444,1,99.32279167098974,Interval plot,99.32279167098974,0.0,0.0,True,Box plot,0.0170274895799074,0.0068182570950435,0.0102092324848639
HAR__27,median,soft,HAR,empirical,Interval plot,98.96386065465444,1,99.32279167098974,Interval plot,99.32279167098974,0.0,0.0,True,Box plot,0.0169578705161366,0.0068182570950435,0.010139613421093098
HAR__27,spread,hard,HAR,empirical,Box plot,97.73542376178293,1,97.29926813037416,Dot plot,98.15686195545754,0.008979484519093302,0.8575938250833843,False,Box plot,0.027756959754384,0.027756959754384,0.0
HAR__27,spread,soft,HAR,empirical,Box plot,96.18771699976968,1,96.29474243813594,Dot plot,97.56356223330717,0.0135054705683098,1.2688197951712255,False,Box plot,0.038478295575114,0.038478295575114,0.0
HAR__28,five,hard,HAR,empirical,Dot plot,94.84994646075933,1,96.26658672994904,Dot plot,96.26658672994904,0.0,0.0,True,Dot plot,0.0387820260058048,0.0387820260058048,0.0
HAR__28,five,soft,HAR,empirical,Dot plot,93.51170436339116,1,92.88858531797618,Dot plot,92.88858531797618,0.0,0.0,True,Dot plot,0.0765585422329344,0.0765585422329344,0.0
HAR__28,median,hard,HAR,empirical,Interval plot,99.03761704996796,1,99.41098891629986,Interval plot,99.41098891629986,0.0,0.0,True,Box plot,0.0144540086366395,0.0059250098014423,0.0085289988351972
HAR__28,median,soft,HAR,empirical,Interval plot,99.03761704996796,1,99.41098891629986,Interval plot,99.41098891629986,0.0,0.0,True,Box plot,0.0144540086366395,0.0059250098014423,0.0085289988351972
HAR__28,spread,hard,HAR,empirical,Dot plot,97.49539239254788,1,97.75921483965898,Dot plot,97.75921483965898,0.0,0.0,True,Box plot,0.027950260134023,0.022921472559045,0.005028787574977999
HAR__28,spread,soft,HAR,empirical,Dot plot,98.97112022911062,1,99.2763799712922,Dot plot,99.2763799712922,0.0,0.0,True,Box plot,0.0372670135120306,0.0072889445497213,0.0299780689623093
HAR__29,five,hard,HAR,empirical,Box plot,92.9072994045358,1,93.24147108807088,Box plot,93.24147108807088,0.0,0.0,True,Dot plot,0.0825708927875981,0.0724841514517222,0.010086741335875907
HAR__29,five,soft,HAR,empirical,Dot plot,93.98293516161392,1,92.49353325338984,Box plot,92.76381788207412,0.0031501509379167902,0.27028462868427994,False,Dot plot,0.0811566655805642,0.0811566655805642,0.0
HAR__29,median,hard,HAR,empirical,Interval plot,99.19397261261702,1,99.61409514756971,Interval plot,99.61409514756971,0.0,0.0,True,Box plot,0.01074646519383,0.0038739984723907,0.006872466721439301
HAR__29,median,soft,HAR,empirical,Violin plot,99.74987451188456,1,98.90844486198311,Interval plot,99.61409514756971,0.0071620171028219,0.7056502855866,False,Box plot,0.0106822114621434,0.0110360155752126,-0.00035380411306919907
HAR__29,spread,hard,HAR,empirical,Dot plot,95.88987912408462,1,97.404867351249,Dot plot,97.404867351249,0.0,0.0,True,Box plot,0.0296852240393172,0.0266427409565968,0.0030424830827203986
HAR__29,spread,soft,HAR,empirical,Dot plot,97.87438182750104,1,98.265242316949,Dot plot,98.265242316949,0.0,0.0,True,Box plot,0.0210410014634972,0.0176538279675291,0.0033871734959681
HAR__30,five,hard,HAR,empirical,Dot plot,93.4595336391185,1,96.36598610354471,Dot plot,96.36598610354471,0.0,0.0,True,Dot plot,0.0377105454257537,0.0377105454257537,0.0
HAR__30,five,soft,HAR,empirical,Dot plot,96.97480565969916,1,98.11723166146294,Dot plot,98.11723166146294,0.0,0.0,True,Dot plot,0.0191889671840034,0.0191889671840034,0.0
HAR__30,median,hard,HAR,empirical,Interval plot,97.97360707636405,1,98.39269627319284,Box plot,98.73641923791594,0.003538085422516499,0.34372296472309927,False,Box plot,0.0127975145527541,0.0163355999752706,-0.003538085422516499
HAR__30,median,soft,HAR,empirical,Interval plot,97.97360707636405,1,98.39269627319284,Box plot,98.73641923791594,0.003538085422516499,0.34372296472309927,False,Box plot,0.0127975145527541,0.0163355999752706,-0.003538085422516499
HAR__30,spread,hard,HAR,empirical,Dot plot,98.69476554370388,1,97.89831238410164,Dot plot,97.89831238410164,0.0,0.0,True,Box plot,0.0384555856018738,0.0214680678830546,0.016987517718819203
HAR__30,spread,soft,HAR,empirical,Dot plot,99.43425193730845,1,99.39061406282248,Dot plot,99.39061406282248,0.0,0.0,True,Box plot,0.0290008409611808,0.006131222177502,0.022869618783678804
HAR__31,five,hard,HAR,empirical,Dot plot,93.54578708592108,1,94.65996852896107,Dot plot,94.65996852896107,0.0,0.0,True,Dot plot,0.0564127746292789,0.0564127746292789,0.0
HAR__31,five,soft,HAR,empirical,Dot plot,96.74842641735329,1,97.32817427779128,Dot plot,97.32817427779128,0.0,0.0,True,Dot plot,0.0274517193200695,0.0274517193200695,0.0
HAR__31,median,hard,HAR,empirical,Interval plot,98.92070392246266,1,98.9263948434979,Box plot,98.94022721172568,0.0001413225469636993,0.013832368227781444,False,Box plot,0.0107112427183584,0.0108525652653221,-0.0001413225469636993
HAR__31,median,soft,HAR,empirical,Interval plot,98.92070392246266,1,98.9263948434979,Box plot,98.94022721172568,0.0001413225469636993,0.013832368227781444,False,Box plot,0.0107112427183584,0.0108525652653221,-0.0001413225469636993
HAR__31,spread,hard,HAR,empirical,Box plot,98.29894849580285,1,97.12468698561894,Interval plot,98.44748285958596,0.013834344399064103,1.3227958739670242,False,Box plot,0.0296043478091909,0.0296043478091909,0.0
HAR__31,spread,soft,HAR,empirical,Violin plot,97.95688857834531,1,97.2675251834554,Interval plot,97.66084065247584,0.004140499180842198,0.3933154690204361,False,Box plot,0.0321337281550751,0.0280923649634439,0.0040413631916312
HAR__32,five,hard,HAR,empirical,Dot plot,93.4595336391185,1,96.36598610354471,Dot plot,96.36598610354471,0.0,0.0,True,Dot plot,0.0377105454257537,0.0377105454257537,0.0
HAR__32,five,soft,HAR,empirical,Dot plot,96.97480565969916,1,98.11723166146294,Dot plot,98.11723166146294,0.0,0.0,True,Dot plot,0.0191889671840034,0.0191889671840034,0.0
HAR__32,median,hard,HAR,empirical,Interval plot,97.97360707636405,1,98.39269627319284,Box plot,98.73641923791594,0.003538085422516499,0.34372296472309927,False,Box plot,0.0127975145527541,0.0163355999752706,-0.003538085422516499
HAR__32,median,soft,HAR,empirical,Interval plot,97.97360707636405,1,98.39269627319284,Box plot,98.73641923791594,0.003538085422516499,0.34372296472309927,False,Box plot,0.0127975145527541,0.0163355999752706,-0.003538085422516499
HAR__32,spread,hard,HAR,empirical,Dot plot,98.69476554370388,1,97.89831238410164,Dot plot,97.89831238410164,0.0,0.0,True,Box plot,0.0384555856018738,0.0214680678830546,0.016987517718819203
HAR__32,spread,soft,HAR,empirical,Dot plot,99.43425193730845,1,99.39061406282248,Dot plot,99.39061406282248,0.0,0.0,True,Box plot,0.0290008409611808,0.006131222177502,0.022869618783678804
HAR__33,five,hard,HAR,empirical,Dot plot,93.54578708592108,1,94.65996852896107,Dot plot,94.65996852896107,0.0,0.0,True,Dot plot,0.0564127746292789,0.0564127746292789,0.0
HAR__33,five,soft,HAR,empirical,Dot plot,96.74842641735329,1,97.32817427779128,Dot plot,97.32817427779128,0.0,0.0,True,Dot plot,0.0274517193200695,0.0274517193200695,0.0
HAR__33,median,hard,HAR,empirical,Interval plot,98.92070392246266,1,98.9263948434979,Box plot,98.94022721172568,0.0001413225469636993,0.013832368227781444,False,Box plot,0.0107112427183584,0.0108525652653221,-0.0001413225469636993
HAR__33,median,soft,HAR,empirical,Interval plot,98.92070392246266,1,98.9263948434979,Box plot,98.94022721172568,0.0001413225469636993,0.013832368227781444,False,Box plot,0.0107112427183584,0.0108525652653221,-0.0001413225469636993
HAR__33,spread,hard,HAR,empirical,Box plot,98.29894849580285,1,97.12468698561894,Interval plot,98.44748285958596,0.013834344399064103,1.3227958739670242,False,Box plot,0.0296043478091909,0.0296043478091909,0.0
HAR__33,spread,soft,HAR,empirical,Violin plot,97.95688857834531,1,97.2675251834554,Interval plot,97.66084065247584,0.004140499180842198,0.3933154690204361,False,Box plot,0.0321337281550751,0.0280923649634439,0.0040413631916312
HAR__34,five,hard,HAR,empirical,Dot plot,92.44748789162604,1,93.59327265483468,Dot plot,93.59327265483468,0.0,0.0,True,Dot plot,0.0684528616580472,0.0684528616580472,0.0
HAR__34,five,soft,HAR,empirical,Dot plot,94.946018561243,1,94.64702284324017,Dot plot,94.64702284324017,0.0,0.0,True,Dot plot,0.0565572692722281,0.0565572692722281,0.0
HAR__34,median,hard,HAR,empirical,Interval plot,99.07200725754512,1,99.27097731048184,Interval plot,99.27097731048184,0.0,0.0,True,Box plot,0.0136162759399942,0.0073437646054197,0.0062725113345745
HAR__34,median,soft,HAR,empirical,Interval plot,99.07200725754512,1,99.27097731048184,Interval plot,99.27097731048184,0.0,0.0,True,Box plot,0.0135422084788991,0.0073437646054197,0.0061984438734794
HAR__34,spread,hard,HAR,empirical,Box plot,96.06041141271622,1,97.71342073831546,Box plot,97.71342073831546,0.0,0.0,True,Box plot,0.0234008721054621,0.0234008721054621,0.0
HAR__34,spread,soft,HAR,empirical,Box plot,95.5116546144608,1,98.75737767285312,Box plot,98.75737767285312,0.0,0.0,True,Box plot,0.0125825771848989,0.0125825771848989,0.0
HAR__35,five,hard,HAR,empirical,Dot plot,90.17167191840102,1,90.05426746866199,Dot plot,90.05426746866199,0.0,0.0,True,Dot plot,0.1104415460910725,0.1104415460910725,0.0
HAR__35,five,soft,HAR,empirical,Dot plot,93.36865435955046,1,92.85372899990216,Dot plot,92.85372899990216,0.0,0.0,True,Dot plot,0.0769626710425963,0.0769626710425963,0.0
HAR__35,median,hard,HAR,empirical,Interval plot,99.18949651884488,1,99.36239197719244,Interval plot,99.36239197719244,0.0,0.0,True,Box plot,0.0100903739509325,0.0064169955062465,0.0036733784446860013
HAR__35,median,soft,HAR,empirical,Interval plot,99.18949651884488,1,99.36239197719244,Interval plot,99.36239197719244,0.0,0.0,True,Box plot,0.0100248520421602,0.0064169955062465,0.0036078565359137
HAR__35,spread,hard,HAR,empirical,Box plot,96.99425970699382,1,98.57337458531973,Box plot,98.57337458531973,0.0,0.0,True,Box plot,0.0144727257302677,0.0144727257302677,0.0
HAR__35,spread,soft,HAR,empirical,Box plot,95.61909606963503,1,98.02184584022304,Box plot,98.02184584022304,0.0,0.0,True,Box plot,0.0201807479018646,0.0201807479018646,0.0
HAR__36,five,hard,HAR,empirical,Box plot,95.99983856799888,1,96.45152278006664,Box plot,96.45152278006664,0.0,0.0,True,Dot plot,0.0391364585501044,0.0367902664224881,0.0023461921276162964
HAR__36,five,soft,HAR,empirical,Dot plot,96.38739474198898,1,96.47649333729812,Dot plot,96.47649333729812,0.0,0.0,True,Dot plot,0.0365219188718137,0.0365219188718137,0.0
HAR__36,median,hard,HAR,empirical,Interval plot,99.09532457990004,1,99.1785388092438,Interval plot,99.1785388092438,0.0,0.0,True,Box plot,0.0092120769440945,0.0082826506683687,0.0009294262757258004
HAR__36,median,soft,HAR,empirical,Interval plot,99.09532457990004,1,99.1785388092438,Interval plot,99.1785388092438,0.0,0.0,True,Box plot,0.0092120769440945,0.0082826506683687,0.0009294262757258004
HAR__36,spread,hard,HAR,empirical,Box plot,97.74730074005872,1,98.38837579028907,Box plot,98.38837579028907,0.0,0.0,True,Box plot,0.0163802298469287,0.0163802298469287,0.0
HAR__36,spread,soft,HAR,empirical,Box plot,97.74730074005876,1,98.04743958071144,Box plot,98.04743958071144,0.0,0.0,True,Box plot,0.0199144457788848,0.0199144457788848,0.0
HAR__37,five,hard,HAR,empirical,Dot plot,89.66394458247122,1,89.83683433826812,Dot plot,89.83683433826812,0.0,0.0,True,Dot plot,0.1131291606231792,0.1131291606231792,0.0
HAR__37,five,soft,HAR,empirical,Dot plot,91.11828499784156,1,87.40918634585424,Dot plot,87.40918634585424,0.0,0.0,True,Dot plot,0.1440445127166309,0.1440445127166309,0.0
HAR__37,median,hard,HAR,empirical,Violin plot,99.79252671568943,1,99.77718646358302,Violin plot,99.77718646358302,0.0,0.0,True,Box plot,0.0096294727987985,0.0022331110378453,0.0073963617609531995
HAR__37,median,soft,HAR,empirical,Violin plot,99.49550899253276,1,99.9833319055961,Violin plot,99.9833319055961,0.0,0.0,True,Box plot,0.0096294727987985,0.0001667087312076,0.0094627640675909
HAR__37,spread,hard,HAR,empirical,Violin plot,99.84170628361956,1,99.79717052510784,Violin plot,99.79717052510784,0.0,0.0,True,Box plot,0.0101001703777715,0.0020324170898324,0.0080677532879391
HAR__37,spread,soft,HAR,empirical,Violin plot,98.95975211571252,1,99.65200760918675,Box plot,99.9122726920588,0.0026140327039102,0.26026508287205274,False,Box plot,0.0008780433632171,0.0034920760671273,-0.0026140327039102
HAR__38,five,hard,HAR,empirical,Dot plot,90.89752886909454,1,90.60578402260312,Dot plot,90.60578402260312,0.0,0.0,True,Dot plot,0.103682298859125,0.103682298859125,0.0
HAR__38,five,soft,HAR,empirical,Dot plot,91.1461342085724,1,88.39226686658681,Dot plot,88.39226686658681,0.0,0.0,True,Dot plot,0.1313206861289473,0.1313206861289473,0.0
HAR__38,median,hard,HAR,empirical,Interval plot,98.95318140209574,1,99.60319992176068,Interval plot,99.60319992176068,0.0,0.0,True,Box plot,0.0102325585049385,0.0039838085377881,0.0062487499671504
HAR__38,median,soft,HAR,empirical,Interval plot,98.95318140209574,1,99.60319992176068,Interval plot,99.60319992176068,0.0,0.0,True,Box plot,0.0101661133198415,0.0039838085377881,0.0061823047820534
HAR__38,spread,hard,HAR,empirical,Heatmap,96.34285477295307,1,96.34285477295307,Box plot,98.80931685762296,0.025909380922442,2.4664620846698853,False,Box plot,0.0120503124628698,0.0379596933853118,-0.025909380922442
HAR__38,spread,soft,HAR,empirical,Heatmap,96.34285477295307,1,96.34285477295307,Box plot,99.6377661125788,0.0343241854694486,3.2949113396257275,False,Box plot,0.0036355079158632,0.0379596933853118,-0.0343241854694486
HAR__39,five,hard,HAR,empirical,Heatmap,90.19081134026254,1,90.19081134026254,Heatmap,90.19081134026254,0.0,0.0,True,Dot plot,0.1347908926830483,0.1087603993574286,0.026030493325619714
HAR__39,five,soft,HAR,empirical,Heatmap,90.19081134026254,1,90.19081134026254,Heatmap,90.19081134026254,0.0,0.0,True,Dot plot,0.1681410451598758,0.1087603993574286,0.0593806458024472
HAR__39,median,hard,HAR,empirical,Interval plot,98.84733987553616,1,99.63118101948464,Interval plot,99.63118101948464,0.0,0.0,True,Box plot,0.0092956711602422,0.0037018429044141,0.0055938282558281
HAR__39,median,soft,HAR,empirical,Interval plot,98.84733987553616,1,99.63118101948464,Interval plot,99.63118101948464,0.0,0.0,True,Box plot,0.0092342727827206,0.0037018429044141,0.005532429878306501
HAR__39,spread,hard,HAR,empirical,Box plot,97.8734173013896,1,98.05345123779406,Box plot,98.05345123779406,0.0,0.0,True,Box plot,0.0198519148243468,0.0198519148243468,0.0
HAR__39,spread,soft,HAR,empirical,Dot plot,98.7043739754791,1,96.80059825236224,Box plot,97.24163877214148,0.004685416263812497,0.44104051977924996,False,Box plot,0.0283660504151104,0.0330514666789229,-0.004685416263812497
HeartFailure__00,five,hard,HeartFailure,empirical,Heatmap,96.27279347388196,1,96.27279347388196,Heatmap,96.27279347388196,0.0,0.0,True,Dot plot,0.0514058955187443,0.0387150553300318,0.012690840188712499
HeartFailure__00,five,soft,HeartFailure,empirical,Dot plot,97.11488388896008,1,97.44780485891272,Dot plot,97.44780485891272,0.0,0.0,True,Dot plot,0.0261903810432919,0.0261903810432919,0.0
HeartFailure__00,median,hard,HeartFailure,empirical,Histogram,99.67387019828344,1,99.5614380747412,Heatmap,99.65977570598204,0.0009910799183887996,0.09833763124083816,False,Box plot,0.0057810889179387,0.0044049376318729,0.0013761512860658003
HeartFailure__00,median,soft,HeartFailure,empirical,Histogram,99.68057685405574,1,99.72903714122064,Histogram,99.72903714122064,0.0,0.0,True,Box plot,0.0057810889179387,0.0027169906232591,0.0030640982946796
HeartFailure__00,spread,hard,HeartFailure,empirical,Interval plot,98.37584417906136,1,97.98087169281958,Box plot,98.75078157539194,0.0079571593223965,0.7699098825723638,False,Box plot,0.0126502130381047,0.0206073723605012,-0.0079571593223965
HeartFailure__00,spread,soft,HeartFailure,empirical,Box plot,98.3758441790614,2,97.98087169281958,Box plot,97.98087169281958,0.0,0.0,True,Box plot,0.0206073723605012,0.0206073723605012,0.0
HeartFailure__01,five,hard,HeartFailure,empirical,Histogram,97.14826353072328,1,96.62519933357709,Dot plot,97.58403040159354,0.010168875809529996,0.9588310680164511,False,Dot plot,0.0247578378189944,0.0349267136285244,-0.010168875809529996
HeartFailure__01,five,soft,HeartFailure,empirical,Heatmap,95.75760934737472,1,95.75760934737472,Histogram,96.17702923506216,0.004554118912669304,0.41941988768743954,False,Dot plot,0.0579807354732355,0.0443034311480708,0.013677304325164695
HeartFailure__01,median,hard,HeartFailure,empirical,Interval plot,99.76399346415069,1,99.39258630126744,Interval plot,99.39258630126744,0.0,0.0,True,Box plot,0.0084731468089779,0.0061112576031721,0.0023618892058057993
HeartFailure__01,median,soft,HeartFailure,empirical,Interval plot,99.76399346415069,1,99.39258630126744,Interval plot,99.39258630126744,0.0,0.0,True,Box plot,0.0084731468089779,0.0061112576031721,0.0023618892058057993
HeartFailure__01,spread,hard,HeartFailure,empirical,Histogram,98.659304106281,1,98.62030800944213,Histogram,98.62030800944213,0.0,0.0,True,Box plot,0.0186534968545463,0.0139899379590843,0.004663558895462
HeartFailure__01,spread,soft,HeartFailure,empirical,Histogram,98.62504311576834,1,98.6483400493734,Histogram,98.6483400493734,0.0,0.0,True,Box plot,0.0152390903813658,0.0137018012664998,0.001537289114866001
HeartFailure__02,five,hard,HeartFailure,empirical,Dot plot,93.08777778101415,1,95.2493940530012,Dot plot,95.2493940530012,0.0,0.0,True,Dot plot,0.0498754453425219,0.0498754453425219,0.0
HeartFailure__02,five,soft,HeartFailure,empirical,Interval plot,96.96090103671604,1,97.25546120329405,Interval plot,97.25546120329405,0.0,0.0,True,Dot plot,0.036161132532088,0.0282198939036339,0.007941238628454098
HeartFailure__02,median,hard,HeartFailure,empirical,Interval plot,99.9974305057137,1,99.45202913805667,Interval plot,99.45202913805667,0.0,0.0,True,Box plot,0.00812554344149,0.0055099012729307,0.0026156421685593
HeartFailure__02,median,soft,HeartFailure,empirical,Interval plot,99.9974305057137,1,99.45202913805667,Interval plot,99.45202913805667,0.0,0.0,True,Box plot,0.00812554344149,0.0055099012729307,0.0026156421685593
HeartFailure__02,spread,hard,HeartFailure,empirical,Dot plot,98.18350383029352,1,92.3900138508027,Interval plot,98.74858164784044,0.0696952864762375,6.358567797037736,False,Box plot,0.0160831950424299,0.0823680594039783,-0.0662848643615484
HeartFailure__02,spread,soft,HeartFailure,empirical,Box plot,97.1638081585272,2,98.74858164784035,Box plot,98.74858164784035,0.0,0.0,True,Box plot,0.0126727729277417,0.0126727729277417,0.0
HeartFailure__03,five,hard,HeartFailure,empirical,Dot plot,97.7952192914688,1,96.88971864362084,Dot plot,96.88971864362084,0.0,0.0,True,Dot plot,0.0321012528462319,0.0321012528462319,0.0
HeartFailure__03,five,soft,HeartFailure,empirical,Dot plot,97.29145495538296,1,98.16861180766642,Dot plot,98.16861180766642,0.0,0.0,True,Dot plot,0.0186555372293708,0.0186555372293708,0.0
HeartFailure__03,median,hard,HeartFailure,empirical,Box plot,99.71958631261094,2,99.1290583302826,Interval plot,99.31386593597168,0.001877193198838699,0.18480760568907328,False,Box plot,0.0087859370843166,0.0087859370843166,0.0
HeartFailure__03,median,soft,HeartFailure,empirical,Box plot,99.71958631261094,2,99.1290583302826,Interval plot,99.31386593597168,0.001877193198838699,0.18480760568907328,False,Box plot,0.0087859370843166,0.0087859370843166,0.0
HeartFailure__03,spread,hard,HeartFailure,empirical,Dot plot,97.73220309889204,1,97.72910171459256,Interval plot,99.90089104810876,0.022244591103327903,2.1717893335162017,False,Box plot,0.0168821836884196,0.0232366638551467,-0.0063544801667271
HeartFailure__03,spread,soft,HeartFailure,empirical,Dot plot,98.03356929711538,1,98.70878360534245,Box plot,99.9008910481088,0.0120889961003733,1.192107442766357,False,Box plot,0.0009920727518182,0.0130810688521915,-0.0120889961003733
HeartFailure__04,five,hard,HeartFailure,empirical,Dot plot,96.07903379672796,1,96.70795347157232,Dot plot,96.70795347157232,0.0,0.0,True,Dot plot,0.0340411146162387,0.0340411146162387,0.0
HeartFailure__04,five,soft,HeartFailure,empirical,Dot plot,95.47558484720264,1,96.77861413503732,Dot plot,96.77861413503732,0.0,0.0,True,Dot plot,0.0332861334474969,0.0332861334474969,0.0
HeartFailure__04,median,hard,HeartFailure,empirical,Heatmap,99.97837190066556,1,99.97837190066556,Heatmap,99.97837190066556,0.0,0.0,True,Box plot,0.0032355004336259,0.0002163277809317,0.0030191726526942
HeartFailure__04,median,soft,HeartFailure,empirical,Heatmap,99.97837190066556,1,99.97837190066556,Heatmap,99.97837190066556,0.0,0.0,True,Box plot,0.0032355004336259,0.0002163277809317,0.0030191726526942
HeartFailure__04,spread,hard,HeartFailure,empirical,Dot plot,96.3186501513635,1,98.41390919062954,Interval plot,98.79507940360034,0.003920370901343602,0.381170212970801,False,Box plot,0.0280952913854377,0.0161165309092454,0.011978760476192299
HeartFailure__04,spread,soft,HeartFailure,empirical,Box plot,97.98334169758594,1,98.79507940360034,Box plot,98.79507940360034,0.0,0.0,True,Box plot,0.0121961600079017,0.0121961600079017,0.0
HeartFailure__05,five,hard,HeartFailure,empirical,Violin plot,91.5146653508408,1,91.55578258895822,Dot plot,92.68413312617126,0.0132969754976167,1.1283505372130378,False,Dot plot,0.0789333257707618,0.0922303012683785,-0.0132969754976167
HeartFailure__05,five,soft,HeartFailure,empirical,Violin plot,91.87311751106051,1,91.66585029822676,Dot plot,92.93845454375578,0.014937927593449904,1.272604245529024,False,Dot plot,0.0759808788612856,0.0909188064547355,-0.014937927593449904
HeartFailure__05,median,hard,HeartFailure,empirical,Interval plot,97.97901097670488,1,97.91240878876911,Interval plot,97.91240878876911,0.0,0.0,True,Box plot,0.0259005086198275,0.0213210075929654,0.0045795010268621025
HeartFailure__05,median,soft,HeartFailure,empirical,Interval plot,97.97901097670488,1,97.91240878876911,Interval plot,97.91240878876911,0.0,0.0,True,Box plot,0.0259005086198275,0.0213210075929654,0.0045795010268621025
HeartFailure__05,spread,hard,HeartFailure,empirical,Interval plot,97.80788780932896,1,95.3254026428342,Box plot,97.73854424653344,0.0259005086198259,2.4131416036992306,False,Box plot,0.0231378088439943,0.0490383174638202,-0.0259005086198259
HeartFailure__05,spread,soft,HeartFailure,empirical,Dot plot,98.06155191609396,1,92.78950281018123,Box plot,95.3254026428342,0.0286697957542148,2.535899832652973,False,Box plot,0.0490383174638202,0.077708113218035,-0.0286697957542148
ILPD__00,five,hard,ILPD,empirical,Dot plot,96.72661915001216,1,96.8227292530673,Dot plot,96.8227292530673,0.0,0.0,True,Dot plot,0.0328153396567474,0.0328153396567474,0.0
ILPD__00,five,soft,ILPD,empirical,Dot plot,96.7073990655351,1,96.9424467113664,Dot plot,96.9424467113664,0.0,0.0,True,Dot plot,0.0315398815725898,0.0315398815725898,0.0
ILPD__00,median,hard,ILPD,empirical,Interval plot,99.47234084582264,1,99.50474110051368,Interval plot,99.50474110051368,0.0,0.0,True,Box plot,0.0076963637605948,0.0049772392150245,0.0027191245455702997
ILPD__00,median,soft,ILPD,empirical,Interval plot,99.47234084582264,1,99.50474110051368,Interval plot,99.50474110051368,0.0,0.0,True,Box plot,0.0076963637605948,0.0049772392150245,0.0027191245455702997
ILPD__00,spread,hard,ILPD,empirical,Interval plot,98.27250601240948,1,99.24578480306528,Interval plot,99.24578480306528,0.0,0.0,True,Box plot,0.0094751115312406,0.0075994683142594,0.0018756432169812001
ILPD__00,spread,soft,ILPD,empirical,Dot plot,98.399777302158,1,98.18245060183078,Box plot,99.24578480306528,0.010912489647964402,1.0633342012344968,False,Box plot,0.0075994683142596,0.018511957962224,-0.010912489647964402
ILPD__01,five,hard,ILPD,empirical,Heatmap,93.42695439506846,1,93.42695439506846,Heatmap,93.42695439506846,0.0,0.0,True,Dot plot,0.1283951202089175,0.0703549168170089,0.0580402033919086
ILPD__01,five,soft,ILPD,empirical,Heatmap,93.42695439506846,1,93.42695439506846,Histogram,93.6704098105344,0.002781921222472894,0.24345541546593097,False,Dot plot,0.2350522785944453,0.0703549168170089,0.1646973617774364
ILPD__01,median,hard,ILPD,empirical,Box plot,99.03242090713492,1,98.17679807858728,Interval plot,99.37477673544622,0.0122790297283118,1.1979786568589361,False,Box plot,0.0185705987269345,0.0185705987269345,0.0
ILPD__01,median,soft,ILPD,empirical,Box plot,99.03242090713492,1,98.18324839043828,Interval plot,99.37477673544622,0.0122121130382274,1.1915283450079386,False,Box plot,0.0185036820368501,0.0185036820368501,0.0
ILPD__01,spread,hard,ILPD,empirical,Box plot,95.46787533579524,1,97.9805867403776,Box plot,97.9805867403776,0.0,0.0,True,Box plot,0.0206103405460647,0.0206103405460647,0.0
ILPD__01,spread,soft,ILPD,empirical,Box plot,95.99105026106308,1,97.57825745468566,Box plot,97.57825745468566,0.0,0.0,True,Box plot,0.0248184647736611,0.0248184647736611,0.0
ILPD__02,five,hard,ILPD,empirical,Heatmap,94.37020352962428,1,94.37020352962428,Heatmap,94.37020352962428,0.0,0.0,True,Dot plot,0.1111325923341538,0.0596565044877583,0.051476087846395506
ILPD__02,five,soft,ILPD,empirical,Heatmap,94.37020352962428,1,94.37020352962428,Heatmap,94.37020352962428,0.0,0.0,True,Dot plot,0.2246261638401527,0.0596565044877583,0.16496965935239438
ILPD__02,median,hard,ILPD,empirical,Box plot,99.46533869696742,1,99.22482458053196,Interval plot,99.52743545431946,0.003064230112607799,0.3026108737875006,False,Box plot,0.0078123133272851,0.0078123133272851,0.0
ILPD__02,median,soft,ILPD,empirical,Box plot,99.46533869696742,1,99.22918541123668,Interval plot,99.52743545431946,0.0030199397270491996,0.29825004308277414,False,Box plot,0.0077680229417265,0.0077680229417265,0.0
ILPD__02,spread,hard,ILPD,empirical,Box plot,97.54101988115056,1,97.99481460775536,Box plot,97.99481460775536,0.0,0.0,True,Box plot,0.0204621581281706,0.0204621581281706,0.0
ILPD__02,spread,soft,ILPD,empirical,Box plot,97.13716458416754,1,97.33509793430636,Box plot,97.33509793430636,0.0,0.0,True,Box plot,0.0273786344520067,0.0273786344520067,0.0
ILPD__03,five,hard,ILPD,empirical,Dot plot,97.30277914558854,1,98.84819675832571,Dot plot,98.84819675832571,0.0,0.0,True,Dot plot,0.011652243333182,0.011652243333182,0.0
ILPD__03,five,soft,ILPD,empirical,Violin plot,96.35186248391511,1,96.24050467919147,Dot plot,96.26645043518104,0.00028004864710289706,0.025945755989567942,False,Dot plot,0.0387834967212472,0.0390635453683501,-0.00028004864710289706
ILPD__03,median,hard,ILPD,empirical,Interval plot,99.4541450528653,1,99.43957373093428,Interval plot,99.43957373093428,0.0,0.0,True,Box plot,0.0076671691352923,0.0056358474603093,0.002031321674983
ILPD__03,median,soft,ILPD,empirical,Interval plot,99.4541450528653,1,99.43957373093428,Interval plot,99.43957373093428,0.0,0.0,True,Box plot,0.0076671691352923,0.0056358474603093,0.002031321674983
ILPD__03,spread,hard,ILPD,empirical,Interval plot,98.62762566672976,1,98.65259656862884,Dot plot,98.78446895873228,0.0013531834811118006,0.13187239010343887,False,Box plot,0.0196489579254651,0.0136580635303787,0.005990894395086398
ILPD__03,spread,soft,ILPD,empirical,Interval plot,98.62762566672984,2,98.65259656862888,Interval plot,98.65259656862888,0.0,0.0,True,Box plot,0.0136580635303787,0.0136580635303784,3.0010716134398763e-16
ILPD__04,five,hard,ILPD,empirical,Histogram,95.4280520477596,1,95.1171265038137,Dot plot,96.66409385254404,0.0168250840112215,1.5469673487303481,False,Dot plot,0.034510292441625,0.0513353764528465,-0.0168250840112215
ILPD__04,five,soft,ILPD,empirical,Histogram,92.84388254703164,1,93.15176748608478,Histogram,93.15176748608478,0.0,0.0,True,Dot plot,0.0997013042822876,0.073516935842771,0.026184368439516603
ILPD__04,median,hard,ILPD,empirical,Interval plot,99.290428068474,1,99.62265407888816,Interval plot,99.62265407888816,0.0,0.0,True,Box plot,0.0067591477387526,0.0037877521393179,0.0029713955994347
ILPD__04,median,soft,ILPD,empirical,Interval plot,99.290428068474,1,99.62265407888816,Interval plot,99.62265407888816,0.0,0.0,True,Box plot,0.0067591477387526,0.0037877521393179,0.0029713955994347
ILPD__04,spread,hard,ILPD,empirical,Box plot,97.86857891079478,1,99.03536978699674,Box plot,99.03536978699674,0.0,0.0,True,Box plot,0.0097402596171244,0.0097402596171244,0.0
ILPD__04,spread,soft,ILPD,empirical,Box plot,97.86857891079478,1,98.13215723262304,Box plot,98.13215723262304,0.0,0.0,True,Box plot,0.019033951968968,0.019033951968968,0.0
ILPD__05,five,hard,ILPD,empirical,Heatmap,88.73477004363743,1,88.73477004363743,Dot plot,90.63975021844632,0.02368524776404539,1.9049801748088981,False,Dot plot,0.1032687067097492,0.1269539544737946,-0.02368524776404539
ILPD__05,five,soft,ILPD,empirical,Histogram,89.27636223352032,1,88.65158882445128,Heatmap,88.73477004363743,0.001057413692668402,0.08318121918614452,False,Dot plot,0.1784038303021986,0.128011368166463,0.050392462135735616
ILPD__05,median,hard,ILPD,empirical,Interval plot,99.60568628083948,1,99.3477489898216,Interval plot,99.3477489898216,0.0,0.0,True,Box plot,0.0072384061254881,0.0065653325496607,0.0006730735758274002
ILPD__05,median,soft,ILPD,empirical,Interval plot,99.60568628083948,1,99.3477489898216,Interval plot,99.3477489898216,0.0,0.0,True,Box plot,0.0071497718222281,0.0065653325496607,0.0005844392725674
ILPD__05,spread,hard,ILPD,empirical,Box plot,96.52864095539135,1,97.34260855953517,Box plot,97.34260855953517,0.0,0.0,True,Box plot,0.0272993654042008,0.0272993654042008,0.0
ILPD__05,spread,soft,ILPD,empirical,Box plot,94.61436739513886,1,97.03147111214808,Box plot,97.03147111214808,0.0,0.0,True,Box plot,0.030593464716421,0.030593464716421,0.0
ILPD__06,five,hard,ILPD,empirical,Dot plot,97.16252708792402,1,97.51620393374787,Dot plot,97.51620393374787,0.0,0.0,True,Dot plot,0.0254705983832145,0.0254705983832145,0.0
ILPD__06,five,soft,ILPD,empirical,Dot plot,97.32927596168167,1,97.71456735898832,Dot plot,97.71456735898832,0.0,0.0,True,Dot plot,0.0233888631222747,0.0233888631222747,0.0
ILPD__06,median,hard,ILPD,empirical,Violin plot,99.68865049491733,1,99.72400530674814,Violin plot,99.72400530674814,0.0,0.0,True,Box plot,0.0090626622591428,0.0027675853211361,0.0062950769380067
ILPD__06,median,soft,ILPD,empirical,Violin plot,99.7470234207398,1,99.72131419213684,Violin plot,99.72131419213684,0.0,0.0,True,Box plot,0.0090626622591428,0.0027946463614208,0.006268015897722
ILPD__06,spread,hard,ILPD,empirical,Interval plot,98.63007556209853,1,97.94843846699912,Box plot,98.3493493066362,0.004161776859198402,0.40091083963707774,False,Box plot,0.0167835446294346,0.020945321488633,-0.004161776859198402
ILPD__06,spread,soft,ILPD,empirical,Box plot,98.63007556209853,2,97.94843846699912,Interval plot,97.94843846699916,4.0245584642661925e-16,4.263256414560601e-14,True,Box plot,0.020945321488633,0.020945321488633,0.0
ILPD__07,five,hard,ILPD,empirical,Dot plot,95.60088563790076,1,96.37859950286212,Dot plot,96.37859950286212,0.0,0.0,True,Dot plot,0.0375747366720175,0.0375747366720175,0.0
ILPD__07,five,soft,ILPD,empirical,Dot plot,93.40818079966084,1,94.81427793944962,Dot plot,94.81427793944962,0.0,0.0,True,Dot plot,0.0546934720513516,0.0546934720513516,0.0
ILPD__07,median,hard,ILPD,empirical,Box plot,99.82093553585386,2,99.40943727235562,Interval plot,99.57738852109853,0.0016966602666158006,0.16795124874290934,False,Box plot,0.005940710900781,0.005940710900781,0.0
ILPD__07,median,soft,ILPD,empirical,Box plot,99.82093553585386,2,99.40943727235562,Interval plot,99.57738852109853,0.0016966602666158006,0.16795124874290934,False,Box plot,0.005940710900781,0.005940710900781,0.0
ILPD__07,spread,hard,ILPD,empirical,Interval plot,98.86708292668072,1,99.01310292808922,Interval plot,99.01310292808922,0.0,0.0,True,Box plot,0.0178221327023426,0.0099673380868341,0.007854794615508502
ILPD__07,spread,soft,ILPD,empirical,Interval plot,98.86708292668072,2,99.01310292808918,Box plot,99.0131029280892,1.9949319973733282e-16,1.4210854715202004e-14,True,Box plot,0.0099673380868344,0.0099673380868346,-1.9949319973733282e-16
ILPD__08,five,hard,ILPD,empirical,Dot plot,94.4680671847965,1,96.35392751608046,Dot plot,96.35392751608046,0.0,0.0,True,Dot plot,0.0378404137528389,0.0378404137528389,0.0
ILPD__08,five,soft,ILPD,empirical,Heatmap,91.51721207207774,1,91.51721207207774,Dot plot,92.86350985287191,0.0158413888394299,1.346297780794174,False,Dot plot,0.0768492399052628,0.0926906287446927,-0.0158413888394299
ILPD__08,median,hard,ILPD,empirical,Interval plot,99.3038383000252,1,99.91748890156046,Box plot,99.91748890156046,9.996344030316351e-17,0.0,True,Box plot,0.0008257923547381,0.0008257923547382,-9.996344030316351e-17
ILPD__08,median,soft,ILPD,empirical,Interval plot,99.3038383000252,1,99.91748890156046,Box plot,99.91748890156046,9.996344030316351e-17,0.0,True,Box plot,0.0008257923547381,0.0008257923547382,-9.996344030316351e-17
ILPD__08,spread,hard,ILPD,empirical,Interval plot,98.51739663903496,1,99.9174889015604,Interval plot,99.9174889015604,0.0,0.0,True,Box plot,0.0143657714419612,0.0008257923547387,0.013539979087222499
ILPD__08,spread,soft,ILPD,empirical,Box plot,98.51739663903494,2,99.91748890156038,Interval plot,99.9174889015604,2.0003530082357557e-16,2.842170943040401e-14,True,Box plot,0.0008257923547389,0.0008257923547389,0.0
Retinopathy__00,five,hard,Retinopathy,empirical,Dot plot,97.57173731831168,1,97.9576216230158,Dot plot,97.9576216230158,0.0,0.0,True,Dot plot,0.020849611731532,0.020849611731532,0.0
Retinopathy__00,five,soft,Retinopathy,empirical,Dot plot,96.17718660547015,1,97.82784504790784,Dot plot,97.82784504790784,0.0,0.0,True,Dot plot,0.0222038515826289,0.0222038515826289,0.0
Retinopathy__00,median,hard,Retinopathy,empirical,Interval plot,99.22382980182532,1,99.5111756256643,Interval plot,99.5111756256643,0.0,0.0,True,Box plot,0.0058582871445613,0.0049122560482507,0.0009460310963106001
Retinopathy__00,median,soft,Retinopathy,empirical,Interval plot,99.22382980182532,1,99.5111756256643,Interval plot,99.5111756256643,0.0,0.0,True,Box plot,0.0058582871445613,0.0049122560482507,0.0009460310963106001
Retinopathy__00,spread,hard,Retinopathy,empirical,Violin plot,98.34557669540966,1,98.24232523442076,Interval plot,99.03668994558886,0.0081644172789632,0.7943647111681003,False,Box plot,0.0135953124242528,0.0178912170633703,-0.0042959046391175
Retinopathy__00,spread,soft,Retinopathy,empirical,Dot plot,99.45576229189652,1,99.2552502368478,Dot plot,99.2552502368478,0.0,0.0,True,Box plot,0.0097267997844071,0.0075033790290692,0.0022234207553378993
Retinopathy__01,five,hard,Retinopathy,empirical,Dot plot,97.69938373762297,1,97.69982882766384,Dot plot,97.69982882766384,0.0,0.0,True,Dot plot,0.0235432466969162,0.0235432466969162,0.0
Retinopathy__01,five,soft,Retinopathy,empirical,Dot plot,96.36019253744811,1,97.65525796962108,Dot plot,97.65525796962108,0.0,0.0,True,Dot plot,0.0240104022981366,0.0240104022981366,0.0
Retinopathy__01,median,hard,Retinopathy,empirical,Interval plot,99.56869125681364,1,99.52465946557209,Interval plot,99.52465946557209,0.0,0.0,True,Box plot,0.0078219267358408,0.0047761081221521,0.0030458186136886993
Retinopathy__01,median,soft,Retinopathy,empirical,Interval plot,99.56869125681364,1,99.52465946557209,Interval plot,99.52465946557209,0.0,0.0,True,Box plot,0.0078219267358408,0.0047761081221521,0.0030458186136886993
Retinopathy__01,spread,hard,Retinopathy,empirical,Violin plot,99.46997334484264,1,99.60727873619707,Violin plot,99.60727873619707,0.0,0.0,True,Box plot,0.0142058420427673,0.0039426964453374,0.0102631455974299
Retinopathy__01,spread,soft,Retinopathy,empirical,Violin plot,99.36185550351188,1,99.46208951052188,Violin plot,99.46208951052188,0.0,0.0,True,Box plot,0.0187493040000843,0.0054081961491591,0.0133411078509252
Retinopathy__02,five,hard,Retinopathy,empirical,Dot plot,97.476027972636,1,98.19947600490336,Dot plot,98.19947600490336,0.0,0.0,True,Dot plot,0.0183353727366808,0.0183353727366808,0.0
Retinopathy__02,five,soft,Retinopathy,empirical,Dot plot,96.81323259183232,1,97.6388191959466,Dot plot,97.6388191959466,0.0,0.0,True,Dot plot,0.0241828078575474,0.0241828078575474,0.0
Retinopathy__02,median,hard,Retinopathy,empirical,Interval plot,99.40525233825612,1,99.90290330555466,Interval plot,99.90290330555466,0.0,0.0,True,Box plot,0.0009719106375556,0.0009719106375554,2.0003530082357557e-16
Retinopathy__02,median,soft,Retinopathy,empirical,Interval plot,99.40525233825612,1,99.90290330555466,Interval plot,99.90290330555466,0.0,0.0,True,Box plot,0.0009719106375556,0.0009719106375554,2.0003530082357557e-16
Retinopathy__02,spread,hard,Retinopathy,empirical,Interval plot,99.12725242698406,1,98.4417639035332,Box plot,99.23891454953812,0.008159790528943,0.7971506460049227,False,Box plot,0.0076692238515162,0.0158290143804592,-0.008159790528943
Retinopathy__02,spread,soft,Retinopathy,empirical,Interval plot,99.12725242698409,2,98.44176390353316,Box plot,98.4417639035332,3.0184188481996443e-16,4.263256414560601e-14,True,Box plot,0.0158290143804593,0.0158290143804596,-3.0184188481996443e-16
Retinopathy__03,five,hard,Retinopathy,empirical,Dot plot,97.51174740939308,1,97.82530953059111,Dot plot,97.82530953059111,0.0,0.0,True,Dot plot,0.0222303459078637,0.0222303459078637,0.0
Retinopathy__03,five,soft,Retinopathy,empirical,Violin plot,97.45975366254952,1,97.42925893046556,Violin plot,97.42925893046556,0.0,0.0,True,Dot plot,0.0299516328019091,0.0263857192157148,0.003565913586194302
Retinopathy__03,median,hard,Retinopathy,empirical,Interval plot,99.52559875617564,1,99.76602446819412,Box plot,99.76602446819412,1.0018028073766061e-16,0.0,True,Box plot,0.0023452426119321,0.0023452426119322,-1.0018028073766061e-16
Retinopathy__03,median,soft,Retinopathy,empirical,Interval plot,99.52559875617564,1,99.76602446819412,Box plot,99.76602446819412,1.0018028073766061e-16,0.0,True,Box plot,0.0023452426119321,0.0023452426119322,-1.0018028073766061e-16
Retinopathy__03,spread,hard,Retinopathy,empirical,Interval plot,98.82805880290478,1,99.00679742496256,Box plot,99.25858589063444,0.0025621392828176,0.2517884656718792,False,Box plot,0.0074695211775682,0.0100316604603858,-0.0025621392828176
Retinopathy__03,spread,soft,Retinopathy,empirical,Box plot,98.82805880290478,2,99.00679742496256,Box plot,99.00679742496256,0.0,0.0,True,Box plot,0.010031660460386,0.010031660460386,0.0
Retinopathy__04,five,hard,Retinopathy,empirical,Dot plot,97.73111363542804,1,97.98437697514242,Dot plot,97.98437697514242,0.0,0.0,True,Dot plot,0.0205708612646374,0.0205708612646374,0.0
Retinopathy__04,five,soft,Retinopathy,empirical,Interval plot,97.76967829064272,1,98.07045761121644,Interval plot,98.07045761121644,0.0,0.0,True,Dot plot,0.0246592063602542,0.0196750625599494,0.0049841438003048015
Retinopathy__04,median,hard,Retinopathy,empirical,Interval plot,99.62523921685906,1,99.5296138083378,Interval plot,99.5296138083378,0.0,0.0,True,Box plot,0.004968311031992,0.0047260928045801,0.00024221822741189985
Retinopathy__04,median,soft,Retinopathy,empirical,Interval plot,99.62523921685906,1,99.5296138083378,Interval plot,99.5296138083378,0.0,0.0,True,Box plot,0.004968311031992,0.0047260928045801,0.00024221822741189985
Retinopathy__04,spread,hard,Retinopathy,empirical,Interval plot,98.95100714856656,1,99.01611429401612,Interval plot,99.01611429401612,0.0,0.0,True,Box plot,0.0154031413823279,0.0099366220639841,0.0054665193183438005
Retinopathy__04,spread,soft,Retinopathy,empirical,Dot plot,99.3356193691463,1,98.25684085652782,Box plot,99.01611429401612,0.007804220489843899,0.7592734374883037,False,Box plot,0.0099366220639839,0.0177408425538278,-0.007804220489843899
Retinopathy__05,five,hard,Retinopathy,empirical,Dot plot,96.11088759207854,1,96.72311150425185,Dot plot,96.72311150425185,0.0,0.0,True,Dot plot,0.0338790641118293,0.0338790641118293,0.0
Retinopathy__05,five,soft,Retinopathy,empirical,Dot plot,96.8084928010534,1,97.93848979732354,Dot plot,97.93848979732354,0.0,0.0,True,Dot plot,0.0210490299262588,0.0210490299262588,0.0
Retinopathy__05,median,hard,Retinopathy,empirical,Interval plot,99.57749872143764,1,99.9298858672681,Box plot,99.92988586726813,2.0003530082357557e-16,2.842170943040401e-14,True,Box plot,0.000701633271402,0.0007016332714022,-2.0003530082357557e-16
Retinopathy__05,median,soft,Retinopathy,empirical,Interval plot,99.57749872143764,1,99.9298858672681,Box plot,99.92988586726813,2.0003530082357557e-16,2.842170943040401e-14,True,Box plot,0.000701633271402,0.0007016332714022,-2.0003530082357557e-16
Retinopathy__05,spread,hard,Retinopathy,empirical,Interval plot,97.98467101797216,1,99.94390082712476,Interval plot,99.94390082712476,0.0,0.0,True,Box plot,0.0117075772633298,0.0005613066171219,0.0111462706462079
Retinopathy__05,spread,soft,Retinopathy,empirical,Box plot,97.9846710179722,2,99.94390082712476,Box plot,99.94390082712476,0.0,0.0,True,Box plot,0.000561306617122,0.000561306617122,0.0
Retinopathy__06,five,hard,Retinopathy,empirical,Dot plot,97.22397150757024,1,98.27695953128976,Dot plot,98.27695953128976,0.0,0.0,True,Dot plot,0.017532496700426,0.017532496700426,0.0
Retinopathy__06,five,soft,Retinopathy,empirical,Histogram,96.35210687236454,1,95.92819161095184,Dot plot,96.53295985856164,0.006530810782830097,0.6047682476097975,False,Dot plot,0.0359156100312082,0.0424464208140383,-0.006530810782830097
Retinopathy__06,median,hard,Retinopathy,empirical,Interval plot,99.19286724396932,1,99.70006874491756,Interval plot,99.70006874491756,0.0,0.0,True,Box plot,0.0063725744839619,0.0030083354892143,0.0033642389947475997
Retinopathy__06,median,soft,Retinopathy,empirical,Interval plot,99.19286724396932,1,99.70006874491756,Interval plot,99.70006874491756,0.0,0.0,True,Box plot,0.0063725744839619,0.0030083354892143,0.0033642389947475997
Retinopathy__06,spread,hard,Retinopathy,empirical,Violin plot,98.34832622805702,1,97.58195166915188,Interval plot,98.74152456016084,0.0120345186805206,1.1595728910089633,False,Box plot,0.016363241119506,0.0247796676484443,-0.0084164265289383
Retinopathy__06,spread,soft,Retinopathy,empirical,Violin plot,98.248326809397,1,97.49818755408324,Box plot,98.74152456016084,0.012914942862285702,1.2433370060775957,False,Box plot,0.0127451489679238,0.0256600918302095,-0.012914942862285702
Retinopathy__07,five,hard,Retinopathy,empirical,Heatmap,99.28318815725882,1,99.28318815725882,Heatmap,99.28318815725882,0.0,0.0,True,Dot plot,0.012812663958309,0.0072198713200646,0.0055927926382444
Retinopathy__07,five,soft,Retinopathy,empirical,Heatmap,99.28318815725882,1,99.28318815725882,Heatmap,99.28318815725882,0.0,0.0,True,Dot plot,0.040798716701256,0.0072198713200646,0.0335788453811914
Retinopathy__07,median,hard,Retinopathy,empirical,Heatmap,99.96178638603924,1,99.96178638603924,Heatmap,99.96178638603924,0.0,0.0,True,Box plot,0.0068864321575439,0.0003822822234606,0.0065041499340833
Retinopathy__07,median,soft,Retinopathy,empirical,Heatmap,99.96178638603924,1,99.96178638603924,Heatmap,99.96178638603924,0.0,0.0,True,Box plot,0.0068864321575439,0.0003822822234606,0.0065041499340833
Retinopathy__07,spread,hard,Retinopathy,empirical,Heatmap,99.02016622550715,1,99.02016622550715,Heatmap,99.02016622550715,0.0,0.0,True,Box plot,0.0143692854163726,0.0098952951892788,0.004473990227093801
Retinopathy__07,spread,soft,Retinopathy,empirical,Heatmap,99.02016622550715,1,99.02016622550715,Histogram,99.1490543999447,0.0013128068821006995,0.12888817443754874,False,Box plot,0.0137728643150879,0.0098952951892788,0.0038775691258091
Retinopathy__08,five,hard,Retinopathy,empirical,Histogram,97.75652568013248,1,98.63471902738208,Histogram,98.63471902738208,0.0,0.0,True,Dot plot,0.0141962575778014,0.0138417890381875,0.0003544685396139006
Retinopathy__08,five,soft,Retinopathy,empirical,Histogram,98.23599930684688,1,98.11090612634344,Histogram,98.11090612634344,0.0,0.0,True,Dot plot,0.0458917629101518,0.0192546776728762,0.026637085237275596
Retinopathy__08,median,hard,Retinopathy,empirical,Heatmap,99.40891506764468,1,99.40891506764468,Interval plot,99.43550285252304,0.0002689771253977999,0.02658778487835889,False,Box plot,0.0078653452726667,0.0059459952052902,0.0019193500673764996
Retinopathy__08,median,soft,Retinopathy,empirical,Heatmap,99.40891506764468,1,99.40891506764468,Interval plot,99.43550285252304,0.0002689771253977999,0.02658778487835889,False,Box plot,0.0078653452726667,0.0059459952052902,0.0019193500673764996
Retinopathy__08,spread,hard,Retinopathy,empirical,Bar chart,98.9732123681958,1,98.9732123681958,Bar chart,98.9732123681958,0.0,0.0,True,Box plot,0.0184088361341887,0.0103743993676226,0.0080344367665661
Retinopathy__08,spread,soft,Retinopathy,empirical,Bar chart,98.9732123681958,1,98.9732123681958,Bar chart,98.9732123681958,0.0,0.0,True,Box plot,0.013052544956478,0.0103743993676226,0.0026781455888554
Retinopathy__09,five,hard,Retinopathy,empirical,Heatmap,95.6008921638645,1,95.6008921638645,Histogram,96.16309601474016,0.006115379789488798,0.5622038508756617,False,Dot plot,0.0521844386083913,0.0460153429174617,0.006169095690929605
Retinopathy__09,five,soft,Retinopathy,empirical,Heatmap,95.6008921638645,1,95.6008921638645,Histogram,95.70646735200371,0.0011538746511126977,0.10557518813921263,False,Dot plot,0.0778686446497925,0.0460153429174617,0.0318533017323308
Retinopathy__09,median,hard,Retinopathy,empirical,Histogram,99.1575909264069,1,99.23089807194046,Interval plot,99.35877050599036,0.0012969516959198003,0.12787243404990534,False,Box plot,0.0122367550129947,0.0077506295216833,0.004486125491311399
Retinopathy__09,median,soft,Retinopathy,empirical,Heatmap,98.8437602054484,1,98.8437602054484,Interval plot,99.35877050599036,0.0052439730137871,0.5150103005419595,False,Box plot,0.0122367550129947,0.0116976508395506,0.0005391041734440997
Retinopathy__09,spread,hard,Retinopathy,empirical,Interval plot,97.022476650812,1,95.33369949899344,Dot plot,97.66314329305838,0.025019296366807497,2.329443794064943,False,Box plot,0.0353075515659714,0.048947020051979,-0.013639468486007597
Retinopathy__09,spread,soft,Retinopathy,empirical,Interval plot,97.67558005722792,1,96.32862903162749,Box plot,97.61111343665992,0.0136394684860074,1.2824844050324344,False,Box plot,0.0244735100259894,0.0381129785119968,-0.0136394684860074
Retinopathy__10,five,hard,Retinopathy,empirical,Heatmap,87.8128499957148,1,87.8128499957148,Violin plot,87.81713401525538,5.5553843508610035e-05,0.004284019540577333,False,Dot plot,0.1532771461334066,0.1387854967112436,0.014491649422162994
Retinopathy__10,five,soft,Retinopathy,empirical,Histogram,87.99890542680228,1,87.89371719230806,Histogram,87.89371719230806,0.0,0.0,True,Dot plot,0.2554943168144838,0.1377377495732017,0.11775656724128211
Retinopathy__10,median,hard,Retinopathy,empirical,Interval plot,98.45424017459769,1,99.14378568000798,Interval plot,99.14378568000798,0.0,0.0,True,Box plot,0.0243261677074925,0.0086360866101633,0.015690081097329202
Retinopathy__10,median,soft,Retinopathy,empirical,Interval plot,98.45424017459769,1,99.14378568000798,Interval plot,99.14378568000798,0.0,0.0,True,Box plot,0.0243261677074925,0.0086360866101633,0.015690081097329202
Retinopathy__10,spread,hard,Retinopathy,empirical,Box plot,96.72164095475765,1,95.3411312230743,Box plot,95.3411312230743,0.0,0.0,True,Box plot,0.0488652559200826,0.0488652559200826,0.0
Retinopathy__10,spread,soft,Retinopathy,empirical,Box plot,96.72164095475766,1,95.34113122307431,Box plot,95.34113122307431,0.0,0.0,True,Box plot,0.0488652559200824,0.0488652559200824,0.0
Retinopathy__11,five,hard,Retinopathy,empirical,Heatmap,87.34906795307056,1,87.34906795307056,Heatmap,87.34906795307056,0.0,0.0,True,Dot plot,0.2261829982584293,0.1448319065490924,0.08135109170933691
Retinopathy__11,five,soft,Retinopathy,empirical,Histogram,87.45749028840427,1,87.39459741982101,Violin plot,87.66237321103745,0.003495211827415079,0.2677757912164367,False,Dot plot,0.3279297991255896,0.1442354899768679,0.18369430914872173
Retinopathy__11,median,hard,Retinopathy,empirical,Interval plot,99.36664033989663,1,98.76748321592132,Interval plot,98.76748321592132,0.0,0.0,True,Box plot,,0.0124789732809552,
Retinopathy__11,median,soft,Retinopathy,empirical,Interval plot,99.36664033989663,1,98.76748321592132,Interval plot,98.76748321592132,0.0,0.0,True,Box plot,0.0227385453407085,0.0124789732809552,0.0102595720597533
Retinopathy__11,spread,hard,Retinopathy,empirical,Heatmap,95.70408932154544,1,95.70408932154544,Heatmap,95.70408932154544,0.0,0.0,True,Box plot,,0.0448874307138664,
Retinopathy__11,spread,soft,Retinopathy,empirical,Histogram,96.1198744820174,1,95.87510505682596,Histogram,95.87510505682596,0.0,0.0,True,Box plot,0.0444502567257005,0.0430236289256652,0.0014266278000353017
Retinopathy__12,five,hard,Retinopathy,empirical,Heatmap,86.05900292021043,1,86.05900292021043,Heatmap,86.05900292021043,0.0,0.0,True,Dot plot,0.3435141411352247,0.1619934766466556,0.18152066448856913
Retinopathy__12,five,soft,Retinopathy,empirical,Violin plot,87.97732153840413,1,87.0302813847632,Violin plot,87.0302813847632,0.0,0.0,True,Dot plot,0.5289960709983148,0.1490253554150575,0.37997071558325735
Retinopathy__12,median,hard,Retinopathy,empirical,Interval plot,99.6816871047475,1,99.71910166982472,Violin plot,99.75673022614448,0.0003782657266413001,0.03762855631975981,False,Box plot,,0.0028168959153419,
Retinopathy__12,median,soft,Retinopathy,empirical,Interval plot,99.6816871047475,1,99.71910166982472,Interval plot,99.71910166982472,0.0,0.0,True,Box plot,0.006193652481015,0.0028168959153419,0.0033767565656731002
Retinopathy__12,spread,hard,Retinopathy,empirical,Heatmap,99.00751723825118,1,99.00751723825118,Heatmap,99.00751723825118,0.0,0.0,True,Box plot,,0.010024317238059,
Retinopathy__12,spread,soft,Retinopathy,empirical,Heatmap,99.00751723825118,1,99.00751723825118,Heatmap,99.00751723825118,0.0,0.0,True,Box plot,0.0253018677395882,0.010024317238059,0.0152775505015292
Retinopathy__13,five,hard,Retinopathy,empirical,Histogram,83.56029198327509,1,83.51891130411074,Histogram,83.51891130411074,0.0,0.0,True,Dot plot,0.3409464064023284,0.1973336150884197,0.14361279131390867
Retinopathy__13,five,soft,Retinopathy,empirical,Histogram,84.57649242882663,1,83.58004829630137,Histogram,83.58004829630137,0.0,0.0,True,Dot plot,0.5160848809679198,0.1964577915232582,0.3196270894446616
Retinopathy__13,median,hard,Retinopathy,empirical,Interval plot,99.6403204096785,1,99.7654730356218,Interval plot,99.7654730356218,0.0,0.0,True,Box plot,,0.0023507828634707,
Retinopathy__13,median,soft,Retinopathy,empirical,Box plot,99.97912824634112,1,99.30926448695226,Interval plot,99.7654730356218,0.004604615674784301,0.45620854866953664,False,Box plot,0.006955398538255,0.006955398538255,0.0
Retinopathy__13,spread,hard,Retinopathy,empirical,Histogram,99.2392460450985,1,99.1480734015283,Histogram,99.1480734015283,0.0,0.0,True,Box plot,,0.0085924675008215,
Retinopathy__13,spread,soft,Retinopathy,empirical,Heatmap,98.3314891049046,1,98.3314891049046,Histogram,98.3946317853626,0.0006526179176915003,0.0631426804580002,False,Box plot,0.0280058431209213,0.0169682256445374,0.0110376174763839
Retinopathy__14,five,hard,Retinopathy,empirical,Dot plot,96.68079954615446,1,98.53997036278857,Dot plot,98.53997036278857,0.0,0.0,True,Dot plot,0.0148166234659512,0.0148166234659512,0.0
Retinopathy__14,five,soft,Retinopathy,empirical,Violin plot,96.26309649993,1,96.357830834994,Dot plot,97.72407180035542,0.0145090418759229,1.3662409653614134,False,Dot plot,0.0232893304353318,0.0377983723112547,-0.0145090418759229
Retinopathy__14,median,hard,Retinopathy,empirical,Box plot,99.1994501623356,2,98.5066349451496,Dot plot,99.25870772557776,0.0076917608076313,0.7520727804281648,False,Box plot,0.0151600453683341,0.0151600453683341,0.0
Retinopathy__14,median,soft,Retinopathy,empirical,Box plot,99.1994501623356,2,98.5066349451496,Violin plot,98.95310480319544,0.0045803349197666,0.4464698580458446,False,Box plot,0.0151600453683341,0.0151600453683341,0.0
Retinopathy__14,spread,hard,Retinopathy,empirical,Interval plot,99.06454717507349,1,97.60665264102562,Heatmap,97.99112497318804,0.0040197489398470995,0.3844723321624173,False,Box plot,0.0454801361049995,0.024520330266591,0.0209598058384085
Retinopathy__14,spread,soft,Retinopathy,empirical,Box plot,99.06454717507351,2,97.60665264102562,Heatmap,97.99112497318804,0.0040197489398470995,0.3844723321624173,False,Box plot,0.024520330266591,0.024520330266591,0.0
Retinopathy__15,five,hard,Retinopathy,empirical,Dot plot,97.88354541031154,1,98.12635042951986,Dot plot,98.12635042951986,0.0,0.0,True,Dot plot,0.0190942551341079,0.0190942551341079,0.0
Retinopathy__15,five,soft,Retinopathy,empirical,Dot plot,97.42812483645,1,98.45677134160174,Dot plot,98.45677134160174,0.0,0.0,True,Dot plot,0.015674174943681,0.015674174943681,0.0
Retinopathy__15,median,hard,Retinopathy,empirical,Heatmap,99.58033010052785,1,99.58033010052785,Heatmap,99.58033010052785,0.0,0.0,True,Box plot,0.0090904241866606,0.0042143855021217,0.0048760386845389
Retinopathy__15,median,soft,Retinopathy,empirical,Heatmap,99.58033010052785,1,99.58033010052785,Heatmap,99.58033010052785,0.0,0.0,True,Box plot,0.0090904241866606,0.0042143855021217,0.0048760386845389
Retinopathy__15,spread,hard,Retinopathy,empirical,Heatmap,99.72410740249178,1,99.72410740249178,Heatmap,99.72410740249178,0.0,0.0,True,Box plot,0.0193977654541101,0.0027665587057571,0.016631206748353
Retinopathy__15,spread,soft,Retinopathy,empirical,Heatmap,99.72410740249178,1,99.72410740249178,Heatmap,99.72410740249178,0.0,0.0,True,Box plot,0.0142440948203856,0.0027665587057571,0.011477536114628501
WDBC__00,five,hard,WDBC,empirical,Dot plot,97.99449643265902,1,97.79295169120904,Dot plot,97.79295169120904,0.0,0.0,True,Dot plot,0.0225685826086928,0.0225685826086928,0.0
WDBC__00,five,soft,WDBC,empirical,Dot plot,97.50830445868505,1,98.6950725868438,Dot plot,98.6950725868438,0.0,0.0,True,Dot plot,0.013221809143592,0.013221809143592,0.0
WDBC__00,median,hard,WDBC,empirical,Violin plot,99.85937737117798,1,99.9904156558989,Violin plot,99.9904156558989,0.0,0.0,True,Box plot,0.0091843716742584,9.585262785678092e-05,0.009088519046401618
WDBC__00,median,soft,WDBC,empirical,Violin plot,99.62055138551588,1,99.81592205814208,Violin plot,99.81592205814208,0.0,0.0,True,Box plot,0.0091843716742584,0.0018441741363737,0.007340197537884699
WDBC__00,spread,hard,WDBC,empirical,Violin plot,99.42500737319313,1,98.99150200547297,Violin plot,98.99150200547297,0.0,0.0,True,Box plot,0.0252523815848457,0.0101877229266741,0.0150646586581716
WDBC__00,spread,soft,WDBC,empirical,Violin plot,99.74386907219376,1,99.13700644211634,Violin plot,99.13700644211634,0.0,0.0,True,Box plot,0.0114851051121882,0.0087050596831118,0.0027800454290763995
WDBC__01,five,hard,WDBC,empirical,Histogram,97.10293514406204,1,96.78831639628967,Dot plot,98.29446786405636,0.0158313021582597,1.506151467766685,False,Dot plot,0.0173512525476246,0.0331825547058843,-0.0158313021582597
WDBC__01,five,soft,WDBC,empirical,Histogram,96.4101337648651,1,96.1558053259786,Dot plot,96.70143388139026,0.0058679805768879975,0.5456285554116533,False,Dot plot,0.0341108294490814,0.0399788100259694,-0.0058679805768879975
WDBC__01,median,hard,WDBC,empirical,Interval plot,99.1070076245658,1,99.33203905335542,Interval plot,99.33203905335542,0.0,0.0,True,Box plot,0.0092368813765038,0.006724526678505,0.002512354697998799
WDBC__01,median,soft,WDBC,empirical,Interval plot,99.1070076245658,1,99.33203905335542,Interval plot,99.33203905335542,0.0,0.0,True,Box plot,0.0092368813765038,0.006724526678505,0.002512354697998799
WDBC__01,spread,hard,WDBC,empirical,Violin plot,99.79270999824674,1,99.70720292887243,Violin plot,99.70720292887243,0.0,0.0,True,Box plot,0.0220235647929849,0.0029365688990035,0.0190869958939814
WDBC__01,spread,soft,WDBC,empirical,Violin plot,99.37297619263316,1,99.51559104266778,Violin plot,99.51559104266778,0.0,0.0,True,Box plot,0.0154664113605619,0.0048676689979617,0.0105987423626002
WDBC__02,five,hard,WDBC,empirical,Dot plot,97.6063136571294,1,98.06616219872188,Dot plot,98.06616219872188,0.0,0.0,True,Dot plot,0.0197197255191794,0.0197197255191794,0.0
WDBC__02,five,soft,WDBC,empirical,Dot plot,97.44348582023632,1,98.47957142560486,Dot plot,98.47957142560486,0.0,0.0,True,Dot plot,0.0154390250930745,0.0154390250930745,0.0
WDBC__02,median,hard,WDBC,empirical,Heatmap,99.72236319476151,1,99.72236319476151,Heatmap,99.72236319476151,0.0,0.0,True,Box plot,0.0094178138323815,0.0027840977323837,0.0066337160999977995
WDBC__02,median,soft,WDBC,empirical,Heatmap,99.72236319476151,1,99.72236319476151,Heatmap,99.72236319476151,0.0,0.0,True,Box plot,0.0094178138323815,0.0027840977323837,0.0066337160999977995
WDBC__02,spread,hard,WDBC,empirical,Interval plot,97.27070976522091,1,97.8487423485415,Dot plot,98.083187630594,0.0024428211855293015,0.2344452820524907,False,Box plot,0.0256985211242786,0.0219855421727916,0.003712978951486999
WDBC__02,spread,soft,WDBC,empirical,Box plot,97.27070976522096,2,97.84874234854146,Box plot,97.84874234854146,0.0,0.0,True,Box plot,0.0219855421727921,0.0219855421727921,0.0
WDBC__03,five,hard,WDBC,empirical,Dot plot,97.69772771204,1,98.29064296824336,Dot plot,98.29064296824336,0.0,0.0,True,Dot plot,0.0173908418964043,0.0173908418964043,0.0
WDBC__03,five,soft,WDBC,empirical,Dot plot,96.86052466954558,1,98.0710299189993,Dot plot,98.0710299189993,0.0,0.0,True,Dot plot,0.0196691120975676,0.0196691120975676,0.0
WDBC__03,median,hard,WDBC,empirical,Interval plot,98.78250266562766,1,99.2037527741828,Interval plot,99.2037527741828,0.0,0.0,True,Box plot,0.0118168587390708,0.0080263821030006,0.003790476636070201
WDBC__03,median,soft,WDBC,empirical,Interval plot,98.78250266562766,1,99.2037527741828,Interval plot,99.2037527741828,0.0,0.0,True,Box plot,0.0118168587390708,0.0080263821030006,0.003790476636070201
WDBC__03,spread,hard,WDBC,empirical,Violin plot,98.02911065579354,1,97.94051566692724,Violin plot,97.94051566692724,0.0,0.0,True,Box plot,0.036974459497148,0.0210279098394434,0.015946549657704596
WDBC__03,spread,soft,WDBC,empirical,Violin plot,97.64054192251773,1,97.78120747027732,Violin plot,97.78120747027732,0.0,0.0,True,Box plot,0.0276910182553529,0.0226914003940597,0.004999617861293201
WDBC__04,five,hard,WDBC,empirical,Dot plot,98.11283489753676,1,98.00560598731144,Violin plot,98.13372092874036,0.0013320808893724986,0.12811494142891888,False,Dot plot,0.0203497952244361,0.0203497952244361,0.0
WDBC__04,five,soft,WDBC,empirical,Violin plot,98.06424207660096,1,98.22481963358965,Violin plot,98.22481963358965,0.0,0.0,True,Dot plot,0.0194620787721159,0.0180726253612106,0.0013894534109052982
WDBC__04,median,hard,WDBC,empirical,Interval plot,98.9551714742786,1,99.51086519135067,Interval plot,99.51086519135067,0.0,0.0,True,Box plot,0.0093661670082752,0.004915390974732,0.0044507760335431995
WDBC__04,median,soft,WDBC,empirical,Interval plot,98.9551714742786,1,99.51086519135067,Interval plot,99.51086519135067,0.0,0.0,True,Box plot,0.0093661670082752,0.004915390974732,0.0044507760335431995
WDBC__04,spread,hard,WDBC,empirical,Violin plot,99.50237187131827,1,99.04453513050233,Violin plot,99.04453513050233,0.0,0.0,True,Box plot,0.0177081435666002,0.0096468206775747,0.0080613228890255
WDBC__04,spread,soft,WDBC,empirical,Violin plot,98.86559167084532,1,98.6669400179197,Dot plot,99.56336268792433,0.0091251836849629,0.8964226700046254,False,Box plot,0.01873233401655,0.0135107056308648,0.0052216283856852015
WDBC__05,five,hard,WDBC,empirical,Dot plot,97.8381487520616,1,98.30421557313812,Dot plot,98.30421557313812,0.0,0.0,True,Dot plot,0.0172503734145584,0.0172503734145584,0.0
WDBC__05,five,soft,WDBC,empirical,Dot plot,97.25916223602898,1,98.27473487970808,Dot plot,98.27473487970808,0.0,0.0,True,Dot plot,0.0175555306499042,0.0175555306499042,0.0
WDBC__05,median,hard,WDBC,empirical,Interval plot,99.36698735618462,1,99.51850363321677,Interval plot,99.51850363321677,0.0,0.0,True,Box plot,0.0076104606493109,0.0048382597125638,0.0027722009367471
WDBC__05,median,soft,WDBC,empirical,Interval plot,99.36698735618462,1,99.51850363321677,Interval plot,99.51850363321677,0.0,0.0,True,Box plot,0.0076104606493109,0.0048382597125638,0.0027722009367471
WDBC__05,spread,hard,WDBC,empirical,Box plot,97.82208594039538,1,98.00094640007092,Interval plot,99.00563360566602,0.010354775667406299,1.0046872055951042,False,Box plot,0.0203983091323251,0.0203983091323251,0.0
WDBC__05,spread,soft,WDBC,empirical,Dot plot,98.05791450583048,1,97.81882639585746,Box plot,99.005633605666,0.0122545627657154,1.1868072098085491,False,Box plot,0.0100435334649189,0.0222980962306343,-0.0122545627657154
WDBC__06,five,hard,WDBC,empirical,Dot plot,97.6564463517897,1,97.66837334745452,Dot plot,97.66837334745452,0.0,0.0,True,Dot plot,0.0238728932676163,0.0238728932676163,0.0
WDBC__06,five,soft,WDBC,empirical,Heatmap,95.98883413363698,1,95.98883413363698,Dot plot,97.80719687306303,0.0193681881075054,1.8183627394260498,False,Dot plot,0.022419650056865,0.0417878381643704,-0.0193681881075054
WDBC__06,median,hard,WDBC,empirical,Interval plot,99.27211597495032,1,99.63347707894424,Interval plot,99.63347707894424,0.0,0.0,True,Box plot,0.0075226252152025,0.0036787125351986,0.0038439126800038997
WDBC__06,median,soft,WDBC,empirical,Interval plot,99.27211597495032,1,99.63347707894424,Interval plot,99.63347707894424,0.0,0.0,True,Box plot,0.0075226252152025,0.0036787125351986,0.0038439126800038997
WDBC__06,spread,hard,WDBC,empirical,Violin plot,99.68307647054218,1,99.71783041507008,Violin plot,99.71783041507008,0.0,0.0,True,Box plot,0.0225678756456077,0.0028296803465879,0.019738195299019802
WDBC__06,spread,soft,WDBC,empirical,Violin plot,99.29661004356988,1,99.3852410170217,Violin plot,99.3852410170217,0.0,0.0,True,Box plot,0.0112605345299953,0.0061856164626398,0.0050749180673555
WDBC__07,five,hard,WDBC,empirical,Dot plot,96.03253114015608,1,96.8760258731514,Dot plot,96.8760258731514,0.0,0.0,True,Dot plot,0.0322471333716675,0.0322471333716675,0.0
WDBC__07,five,soft,WDBC,empirical,Dot plot,97.0686822657309,1,98.26618238993392,Dot plot,98.26618238993392,0.0,0.0,True,Dot plot,0.0176440924832722,0.0176440924832722,0.0
WDBC__07,median,hard,WDBC,empirical,Histogram,99.43664065908816,1,99.39863604372138,Box plot,99.76594095832812,0.0037039405828325996,0.3673049146067342,False,Box plot,0.0023460816329058,0.0060500222157384,-0.0037039405828325996
WDBC__07,median,soft,WDBC,empirical,Histogram,99.65327196286502,1,99.32592926788864,Box plot,99.76594095832812,0.004440371180370601,0.4400116904394764,False,Box plot,0.0023460816329058,0.0067864528132764,-0.004440371180370601
WDBC__07,spread,hard,WDBC,empirical,Box plot,98.64675910846562,1,98.38170319743,Box plot,98.38170319743,0.0,0.0,True,Box plot,0.0164491643260379,0.0164491643260379,0.0
WDBC__07,spread,soft,WDBC,empirical,Box plot,98.54093249933123,2,98.11054243118114,Dot plot,98.43660308574036,0.0033761839491058994,0.32606065455921396,False,Box plot,0.019258456043541,0.019258456043541,0.0
WDBC__08,five,hard,WDBC,empirical,Dot plot,98.49342881358652,1,98.81802722177729,Dot plot,98.81802722177729,0.0,0.0,True,Dot plot,0.0119611047847579,0.0119611047847579,0.0
WDBC__08,five,soft,WDBC,empirical,Dot plot,96.7525792680488,1,98.11235011897058,Dot plot,98.11235011897058,0.0,0.0,True,Dot plot,0.019239676541643,0.019239676541643,0.0
WDBC__08,median,hard,WDBC,empirical,Heatmap,99.89273218886412,1,99.89273218886412,Heatmap,99.89273218886412,0.0,0.0,True,Box plot,0.0050409816582452,0.0010738299852793,0.0039671516729658995
WDBC__08,median,soft,WDBC,empirical,Heatmap,99.89273218886412,1,99.89273218886412,Heatmap,99.89273218886412,0.0,0.0,True,Box plot,0.0050409816582452,0.0010738299852793,0.0039671516729658995
WDBC__08,spread,hard,WDBC,empirical,Dot plot,98.76421236483527,1,97.5907679386805,Box plot,97.63436009028617,0.00045750609652080165,0.04359215160566521,False,Box plot,0.0242295838015042,0.024687089898025,-0.00045750609652080165
WDBC__08,spread,soft,WDBC,empirical,Interval plot,97.69140798412246,2,97.3730422925452,Dot plot,97.91355401442851,0.0056692232946404,0.5405117218833198,False,Box plot,0.0269782852174055,0.0269782852174058,-2.983724378680108e-16
WDBC__09,five,hard,WDBC,empirical,Dot plot,98.3909759908328,1,98.601728432738,Dot plot,98.601728432738,0.0,0.0,True,Dot plot,0.0141810046282894,0.0141810046282894,0.0
WDBC__09,five,soft,WDBC,empirical,Dot plot,96.2186099299084,1,98.13063721140098,Dot plot,98.13063721140098,0.0,0.0,True,Dot plot,0.0190497365728083,0.0190497365728083,0.0
WDBC__09,median,hard,WDBC,empirical,Bar chart,99.5071119379541,3,98.48845616926668,Dot plot,99.5144531850004,0.010468262557375,1.0259970157337222,False,Box plot,0.0103941264879788,0.0153474213072799,-0.0049532948193011
WDBC__09,median,soft,WDBC,empirical,Box plot,99.5071119379541,2,98.97127999703366,Interval plot,99.21447149765002,0.0024766474096510997,0.24319150061636208,False,Box plot,0.0103941264879788,0.0103941264879788,0.0
WDBC__09,spread,hard,WDBC,empirical,Dot plot,99.03317868352735,1,98.28358653185197,Dot plot,98.28358653185197,0.0,0.0,True,Box plot,0.0404497897491927,0.0174638871933287,0.022985902555864
WDBC__09,spread,soft,WDBC,empirical,Dot plot,97.86607761361432,1,99.12897252736208,Dot plot,99.12897252736208,0.0,0.0,True,Box plot,0.0219149691786796,0.0087868102576925,0.013128158920987098
WDBC__10,five,hard,WDBC,empirical,Dot plot,96.95589939220456,1,97.97517644762124,Dot plot,97.97517644762124,0.0,0.0,True,Dot plot,0.0206666997273668,0.0206666997273668,0.0
WDBC__10,five,soft,WDBC,empirical,Dot plot,96.6310477209425,1,97.93593857303672,Dot plot,97.93593857303672,0.0,0.0,True,Dot plot,0.0210756281814154,0.0210756281814154,0.0
WDBC__10,median,hard,WDBC,empirical,Interval plot,98.54644035154958,1,99.04858058470217,Interval plot,99.04858058470217,0.0,0.0,True,Box plot,0.0150310764018658,0.0096055835397282,0.0054254928621376
WDBC__10,median,soft,WDBC,empirical,Interval plot,98.54644035154958,1,99.04858058470217,Interval plot,99.04858058470217,0.0,0.0,True,Box plot,0.0150310764018658,0.0096055835397282,0.0054254928621376
WDBC__10,spread,hard,WDBC,empirical,Interval plot,96.71147887174264,1,99.8679585195437,Interval plot,99.8679585195437,0.0,0.0,True,Box plot,0.0227539224438759,0.0013221606049997,0.0214317618388762
WDBC__10,spread,soft,WDBC,empirical,Dot plot,96.99479829291072,1,97.90727671640876,Interval plot,99.8679585195438,0.0200523822663434,1.9606818031350457,False,Box plot,0.0013221606049992,0.0213745428713422,-0.020052382266343
WDBC__11,five,hard,WDBC,empirical,Dot plot,97.868365177043,1,97.76336679264377,Dot plot,97.76336679264377,0.0,0.0,True,Dot plot,0.022878029682633,0.022878029682633,0.0
WDBC__11,five,soft,WDBC,empirical,Dot plot,96.9585454823677,1,98.0157615940046,Dot plot,98.0157615940046,0.0,0.0,True,Dot plot,0.0202440747664077,0.0202440747664077,0.0
WDBC__11,median,hard,WDBC,empirical,Interval plot,99.3692070079874,1,99.36255725912328,Interval plot,99.36255725912328,0.0,0.0,True,Box plot,0.0097743983346939,0.0064153214093953,0.0033590769252986
WDBC__11,median,soft,WDBC,empirical,Interval plot,99.3692070079874,1,99.36255725912328,Interval plot,99.36255725912328,0.0,0.0,True,Box plot,0.0097743983346939,0.0064153214093953,0.0033590769252986
WDBC__11,spread,hard,WDBC,empirical,Dot plot,98.03703494231566,1,97.7412549972891,Interval plot,98.97784153463192,0.0127822887597944,1.2365865373428164,False,Box plot,0.0191833340484694,0.0231094331945456,-0.003926099146076202
WDBC__11,spread,soft,WDBC,empirical,Dot plot,98.12125950385445,1,98.42341456945825,Box plot,98.97784153463192,0.005691253600293,0.5544269651736755,False,Box plot,0.0103271444347513,0.0160183980350443,-0.005691253600293
WDBC__12,five,hard,WDBC,empirical,Dot plot,96.71721259609244,1,98.13091682997414,Dot plot,98.13091682997414,0.0,0.0,True,Dot plot,0.0190468328474329,0.0190468328474329,0.0
WDBC__12,five,soft,WDBC,empirical,Dot plot,97.97389343233608,1,98.09936023974235,Dot plot,98.09936023974235,0.0,0.0,True,Dot plot,0.0193746397082785,0.0193746397082785,0.0
WDBC__12,median,hard,WDBC,empirical,Interval plot,98.49450503795175,1,99.44392979429948,Interval plot,99.44392979429948,0.0,0.0,True,Box plot,0.0114471396618335,0.0055917963705854,0.0058553432912481
WDBC__12,median,soft,WDBC,empirical,Interval plot,98.49450503795175,1,99.44392979429948,Interval plot,99.44392979429948,0.0,0.0,True,Box plot,0.0114471396618335,0.0055917963705854,0.0058553432912481
WDBC__12,spread,hard,WDBC,empirical,Heatmap,98.84709894637191,1,98.84709894637191,Histogram,99.41764656448488,0.005805832346354601,0.5705476181129683,False,Box plot,0.0228942793236672,0.011663478907495,0.0112308004161722
WDBC__12,spread,soft,WDBC,empirical,Heatmap,98.84709894637191,1,98.84709894637191,Heatmap,98.84709894637191,0.0,0.0,True,Box plot,0.0251499519030516,0.011663478907495,0.013486472995556598
WDBC__13,five,hard,WDBC,empirical,Dot plot,94.79291900996397,1,96.8625186851989,Dot plot,96.8625186851989,0.0,0.0,True,Dot plot,0.0323910771409717,0.0323910771409717,0.0
WDBC__13,five,soft,WDBC,empirical,Dot plot,95.08126159561952,1,97.44882786411624,Dot plot,97.44882786411624,0.0,0.0,True,Dot plot,0.0261796082292662,0.0261796082292662,0.0
WDBC__13,median,hard,WDBC,empirical,Box plot,98.55790578026456,1,98.7570662909867,Interval plot,99.12956517588012,0.0038049906651457,0.3724988848934174,False,Box plot,0.0125857698663405,0.0125857698663405,0.0
WDBC__13,median,soft,WDBC,empirical,Box plot,98.55790578026456,1,98.7570662909867,Interval plot,99.12956517588012,0.0038049906651457,0.3724988848934174,False,Box plot,0.0125857698663405,0.0125857698663405,0.0
WDBC__13,spread,hard,WDBC,empirical,Violin plot,99.09743293335934,1,99.82045562276494,Violin plot,99.82045562276494,0.0,0.0,True,Box plot,0.0432200455869166,0.0017986731889262,0.041421372397990396
WDBC__13,spread,soft,WDBC,empirical,Violin plot,98.58952813937468,1,99.5027042233944,Violin plot,99.5027042233944,0.0,0.0,True,Box plot,0.025171539732681,0.0049978116724258,0.0201737280602552
WDBC__14,five,hard,WDBC,empirical,Dot plot,97.96338821705864,1,98.50213304745203,Dot plot,98.50213304745203,0.0,0.0,True,Dot plot,0.0152064417917365,0.0152064417917365,0.0
WDBC__14,five,soft,WDBC,empirical,Violin plot,96.9737193647204,1,96.98839379401426,Violin plot,96.98839379401426,0.0,0.0,True,Dot plot,0.0313564607973814,0.0310512019858979,0.00030525881148350115
WDBC__14,median,hard,WDBC,empirical,Box plot,99.7323321370076,2,99.15886281448547,Interval plot,99.41009604366212,0.002548678466276399,0.25123322917664836,False,Box plot,0.0084827231942766,0.0084827231942766,0.0
WDBC__14,median,soft,WDBC,empirical,Box plot,99.7323321370076,2,99.15886281448547,Interval plot,99.41009604366212,0.002548678466276399,0.25123322917664836,False,Box plot,0.0084827231942766,0.0084827231942766,0.0
WDBC__14,spread,hard,WDBC,empirical,Box plot,96.75051485724104,1,98.22350573697804,Box plot,98.22350573697804,0.0,0.0,True,Box plot,0.0180862437121623,0.0180862437121623,0.0
WDBC__14,spread,soft,WDBC,empirical,Box plot,96.2392293391269,2,97.5183368269912,Box plot,97.5183368269912,0.0,0.0,True,Box plot,0.02544816958283,0.02544816958283,0.0
WDBC__15,five,hard,WDBC,empirical,Dot plot,96.7632868845072,1,98.02077373390166,Dot plot,98.02077373390166,0.0,0.0,True,Dot plot,0.0201919061715567,0.0201919061715567,0.0
WDBC__15,five,soft,WDBC,empirical,Violin plot,97.26385836233864,1,96.82657488675083,Dot plot,97.96419968285775,0.011993255480962504,1.1376247961069197,False,Dot plot,0.0207810641411126,0.0327743196220751,-0.011993255480962504
WDBC__15,median,hard,WDBC,empirical,Box plot,99.9590841982522,2,99.27573382905288,Interval plot,99.43420258370752,0.0016053315599056997,0.15846875465463484,False,Box plot,0.0072955005519703,0.0072955005519703,0.0
WDBC__15,median,soft,WDBC,empirical,Box plot,99.9590841982522,2,99.27573382905288,Interval plot,99.43420258370752,0.0016053315599056997,0.15846875465463484,False,Box plot,0.0072955005519703,0.0072955005519703,0.0
WDBC__15,spread,hard,WDBC,empirical,Interval plot,99.59395209924404,1,98.56188344977784,Violin plot,98.59775978254986,0.0003691747607996003,0.03587633277201974,False,Box plot,0.0240299244441656,0.0145910011039405,0.009438923340225102
WDBC__15,spread,soft,WDBC,empirical,Interval plot,99.59395209924422,2,98.5618834497778,Violin plot,99.3817615660042,0.0083701571155274,0.8198781162264055,False,Box plot,0.0145910011039407,0.0145910011039407,0.0
WDBC__16,five,hard,WDBC,empirical,Dot plot,97.18774566476232,1,98.20946525954628,Dot plot,98.20946525954628,0.0,0.0,True,Dot plot,0.0182317940100959,0.0182317940100959,0.0
WDBC__16,five,soft,WDBC,empirical,Dot plot,96.13578327481537,1,98.32136895616809,Dot plot,98.32136895616809,0.0,0.0,True,Dot plot,0.017072901462349,0.017072901462349,0.0
WDBC__16,median,hard,WDBC,empirical,Interval plot,98.53621980710872,1,99.04185645538011,Dot plot,99.2040072645354,0.0016503312846679,0.16215080915529256,False,Box plot,0.0133867433802707,0.0096741274740901,0.0037126159061806
WDBC__16,median,soft,WDBC,empirical,Interval plot,98.53621980710872,1,99.04185645538011,Interval plot,99.04185645538011,0.0,0.0,True,Box plot,0.0133867433802707,0.0096741274740901,0.0037126159061806
WDBC__16,spread,hard,WDBC,empirical,Interval plot,98.12393365317276,1,99.9094527552404,Interval plot,99.9094527552404,0.0,0.0,True,Box plot,0.0231567862614099,0.0009062930710014,0.022250493190408498
WDBC__16,spread,soft,WDBC,empirical,Box plot,98.12393365317274,2,99.90945275524037,Box plot,99.90945275524037,0.0,0.0,True,Box plot,0.0009062930710015,0.0009062930710015,0.0
WDBC__17,five,hard,WDBC,empirical,Dot plot,97.28895106788777,1,98.23964550793796,Dot plot,98.23964550793796,0.0,0.0,True,Dot plot,0.0179189825346001,0.0179189825346001,0.0
WDBC__17,five,soft,WDBC,empirical,Violin plot,97.02335481891232,1,96.9848018062756,Dot plot,97.15392879535072,0.0017949355824008993,0.16912698907512436,False,Dot plot,0.0292944530389951,0.031089388621396,-0.0017949355824008993
WDBC__17,median,hard,WDBC,empirical,Box plot,99.48068904950266,2,99.1861986051248,Violin plot,99.55170431830176,0.0037016403822230995,0.3655057131769581,False,Box plot,0.0082047846002756,0.0082047846002756,0.0
WDBC__17,median,soft,WDBC,empirical,Violin plot,99.944596360205,1,99.86527917567447,Violin plot,99.86527917567447,0.0,0.0,True,Box plot,0.0082047846002756,0.0013490256617471,0.0068557589385285
WDBC__17,spread,hard,WDBC,empirical,Histogram,99.23202810971928,1,99.2728282492687,Histogram,99.2728282492687,0.0,0.0,True,Box plot,0.01659969118492,0.0073249827123432,0.0092747084725768
WDBC__17,spread,soft,WDBC,empirical,Histogram,99.15272187770948,1,98.93912584037508,Histogram,98.93912584037508,0.0,0.0,True,Box plot,0.0162194472161824,0.010722493761836,0.0054969534543464
WDBC__18,five,hard,WDBC,empirical,Dot plot,97.4399053435248,1,97.7253726333764,Dot plot,97.7253726333764,0.0,0.0,True,Dot plot,0.0232757093202092,0.0232757093202092,0.0
WDBC__18,five,soft,WDBC,empirical,Dot plot,98.0687595171329,1,98.65526052233626,Dot plot,98.65526052233626,0.0,0.0,True,Dot plot,0.0136306920740356,0.0136306920740356,0.0
WDBC__18,median,hard,WDBC,empirical,Interval plot,99.25148046918548,1,99.4685318052622,Interval plot,99.4685318052622,0.0,0.0,True,Box plot,0.0081224004295925,0.0053430787113486,0.0027793217182439005
WDBC__18,median,soft,WDBC,empirical,Interval plot,99.25148046918548,1,99.4685318052622,Interval plot,99.4685318052622,0.0,0.0,True,Box plot,0.0081224004295925,0.0053430787113486,0.0027793217182439005
WDBC__18,spread,hard,WDBC,empirical,Heatmap,98.11220672982516,1,98.11220672982516,Interval plot,98.3915841534186,0.002894078527823498,0.279377423593445,False,Box plot,0.0245717747972941,0.0192411661412666,0.0053306086560275
WDBC__18,spread,soft,WDBC,empirical,Heatmap,98.11220672982516,1,98.11220672982516,Box plot,98.39158415341863,0.0028940785278236993,0.2793774235934734,False,Box plot,0.0163470876134429,0.0192411661412666,-0.0028940785278236993
WDBC__19,five,hard,WDBC,empirical,Dot plot,97.44463250958016,1,98.80330849625528,Dot plot,98.80330849625528,0.0,0.0,True,Dot plot,0.0121118565962806,0.0121118565962806,0.0
WDBC__19,five,soft,WDBC,empirical,Violin plot,94.3102346807986,1,94.47731569673688,Dot plot,94.85203185386852,0.004181462781224998,0.37471615713164397,False,Dot plot,0.0542736728514426,0.0584551356326676,-0.004181462781224998
WDBC__19,median,hard,WDBC,empirical,Interval plot,99.00583825621712,1,99.19440831354278,Interval plot,99.19440831354278,0.0,0.0,True,Box plot,0.0103931439200575,0.0081213417182835,0.002271802201774
WDBC__19,median,soft,WDBC,empirical,Interval plot,99.00583825621712,1,99.19440831354278,Interval plot,99.19440831354278,0.0,0.0,True,Box plot,0.0103931439200575,0.0081213417182835,0.002271802201774
WDBC__19,spread,hard,WDBC,empirical,Interval plot,97.72018888407118,1,98.06859483151425,Box plot,98.16634245174517,0.001015344989921601,0.0977476202309191,False,Box plot,0.0186790859520533,0.0196944309419749,-0.001015344989921601
WDBC__19,spread,soft,WDBC,empirical,Box plot,97.72018888407116,2,98.0685948315142,Interval plot,98.06859483151425,2.0122792321330962e-16,4.263256414560601e-14,True,Box plot,0.0196944309419751,0.0196944309419751,0.0
WDBC__20,five,hard,WDBC,empirical,Dot plot,97.73619243174994,1,97.82635080007488,Dot plot,97.82635080007488,0.0,0.0,True,Dot plot,0.0222194652273941,0.0222194652273941,0.0
WDBC__20,five,soft,WDBC,empirical,Dot plot,97.4554979692816,1,98.36608254967294,Dot plot,98.36608254967294,0.0,0.0,True,Dot plot,0.0166105776297633,0.0166105776297633,0.0
WDBC__20,median,hard,WDBC,empirical,Interval plot,99.3632047579662,1,99.19223662880864,Interval plot,99.19223662880864,0.0,0.0,True,Box plot,0.0112290521692956,0.0081434132210783,0.0030856389482172997
WDBC__20,median,soft,WDBC,empirical,Interval plot,99.3632047579662,1,99.19223662880864,Interval plot,99.19223662880864,0.0,0.0,True,Box plot,0.0112290521692956,0.0081434132210783,0.0030856389482172997
WDBC__20,spread,hard,WDBC,empirical,Interval plot,98.17303550990697,1,98.33948375947958,Interval plot,98.33948375947958,0.0,0.0,True,Box plot,0.0205741511166843,0.0168855497002785,0.0036886014164057984
WDBC__20,spread,soft,WDBC,empirical,Dot plot,98.45797532568858,1,98.23156909672704,Interval plot,98.33948375947962,0.0011171241807794996,0.10791466275257733,False,Box plot,0.0168855497002784,0.0180026738810576,-0.0011171241807791978
WDBC__21,five,hard,WDBC,empirical,Dot plot,96.71265930098517,1,97.83603393146824,Dot plot,97.83603393146824,0.0,0.0,True,Dot plot,0.0221182930416779,0.0221182930416779,0.0
WDBC__21,five,soft,WDBC,empirical,Dot plot,97.30535183065844,1,97.91300950848192,Dot plot,97.91300950848192,0.0,0.0,True,Dot plot,0.0213147415445061,0.0213147415445061,0.0
WDBC__21,median,hard,WDBC,empirical,Violin plot,99.7006553064484,1,99.52713195103638,Violin plot,99.52713195103638,0.0,0.0,True,Box plot,0.0078680754452429,0.0047511471464509,0.0031169282987920004
WDBC__21,median,soft,WDBC,empirical,Violin plot,99.76950746316965,1,99.5907735412285,Violin plot,99.5907735412285,0.0,0.0,True,Box plot,0.0078680754452429,0.0041090800304115,0.0037589954148314004
WDBC__21,spread,hard,WDBC,empirical,Bar chart,99.59050088180936,2,99.59050088180936,Interval plot,99.5905008818094,6.999609225566417e-16,4.263256414560601e-14,True,Box plot,0.0183001716109069,0.0041118290857543,0.014188342525152598
WDBC__21,spread,soft,WDBC,empirical,Bar chart,99.59050088180936,1,99.59050088180936,Bar chart,99.59050088180936,0.0,0.0,True,Box plot,0.0041118290857543,0.0041118290857543,0.0
WDBC__22,five,hard,WDBC,empirical,Dot plot,97.9672822493562,1,97.82160918179908,Dot plot,97.82160918179908,0.0,0.0,True,Dot plot,0.0222690143458225,0.0222690143458225,0.0
WDBC__22,five,soft,WDBC,empirical,Dot plot,97.20490667679668,1,98.84225566748852,Dot plot,98.84225566748852,0.0,0.0,True,Dot plot,0.0117130505034831,0.0117130505034831,0.0
WDBC__22,median,hard,WDBC,empirical,Violin plot,99.2481502507482,1,99.53837794135436,Interval plot,99.56356728611556,0.0002541709209941999,0.025189344761201937,False,Box plot,0.0094922772837247,0.0046376289044777,0.004854648379247001
WDBC__22,median,soft,WDBC,empirical,Interval plot,98.92914531244716,1,99.56356728611556,Interval plot,99.56356728611556,0.0,0.0,True,Box plot,0.0094922772837247,0.0043834579834835,0.0051088193002412005
WDBC__22,spread,hard,WDBC,empirical,Violin plot,99.95091548102964,1,99.74321237034552,Violin plot,99.74321237034552,0.0,0.0,True,Box plot,0.0232658224936611,0.0025744872613589,0.0206913352323022
WDBC__22,spread,soft,WDBC,empirical,Violin plot,99.94729733627366,1,99.79005563710366,Violin plot,99.79005563710366,0.0,0.0,True,Box plot,0.0042812679262114,0.002103860565624,0.0021774073605874003
WDBC__23,five,hard,WDBC,empirical,Dot plot,97.49906939147849,1,97.57832654836916,Dot plot,97.57832654836916,0.0,0.0,True,Dot plot,0.02481773911577,0.02481773911577,0.0
WDBC__23,five,soft,WDBC,empirical,Dot plot,95.97980041575909,1,98.01381780676682,Dot plot,98.01381780676682,0.0,0.0,True,Dot plot,0.0202643080096003,0.0202643080096003,0.0
WDBC__23,median,hard,WDBC,empirical,Histogram,98.9412510501014,1,99.61883811858182,Histogram,99.61883811858182,0.0,0.0,True,Box plot,0.0100430737217892,0.003826202840917,0.006216870880872199
WDBC__23,median,soft,WDBC,empirical,Dot plot,99.01565469652006,1,99.81745044875775,Dot plot,99.81745044875775,0.0,0.0,True,Box plot,0.0100430737217892,0.0018288340407569,0.0082142396810323
WDBC__23,spread,hard,WDBC,empirical,Dot plot,98.0747542965608,1,98.05951635981242,Dot plot,98.05951635981242,0.0,0.0,True,Box plot,0.0319822529589739,0.01978883551768,0.012193417441293902
WDBC__23,spread,soft,WDBC,empirical,Dot plot,97.8119205959718,1,98.34284274448736,Dot plot,98.34284274448736,0.0,0.0,True,Box plot,0.0200861474435786,0.0168508170931995,0.003235330350379099
WDBC__24,five,hard,WDBC,empirical,Dot plot,97.516354901421,1,97.71009164483648,Dot plot,97.71009164483648,0.0,0.0,True,Dot plot,0.0234357405321761,0.0234357405321761,0.0
WDBC__24,five,soft,WDBC,empirical,Dot plot,97.04291793834032,1,98.56441774818832,Dot plot,98.56441774818832,0.0,0.0,True,Dot plot,0.0145649138361402,0.0145649138361402,0.0
WDBC__24,median,hard,WDBC,empirical,Box plot,99.59148110864326,2,99.1766364437779,Interval plot,99.55060865891387,0.003787791297605001,0.37397221513597856,False,Box plot,0.0083019911316397,0.0083019911316397,0.0
WDBC__24,median,soft,WDBC,empirical,Box plot,99.59148110864326,2,99.1766364437779,Interval plot,99.55060865891387,0.003787791297605001,0.37397221513597856,False,Box plot,0.0083019911316397,0.0083019911316397,0.0
WDBC__24,spread,hard,WDBC,empirical,Interval plot,97.7779544266558,1,98.36672071396832,Box plot,98.46244212587855,0.000988303422450201,0.0957214119102332,False,Box plot,0.015615678840829,0.0166039822632792,-0.000988303422450201
WDBC__24,spread,soft,WDBC,empirical,Box plot,97.77795442665588,2,98.36672071396832,Interval plot,98.3667207139684,7.008282842946301e-16,8.526512829121202e-14,True,Box plot,0.0166039822632792,0.0166039822632792,0.0
WDBC__25,five,hard,WDBC,empirical,Dot plot,97.66849193115512,1,98.58559859916012,Dot plot,98.58559859916012,0.0,0.0,True,Dot plot,0.0143469372904119,0.0143469372904119,0.0
WDBC__25,five,soft,WDBC,empirical,Dot plot,97.49400845643716,1,98.56311582207782,Dot plot,98.56311582207782,0.0,0.0,True,Dot plot,0.014578315284959,0.014578315284959,0.0
WDBC__25,median,hard,WDBC,empirical,Heatmap,99.36528045148948,1,99.36528045148948,Interval plot,99.64903190093278,0.0028656974824483,0.2837514494433009,False,Box plot,0.0080308635564444,0.0063877397178021,0.0016431238386423004
WDBC__25,median,soft,WDBC,empirical,Heatmap,99.36528045148948,1,99.36528045148948,Interval plot,99.64903190093278,0.0028656974824483,0.2837514494433009,False,Box plot,0.0080308635564444,0.0063877397178021,0.0016431238386423004
WDBC__25,spread,hard,WDBC,empirical,Box plot,97.8117087713984,1,98.02495832407276,Interval plot,99.59300044997842,0.016061727112888897,1.568042125905663,False,Box plot,0.0201483551709118,0.0201483551709118,0.0
WDBC__25,spread,soft,WDBC,empirical,Box plot,97.37523497891928,2,99.5930004499784,Interval plot,99.59300044997843,3.9985376121265404e-16,2.842170943040401e-14,True,Box plot,0.0040866280580232,0.0040866280580232,0.0
WDBC__26,five,hard,WDBC,empirical,Histogram,98.6183751847052,1,97.98276823394995,Dot plot,98.2777817938778,0.0030636343311525004,0.2950135599278525,False,Dot plot,0.0175239832919132,0.0205876176230657,-0.0030636343311525004
WDBC__26,five,soft,WDBC,empirical,Heatmap,96.91318298423322,1,96.91318298423322,Dot plot,98.0860399379513,0.012338290419399402,1.1728569537180817,False,Dot plot,0.0195130730454554,0.0318513634648548,-0.012338290419399402
WDBC__26,median,hard,WDBC,empirical,Interval plot,99.8788482769126,2,99.61415772449148,Histogram,99.6495160753664,0.0003562014967279999,0.035358350874929556,False,Box plot,0.0075932384222501,0.0038733678457199,0.0037198705765302
WDBC__26,median,soft,WDBC,empirical,Interval plot,99.8788482769126,2,99.61415772449148,Interval plot,99.61415772449148,0.0,0.0,True,Box plot,0.0075932384222501,0.0038733678457199,0.0037198705765302
WDBC__26,spread,hard,WDBC,empirical,Interval plot,98.04266830481204,1,98.32750913589088,Interval plot,98.32750913589088,0.0,0.0,True,Box plot,0.018832301395833,0.0170093891201667,0.0018229122756663017
WDBC__26,spread,soft,WDBC,empirical,Violin plot,98.28167878951656,1,98.45051551284668,Violin plot,98.45051551284668,0.0,0.0,True,Box plot,0.0170093891201665,0.0157387138003468,0.0012706753198197009
WDBC__27,five,hard,WDBC,empirical,Dot plot,97.25711053781542,1,97.9610625279808,Dot plot,97.9610625279808,0.0,0.0,True,Dot plot,0.0208137541529504,0.0208137541529504,0.0
WDBC__27,five,soft,WDBC,empirical,Dot plot,96.34418170736926,1,97.78647659396512,Dot plot,97.78647659396512,0.0,0.0,True,Dot plot,0.022636293720102,0.022636293720102,0.0
WDBC__27,median,hard,WDBC,empirical,Interval plot,99.05939792066016,1,99.48726008749264,Interval plot,99.48726008749264,0.0,0.0,True,Box plot,0.0071111514395749,0.0051538248420597,0.0019573265975152
WDBC__27,median,soft,WDBC,empirical,Interval plot,99.05939792066016,1,99.48726008749264,Interval plot,99.48726008749264,0.0,0.0,True,Box plot,0.0071111514395749,0.0051538248420597,0.0019573265975152
WDBC__27,spread,hard,WDBC,empirical,Heatmap,99.42978403097528,1,99.42978403097528,Heatmap,99.42978403097528,0.0,0.0,True,Box plot,0.0142223028791495,0.0057348607822287,0.0084874420969208
WDBC__27,spread,soft,WDBC,empirical,Heatmap,99.42978403097528,1,99.42978403097528,Heatmap,99.42978403097528,0.0,0.0,True,Box plot,0.0153208847056154,0.0057348607822287,0.0095860239233867
WDBC__28,five,hard,WDBC,empirical,Violin plot,95.95527175949852,1,95.98741627777716,Dot plot,97.81180112979304,0.0194317045960102,1.824384852015882,False,Dot plot,0.0223715220958182,0.0418032266918284,-0.0194317045960102
WDBC__28,five,soft,WDBC,empirical,Dot plot,98.14631197617877,1,98.73886549055744,Dot plot,98.73886549055744,0.0,0.0,True,Dot plot,0.0127724225225493,0.0127724225225493,0.0
WDBC__28,median,hard,WDBC,empirical,Interval plot,99.8711505430474,2,99.7320783483084,Heatmap,99.82981056557058,0.0009816182751812,0.09773221726217685,False,Box plot,0.0026864140016806,0.0026864140016804,1.9992688060632702e-16
WDBC__28,median,soft,WDBC,empirical,Interval plot,99.8711505430474,2,99.7320783483084,Heatmap,99.82981056557058,0.0009816182751812,0.09773221726217685,False,Box plot,0.0026864140016806,0.0026864140016804,1.9992688060632702e-16
WDBC__28,spread,hard,WDBC,empirical,Interval plot,98.06445408030044,1,99.03667599290104,Interval plot,99.03667599290104,0.0,0.0,True,Box plot,0.0282661331609081,0.0097269420388059,0.0185391911221022
WDBC__28,spread,soft,WDBC,empirical,Dot plot,98.77370602349666,1,99.127768730193,Dot plot,99.127768730193,0.0,0.0,True,Box plot,0.0097269420388062,0.0087990608583258,0.0009278811804803999
WDBC__29,five,hard,WDBC,empirical,Violin plot,97.53639865447242,1,97.6225150709174,Dot plot,97.8559960142891,0.0024440720548134023,0.23348094337170266,False,Dot plot,0.0219097865540893,0.0243538586089027,-0.0024440720548134023
WDBC__29,five,soft,WDBC,empirical,Violin plot,97.4125868946222,1,97.485264944985,Violin plot,97.485264944985,0.0,0.0,True,Dot plot,0.0362942757216319,0.0257960529361455,0.0104982227854864
WDBC__29,median,hard,WDBC,empirical,Histogram,99.13526058114032,1,99.39802325455187,Interval plot,99.48587530954111,0.0008884085955278998,0.08785205498924142,False,Box plot,0.0094408981895207,0.00605622451773,0.0033846736717907007
WDBC__29,median,soft,WDBC,empirical,Histogram,99.26674176471856,1,99.50469795865534,Histogram,99.50469795865534,0.0,0.0,True,Box plot,0.0094408981895207,0.0049776749390311,0.004463223250489601
WDBC__29,spread,hard,WDBC,empirical,Violin plot,99.84141652045275,1,99.94593799206386,Violin plot,99.94593799206386,0.0,0.0,True,Box plot,0.027656169824041,0.0005409125075242,0.0271152573165168
WDBC__29,spread,soft,WDBC,empirical,Violin plot,99.89717391018978,1,99.77335917666582,Violin plot,99.77335917666582,0.0,0.0,True,Box plot,0.0283226945685635,0.0022715565077133,0.0260511380608502
Wrist__00,five,hard,Wrist,empirical,Bar chart,95.34774526036333,1,95.56369071947483,Bar chart,95.56369071947483,0.0,0.0,True,Dot plot,0.1567694593738595,0.0464225402673893,0.1103469191064702
Wrist__00,five,soft,Wrist,empirical,Interval plot,95.97394121032188,1,96.21321547541116,Box plot,96.21321547541116,0.0,0.0,True,Dot plot,0.1407685757223546,0.0393582576559519,0.1014103180664027
Wrist__00,median,hard,Wrist,empirical,Interval plot,99.2351833948262,1,99.9532671318629,Box plot,99.9532671318629,0.0,0.0,True,Box plot,0.0004675471795779,0.0004675471795779,0.0
Wrist__00,median,soft,Wrist,empirical,Interval plot,99.2351833948262,1,99.9532671318629,Box plot,99.9532671318629,0.0,0.0,True,Box plot,0.0004675471795779,0.0004675471795779,0.0
Wrist__00,spread,hard,Wrist,empirical,Box plot,98.31049083983108,1,98.3926206617257,Interval plot,98.58766422162564,0.0020106964433152016,0.19504355989994338,False,Box plot,0.0163363809954861,0.0163363809954861,0.0
Wrist__00,spread,soft,Wrist,empirical,Box plot,97.97817291973804,2,98.58766422162564,Box plot,98.58766422162564,0.0,0.0,True,Box plot,0.0143256845521709,0.0143256845521709,0.0
Wrist__01,five,hard,Wrist,empirical,Bar chart,95.64456511864672,1,95.2413464520844,Bar chart,95.2413464520844,0.0,0.0,True,Dot plot,0.1687541403275162,0.0499641565893829,0.1187899837381333
Wrist__01,five,soft,Wrist,empirical,Bar chart,95.47188818968714,1,95.0389149654025,Interval plot,95.61314213776248,0.006319237518441198,0.5742271723599828,False,Dot plot,0.1586776536863728,0.0522005647518546,0.1064770889345182
Wrist__01,median,hard,Wrist,empirical,Interval plot,99.1845176662104,1,99.46742181978122,Interval plot,99.46742181978122,0.0,0.0,True,Box plot,0.0082805532848209,0.005354297623032,0.0029262556617889006
Wrist__01,median,soft,Wrist,empirical,Interval plot,99.1845176662104,1,99.46742181978122,Interval plot,99.46742181978122,0.0,0.0,True,Box plot,0.0082805532848209,0.005354297623032,0.0029262556617889006
Wrist__01,spread,hard,Wrist,empirical,Interval plot,99.64956675728156,1,99.30093964476728,Interval plot,99.30093964476728,0.0,0.0,True,Box plot,0.0175899529500748,0.0070398161158747,0.0105501368342001
Wrist__01,spread,soft,Wrist,empirical,Box plot,99.64956675728152,2,99.30093964476728,Interval plot,99.3009396447673,2.0036056147532122e-16,1.4210854715202004e-14,True,Box plot,0.0070398161158747,0.0070398161158747,0.0
Wrist__02,five,hard,Wrist,empirical,Violin plot,94.36195535965544,1,94.50270639726828,Violin plot,94.50270639726828,0.0,0.0,True,Dot plot,0.1791980976712358,0.0581707531170834,0.1210273445541524
Wrist__02,five,soft,Wrist,empirical,Interval plot,96.23090354436214,2,96.7586200225766,Box plot,96.7586200225766,0.0,0.0,True,Dot plot,0.1558198133123966,0.0334996507460223,0.12232016256637432
Wrist__02,median,hard,Wrist,empirical,Violin plot,99.9197069156244,1,99.9390934472867,Box plot,99.96243755740096,0.0002336711413086,0.02334411011426596,False,Box plot,0.000375765572718,0.0006094367140266,-0.0002336711413086
Wrist__02,median,soft,Wrist,empirical,Violin plot,99.94743284818468,1,99.98350904892524,Violin plot,99.98350904892524,0.0,0.0,True,Box plot,0.000375765572718,0.0001649367103797,0.0002108288623383
Wrist__02,spread,hard,Wrist,empirical,Interval plot,98.13315894538503,1,98.89048186488176,Interval plot,98.89048186488176,0.0,0.0,True,Box plot,0.016245014465626,0.0112196655754415,0.005025348890184501
Wrist__02,spread,soft,Wrist,empirical,Interval plot,98.13315894538503,2,98.89048186488172,Box plot,98.89048186488172,0.0,0.0,True,Box plot,0.011219665575442,0.011219665575442,0.0
Wrist__03,five,hard,Wrist,empirical,Bar chart,95.48383661185,1,95.51402408537636,Bar chart,95.51402408537636,0.0,0.0,True,Dot plot,0.2635254792766437,0.0469666727748147,0.21655880650182902
Wrist__03,five,soft,Wrist,empirical,Bar chart,95.01001505499836,1,95.30680934572814,Bar chart,95.30680934572814,0.0,0.0,True,Dot plot,0.1941381668446004,0.0492429731567991,0.1448951936878013
Wrist__03,median,hard,Wrist,empirical,Violin plot,99.4303283612737,1,99.44132811521791,Interval plot,99.52685428424526,0.0008641553548244998,0.08552616902734655,False,Box plot,0.0061560174313152,0.0056181056244016,0.0005379118069136005
Wrist__03,median,soft,Wrist,empirical,Violin plot,99.31405313283616,1,99.33491364434444,Interval plot,99.52685428424526,0.0019414434369780997,0.191940639900821,False,Box plot,0.0061560174313152,0.0066953937065552,-0.0005393762752399995
Wrist__03,spread,hard,Wrist,empirical,Box plot,98.14448738680647,1,98.29762721444334,Interval plot,98.7837707704126,0.0050065193466469,0.48614355596926373,False,Box plot,0.0173185542092773,0.0173185542092773,0.0
Wrist__03,spread,soft,Wrist,empirical,Box plot,97.99182397611408,2,98.7837707704126,Box plot,98.7837707704126,0.0,0.0,True,Box plot,0.0123120348626302,0.0123120348626302,0.0
Wrist__04,five,hard,Wrist,empirical,Histogram,84.32743512630181,1,84.23203208848261,Histogram,84.23203208848261,0.0,0.0,True,Dot plot,0.3466424050954556,0.1871968124306169,0.15944559266483868
Wrist__04,five,soft,Wrist,empirical,Interval plot,95.3038438551215,1,95.77586278218092,Box plot,95.77586278218092,0.0,0.0,True,Dot plot,0.3101498578075152,0.0441044026658978,0.26604545514161737
Wrist__04,median,hard,Wrist,empirical,Interval plot,99.01200492843458,1,99.73217235336408,Interval plot,99.73217235336408,0.0,0.0,True,Box plot,0.0026854688945005,0.0026854688945003,1.9992688060632702e-16
Wrist__04,median,soft,Wrist,empirical,Interval plot,99.01200492843458,1,99.73217235336408,Interval plot,99.73217235336408,0.0,0.0,True,Box plot,0.0026854688945005,0.0026854688945003,1.9992688060632702e-16
Wrist__04,spread,hard,Wrist,empirical,Box plot,97.66620914216092,1,97.62145032628396,Interval plot,98.04275008788169,0.004401801693717799,0.421299761597723,False,Box plot,0.0243650311050094,0.0243650311050094,0.0
Wrist__04,spread,soft,Wrist,empirical,Interval plot,97.24326827174156,2,98.04275008788166,Box plot,98.04275008788169,3.9898639947466563e-16,2.842170943040401e-14,True,Box plot,0.0199632294112916,0.019963229411292,-3.9898639947466563e-16
assoc_bidmc_01,association,hard,BIDMC,empirical,Heatmap,99.99999999999996,1,99.99999999999996,Heatmap,99.99999999999996,0.0,0.0,True,Scatter plot,0.0244514053869177,1.6653345369377348e-16,0.024451405386917535
assoc_bidmc_01,association,soft,BIDMC,empirical,Heatmap,99.99999999999996,1,99.99999999999996,Heatmap,99.99999999999996,0.0,0.0,True,Scatter plot,0.0240341166529264,1.6653345369377348e-16,0.024034116652926235
assoc_bidmc_02,association,hard,BIDMC,empirical,Heatmap,99.506020471998,1,99.506020471998,Heatmap,99.506020471998,0.0,0.0,True,Scatter plot,0.0411927881921886,0.0049643179946184,0.0362284701975702
assoc_bidmc_02,association,soft,BIDMC,empirical,Heatmap,99.506020471998,1,99.506020471998,Heatmap,99.506020471998,0.0,0.0,True,Scatter plot,0.0414696655708181,0.0049643179946184,0.0365053475761997
assoc_bidmc_03,association,hard,BIDMC,empirical,Heatmap,100.0,1,100.0,Heatmap,100.0,0.0,0.0,True,Scatter plot,0.0302411971074189,5.551115123125783e-17,0.030241197107418846
assoc_bidmc_03,association,soft,BIDMC,empirical,Heatmap,100.0,1,100.0,Heatmap,100.0,0.0,0.0,True,Scatter plot,0.0299878890274088,5.551115123125783e-17,0.029987889027408746
assoc_bidmc_04,association,hard,BIDMC,empirical,Heatmap,99.79893980289208,1,99.79893980289208,Heatmap,99.79893980289208,0.0,0.0,True,Scatter plot,0.0039110946891595,0.0020146526356396,0.0018964420535198998
assoc_bidmc_04,association,soft,BIDMC,empirical,Heatmap,99.79893980289208,1,99.79893980289208,Heatmap,99.79893980289208,0.0,0.0,True,Scatter plot,0.0039570048864407,0.0020146526356396,0.0019423522508011004
assoc_bidmc_05,association,hard,BIDMC,empirical,Heatmap,100.0,1,100.0,Heatmap,100.0,0.0,0.0,True,Scatter plot,0.0119522378937632,2.775557561562892e-17,0.011952237893763172
assoc_bidmc_05,association,soft,BIDMC,empirical,Heatmap,100.0,1,100.0,Heatmap,100.0,0.0,0.0,True,Scatter plot,0.0022362680572787,2.775557561562892e-17,0.0022362680572786723
assoc_bidmc_06,association,hard,BIDMC,empirical,Heatmap,98.3633124236119,1,98.3633124236119,Heatmap,98.3633124236119,0.0,0.0,True,Scatter plot,0.1279967684419103,0.016639207607604,0.1113575608343063
assoc_bidmc_06,association,soft,BIDMC,empirical,Heatmap,98.3633124236119,1,98.3633124236119,Heatmap,98.3633124236119,0.0,0.0,True,Scatter plot,0.1300975289201299,0.016639207607604,0.11345832131252591
assoc_bidmc_07,association,hard,BIDMC,empirical,Heatmap,99.56018399160442,1,99.56018399160442,Heatmap,99.56018399160442,0.0,0.0,True,Scatter plot,0.0669817468898565,0.0044175893490983,0.0625641575407582
assoc_bidmc_07,association,soft,BIDMC,empirical,Heatmap,99.56018399160442,1,99.56018399160442,Heatmap,99.56018399160442,0.0,0.0,True,Scatter plot,0.0803099158104093,0.0044175893490983,0.075892326461311
assoc_bidmc_08,association,hard,BIDMC,empirical,Heatmap,100.0,1,100.0,Heatmap,100.0,0.0,0.0,True,Scatter plot,0.0894738982588142,5.551115123125783e-17,0.08947389825881415
assoc_bidmc_08,association,soft,BIDMC,empirical,Heatmap,100.0,1,100.0,Heatmap,100.0,0.0,0.0,True,Scatter plot,0.0833273257651367,5.551115123125783e-17,0.08332732576513664
assoc_bidmc_09,association,hard,BIDMC,empirical,Heatmap,100.0,1,100.0,Heatmap,100.0,0.0,0.0,True,Scatter plot,0.0711143212034917,5.551115123125783e-17,0.07111432120349165
assoc_bidmc_09,association,soft,BIDMC,empirical,Heatmap,100.0,1,100.0,Heatmap,100.0,0.0,0.0,True,Scatter plot,0.0689341982787626,5.551115123125783e-17,0.06893419827876254
assoc_bidmc_10,association,hard,BIDMC,empirical,Heatmap,99.6979291657691,1,99.6979291657691,Heatmap,99.6979291657691,0.0,0.0,True,Scatter plot,0.0502368127276284,0.0030298606677039,0.0472069520599245
assoc_bidmc_10,association,soft,BIDMC,empirical,Heatmap,99.6979291657691,1,99.6979291657691,Heatmap,99.6979291657691,0.0,0.0,True,Scatter plot,0.0507892906417635,0.0030298606677039,0.047759429974059596
assoc_bidmc_11,association,hard,BIDMC,empirical,Scatter plot,99.628442340749,1,99.191631751574,Heatmap,99.44586824554796,0.002577366101764799,0.25423649397396275,False,Scatter plot,0.0081495609473444,0.0081495609473444,0.0
assoc_bidmc_11,association,soft,BIDMC,empirical,Scatter plot,99.45839995168244,1,99.47548405029828,Scatter plot,99.47548405029828,0.0,0.0,True,Scatter plot,0.0052728162592956,0.0052728162592956,0.0
assoc_bidmc_12,association,hard,BIDMC,empirical,Heatmap,99.75942638094392,1,99.75942638094392,Heatmap,99.75942638094392,0.0,0.0,True,Scatter plot,0.0294722319219403,0.0024115377141146,0.0270606942078257
assoc_bidmc_12,association,soft,BIDMC,empirical,Heatmap,99.75942638094392,1,99.75942638094392,Heatmap,99.75942638094392,0.0,0.0,True,Scatter plot,0.0285053250744469,0.0024115377141146,0.026093787360332302
assoc_bidmc_13,association,hard,BIDMC,empirical,Heatmap,99.47189898825884,1,99.47189898825884,Heatmap,99.47189898825884,0.0,0.0,True,Scatter plot,0.0676133585527946,0.0053090472496508,0.0623043113031438
assoc_bidmc_13,association,soft,BIDMC,empirical,Heatmap,99.47189898825884,1,99.47189898825884,Heatmap,99.47189898825884,0.0,0.0,True,Scatter plot,0.0677768368925213,0.0053090472496508,0.0624677896428705
assoc_bidmc_14,association,hard,BIDMC,empirical,Heatmap,100.0,1,100.0,Heatmap,100.0,0.0,0.0,True,Scatter plot,0.0284759506440428,2.775557561562892e-17,0.028475950644042774
assoc_bidmc_14,association,soft,BIDMC,empirical,Heatmap,100.0,1,100.0,Heatmap,100.0,0.0,0.0,True,Scatter plot,0.0201528251774071,2.775557561562892e-17,0.02015282517740707
assoc_bidmc_15,association,hard,BIDMC,empirical,Heatmap,99.67526305678966,1,99.67526305678966,Heatmap,99.67526305678966,0.0,0.0,True,Scatter plot,0.0428883899768296,0.0032579491967362,0.0396304407800934
assoc_bidmc_15,association,soft,BIDMC,empirical,Heatmap,99.67526305678966,1,99.67526305678966,Heatmap,99.67526305678966,0.0,0.0,True,Scatter plot,0.0414372051792956,0.0032579491967362,0.0381792559825594
assoc_bidmc_16,association,hard,BIDMC,empirical,Heatmap,100.0,1,100.0,Heatmap,100.0,0.0,0.0,True,Scatter plot,0.0638324545467472,5.551115123125783e-17,0.06383245454674714
assoc_bidmc_16,association,soft,BIDMC,empirical,Heatmap,100.0,1,100.0,Heatmap,100.0,0.0,0.0,True,Scatter plot,0.0611622170374701,5.551115123125783e-17,0.061162217037470046
assoc_bidmc_17,association,hard,BIDMC,empirical,Heatmap,99.7717352879378,1,99.7717352879378,Heatmap,99.7717352879378,0.0,0.0,True,Scatter plot,0.0203223053474075,0.0022878695193928,0.0180344358280147
assoc_bidmc_17,association,soft,BIDMC,empirical,Heatmap,99.7717352879378,1,99.7717352879378,Heatmap,99.7717352879378,0.0,0.0,True,Scatter plot,0.0231474734709421,0.0022878695193928,0.0208596039515493
assoc_bidmc_18,association,hard,BIDMC,empirical,Heatmap,99.66215595423408,1,99.66215595423408,Heatmap,99.66215595423408,0.0,0.0,True,Scatter plot,0.0187724339179347,0.0033898930093492,0.015382540908585499
assoc_bidmc_18,association,soft,BIDMC,empirical,Heatmap,99.66215595423408,1,99.66215595423408,Heatmap,99.66215595423408,0.0,0.0,True,Scatter plot,0.0117030122225103,0.0033898930093492,0.0083131192131611
assoc_bidmc_19,association,hard,BIDMC,empirical,Scatter plot,99.5822183538373,1,99.1771621580244,Heatmap,99.44162923458698,0.0026815858551869,0.26446707656258184,False,Scatter plot,0.0082966463656678,0.0082966463656678,0.0
assoc_bidmc_19,association,soft,BIDMC,empirical,Scatter plot,99.55190296962746,1,99.5555415384009,Scatter plot,99.5555415384009,0.0,0.0,True,Scatter plot,0.0044644271401775,0.0044644271401775,0.0
assoc_bidmc_20,association,hard,BIDMC,empirical,Heatmap,98.94027261631297,1,98.94027261631297,Heatmap,98.94027261631297,0.0,0.0,True,Scatter plot,0.0366329870579617,0.0107107788938143,0.0259222081641474
assoc_bidmc_20,association,soft,BIDMC,empirical,Heatmap,98.94027261631297,1,98.94027261631297,Heatmap,98.94027261631297,0.0,0.0,True,Scatter plot,0.0343864197933886,0.0107107788938143,0.0236756408995743
assoc_bidmc_21,association,hard,BIDMC,empirical,Scatter plot,99.6521059276788,1,99.43669758546932,Scatter plot,99.43669758546932,0.0,0.0,True,Scatter plot,0.0056649348601555,0.0056649348601555,0.0
assoc_bidmc_21,association,soft,BIDMC,empirical,Scatter plot,99.8972829377284,1,99.90433928982416,Scatter plot,99.90433928982416,0.0,0.0,True,Scatter plot,0.0009575230751322,0.0009575230751322,0.0
assoc_bidmc_22,association,hard,BIDMC,empirical,Scatter plot,99.8030977716222,1,99.45158052623384,Scatter plot,99.45158052623384,0.0,0.0,True,Scatter plot,0.0055144369839501,0.0055144369839501,0.0
assoc_bidmc_22,association,soft,BIDMC,empirical,Scatter plot,99.8522597791528,1,99.84861864704578,Scatter plot,99.84861864704578,0.0,0.0,True,Scatter plot,0.0015161086353065,0.0015161086353065,0.0
assoc_bidmc_23,association,hard,BIDMC,empirical,Heatmap,98.62557416577968,1,98.62557416577968,Heatmap,98.62557416577968,0.0,0.0,True,Scatter plot,0.0454102719246636,0.0139357955159788,0.031474476408684796
assoc_bidmc_23,association,soft,BIDMC,empirical,Heatmap,98.62557416577968,1,98.62557416577968,Heatmap,98.62557416577968,0.0,0.0,True,Scatter plot,0.0369437040455184,0.0139357955159788,0.0230079085295396
assoc_bidmc_24,association,hard,BIDMC,empirical,Heatmap,99.4986349841992,1,99.4986349841992,Scatter plot,99.69991395851444,0.0020290208248510003,0.20127897431524389,False,Scatter plot,0.00300989268266,0.005038913507511,-0.0020290208248510003
assoc_bidmc_24,association,soft,BIDMC,empirical,Scatter plot,99.59964712019526,1,99.59479429339912,Scatter plot,99.59479429339912,0.0,0.0,True,Scatter plot,0.00406854303456,0.00406854303456,0.0
assoc_bidmc_25,association,hard,BIDMC,empirical,Heatmap,98.55624594595248,1,98.55624594595248,Heatmap,98.55624594595248,0.0,0.0,True,Scatter plot,0.0604457097359561,0.0146490366002705,0.0457966731356856
assoc_bidmc_25,association,soft,BIDMC,empirical,Heatmap,98.55624594595248,1,98.55624594595248,Heatmap,98.55624594595248,0.0,0.0,True,Scatter plot,0.065884083945118,0.0146490366002705,0.05123504734484749
assoc_bidmc_26,association,hard,BIDMC,empirical,Scatter plot,99.52741230380514,1,99.61616370818398,Scatter plot,99.61616370818398,0.0,0.0,True,Scatter plot,0.0038531527166659,0.0038531527166659,0.0
assoc_bidmc_26,association,soft,BIDMC,empirical,Scatter plot,99.7194661047712,1,99.7070927825217,Scatter plot,99.7070927825217,0.0,0.0,True,Scatter plot,0.0029376768422801,0.0029376768422801,0.0
assoc_bidmc_27,association,hard,BIDMC,empirical,Heatmap,99.02748525333028,1,99.02748525333028,Heatmap,99.02748525333028,0.0,0.0,True,Scatter plot,0.0204935216318886,0.0098206547826783,0.0106728668492103
assoc_bidmc_27,association,soft,BIDMC,empirical,Heatmap,99.02748525333028,1,99.02748525333028,Heatmap,99.02748525333028,0.0,0.0,True,Scatter plot,0.0202691778323338,0.0098206547826783,0.010448523049655498
assoc_bidmc_28,association,hard,BIDMC,empirical,Scatter plot,99.2148530814306,1,99.22601961492036,Scatter plot,99.22601961492036,0.0,0.0,True,Scatter plot,0.0078001756805657,0.0078001756805657,0.0
assoc_bidmc_28,association,soft,BIDMC,empirical,Scatter plot,99.432794998109,1,99.40819415539976,Scatter plot,99.40819415539976,0.0,0.0,True,Scatter plot,0.0059532903663364,0.0059532903663364,0.0
assoc_bidmc_29,association,hard,BIDMC,empirical,Heatmap,100.0,1,100.0,Heatmap,100.0,0.0,0.0,True,Scatter plot,0.0282991166882797,8.326672684688674e-17,0.028299116688279616
assoc_bidmc_29,association,soft,BIDMC,empirical,Heatmap,100.0,1,100.0,Heatmap,100.0,0.0,0.0,True,Scatter plot,0.0225213387978552,8.326672684688674e-17,0.022521338797855117
assoc_bidmc_30,association,hard,BIDMC,empirical,Heatmap,99.16043807220692,1,99.16043807220692,Heatmap,99.16043807220692,0.0,0.0,True,Scatter plot,0.063997950481336,0.0084667024885644,0.05553124799277159
assoc_bidmc_30,association,soft,BIDMC,empirical,Heatmap,99.16043807220692,1,99.16043807220692,Heatmap,99.16043807220692,0.0,0.0,True,Scatter plot,0.0638731456505583,0.0084667024885644,0.05540644316199389
assoc_bidmc_31,association,hard,BIDMC,empirical,Heatmap,99.07055522027152,1,99.07055522027152,Heatmap,99.07055522027152,0.0,0.0,True,Scatter plot,0.0432935010438697,0.0093816450070556,0.0339118560368141
assoc_bidmc_31,association,soft,BIDMC,empirical,Heatmap,99.07055522027152,1,99.07055522027152,Heatmap,99.07055522027152,0.0,0.0,True,Scatter plot,0.0477808184904849,0.0093816450070556,0.0383991734834293
assoc_bidmc_32,association,hard,BIDMC,empirical,Heatmap,98.9082401325414,1,98.9082401325414,Heatmap,98.9082401325414,0.0,0.0,True,Scatter plot,0.1747078869580265,0.0110381083112549,0.1636697786467716
assoc_bidmc_32,association,soft,BIDMC,empirical,Heatmap,98.9082401325414,1,98.9082401325414,Heatmap,98.9082401325414,0.0,0.0,True,Scatter plot,0.1796271909835649,0.0110381083112549,0.16858908267231
assoc_bidmc_33,association,hard,BIDMC,empirical,Scatter plot,99.44119397114687,1,99.21423638206488,Heatmap,99.23613517989963,0.00022242133245699985,0.02189879783475135,False,Scatter plot,0.0079198676176794,0.0079198676176794,0.0
assoc_bidmc_33,association,soft,BIDMC,empirical,Scatter plot,99.58557839973768,1,99.57236975064345,Scatter plot,99.57236975064345,0.0,0.0,True,Scatter plot,0.0042946677921542,0.0042946677921542,0.0
assoc_bidmc_34,association,hard,BIDMC,empirical,Heatmap,99.39369155332248,1,99.39369155332248,Heatmap,99.39369155332248,0.0,0.0,True,Scatter plot,0.0312444912726676,0.0061000697046477,0.0251444215680199
assoc_bidmc_34,association,soft,BIDMC,empirical,Heatmap,99.39369155332248,1,99.39369155332248,Heatmap,99.39369155332248,0.0,0.0,True,Scatter plot,0.0289678504007548,0.0061000697046477,0.0228677806961071
assoc_bidmc_35,association,hard,BIDMC,empirical,Scatter plot,99.55584887838972,1,99.60237718786962,Scatter plot,99.60237718786962,0.0,0.0,True,Scatter plot,0.0039921016280605,0.0039921016280605,0.0
assoc_bidmc_35,association,soft,BIDMC,empirical,Scatter plot,99.92731538700863,1,99.94371387652984,Scatter plot,99.94371387652984,0.0,0.0,True,Scatter plot,0.0005631782258932,0.0005631782258932,0.0
assoc_bidmc_36,association,hard,BIDMC,empirical,Heatmap,98.78455197973916,1,98.78455197973916,Heatmap,98.78455197973916,0.0,0.0,True,Scatter plot,0.0292246341372184,0.0123040292829402,0.0169206048542782
assoc_bidmc_36,association,soft,BIDMC,empirical,Heatmap,98.78455197973916,1,98.78455197973916,Heatmap,98.78455197973916,0.0,0.0,True,Scatter plot,0.0299946151026594,0.0123040292829402,0.0176905858197192
assoc_bidmc_37,association,hard,BIDMC,empirical,Heatmap,99.76378978578148,1,99.76378978578148,Heatmap,99.76378978578148,0.0,0.0,True,Scatter plot,0.12864550942336,0.0023676948793319,0.12627781454402812
assoc_bidmc_37,association,soft,BIDMC,empirical,Heatmap,99.76378978578148,1,99.76378978578148,Heatmap,99.76378978578148,0.0,0.0,True,Scatter plot,0.1242343969531528,0.0023676948793319,0.1218667020738209
assoc_bidmc_38,association,hard,BIDMC,empirical,Heatmap,99.9175108516814,1,99.9175108516814,Heatmap,99.9175108516814,0.0,0.0,True,Scatter plot,0.0102216350512962,0.0008255724909026,0.0093960625603936
assoc_bidmc_38,association,soft,BIDMC,empirical,Heatmap,99.9175108516814,1,99.9175108516814,Heatmap,99.9175108516814,0.0,0.0,True,Scatter plot,0.0108587735985926,0.0008255724909026,0.01003320110769
assoc_bidmc_39,association,hard,BIDMC,empirical,Heatmap,99.7202757290668,1,99.7202757290668,Heatmap,99.7202757290668,0.0,0.0,True,Scatter plot,0.0931135716454261,0.0028050892247148,0.0903084824207113
assoc_bidmc_39,association,soft,BIDMC,empirical,Heatmap,99.7202757290668,1,99.7202757290668,Heatmap,99.7202757290668,0.0,0.0,True,Scatter plot,0.0897709815717553,0.0028050892247148,0.0869658923470405
assoc_bidmc_40,association,hard,BIDMC,empirical,Heatmap,99.5556620538014,1,99.5556620538014,Heatmap,99.5556620538014,0.0,0.0,True,Scatter plot,0.0116124348329042,0.0044632112029799,0.0071492236299243
assoc_bidmc_40,association,soft,BIDMC,empirical,Heatmap,99.5556620538014,1,99.5556620538014,Heatmap,99.5556620538014,0.0,0.0,True,Scatter plot,0.0151259482474711,0.0044632112029799,0.0106627370444912
assoc_bidmc_41,association,hard,BIDMC,empirical,Scatter plot,99.45564567421717,1,98.8835899835972,Heatmap,99.16991345691036,0.0029197979165038,0.28632347331316055,False,Scatter plot,0.0112901444677319,0.0112901444677319,0.0
assoc_bidmc_41,association,soft,BIDMC,empirical,Scatter plot,99.97032246166351,1,99.93625658047188,Scatter plot,99.93625658047188,0.0,0.0,True,Scatter plot,0.0006378407768034,0.0006378407768034,0.0
assoc_bidmc_42,association,hard,BIDMC,empirical,Heatmap,99.77551737471968,1,99.77551737471968,Heatmap,99.77551737471968,0.0,0.0,True,Scatter plot,0.0190096181505475,0.0022498768353889,0.016759741315158602
assoc_bidmc_42,association,soft,BIDMC,empirical,Heatmap,99.77551737471968,1,99.77551737471968,Heatmap,99.77551737471968,0.0,0.0,True,Scatter plot,0.018869319284233,0.0022498768353889,0.0166194424488441
assoc_bidmc_43,association,hard,BIDMC,empirical,Heatmap,99.31147131364844,1,99.31147131364844,Heatmap,99.31147131364844,0.0,0.0,True,Scatter plot,0.0091810739610838,0.006933022713731,0.0022480512473528006
assoc_bidmc_43,association,soft,BIDMC,empirical,Heatmap,99.31147131364844,1,99.31147131364844,Heatmap,99.31147131364844,0.0,0.0,True,Scatter plot,0.0106692453299522,0.006933022713731,0.0037362226162212
assoc_bidmc_44,association,hard,BIDMC,empirical,Heatmap,100.0,1,100.0,Heatmap,100.0,0.0,0.0,True,Scatter plot,0.044445952840465,5.551115123125783e-17,0.044445952840464945
assoc_bidmc_44,association,soft,BIDMC,empirical,Heatmap,100.0,1,100.0,Heatmap,100.0,0.0,0.0,True,Scatter plot,0.0434320209545006,5.551115123125783e-17,0.04343202095450054
assoc_bidmc_45,association,hard,BIDMC,empirical,Heatmap,99.64454272600165,1,99.64454272600165,Heatmap,99.64454272600165,0.0,0.0,True,Scatter plot,0.0264919653076052,0.0035672527995416,0.0229247125080636
assoc_bidmc_45,association,soft,BIDMC,empirical,Heatmap,99.64454272600165,1,99.64454272600165,Heatmap,99.64454272600165,0.0,0.0,True,Scatter plot,0.0300589950391127,0.0035672527995416,0.0264917422395711
assoc_bidmc_46,association,hard,BIDMC,empirical,Heatmap,99.87959460384938,1,99.87959460384938,Heatmap,99.87959460384938,0.0,0.0,True,Scatter plot,0.0649438286570116,0.0012055054551249,0.0637383232018867
assoc_bidmc_46,association,soft,BIDMC,empirical,Heatmap,99.87959460384938,1,99.87959460384938,Heatmap,99.87959460384938,0.0,0.0,True,Scatter plot,0.0638699134120145,0.0012055054551249,0.0626644079568896
assoc_bidmc_47,association,hard,BIDMC,empirical,Heatmap,99.98585657538146,1,99.98585657538146,Heatmap,99.98585657538146,0.0,0.0,True,Scatter plot,0.046814056029652,0.0001414542526609,0.046672601776991104
assoc_bidmc_47,association,soft,BIDMC,empirical,Heatmap,99.98585657538146,1,99.98585657538146,Heatmap,99.98585657538146,0.0,0.0,True,Scatter plot,0.0511318578349662,0.0001414542526609,0.050990403582305305
assoc_bidmc_48,association,hard,BIDMC,empirical,Heatmap,99.42494196946993,1,99.42494196946993,Heatmap,99.42494196946993,0.0,0.0,True,Scatter plot,0.0504148406545227,0.0057838407459837,0.044630999908539
assoc_bidmc_48,association,soft,BIDMC,empirical,Heatmap,99.42494196946993,1,99.42494196946993,Heatmap,99.42494196946993,0.0,0.0,True,Scatter plot,0.0490672689210845,0.0057838407459837,0.043283428175100794
assoc_bidmc_49,association,hard,BIDMC,empirical,Heatmap,100.0,1,100.0,Heatmap,100.0,0.0,0.0,True,Scatter plot,0.0675425315928323,1.1102230246251563e-16,0.06754253159283219
assoc_bidmc_49,association,soft,BIDMC,empirical,Heatmap,100.0,1,100.0,Heatmap,100.0,0.0,0.0,True,Scatter plot,0.0634498569847368,1.1102230246251563e-16,0.0634498569847367
assoc_bidmc_50,association,hard,BIDMC,empirical,Heatmap,99.84087713251368,1,99.84087713251368,Heatmap,99.84087713251368,0.0,0.0,True,Scatter plot,0.0474877654787087,0.0015937647189853,0.0458940007597234
assoc_bidmc_50,association,soft,BIDMC,empirical,Heatmap,99.84087713251368,1,99.84087713251368,Heatmap,99.84087713251368,0.0,0.0,True,Scatter plot,0.0501833922944953,0.0015937647189853,0.048589627575510004
assoc_bidmc_51,association,hard,BIDMC,empirical,Heatmap,99.8050237077263,1,99.8050237077263,Heatmap,99.8050237077263,0.0,0.0,True,Scatter plot,0.0384574093284786,0.0019535719248429,0.036503837403635706
assoc_bidmc_51,association,soft,BIDMC,empirical,Heatmap,99.8050237077263,1,99.8050237077263,Heatmap,99.8050237077263,0.0,0.0,True,Scatter plot,0.0431178264570585,0.0019535719248429,0.0411642545322156
assoc_bidmc_52,association,hard,BIDMC,empirical,Heatmap,99.80770507864074,1,99.80770507864074,Heatmap,99.80770507864074,0.0,0.0,True,Scatter plot,0.0507017297505444,0.0019266540715243,0.0487750756790201
assoc_bidmc_52,association,soft,BIDMC,empirical,Heatmap,99.80770507864074,1,99.80770507864074,Heatmap,99.80770507864074,0.0,0.0,True,Scatter plot,0.0534047104933224,0.0019266540715243,0.0514780564217981
assoc_bidmc_53,association,hard,BIDMC,empirical,Heatmap,99.75471909552918,1,99.75471909552918,Heatmap,99.75471909552918,0.0,0.0,True,Scatter plot,0.0050518485009163,0.0024588401099694,0.0025930083909469002
assoc_bidmc_53,association,soft,BIDMC,empirical,Scatter plot,99.81732029701448,1,99.8197041178017,Scatter plot,99.8197041178017,0.0,0.0,True,Scatter plot,0.0018062153538895,0.0018062153538895,0.0
cohort_CKD,composition,hard,CKD,empirical,Pie chart,99.9055360961621,1,99.94324982769156,Pie chart,99.94324982769156,0.0,0.0,True,Bar chart,0.0022784782685237,0.0005678239641626,0.0017106543043611
cohort_CKD,composition,soft,CKD,empirical,Bar chart,99.90703812509632,1,99.97197928748464,Bar chart,99.97197928748464,0.0,0.0,True,Bar chart,0.0002802856631936,0.0002802856631936,0.0
cohort_Cleveland,composition,hard,Cleveland,empirical,Pie chart,99.92776967382538,1,99.95115585640993,Pie chart,99.95115585640993,0.0,0.0,True,Bar chart,0.0030806615669867,0.0004886801275239,0.0025919814394628
cohort_Cleveland,composition,soft,Cleveland,empirical,Pie chart,99.86499227872883,1,99.93212130175732,Bar chart,99.93774847639578,5.634504450710001e-05,0.005627174638462407,False,Bar chart,0.0006229030026518,0.0006792480471589,-5.634504450710001e-05
cohort_HeartFailure,composition,hard,HeartFailure,empirical,Pie chart,99.95024323078222,1,99.95425024673742,Pie chart,99.95425024673742,0.0,0.0,True,Bar chart,0.0027288159576613,0.000457706932418,0.0022711090252433
cohort_HeartFailure,composition,soft,HeartFailure,empirical,Pie chart,99.87390549474635,1,99.93949102341342,Pie chart,99.93949102341342,0.0,0.0,True,Bar chart,0.0013898476384963,0.0006054561211683,0.0007843915173279999
cohort_ILPD,composition,hard,ILPD,empirical,Pie chart,99.90652258710548,1,99.9514532487912,Pie chart,99.9514532487912,0.0,0.0,True,Bar chart,0.0020695739071716,0.0004857033052632,0.0015838706019083999
cohort_ILPD,composition,soft,ILPD,empirical,Bar chart,99.95826221500973,1,99.97667825116372,Bar chart,99.97667825116372,0.0,0.0,True,Bar chart,0.0002332718914472,0.0002332718914472,0.0
cohort_Retinopathy,composition,hard,Retinopathy,empirical,Pie chart,99.91571941769196,1,99.9456953553666,Pie chart,99.9456953553666,0.0,0.0,True,Bar chart,0.0032506214348593,0.0005433415060078,0.0027072799288515
cohort_Retinopathy,composition,soft,Retinopathy,empirical,Bar chart,99.9339729351568,1,99.9205178705747,Pie chart,99.93269371533376,0.00012193737229329994,0.012175844759056531,False,Bar chart,0.0007954535376632,0.0007954535376632,0.0
cohort_WDBC,composition,hard,WDBC,empirical,Pie chart,99.94109013548122,1,99.95386992953226,Pie chart,99.95386992953226,0.0,0.0,True,Bar chart,0.0026958995763959,0.0004615136012269,0.002234385975169
cohort_WDBC,composition,soft,WDBC,empirical,Pie chart,99.8718810618816,1,99.93822840090614,Pie chart,99.93822840090614,0.0,0.0,True,Bar chart,0.0013052811914863,0.0006180977998335,0.0006871833916528001
comp_BIDMC_0,composition,hard,BIDMC,empirical,Donut chart,99.75352095812194,1,99.85716009589837,Donut chart,99.85716009589837,0.0,0.0,True,Bar chart,0.0058081273938877,0.0014304422834023,0.0043776851104853996
comp_BIDMC_0,composition,soft,BIDMC,empirical,Pie chart,99.44418278287851,1,99.6644155816696,Pie chart,99.6644155816696,0.0,0.0,True,Bar chart,0.013255813451765,0.0033671437932171,0.0098886696585479
comp_BIDMC_1,composition,hard,BIDMC,empirical,Pie chart,99.7194065342746,1,99.8410213308471,Pie chart,99.8410213308471,0.0,0.0,True,Bar chart,0.0064406381740174,0.001592318137713,0.0048483200363044
comp_BIDMC_1,composition,soft,BIDMC,empirical,Pie chart,99.40991365634734,1,99.64108158326998,Pie chart,99.64108158326998,0.0,0.0,True,Bar chart,0.0142886623014467,0.0036021128135794,0.0106865494878673
comp_CKD_0,composition,hard,CKD,empirical,Pie chart,99.7295833828918,1,99.84090724118572,Pie chart,99.84090724118572,0.0,0.0,True,Bar chart,0.0069769124723829,0.0015934626718681,0.0053834498005148005
comp_CKD_0,composition,soft,CKD,empirical,Pie chart,99.33534207255272,1,99.57436155866507,Pie chart,99.57436155866507,0.0,0.0,True,Bar chart,0.0163084583447019,0.0042745786633453,0.0120338796813566
comp_CKD_1,composition,hard,CKD,empirical,Donut chart,99.7602410284092,1,99.85703082867742,Pie chart,99.8601744989584,3.152579305059993e-05,0.0031436702809770622,False,Bar chart,0.0055641568939895,0.0014317386581208,0.0041324182358687
comp_CKD_1,composition,soft,CKD,empirical,Pie chart,99.47485434140393,1,99.68270408693893,Pie chart,99.68270408693893,0.0,0.0,True,Bar chart,0.0119351339503769,0.0031830588462401,0.0087520751041368
comp_Cleveland_0,composition,hard,Cleveland,empirical,Pie chart,99.72109391510403,1,99.83968341744423,Pie chart,99.83968341744423,0.0,0.0,True,Bar chart,0.0065682137554678,0.0016057400931997,0.0049624736622681
comp_Cleveland_0,composition,soft,Cleveland,empirical,Pie chart,99.38890798880202,1,99.627626615805,Pie chart,99.627626615805,0.0,0.0,True,Bar chart,0.0146879018401909,0.0037376518626803,0.010950249977510599
comp_Cleveland_1,composition,hard,Cleveland,empirical,Donut chart,99.76443326637067,1,99.85667551679316,Pie chart,99.86148430201897,4.8223670200300004e-05,0.004808785225804968,False,Bar chart,0.0060868170891397,0.0014353019712009,0.0046515151179388
comp_Cleveland_1,composition,soft,Cleveland,empirical,Pie chart,99.46460813979982,1,99.67534455304272,Pie chart,99.67534455304272,0.0,0.0,True,Bar chart,0.0122933624100659,0.003257128916013,0.0090362334940529
comp_HAR_0,composition,hard,HAR,empirical,Pie chart,99.90017685955752,1,99.92969084889504,Pie chart,99.92969084889504,0.0,0.0,True,Bar chart,0.003306257700053,0.0007035861965315,0.0026026715035214996
comp_HAR_0,composition,soft,HAR,empirical,Pie chart,99.54816658716848,1,99.68788735841912,Pie chart,99.68788735841912,0.0,0.0,True,Bar chart,0.0094011043112682,0.0031308983453396,0.006270205965928601
comp_HAR_1,composition,hard,HAR,empirical,Pie chart,99.6226865611884,1,99.76658682727286,Pie chart,99.76658682727286,0.0,0.0,True,Bar chart,0.0066646824011928,0.0023395926446923,0.0043250897565005
comp_HAR_1,composition,soft,HAR,empirical,Pie chart,99.31466061554964,1,99.58766427598354,Pie chart,99.58766427598354,0.0,0.0,True,Bar chart,0.0145987595161564,0.0041404297109907,0.0104583298051657
comp_HeartFailure_0,composition,hard,HeartFailure,empirical,Pie chart,99.73125723011836,1,99.84743734477232,Pie chart,99.84743734477232,0.0,0.0,True,Bar chart,0.006130327062914,0.0015279576450306,0.0046023694178834
comp_HeartFailure_0,composition,soft,HeartFailure,empirical,Pie chart,99.35550097186702,1,99.60591029116252,Pie chart,99.60591029116252,0.0,0.0,True,Bar chart,0.0147820524614021,0.0039564892051636,0.010825563256238499
comp_HeartFailure_1,composition,hard,HeartFailure,empirical,Pie chart,99.73410267422976,1,99.85471464137292,Pie chart,99.85471464137292,0.0,0.0,True,Bar chart,0.0058817269084664,0.0014549674409354,0.004426759467531
comp_HeartFailure_1,composition,soft,HeartFailure,empirical,Pie chart,99.4873815077902,1,99.6908217567318,Pie chart,99.6908217567318,0.0,0.0,True,Bar chart,0.0118829156758492,0.0031013711976682,0.008781544478181
comp_ILPD_0,composition,hard,ILPD,empirical,Pie chart,99.7173241333821,1,99.83574919859151,Pie chart,99.83574919859151,0.0,0.0,True,Bar chart,0.0068796059731057,0.001645210285163,0.0052343956879426995
comp_ILPD_0,composition,soft,ILPD,empirical,Pie chart,99.38454480392124,1,99.62299391664124,Pie chart,99.62299391664124,0.0,0.0,True,Bar chart,0.0148739364984275,0.0037843279802875,0.01108960851814
comp_ILPD_1,composition,hard,ILPD,empirical,Donut chart,99.7377944811324,1,99.85101371536514,Pie chart,99.85343668177424,2.430143381759991e-05,0.0024229664090995584,False,Bar chart,0.0059539622317511,0.0014920858496194,0.0044618763821317005
comp_ILPD_1,composition,soft,ILPD,empirical,Pie chart,99.4088935077141,1,99.64658154968797,Pie chart,99.64658154968797,0.0,0.0,True,Bar chart,0.0133620804983097,0.003546719263378,0.009815361234931699
comp_Retinopathy_0,composition,hard,Retinopathy,empirical,Pie chart,99.72791319260632,1,99.84270001705916,Pie chart,99.84270001705916,0.0,0.0,True,Bar chart,0.0063683395082105,0.0015754780561219,0.0047928614520886
comp_Retinopathy_0,composition,soft,Retinopathy,empirical,Pie chart,99.3260438302121,1,99.5889890681628,Pie chart,99.5889890681628,0.0,0.0,True,Bar chart,0.0155606437547687,0.004127072035603,0.0114335717191657
comp_Retinopathy_1,composition,hard,Retinopathy,empirical,Donut chart,99.75250749587806,1,99.85093623151698,Pie chart,99.85429226959435,3.365952635639999e-05,0.0033560380773707266,False,Bar chart,0.0056434525859615,0.0014928630026803,0.0041505895832812
comp_Retinopathy_1,composition,soft,Retinopathy,empirical,Pie chart,99.50153427814163,1,99.70024207933464,Pie chart,99.70024207933464,0.0,0.0,True,Bar chart,0.0112974947088735,0.0030065917034267,0.0082909030054468
comp_WDBC_0,composition,hard,WDBC,empirical,Pie chart,99.76987698907088,1,99.86617129500088,Pie chart,99.86617129500088,0.0,0.0,True,Bar chart,0.0070572880051636,0.0013400804623201,0.0057172075428434995
comp_WDBC_0,composition,soft,WDBC,empirical,Pie chart,99.2561561912196,1,99.5324183432666,Pie chart,99.5324183432666,0.0,0.0,True,Bar chart,0.0181372345352132,0.0046977825367488,0.0134394519984644
comp_WDBC_1,composition,hard,WDBC,empirical,Donut chart,99.7649201021968,1,99.86639779487918,Donut chart,99.86639779487918,0.0,0.0,True,Bar chart,0.0048745345855337,0.0013378093940591,0.0035367251914746
comp_WDBC_1,composition,soft,WDBC,empirical,Pie chart,99.61356233789806,1,99.76930821895388,Pie chart,99.76930821895388,0.0,0.0,True,Bar chart,0.0070581213754418,0.0023122519857494,0.0047458693896924
comp_Wrist_0,composition,hard,Wrist,empirical,Donut chart,99.6421590720772,1,99.79158657426788,Donut chart,99.79158657426788,0.0,0.0,True,Bar chart,0.0051487531299892,0.002088486944508,0.0030602661854811997
comp_Wrist_0,composition,soft,Wrist,empirical,Pie chart,99.35631931456172,1,99.59700746690302,Pie chart,99.59700746690302,0.0,0.0,True,Bar chart,0.0127911470834712,0.0040462313411464,0.0087449157423248
comp_Wrist_1,composition,hard,Wrist,empirical,Donut chart,99.63296984646746,1,99.78292578825284,Donut chart,99.78292578825284,0.0,0.0,True,Bar chart,0.0053868535796582,0.0021754644898648,0.0032113890897934004
comp_Wrist_1,composition,soft,Wrist,empirical,Pie chart,99.28165221606385,1,99.54902638036816,Pie chart,99.54902638036816,0.0,0.0,True,Bar chart,0.0141279106689522,0.0045301660501299,0.0095977446188223
profile_bidmc_01,profile,hard,BIDMC,empirical,Dot plot,88.39501989582587,1,92.0508016444717,Dot plot,92.0508016444717,0.0,0.0,True,Line chart,0.1210173899382999,0.0863566445214733,0.034660745416826594
profile_bidmc_01,profile,soft,BIDMC,empirical,Dot plot,88.4500688776861,1,91.86953349305898,Dot plot,91.86953349305898,0.0,0.0,True,Line chart,0.1103069914729799,0.0885001392497035,0.0218068522232764
profile_bidmc_02,profile,hard,BIDMC,empirical,Dot plot,89.41027049394815,1,92.8997227640796,Dot plot,92.8997227640796,0.0,0.0,True,Line chart,0.1148881302069874,0.0764294771250465,0.03845865308194091
profile_bidmc_02,profile,soft,BIDMC,empirical,Dot plot,89.41242143729353,1,92.65952820734849,Dot plot,92.65952820734849,0.0,0.0,True,Line chart,0.0971152037707148,0.0792198269801826,0.0178953767905322
profile_bidmc_03,profile,hard,BIDMC,empirical,Dot plot,92.9440653910489,1,94.6342976623577,Dot plot,94.6342976623577,0.0,0.0,True,Line chart,0.0655222839953394,0.0566993412556026,0.008822942739736793
profile_bidmc_03,profile,soft,BIDMC,empirical,Dot plot,92.87735297371232,1,95.17241494213,Dot plot,95.17241494213,0.0,0.0,True,Line chart,0.0646074328590454,0.0507246249956506,0.013882807863394797
profile_bidmc_04,profile,hard,BIDMC,empirical,Line chart,96.8382572267041,1,97.28891850606148,Dot plot,97.68038726786126,0.004119327904111101,0.3914687617997856,False,Line chart,0.0278662928478294,0.0278662928478294,0.0
profile_bidmc_04,profile,soft,BIDMC,empirical,Dot plot,96.67410470947516,1,97.72296442892214,Dot plot,97.72296442892214,0.0,0.0,True,Line chart,0.0270456752118991,0.0233009260861506,0.0037447491257485005
profile_bidmc_05,profile,hard,BIDMC,empirical,Dot plot,80.18524928807406,1,86.21455825486957,Dot plot,86.21455825486957,0.0,0.0,True,Line chart,0.2174280701249,0.1598969132843849,0.0575311568405151
profile_bidmc_05,profile,soft,BIDMC,empirical,Dot plot,80.99225208640475,1,86.45864494570394,Dot plot,86.45864494570394,0.0,0.0,True,Line chart,0.1875452667548744,0.1566223373359603,0.030922929418914114
profile_bidmc_06,profile,hard,BIDMC,empirical,Line chart,84.53433006498179,1,85.49217518277187,Dot plot,88.13819850160971,0.035115845590039524,2.646023318837834,False,Line chart,0.169697692054415,0.169697692054415,0.0
profile_bidmc_06,profile,soft,BIDMC,empirical,Dot plot,83.94574960723656,1,88.70603638963355,Dot plot,88.70603638963355,0.0,0.0,True,Line chart,0.1547191683137629,0.1273189973313507,0.02740017098241221
profile_bidmc_07,profile,hard,BIDMC,empirical,Line chart,61.12975025825862,1,61.66212362022653,Dot plot,68.13977049362178,0.15416937964421473,6.477646873395251,False,Line chart,0.6217410969478486,0.6217410969478486,0.0
profile_bidmc_07,profile,soft,BIDMC,empirical,Dot plot,60.20060763541135,1,68.94586040642704,Dot plot,68.94586040642704,0.0,0.0,True,Line chart,0.5570883510221415,0.4504134027846309,0.10667494823751061
profile_bidmc_08,profile,hard,BIDMC,empirical,Dot plot,79.76648648205565,1,85.19075601128468,Dot plot,85.19075601128468,0.0,0.0,True,Line chart,0.1919415167276427,0.173836278513054,0.018105238214588704
profile_bidmc_08,profile,soft,BIDMC,empirical,Dot plot,80.7157209800846,1,85.69786842463141,Dot plot,85.69786842463141,0.0,0.0,True,Line chart,0.1992227909179125,0.1668901670284468,0.0323326238894657
profile_bidmc_09,profile,hard,BIDMC,empirical,Line chart,85.20569685128507,1,86.6856148070021,Dot plot,89.44952049028919,0.0356449630119612,2.763905683287092,False,Line chart,0.1535939408475237,0.1535939408475237,0.0
profile_bidmc_09,profile,soft,BIDMC,empirical,Dot plot,85.39154771927737,1,89.4380146514976,Dot plot,89.4380146514976,0.0,0.0,True,Line chart,0.1496078407907705,0.1180927974492506,0.0315150433415199
profile_bidmc_10,profile,hard,BIDMC,empirical,Dot plot,92.61816260553483,1,94.87606071102384,Dot plot,94.87606071102384,0.0,0.0,True,Line chart,0.0814495749947545,0.0540066614336234,0.0274429135611311
profile_bidmc_10,profile,soft,BIDMC,empirical,Dot plot,92.74680268571208,1,94.9208885845872,Dot plot,94.9208885845872,0.0,0.0,True,Line chart,0.068493457631811,0.0535088903101305,0.014984567321680499
profile_bidmc_11,profile,hard,BIDMC,empirical,Dot plot,93.2730551494848,1,95.61035268544413,Dot plot,95.61035268544413,0.0,0.0,True,Line chart,0.057343742254051,0.0459118410429643,0.011431901211086698
profile_bidmc_11,profile,soft,BIDMC,empirical,Dot plot,93.66702430950257,1,95.61456710431408,Dot plot,95.61456710431408,0.0,0.0,True,Line chart,0.0574768925531383,0.045865740216148,0.011611152336990303
profile_bidmc_12,profile,hard,BIDMC,empirical,Dot plot,95.80548813884336,1,96.94592590460564,Dot plot,96.94592590460564,0.0,0.0,True,Line chart,0.0395079410983538,0.0315028616921928,0.008005079406160999
profile_bidmc_12,profile,soft,BIDMC,empirical,Dot plot,95.6324015833054,1,96.9391348985157,Dot plot,96.9391348985157,0.0,0.0,True,Line chart,0.0390697062472227,0.0315751229334642,0.007494583313758504
profile_bidmc_13,profile,hard,BIDMC,empirical,Dot plot,76.58002921054127,1,84.03167613330221,Dot plot,84.03167613330221,0.0,0.0,True,Line chart,0.2550684866536689,0.190027434908792,0.06504105174487687
profile_bidmc_13,profile,soft,BIDMC,empirical,Dot plot,77.28610056347993,1,83.47884485698353,Dot plot,83.47884485698353,0.0,0.0,True,Line chart,0.2384278944923569,0.1979082864804923,0.040519608011864605
profile_bidmc_14,profile,hard,BIDMC,empirical,Dot plot,82.21375300177279,1,87.34423095437123,Dot plot,87.34423095437123,0.0,0.0,True,Line chart,0.1900890546314898,0.1448953057041646,0.04519374892732522
profile_bidmc_14,profile,soft,BIDMC,empirical,Dot plot,83.13628543525697,1,88.11620261104304,Dot plot,88.11620261104304,0.0,0.0,True,Line chart,0.1644522844185748,0.1348650649576181,0.029587219460956687
profile_bidmc_15,profile,hard,BIDMC,empirical,Line chart,89.58269084098615,1,89.57829518314894,Dot plot,91.4788992223903,0.023193587289683404,1.9006040392413581,False,Line chart,0.11634185262784,0.11634185262784,0.0
profile_bidmc_15,profile,soft,BIDMC,empirical,Dot plot,88.41808999862893,1,92.0448574458334,Dot plot,92.0448574458334,0.0,0.0,True,Line chart,0.0957492047062747,0.0864268007460173,0.009322403960257394
profile_bidmc_16,profile,hard,BIDMC,empirical,Dot plot,88.49148675024266,1,91.5260068684719,Dot plot,91.5260068684719,0.0,0.0,True,Line chart,0.1281736973057592,0.0925856313572787,0.035588065948480505
profile_bidmc_16,profile,soft,BIDMC,empirical,Dot plot,88.1212067442975,1,91.482176208215,Dot plot,91.482176208215,0.0,0.0,True,Line chart,0.1060478811508509,0.0931091076407965,0.012938773510054402
profile_bidmc_17,profile,hard,BIDMC,empirical,Dot plot,95.57631196403143,1,97.05126056087032,Dot plot,97.05126056087032,0.0,0.0,True,Line chart,0.0437240832346553,0.0303833193107287,0.0133407639239266
profile_bidmc_17,profile,soft,BIDMC,empirical,Dot plot,95.67473350074349,1,97.05746641628484,Dot plot,97.05746641628484,0.0,0.0,True,Line chart,0.0411753560037438,0.0303174365905503,0.0108579194131935
profile_bidmc_18,profile,hard,BIDMC,empirical,Dot plot,64.74689282734332,1,73.87315979629908,Dot plot,73.87315979629908,0.0,0.0,True,Line chart,0.4767748311193708,0.3536716214081563,0.12310320971121452
profile_bidmc_18,profile,soft,BIDMC,empirical,Dot plot,65.83844253904398,1,74.20485858667098,Dot plot,74.20485858667098,0.0,0.0,True,Line chart,0.4139127265976278,0.3476206532110077,0.06629207338662008
profile_bidmc_19,profile,hard,BIDMC,empirical,Dot plot,84.6689318175457,1,88.56200564725762,Dot plot,88.56200564725762,0.0,0.0,True,Line chart,0.1767208643253479,0.1291523861632028,0.0475684781621451
profile_bidmc_19,profile,soft,BIDMC,empirical,Dot plot,84.97102399206729,1,89.26448368551883,Dot plot,89.26448368551883,0.0,0.0,True,Line chart,0.1584886241046968,0.1202663799894108,0.038222244115286005
profile_bidmc_20,profile,hard,BIDMC,empirical,Dot plot,74.31896765945098,1,80.79017834081155,Dot plot,80.79017834081155,0.0,0.0,True,Line chart,0.318543518370936,0.2377742202542523,0.08076929811668368
profile_bidmc_20,profile,soft,BIDMC,empirical,Dot plot,75.19680413881326,1,81.48853067198368,Dot plot,81.48853067198368,0.0,0.0,True,Line chart,0.2710980057979754,0.2271665616665817,0.04393144413139369
profile_bidmc_21,profile,hard,BIDMC,empirical,Dot plot,94.42808214269886,1,96.21867471024837,Dot plot,96.21867471024837,0.0,0.0,True,Line chart,0.0554674491466662,0.0392992867667183,0.0161681623799479
profile_bidmc_21,profile,soft,BIDMC,empirical,Dot plot,94.54722396300508,1,96.20363296552726,Dot plot,96.20363296552726,0.0,0.0,True,Line chart,0.0524159334285462,0.0394617845235958,0.012954148904950405
profile_bidmc_22,profile,hard,BIDMC,empirical,Dot plot,95.3537986778232,1,96.54885790510698,Dot plot,96.54885790510698,0.0,0.0,True,Line chart,0.0505950310908307,0.0357450328235364,0.014849998267294301
profile_bidmc_22,profile,soft,BIDMC,empirical,Dot plot,95.16339882065806,1,96.73778240356206,Dot plot,96.73778240356206,0.0,0.0,True,Line chart,0.0471269036410108,0.0337222697831639,0.013404633857846897
profile_bidmc_23,profile,hard,BIDMC,empirical,Dot plot,96.14207729015747,1,97.1659671704478,Dot plot,97.1659671704478,0.0,0.0,True,Line chart,0.0436746501275916,0.0291669286282179,0.0145077214993737
profile_bidmc_23,profile,soft,BIDMC,empirical,Dot plot,95.9387620224478,1,97.1687559443576,Dot plot,97.1687559443576,0.0,0.0,True,Line chart,0.0401319923810001,0.0291373912131146,0.010994601167885497
profile_bidmc_24,profile,hard,BIDMC,empirical,Dot plot,93.34004783609755,1,95.13078723872182,Dot plot,95.13078723872182,0.0,0.0,True,Line chart,0.0618858727258797,0.0511844052026958,0.010701467523183898
profile_bidmc_24,profile,soft,BIDMC,empirical,Dot plot,93.2456328213717,1,95.27265172306936,Dot plot,95.27265172306936,0.0,0.0,True,Line chart,0.062603496726534,0.0496191529408847,0.012984343785649291
profile_bidmc_25,profile,hard,BIDMC,empirical,Dot plot,92.57677469463066,1,95.27055255755506,Dot plot,95.27055255755506,0.0,0.0,True,Line chart,0.0641254361555582,0.0496422799646068,0.014483156190951398
profile_bidmc_25,profile,soft,BIDMC,empirical,Dot plot,92.59349663194278,1,94.9795944759503,Dot plot,94.9795944759503,0.0,0.0,True,Line chart,0.061916450867496,0.0528577275124175,0.009058723355078506
profile_bidmc_26,profile,hard,BIDMC,empirical,Dot plot,87.09951742738788,1,90.59083690904066,Dot plot,90.59083690904066,0.0,0.0,True,Line chart,0.1379704697368145,0.1038644018755094,0.034106067861305114
profile_bidmc_26,profile,soft,BIDMC,empirical,Dot plot,87.07110717115104,1,90.97533928703236,Dot plot,90.97533928703236,0.0,0.0,True,Line chart,0.1214244948648022,0.0991989783571384,0.0222255165076638
profile_bidmc_27,profile,hard,BIDMC,empirical,Dot plot,86.24030838348524,1,90.50280982605278,Dot plot,90.50280982605278,0.0,0.0,True,Line chart,0.1266768504626,0.1049380697925389,0.02173878067006109
profile_bidmc_27,profile,soft,BIDMC,empirical,Dot plot,87.19890443374356,1,90.94538842056748,Dot plot,90.94538842056748,0.0,0.0,True,Line chart,0.1286595887019229,0.0995609754016378,0.029098613300285098
profile_bidmc_28,profile,hard,BIDMC,empirical,Dot plot,96.45762817114016,1,97.6587475788853,Dot plot,97.6587475788853,0.0,0.0,True,Line chart,0.0420391343198341,0.023973811657,0.018065322662834102
profile_bidmc_28,profile,soft,BIDMC,empirical,Dot plot,96.6732457091158,1,97.68503514117964,Dot plot,97.68503514117964,0.0,0.0,True,Line chart,0.0411314727823867,0.0236982548603751,0.0174332179220116
profile_bidmc_29,profile,hard,BIDMC,empirical,Dot plot,83.16122368869445,1,87.51875266603014,Dot plot,87.51875266603014,0.0,0.0,True,Line chart,0.1821855476543543,0.1426122625581521,0.0395732850962022
profile_bidmc_29,profile,soft,BIDMC,empirical,Dot plot,83.44079771098332,1,88.14536518759593,Dot plot,88.14536518759593,0.0,0.0,True,Line chart,0.16255592967344,0.134489598938916,0.028066330734524025
profile_bidmc_30,profile,hard,BIDMC,empirical,Dot plot,86.4590840011001,1,89.98406415003808,Dot plot,89.98406415003808,0.0,0.0,True,Line chart,0.150717813863044,0.1113078848412704,0.03940992902177361
profile_bidmc_30,profile,soft,BIDMC,empirical,Dot plot,86.21379323383826,1,90.55032959746973,Dot plot,90.55032959746973,0.0,0.0,True,Line chart,0.1300920791301307,0.10435821100307,0.025733868127060716
profile_bidmc_31,profile,hard,BIDMC,empirical,Dot plot,93.39688255813476,1,95.04925371028187,Dot plot,95.04925371028187,0.0,0.0,True,Line chart,0.0704380316131023,0.052086114266698,0.018351917346404303
profile_bidmc_31,profile,soft,BIDMC,empirical,Dot plot,93.38996398888072,1,95.39409690233038,Dot plot,95.39409690233038,0.0,0.0,True,Line chart,0.0612616904081399,0.0482828943009481,0.012978796107191798
profile_bidmc_32,profile,hard,BIDMC,empirical,Dot plot,46.335493562791314,1,57.97505068968636,Dot plot,57.97505068968636,0.0,0.0,True,Line chart,0.8890879108052963,0.7248799062764735,0.16420800452882278
profile_bidmc_32,profile,soft,BIDMC,empirical,Dot plot,48.59168056510328,1,57.94223963847968,Dot plot,57.94223963847968,0.0,0.0,True,Line chart,0.9061984318805918,0.7258566569730863,0.18034177490750547
profile_bidmc_33,profile,hard,BIDMC,empirical,Dot plot,94.18191834532855,1,95.49139690443538,Dot plot,95.49139690443538,0.0,0.0,True,Line chart,0.055373519179477,0.0472147569490126,0.008158762230464398
profile_bidmc_33,profile,soft,BIDMC,empirical,Dot plot,94.15197455946225,1,95.8331287949234,Dot plot,95.8331287949234,0.0,0.0,True,Line chart,0.0576637234878976,0.0434804879844153,0.0141832355034823
profile_bidmc_34,profile,hard,BIDMC,empirical,Dot plot,95.46828778315972,1,96.79980594785484,Dot plot,96.79980594785484,0.0,0.0,True,Line chart,0.0469061001091843,0.033059922184855,0.013846177924329302
profile_bidmc_34,profile,soft,BIDMC,empirical,Dot plot,95.41580290172384,1,96.92944919584792,Dot plot,96.92944919584792,0.0,0.0,True,Line chart,0.0497654835739104,0.0316782033698342,0.018087280204076198
profile_bidmc_35,profile,hard,BIDMC,empirical,Dot plot,95.46755343134753,1,96.8927194699908,Dot plot,96.8927194699908,0.0,0.0,True,Line chart,0.0479633666097064,0.0320692880435827,0.015894078566123696
profile_bidmc_35,profile,soft,BIDMC,empirical,Dot plot,95.57693786261778,1,96.96870254776222,Dot plot,96.96870254776222,0.0,0.0,True,Line chart,0.0456742497136958,0.0312605755526605,0.014413674161035298
profile_bidmc_36,profile,hard,BIDMC,empirical,Dot plot,92.86042025023352,1,95.363113243201,Dot plot,95.363113243201,0.0,0.0,True,Line chart,0.0784273450681468,0.0486234834319398,0.029803861636207005
profile_bidmc_36,profile,soft,BIDMC,empirical,Dot plot,92.80373073965916,1,95.04960281057262,Dot plot,95.04960281057262,0.0,0.0,True,Line chart,0.0714467356150738,0.0520822501414674,0.019364485473606398
profile_bidmc_37,profile,hard,BIDMC,empirical,Dot plot,79.2917228954741,1,84.90959595861122,Dot plot,84.90959595861122,0.0,0.0,True,Line chart,0.243780669566753,0.1777231874798289,0.06605748208692411
profile_bidmc_37,profile,soft,BIDMC,empirical,Dot plot,79.89194942064704,1,85.06509285544519,Dot plot,85.06509285544519,0.0,0.0,True,Line chart,0.2080591552601406,0.1755703384693219,0.03248881679081869
profile_bidmc_38,profile,hard,BIDMC,empirical,Dot plot,96.95971960549532,1,97.84128520921053,Dot plot,97.84128520921053,0.0,0.0,True,Line chart,0.0322497360164823,0.022063434532504,0.010186301483978304
profile_bidmc_38,profile,soft,BIDMC,empirical,Dot plot,96.87661289599448,1,97.79725700080373,Dot plot,97.79725700080373,0.0,0.0,True,Line chart,0.0311575386939853,0.0225235662711702,0.008633972422815099
profile_bidmc_39,profile,hard,BIDMC,empirical,Dot plot,94.95042214020998,1,96.62358908381174,Dot plot,96.62358908381174,0.0,0.0,True,Line chart,0.0516249427579464,0.0349439608712893,0.0166809818866571
profile_bidmc_39,profile,soft,BIDMC,empirical,Dot plot,95.0578650619726,1,96.58084397476884,Dot plot,96.58084397476884,0.0,0.0,True,Line chart,0.0513717391985594,0.0354020102177238,0.015969728980835596
profile_bidmc_40,profile,hard,BIDMC,empirical,Dot plot,82.3644930916609,1,86.03866818830528,Dot plot,86.03866818830528,0.0,0.0,True,Line chart,0.1932444563066619,0.1622681069532454,0.030976349353416505
profile_bidmc_40,profile,soft,BIDMC,empirical,Dot plot,82.28306681776826,1,87.62148947268088,Dot plot,87.62148947268088,0.0,0.0,True,Line chart,0.1637407832223773,0.1412725417225253,0.02246824149985202
profile_bidmc_41,profile,hard,BIDMC,empirical,Dot plot,98.47987016502698,1,98.87282823070426,Dot plot,98.87282823070426,0.0,0.0,True,Line chart,0.0225331243371151,0.0114002177288351,0.01113290660828
profile_bidmc_41,profile,soft,BIDMC,empirical,Dot plot,98.47912581353192,1,98.936681202892,Dot plot,98.936681202892,0.0,0.0,True,Line chart,0.0213533605286015,0.0107474678165868,0.010605892712014701
profile_bidmc_42,profile,hard,BIDMC,empirical,Dot plot,73.19784411422248,1,80.26590897642797,Dot plot,80.26590897642797,0.0,0.0,True,Line chart,0.3500538830951025,0.2458589365675461,0.1041949465275564
profile_bidmc_42,profile,soft,BIDMC,empirical,Dot plot,72.59898292193802,1,79.25693600658265,Dot plot,79.25693600658265,0.0,0.0,True,Line chart,0.3322696686114731,0.2617192265885038,0.07055044202296934
profile_bidmc_43,profile,hard,BIDMC,empirical,Dot plot,96.10195202262008,1,97.32508186977144,Dot plot,97.32508186977144,0.0,0.0,True,Line chart,0.0445617150601388,0.0274843655801676,0.017077349479971197
profile_bidmc_43,profile,soft,BIDMC,empirical,Dot plot,96.3219409959042,1,97.41058351165076,Dot plot,97.41058351165076,0.0,0.0,True,Line chart,0.0421850944680256,0.0265824964290409,0.015602598038984696
profile_bidmc_44,profile,hard,BIDMC,empirical,Line chart,93.90616302681552,1,95.07952026409212,Dot plot,95.55727376291374,0.005258394240946894,0.4777534988216132,False,Line chart,0.0517512049097513,0.0517512049097513,0.0
profile_bidmc_44,profile,soft,BIDMC,empirical,Dot plot,93.90510467168536,1,95.69201707242756,Dot plot,95.69201707242756,0.0,0.0,True,Line chart,0.0499336241061733,0.0450192509194554,0.004914373186717905
profile_bidmc_45,profile,hard,BIDMC,empirical,Dot plot,95.99152801875712,1,97.28565903485232,Dot plot,97.28565903485232,0.0,0.0,True,Line chart,0.0461341390273409,0.0279007306120554,0.018233408415285497
profile_bidmc_45,profile,soft,BIDMC,empirical,Dot plot,96.11160983627708,1,97.3356032486728,Dot plot,97.3356032486728,0.0,0.0,True,Line chart,0.0434227876288828,0.027373300851901,0.016049486776981797
profile_bidmc_46,profile,hard,BIDMC,empirical,Dot plot,83.86532910371169,1,88.5575088449431,Dot plot,88.5575088449431,0.0,0.0,True,Line chart,0.1506795065653057,0.1292097226344945,0.021469783930811198
profile_bidmc_46,profile,soft,BIDMC,empirical,Dot plot,84.48632743335017,1,89.12210894421294,Dot plot,89.12210894421294,0.0,0.0,True,Line chart,0.1409287395839975,0.1220560328368822,0.01887270674711529
profile_bidmc_47,profile,hard,BIDMC,empirical,Dot plot,86.99567344754095,1,91.61219016308516,Dot plot,91.61219016308516,0.0,0.0,True,Line chart,0.1206709293730212,0.0915577918395263,0.0291131375334949
profile_bidmc_47,profile,soft,BIDMC,empirical,Dot plot,88.54857834874532,1,92.05527276810898,Dot plot,92.05527276810898,0.0,0.0,True,Line chart,0.1014263938592962,0.0863038801905907,0.015122513668705498
profile_bidmc_48,profile,hard,BIDMC,empirical,Dot plot,96.0060007009642,1,97.42513835960143,Dot plot,97.42513835960143,0.0,0.0,True,Line chart,0.0417694478318942,0.0264291299325088,0.015340317899385402
profile_bidmc_48,profile,soft,BIDMC,empirical,Dot plot,96.2655206027914,1,97.48644954558594,Dot plot,97.48644954558594,0.0,0.0,True,Line chart,0.039722424734138,0.0257835880384452,0.013938836695692798
profile_bidmc_49,profile,hard,BIDMC,empirical,Dot plot,90.37713866693292,1,93.40146813406167,Dot plot,93.40146813406167,0.0,0.0,True,Line chart,0.0946015467895589,0.0706469822986859,0.023954564490872993
profile_bidmc_49,profile,soft,BIDMC,empirical,Dot plot,90.04320330273822,1,92.95009959619009,Dot plot,92.95009959619009,0.0,0.0,True,Line chart,0.0874643189274858,0.0758460769212438,0.011618242006241994
profile_bidmc_50,profile,hard,BIDMC,empirical,Dot plot,85.94206269591632,1,90.61435464786072,Dot plot,90.61435464786072,0.0,0.0,True,Line chart,0.123569412810583,0.1035779086946336,0.019991504115949396
profile_bidmc_50,profile,soft,BIDMC,empirical,Dot plot,86.2719194384629,1,90.22232737155898,Dot plot,90.22232737155898,0.0,0.0,True,Line chart,0.1302617767610803,0.1083730924849015,0.021888684276178808
profile_bidmc_51,profile,hard,BIDMC,empirical,Dot plot,91.79525371656952,1,94.37516030461305,Dot plot,94.37516030461305,0.0,0.0,True,Line chart,0.0748246595563841,0.0596008491771748,0.015223810379209293
profile_bidmc_51,profile,soft,BIDMC,empirical,Dot plot,92.22499372889096,1,94.42525571608664,Dot plot,94.42525571608664,0.0,0.0,True,Line chart,0.0753733529829546,0.059038699356825,0.016334653626129597
profile_bidmc_52,profile,hard,BIDMC,empirical,Dot plot,86.88801356753488,1,89.68913181035433,Dot plot,89.68913181035433,0.0,0.0,True,Line chart,0.1393823850704456,0.1149622923259841,0.024420092744461497
profile_bidmc_52,profile,soft,BIDMC,empirical,Dot plot,86.8882727757882,1,90.77679261095275,Dot plot,90.77679261095275,0.0,0.0,True,Line chart,0.1298461886566705,0.1016031424306394,0.02824304622603109
profile_bidmc_53,profile,hard,BIDMC,empirical,Dot plot,95.71956433972072,1,96.77250899865842,Dot plot,96.77250899865842,0.0,0.0,True,Line chart,0.051383976471147,0.0333513208941015,0.018032655577045503
profile_bidmc_53,profile,soft,BIDMC,empirical,Dot plot,95.60222979442092,1,96.8390424723509,Dot plot,96.8390424723509,0.0,0.0,True,Line chart,0.0494035009969063,0.0326413546328858,0.0167621463640205
profile_s1_high_resistance_bike,profile,hard,Wrist,empirical,Dot plot,98.99919707262958,1,99.29101994168418,Dot plot,99.29101994168418,0.0,0.0,True,Line chart,0.01333619952727,0.0071404247708625,0.0061957747564075
profile_s1_high_resistance_bike,profile,soft,Wrist,empirical,Dot plot,98.95386746279164,1,99.2847327986355,Dot plot,99.2847327986355,0.0,0.0,True,Line chart,0.0126416698772223,0.0072042013026833,0.005437468574539
profile_s1_low_resistance_bike,profile,hard,Wrist,empirical,Dot plot,97.551434233607,1,98.2410023613134,Dot plot,98.2410023613134,0.0,0.0,True,Line chart,0.0284339259854213,0.017904923569665,0.0105290024157563
profile_s1_low_resistance_bike,profile,soft,Wrist,empirical,Dot plot,97.59930099169212,1,98.34208332710108,Dot plot,98.34208332710108,0.0,0.0,True,Line chart,0.0273776751037521,0.0168586694201343,0.010519005683617803
profile_s1_walk,profile,hard,Wrist,empirical,Dot plot,95.17223989319665,1,96.82004985020107,Dot plot,96.82004985020107,0.0,0.0,True,Line chart,0.0544072797997211,0.0328439218397316,0.021563357959989496
profile_s1_walk,profile,soft,Wrist,empirical,Dot plot,95.54696799193088,1,96.9259028392136,Dot plot,96.9259028392136,0.0,0.0,True,Line chart,0.0527540829051806,0.0317159507493667,0.021038132155813898
profile_s2_high_resistance_bike,profile,hard,Wrist,empirical,Dot plot,98.34260741684427,1,98.84807438263616,Dot plot,98.84807438263616,0.0,0.0,True,Line chart,0.0190894555719728,0.0116534957768099,0.0074359597951629015
profile_s2_high_resistance_bike,profile,soft,Wrist,empirical,Dot plot,98.3247369572813,1,98.8712530588887,Dot plot,98.8712530588887,0.0,0.0,True,Line chart,0.0170000865228339,0.0114163308968988,0.005583755625935098
profile_s2_low_resistance_bike,profile,hard,Wrist,empirical,Dot plot,97.8310470059075,1,98.57082210599792,Dot plot,98.57082210599792,0.0,0.0,True,Line chart,0.0220071754820245,0.0144989953767982,0.007508180105226301
profile_s2_low_resistance_bike,profile,soft,Wrist,empirical,Dot plot,97.92333840754594,1,98.6147012656742,Dot plot,98.6147012656742,0.0,0.0,True,Line chart,0.0201347940080516,0.0140475884076729,0.006087205600378698
profile_s2_walk,profile,hard,Wrist,empirical,Dot plot,95.8584402804071,1,96.88518069728396,Dot plot,96.88518069728396,0.0,0.0,True,Line chart,0.0415983192674096,0.032149594812113,0.009448724455296605
profile_s2_walk,profile,soft,Wrist,empirical,Dot plot,95.80986716631509,1,97.10047659392971,Dot plot,97.10047659392971,0.0,0.0,True,Line chart,0.0410420925116702,0.0298610625588993,0.011181029952770902
profile_s3_high_resistance_bike,profile,hard,Wrist,empirical,Dot plot,96.67918229511908,1,97.65417577397452,Dot plot,97.65417577397452,0.0,0.0,True,Line chart,0.0356622172279446,0.0240217502982668,0.011640466929677795
profile_s3_high_resistance_bike,profile,soft,Wrist,empirical,Dot plot,96.59664738311425,1,97.62713761264489,Dot plot,97.62713761264489,0.0,0.0,True,Line chart,0.0344711081252862,0.0243053565369283,0.010165751588357898
profile_s3_low_resistance_bike,profile,hard,Wrist,empirical,Dot plot,95.09200811961055,1,96.65571637373542,Dot plot,96.65571637373542,0.0,0.0,True,Line chart,0.0496497853887304,0.034599956957883,0.015049828430847394
profile_s3_low_resistance_bike,profile,soft,Wrist,empirical,Dot plot,95.06279301747723,1,96.5940827503202,Dot plot,96.5940827503202,0.0,0.0,True,Line chart,0.0494083435224245,0.0352601024069303,0.014148241115494196
profile_s3_run,profile,hard,Wrist,empirical,Dot plot,93.52381642748436,1,95.48880253849876,Dot plot,95.48880253849876,0.0,0.0,True,Line chart,0.0665189306464056,0.0472432090629936,0.019275721583412002
profile_s3_run,profile,soft,Wrist,empirical,Dot plot,93.5699964752641,1,95.46881537156382,Dot plot,95.46881537156382,0.0,0.0,True,Line chart,0.0624044699814865,0.047462457880103,0.014942012101383503
profile_s3_walk,profile,hard,Wrist,empirical,Dot plot,95.10965598590458,1,96.24242589320195,Dot plot,96.24242589320195,0.0,0.0,True,Line chart,0.058060658591054,0.0390428033367293,0.0190178552543247
profile_s3_walk,profile,soft,Wrist,empirical,Dot plot,95.12571958672387,1,96.42110192691278,Dot plot,96.42110192691278,0.0,0.0,True,Line chart,0.0565778584565073,0.0371173737031134,0.019460484753393896
profile_s4_run,profile,hard,Wrist,empirical,Dot plot,94.32426685619292,1,96.035477485451,Dot plot,96.035477485451,0.0,0.0,True,Line chart,0.054424512656519,0.0412818535228255,0.013142659133693502
profile_s4_run,profile,soft,Wrist,empirical,Dot plot,94.34468637789227,1,96.01583117741414,Dot plot,96.01583117741414,0.0,0.0,True,Line chart,0.0486423583385206,0.0414949157209718,0.007147442617548794
profile_s5_low_resistance_bike,profile,hard,Wrist,empirical,Dot plot,96.0857621261339,1,97.08836808130778,Dot plot,97.08836808130778,0.0,0.0,True,Line chart,0.0434484482253514,0.0299895031323818,0.013458945092969597
profile_s5_low_resistance_bike,profile,soft,Wrist,empirical,Dot plot,96.00570260201631,1,97.22598201315743,Dot plot,97.22598201315743,0.0,0.0,True,Line chart,0.0372756588945643,0.0285316530561465,0.0087440058384178
profile_s5_run,profile,hard,Wrist,empirical,Dot plot,93.88448874741955,1,96.26590544878394,Dot plot,96.26590544878394,0.0,0.0,True,Line chart,0.0489266033062084,0.0387893775455391,0.010137225760669298
profile_s5_run,profile,soft,Wrist,empirical,Dot plot,94.50379060383858,1,96.20913092988732,Dot plot,96.20913092988732,0.0,0.0,True,Line chart,0.0473936176775175,0.0394023834689379,0.007991234208579598
profile_s6_low_resistance_bike,profile,hard,Wrist,empirical,Dot plot,97.98008309628312,1,98.53417882089336,Dot plot,98.53417882089336,0.0,0.0,True,Line chart,0.0238752596892338,0.0148762713268367,0.008998988362397101
profile_s6_low_resistance_bike,profile,soft,Wrist,empirical,Dot plot,98.05102720393089,1,98.61817501545512,Dot plot,98.61817501545512,0.0,0.0,True,Line chart,0.0233402778611661,0.0140118693570261,0.00932840850414
profile_s6_run,profile,hard,Wrist,empirical,Dot plot,96.34297522882083,1,97.45922475418742,Dot plot,97.45922475418742,0.0,0.0,True,Line chart,0.0383714944773477,0.0260701360206892,0.012301358456658501
profile_s6_run,profile,soft,Wrist,empirical,Dot plot,96.63219059197333,1,97.6636487758958,Dot plot,97.6636487758958,0.0,0.0,True,Line chart,0.0367977619734495,0.0239224240890827,0.012875337884366799
profile_s6_walk,profile,hard,Wrist,empirical,Dot plot,94.25816629420969,1,96.01174194822302,Dot plot,96.01174194822302,0.0,0.0,True,Line chart,0.05812357429383,0.0415392739559683,0.0165843003378617
profile_s6_walk,profile,soft,Wrist,empirical,Dot plot,94.44412092150932,1,96.11479241165556,Dot plot,96.11479241165556,0.0,0.0,True,Line chart,0.0594438867097002,0.040422576908914,0.0190213098007862
profile_s8_run,profile,hard,Wrist,empirical,Dot plot,97.57554245936036,1,98.26777024629224,Dot plot,98.26777024629224,0.0,0.0,True,Line chart,0.0360658861760572,0.0176276489164881,0.018438237259569102
profile_s8_run,profile,soft,Wrist,empirical,Dot plot,97.52656807211284,1,98.34331958264931,Dot plot,98.34331958264931,0.0,0.0,True,Line chart,0.0377814379456973,0.0168458866792508,0.0209355512664465
profile_s8_walk,profile,hard,Wrist,empirical,Dot plot,95.03931119395192,1,96.59038363767844,Dot plot,96.59038363767844,0.0,0.0,True,Line chart,0.0576980871842259,0.0352997496636044,0.0223983375206215
profile_s8_walk,profile,soft,Wrist,empirical,Dot plot,95.2079348533552,1,96.65006876641802,Dot plot,96.65006876641802,0.0,0.0,True,Line chart,0.0552408005338605,0.0346604123136014,0.020580388220259094
profile_s9_walk,profile,hard,Wrist,empirical,Dot plot,92.15173560339392,1,94.64847058053262,Dot plot,94.64847058053262,0.0,0.0,True,Line chart,0.0810712055853359,0.0565411082360172,0.0245300973493187
profile_s9_walk,profile,soft,Wrist,empirical,Dot plot,92.19984735519472,1,94.58363417884932,Dot plot,94.58363417884932,0.0,0.0,True,Line chart,0.0758835099978328,0.0572653595748794,0.0186181504229534
synthetic_2_0.3_0,composition,hard,Synthetic,synthetic,Donut chart,99.96054772078958,1,99.95713706383548,Donut chart,99.95713706383548,0.0,0.0,True,Bar chart,0.0013085827176644,0.0004288131635576,0.0008797695541068001
synthetic_2_0.3_0,composition,soft,Synthetic,synthetic,Pie chart,99.86179218863784,1,99.93242482590256,Pie chart,99.93242482590256,0.0,0.0,True,Bar chart,0.0010979971658692,0.0006762086901739,0.00042178847569529997
synthetic_2_0.3_1,composition,hard,Synthetic,synthetic,Pie chart,99.93055541268208,1,99.9532435311351,Pie chart,99.9532435311351,0.0,0.0,True,Bar chart,0.0023736316863878,0.0004677834076522,0.0019058482787356
synthetic_2_0.3_1,composition,soft,Synthetic,synthetic,Pie chart,99.8686806089937,1,99.93469209360244,Pie chart,99.93469209360244,0.0,0.0,True,Bar chart,0.0006970200299929,0.0006535058549677,4.3514175025199985e-05
synthetic_2_0.3_2,composition,hard,Synthetic,synthetic,Pie chart,99.92021307959988,1,99.94774793067916,Pie chart,99.94774793067916,0.0,0.0,True,Bar chart,0.003256826535333,0.0005227938638205,0.0027340326715125
synthetic_2_0.3_2,composition,soft,Synthetic,synthetic,Bar chart,99.85514527749564,1,99.9147729344929,Pie chart,99.92142534699587,6.663322677839996e-05,0.006652412502972993,False,Bar chart,0.0008529976399284,0.0008529976399284,0.0
synthetic_2_0.3_3,composition,hard,Synthetic,synthetic,Pie chart,99.9061718433575,1,99.94704089172156,Pie chart,99.94704089172156,0.0,0.0,True,Bar chart,0.0029603240728476,0.0005298716981106,0.002430452374737
synthetic_2_0.3_3,composition,soft,Synthetic,synthetic,Bar chart,99.94946901934358,1,99.9645940822294,Bar chart,99.9645940822294,0.0,0.0,True,Bar chart,0.0003541845800071,0.0003541845800071,0.0
synthetic_2_1_0,composition,hard,Synthetic,synthetic,Donut chart,99.88331522639612,1,99.94010628223934,Donut chart,99.94010628223934,0.0,0.0,True,Bar chart,0.0022548481943246,0.0005992961183322,0.0016555520759924001
synthetic_2_1_0,composition,soft,Synthetic,synthetic,Bar chart,99.97565657286614,1,99.95458805531496,Bar chart,99.95458805531496,0.0,0.0,True,Bar chart,0.0004543257650154,0.0004543257650154,0.0
synthetic_2_1_1,composition,hard,Synthetic,synthetic,Pie chart,99.90541921576076,1,99.94632197967596,Pie chart,99.94632197967596,0.0,0.0,True,Bar chart,0.0023578811667576,0.0005370684909739,0.0018208126757837
synthetic_2_1_1,composition,soft,Synthetic,synthetic,Bar chart,99.95327209599756,1,99.95353558203782,Bar chart,99.95353558203782,0.0,0.0,True,Bar chart,0.000464860174196,0.000464860174196,0.0
synthetic_2_1_2,composition,hard,Synthetic,synthetic,Donut chart,99.8845153400489,1,99.93624713130647,Donut chart,99.93624713130647,0.0,0.0,True,Bar chart,0.0019744720226291,0.0006379353890462,0.0013365366335829
synthetic_2_1_2,composition,soft,Synthetic,synthetic,Bar chart,99.94655314684633,1,99.97449591124337,Bar chart,99.97449591124337,0.0,0.0,True,Bar chart,0.0002551059500141,0.0002551059500141,0.0
synthetic_2_1_3,composition,hard,Synthetic,synthetic,Donut chart,99.96078797859838,1,99.95930207100992,Donut chart,99.95930207100992,0.0,0.0,True,Bar chart,0.0018498973230585,0.0004071449894793,0.0014427523335792
synthetic_2_1_3,composition,soft,Synthetic,synthetic,Pie chart,99.849465217269,1,99.92928868215031,Pie chart,99.92928868215031,0.0,0.0,True,Bar chart,0.0017183839072835,0.0007076135413571,0.0010107703659264
synthetic_2_5_0,composition,hard,Synthetic,synthetic,Pie chart,99.90552177522154,1,99.94877274151877,Pie chart,99.94877274151877,0.0,0.0,True,Bar chart,0.0020451731120366,0.0005125351425144,0.0015326379695222
synthetic_2_5_0,composition,soft,Synthetic,synthetic,Bar chart,99.93164754501016,1,99.9692230694872,Bar chart,99.9692230694872,0.0,0.0,True,Bar chart,0.0003078640562346,0.0003078640562346,0.0
synthetic_2_5_1,composition,hard,Synthetic,synthetic,Pie chart,99.9179367918548,1,99.9460521625042,Pie chart,99.9460521625042,0.0,0.0,True,Bar chart,0.0028831637854036,0.0005397695689679,0.0023433942164357
synthetic_2_5_1,composition,soft,Synthetic,synthetic,Bar chart,99.88027975981414,1,99.92875455504104,Pie chart,99.9310703927567,2.319087358689995e-05,0.0023158377156562437,False,Bar chart,0.0007129624028259,0.0007129624028259,0.0
synthetic_2_5_2,composition,hard,Synthetic,synthetic,Pie chart,99.90500958607667,1,99.95123575581547,Pie chart,99.95123575581547,0.0,0.0,True,Bar chart,0.0022225240061879,0.0004878803530119,0.001734643653176
synthetic_2_5_2,composition,soft,Synthetic,synthetic,Bar chart,99.93484817855813,1,99.96875439328392,Bar chart,99.96875439328392,0.0,0.0,True,Bar chart,0.0003125537264689,0.0003125537264689,0.0
synthetic_2_5_3,composition,hard,Synthetic,synthetic,Pie chart,99.93603333268848,1,99.9526795942242,Pie chart,99.9526795942242,0.0,0.0,True,Bar chart,0.0028865142562021,0.0004734280858492,0.0024130861703529002
synthetic_2_5_3,composition,soft,Synthetic,synthetic,Pie chart,99.8675597503412,1,99.93243226411998,Pie chart,99.93243226411998,0.0,0.0,True,Bar chart,0.0011587310217354,0.0006761342073754,0.0004825968143600001
synthetic_3_0.3_0,composition,hard,Synthetic,synthetic,Donut chart,99.89042788308204,1,99.91814500696668,Donut chart,99.91814500696668,0.0,0.0,True,Bar chart,0.0037453685807658,0.0008192205032191,0.0029261480775467
synthetic_3_0.3_0,composition,soft,Synthetic,synthetic,Bar chart,99.92616860090207,1,99.91600768563065,Bar chart,99.91600768563065,0.0,0.0,True,Bar chart,0.0008406292076205,0.0008406292076205,0.0
synthetic_3_0.3_1,composition,hard,Synthetic,synthetic,Donut chart,99.89729719049738,1,99.91171654753045,Donut chart,99.91171654753045,0.0,0.0,True,Bar chart,0.0032454377102428,0.00088361461018,0.0023618231000628
synthetic_3_0.3_1,composition,soft,Synthetic,synthetic,Donut chart,99.8374183320445,1,99.8846437472896,Bar chart,99.88545099457995,8.091063993799844e-06,0.0008072472903535299,False,Bar chart,0.0011468037064401,0.0011548947704339,-8.091063993799844e-06
synthetic_3_0.3_2,composition,hard,Synthetic,synthetic,Donut chart,99.89011098815956,1,99.91933575169202,Donut chart,99.91933575169202,0.0,0.0,True,Bar chart,0.0020170723629414,0.0008072936804589,0.0012097786824825
synthetic_3_0.3_2,composition,soft,Synthetic,synthetic,Pie chart,99.86784609124378,1,99.89611238783672,Pie chart,99.89611238783672,0.0,0.0,True,Bar chart,0.0025665778560531,0.0010399565076163,0.0015266213484368
synthetic_3_0.3_3,composition,hard,Synthetic,synthetic,Donut chart,99.92408173918145,1,99.9348883536049,Donut chart,99.9348883536049,0.0,0.0,True,Bar chart,0.0019802166461683,0.0006515406928228,0.0013286759533455003
synthetic_3_0.3_3,composition,soft,Synthetic,synthetic,Pie chart,99.86258845723007,1,99.89526835109744,Pie chart,99.89526835109744,0.0,0.0,True,Bar chart,0.0023969708762155,0.00104841451083,0.0013485563653855
synthetic_3_1_0,composition,hard,Synthetic,synthetic,Donut chart,99.9166133683907,1,99.92327894482894,Donut chart,99.92327894482894,0.0,0.0,True,Bar chart,0.0033017212074821,0.0007677996156774,0.0025339215918047
synthetic_3_1_0,composition,soft,Synthetic,synthetic,Pie chart,99.85647821530392,1,99.88874829762486,Pie chart,99.88874829762486,0.0,0.0,True,Bar chart,0.0017063331883859,0.001113756096369,0.0005925770920168999
synthetic_3_1_1,composition,hard,Synthetic,synthetic,Donut chart,99.91207726321112,1,99.93529529955842,Donut chart,99.93529529955842,0.0,0.0,True,Bar chart,0.0018767813285278,0.0006474659453161,0.0012293153832117
synthetic_3_1_1,composition,soft,Synthetic,synthetic,Pie chart,99.86904560795963,1,99.90078646788126,Pie chart,99.90078646788126,0.0,0.0,True,Bar chart,0.0022618420794063,0.0009931206312439,0.0012687214481624002
synthetic_3_1_2,composition,hard,Synthetic,synthetic,Donut chart,99.91652404904671,1,99.9276193493221,Donut chart,99.9276193493221,0.0,0.0,True,Bar chart,0.0021946695055568,0.0007243307821121,0.0014703387234447003
synthetic_3_1_2,composition,soft,Synthetic,synthetic,Pie chart,99.85400322731527,1,99.88804556508045,Pie chart,99.88804556508045,0.0,0.0,True,Bar chart,0.0021909055649865,0.0011207991335322,0.0010701064314542997
synthetic_3_1_3,composition,hard,Synthetic,synthetic,Bar chart,99.98774216289168,1,99.74391208694068,Donut chart,99.92361849905002,0.0018030552013114,0.1797064121093399,False,Bar chart,0.0025674540701403,0.0025674540701403,0.0
synthetic_3_1_3,composition,soft,Synthetic,synthetic,Pie chart,99.86095704141684,1,99.89218638139512,Pie chart,99.89218638139512,0.0,0.0,True,Bar chart,0.0027089732900398,0.0010792998182382,0.0016296734718015998
synthetic_3_5_0,composition,hard,Synthetic,synthetic,Donut chart,99.92642178653792,1,99.93674835819864,Donut chart,99.93674835819864,0.0,0.0,True,Bar chart,0.0031801923668713,0.0006329167482481,0.0025472756186232
synthetic_3_5_0,composition,soft,Synthetic,synthetic,Pie chart,99.85770396401226,1,99.89036244464202,Pie chart,99.89036244464202,0.0,0.0,True,Bar chart,0.0021365970301622,0.0010975789122673,0.0010390181178949
synthetic_3_5_1,composition,hard,Synthetic,synthetic,Donut chart,99.91371702946137,1,99.91678939828816,Donut chart,99.91678939828816,0.0,0.0,True,Bar chart,0.0032110457475977,0.0008327989941725,0.0023782467534252
synthetic_3_5_1,composition,soft,Synthetic,synthetic,Pie chart,99.86524472018664,1,99.89628762209227,Pie chart,99.89628762209227,0.0,0.0,True,Bar chart,0.0019326942446734,0.0010382005215254,0.0008944937231479999
synthetic_3_5_2,composition,hard,Synthetic,synthetic,Donut chart,99.91724638231696,1,99.92027718506736,Donut chart,99.92027718506736,0.0,0.0,True,Bar chart,0.0034079935290185,0.0007978642291493,0.0026101292998692
synthetic_3_5_2,composition,soft,Synthetic,synthetic,Pie chart,99.8637580021151,1,99.8942281668074,Donut chart,99.89468311485813,4.5590991726999e-06,0.0004549480507307635,False,Bar chart,0.0017506201044441,0.0010588382845903,0.0006917818198537999
synthetic_3_5_3,composition,hard,Synthetic,synthetic,Donut chart,99.88376165318522,1,99.89972231476574,Donut chart,99.89972231476574,0.0,0.0,True,Bar chart,0.0034142608084663,0.0010037834231239,0.0024104773853424
synthetic_3_5_3,composition,soft,Synthetic,synthetic,Bar chart,99.87453259463508,1,99.94085950647542,Bar chart,99.94085950647542,0.0,0.0,True,Bar chart,0.0005917549020154,0.0005917549020154,0.0
synthetic_5_0.3_0,composition,hard,Synthetic,synthetic,Donut chart,99.73059466908803,1,99.81290095002376,Donut chart,99.81290095002376,0.0,0.0,True,Bar chart,0.0067267864016436,0.0018744976670895,0.0048522887345541
synthetic_5_0.3_0,composition,soft,Synthetic,synthetic,Pie chart,99.39327361962384,1,99.5907896651626,Pie chart,99.5907896651626,0.0,0.0,True,Bar chart,0.0161497012035017,0.0041089174632837,0.012040783740218
synthetic_5_0.3_1,composition,hard,Synthetic,synthetic,Donut chart,99.73216602792108,1,99.81331098052588,Donut chart,99.81331098052588,0.0,0.0,True,Bar chart,0.0073414117979736,0.0018703819925434,0.0054710298054302005
synthetic_5_0.3_1,composition,soft,Synthetic,synthetic,Pie chart,99.37886225269948,1,99.5830347424889,Pie chart,99.5830347424889,0.0,0.0,True,Bar chart,0.0186703459310764,0.0041871113748373,0.014483234556239101
synthetic_5_0.3_2,composition,hard,Synthetic,synthetic,Donut chart,99.78827624442005,1,99.83999052735868,Pie chart,99.8537057854184,0.00013757365172680012,0.013715258059718849,False,Bar chart,0.004717522094458,0.00160265913284,0.0031148629616179996
synthetic_5_0.3_2,composition,soft,Synthetic,synthetic,Pie chart,99.411042608903,1,99.5494454963698,Pie chart,99.5494454963698,0.0,0.0,True,Bar chart,0.0153774476290074,0.0045259368486047,0.0108515107804027
synthetic_5_0.3_3,composition,hard,Synthetic,synthetic,Pie chart,99.60254276789443,1,99.69848745218953,Pie chart,99.69848745218953,0.0,0.0,True,Bar chart,0.0095959975869349,0.0030242439530997,0.0065717536338352
synthetic_5_0.3_3,composition,soft,Synthetic,synthetic,Pie chart,99.31896341472176,1,99.5118910802529,Pie chart,99.5118910802529,0.0,0.0,True,Bar chart,0.0211393674511383,0.0049050310917463,0.016234336359392
synthetic_5_1_0,composition,hard,Synthetic,synthetic,Donut chart,99.57719720362616,1,99.72059077324258,Donut chart,99.72059077324258,0.0,0.0,True,Bar chart,0.0091629985719459,0.0028019210936362,0.006361077478309701
synthetic_5_1_0,composition,soft,Synthetic,synthetic,Pie chart,99.2113970286014,1,99.46544830314664,Pie chart,99.46544830314664,0.0,0.0,True,Bar chart,0.0204601997121936,0.0053742450868383,0.015085954625355301
synthetic_5_1_1,composition,hard,Synthetic,synthetic,Donut chart,99.59016916444958,1,99.72027679220552,Donut chart,99.72027679220552,0.0,0.0,True,Bar chart,0.0090064663039194,0.0028050785336003,0.006201387770319099
synthetic_5_1_1,composition,soft,Synthetic,synthetic,Pie chart,99.23114819150112,1,99.48129073225148,Pie chart,99.48129073225148,0.0,0.0,True,Bar chart,0.0217268464406711,0.0052141388991886,0.0165127075414825
synthetic_5_1_2,composition,hard,Synthetic,synthetic,Donut chart,99.57830827842967,1,99.71507059805931,Donut chart,99.71507059805931,0.0,0.0,True,Bar chart,0.0085447458823706,0.0028574356938402,0.0056873101885304
synthetic_5_1_2,composition,soft,Synthetic,synthetic,Pie chart,99.2930950647257,1,99.52293963104933,Pie chart,99.52293963104933,0.0,0.0,True,Bar chart,0.017965832273079,0.0047934714420538,0.013172360831025201
synthetic_5_1_3,composition,hard,Synthetic,synthetic,Donut chart,99.67133141887376,1,99.77380191576788,Donut chart,99.77380191576788,0.0,0.0,True,Bar chart,0.0069391980125003,0.0022671089994451,0.0046720890130552
synthetic_5_1_3,composition,soft,Synthetic,synthetic,Pie chart,99.4279185584658,1,99.61868002109698,Pie chart,99.61868002109698,0.0,0.0,True,Bar chart,0.0160327985196475,0.0038277959396998,0.0122050025799477
synthetic_5_5_0,composition,hard,Synthetic,synthetic,Donut chart,99.62729228301563,1,99.74203897591391,Donut chart,99.74203897591391,0.0,0.0,True,Bar chart,0.0078638332165975,0.0025862818399809,0.005277551376616599
synthetic_5_5_0,composition,soft,Synthetic,synthetic,Pie chart,99.35964513336614,1,99.57354545145448,Pie chart,99.57354545145448,0.0,0.0,True,Bar chart,0.015881790819551,0.0042828097223215,0.0115989810972295
synthetic_5_5_1,composition,hard,Synthetic,synthetic,Donut chart,99.6530278261262,1,99.75314465304032,Donut chart,99.75314465304032,0.0,0.0,True,Bar chart,0.0073340142449253,0.0024746623058178,0.0048593519391075
synthetic_5_5_1,composition,soft,Synthetic,synthetic,Pie chart,99.31172553164636,1,99.52267079282169,Pie chart,99.52267079282169,0.0,0.0,True,Bar chart,0.0168707614004107,0.0047961856668012,0.0120745757336095
synthetic_5_5_2,composition,hard,Synthetic,synthetic,Donut chart,99.70598092874272,1,99.78628994321872,Donut chart,99.78628994321872,0.0,0.0,True,Bar chart,0.0070966253835313,0.002141677548117,0.0049549478354143
synthetic_5_5_2,composition,soft,Synthetic,synthetic,Pie chart,99.39426758430108,1,99.58820413143394,Pie chart,99.58820413143394,0.0,0.0,True,Bar chart,0.0169519579484835,0.0041349863887754,0.0128169715597081
synthetic_5_5_3,composition,hard,Synthetic,synthetic,Donut chart,99.64881247997116,1,99.76335896696985,Donut chart,99.76335896696985,0.0,0.0,True,Bar chart,0.0077806239684049,0.0023720235112423,0.005408600457162601
synthetic_5_5_3,composition,soft,Synthetic,synthetic,Pie chart,99.34301353828336,1,99.56084154098924,Pie chart,99.56084154098924,0.0,0.0,True,Bar chart,0.0173039912426566,0.0044109556750779,0.0128930355675787
synthetic_8_0.3_0,composition,hard,Synthetic,synthetic,Pie chart,99.61827211524032,1,99.76635593314964,Pie chart,99.76635593314964,0.0,0.0,True,Bar chart,0.0156432615378785,0.0023419124078955,0.013301349129983
synthetic_8_0.3_0,composition,soft,Synthetic,synthetic,Pie chart,99.42552572321928,1,99.63977188204622,Pie chart,99.63977188204622,0.0,0.0,True,Bar chart,0.0266412490769728,0.0036153045229791,0.023025944553993698
synthetic_8_0.3_1,composition,hard,Synthetic,synthetic,Pie chart,99.49626795572718,1,99.70775236264242,Pie chart,99.70775236264242,0.0,0.0,True,Bar chart,0.0186166529378097,0.0029310422753753,0.015685610662434398
synthetic_8_0.3_1,composition,soft,Synthetic,synthetic,Pie chart,99.23287119469369,1,99.53791050392388,Pie chart,99.53791050392388,0.0,0.0,True,Bar chart,0.0348383889074571,0.0046423467574993,0.030196042149957802
synthetic_8_0.3_2,composition,hard,Synthetic,synthetic,Pie chart,99.45715273916473,1,99.67538569098365,Pie chart,99.67538569098365,0.0,0.0,True,Bar chart,0.030361327001385,0.003256714852579,0.027104612148806
synthetic_8_0.3_2,composition,soft,Synthetic,synthetic,Pie chart,99.14989107063704,1,99.47374252665068,Pie chart,99.47374252665068,0.0,0.0,True,Bar chart,0.0473118330630881,0.0052904159427633,0.042021417120324804
synthetic_8_0.3_3,composition,hard,Synthetic,synthetic,Pie chart,99.4936647922206,1,99.70836229018003,Pie chart,99.70836229018003,0.0,0.0,True,Bar chart,0.022097928993106,0.0029249072306614,0.0191730217624446
synthetic_8_0.3_3,composition,soft,Synthetic,synthetic,Pie chart,99.30883505564408,1,99.57481595229692,Pie chart,99.57481595229692,0.0,0.0,True,Bar chart,0.038143609381646,0.0042699958180867,0.0338736135635593
synthetic_8_1_0,composition,hard,Synthetic,synthetic,Pie chart,99.65515468341928,1,99.79841436548018,Pie chart,99.79841436548018,0.0,0.0,True,Bar chart,0.0157696558436364,0.002019928230338,0.013749727613298401
synthetic_8_1_0,composition,soft,Synthetic,synthetic,Pie chart,99.52468456349872,1,99.71711174439216,Pie chart,99.71711174439216,0.0,0.0,True,Bar chart,0.0233793699068111,0.0028369078351665,0.020542462071644597
synthetic_8_1_1,composition,hard,Synthetic,synthetic,Pie chart,99.5719136281773,1,99.7532262979436,Pie chart,99.7532262979436,0.0,0.0,True,Bar chart,0.0181776325543395,0.0024738418115856,0.015703790742753902
synthetic_8_1_1,composition,soft,Synthetic,synthetic,Pie chart,99.3964445896927,1,99.63644711943545,Pie chart,99.63644711943545,0.0,0.0,True,Bar chart,0.0308544919653598,0.0036487941017082,0.0272056978636516
synthetic_8_1_2,composition,hard,Synthetic,synthetic,Pie chart,99.76699608197036,1,99.85911183949764,Pie chart,99.85911183949764,0.0,0.0,True,Bar chart,0.016516531035881,0.0014108693529021,0.0151056616829789
synthetic_8_1_2,composition,soft,Synthetic,synthetic,Pie chart,99.51264182089612,1,99.70619676910452,Pie chart,99.70619676910452,0.0,0.0,True,Bar chart,0.030455086737419,0.002946689778729,0.02750839695869
synthetic_8_1_3,composition,hard,Synthetic,synthetic,Pie chart,99.32822895843448,1,99.61684027805914,Pie chart,99.61684027805914,0.0,0.0,True,Bar chart,0.025676280318862,0.0038463348252297,0.021829945493632298
synthetic_8_1_3,composition,soft,Synthetic,synthetic,Pie chart,99.06225489277914,1,99.43610099142998,Pie chart,99.43610099142998,0.0,0.0,True,Bar chart,0.0410214098340642,0.0056709686215332,0.035350441212531
synthetic_8_5_0,composition,hard,Synthetic,synthetic,Pie chart,99.58468176157793,1,99.76020130815864,Pie chart,99.76020130815864,0.0,0.0,True,Bar chart,0.0220942603967395,0.0024037510820636,0.0196905093146759
synthetic_8_5_0,composition,soft,Synthetic,synthetic,Pie chart,99.38742765703576,1,99.6332536583994,Pie chart,99.6332536583994,0.0,0.0,True,Bar chart,0.0361179448983371,0.0036809632139286,0.0324369816844085
synthetic_8_5_1,composition,hard,Synthetic,synthetic,Pie chart,99.5673331848977,1,99.74402249474662,Pie chart,99.74402249474662,0.0,0.0,True,Bar chart,0.0213246979616109,0.0025663443166919,0.018758353644919
synthetic_8_5_1,composition,soft,Synthetic,synthetic,Pie chart,99.34728485730048,1,99.59766466647746,Pie chart,99.59766466647746,0.0,0.0,True,Bar chart,0.0356036299724156,0.0040396060978924,0.0315640238745232
synthetic_8_5_2,composition,hard,Synthetic,synthetic,Pie chart,99.65897813497769,1,99.80788457816256,Pie chart,99.80788457816256,0.0,0.0,True,Bar chart,0.0199145283845347,0.0019248521562141,0.0179896762283206
synthetic_8_5_2,composition,soft,Synthetic,synthetic,Pie chart,99.41874194479426,1,99.6462318820092,Pie chart,99.6462318820092,0.0,0.0,True,Bar chart,0.0328613310017958,0.0035502407999701,0.0293110902018257
synthetic_8_5_3,composition,hard,Synthetic,synthetic,Pie chart,99.56600580652145,1,99.75208971028292,Pie chart,99.75208971028292,0.0,0.0,True,Bar chart,0.0244731466712076,0.0024852641226575,0.0219878825485501
synthetic_8_5_3,composition,soft,Synthetic,synthetic,Pie chart,99.31518409091606,1,99.5865195480788,Pie chart,99.5865195480788,0.0,0.0,True,Bar chart,0.0397177339626944,0.0041519721122653,0.0355657618504291
