key,dataset,kind,task,family,H,observer,loss,score,successful,winner
comp_BIDMC_0,BIDMC,empirical,composition,Bar chart,256,hard,0.008604578328718075,99.146882880209,4,False
comp_BIDMC_0,BIDMC,empirical,composition,Bar chart,256,soft,0.0202904954147296,98.01130212366803,4,False
comp_BIDMC_0,BIDMC,empirical,composition,Pie chart,256,hard,0.0026664371601827254,99.73406538192953,4,False
comp_BIDMC_0,BIDMC,empirical,composition,Pie chart,256,soft,0.0055892381189861255,99.44418278287851,4,True
comp_BIDMC_0,BIDMC,empirical,composition,Donut chart,256,hard,0.0024708806216628253,99.75352095812194,4,True
comp_BIDMC_0,BIDMC,empirical,composition,Donut chart,256,soft,0.009790184493256101,99.03047339500837,4,False
comp_BIDMC_0,BIDMC,empirical,composition,Stacked bar,256,hard,0.005584562349285499,99.444645178697,4,False
comp_BIDMC_0,BIDMC,empirical,composition,Stacked bar,256,soft,0.01211468802019865,98.80303209077064,4,False
comp_BIDMC_0,BIDMC,empirical,composition,Bar chart,384,hard,0.00580812739388775,99.42254121480039,4,False
comp_BIDMC_0,BIDMC,empirical,composition,Bar chart,384,soft,0.013255813451765025,98.69176043445458,4,False
comp_BIDMC_0,BIDMC,empirical,composition,Pie chart,384,hard,0.0014798491405371497,99.85223375769296,4,False
comp_BIDMC_0,BIDMC,empirical,composition,Pie chart,384,soft,0.0033671437932171,99.66441558166959,4,True
comp_BIDMC_0,BIDMC,empirical,composition,Donut chart,384,hard,0.001430442283402375,99.85716009589835,4,True
comp_BIDMC_0,BIDMC,empirical,composition,Donut chart,384,soft,0.006127147992446675,99.39101653258513,4,False
comp_BIDMC_0,BIDMC,empirical,composition,Stacked bar,384,hard,0.004402810952815001,99.56164888182279,4,False
comp_BIDMC_0,BIDMC,empirical,composition,Stacked bar,384,soft,0.0077262911244192,99.2332946760972,4,False
comp_BIDMC_1,BIDMC,empirical,composition,Bar chart,256,hard,0.009146783412883273,99.09361219168242,4,False
comp_BIDMC_1,BIDMC,empirical,composition,Bar chart,256,soft,0.021770389466488,97.86934621604613,4,False
comp_BIDMC_1,BIDMC,empirical,composition,Pie chart,256,hard,0.00281383008059655,99.71940653427461,4,True
comp_BIDMC_1,BIDMC,empirical,composition,Pie chart,256,soft,0.005935890314647575,99.40991365634734,4,True
comp_BIDMC_1,BIDMC,empirical,composition,Donut chart,256,hard,0.002824652012078875,99.7183304173455,4,False
comp_BIDMC_1,BIDMC,empirical,composition,Donut chart,256,soft,0.0105366378198737,98.95732253284697,4,False
comp_BIDMC_1,BIDMC,empirical,composition,Stacked bar,256,hard,0.0061014386178849505,99.39355631711781,4,False
comp_BIDMC_1,BIDMC,empirical,composition,Stacked bar,256,soft,0.0129959090485493,98.71708178360211,4,False
comp_BIDMC_1,BIDMC,empirical,composition,Bar chart,384,hard,0.006440638174017475,99.36005781864068,4,False
comp_BIDMC_1,BIDMC,empirical,composition,Bar chart,384,soft,0.014288662301446799,98.59126274082315,4,False
comp_BIDMC_1,BIDMC,empirical,composition,Pie chart,384,hard,0.0015923181377130503,99.8410213308471,4,True
comp_BIDMC_1,BIDMC,empirical,composition,Pie chart,384,soft,0.0036021128135794497,99.64108158326998,4,True
comp_BIDMC_1,BIDMC,empirical,composition,Donut chart,384,hard,0.0016474227726052501,99.83552867654318,4,False
comp_BIDMC_1,BIDMC,empirical,composition,Donut chart,384,soft,0.006614523834911875,99.34289405941489,4,False
comp_BIDMC_1,BIDMC,empirical,composition,Stacked bar,384,hard,0.004206587814421775,99.58110334412592,4,False
comp_BIDMC_1,BIDMC,empirical,composition,Stacked bar,384,soft,0.007945999024335626,99.2116642129611,4,False
comp_CKD_0,CKD,empirical,composition,Bar chart,256,hard,0.008761793602899175,99.13143086321642,4,False
comp_CKD_0,CKD,empirical,composition,Bar chart,256,soft,0.02484904735898495,97.57534561572552,4,False
comp_CKD_0,CKD,empirical,composition,Pie chart,256,hard,0.002711498513635575,99.72958338289179,4,True
comp_CKD_0,CKD,empirical,composition,Pie chart,256,soft,0.0066910518812308495,99.33534207255273,4,True
comp_CKD_0,CKD,empirical,composition,Donut chart,256,hard,0.0030587828058850747,99.69505448152016,4,False
comp_CKD_0,CKD,empirical,composition,Donut chart,256,soft,0.0119200026807442,98.82204100628843,4,False
comp_CKD_0,CKD,empirical,composition,Stacked bar,256,hard,0.007498709973697975,99.25571021585786,4,False
comp_CKD_0,CKD,empirical,composition,Stacked bar,256,soft,0.013977080154090975,98.62155857093269,4,False
comp_CKD_0,CKD,empirical,composition,Bar chart,384,hard,0.006976912472382976,99.30714275710125,4,False
comp_CKD_0,CKD,empirical,composition,Bar chart,384,soft,0.0163084583447019,98.39532395791882,4,False
comp_CKD_0,CKD,empirical,composition,Pie chart,384,hard,0.00159346267186815,99.84090724118572,4,True
comp_CKD_0,CKD,empirical,composition,Pie chart,384,soft,0.00427457866334535,99.57436155866509,4,True
comp_CKD_0,CKD,empirical,composition,Donut chart,384,hard,0.0018784308075635,99.8125091079115,4,False
comp_CKD_0,CKD,empirical,composition,Donut chart,384,soft,0.007842116554198775,99.2218903709828,4,False
comp_CKD_0,CKD,empirical,composition,Stacked bar,384,hard,0.004771356906596625,99.52513008319761,4,False
comp_CKD_0,CKD,empirical,composition,Stacked bar,384,soft,0.008997563511698201,99.10826707248101,4,False
comp_CKD_1,CKD,empirical,composition,Bar chart,256,hard,0.007328398871110125,99.27249158473812,4,False
comp_CKD_1,CKD,empirical,composition,Bar chart,256,soft,0.018657705716139474,98.16840282938588,4,False
comp_CKD_1,CKD,empirical,composition,Pie chart,256,hard,0.00253105710411365,99.74753329723022,4,False
comp_CKD_1,CKD,empirical,composition,Pie chart,256,soft,0.0052791799703846,99.47485434140393,4,True
comp_CKD_1,CKD,empirical,composition,Donut chart,256,hard,0.0024033519678699003,99.7602410284092,4,True
comp_CKD_1,CKD,empirical,composition,Donut chart,256,soft,0.009006921806883601,99.10734786727187,4,False
comp_CKD_1,CKD,empirical,composition,Stacked bar,256,hard,0.005838544394507525,99.41953463336185,4,False
comp_CKD_1,CKD,empirical,composition,Stacked bar,256,soft,0.011612910027101925,98.85204015172259,4,False
comp_CKD_1,CKD,empirical,composition,Bar chart,384,hard,0.0055641568939895,99.44666316357414,4,False
comp_CKD_1,CKD,empirical,composition,Bar chart,384,soft,0.0119351339503769,98.82056333949147,4,False
comp_CKD_1,CKD,empirical,composition,Pie chart,384,hard,0.0014002128650702499,99.86017449895839,4,True
comp_CKD_1,CKD,empirical,composition,Pie chart,384,soft,0.00318305884624015,99.68270408693891,4,True
comp_CKD_1,CKD,empirical,composition,Donut chart,384,hard,0.00143173865812085,99.85703082867742,4,False
comp_CKD_1,CKD,empirical,composition,Donut chart,384,soft,0.00562489344985335,99.4406569003521,4,False
comp_CKD_1,CKD,empirical,composition,Stacked bar,384,hard,0.003959902859047875,99.60557161219577,4,False
comp_CKD_1,CKD,empirical,composition,Stacked bar,384,soft,0.0066130235326402505,99.34304212462578,4,False
cohort_CKD,CKD,empirical,composition,Bar chart,256,hard,0.0028858930346135378,99.71224113783461,4,False
cohort_CKD,CKD,empirical,composition,Bar chart,256,soft,0.000930483744171075,99.90703812509632,4,True
cohort_CKD,CKD,empirical,composition,Pie chart,256,hard,0.000945532225031,99.9055360961621,4,True
cohort_CKD,CKD,empirical,composition,Pie chart,256,soft,0.001314179415813325,99.86875453850259,4,False
cohort_CKD,CKD,empirical,composition,Donut chart,256,hard,0.000986363311600225,99.90146086422826,4,False
cohort_CKD,CKD,empirical,composition,Donut chart,256,soft,0.00141925669547,99.85827547393552,4,False
cohort_CKD,CKD,empirical,composition,Stacked bar,256,hard,0.0031194472051246,99.68902534849505,4,False
cohort_CKD,CKD,empirical,composition,Stacked bar,256,soft,0.0020313358820484195,99.79727820784562,4,False
cohort_CKD,CKD,empirical,composition,Bar chart,384,hard,0.002278478268523725,99.77267013929503,4,False
cohort_CKD,CKD,empirical,composition,Bar chart,384,soft,0.0002802856631936156,99.97197928748463,4,True
cohort_CKD,CKD,empirical,composition,Pie chart,384,hard,0.00056782396416265,99.94324982769155,4,True
cohort_CKD,CKD,empirical,composition,Pie chart,384,soft,0.0006431355971811501,99.93572777603703,4,False
cohort_CKD,CKD,empirical,composition,Donut chart,384,hard,0.0006269001587197249,99.93734925988694,4,False
cohort_CKD,CKD,empirical,composition,Donut chart,384,soft,0.0007633141644693,99.92372680396396,4,False
cohort_CKD,CKD,empirical,composition,Stacked bar,384,hard,0.001938230463289175,99.80655190067027,4,False
cohort_CKD,CKD,empirical,composition,Stacked bar,384,soft,0.0010792644095143002,99.89218991463669,4,False
comp_Cleveland_0,Cleveland,empirical,composition,Bar chart,256,hard,0.01001553810061615,99.00837781966692,4,False
comp_Cleveland_0,Cleveland,empirical,composition,Bar chart,256,soft,0.0225100932059525,97.79854562262804,4,False
comp_Cleveland_0,Cleveland,empirical,composition,Pie chart,256,hard,0.00279686146577385,99.72109391510403,4,True
comp_Cleveland_0,Cleveland,empirical,composition,Pie chart,256,soft,0.00614849306189005,99.38890798880202,4,True
comp_Cleveland_0,Cleveland,empirical,composition,Donut chart,256,hard,0.0029566961595184,99.70520201212673,4,False
comp_Cleveland_0,Cleveland,empirical,composition,Donut chart,256,soft,0.0107376955665519,98.9376377655992,4,False
comp_Cleveland_0,Cleveland,empirical,composition,Stacked bar,256,hard,0.0072861489905805,99.27665549676405,4,False
comp_Cleveland_0,Cleveland,empirical,composition,Stacked bar,256,soft,0.0129314236599793,98.72336632491321,4,False
comp_Cleveland_0,Cleveland,empirical,composition,Bar chart,384,hard,0.006568213755467825,99.34746461633613,4,False
comp_Cleveland_0,Cleveland,empirical,composition,Bar chart,384,soft,0.0146879018401909,98.55247098013551,4,False
comp_Cleveland_0,Cleveland,empirical,composition,Pie chart,384,hard,0.0016057400931997002,99.83968341744425,4,True
comp_Cleveland_0,Cleveland,empirical,composition,Pie chart,384,soft,0.0037376518626803,99.62762661580501,4,True
comp_Cleveland_0,Cleveland,empirical,composition,Donut chart,384,hard,0.00182054003712495,99.81827683059308,4,False
comp_Cleveland_0,Cleveland,empirical,composition,Donut chart,384,soft,0.006775889385064749,99.32697142864602,4,False
comp_Cleveland_0,Cleveland,empirical,composition,Stacked bar,384,hard,0.0042122218871976005,99.580544650285,4,False
comp_Cleveland_0,Cleveland,empirical,composition,Stacked bar,384,soft,0.00834405498856125,99.17249921321192,4,False
comp_Cleveland_1,Cleveland,empirical,composition,Bar chart,256,hard,0.00829733799139945,99.17709412900679,4,False
comp_Cleveland_1,Cleveland,empirical,composition,Bar chart,256,soft,0.018329711280451674,98.20002194992388,4,False
comp_Cleveland_1,Cleveland,empirical,composition,Pie chart,256,hard,0.0025108660023666755,99.74954226557372,4,False
comp_Cleveland_1,Cleveland,empirical,composition,Pie chart,256,soft,0.0053827373395738,99.46460813979982,4,True
comp_Cleveland_1,Cleveland,empirical,composition,Donut chart,256,hard,0.00236122960775385,99.76443326637067,4,True
comp_Cleveland_1,Cleveland,empirical,composition,Donut chart,256,soft,0.009118344381207174,99.0964048536053,4,False
comp_Cleveland_1,Cleveland,empirical,composition,Stacked bar,256,hard,0.007636550760252575,99.24213241823247,4,False
comp_Cleveland_1,Cleveland,empirical,composition,Stacked bar,256,soft,0.0108959482729615,98.92214937733439,4,False
comp_Cleveland_1,Cleveland,empirical,composition,Bar chart,384,hard,0.006086817089139799,99.39500081049164,4,False
comp_Cleveland_1,Cleveland,empirical,composition,Bar chart,384,soft,0.012293362410065924,98.78559290551922,4,False
comp_Cleveland_1,Cleveland,empirical,composition,Pie chart,384,hard,0.0013870783010006002,99.86148430201895,4,True
comp_Cleveland_1,Cleveland,empirical,composition,Pie chart,384,soft,0.003257128916013,99.67534455304272,4,True
comp_Cleveland_1,Cleveland,empirical,composition,Donut chart,384,hard,0.0014353019712009,99.85667551679316,4,False
comp_Cleveland_1,Cleveland,empirical,composition,Donut chart,384,soft,0.005774861229995575,99.42582963120263,4,False
comp_Cleveland_1,Cleveland,empirical,composition,Stacked bar,384,hard,0.003923455233486976,99.6091878107804,4,False
comp_Cleveland_1,Cleveland,empirical,composition,Stacked bar,384,soft,0.00700361305172785,99.30450964018854,4,False
cohort_Cleveland,Cleveland,empirical,composition,Bar chart,256,hard,0.0026209791573019343,99.73858724166087,4,False
cohort_Cleveland,Cleveland,empirical,composition,Bar chart,256,soft,0.001468419733607425,99.85337333612596,4,False
cohort_Cleveland,Cleveland,empirical,composition,Pie chart,256,hard,0.000722825360861924,99.92776967382538,4,True
cohort_Cleveland,Cleveland,empirical,composition,Pie chart,256,soft,0.001351902385315725,99.86499227872885,4,True
cohort_Cleveland,Cleveland,empirical,composition,Donut chart,256,hard,0.000847146858056575,99.91535701922955,4,False
cohort_Cleveland,Cleveland,empirical,composition,Donut chart,256,soft,0.0015890930351465252,99.84134281750902,4,False
cohort_Cleveland,Cleveland,empirical,composition,Stacked bar,256,hard,0.0028750116509635,99.71332303451948,4,False
cohort_Cleveland,Cleveland,empirical,composition,Stacked bar,256,soft,0.00231464466735142,99.76907005403282,4,False
cohort_Cleveland,Cleveland,empirical,composition,Bar chart,384,hard,0.0030806615669867754,99.69287997615524,4,False
cohort_Cleveland,Cleveland,empirical,composition,Bar chart,384,soft,0.000622903002651875,99.93774847639578,4,True
cohort_Cleveland,Cleveland,empirical,composition,Pie chart,384,hard,0.0004886801275239788,99.95115585640993,4,True
cohort_Cleveland,Cleveland,empirical,composition,Pie chart,384,soft,0.0006792480471589501,99.93212130175733,4,False
cohort_Cleveland,Cleveland,empirical,composition,Donut chart,384,hard,0.00065285273675535,99.93475732018653,4,False
cohort_Cleveland,Cleveland,empirical,composition,Donut chart,384,soft,0.0008861888720947,99.91145957632871,4,False
cohort_Cleveland,Cleveland,empirical,composition,Stacked bar,384,hard,0.0016271321645695,99.8375511093581,4,False
cohort_Cleveland,Cleveland,empirical,composition,Stacked bar,384,soft,0.0012726883444060498,99.87289293324174,4,False
comp_HAR_0,HAR,empirical,composition,Bar chart,256,hard,0.0046973775631458745,99.53245846281204,4,False
comp_HAR_0,HAR,empirical,composition,Bar chart,256,soft,0.014786321595290274,98.54291280039668,4,False
comp_HAR_0,HAR,empirical,composition,Pie chart,256,hard,0.0009992288660591,99.90017685955752,4,True
comp_HAR_0,HAR,empirical,composition,Pie chart,256,soft,0.004538842133630851,99.54816658716847,4,True
comp_HAR_0,HAR,empirical,composition,Donut chart,256,hard,0.00113258046537215,99.88687008219775,4,False
comp_HAR_0,HAR,empirical,composition,Donut chart,256,soft,0.008930136467503175,99.11489050185678,4,False
comp_HAR_0,HAR,empirical,composition,Stacked bar,256,hard,0.0034844587662231498,99.65276405271815,4,False
comp_HAR_0,HAR,empirical,composition,Stacked bar,256,soft,0.008121328720405,99.19440959247304,4,False
comp_HAR_0,HAR,empirical,composition,Bar chart,384,hard,0.003306257700053075,99.67046376171994,4,False
comp_HAR_0,HAR,empirical,composition,Bar chart,384,soft,0.00940110431126825,99.06864533126473,4,False
comp_HAR_0,HAR,empirical,composition,Pie chart,384,hard,0.00070358619653155,99.92969084889504,4,True
comp_HAR_0,HAR,empirical,composition,Pie chart,384,soft,0.0031308983453396,99.68788735841913,4,True
comp_HAR_0,HAR,empirical,composition,Donut chart,384,hard,0.000809667601294975,99.9190987429972,4,False
comp_HAR_0,HAR,empirical,composition,Donut chart,384,soft,0.005874750393645825,99.41595607292591,4,False
comp_HAR_0,HAR,empirical,composition,Stacked bar,384,hard,0.0016967293424051248,99.83061446716324,4,False
comp_HAR_0,HAR,empirical,composition,Stacked bar,384,soft,0.004914875358319775,99.51091624983985,4,False
comp_HAR_1,HAR,empirical,composition,Bar chart,256,hard,0.00984888303794235,99.02471714299332,4,False
comp_HAR_1,HAR,empirical,composition,Bar chart,256,soft,0.02284171947756365,97.76683732755538,4,False
comp_HAR_1,HAR,empirical,composition,Pie chart,256,hard,0.0037874248510638996,99.6226865611884,4,True
comp_HAR_1,HAR,empirical,composition,Pie chart,256,soft,0.00690068697010735,99.31466061554964,4,True
comp_HAR_1,HAR,empirical,composition,Donut chart,256,hard,0.004440455602555225,99.55791748751383,4,False
comp_HAR_1,HAR,empirical,composition,Donut chart,256,soft,0.01097975399175135,98.91394917174168,4,False
comp_HAR_1,HAR,empirical,composition,Stacked bar,256,hard,0.008354817195423775,99.17144074159715,4,False
comp_HAR_1,HAR,empirical,composition,Stacked bar,256,soft,0.014254868982031498,98.5945476410344,4,False
comp_HAR_1,HAR,empirical,composition,Bar chart,384,hard,0.0066646824011928245,99.33794415184055,4,False
comp_HAR_1,HAR,empirical,composition,Bar chart,384,soft,0.01459875951615645,98.56112976886367,4,False
comp_HAR_1,HAR,empirical,composition,Pie chart,384,hard,0.0023395926446923,99.76658682727286,4,True
comp_HAR_1,HAR,empirical,composition,Pie chart,384,soft,0.00414042971099075,99.58766427598354,4,True
comp_HAR_1,HAR,empirical,composition,Donut chart,384,hard,0.0027627113147346,99.72449002305716,4,False
comp_HAR_1,HAR,empirical,composition,Donut chart,384,soft,0.006773308499933925,99.32722605548354,4,False
comp_HAR_1,HAR,empirical,composition,Stacked bar,384,hard,0.005193508371483525,99.48333247994233,4,False
comp_HAR_1,HAR,empirical,composition,Stacked bar,384,soft,0.00900885071711,99.10715840493299,4,False
comp_HeartFailure_0,HeartFailure,empirical,composition,Bar chart,256,hard,0.009122370820019925,99.09600945496759,4,False
comp_HeartFailure_0,HeartFailure,empirical,composition,Bar chart,256,soft,0.023548904555177802,97.69928877356263,4,False
comp_HeartFailure_0,HeartFailure,empirical,composition,Pie chart,256,hard,0.00269466942807655,99.73125723011837,4,True
comp_HeartFailure_0,HeartFailure,empirical,composition,Pie chart,256,soft,0.006486797629005701,99.35550097186702,4,True
comp_HeartFailure_0,HeartFailure,empirical,composition,Donut chart,256,hard,0.002875858196530475,99.71323886470833,4,False
comp_HeartFailure_0,HeartFailure,empirical,composition,Donut chart,256,soft,0.011491001430224275,98.86395416133448,4,False
comp_HeartFailure_0,HeartFailure,empirical,composition,Stacked bar,256,hard,0.007221332966345325,99.28304408078034,4,False
comp_HeartFailure_0,HeartFailure,empirical,composition,Stacked bar,256,soft,0.014039905379815901,98.6154484349847,4,False
comp_HeartFailure_0,HeartFailure,empirical,composition,Bar chart,384,hard,0.006130327062914,99.39070248674348,4,False
comp_HeartFailure_0,HeartFailure,empirical,composition,Bar chart,384,soft,0.014782052461402101,98.54332736516697,4,False
comp_HeartFailure_0,HeartFailure,empirical,composition,Pie chart,384,hard,0.0015279576450306,99.84743734477233,4,True
comp_HeartFailure_0,HeartFailure,empirical,composition,Pie chart,384,soft,0.0039564892051636505,99.60591029116253,4,True
comp_HeartFailure_0,HeartFailure,empirical,composition,Donut chart,384,hard,0.00167959372545715,99.83232225793775,4,False
comp_HeartFailure_0,HeartFailure,empirical,composition,Donut chart,384,soft,0.007227011371528975,99.28248435656148,4,False
comp_HeartFailure_0,HeartFailure,empirical,composition,Stacked bar,384,hard,0.0036625481987417247,99.63508171094807,4,False
comp_HeartFailure_0,HeartFailure,empirical,composition,Stacked bar,384,soft,0.007991140011445824,99.20722120520274,4,False
comp_HeartFailure_1,HeartFailure,empirical,composition,Bar chart,256,hard,0.0081717253073588,99.18945105261037,4,False
comp_HeartFailure_1,HeartFailure,empirical,composition,Bar chart,256,soft,0.0179365606953342,98.23794906402792,4,False
comp_HeartFailure_1,HeartFailure,empirical,composition,Pie chart,256,hard,0.00266606224591755,99.73410267422977,4,True
comp_HeartFailure_1,HeartFailure,empirical,composition,Pie chart,256,soft,0.0051525980927506,99.4873815077902,4,True
comp_HeartFailure_1,HeartFailure,empirical,composition,Donut chart,256,hard,0.002694478509723675,99.7312762194793,4,False
comp_HeartFailure_1,HeartFailure,empirical,composition,Donut chart,256,soft,0.00865661730664425,99.14176765827804,4,False
comp_HeartFailure_1,HeartFailure,empirical,composition,Stacked bar,256,hard,0.007004503501849824,99.30442182954577,4,False
comp_HeartFailure_1,HeartFailure,empirical,composition,Stacked bar,256,soft,0.011265980081159224,98.88595282516523,4,False
comp_HeartFailure_1,HeartFailure,empirical,composition,Bar chart,384,hard,0.005881726908466475,99.41526655161101,4,False
comp_HeartFailure_1,HeartFailure,empirical,composition,Bar chart,384,soft,0.0118829156758492,98.82566298019644,4,False
comp_HeartFailure_1,HeartFailure,empirical,composition,Pie chart,384,hard,0.00145496744093545,99.85471464137291,4,True
comp_HeartFailure_1,HeartFailure,empirical,composition,Pie chart,384,soft,0.0031013711976682,99.6908217567318,4,True
comp_HeartFailure_1,HeartFailure,empirical,composition,Donut chart,384,hard,0.001580755818269675,99.84217390269463,4,False
comp_HeartFailure_1,HeartFailure,empirical,composition,Donut chart,384,soft,0.00538912661418465,99.46397603957253,4,False
comp_HeartFailure_1,HeartFailure,empirical,composition,Stacked bar,384,hard,0.00386604471633395,99.61488440248755,4,False
comp_HeartFailure_1,HeartFailure,empirical,composition,Stacked bar,384,soft,0.007000081284778125,99.30485792256867,4,False
cohort_HeartFailure,HeartFailure,empirical,composition,Bar chart,256,hard,0.0027573829557987,99.72501992977894,4,False
cohort_HeartFailure,HeartFailure,empirical,composition,Bar chart,256,soft,0.002120295172576175,99.78841909671023,4,False
cohort_HeartFailure,HeartFailure,empirical,composition,Pie chart,256,hard,0.000497815389032075,99.95024323078222,4,True
cohort_HeartFailure,HeartFailure,empirical,composition,Pie chart,256,soft,0.00126253704237345,99.87390549474637,4,True
cohort_HeartFailure,HeartFailure,empirical,composition,Donut chart,256,hard,0.0005897512819540249,99.94105963196222,4,False
cohort_HeartFailure,HeartFailure,empirical,composition,Donut chart,256,soft,0.00164530089719545,99.83574016713084,4,False
cohort_HeartFailure,HeartFailure,empirical,composition,Stacked bar,256,hard,0.002942138380608625,99.70664924046775,4,False
cohort_HeartFailure,HeartFailure,empirical,composition,Stacked bar,256,soft,0.002761015528817775,99.72465866880937,4,False
cohort_HeartFailure,HeartFailure,empirical,composition,Bar chart,384,hard,0.002728815957661325,99.72786102142132,4,False
cohort_HeartFailure,HeartFailure,empirical,composition,Bar chart,384,soft,0.0013898476384963249,99.86120813569521,4,False
cohort_HeartFailure,HeartFailure,empirical,composition,Pie chart,384,hard,0.00045770693241805,99.95425024673742,4,True
cohort_HeartFailure,HeartFailure,empirical,composition,Pie chart,384,soft,0.0006054561211683,99.93949102341342,4,True
cohort_HeartFailure,HeartFailure,empirical,composition,Donut chart,384,hard,0.0005802238505626,99.94201126139295,4,False
cohort_HeartFailure,HeartFailure,empirical,composition,Donut chart,384,soft,0.000904745525216025,99.90960722993263,4,False
cohort_HeartFailure,HeartFailure,empirical,composition,Stacked bar,384,hard,0.0018708663119286,99.8132627292761,4,False
cohort_HeartFailure,HeartFailure,empirical,composition,Stacked bar,384,soft,0.001894019815465575,99.81095607140021,4,False
comp_ILPD_0,ILPD,empirical,composition,Bar chart,256,hard,0.010002724526769449,99.0096339065366,4,False
comp_ILPD_0,ILPD,empirical,composition,Bar chart,256,soft,0.0227340811880423,97.77712685963944,4,False
comp_ILPD_0,ILPD,empirical,composition,Pie chart,256,hard,0.002834771882163575,99.7173241333821,4,True
comp_ILPD_0,ILPD,empirical,composition,Pie chart,256,soft,0.006192665039549249,99.38454480392124,4,True
comp_ILPD_0,ILPD,empirical,composition,Donut chart,256,hard,0.00297916290283715,99.70296861460065,4,False
comp_ILPD_0,ILPD,empirical,composition,Donut chart,256,soft,0.0108314047961523,98.9284657416895,4,False
comp_ILPD_0,ILPD,empirical,composition,Stacked bar,256,hard,0.007556631950484001,99.25000424682278,4,False
comp_ILPD_0,ILPD,empirical,composition,Stacked bar,256,soft,0.013813021531699474,98.63751784221215,4,False
comp_ILPD_0,ILPD,empirical,composition,Bar chart,384,hard,0.00687960597310575,99.31673996252442,4,False
comp_ILPD_0,ILPD,empirical,composition,Bar chart,384,soft,0.014873936498427526,98.53440550954078,4,False
comp_ILPD_0,ILPD,empirical,composition,Pie chart,384,hard,0.00164521028516305,99.83574919859153,4,True
comp_ILPD_0,ILPD,empirical,composition,Pie chart,384,soft,0.0037843279802875496,99.62299391664124,4,True
comp_ILPD_0,ILPD,empirical,composition,Donut chart,384,hard,0.0018306829430964249,99.81726623328021,4,False
comp_ILPD_0,ILPD,empirical,composition,Donut chart,384,soft,0.0068546076898264256,99.31920580812022,4,False
comp_ILPD_0,ILPD,empirical,composition,Stacked bar,384,hard,0.004822754610390275,99.52003927177581,4,False
comp_ILPD_0,ILPD,empirical,composition,Stacked bar,384,soft,0.008364642661530424,99.17047441891135,4,False
comp_ILPD_1,ILPD,empirical,composition,Bar chart,256,hard,0.0091733918116144,99.09099943715849,4,False
comp_ILPD_1,ILPD,empirical,composition,Bar chart,256,soft,0.02032013799119325,98.00845467666653,4,False
comp_ILPD_1,ILPD,empirical,composition,Pie chart,256,hard,0.0026522052494907253,99.73548103364207,4,False
comp_ILPD_1,ILPD,empirical,composition,Pie chart,256,soft,0.005946213376170825,99.4088935077141,4,True
comp_ILPD_1,ILPD,empirical,composition,Donut chart,256,hard,0.002628948436565,99.7377944811324,4,True
comp_ILPD_1,ILPD,empirical,composition,Donut chart,256,soft,0.010187497544480126,98.99152409139457,4,False
comp_ILPD_1,ILPD,empirical,composition,Stacked bar,256,hard,0.0080209396464977,99.20428839014888,4,False
comp_ILPD_1,ILPD,empirical,composition,Stacked bar,256,soft,0.012064604857816026,98.80792147063467,4,False
comp_ILPD_1,ILPD,empirical,composition,Bar chart,384,hard,0.005953962231751125,99.4081277617773,4,False
comp_ILPD_1,ILPD,empirical,composition,Bar chart,384,soft,0.013362080498309776,98.6814110419704,4,False
comp_ILPD_1,ILPD,empirical,composition,Pie chart,384,hard,0.00146778441580185,99.85343668177424,4,True
comp_ILPD_1,ILPD,empirical,composition,Pie chart,384,soft,0.0035467192633780497,99.64658154968795,4,True
comp_ILPD_1,ILPD,empirical,composition,Donut chart,384,hard,0.0014920858496194002,99.85101371536514,4,False
comp_ILPD_1,ILPD,empirical,composition,Donut chart,384,soft,0.006312270645830725,99.37273241816085,4,False
comp_ILPD_1,ILPD,empirical,composition,Stacked bar,384,hard,0.00383685270988625,99.61778124607315,4,False
comp_ILPD_1,ILPD,empirical,composition,Stacked bar,384,soft,0.0077517632628821,99.23078643516499,4,False
cohort_ILPD,ILPD,empirical,composition,Bar chart,256,hard,0.00244401261775105,99.75619460169465,4,False
cohort_ILPD,ILPD,empirical,composition,Bar chart,256,soft,0.000417552126911825,99.95826221500971,4,True
cohort_ILPD,ILPD,empirical,composition,Pie chart,256,hard,0.0009356487491899365,99.90652258710547,4,True
cohort_ILPD,ILPD,empirical,composition,Pie chart,256,soft,0.001209876765710125,99.87915852671985,4,False
cohort_ILPD,ILPD,empirical,composition,Donut chart,256,hard,0.001004680510538225,99.89963278593005,4,False
cohort_ILPD,ILPD,empirical,composition,Donut chart,256,soft,0.00122743915840115,99.87740656014853,4,False
cohort_ILPD,ILPD,empirical,composition,Stacked bar,256,hard,0.002643615549254375,99.73633547271866,4,False
cohort_ILPD,ILPD,empirical,composition,Stacked bar,256,soft,0.00135011772378785,99.86517026363798,4,False
cohort_ILPD,ILPD,empirical,composition,Bar chart,384,hard,0.002069573907171672,99.79347003830262,4,False
cohort_ILPD,ILPD,empirical,composition,Bar chart,384,soft,0.00023327189144720087,99.97667825116373,4,True
cohort_ILPD,ILPD,empirical,composition,Pie chart,384,hard,0.0004857033052632398,99.9514532487912,4,True
cohort_ILPD,ILPD,empirical,composition,Pie chart,384,soft,0.0005792008590408,99.94211344204001,4,False
cohort_ILPD,ILPD,empirical,composition,Donut chart,384,hard,0.0005418325740198,99.9458460849532,4,False
cohort_ILPD,ILPD,empirical,composition,Donut chart,384,soft,0.000644560136646525,99.93558550535083,4,False
cohort_ILPD,ILPD,empirical,composition,Stacked bar,384,hard,0.0019017084377314,99.8101901192786,4,False
cohort_ILPD,ILPD,empirical,composition,Stacked bar,384,soft,0.0010420781320435249,99.89590066643471,4,False
comp_Retinopathy_0,Retinopathy,empirical,composition,Bar chart,256,hard,0.00945496980885135,99.06335893213328,4,False
comp_Retinopathy_0,Retinopathy,empirical,composition,Bar chart,256,soft,0.02434825307467285,97.62304928996663,4,False
comp_Retinopathy_0,Retinopathy,empirical,composition,Pie chart,256,hard,0.0027282913948895255,99.72791319260631,4,True
comp_Retinopathy_0,Retinopathy,empirical,composition,Pie chart,256,soft,0.00678529158918245,99.3260438302121,4,True
comp_Retinopathy_0,Retinopathy,empirical,composition,Donut chart,256,hard,0.0029174438765947252,99.70910428426514,4,False
comp_Retinopathy_0,Retinopathy,empirical,composition,Donut chart,256,soft,0.011927895494804275,98.82127021619738,4,False
comp_Retinopathy_0,Retinopathy,empirical,composition,Stacked bar,256,hard,0.006897885005955276,99.31493698530169,4,False
comp_Retinopathy_0,Retinopathy,empirical,composition,Stacked bar,256,soft,0.014024330932710976,98.61696307426753,4,False
comp_Retinopathy_0,Retinopathy,empirical,composition,Bar chart,384,hard,0.006368339508210575,99.36719596014689,4,False
comp_Retinopathy_0,Retinopathy,empirical,composition,Bar chart,384,soft,0.0155606437547687,98.46777798544484,4,False
comp_Retinopathy_0,Retinopathy,empirical,composition,Pie chart,384,hard,0.00157547805612195,99.84270001705916,4,True
comp_Retinopathy_0,Retinopathy,empirical,composition,Pie chart,384,soft,0.004127072035603,99.5889890681628,4,True
comp_Retinopathy_0,Retinopathy,empirical,composition,Donut chart,384,hard,0.001787614330544925,99.82155755322056,4,False
comp_Retinopathy_0,Retinopathy,empirical,composition,Donut chart,384,soft,0.007510627068725399,99.2545361937693,4,False
comp_Retinopathy_0,Retinopathy,empirical,composition,Stacked bar,384,hard,0.004354954987389475,99.56639284092104,4,False
comp_Retinopathy_0,Retinopathy,empirical,composition,Stacked bar,384,soft,0.00843221121257665,99.16382964379554,4,False
comp_Retinopathy_1,Retinopathy,empirical,composition,Bar chart,256,hard,0.007789302369117599,99.22709019129232,4,False
comp_Retinopathy_1,Retinopathy,empirical,composition,Bar chart,256,soft,0.017003428001079977,98.32808547808926,4,False
comp_Retinopathy_1,Retinopathy,empirical,composition,Pie chart,256,hard,0.002602525211456625,99.7404230344515,4,False
comp_Retinopathy_1,Retinopathy,empirical,composition,Pie chart,256,soft,0.005009628499445675,99.50153427814165,4,True
comp_Retinopathy_1,Retinopathy,empirical,composition,Donut chart,256,hard,0.0024810654923351997,99.75250749587806,4,True
comp_Retinopathy_1,Retinopathy,empirical,composition,Donut chart,256,soft,0.008247901718623999,99.18195696667803,4,False
comp_Retinopathy_1,Retinopathy,empirical,composition,Stacked bar,256,hard,0.006486085917208725,99.35557122865758,4,False
comp_Retinopathy_1,Retinopathy,empirical,composition,Stacked bar,256,soft,0.01086239529944175,98.92543284328782,4,False
comp_Retinopathy_1,Retinopathy,empirical,composition,Bar chart,384,hard,0.00564345258596155,99.43882172439449,4,False
comp_Retinopathy_1,Retinopathy,empirical,composition,Bar chart,384,soft,0.011297494708873524,98.88287128486105,4,False
comp_Retinopathy_1,Retinopathy,empirical,composition,Pie chart,384,hard,0.0014592034763239,99.85429226959435,4,True
comp_Retinopathy_1,Retinopathy,empirical,composition,Pie chart,384,soft,0.00300659170342675,99.70024207933463,4,True
comp_Retinopathy_1,Retinopathy,empirical,composition,Donut chart,384,hard,0.001492863002680325,99.85093623151698,4,False
comp_Retinopathy_1,Retinopathy,empirical,composition,Donut chart,384,soft,0.005145029019544624,99.48813068054832,4,False
comp_Retinopathy_1,Retinopathy,empirical,composition,Stacked bar,384,hard,0.0041633614336997,99.58539002779831,4,False
comp_Retinopathy_1,Retinopathy,empirical,composition,Stacked bar,384,soft,0.0067793463842185,99.32663036756107,4,False
cohort_Retinopathy,Retinopathy,empirical,composition,Bar chart,256,hard,0.0021298794824198,99.78746472627681,4,False
cohort_Retinopathy,Retinopathy,empirical,composition,Bar chart,256,soft,0.0006607068938012314,99.9339729351568,4,True
cohort_Retinopathy,Retinopathy,empirical,composition,Pie chart,256,hard,0.0008435167439038826,99.91571941769197,4,True
cohort_Retinopathy,Retinopathy,empirical,composition,Pie chart,256,soft,0.0013584367994012,99.86434060477453,4,False
cohort_Retinopathy,Retinopathy,empirical,composition,Donut chart,256,hard,0.000922851392039675,99.9077999477426,4,False
cohort_Retinopathy,Retinopathy,empirical,composition,Donut chart,256,soft,0.0015181571303375,99.84841441769888,4,False
cohort_Retinopathy,Retinopathy,empirical,composition,Stacked bar,256,hard,0.0025730050245701005,99.74335983397967,4,False
cohort_Retinopathy,Retinopathy,empirical,composition,Stacked bar,256,soft,0.001519845082355825,99.84824613413117,4,False
cohort_Retinopathy,Retinopathy,empirical,composition,Bar chart,384,hard,0.0032506214348593247,99.6759910868323,4,False
cohort_Retinopathy,Retinopathy,empirical,composition,Bar chart,384,soft,0.0007954535376632001,99.9205178705747,4,False
cohort_Retinopathy,Retinopathy,empirical,composition,Pie chart,384,hard,0.0005433415060078601,99.94569535536661,4,True
cohort_Retinopathy,Retinopathy,empirical,composition,Pie chart,384,soft,0.0006735161653699999,99.93269371533376,4,True
cohort_Retinopathy,Retinopathy,empirical,composition,Donut chart,384,hard,0.0006273047137442978,99.93730885507628,4,False
cohort_Retinopathy,Retinopathy,empirical,composition,Donut chart,384,soft,0.0008360055159121499,99.91646928055098,4,False
cohort_Retinopathy,Retinopathy,empirical,composition,Stacked bar,384,hard,0.0020105054999599,99.79935285219821,4,False
cohort_Retinopathy,Retinopathy,empirical,composition,Stacked bar,384,soft,0.0015215350292073502,99.8480776522531,4,False
comp_WDBC_0,WDBC,empirical,composition,Bar chart,256,hard,0.010322023714810575,98.97834319429583,4,False
comp_WDBC_0,WDBC,empirical,composition,Bar chart,256,soft,0.027944679709395223,97.28149965061395,4,False
comp_WDBC_0,WDBC,empirical,composition,Pie chart,256,hard,0.00230653798394825,99.76987698907087,4,True
comp_WDBC_0,WDBC,empirical,composition,Pie chart,256,soft,0.00749418310484815,99.2561561912196,4,True
comp_WDBC_0,WDBC,empirical,composition,Donut chart,256,hard,0.0029445151192703,99.70641295955238,4,False
comp_WDBC_0,WDBC,empirical,composition,Donut chart,256,soft,0.013562131974786,98.66193383247635,4,False
comp_WDBC_0,WDBC,empirical,composition,Stacked bar,256,hard,0.008182608234488475,99.18838034224596,4,False
comp_WDBC_0,WDBC,empirical,composition,Stacked bar,256,soft,0.01633054499104995,98.39318565485073,4,False
comp_WDBC_0,WDBC,empirical,composition,Bar chart,384,hard,0.0070572880051636,99.29921682815652,4,False
comp_WDBC_0,WDBC,empirical,composition,Bar chart,384,soft,0.01813723453521327,98.21858646162832,4,False
comp_WDBC_0,WDBC,empirical,composition,Pie chart,384,hard,0.0013400804623201,99.86617129500087,4,True
comp_WDBC_0,WDBC,empirical,composition,Pie chart,384,soft,0.0046977825367488,99.53241834326661,4,True
comp_WDBC_0,WDBC,empirical,composition,Donut chart,384,hard,0.0018015831986565249,99.82016566664787,4,False
comp_WDBC_0,WDBC,empirical,composition,Donut chart,384,soft,0.00865496270409705,99.1419302909199,4,False
comp_WDBC_0,WDBC,empirical,composition,Stacked bar,384,hard,0.005094184682779349,99.49316345070812,4,False
comp_WDBC_0,WDBC,empirical,composition,Stacked bar,384,soft,0.0099706065017368,99.01278250698084,4,False
comp_WDBC_1,WDBC,empirical,composition,Bar chart,256,hard,0.006995893153664375,99.30527093494344,4,False
comp_WDBC_1,WDBC,empirical,composition,Bar chart,256,soft,0.011084573635348025,98.90369471314418,4,False
comp_WDBC_1,WDBC,empirical,composition,Pie chart,256,hard,0.00268896956185145,99.73182416048454,4,False
comp_WDBC_1,WDBC,empirical,composition,Pie chart,256,soft,0.003879367959867925,99.61356233789806,4,True
comp_WDBC_1,WDBC,empirical,composition,Donut chart,256,hard,0.002356338255595125,99.7649201021968,4,True
comp_WDBC_1,WDBC,empirical,composition,Donut chart,256,soft,0.0053379739985718,99.46903686753811,4,False
comp_WDBC_1,WDBC,empirical,composition,Stacked bar,256,hard,0.00521335651601485,99.48136816107538,4,False
comp_WDBC_1,WDBC,empirical,composition,Stacked bar,256,soft,0.007474556819445675,99.25808976823767,4,False
comp_WDBC_1,WDBC,empirical,composition,Bar chart,384,hard,0.00487453458553375,99.51491112395,4,False
comp_WDBC_1,WDBC,empirical,composition,Bar chart,384,soft,0.00705812137544185,99.29913465512776,4,False
comp_WDBC_1,WDBC,empirical,composition,Pie chart,384,hard,0.00153558793581005,99.84667664790874,4,False
comp_WDBC_1,WDBC,empirical,composition,Pie chart,384,soft,0.00231225198574945,99.76930821895387,4,True
comp_WDBC_1,WDBC,empirical,composition,Donut chart,384,hard,0.0013378093940591249,99.86639779487918,4,True
comp_WDBC_1,WDBC,empirical,composition,Donut chart,384,soft,0.003274867006890325,99.67358227395246,4,False
comp_WDBC_1,WDBC,empirical,composition,Stacked bar,384,hard,0.0037231755178334497,99.62906350987535,4,False
comp_WDBC_1,WDBC,empirical,composition,Stacked bar,384,soft,0.005037462973759675,99.49877858693401,4,False
cohort_WDBC,WDBC,empirical,composition,Bar chart,256,hard,0.0021011758722531,99.79032298106783,4,False
cohort_WDBC,WDBC,empirical,composition,Bar chart,256,soft,0.001321808624817925,99.86799362468363,4,False
cohort_WDBC,WDBC,empirical,composition,Pie chart,256,hard,0.0005894458869612,99.94109013548122,4,True
cohort_WDBC,WDBC,empirical,composition,Pie chart,256,soft,0.001282832933115925,99.8718810618816,4,True
cohort_WDBC,WDBC,empirical,composition,Donut chart,256,hard,0.000692639833782325,99.93078395840931,4,False
cohort_WDBC,WDBC,empirical,composition,Donut chart,256,soft,0.0015953185589136498,99.8407222428706,4,False
cohort_WDBC,WDBC,empirical,composition,Stacked bar,256,hard,0.0024554902398499245,99.75505244235208,4,False
cohort_WDBC,WDBC,empirical,composition,Stacked bar,256,soft,0.002203137818093175,99.7801705328034,4,False
cohort_WDBC,WDBC,empirical,composition,Bar chart,384,hard,0.0026958995763959248,99.73113487573502,4,False
cohort_WDBC,WDBC,empirical,composition,Bar chart,384,soft,0.001305281191486325,99.86964203465169,4,False
cohort_WDBC,WDBC,empirical,composition,Pie chart,384,hard,0.0004615136012269926,99.95386992953226,4,True
cohort_WDBC,WDBC,empirical,composition,Pie chart,384,soft,0.0006180977998335001,99.93822840090614,4,True
cohort_WDBC,WDBC,empirical,composition,Donut chart,384,hard,0.0006183954548044999,99.93819867217978,4,False
cohort_WDBC,WDBC,empirical,composition,Donut chart,384,soft,0.000882933345733425,99.91178455378574,4,False
cohort_WDBC,WDBC,empirical,composition,Stacked bar,384,hard,0.0020012957064689248,99.80027014784866,4,False
cohort_WDBC,WDBC,empirical,composition,Stacked bar,384,soft,0.0018653405399011499,99.81381324770693,4,False
comp_Wrist_0,Wrist,empirical,composition,Bar chart,256,hard,0.008077874197649276,99.19868549797518,4,False
comp_Wrist_0,Wrist,empirical,composition,Bar chart,256,soft,0.020236861715059076,98.01645456320408,4,False
comp_Wrist_0,Wrist,empirical,composition,Pie chart,256,hard,0.0038493452666242,99.61654153735572,4,False
comp_Wrist_0,Wrist,empirical,composition,Pie chart,256,soft,0.006478507757522475,99.35631931456173,4,True
comp_Wrist_0,Wrist,empirical,composition,Donut chart,256,hard,0.003591260278332025,99.64215907207719,4,True
comp_Wrist_0,Wrist,empirical,composition,Donut chart,256,soft,0.009906369884220499,99.01908036431573,4,False
comp_Wrist_0,Wrist,empirical,composition,Stacked bar,256,hard,0.0067118423159038,99.33329061666112,4,False
comp_Wrist_0,Wrist,empirical,composition,Stacked bar,256,soft,0.012148321917462125,98.79974884565854,4,False
comp_Wrist_0,Wrist,empirical,composition,Bar chart,384,hard,0.005148753129989226,99.48776207362779,4,False
comp_Wrist_0,Wrist,empirical,composition,Bar chart,384,soft,0.0127911470834712,98.73703999878892,4,False
comp_Wrist_0,Wrist,empirical,composition,Pie chart,384,hard,0.0021049420850569,99.78994793891773,4,False
comp_Wrist_0,Wrist,empirical,composition,Pie chart,384,soft,0.0040462313411464505,99.59700746690302,4,True
comp_Wrist_0,Wrist,empirical,composition,Donut chart,384,hard,0.002088486944508075,99.79158657426788,4,True
comp_Wrist_0,Wrist,empirical,composition,Donut chart,384,soft,0.006372824028118175,99.36675316781604,4,False
comp_Wrist_0,Wrist,empirical,composition,Stacked bar,384,hard,0.004580639227796825,99.54402473540424,4,False
comp_Wrist_0,Wrist,empirical,composition,Stacked bar,384,soft,0.008221703489913326,99.18453416927505,4,False
comp_Wrist_1,Wrist,empirical,composition,Bar chart,256,hard,0.008112858049039726,99.19524307380225,4,False
comp_Wrist_1,Wrist,empirical,composition,Bar chart,256,soft,0.02226576906516325,97.82191972587277,4,False
comp_Wrist_1,Wrist,empirical,composition,Pie chart,256,hard,0.003939268970203525,99.60761879807289,4,False
comp_Wrist_1,Wrist,empirical,composition,Pie chart,256,soft,0.007235453559665225,99.28165221606383,4,True
comp_Wrist_1,Wrist,empirical,composition,Donut chart,256,hard,0.0036838222738730998,99.63296984646746,4,True
comp_Wrist_1,Wrist,empirical,composition,Donut chart,256,soft,0.011554691888390825,98.8577293960428,4,False
comp_Wrist_1,Wrist,empirical,composition,Stacked bar,256,hard,0.007585179440113474,99.24719223794774,4,False
comp_Wrist_1,Wrist,empirical,composition,Stacked bar,256,soft,0.0129095332773509,98.7254998740528,4,False
comp_Wrist_1,Wrist,empirical,composition,Bar chart,384,hard,0.005386853579658225,99.46420091326254,4,False
comp_Wrist_1,Wrist,empirical,composition,Bar chart,384,soft,0.014127910668952224,98.60689065744843,4,False
comp_Wrist_1,Wrist,empirical,composition,Pie chart,384,hard,0.0021934550720766497,99.7811345642924,4,False
comp_Wrist_1,Wrist,empirical,composition,Pie chart,384,soft,0.0045301660501299995,99.54902638036816,4,True
comp_Wrist_1,Wrist,empirical,composition,Donut chart,384,hard,0.00217546448986485,99.78292578825284,4,True
comp_Wrist_1,Wrist,empirical,composition,Donut chart,384,soft,0.007383021975254474,99.26710875464448,4,False
comp_Wrist_1,Wrist,empirical,composition,Stacked bar,384,hard,0.004801254284503475,99.52216876083396,4,False
comp_Wrist_1,Wrist,empirical,composition,Stacked bar,384,soft,0.008992353907365675,99.10877878583099,4,False
synthetic_2_0.3_0,Synthetic,synthetic,composition,Bar chart,256,hard,0.001596118462352,99.84064250720117,4,False
synthetic_2_0.3_0,Synthetic,synthetic,composition,Bar chart,256,soft,0.001982012756673775,99.80219078472068,4,False
synthetic_2_0.3_0,Synthetic,synthetic,composition,Pie chart,256,hard,0.0005576858344165,99.94426250057222,4,False
synthetic_2_0.3_0,Synthetic,synthetic,composition,Pie chart,256,soft,0.0013839908971500251,99.86179218863784,4,True
synthetic_2_0.3_0,Synthetic,synthetic,composition,Donut chart,256,hard,0.00039467850176880856,99.96054772078958,4,True
synthetic_2_0.3_0,Synthetic,synthetic,composition,Donut chart,256,soft,0.0018369810933287,99.8166387218683,4,False
synthetic_2_0.3_0,Synthetic,synthetic,composition,Stacked bar,256,hard,0.0020095920338083248,99.79944383269532,4,False
synthetic_2_0.3_0,Synthetic,synthetic,composition,Stacked bar,256,soft,0.002372546742591475,99.76330689120512,4,False
synthetic_2_0.3_0,Synthetic,synthetic,composition,Bar chart,384,hard,0.00130858271766445,99.86931274331907,4,False
synthetic_2_0.3_0,Synthetic,synthetic,composition,Bar chart,384,soft,0.0010979971658692,99.8903207109616,4,False
synthetic_2_0.3_0,Synthetic,synthetic,composition,Pie chart,384,hard,0.00044813989882335,99.95520608405862,4,False
synthetic_2_0.3_0,Synthetic,synthetic,composition,Pie chart,384,soft,0.0006762086901739,99.93242482590257,4,True
synthetic_2_0.3_0,Synthetic,synthetic,composition,Donut chart,384,hard,0.0004288131635576,99.95713706383549,4,True
synthetic_2_0.3_0,Synthetic,synthetic,composition,Donut chart,384,soft,0.0010329468565548,99.89681190216581,4,False
synthetic_2_0.3_0,Synthetic,synthetic,composition,Stacked bar,384,hard,0.0007882238374988328,99.9212396969984,4,False
synthetic_2_0.3_0,Synthetic,synthetic,composition,Stacked bar,384,soft,0.001730353021586525,99.82726359280548,4,False
synthetic_2_0.3_1,Synthetic,synthetic,composition,Bar chart,256,hard,0.0024579133800889,99.75481131454175,4,False
synthetic_2_0.3_1,Synthetic,synthetic,composition,Bar chart,256,soft,0.0014337350578017,99.85683175954533,4,False
synthetic_2_0.3_1,Synthetic,synthetic,composition,Pie chart,256,hard,0.0006949284633828,99.93055541268207,4,True
synthetic_2_0.3_1,Synthetic,synthetic,composition,Pie chart,256,soft,0.0013149206558603751,99.8686806089937,4,True
synthetic_2_0.3_1,Synthetic,synthetic,composition,Donut chart,256,hard,0.0008054250726857751,99.91952231147954,4,False
synthetic_2_0.3_1,Synthetic,synthetic,composition,Donut chart,256,soft,0.0015838855278537,99.84186191983122,4,False
synthetic_2_0.3_1,Synthetic,synthetic,composition,Stacked bar,256,hard,0.002829600863190125,99.71783831861819,4,False
synthetic_2_0.3_1,Synthetic,synthetic,composition,Stacked bar,256,soft,0.00224362987053805,99.77613927355888,4,False
synthetic_2_0.3_1,Synthetic,synthetic,composition,Bar chart,384,hard,0.0023736316863878252,99.76319890993197,4,False
synthetic_2_0.3_1,Synthetic,synthetic,composition,Bar chart,384,soft,0.00069702002999295,99.9303465468527,4,False
synthetic_2_0.3_1,Synthetic,synthetic,composition,Pie chart,384,hard,0.00046778340765224106,99.9532435311351,4,True
synthetic_2_0.3_1,Synthetic,synthetic,composition,Pie chart,384,soft,0.0006535058549677,99.93469209360244,4,True
synthetic_2_0.3_1,Synthetic,synthetic,composition,Donut chart,384,hard,0.000659922165690625,99.93405130443693,4,False
synthetic_2_0.3_1,Synthetic,synthetic,composition,Donut chart,384,soft,0.0008841981285262,99.91165829871433,4,False
synthetic_2_0.3_1,Synthetic,synthetic,composition,Stacked bar,384,hard,0.00186925519162945,99.81342324041354,4,False
synthetic_2_0.3_1,Synthetic,synthetic,composition,Stacked bar,384,soft,0.0013192474417509999,99.86824906790503,4,False
synthetic_2_0.3_2,Synthetic,synthetic,composition,Bar chart,256,hard,0.003293583424723225,99.67172286565606,4,False
synthetic_2_0.3_2,Synthetic,synthetic,composition,Bar chart,256,soft,0.0014506485579866002,99.85514527749565,4,True
synthetic_2_0.3_2,Synthetic,synthetic,composition,Pie chart,256,hard,0.0007985063075933237,99.92021307959988,4,True
synthetic_2_0.3_2,Synthetic,synthetic,composition,Pie chart,256,soft,0.001534937159352425,99.84674152619118,4,False
synthetic_2_0.3_2,Synthetic,synthetic,composition,Donut chart,256,hard,0.00088744398458205,99.91133428739508,4,False
synthetic_2_0.3_2,Synthetic,synthetic,composition,Donut chart,256,soft,0.0016536379257534,99.83490920781979,4,False
synthetic_2_0.3_2,Synthetic,synthetic,composition,Stacked bar,256,hard,0.0035129600036470495,99.64993376830587,4,False
synthetic_2_0.3_2,Synthetic,synthetic,composition,Stacked bar,256,soft,0.0023674979764928498,99.76380938315815,4,False
synthetic_2_0.3_2,Synthetic,synthetic,composition,Bar chart,384,hard,0.0032568265353330496,99.67537459509943,4,False
synthetic_2_0.3_2,Synthetic,synthetic,composition,Bar chart,384,soft,0.0008529976399284001,99.9147729344929,4,False
synthetic_2_0.3_2,Synthetic,synthetic,composition,Pie chart,384,hard,0.0005227938638205767,99.94774793067916,4,True
synthetic_2_0.3_2,Synthetic,synthetic,composition,Pie chart,384,soft,0.00078636441315,99.92142534699589,4,True
synthetic_2_0.3_2,Synthetic,synthetic,composition,Donut chart,384,hard,0.000661291680525475,99.9339145337165,4,False
synthetic_2_0.3_2,Synthetic,synthetic,composition,Donut chart,384,soft,0.0009451610818688,99.9055731404059,4,False
synthetic_2_0.3_2,Synthetic,synthetic,composition,Stacked bar,384,hard,0.001992153457534825,99.80118073273721,4,False
synthetic_2_0.3_2,Synthetic,synthetic,composition,Stacked bar,384,soft,0.00154983634731135,99.84525619284571,4,False
synthetic_2_0.3_3,Synthetic,synthetic,composition,Bar chart,256,hard,0.0022918906686447246,99.77133500829626,4,False
synthetic_2_0.3_3,Synthetic,synthetic,composition,Bar chart,256,soft,0.0005055652736547001,99.94946901934358,4,True
synthetic_2_0.3_3,Synthetic,synthetic,composition,Pie chart,256,hard,0.0009391627655358251,99.9061718433575,4,True
synthetic_2_0.3_3,Synthetic,synthetic,composition,Pie chart,256,soft,0.001331557192633175,99.86702134941534,4,False
synthetic_2_0.3_3,Synthetic,synthetic,composition,Donut chart,256,hard,0.0010088768352863,99.89921399713498,4,False
synthetic_2_0.3_3,Synthetic,synthetic,composition,Donut chart,256,soft,0.0013961444323126251,99.86058020693656,4,False
synthetic_2_0.3_3,Synthetic,synthetic,composition,Stacked bar,256,hard,0.0025265596176553004,99.74798077981904,4,False
synthetic_2_0.3_3,Synthetic,synthetic,composition,Stacked bar,256,soft,0.0013754276165519,99.8626461586115,4,False
synthetic_2_0.3_3,Synthetic,synthetic,composition,Bar chart,384,hard,0.0029603240728476752,99.7048413579486,4,False
synthetic_2_0.3_3,Synthetic,synthetic,composition,Bar chart,384,soft,0.0003541845800071829,99.9645940822294,4,True
synthetic_2_0.3_3,Synthetic,synthetic,composition,Pie chart,384,hard,0.0005298716981106199,99.94704089172157,4,True
synthetic_2_0.3_3,Synthetic,synthetic,composition,Pie chart,384,soft,0.00065196599169875,99.93484587910116,4,False
synthetic_2_0.3_3,Synthetic,synthetic,composition,Donut chart,384,hard,0.0005887046100595846,99.9411641759149,4,False
synthetic_2_0.3_3,Synthetic,synthetic,composition,Donut chart,384,soft,0.0007522376904976001,99.9248327745703,4,False
synthetic_2_0.3_3,Synthetic,synthetic,composition,Stacked bar,384,hard,0.0016860210063438998,99.83168168757611,4,False
synthetic_2_0.3_3,Synthetic,synthetic,composition,Stacked bar,384,soft,0.0010816604798447693,99.89195082453851,4,False
synthetic_2_1_0,Synthetic,synthetic,composition,Bar chart,256,hard,0.0025207647817896,99.74855734959881,4,False
synthetic_2_1_0,Synthetic,synthetic,composition,Bar chart,256,soft,0.00024349354601245038,99.97565657286614,4,True
synthetic_2_1_0,Synthetic,synthetic,composition,Pie chart,256,hard,0.001416958670769975,99.85850462602004,4,False
synthetic_2_1_0,Synthetic,synthetic,composition,Pie chart,256,soft,0.001490935411876625,99.85112841672766,4,False
synthetic_2_1_0,Synthetic,synthetic,composition,Donut chart,256,hard,0.0011682108602361749,99.88331522639612,4,True
synthetic_2_1_0,Synthetic,synthetic,composition,Donut chart,256,soft,0.0011997730938103999,99.88016646367157,4,False
synthetic_2_1_0,Synthetic,synthetic,composition,Stacked bar,256,hard,0.00262386799110045,99.73829986749092,4,False
synthetic_2_1_0,Synthetic,synthetic,composition,Stacked bar,256,soft,0.0013177832580728685,99.8683951009254,4,False
synthetic_2_1_0,Synthetic,synthetic,composition,Bar chart,384,hard,0.0022548481943246252,99.77502247074315,4,False
synthetic_2_1_0,Synthetic,synthetic,composition,Bar chart,384,soft,0.00045432576501544997,99.95458805531497,4,True
synthetic_2_1_0,Synthetic,synthetic,composition,Pie chart,384,hard,0.00072911679076605,99.92714144332041,4,False
synthetic_2_1_0,Synthetic,synthetic,composition,Pie chart,384,soft,0.0007637734043427001,99.92368095002635,4,False
synthetic_2_1_0,Synthetic,synthetic,composition,Donut chart,384,hard,0.0005992961183322501,99.94010628223934,4,True
synthetic_2_1_0,Synthetic,synthetic,composition,Donut chart,384,soft,0.0006271824087322749,99.93732107024891,4,False
synthetic_2_1_0,Synthetic,synthetic,composition,Stacked bar,384,hard,0.0014104865973058498,99.85915000729635,4,False
synthetic_2_1_0,Synthetic,synthetic,composition,Stacked bar,384,soft,0.00115976756051095,99.88415759421326,4,False
synthetic_2_1_1,Synthetic,synthetic,composition,Bar chart,256,hard,0.0026623098733492747,99.73447592004474,4,False
synthetic_2_1_1,Synthetic,synthetic,composition,Bar chart,256,soft,0.000467497491803525,99.95327209599756,4,True
synthetic_2_1_1,Synthetic,synthetic,composition,Pie chart,256,hard,0.0009467032417428,99.90541921576077,4,True
synthetic_2_1_1,Synthetic,synthetic,composition,Pie chart,256,soft,0.00128593249474555,99.87157190039196,4,False
synthetic_2_1_1,Synthetic,synthetic,composition,Donut chart,256,hard,0.001014586190351875,99.89864421514444,4,False
synthetic_2_1_1,Synthetic,synthetic,composition,Donut chart,256,soft,0.001354606589788325,99.86472258869398,4,False
synthetic_2_1_1,Synthetic,synthetic,composition,Stacked bar,256,hard,0.0030031425542224504,99.7005849307137,4,False
synthetic_2_1_1,Synthetic,synthetic,composition,Stacked bar,256,soft,0.0018015561942516,99.8201683573845,4,False
synthetic_2_1_1,Synthetic,synthetic,composition,Bar chart,384,hard,0.002357881166757675,99.76476653587908,4,False
synthetic_2_1_1,Synthetic,synthetic,composition,Bar chart,384,soft,0.00046486017419605,99.95353558203782,4,True
synthetic_2_1_1,Synthetic,synthetic,composition,Pie chart,384,hard,0.0005370684909739886,99.94632197967597,4,True
synthetic_2_1_1,Synthetic,synthetic,composition,Pie chart,384,soft,0.0006299184931147,99.93704780544007,4,False
synthetic_2_1_1,Synthetic,synthetic,composition,Donut chart,384,hard,0.0005970124792141901,99.94033437320235,4,False
synthetic_2_1_1,Synthetic,synthetic,composition,Donut chart,384,soft,0.000745900340370025,99.92546556122625,4,False
synthetic_2_1_1,Synthetic,synthetic,composition,Stacked bar,384,hard,0.0020528168008662,99.7951388622987,4,False
synthetic_2_1_1,Synthetic,synthetic,composition,Stacked bar,384,soft,0.0013027985607323,99.86988965150152,4,False
synthetic_2_1_2,Synthetic,synthetic,composition,Bar chart,256,hard,0.0030531104661701753,99.69561826444551,4,False
synthetic_2_1_2,Synthetic,synthetic,composition,Bar chart,256,soft,0.000534754340904225,99.94655314684631,4,True
synthetic_2_1_2,Synthetic,synthetic,composition,Pie chart,256,hard,0.0015333118449000248,99.8469035600947,4,False
synthetic_2_1_2,Synthetic,synthetic,composition,Pie chart,256,soft,0.001537674579458425,99.84646862334918,4,False
synthetic_2_1_2,Synthetic,synthetic,composition,Donut chart,256,hard,0.0011561818121451249,99.8845153400489,4,True
synthetic_2_1_2,Synthetic,synthetic,composition,Donut chart,256,soft,0.0011385989722968,99.88626959609134,4,False
synthetic_2_1_2,Synthetic,synthetic,composition,Stacked bar,256,hard,0.003127579409880575,99.68821718452597,4,False
synthetic_2_1_2,Synthetic,synthetic,composition,Stacked bar,256,soft,0.001359311042310075,99.86425341759741,4,False
synthetic_2_1_2,Synthetic,synthetic,composition,Bar chart,384,hard,0.001974472022629125,99.802941883475,4,False
synthetic_2_1_2,Synthetic,synthetic,composition,Bar chart,384,soft,0.00025510595001410703,99.97449591124337,4,True
synthetic_2_1_2,Synthetic,synthetic,composition,Pie chart,384,hard,0.0008018711586292499,99.91987713235379,4,False
synthetic_2_1_2,Synthetic,synthetic,composition,Pie chart,384,soft,0.0007926663685418999,99.92079614537764,4,False
synthetic_2_1_2,Synthetic,synthetic,composition,Donut chart,384,hard,0.0006379353890462,99.93624713130647,4,True
synthetic_2_1_2,Synthetic,synthetic,composition,Donut chart,384,soft,0.000597971851691975,99.94023855049542,4,False
synthetic_2_1_2,Synthetic,synthetic,composition,Stacked bar,384,hard,0.0014307696681392999,99.85712745089575,4,False
synthetic_2_1_2,Synthetic,synthetic,composition,Stacked bar,384,soft,0.0009232755010226744,99.90775761503193,4,False
synthetic_2_1_3,Synthetic,synthetic,composition,Bar chart,256,hard,0.001738750768431375,99.82642672382418,4,False
synthetic_2_1_3,Synthetic,synthetic,composition,Bar chart,256,soft,0.002819949722122375,99.71879800328027,4,False
synthetic_2_1_3,Synthetic,synthetic,composition,Pie chart,256,hard,0.000586442838043875,99.94139008755901,4,False
synthetic_2_1_3,Synthetic,synthetic,composition,Pie chart,256,soft,0.0015076173157606751,99.849465217269,4,True
synthetic_2_1_3,Synthetic,synthetic,composition,Donut chart,256,hard,0.00039227403259395,99.96078797859838,4,True
synthetic_2_1_3,Synthetic,synthetic,composition,Donut chart,256,soft,0.0019711378227571,99.80327399179977,4,False
synthetic_2_1_3,Synthetic,synthetic,composition,Stacked bar,256,hard,0.0018308954330333795,99.81724506187824,4,False
synthetic_2_1_3,Synthetic,synthetic,composition,Stacked bar,256,soft,0.0031555363593739,99.68543897282112,4,False
synthetic_2_1_3,Synthetic,synthetic,composition,Bar chart,384,hard,0.0018498973230585251,99.81535184781659,4,False
synthetic_2_1_3,Synthetic,synthetic,composition,Bar chart,384,soft,0.001718383907283525,99.82845638705552,4,False
synthetic_2_1_3,Synthetic,synthetic,composition,Pie chart,384,hard,0.00044635959369489995,99.95538395543002,4,False
synthetic_2_1_3,Synthetic,synthetic,composition,Pie chart,384,soft,0.0007076135413571,99.92928868215033,4,True
synthetic_2_1_3,Synthetic,synthetic,composition,Donut chart,384,hard,0.00040714498947939996,99.95930207100993,4,True
synthetic_2_1_3,Synthetic,synthetic,composition,Donut chart,384,soft,0.00106366031534995,99.89374698557982,4,False
synthetic_2_1_3,Synthetic,synthetic,composition,Stacked bar,384,hard,0.0014137684316374247,99.85882274877731,4,False
synthetic_2_1_3,Synthetic,synthetic,composition,Stacked bar,384,soft,0.002324156573763775,99.76812326047211,4,False
synthetic_2_5_0,Synthetic,synthetic,composition,Bar chart,256,hard,0.0028968606483982247,99.71115069135571,4,False
synthetic_2_5_0,Synthetic,synthetic,composition,Bar chart,256,soft,0.000683992075273714,99.93164754501016,4,True
synthetic_2_5_0,Synthetic,synthetic,composition,Pie chart,256,hard,0.0009456757054031001,99.90552177522154,4,True
synthetic_2_5_0,Synthetic,synthetic,composition,Pie chart,256,soft,0.0012255833283022501,99.87759168875527,4,False
synthetic_2_5_0,Synthetic,synthetic,composition,Donut chart,256,hard,0.00098698305566715,99.90139901193777,4,False
synthetic_2_5_0,Synthetic,synthetic,composition,Donut chart,256,soft,0.00126373853579515,99.87378564836041,4,False
synthetic_2_5_0,Synthetic,synthetic,composition,Stacked bar,256,hard,0.0031070084406906997,99.69026151601507,4,False
synthetic_2_5_0,Synthetic,synthetic,composition,Stacked bar,256,soft,0.001842678056215875,99.81607111609668,4,False
synthetic_2_5_0,Synthetic,synthetic,composition,Bar chart,384,hard,0.0020451731120366247,99.7959001084068,4,False
synthetic_2_5_0,Synthetic,synthetic,composition,Bar chart,384,soft,0.000307864056234625,99.9692230694872,4,True
synthetic_2_5_0,Synthetic,synthetic,composition,Pie chart,384,hard,0.0005125351425144856,99.94877274151877,4,True
synthetic_2_5_0,Synthetic,synthetic,composition,Pie chart,384,soft,0.0005981362685253499,99.94022212846048,4,False
synthetic_2_5_0,Synthetic,synthetic,composition,Donut chart,384,hard,0.0005731307080464249,99.94271975826088,4,False
synthetic_2_5_0,Synthetic,synthetic,composition,Donut chart,384,soft,0.0006825728798177751,99.93178927081208,4,False
synthetic_2_5_0,Synthetic,synthetic,composition,Stacked bar,384,hard,0.001831369029999025,99.81719787515017,4,False
synthetic_2_5_0,Synthetic,synthetic,composition,Stacked bar,384,soft,0.0008788934957267999,99.91218782797415,4,False
synthetic_2_5_1,Synthetic,synthetic,composition,Bar chart,256,hard,0.003230183933859575,99.67802165588824,4,False
synthetic_2_5_1,Synthetic,synthetic,composition,Bar chart,256,soft,0.001198637413449,99.88027975981414,4,True
synthetic_2_5_1,Synthetic,synthetic,composition,Pie chart,256,hard,0.0008213060715629956,99.91793679185481,4,True
synthetic_2_5_1,Synthetic,synthetic,composition,Pie chart,256,soft,0.0013810382815519,99.86208663548074,4,False
synthetic_2_5_1,Synthetic,synthetic,composition,Donut chart,256,hard,0.000909998671948425,99.90908286727519,4,False
synthetic_2_5_1,Synthetic,synthetic,composition,Donut chart,256,soft,0.0015382888093022251,99.84640738886468,4,False
synthetic_2_5_1,Synthetic,synthetic,composition,Stacked bar,256,hard,0.003449529029032775,99.65623293157846,4,False
synthetic_2_5_1,Synthetic,synthetic,composition,Stacked bar,256,soft,0.0021413483762773,99.78632271986912,4,False
synthetic_2_5_1,Synthetic,synthetic,composition,Bar chart,384,hard,0.0028831637854036,99.71251249502274,4,False
synthetic_2_5_1,Synthetic,synthetic,composition,Bar chart,384,soft,0.000712962402825975,99.92875455504104,4,False
synthetic_2_5_1,Synthetic,synthetic,composition,Pie chart,384,hard,0.0005397695689679774,99.9460521625042,4,True
synthetic_2_5_1,Synthetic,synthetic,composition,Pie chart,384,soft,0.0006897715292390501,99.9310703927567,4,True
synthetic_2_5_1,Synthetic,synthetic,composition,Donut chart,384,hard,0.0006315264272802239,99.93688721466381,4,False
synthetic_2_5_1,Synthetic,synthetic,composition,Donut chart,384,soft,0.0008566699679717,99.91440632873045,4,False
synthetic_2_5_1,Synthetic,synthetic,composition,Stacked bar,384,hard,0.00189592097419525,99.81076667401223,4,False
synthetic_2_5_1,Synthetic,synthetic,composition,Stacked bar,384,soft,0.0015021725314606751,99.85000806062521,4,False
synthetic_2_5_2,Synthetic,synthetic,composition,Bar chart,256,hard,0.0029435442475073503,99.7065094775882,4,False
synthetic_2_5_2,Synthetic,synthetic,composition,Bar chart,256,soft,0.0006519429671368696,99.93484817855811,4,True
synthetic_2_5_2,Synthetic,synthetic,composition,Pie chart,256,hard,0.0009508073150375501,99.90500958607667,4,True
synthetic_2_5_2,Synthetic,synthetic,composition,Pie chart,256,soft,0.0012080145382758248,99.87934430001214,4,False
synthetic_2_5_2,Synthetic,synthetic,composition,Donut chart,256,hard,0.0010120105695499999,99.89890125604246,4,False
synthetic_2_5_2,Synthetic,synthetic,composition,Donut chart,256,soft,0.001220061263564675,99.87814254720136,4,False
synthetic_2_5_2,Synthetic,synthetic,composition,Stacked bar,256,hard,0.0031386664814954,99.68711539228129,4,False
synthetic_2_5_2,Synthetic,synthetic,composition,Stacked bar,256,soft,0.001835158673601925,99.81682029646159,4,False
synthetic_2_5_2,Synthetic,synthetic,composition,Bar chart,384,hard,0.0022225240061879746,99.77824046527074,4,False
synthetic_2_5_2,Synthetic,synthetic,composition,Bar chart,384,soft,0.0003125537264689196,99.96875439328392,4,True
synthetic_2_5_2,Synthetic,synthetic,composition,Pie chart,384,hard,0.0004878803530119546,99.95123575581547,4,True
synthetic_2_5_2,Synthetic,synthetic,composition,Pie chart,384,soft,0.0005760788417105,99.942425283405,4,False
synthetic_2_5_2,Synthetic,synthetic,composition,Donut chart,384,hard,0.000531421795169625,99.94688604639562,4,False
synthetic_2_5_2,Synthetic,synthetic,composition,Donut chart,384,soft,0.000639772550975275,99.93606364962446,4,False
synthetic_2_5_2,Synthetic,synthetic,composition,Stacked bar,384,hard,0.001802880643590875,99.82003638855255,4,False
synthetic_2_5_2,Synthetic,synthetic,composition,Stacked bar,384,soft,0.00114050541919445,99.88607938515915,4,False
synthetic_2_5_3,Synthetic,synthetic,composition,Bar chart,256,hard,0.00317407139795675,99.68359714545518,4,False
synthetic_2_5_3,Synthetic,synthetic,composition,Bar chart,256,soft,0.00202666177080445,99.79774372797398,4,False
synthetic_2_5_3,Synthetic,synthetic,composition,Pie chart,256,hard,0.0006400761084701751,99.93603333268847,4,True
synthetic_2_5_3,Synthetic,synthetic,composition,Pie chart,256,soft,0.0013261588646990999,99.86755975034121,4,True
synthetic_2_5_3,Synthetic,synthetic,composition,Donut chart,256,hard,0.0007468896820619,99.92536677457981,4,False
synthetic_2_5_3,Synthetic,synthetic,composition,Donut chart,256,soft,0.001599070120508625,99.8403482822407,4,False
synthetic_2_5_3,Synthetic,synthetic,composition,Stacked bar,256,hard,0.003383297402020825,99.66281107022799,4,False
synthetic_2_5_3,Synthetic,synthetic,composition,Stacked bar,256,soft,0.0027999156922374753,99.72079019469157,4,False
synthetic_2_5_3,Synthetic,synthetic,composition,Bar chart,384,hard,0.0028865142562021,99.71217937272367,4,False
synthetic_2_5_3,Synthetic,synthetic,composition,Bar chart,384,soft,0.001158731021735425,99.8842610081867,4,False
synthetic_2_5_3,Synthetic,synthetic,composition,Pie chart,384,hard,0.0004734280858492911,99.9526795942242,4,True
synthetic_2_5_3,Synthetic,synthetic,composition,Pie chart,384,soft,0.00067613420737545,99.93243226411998,4,True
synthetic_2_5_3,Synthetic,synthetic,composition,Donut chart,384,hard,0.0006474043240121249,99.93530145371741,4,False
synthetic_2_5_3,Synthetic,synthetic,composition,Donut chart,384,soft,0.0009153585564432251,99.90854785585833,4,False
synthetic_2_5_3,Synthetic,synthetic,composition,Stacked bar,384,hard,0.0019839705091614502,99.80199578360985,4,False
synthetic_2_5_3,Synthetic,synthetic,composition,Stacked bar,384,soft,0.0017557610174957251,99.82473162762625,4,False
synthetic_3_0.3_0,Synthetic,synthetic,composition,Bar chart,256,hard,0.005468774331170925,99.45609704937792,4,False
synthetic_3_0.3_0,Synthetic,synthetic,composition,Bar chart,256,soft,0.0007388595012865001,99.92616860090207,4,True
synthetic_3_0.3_0,Synthetic,synthetic,composition,Pie chart,256,hard,0.0018334090840501998,99.81699461532966,4,False
synthetic_3_0.3_0,Synthetic,synthetic,composition,Pie chart,256,soft,0.001893968022110625,99.81096123117204,4,False
synthetic_3_0.3_0,Synthetic,synthetic,composition,Donut chart,256,hard,0.001096923091031475,99.89042788308204,4,True
synthetic_3_0.3_0,Synthetic,synthetic,composition,Donut chart,256,soft,0.00115293802904795,99.88483897062542,4,False
synthetic_3_0.3_0,Synthetic,synthetic,composition,Stacked bar,256,hard,0.0051336207823152995,99.48925986792484,4,False
synthetic_3_0.3_0,Synthetic,synthetic,composition,Stacked bar,256,soft,0.00228462107592235,99.77205865201543,4,False
synthetic_3_0.3_0,Synthetic,synthetic,composition,Bar chart,384,hard,0.003745368580765825,99.62686068618562,4,False
synthetic_3_0.3_0,Synthetic,synthetic,composition,Bar chart,384,soft,0.0008406292076205,99.91600768563063,4,True
synthetic_3_0.3_0,Synthetic,synthetic,composition,Pie chart,384,hard,0.0012106355870478,99.87908282792682,4,False
synthetic_3_0.3_0,Synthetic,synthetic,composition,Pie chart,384,soft,0.00125954090412555,99.87420435434869,4,False
synthetic_3_0.3_0,Synthetic,synthetic,composition,Donut chart,384,hard,0.0008192205032191749,99.91814500696667,4,True
synthetic_3_0.3_0,Synthetic,synthetic,composition,Donut chart,384,soft,0.00085639012855275,99.9144342647957,4,False
synthetic_3_0.3_0,Synthetic,synthetic,composition,Stacked bar,384,hard,0.0027120424270232002,99.72952928535106,4,False
synthetic_3_0.3_0,Synthetic,synthetic,composition,Stacked bar,384,soft,0.001896455375688175,99.81071343595312,4,False
synthetic_3_0.3_1,Synthetic,synthetic,composition,Bar chart,256,hard,0.004391493441620025,99.56277074524274,4,False
synthetic_3_0.3_1,Synthetic,synthetic,composition,Bar chart,256,soft,0.00173469714334415,99.82683068198686,4,False
synthetic_3_0.3_1,Synthetic,synthetic,composition,Pie chart,256,hard,0.001541770874934425,99.84606025232603,4,False
synthetic_3_0.3_1,Synthetic,synthetic,composition,Pie chart,256,soft,0.0018826940971923,99.81208437791324,4,False
synthetic_3_0.3_1,Synthetic,synthetic,composition,Donut chart,256,hard,0.0010280839661433502,99.89729719049738,4,True
synthetic_3_0.3_1,Synthetic,synthetic,composition,Donut chart,256,soft,0.0016284642639173,99.8374183320445,4,True
synthetic_3_0.3_1,Synthetic,synthetic,composition,Stacked bar,256,hard,0.004325760655120025,99.56928709542427,4,False
synthetic_3_0.3_1,Synthetic,synthetic,composition,Stacked bar,256,soft,0.0030090659761941745,99.69999613380708,4,False
synthetic_3_0.3_1,Synthetic,synthetic,composition,Bar chart,384,hard,0.00324543771024285,99.67650610825103,4,False
synthetic_3_0.3_1,Synthetic,synthetic,composition,Bar chart,384,soft,0.0011468037064401,99.88545099457997,4,True
synthetic_3_0.3_1,Synthetic,synthetic,composition,Pie chart,384,hard,0.0010394397561883,99.89616395569374,4,False
synthetic_3_0.3_1,Synthetic,synthetic,composition,Pie chart,384,soft,0.001260133242455,99.87414526948413,4,False
synthetic_3_0.3_1,Synthetic,synthetic,composition,Donut chart,384,hard,0.0008836146101800501,99.91171654753043,4,True
synthetic_3_0.3_1,Synthetic,synthetic,composition,Donut chart,384,soft,0.001154894770433925,99.8846437472896,4,False
synthetic_3_0.3_1,Synthetic,synthetic,composition,Stacked bar,384,hard,0.00217726338720795,99.78274667898081,4,False
synthetic_3_0.3_1,Synthetic,synthetic,composition,Stacked bar,384,soft,0.002587828024183525,99.74188515441251,4,False
synthetic_3_0.3_2,Synthetic,synthetic,composition,Bar chart,256,hard,0.0020072083828307,99.79968124320482,4,False
synthetic_3_0.3_2,Synthetic,synthetic,composition,Bar chart,256,soft,0.0047620207393386255,99.52605486263955,4,False
synthetic_3_0.3_2,Synthetic,synthetic,composition,Pie chart,256,hard,0.001800232365110925,99.82030026476826,4,False
synthetic_3_0.3_2,Synthetic,synthetic,composition,Pie chart,256,soft,0.0013232878641988,99.86784609124378,4,True
synthetic_3_0.3_2,Synthetic,synthetic,composition,Donut chart,256,hard,0.0011000990063317249,99.89011098815956,4,True
synthetic_3_0.3_2,Synthetic,synthetic,composition,Donut chart,256,soft,0.002025113191920825,99.79789796031459,4,False
synthetic_3_0.3_2,Synthetic,synthetic,composition,Stacked bar,256,hard,0.003659338705635025,99.63540032314607,4,False
synthetic_3_0.3_2,Synthetic,synthetic,composition,Stacked bar,256,soft,0.0039533087779633,99.60622583307432,4,False
synthetic_3_0.3_2,Synthetic,synthetic,composition,Bar chart,384,hard,0.0020170723629414503,99.79869880278738,4,False
synthetic_3_0.3_2,Synthetic,synthetic,composition,Bar chart,384,soft,0.002566577856053125,99.74399926022453,4,False
synthetic_3_0.3_2,Synthetic,synthetic,composition,Pie chart,384,hard,0.0013056011849118,99.86961011869236,4,False
synthetic_3_0.3_2,Synthetic,synthetic,composition,Pie chart,384,soft,0.0010399565076163,99.89611238783671,4,True
synthetic_3_0.3_2,Synthetic,synthetic,composition,Donut chart,384,hard,0.000807293680458925,99.91933575169202,4,True
synthetic_3_0.3_2,Synthetic,synthetic,composition,Donut chart,384,soft,0.001251404880122975,99.87501591767827,4,False
synthetic_3_0.3_2,Synthetic,synthetic,composition,Stacked bar,384,hard,0.002311649260666775,99.76936821373154,4,False
synthetic_3_0.3_2,Synthetic,synthetic,composition,Stacked bar,384,soft,0.002304626860557275,99.77006722319781,4,False
synthetic_3_0.3_3,Synthetic,synthetic,composition,Bar chart,256,hard,0.0026197111267977,99.73871338277866,4,False
synthetic_3_0.3_3,Synthetic,synthetic,composition,Bar chart,256,soft,0.003773811846023275,99.62403762665585,4,False
synthetic_3_0.3_3,Synthetic,synthetic,composition,Pie chart,256,hard,0.001135462301655575,99.88658255107205,4,False
synthetic_3_0.3_3,Synthetic,synthetic,composition,Pie chart,256,soft,0.0013760062190734251,99.86258845723007,4,True
synthetic_3_0.3_3,Synthetic,synthetic,composition,Donut chart,256,hard,0.000759759404311725,99.92408173918143,4,True
synthetic_3_0.3_3,Synthetic,synthetic,composition,Donut chart,256,soft,0.001773427960453675,99.82297115186371,4,False
synthetic_3_0.3_3,Synthetic,synthetic,composition,Stacked bar,256,hard,0.002148619240633425,99.78559874260351,4,False
synthetic_3_0.3_3,Synthetic,synthetic,composition,Stacked bar,256,soft,0.0031474193880053,99.68624557795052,4,False
synthetic_3_0.3_3,Synthetic,synthetic,composition,Bar chart,384,hard,0.0019802166461683,99.80236968622032,4,False
synthetic_3_0.3_3,Synthetic,synthetic,composition,Bar chart,384,soft,0.0023969708762155498,99.76087608543746,4,False
synthetic_3_0.3_3,Synthetic,synthetic,composition,Pie chart,384,hard,0.0009016718629416001,99.90991404167971,4,False
synthetic_3_0.3_3,Synthetic,synthetic,composition,Pie chart,384,soft,0.00104841451083005,99.89526835109744,4,True
synthetic_3_0.3_3,Synthetic,synthetic,composition,Donut chart,384,hard,0.000651540692822875,99.9348883536049,4,True
synthetic_3_0.3_3,Synthetic,synthetic,composition,Donut chart,384,soft,0.0012314040689606251,99.87701104220699,4,False
synthetic_3_0.3_3,Synthetic,synthetic,composition,Stacked bar,384,hard,0.00158999386233305,99.84125302048979,4,False
synthetic_3_0.3_3,Synthetic,synthetic,composition,Stacked bar,384,soft,0.002431462919597225,99.75744347523616,4,False
synthetic_3_1_0,Synthetic,synthetic,composition,Bar chart,256,hard,0.003222882324712525,99.67874712773255,4,False
synthetic_3_1_0,Synthetic,synthetic,composition,Bar chart,256,soft,0.0026616897662122252,99.73453760192704,4,False
synthetic_3_1_0,Synthetic,synthetic,composition,Pie chart,256,hard,0.00117131141264635,99.88300589526546,4,False
synthetic_3_1_0,Synthetic,synthetic,composition,Pie chart,256,soft,0.001437280657811925,99.85647821530392,4,True
synthetic_3_1_0,Synthetic,synthetic,composition,Donut chart,256,hard,0.00083456222942475,99.9166133683907,4,True
synthetic_3_1_0,Synthetic,synthetic,composition,Donut chart,256,soft,0.0016454358651061003,99.83572671464479,4,False
synthetic_3_1_0,Synthetic,synthetic,composition,Stacked bar,256,hard,0.0032313238578471747,99.67790839649808,4,False
synthetic_3_1_0,Synthetic,synthetic,composition,Stacked bar,256,soft,0.0034875763518417003,99.65245445643477,4,False
synthetic_3_1_0,Synthetic,synthetic,composition,Bar chart,384,hard,0.0033017212074821505,99.67091442806372,4,False
synthetic_3_1_0,Synthetic,synthetic,composition,Bar chart,384,soft,0.0017063331883859,99.8296573424913,4,False
synthetic_3_1_0,Synthetic,synthetic,composition,Pie chart,384,hard,0.00100958005128095,99.89914381726203,4,False
synthetic_3_1_0,Synthetic,synthetic,composition,Pie chart,384,soft,0.001113756096369,99.88874829762486,4,True
synthetic_3_1_0,Synthetic,synthetic,composition,Donut chart,384,hard,0.0007677996156774384,99.92327894482894,4,True
synthetic_3_1_0,Synthetic,synthetic,composition,Donut chart,384,soft,0.0011788478532524,99.88225401927137,4,False
synthetic_3_1_0,Synthetic,synthetic,composition,Stacked bar,384,hard,0.0025417416083701504,99.74647024628696,4,False
synthetic_3_1_0,Synthetic,synthetic,composition,Stacked bar,384,soft,0.002459677388883075,99.75463577794075,4,False
synthetic_3_1_1,Synthetic,synthetic,composition,Bar chart,256,hard,0.0028393534427406503,99.71686856593799,4,False
synthetic_3_1_1,Synthetic,synthetic,composition,Bar chart,256,soft,0.0043135555972333,99.57049712480797,4,False
synthetic_3_1_1,Synthetic,synthetic,composition,Pie chart,256,hard,0.001428959871489375,99.85730791411576,4,False
synthetic_3_1_1,Synthetic,synthetic,composition,Pie chart,256,soft,0.001311261074371425,99.86904560795965,4,True
synthetic_3_1_1,Synthetic,synthetic,composition,Donut chart,256,hard,0.0008800010889298,99.91207726321113,4,True
synthetic_3_1_1,Synthetic,synthetic,composition,Donut chart,256,soft,0.001837576891172075,99.81657936041147,4,False
synthetic_3_1_1,Synthetic,synthetic,composition,Stacked bar,256,hard,0.0036366990121307497,99.63764786444035,4,False
synthetic_3_1_1,Synthetic,synthetic,composition,Stacked bar,256,soft,0.0044282644603644,99.55912586124371,4,False
synthetic_3_1_1,Synthetic,synthetic,composition,Bar chart,384,hard,0.00187678132852785,99.81267343814085,4,False
synthetic_3_1_1,Synthetic,synthetic,composition,Bar chart,384,soft,0.002261842079406325,99.77432623048747,4,False
synthetic_3_1_1,Synthetic,synthetic,composition,Pie chart,384,hard,0.0010723765906709,99.89287721689784,4,False
synthetic_3_1_1,Synthetic,synthetic,composition,Pie chart,384,soft,0.00099312063124395,99.90078646788126,4,True
synthetic_3_1_1,Synthetic,synthetic,composition,Donut chart,384,hard,0.0006474659453161,99.93529529955842,4,True
synthetic_3_1_1,Synthetic,synthetic,composition,Donut chart,384,soft,0.00112778484123205,99.88734856246039,4,False
synthetic_3_1_1,Synthetic,synthetic,composition,Stacked bar,384,hard,0.002135679409593475,99.78688719966026,4,False
synthetic_3_1_1,Synthetic,synthetic,composition,Stacked bar,384,soft,0.002772350434255575,99.7235314243502,4,False
synthetic_3_1_2,Synthetic,synthetic,composition,Bar chart,256,hard,0.00168696835726785,99.83158727121764,4,False
synthetic_3_1_2,Synthetic,synthetic,composition,Bar chart,256,soft,0.003827627914189175,99.6186966957522,4,False
synthetic_3_1_2,Synthetic,synthetic,composition,Pie chart,256,hard,0.00140446365653665,99.85975060951812,4,False
synthetic_3_1_2,Synthetic,synthetic,composition,Pie chart,256,soft,0.0014621023490902,99.85400322731529,4,True
synthetic_3_1_2,Synthetic,synthetic,composition,Donut chart,256,hard,0.0008354569151376999,99.91652404904671,4,True
synthetic_3_1_2,Synthetic,synthetic,composition,Donut chart,256,soft,0.001817462372617775,99.8185834804363,4,False
synthetic_3_1_2,Synthetic,synthetic,composition,Stacked bar,256,hard,0.00203415120252075,99.79699781688282,4,False
synthetic_3_1_2,Synthetic,synthetic,composition,Stacked bar,256,soft,0.002898253215299875,99.71101223817989,4,False
synthetic_3_1_2,Synthetic,synthetic,composition,Bar chart,384,hard,0.0021946695055568752,99.78101365210418,4,False
synthetic_3_1_2,Synthetic,synthetic,composition,Bar chart,384,soft,0.002190905564986575,99.78138840087045,4,False
synthetic_3_1_2,Synthetic,synthetic,composition,Pie chart,384,hard,0.00113987235972835,99.88614254699078,4,False
synthetic_3_1_2,Synthetic,synthetic,composition,Pie chart,384,soft,0.00112079913353225,99.88804556508043,4,True
synthetic_3_1_2,Synthetic,synthetic,composition,Donut chart,384,hard,0.0007243307821121155,99.9276193493221,4,True
synthetic_3_1_2,Synthetic,synthetic,composition,Donut chart,384,soft,0.0012189143896087,99.87825695538805,4,False
synthetic_3_1_2,Synthetic,synthetic,composition,Stacked bar,384,hard,0.0014593174778592,99.85428090263972,4,False
synthetic_3_1_2,Synthetic,synthetic,composition,Stacked bar,384,soft,0.0020602167584362,99.79440190080584,4,False
synthetic_3_1_3,Synthetic,synthetic,composition,Bar chart,256,hard,0.00012259339838214644,99.98774216289169,4,True
synthetic_3_1_3,Synthetic,synthetic,composition,Bar chart,256,soft,0.0038377891013654246,99.6176883214567,4,False
synthetic_3_1_3,Synthetic,synthetic,composition,Pie chart,256,hard,0.0014077346304942,99.8594244300486,4,False
synthetic_3_1_3,Synthetic,synthetic,composition,Pie chart,256,soft,0.001392365572117375,99.86095704141685,4,True
synthetic_3_1_3,Synthetic,synthetic,composition,Donut chart,256,hard,0.0008900595242763,99.91107319771972,4,False
synthetic_3_1_3,Synthetic,synthetic,composition,Donut chart,256,soft,0.001824560190335075,99.8178762766618,4,False
synthetic_3_1_3,Synthetic,synthetic,composition,Stacked bar,256,hard,0.002724116214843175,99.7283284434081,4,False
synthetic_3_1_3,Synthetic,synthetic,composition,Stacked bar,256,soft,0.0029843298027319998,99.70245499216136,4,False
synthetic_3_1_3,Synthetic,synthetic,composition,Bar chart,384,hard,0.0025674540701403,99.74391208694067,4,False
synthetic_3_1_3,Synthetic,synthetic,composition,Bar chart,384,soft,0.00270897329003985,99.72983454200562,4,False
synthetic_3_1_3,Synthetic,synthetic,composition,Pie chart,384,hard,0.0011098732182316501,99.8891357234682,4,False
synthetic_3_1_3,Synthetic,synthetic,composition,Pie chart,384,soft,0.0010792998182382499,99.89218638139513,4,True
synthetic_3_1_3,Synthetic,synthetic,composition,Donut chart,384,hard,0.000764398868828975,99.92361849905002,4,True
synthetic_3_1_3,Synthetic,synthetic,composition,Donut chart,384,soft,0.0012040515036416998,99.87973964929192,4,False
synthetic_3_1_3,Synthetic,synthetic,composition,Stacked bar,384,hard,0.0012383287665945501,99.8763202794963,4,False
synthetic_3_1_3,Synthetic,synthetic,composition,Stacked bar,384,soft,0.00169519378385265,99.83076750349083,4,False
synthetic_3_5_0,Synthetic,synthetic,composition,Bar chart,256,hard,0.002388287140241225,99.76174031850923,4,False
synthetic_3_5_0,Synthetic,synthetic,composition,Bar chart,256,soft,0.002926298525869525,99.70822397117608,4,False
synthetic_3_5_0,Synthetic,synthetic,composition,Pie chart,256,hard,0.0009866178544694249,99.90143546008794,4,False
synthetic_3_5_0,Synthetic,synthetic,composition,Pie chart,256,soft,0.001424988061402225,99.85770396401226,4,True
synthetic_3_5_0,Synthetic,synthetic,composition,Donut chart,256,hard,0.0007363239085980749,99.92642178653793,4,True
synthetic_3_5_0,Synthetic,synthetic,composition,Donut chart,256,soft,0.0017068963048084249,99.82960122256272,4,False
synthetic_3_5_0,Synthetic,synthetic,composition,Stacked bar,256,hard,0.0030197466330851752,99.698934478287,4,False
synthetic_3_5_0,Synthetic,synthetic,composition,Stacked bar,256,soft,0.003715290245548325,99.62984620423192,4,False
synthetic_3_5_0,Synthetic,synthetic,composition,Bar chart,384,hard,0.003180192366871375,99.6829889195312,4,False
synthetic_3_5_0,Synthetic,synthetic,composition,Bar chart,384,soft,0.0021365970301622,99.78679582838369,4,False
synthetic_3_5_0,Synthetic,synthetic,composition,Pie chart,384,hard,0.0007970391440346999,99.92035956214296,4,False
synthetic_3_5_0,Synthetic,synthetic,composition,Pie chart,384,soft,0.00109757891226735,99.89036244464202,4,True
synthetic_3_5_0,Synthetic,synthetic,composition,Donut chart,384,hard,0.000632916748248125,99.93674835819863,4,True
synthetic_3_5_0,Synthetic,synthetic,composition,Donut chart,384,soft,0.001180912105778475,99.88204808027207,4,False
synthetic_3_5_0,Synthetic,synthetic,composition,Stacked bar,384,hard,0.001575901577650725,99.84265779805921,4,False
synthetic_3_5_0,Synthetic,synthetic,composition,Stacked bar,384,soft,0.002342160972535525,99.76633119270738,4,False
synthetic_3_5_1,Synthetic,synthetic,composition,Bar chart,256,hard,0.0031757349762957998,99.68343183895185,4,False
synthetic_3_5_1,Synthetic,synthetic,composition,Bar chart,256,soft,0.0027750909664179,99.72325888512613,4,False
synthetic_3_5_1,Synthetic,synthetic,composition,Pie chart,256,hard,0.00127146878469885,99.87301457952836,4,False
synthetic_3_5_1,Synthetic,synthetic,composition,Pie chart,256,soft,0.001349371146998275,99.86524472018665,4,True
synthetic_3_5_1,Synthetic,synthetic,composition,Donut chart,256,hard,0.0008635748233967501,99.91371702946137,4,True
synthetic_3_5_1,Synthetic,synthetic,composition,Donut chart,256,soft,0.0015976327642667498,99.84049155948406,4,False
synthetic_3_5_1,Synthetic,synthetic,composition,Stacked bar,256,hard,0.003602026203638175,99.64109018220462,4,False
synthetic_3_5_1,Synthetic,synthetic,composition,Stacked bar,256,soft,0.00282863080878655,99.71793477749979,4,False
synthetic_3_5_1,Synthetic,synthetic,composition,Bar chart,384,hard,0.0032110457475977,99.679923206467,4,False
synthetic_3_5_1,Synthetic,synthetic,composition,Bar chart,384,soft,0.0019326942446734,99.80710338570893,4,False
synthetic_3_5_1,Synthetic,synthetic,composition,Pie chart,384,hard,0.0010496427789956002,99.89514578157365,4,False
synthetic_3_5_1,Synthetic,synthetic,composition,Pie chart,384,soft,0.0010382005215254,99.89628762209229,4,True
synthetic_3_5_1,Synthetic,synthetic,composition,Donut chart,384,hard,0.00083279899417255,99.91678939828816,4,True
synthetic_3_5_1,Synthetic,synthetic,composition,Donut chart,384,soft,0.00109832855176845,99.89028764503509,4,False
synthetic_3_5_1,Synthetic,synthetic,composition,Stacked bar,384,hard,0.00228631436920595,99.77189009403517,4,False
synthetic_3_5_1,Synthetic,synthetic,composition,Stacked bar,384,soft,0.001926973211405275,99.80767328728271,4,False
synthetic_3_5_2,Synthetic,synthetic,composition,Bar chart,256,hard,0.002957955851092,99.70507678474101,4,False
synthetic_3_5_2,Synthetic,synthetic,composition,Bar chart,256,soft,0.0024424518353148,99.75634992005347,4,False
synthetic_3_5_2,Synthetic,synthetic,composition,Pie chart,256,hard,0.001248061277572275,99.87534944377522,4,False
synthetic_3_5_2,Synthetic,synthetic,composition,Pie chart,256,soft,0.001364278699405775,99.8637580021151,4,True
synthetic_3_5_2,Synthetic,synthetic,composition,Donut chart,256,hard,0.0008282215601337749,99.91724638231696,4,True
synthetic_3_5_2,Synthetic,synthetic,composition,Donut chart,256,soft,0.0015650559460379252,99.84373896266183,4,False
synthetic_3_5_2,Synthetic,synthetic,composition,Stacked bar,256,hard,0.003286717029301975,99.67240500910508,4,False
synthetic_3_5_2,Synthetic,synthetic,composition,Stacked bar,256,soft,0.002159338429964575,99.78453142657459,4,False
synthetic_3_5_2,Synthetic,synthetic,composition,Bar chart,384,hard,0.0034079935290185007,99.6603581443444,4,False
synthetic_3_5_2,Synthetic,synthetic,composition,Bar chart,384,soft,0.0017506201044441751,99.82524392106075,4,False
synthetic_3_5_2,Synthetic,synthetic,composition,Pie chart,384,hard,0.00103833136383565,99.89627456498884,4,False
synthetic_3_5_2,Synthetic,synthetic,composition,Pie chart,384,soft,0.0010588382845903,99.8942281668074,4,False
synthetic_3_5_2,Synthetic,synthetic,composition,Donut chart,384,hard,0.00079786422914935,99.92027718506735,4,True
synthetic_3_5_2,Synthetic,synthetic,composition,Donut chart,384,soft,0.001054279185417625,99.89468311485813,4,True
synthetic_3_5_2,Synthetic,synthetic,composition,Stacked bar,384,hard,0.00201395983028565,99.79900880516406,4,False
synthetic_3_5_2,Synthetic,synthetic,composition,Stacked bar,384,soft,0.001968411133747025,99.80354558967386,4,False
synthetic_3_5_3,Synthetic,synthetic,composition,Bar chart,256,hard,0.0042767768871721,99.57414360407414,4,False
synthetic_3_5_3,Synthetic,synthetic,composition,Bar chart,256,soft,0.0012562502382279749,99.87453259463507,4,True
synthetic_3_5_3,Synthetic,synthetic,composition,Pie chart,256,hard,0.0015389927849113,99.84633720743794,4,False
synthetic_3_5_3,Synthetic,synthetic,composition,Pie chart,256,soft,0.0016817740710545,99.83210495442886,4,False
synthetic_3_5_3,Synthetic,synthetic,composition,Donut chart,256,hard,0.001163736175839975,99.88376165318522,4,True
synthetic_3_5_3,Synthetic,synthetic,composition,Donut chart,256,soft,0.001320549116467525,99.86811924336989,4,False
synthetic_3_5_3,Synthetic,synthetic,composition,Stacked bar,256,hard,0.0051529422896104005,99.48734744009478,4,False
synthetic_3_5_3,Synthetic,synthetic,composition,Stacked bar,256,soft,0.00322338834001275,99.67869685082339,4,False
synthetic_3_5_3,Synthetic,synthetic,composition,Bar chart,384,hard,0.0034142608084663495,99.65973567031871,4,False
synthetic_3_5_3,Synthetic,synthetic,composition,Bar chart,384,soft,0.000591754902015425,99.94085950647542,4,True
synthetic_3_5_3,Synthetic,synthetic,composition,Pie chart,384,hard,0.00121400315442565,99.87874688622004,4,False
synthetic_3_5_3,Synthetic,synthetic,composition,Pie chart,384,soft,0.001155113994567,99.88462187542967,4,False
synthetic_3_5_3,Synthetic,synthetic,composition,Donut chart,384,hard,0.001003783423123975,99.89972231476574,4,True
synthetic_3_5_3,Synthetic,synthetic,composition,Donut chart,384,soft,0.001080649425310725,99.8920517117246,4,False
synthetic_3_5_3,Synthetic,synthetic,composition,Stacked bar,384,hard,0.002090825822833375,99.79135366087036,4,False
synthetic_3_5_3,Synthetic,synthetic,composition,Stacked bar,384,soft,0.002244640413370825,99.7760386713123,4,False
synthetic_5_0.3_0,Synthetic,synthetic,composition,Bar chart,256,hard,0.007501747441567525,99.25541097465911,4,False
synthetic_5_0.3_0,Synthetic,synthetic,composition,Bar chart,256,soft,0.02479714727343695,97.58028724617238,4,False
synthetic_5_0.3_0,Synthetic,synthetic,composition,Pie chart,256,hard,0.00392969219906385,99.60856898350559,4,False
synthetic_5_0.3_0,Synthetic,synthetic,composition,Pie chart,256,soft,0.006104300203433249,99.39327361962383,4,True
synthetic_5_0.3_0,Synthetic,synthetic,composition,Donut chart,256,hard,0.0027013308384038746,99.73059466908803,4,True
synthetic_5_0.3_0,Synthetic,synthetic,composition,Donut chart,256,soft,0.009034256065448176,99.10466309630799,4,False
synthetic_5_0.3_0,Synthetic,synthetic,composition,Stacked bar,256,hard,0.008064595781588024,99.19999216167935,4,False
synthetic_5_0.3_0,Synthetic,synthetic,composition,Stacked bar,256,soft,0.0112654445129385,98.88600519536546,4,False
synthetic_5_0.3_0,Synthetic,synthetic,composition,Bar chart,384,hard,0.006726786401643699,99.33181609027339,4,False
synthetic_5_0.3_0,Synthetic,synthetic,composition,Bar chart,384,soft,0.016149701203501753,98.41069665381248,4,False
synthetic_5_0.3_0,Synthetic,synthetic,composition,Pie chart,384,hard,0.00270374579338565,99.7303544736191,4,False
synthetic_5_0.3_0,Synthetic,synthetic,composition,Pie chart,384,soft,0.00410891746328375,99.59078966516259,4,True
synthetic_5_0.3_0,Synthetic,synthetic,composition,Donut chart,384,hard,0.0018744976670895248,99.81290095002375,4,True
synthetic_5_0.3_0,Synthetic,synthetic,composition,Donut chart,384,soft,0.005888664923922825,99.41458084485242,4,False
synthetic_5_0.3_0,Synthetic,synthetic,composition,Stacked bar,384,hard,0.005087243998776225,99.49385050609773,4,False
synthetic_5_0.3_0,Synthetic,synthetic,composition,Stacked bar,384,soft,0.0075915919699882,99.24656060744358,4,False
synthetic_5_0.3_1,Synthetic,synthetic,composition,Bar chart,256,hard,0.007455562176196425,99.25996118775782,4,False
synthetic_5_0.3_1,Synthetic,synthetic,composition,Bar chart,256,soft,0.028145854902655826,97.26246477885954,4,False
synthetic_5_0.3_1,Synthetic,synthetic,composition,Pie chart,256,hard,0.0037215426929289998,99.62922558352746,4,False
synthetic_5_0.3_1,Synthetic,synthetic,composition,Pie chart,256,soft,0.006250199823389975,99.37886225269949,4,True
synthetic_5_0.3_1,Synthetic,synthetic,composition,Donut chart,256,hard,0.002685532489126375,99.73216602792107,4,True
synthetic_5_0.3_1,Synthetic,synthetic,composition,Donut chart,256,soft,0.010999546585169375,98.9120127083813,4,False
synthetic_5_0.3_1,Synthetic,synthetic,composition,Stacked bar,256,hard,0.008946257222189776,99.11330686266479,4,False
synthetic_5_0.3_1,Synthetic,synthetic,composition,Stacked bar,256,soft,0.015058896286372348,98.5164509821582,4,False
synthetic_5_0.3_1,Synthetic,synthetic,composition,Bar chart,384,hard,0.00734141179797365,99.27120917377256,4,False
synthetic_5_0.3_1,Synthetic,synthetic,composition,Bar chart,384,soft,0.018670345931076474,98.167184702524,4,False
synthetic_5_0.3_1,Synthetic,synthetic,composition,Pie chart,384,hard,0.0025828221345214498,99.74238316501149,4,False
synthetic_5_0.3_1,Synthetic,synthetic,composition,Pie chart,384,soft,0.0041871113748373,99.5830347424889,4,True
synthetic_5_0.3_1,Synthetic,synthetic,composition,Donut chart,384,hard,0.0018703819925434749,99.81331098052588,4,True
synthetic_5_0.3_1,Synthetic,synthetic,composition,Donut chart,384,soft,0.007118069906863599,99.29322389106554,4,False
synthetic_5_0.3_1,Synthetic,synthetic,composition,Stacked bar,384,hard,0.0050906344098926755,99.49351488954213,4,False
synthetic_5_0.3_1,Synthetic,synthetic,composition,Stacked bar,384,soft,0.008762783547701375,99.13133358103443,4,False
synthetic_5_0.3_2,Synthetic,synthetic,composition,Bar chart,256,hard,0.0053907724870244,99.46381321228071,4,False
synthetic_5_0.3_2,Synthetic,synthetic,composition,Bar chart,256,soft,0.021902549448893,97.85668902962372,4,False
synthetic_5_0.3_2,Synthetic,synthetic,composition,Pie chart,256,hard,0.0021540965930052,99.78505335653186,4,False
synthetic_5_0.3_2,Synthetic,synthetic,composition,Pie chart,256,soft,0.00592446649427125,99.41104260890299,4,True
synthetic_5_0.3_2,Synthetic,synthetic,composition,Donut chart,256,hard,0.002121729761734375,99.78827624442003,4,True
synthetic_5_0.3_2,Synthetic,synthetic,composition,Donut chart,256,soft,0.010750646071638802,98.93637010142689,4,False
synthetic_5_0.3_2,Synthetic,synthetic,composition,Stacked bar,256,hard,0.004390096871465775,99.56290918387782,4,False
synthetic_5_0.3_2,Synthetic,synthetic,composition,Stacked bar,256,soft,0.011872132533578224,98.82671612826691,4,False
synthetic_5_0.3_2,Synthetic,synthetic,composition,Bar chart,384,hard,0.004717522094458099,99.530462842469,4,False
synthetic_5_0.3_2,Synthetic,synthetic,composition,Bar chart,384,soft,0.01537744762900745,98.48554370939446,4,False
synthetic_5_0.3_2,Synthetic,synthetic,composition,Pie chart,384,hard,0.00146508548111325,99.85370578541841,4,True
synthetic_5_0.3_2,Synthetic,synthetic,composition,Pie chart,384,soft,0.00452593684860475,99.5494454963698,4,True
synthetic_5_0.3_2,Synthetic,synthetic,composition,Donut chart,384,hard,0.001602659132840075,99.83999052735868,4,False
synthetic_5_0.3_2,Synthetic,synthetic,composition,Donut chart,384,soft,0.007767802021191699,99.22920716402999,4,False
synthetic_5_0.3_2,Synthetic,synthetic,composition,Stacked bar,384,hard,0.003323875930581,99.66871356195944,4,False
synthetic_5_0.3_2,Synthetic,synthetic,composition,Stacked bar,384,soft,0.00839361964888355,99.16762467697819,4,False
synthetic_5_0.3_3,Synthetic,synthetic,composition,Bar chart,256,hard,0.012981049740331426,98.71852985367704,4,False
synthetic_5_0.3_3,Synthetic,synthetic,composition,Bar chart,256,soft,0.032549861212960454,96.8476233026923,4,False
synthetic_5_0.3_3,Synthetic,synthetic,composition,Pie chart,256,hard,0.00399043258395275,99.60254276789443,4,True
synthetic_5_0.3_3,Synthetic,synthetic,composition,Pie chart,256,soft,0.006857064973931225,99.31896341472175,4,True
synthetic_5_0.3_3,Synthetic,synthetic,composition,Donut chart,256,hard,0.004273435457634174,99.57447490825177,4,False
synthetic_5_0.3_3,Synthetic,synthetic,composition,Donut chart,256,soft,0.0120418521077355,98.81014287278175,4,False
synthetic_5_0.3_3,Synthetic,synthetic,composition,Stacked bar,256,hard,0.009166946997190725,99.09163225921466,4,False
synthetic_5_0.3_3,Synthetic,synthetic,composition,Stacked bar,256,soft,0.014711758654111524,98.55015392020047,4,False
synthetic_5_0.3_3,Synthetic,synthetic,composition,Bar chart,384,hard,0.009595997586934924,99.04952103515956,4,False
synthetic_5_0.3_3,Synthetic,synthetic,composition,Bar chart,384,soft,0.0211393674511383,97.92982543568915,4,False
synthetic_5_0.3_3,Synthetic,synthetic,composition,Pie chart,384,hard,0.0030242439530997504,99.69848745218951,4,True
synthetic_5_0.3_3,Synthetic,synthetic,composition,Pie chart,384,soft,0.0049050310917463005,99.5118910802529,4,True
synthetic_5_0.3_3,Synthetic,synthetic,composition,Donut chart,384,hard,0.003291079365825825,99.67197163081465,4,False
synthetic_5_0.3_3,Synthetic,synthetic,composition,Donut chart,384,soft,0.008507068366966125,99.15646913801594,4,False
synthetic_5_0.3_3,Synthetic,synthetic,composition,Stacked bar,384,hard,0.0052229977024947,99.48041402609847,4,False
synthetic_5_0.3_3,Synthetic,synthetic,composition,Stacked bar,384,soft,0.008932820577662749,99.11462682197728,4,False
synthetic_5_1_0,Synthetic,synthetic,composition,Bar chart,256,hard,0.011380965703157924,98.87471031301787,4,False
synthetic_5_1_0,Synthetic,synthetic,composition,Bar chart,256,soft,0.0311008259334195,96.98372601871742,4,False
synthetic_5_1_0,Synthetic,synthetic,composition,Pie chart,256,hard,0.004486945330852351,99.55330974168366,4,False
synthetic_5_1_0,Synthetic,synthetic,composition,Pie chart,256,soft,0.007948713504873325,99.21139702860141,4,True
synthetic_5_1_0,Synthetic,synthetic,composition,Donut chart,256,hard,0.004245980086276675,99.57719720362616,4,True
synthetic_5_1_0,Synthetic,synthetic,composition,Donut chart,256,soft,0.012373795273768626,98.77774441302854,4,False
synthetic_5_1_0,Synthetic,synthetic,composition,Stacked bar,256,hard,0.0104041910655921,98.97029414984713,4,False
synthetic_5_1_0,Synthetic,synthetic,composition,Stacked bar,256,soft,0.017106818683433476,98.31809025667756,4,False
synthetic_5_1_0,Synthetic,synthetic,composition,Bar chart,384,hard,0.009162998571945974,99.09201996259154,4,False
synthetic_5_1_0,Synthetic,synthetic,composition,Bar chart,384,soft,0.0204601997121936,97.99500267448313,4,False
synthetic_5_1_0,Synthetic,synthetic,composition,Pie chart,384,hard,0.00313222037788315,99.6877559792962,4,False
synthetic_5_1_0,Synthetic,synthetic,composition,Pie chart,384,soft,0.0053742450868383,99.46544830314664,4,True
synthetic_5_1_0,Synthetic,synthetic,composition,Donut chart,384,hard,0.0028019210936362747,99.72059077324258,4,True
synthetic_5_1_0,Synthetic,synthetic,composition,Donut chart,384,soft,0.008030154800728726,99.20338148988051,4,False
synthetic_5_1_0,Synthetic,synthetic,composition,Stacked bar,384,hard,0.005609347117749375,99.44219421450022,4,False
synthetic_5_1_0,Synthetic,synthetic,composition,Stacked bar,384,soft,0.010191763328474726,98.99110607525705,4,False
synthetic_5_1_1,Synthetic,synthetic,composition,Bar chart,256,hard,0.011025894173405775,98.9094350365358,4,False
synthetic_5_1_1,Synthetic,synthetic,composition,Bar chart,256,soft,0.03280625155036075,96.82358123790259,4,False
synthetic_5_1_1,Synthetic,synthetic,composition,Pie chart,256,hard,0.004583490604549525,99.54374219291708,4,False
synthetic_5_1_1,Synthetic,synthetic,composition,Pie chart,256,soft,0.007748089410545776,99.23114819150113,4,True
synthetic_5_1_1,Synthetic,synthetic,composition,Donut chart,256,hard,0.004115173605877501,99.59016916444958,4,True
synthetic_5_1_1,Synthetic,synthetic,composition,Donut chart,256,soft,0.0126516901522913,98.75063753160886,4,False
synthetic_5_1_1,Synthetic,synthetic,composition,Stacked bar,256,hard,0.010354423324568776,98.9751691994877,4,False
synthetic_5_1_1,Synthetic,synthetic,composition,Stacked bar,256,soft,0.0178322301877022,98.24801871479214,4,False
synthetic_5_1_1,Synthetic,synthetic,composition,Bar chart,384,hard,0.00900646630391945,99.10739260800666,4,False
synthetic_5_1_1,Synthetic,synthetic,composition,Bar chart,384,soft,0.02172684644067117,97.87351712286315,4,False
synthetic_5_1_1,Synthetic,synthetic,composition,Pie chart,384,hard,0.0031758120480089498,99.68342418050078,4,False
synthetic_5_1_1,Synthetic,synthetic,composition,Pie chart,384,soft,0.0052141388991886,99.48129073225147,4,True
synthetic_5_1_1,Synthetic,synthetic,composition,Donut chart,384,hard,0.002805078533600325,99.72027679220551,4,True
synthetic_5_1_1,Synthetic,synthetic,composition,Donut chart,384,soft,0.008150420809175926,99.19154715001417,4,False
synthetic_5_1_1,Synthetic,synthetic,composition,Stacked bar,384,hard,0.005813282343194,99.42203165883323,4,False
synthetic_5_1_1,Synthetic,synthetic,composition,Stacked bar,384,soft,0.0106645603075168,98.9447972426903,4,False
synthetic_5_1_2,Synthetic,synthetic,composition,Bar chart,256,hard,0.01217206507525695,98.7974312377064,4,False
synthetic_5_1_2,Synthetic,synthetic,composition,Bar chart,256,soft,0.027623910752861424,97.31186570652841,4,False
synthetic_5_1_2,Synthetic,synthetic,composition,Pie chart,256,hard,0.00445123525895185,99.55684904326846,4,False
synthetic_5_1_2,Synthetic,synthetic,composition,Pie chart,256,soft,0.0071193765771273496,99.2930950647257,4,True
synthetic_5_1_2,Synthetic,synthetic,composition,Donut chart,256,hard,0.004234774910929625,99.57830827842969,4,True
synthetic_5_1_2,Synthetic,synthetic,composition,Donut chart,256,soft,0.010594296005098374,98.9516766473967,4,False
synthetic_5_1_2,Synthetic,synthetic,composition,Stacked bar,256,hard,0.010495940881895774,98.96130796203539,4,False
synthetic_5_1_2,Synthetic,synthetic,composition,Stacked bar,256,soft,0.015404347028248225,98.48293469755849,4,False
synthetic_5_1_2,Synthetic,synthetic,composition,Bar chart,384,hard,0.00854474588237065,99.1527648210695,4,False
synthetic_5_1_2,Synthetic,synthetic,composition,Bar chart,384,soft,0.01796583227307905,98.23512423467474,4,False
synthetic_5_1_2,Synthetic,synthetic,composition,Pie chart,384,hard,0.0030869392773822,99.69225605912025,4,False
synthetic_5_1_2,Synthetic,synthetic,composition,Pie chart,384,soft,0.0047934714420538,99.52293963104931,4,True
synthetic_5_1_2,Synthetic,synthetic,composition,Donut chart,384,hard,0.00285743569384025,99.71507059805931,4,True
synthetic_5_1_2,Synthetic,synthetic,composition,Donut chart,384,soft,0.0069178707755024,99.3129657367016,4,False
synthetic_5_1_2,Synthetic,synthetic,composition,Stacked bar,384,hard,0.0064501022022005,99.35912349871224,4,False
synthetic_5_1_2,Synthetic,synthetic,composition,Stacked bar,384,soft,0.009928554391174951,99.01690527037725,4,False
synthetic_5_1_3,Synthetic,synthetic,composition,Bar chart,256,hard,0.009035604351461324,99.10453067141583,4,False
synthetic_5_1_3,Synthetic,synthetic,composition,Bar chart,256,soft,0.0239877956797079,97.65741390855297,4,False
synthetic_5_1_3,Synthetic,synthetic,composition,Pie chart,256,hard,0.00414905791257935,99.58680856393926,4,False
synthetic_5_1_3,Synthetic,synthetic,composition,Pie chart,256,soft,0.0057537304393818,99.42791855846579,4,True
synthetic_5_1_3,Synthetic,synthetic,composition,Donut chart,256,hard,0.0032975237357370252,99.67133141887375,4,True
synthetic_5_1_3,Synthetic,synthetic,composition,Donut chart,256,soft,0.008599883394097976,99.14734439933129,4,False
synthetic_5_1_3,Synthetic,synthetic,composition,Stacked bar,256,hard,0.008043769696490049,99.20204162375687,4,False
synthetic_5_1_3,Synthetic,synthetic,composition,Stacked bar,256,soft,0.011614562998346751,98.85187862816821,4,False
synthetic_5_1_3,Synthetic,synthetic,composition,Bar chart,384,hard,0.006939198012500325,99.31086226197202,4,False
synthetic_5_1_3,Synthetic,synthetic,composition,Bar chart,384,soft,0.0160327985196475,98.42201959001646,4,False
synthetic_5_1_3,Synthetic,synthetic,composition,Pie chart,384,hard,0.00286659835023905,99.71415955472496,4,False
synthetic_5_1_3,Synthetic,synthetic,composition,Pie chart,384,soft,0.00382779593969985,99.61868002109698,4,True
synthetic_5_1_3,Synthetic,synthetic,composition,Donut chart,384,hard,0.0022671089994451754,99.77380191576789,4,True
synthetic_5_1_3,Synthetic,synthetic,composition,Donut chart,384,soft,0.0055506500087024995,99.44799896368676,4,False
synthetic_5_1_3,Synthetic,synthetic,composition,Stacked bar,384,hard,0.005114058023179475,99.49119624958409,4,False
synthetic_5_1_3,Synthetic,synthetic,composition,Stacked bar,384,soft,0.00744511904427805,99.26099011216203,4,False
synthetic_5_5_0,Synthetic,synthetic,composition,Bar chart,256,hard,0.009574483673388975,99.05163176880703,4,False
synthetic_5_5_0,Synthetic,synthetic,composition,Bar chart,256,soft,0.024101486158401474,97.64657248484126,4,False
synthetic_5_5_0,Synthetic,synthetic,composition,Pie chart,256,hard,0.004296280666693475,99.57220983992478,4,False
synthetic_5_5_0,Synthetic,synthetic,composition,Pie chart,256,soft,0.006444818374444925,99.35964513336614,4,True
synthetic_5_5_0,Synthetic,synthetic,composition,Donut chart,256,hard,0.003741020240975625,99.62729228301565,4,True
synthetic_5_5_0,Synthetic,synthetic,composition,Donut chart,256,soft,0.0091573678395155,99.09257286015556,4,False
synthetic_5_5_0,Synthetic,synthetic,composition,Stacked bar,256,hard,0.009379084261050824,99.07080655748706,4,False
synthetic_5_5_0,Synthetic,synthetic,composition,Stacked bar,256,soft,0.0141201362784283,98.60764659202552,4,False
synthetic_5_5_0,Synthetic,synthetic,composition,Bar chart,384,hard,0.007863833216597525,99.21975241521466,4,False
synthetic_5_5_0,Synthetic,synthetic,composition,Bar chart,384,soft,0.015881790819551003,98.4366497201669,4,False
synthetic_5_5_0,Synthetic,synthetic,composition,Pie chart,384,hard,0.00295026241219335,99.70584160324185,4,False
synthetic_5_5_0,Synthetic,synthetic,composition,Pie chart,384,soft,0.00428280972232155,99.57354545145448,4,True
synthetic_5_5_0,Synthetic,synthetic,composition,Donut chart,384,hard,0.00258628183998095,99.74203897591393,4,True
synthetic_5_5_0,Synthetic,synthetic,composition,Donut chart,384,soft,0.0059226132435105,99.41122575777341,4,False
synthetic_5_5_0,Synthetic,synthetic,composition,Stacked bar,384,hard,0.005509309124162,99.45208770578556,4,False
synthetic_5_5_0,Synthetic,synthetic,composition,Stacked bar,384,soft,0.00810475408399945,99.1960404857565,4,False
synthetic_5_5_1,Synthetic,synthetic,composition,Bar chart,256,hard,0.00962422123232095,99.04675214501353,4,False
synthetic_5_5_1,Synthetic,synthetic,composition,Bar chart,256,soft,0.02545802502507535,97.51739960058796,4,False
synthetic_5_5_1,Synthetic,synthetic,composition,Pie chart,256,hard,0.004329985329308199,99.56886826117331,4,False
synthetic_5_5_1,Synthetic,synthetic,composition,Pie chart,256,soft,0.006930445168171951,99.31172553164637,4,True
synthetic_5_5_1,Synthetic,synthetic,composition,Donut chart,256,hard,0.0034818026249960254,99.65302782612619,4,True
synthetic_5_5_1,Synthetic,synthetic,composition,Donut chart,256,soft,0.009951760909088624,99.01463007499181,4,False
synthetic_5_5_1,Synthetic,synthetic,composition,Stacked bar,256,hard,0.008149279963623501,99.19165939751328,4,False
synthetic_5_5_1,Synthetic,synthetic,composition,Stacked bar,256,soft,0.013552114395795324,98.66290897100303,4,False
synthetic_5_5_1,Synthetic,synthetic,composition,Bar chart,384,hard,0.007334014244925375,99.2719381911845,4,False
synthetic_5_5_1,Synthetic,synthetic,composition,Bar chart,384,soft,0.016870761400410723,98.34091390560029,4,False
synthetic_5_5_1,Synthetic,synthetic,composition,Pie chart,384,hard,0.00297990727397325,99.70289461908838,4,False
synthetic_5_5_1,Synthetic,synthetic,composition,Pie chart,384,soft,0.004796185666801201,99.52267079282169,4,True
synthetic_5_5_1,Synthetic,synthetic,composition,Donut chart,384,hard,0.0024746623058178752,99.75314465304032,4,True
synthetic_5_5_1,Synthetic,synthetic,composition,Donut chart,384,soft,0.006586628192335125,99.34564715963259,4,False
synthetic_5_5_1,Synthetic,synthetic,composition,Stacked bar,384,hard,0.005157782149892275,99.48686840598693,4,False
synthetic_5_5_1,Synthetic,synthetic,composition,Stacked bar,384,soft,0.008817650458384575,99.12594209128102,4,False
synthetic_5_5_2,Synthetic,synthetic,composition,Bar chart,256,hard,0.0080226841178525,99.20411670845746,4,False
synthetic_5_5_2,Synthetic,synthetic,composition,Bar chart,256,soft,0.025392249011995775,97.52365506600404,4,False
synthetic_5_5_2,Synthetic,synthetic,composition,Pie chart,256,hard,0.00384605255336425,99.61686828935755,4,False
synthetic_5_5_2,Synthetic,synthetic,composition,Pie chart,256,soft,0.006094238937725175,99.39426758430108,4,True
synthetic_5_5_2,Synthetic,synthetic,composition,Donut chart,256,hard,0.0029488609260801745,99.70598092874273,4,True
synthetic_5_5_2,Synthetic,synthetic,composition,Donut chart,256,soft,0.010309420512328374,98.97957790920127,4,False
synthetic_5_5_2,Synthetic,synthetic,composition,Stacked bar,256,hard,0.0078009839761339,99.22594003179513,4,False
synthetic_5_5_2,Synthetic,synthetic,composition,Stacked bar,256,soft,0.013360934108037424,98.68152267782084,4,False
synthetic_5_5_2,Synthetic,synthetic,composition,Bar chart,384,hard,0.00709662538353135,99.29533818258712,4,False
synthetic_5_5_2,Synthetic,synthetic,composition,Bar chart,384,soft,0.0169519579484835,98.33306206689635,4,False
synthetic_5_5_2,Synthetic,synthetic,composition,Pie chart,384,hard,0.0027258233464827,99.72815865683148,4,False
synthetic_5_5_2,Synthetic,synthetic,composition,Pie chart,384,soft,0.0041349863887754,99.58820413143394,4,True
synthetic_5_5_2,Synthetic,synthetic,composition,Donut chart,384,hard,0.002141677548117,99.78628994321872,4,True
synthetic_5_5_2,Synthetic,synthetic,composition,Donut chart,384,soft,0.006756597836145875,99.32887473986581,4,False
synthetic_5_5_2,Synthetic,synthetic,composition,Stacked bar,384,hard,0.00531619297303855,99.47119194834444,4,False
synthetic_5_5_2,Synthetic,synthetic,composition,Stacked bar,384,soft,0.00880635209290555,99.12705227572808,4,False
synthetic_5_5_3,Synthetic,synthetic,composition,Bar chart,256,hard,0.008638490491943925,99.14354939124615,4,False
synthetic_5_5_3,Synthetic,synthetic,composition,Bar chart,256,soft,0.02544130609676695,97.51898953694322,4,False
synthetic_5_5_3,Synthetic,synthetic,composition,Pie chart,256,hard,0.0042470980677326246,99.5770863489768,4,False
synthetic_5_5_3,Synthetic,synthetic,composition,Pie chart,256,soft,0.0066133131894924,99.34301353828336,4,True
synthetic_5_5_3,Synthetic,synthetic,composition,Donut chart,256,hard,0.003524251933252375,99.64881247997116,4,True
synthetic_5_5_3,Synthetic,synthetic,composition,Donut chart,256,soft,0.009657542794111875,99.04348332134619,4,False
synthetic_5_5_3,Synthetic,synthetic,composition,Stacked bar,256,hard,0.008671870147791775,99.1402684654504,4,False
synthetic_5_5_3,Synthetic,synthetic,composition,Stacked bar,256,soft,0.013912950959732627,98.62779630671812,4,False
synthetic_5_5_3,Synthetic,synthetic,composition,Bar chart,384,hard,0.007780623968404925,99.22794467532363,4,False
synthetic_5_5_3,Synthetic,synthetic,composition,Bar chart,384,soft,0.017303991242656625,98.29903437009821,4,False
synthetic_5_5_3,Synthetic,synthetic,composition,Pie chart,384,hard,0.0028949507974309003,99.71134057508924,4,False
synthetic_5_5_3,Synthetic,synthetic,composition,Pie chart,384,soft,0.0044109556750779495,99.56084154098923,4,True
synthetic_5_5_3,Synthetic,synthetic,composition,Donut chart,384,hard,0.0023720235112423497,99.76335896696983,4,True
synthetic_5_5_3,Synthetic,synthetic,composition,Donut chart,384,soft,0.006194369240764075,99.38437647534859,4,False
synthetic_5_5_3,Synthetic,synthetic,composition,Stacked bar,384,hard,0.0057754000985319,99.42577636140572,4,False
synthetic_5_5_3,Synthetic,synthetic,composition,Stacked bar,384,soft,0.008473808682724975,99.15973933980561,4,False
synthetic_8_0.3_0,Synthetic,synthetic,composition,Bar chart,256,hard,0.018450599440694073,98.1883657930167,4,False
synthetic_8_0.3_0,Synthetic,synthetic,composition,Bar chart,256,soft,0.0390059552040871,96.24583911105444,4,False
synthetic_8_0.3_0,Synthetic,synthetic,composition,Pie chart,256,hard,0.0038319063024711752,99.61827211524032,4,True
synthetic_8_0.3_0,Synthetic,synthetic,composition,Pie chart,256,soft,0.005777935521104875,99.42552572321928,4,True
synthetic_8_0.3_0,Synthetic,synthetic,composition,Donut chart,256,hard,0.004592813247638326,99.54281842483118,4,False
synthetic_8_0.3_0,Synthetic,synthetic,composition,Donut chart,256,soft,0.009328492299452849,99.07577241991845,4,False
synthetic_8_0.3_0,Synthetic,synthetic,composition,Stacked bar,256,hard,0.01036320013015275,98.97430942369854,4,False
synthetic_8_0.3_0,Synthetic,synthetic,composition,Stacked bar,256,soft,0.011807404666479126,98.83303832211317,4,False
synthetic_8_0.3_0,Synthetic,synthetic,composition,Bar chart,384,hard,0.015643261537878574,98.45976809670438,4,False
synthetic_8_0.3_0,Synthetic,synthetic,composition,Bar chart,384,soft,0.026641249076972875,97.40500889663986,4,False
synthetic_8_0.3_0,Synthetic,synthetic,composition,Pie chart,384,hard,0.00234191240789555,99.76635593314963,4,True
synthetic_8_0.3_0,Synthetic,synthetic,composition,Pie chart,384,soft,0.00361530452297915,99.63977188204622,4,True
synthetic_8_0.3_0,Synthetic,synthetic,composition,Donut chart,384,hard,0.00281848640842365,99.7189435130461,4,False
synthetic_8_0.3_0,Synthetic,synthetic,composition,Donut chart,384,soft,0.005899335570114024,99.41352624845204,4,False
synthetic_8_0.3_0,Synthetic,synthetic,composition,Stacked bar,384,hard,0.0064397213700373,99.36014832947261,4,False
synthetic_8_0.3_0,Synthetic,synthetic,composition,Stacked bar,384,soft,0.008876874065135924,99.12012314948129,4,False
synthetic_8_0.3_1,Synthetic,synthetic,composition,Bar chart,256,hard,0.02586574312982025,97.47864247314602,4,False
synthetic_8_0.3_1,Synthetic,synthetic,composition,Bar chart,256,soft,0.050664677235613124,95.17784519330029,4,False
synthetic_8_0.3_1,Synthetic,synthetic,composition,Pie chart,256,hard,0.00506282350707845,99.49626795572718,4,True
synthetic_8_0.3_1,Synthetic,synthetic,composition,Pie chart,256,soft,0.0077305916484188,99.23287119469369,4,True
synthetic_8_0.3_1,Synthetic,synthetic,composition,Donut chart,256,hard,0.00740633913215375,99.26481114477262,4,False
synthetic_8_0.3_1,Synthetic,synthetic,composition,Donut chart,256,soft,0.01282214532255025,98.73401807200149,4,False
synthetic_8_0.3_1,Synthetic,synthetic,composition,Stacked bar,256,hard,0.0089799617945109,99.10999602226592,4,False
synthetic_8_0.3_1,Synthetic,synthetic,composition,Stacked bar,256,soft,0.014651422054123375,98.55601423940627,4,False
synthetic_8_0.3_1,Synthetic,synthetic,composition,Bar chart,384,hard,0.0186166529378097,98.17235925957846,4,False
synthetic_8_0.3_1,Synthetic,synthetic,composition,Bar chart,384,soft,0.0348383889074571,96.63344641241633,4,False
synthetic_8_0.3_1,Synthetic,synthetic,composition,Pie chart,384,hard,0.0029310422753753996,99.70775236264242,4,True
synthetic_8_0.3_1,Synthetic,synthetic,composition,Pie chart,384,soft,0.0046423467574993,99.53791050392387,4,True
synthetic_8_0.3_1,Synthetic,synthetic,composition,Donut chart,384,hard,0.004377180951129575,99.56418952619131,4,False
synthetic_8_0.3_1,Synthetic,synthetic,composition,Donut chart,384,soft,0.007860564557564825,99.22007420133403,4,False
synthetic_8_0.3_1,Synthetic,synthetic,composition,Stacked bar,384,hard,0.00929518481597065,99.07904199328313,4,False
synthetic_8_0.3_1,Synthetic,synthetic,composition,Stacked bar,384,soft,0.011104828641463949,98.90171342012238,4,False
synthetic_8_0.3_2,Synthetic,synthetic,composition,Bar chart,256,hard,0.03980755717183422,96.17164186802927,4,False
synthetic_8_0.3_2,Synthetic,synthetic,composition,Bar chart,256,soft,0.07046652295071586,93.41721376241861,4,False
synthetic_8_0.3_2,Synthetic,synthetic,composition,Pie chart,256,hard,0.00545810176427375,99.45715273916471,4,True
synthetic_8_0.3_2,Synthetic,synthetic,composition,Pie chart,256,soft,0.008573977441460726,99.14989107063705,4,True
synthetic_8_0.3_2,Synthetic,synthetic,composition,Donut chart,256,hard,0.010728149783308676,98.93857217832424,4,False
synthetic_8_0.3_2,Synthetic,synthetic,composition,Donut chart,256,soft,0.01782674644258155,98.2485480456386,4,False
synthetic_8_0.3_2,Synthetic,synthetic,composition,Stacked bar,256,hard,0.012369594784757751,98.77815425823928,4,False
synthetic_8_0.3_2,Synthetic,synthetic,composition,Stacked bar,256,soft,0.017865281074357198,98.24482852431116,4,False
synthetic_8_0.3_2,Synthetic,synthetic,composition,Bar chart,384,hard,0.03036132700138505,97.05333204908378,4,False
synthetic_8_0.3_2,Synthetic,synthetic,composition,Bar chart,384,soft,0.04731183306308818,95.48254573571326,4,False
synthetic_8_0.3_2,Synthetic,synthetic,composition,Pie chart,384,hard,0.00325671485257905,99.67538569098363,4,True
synthetic_8_0.3_2,Synthetic,synthetic,composition,Pie chart,384,soft,0.00529041594276335,99.47374252665067,4,True
synthetic_8_0.3_2,Synthetic,synthetic,composition,Donut chart,384,hard,0.0064621840981055004,99.35793075982322,4,False
synthetic_8_0.3_2,Synthetic,synthetic,composition,Donut chart,384,soft,0.011160764958104774,98.89624228462156,4,False
synthetic_8_0.3_2,Synthetic,synthetic,composition,Stacked bar,384,hard,0.0105170189860763,98.95924375458527,4,False
synthetic_8_0.3_2,Synthetic,synthetic,composition,Stacked bar,384,soft,0.01391473665645365,98.62762260440758,4,False
synthetic_8_0.3_3,Synthetic,synthetic,composition,Bar chart,256,hard,0.030200959184529527,97.06844000529415,4,False
synthetic_8_0.3_3,Synthetic,synthetic,composition,Bar chart,256,soft,0.05810299726174148,94.50875789860666,4,False
synthetic_8_0.3_3,Synthetic,synthetic,composition,Pie chart,256,hard,0.005089120084548499,99.49366479222059,4,True
synthetic_8_0.3_3,Synthetic,synthetic,composition,Pie chart,256,soft,0.00695975281523185,99.30883505564408,4,True
synthetic_8_0.3_3,Synthetic,synthetic,composition,Donut chart,256,hard,0.007198486214506725,99.28529616425837,4,False
synthetic_8_0.3_3,Synthetic,synthetic,composition,Donut chart,256,soft,0.013645412351536126,98.65382783907832,4,False
synthetic_8_0.3_3,Synthetic,synthetic,composition,Stacked bar,256,hard,0.011814064011475126,98.83238784360866,4,False
synthetic_8_0.3_3,Synthetic,synthetic,composition,Stacked bar,256,soft,0.01580287559732075,98.44429702091283,4,False
synthetic_8_0.3_3,Synthetic,synthetic,composition,Bar chart,384,hard,0.02209792899310605,97.8379831945384,4,False
synthetic_8_0.3_3,Synthetic,synthetic,composition,Bar chart,384,soft,0.03814360938164607,96.32578681437285,4,False
synthetic_8_0.3_3,Synthetic,synthetic,composition,Pie chart,384,hard,0.00292490723066145,99.70836229018005,4,True
synthetic_8_0.3_3,Synthetic,synthetic,composition,Pie chart,384,soft,0.00426999581808675,99.57481595229693,4,True
synthetic_8_0.3_3,Synthetic,synthetic,composition,Donut chart,384,hard,0.0042646189831956,99.57534907607186,4,False
synthetic_8_0.3_3,Synthetic,synthetic,composition,Donut chart,384,soft,0.008589438370821075,99.14837117621461,4,False
synthetic_8_0.3_3,Synthetic,synthetic,composition,Stacked bar,384,hard,0.008783711899321025,99.12927699013069,4,False
synthetic_8_0.3_3,Synthetic,synthetic,composition,Stacked bar,384,soft,0.011785856172802124,98.8351432172235,4,False
synthetic_8_1_0,Synthetic,synthetic,composition,Bar chart,256,hard,0.0217545949733686,97.87085910057144,4,False
synthetic_8_1_0,Synthetic,synthetic,composition,Bar chart,256,soft,0.03368987886011647,96.7408137054348,4,False
synthetic_8_1_0,Synthetic,synthetic,composition,Pie chart,256,hard,0.0034603861453651,99.65515468341928,4,True
synthetic_8_1_0,Synthetic,synthetic,composition,Pie chart,256,soft,0.0047758547398161,99.52468456349872,4,True
synthetic_8_1_0,Synthetic,synthetic,composition,Donut chart,256,hard,0.004228738876249025,99.57890680553706,4,False
synthetic_8_1_0,Synthetic,synthetic,composition,Donut chart,256,soft,0.0070462968950257,99.30030060020565,4,False
synthetic_8_1_0,Synthetic,synthetic,composition,Stacked bar,256,hard,0.0100654486242481,99.00348550304757,4,False
synthetic_8_1_0,Synthetic,synthetic,composition,Stacked bar,256,soft,0.0114208976793951,98.87080663395436,4,False
synthetic_8_1_0,Synthetic,synthetic,composition,Bar chart,384,hard,0.015769655843636425,98.44751654541805,4,False
synthetic_8_1_0,Synthetic,synthetic,composition,Bar chart,384,soft,0.02337936990681115,97.71547379258386,4,False
synthetic_8_1_0,Synthetic,synthetic,composition,Pie chart,384,hard,0.00201992823033805,99.79841436548018,4,True
synthetic_8_1_0,Synthetic,synthetic,composition,Pie chart,384,soft,0.0028369078351665,99.71711174439217,4,True
synthetic_8_1_0,Synthetic,synthetic,composition,Donut chart,384,hard,0.00263549516598745,99.73714324111863,4,False
synthetic_8_1_0,Synthetic,synthetic,composition,Donut chart,384,soft,0.004330543795213575,99.56881289512026,4,False
synthetic_8_1_0,Synthetic,synthetic,composition,Stacked bar,384,hard,0.008178159717282675,99.18881800419322,4,False
synthetic_8_1_0,Synthetic,synthetic,composition,Stacked bar,384,soft,0.009424163101262501,99.0663822557696,4,False
synthetic_8_1_1,Synthetic,synthetic,composition,Bar chart,256,hard,0.026338934478630796,97.43370015559131,4,False
synthetic_8_1_1,Synthetic,synthetic,composition,Bar chart,256,soft,0.04614919979356483,95.58865983908687,4,False
synthetic_8_1_1,Synthetic,synthetic,composition,Pie chart,256,hard,0.004299268299907051,99.5719136281773,4,True
synthetic_8_1_1,Synthetic,synthetic,composition,Pie chart,256,soft,0.006072203214096524,99.3964445896927,4,True
synthetic_8_1_1,Synthetic,synthetic,composition,Donut chart,256,hard,0.006371735683719351,99.36686062835514,4,False
synthetic_8_1_1,Synthetic,synthetic,composition,Donut chart,256,soft,0.010946430766954025,98.91720961330765,4,False
synthetic_8_1_1,Synthetic,synthetic,composition,Stacked bar,256,hard,0.01087838804077625,98.92386777979692,4,False
synthetic_8_1_1,Synthetic,synthetic,composition,Stacked bar,256,soft,0.01427624805784815,98.59246944950307,4,False
synthetic_8_1_1,Synthetic,synthetic,composition,Bar chart,384,hard,0.018177632554339573,98.21468946349403,4,False
synthetic_8_1_1,Synthetic,synthetic,composition,Bar chart,384,soft,0.0308544919653598,97.00690134196005,4,False
synthetic_8_1_1,Synthetic,synthetic,composition,Pie chart,384,hard,0.0024738418115856,99.7532262979436,4,True
synthetic_8_1_1,Synthetic,synthetic,composition,Pie chart,384,soft,0.00364879410170825,99.63644711943543,4,True
synthetic_8_1_1,Synthetic,synthetic,composition,Donut chart,384,hard,0.003793958039403625,99.62203816739306,4,False
synthetic_8_1_1,Synthetic,synthetic,composition,Donut chart,384,soft,0.0067954506376001,99.3250415828462,4,False
synthetic_8_1_1,Synthetic,synthetic,composition,Stacked bar,384,hard,0.008544294182476275,99.15280922892909,4,False
synthetic_8_1_1,Synthetic,synthetic,composition,Stacked bar,384,soft,0.010089809451895825,99.00109778779267,4,False
synthetic_8_1_2,Synthetic,synthetic,composition,Bar chart,256,hard,0.02379647742832565,97.6756632833803,4,False
synthetic_8_1_2,Synthetic,synthetic,composition,Bar chart,256,soft,0.04595609742259633,95.60630723069166,4,False
synthetic_8_1_2,Synthetic,synthetic,composition,Pie chart,256,hard,0.002335480942397,99.76699608197036,4,True
synthetic_8_1_2,Synthetic,synthetic,composition,Pie chart,256,soft,0.0048974499137611,99.51264182089612,4,True
synthetic_8_1_2,Synthetic,synthetic,composition,Donut chart,256,hard,0.0039192662958774,99.60960343849779,4,False
synthetic_8_1_2,Synthetic,synthetic,composition,Donut chart,256,soft,0.010029805076407074,99.0069792964527,4,False
synthetic_8_1_2,Synthetic,synthetic,composition,Stacked bar,256,hard,0.00928344139508275,99.08019481799376,4,False
synthetic_8_1_2,Synthetic,synthetic,composition,Stacked bar,256,soft,0.013136158714536949,98.70341625836315,4,False
synthetic_8_1_2,Synthetic,synthetic,composition,Bar chart,384,hard,0.01651653103588105,98.37518323297213,4,False
synthetic_8_1_2,Synthetic,synthetic,composition,Bar chart,384,soft,0.03045508673741905,97.04450129565136,4,False
synthetic_8_1_2,Synthetic,synthetic,composition,Pie chart,384,hard,0.0014108693529021,99.85911183949764,4,True
synthetic_8_1_2,Synthetic,synthetic,composition,Pie chart,384,soft,0.0029466897787290497,99.70619676910452,4,True
synthetic_8_1_2,Synthetic,synthetic,composition,Donut chart,384,hard,0.002339994804994075,99.76654679877866,4,False
synthetic_8_1_2,Synthetic,synthetic,composition,Donut chart,384,soft,0.0064175780363902,99.36233446469491,4,False
synthetic_8_1_2,Synthetic,synthetic,composition,Stacked bar,384,hard,0.00738587934787425,99.2668271911201,4,False
synthetic_8_1_2,Synthetic,synthetic,composition,Stacked bar,384,soft,0.00981691955808545,99.02785154734964,4,False
synthetic_8_1_3,Synthetic,synthetic,composition,Bar chart,256,hard,0.03690935798020758,96.4404450884595,4,False
synthetic_8_1_3,Synthetic,synthetic,composition,Bar chart,256,soft,0.06145702737508962,94.2101257243481,4,False
synthetic_8_1_3,Synthetic,synthetic,composition,Pie chart,256,hard,0.006763143253532075,99.32822895843448,4,True
synthetic_8_1_3,Synthetic,synthetic,composition,Pie chart,256,soft,0.009466220087921823,99.06225489277914,4,True
synthetic_8_1_3,Synthetic,synthetic,composition,Donut chart,256,hard,0.010849293915893326,98.92671499290813,4,False
synthetic_8_1_3,Synthetic,synthetic,composition,Donut chart,256,soft,0.016634620693083524,98.3637562252461,4,False
synthetic_8_1_3,Synthetic,synthetic,composition,Stacked bar,256,hard,0.016119657814228625,98.41360634151064,4,False
synthetic_8_1_3,Synthetic,synthetic,composition,Stacked bar,256,soft,0.020975592195617752,97.94553441277576,4,False
synthetic_8_1_3,Synthetic,synthetic,composition,Bar chart,384,hard,0.025676280318862,97.49664871738287,4,False
synthetic_8_1_3,Synthetic,synthetic,composition,Bar chart,384,soft,0.04102140983406425,96.05950372907289,4,False
synthetic_8_1_3,Synthetic,synthetic,composition,Pie chart,384,hard,0.00384633482522975,99.61684027805914,4,True
synthetic_8_1_3,Synthetic,synthetic,composition,Pie chart,384,soft,0.0056709686215332,99.43610099142998,4,True
synthetic_8_1_3,Synthetic,synthetic,composition,Donut chart,384,hard,0.006279737902160075,99.37594511092396,4,False
synthetic_8_1_3,Synthetic,synthetic,composition,Donut chart,384,soft,0.010212465675881275,98.9890774443128,4,False
synthetic_8_1_3,Synthetic,synthetic,composition,Stacked bar,384,hard,0.00946748867535365,99.0621304022602,4,False
synthetic_8_1_3,Synthetic,synthetic,composition,Stacked bar,384,soft,0.012604057831469374,98.75528270561531,4,False
synthetic_8_5_0,Synthetic,synthetic,composition,Bar chart,256,hard,0.03214163460851995,96.88592790652119,4,False
synthetic_8_5_0,Synthetic,synthetic,composition,Bar chart,256,soft,0.054182684156373576,94.86021872957114,4,False
synthetic_8_5_0,Synthetic,synthetic,composition,Pie chart,256,hard,0.004170503244830551,99.58468176157793,4,True
synthetic_8_5_0,Synthetic,synthetic,composition,Pie chart,256,soft,0.0061634791985772505,99.38742765703577,4,True
synthetic_8_5_0,Synthetic,synthetic,composition,Donut chart,256,hard,0.007242329316501801,99.28097448789545,4,False
synthetic_8_5_0,Synthetic,synthetic,composition,Donut chart,256,soft,0.012526613326478926,98.7628361406398,4,False
synthetic_8_5_0,Synthetic,synthetic,composition,Stacked bar,256,hard,0.012720395587756275,98.74393804615995,4,False
synthetic_8_5_0,Synthetic,synthetic,composition,Stacked bar,256,soft,0.016772429358416375,98.35042445348368,4,False
synthetic_8_5_0,Synthetic,synthetic,composition,Bar chart,384,hard,0.0220942603967395,97.8383343637833,4,False
synthetic_8_5_0,Synthetic,synthetic,composition,Bar chart,384,soft,0.036117944898337126,96.51410873866479,4,False
synthetic_8_5_0,Synthetic,synthetic,composition,Pie chart,384,hard,0.0024037510820636,99.76020130815863,4,True
synthetic_8_5_0,Synthetic,synthetic,composition,Pie chart,384,soft,0.0036809632139286497,99.6332536583994,4,True
synthetic_8_5_0,Synthetic,synthetic,composition,Donut chart,384,hard,0.00421736074333025,99.58003506927938,4,False
synthetic_8_5_0,Synthetic,synthetic,composition,Donut chart,384,soft,0.007734612056867175,99.23247530011099,4,False
synthetic_8_5_0,Synthetic,synthetic,composition,Stacked bar,384,hard,0.0091389016749503,99.09438614844976,4,False
synthetic_8_5_0,Synthetic,synthetic,composition,Stacked bar,384,soft,0.0113515118006628,98.87758987174973,4,False
synthetic_8_5_1,Synthetic,synthetic,composition,Bar chart,256,hard,0.030057251474842152,97.08198244012108,4,False
synthetic_8_5_1,Synthetic,synthetic,composition,Bar chart,256,soft,0.05323455783433732,94.9456123103482,4,False
synthetic_8_5_1,Synthetic,synthetic,composition,Pie chart,256,hard,0.004345469555751,99.5673331848977,4,True
synthetic_8_5_1,Synthetic,synthetic,composition,Pie chart,256,soft,0.00657003504058595,99.34728485730047,4,True
synthetic_8_5_1,Synthetic,synthetic,composition,Donut chart,256,hard,0.0069979633845700245,99.30506677877982,4,False
synthetic_8_5_1,Synthetic,synthetic,composition,Donut chart,256,soft,0.0121938311427491,98.79530671225466,4,False
synthetic_8_5_1,Synthetic,synthetic,composition,Stacked bar,256,hard,0.011302224208616101,98.88240884494638,4,False
synthetic_8_5_1,Synthetic,synthetic,composition,Stacked bar,256,soft,0.014180538052946452,98.6017737946174,4,False
synthetic_8_5_1,Synthetic,synthetic,composition,Bar chart,384,hard,0.021324697961610923,97.9120550003176,4,False
synthetic_8_5_1,Synthetic,synthetic,composition,Bar chart,384,soft,0.035603629972415625,96.56204082894496,4,False
synthetic_8_5_1,Synthetic,synthetic,composition,Pie chart,384,hard,0.00256634431669195,99.74402249474662,4,True
synthetic_8_5_1,Synthetic,synthetic,composition,Pie chart,384,soft,0.0040396060978924505,99.59766466647746,4,True
synthetic_8_5_1,Synthetic,synthetic,composition,Donut chart,384,hard,0.004226977697461699,99.57908144360417,4,False
synthetic_8_5_1,Synthetic,synthetic,composition,Donut chart,384,soft,0.007884568891649674,99.2177111213916,4,False
synthetic_8_5_1,Synthetic,synthetic,composition,Stacked bar,384,hard,0.008941768771881674,99.11374778519024,4,False
synthetic_8_5_1,Synthetic,synthetic,composition,Stacked bar,384,soft,0.010648663811331751,98.94635354573431,4,False
synthetic_8_5_2,Synthetic,synthetic,composition,Bar chart,256,hard,0.02716598814112215,97.35524847446663,4,False
synthetic_8_5_2,Synthetic,synthetic,composition,Bar chart,256,soft,0.04904141853912575,95.32512085105088,4,False
synthetic_8_5_2,Synthetic,synthetic,composition,Pie chart,256,hard,0.0034218880366246747,99.65897813497769,4,True
synthetic_8_5_2,Synthetic,synthetic,composition,Pie chart,256,soft,0.005846564177290575,99.41874194479426,4,True
synthetic_8_5_2,Synthetic,synthetic,composition,Donut chart,256,hard,0.0053949173371589994,99.4634031618692,4,False
synthetic_8_5_2,Synthetic,synthetic,composition,Donut chart,256,soft,0.0105900681616458,98.95209061564299,4,False
synthetic_8_5_2,Synthetic,synthetic,composition,Stacked bar,256,hard,0.01042352887400625,98.96840002472806,4,False
synthetic_8_5_2,Synthetic,synthetic,composition,Stacked bar,256,soft,0.012585369243656375,98.75710536356486,4,False
synthetic_8_5_2,Synthetic,synthetic,composition,Bar chart,384,hard,0.019914528384534752,98.0474316395828,4,False
synthetic_8_5_2,Synthetic,synthetic,composition,Bar chart,384,soft,0.03286133100179582,96.81841792160785,4,False
synthetic_8_5_2,Synthetic,synthetic,composition,Pie chart,384,hard,0.00192485215621415,99.80788457816256,4,True
synthetic_8_5_2,Synthetic,synthetic,composition,Pie chart,384,soft,0.0035502407999701,99.6462318820092,4,True
synthetic_8_5_2,Synthetic,synthetic,composition,Donut chart,384,hard,0.003184013809389925,99.68260919576467,4,False
synthetic_8_5_2,Synthetic,synthetic,composition,Donut chart,384,soft,0.0067051290986595,99.33395302111326,4,False
synthetic_8_5_2,Synthetic,synthetic,composition,Stacked bar,384,hard,0.006852024218491775,99.3194606502569,4,False
synthetic_8_5_2,Synthetic,synthetic,composition,Stacked bar,384,soft,0.0094721682839223,99.06167118009556,4,False
synthetic_8_5_3,Synthetic,synthetic,composition,Bar chart,256,hard,0.035362237158051577,96.58455409238059,4,False
synthetic_8_5_3,Synthetic,synthetic,composition,Bar chart,256,soft,0.05940990762952762,94.39216990499365,4,False
synthetic_8_5_3,Synthetic,synthetic,composition,Pie chart,256,hard,0.004358859130313026,99.56600580652145,4,True
synthetic_8_5_3,Synthetic,synthetic,composition,Pie chart,256,soft,0.006895379748347851,99.31518409091606,4,True
synthetic_8_5_3,Synthetic,synthetic,composition,Donut chart,256,hard,0.008270985393788574,99.17968626355362,4,False
synthetic_8_5_3,Synthetic,synthetic,composition,Donut chart,256,soft,0.0141918635947575,98.60067270265262,4,False
synthetic_8_5_3,Synthetic,synthetic,composition,Stacked bar,256,hard,0.013654265844489824,98.6529661735193,4,False
synthetic_8_5_3,Synthetic,synthetic,composition,Stacked bar,256,soft,0.017420762448509926,98.28775241360464,4,False
synthetic_8_5_3,Synthetic,synthetic,composition,Bar chart,384,hard,0.024473146671207698,97.61114805685952,4,False
synthetic_8_5_3,Synthetic,synthetic,composition,Bar chart,384,soft,0.03971773396269447,96.17995032062043,4,False
synthetic_8_5_3,Synthetic,synthetic,composition,Pie chart,384,hard,0.00248526412265755,99.75208971028292,4,True
synthetic_8_5_3,Synthetic,synthetic,composition,Pie chart,384,soft,0.0041519721122653,99.58651954807881,4,True
synthetic_8_5_3,Synthetic,synthetic,composition,Donut chart,384,hard,0.0048685842084952,99.51550040622176,4,False
synthetic_8_5_3,Synthetic,synthetic,composition,Donut chart,384,soft,0.008821068042611225,99.12560628221945,4,False
synthetic_8_5_3,Synthetic,synthetic,composition,Stacked bar,384,hard,0.00889280399122705,99.11855809100365,4,False
synthetic_8_5_3,Synthetic,synthetic,composition,Stacked bar,384,soft,0.0114726735653166,98.86574557423516,4,False
profile_s1_high_resistance_bike,Wrist,empirical,profile,Line chart,256,hard,0.020668321579999375,97.97502076404166,4,False
profile_s1_high_resistance_bike,Wrist,empirical,profile,Line chart,256,soft,0.019247379711876424,98.11160861484703,4,False
profile_s1_high_resistance_bike,Wrist,empirical,profile,Area chart,256,hard,0.024256056951183325,97.63183661091696,4,False
profile_s1_high_resistance_bike,Wrist,empirical,profile,Area chart,256,soft,0.024800805687808354,97.57993889640211,4,False
profile_s1_high_resistance_bike,Wrist,empirical,profile,Dot plot,256,hard,0.010109202467937076,98.99919707262958,4,True
profile_s1_high_resistance_bike,Wrist,empirical,profile,Dot plot,256,soft,0.010571921684634649,98.95386746279165,4,True
profile_s1_high_resistance_bike,Wrist,empirical,profile,Bar chart,256,hard,0.032113077761127824,96.88860857854957,4,False
profile_s1_high_resistance_bike,Wrist,empirical,profile,Bar chart,256,soft,0.0317322315760314,96.92437333981914,4,False
profile_s1_high_resistance_bike,Wrist,empirical,profile,Line chart,384,hard,0.013336199527270099,98.68393140070476,4,False
profile_s1_high_resistance_bike,Wrist,empirical,profile,Line chart,384,soft,0.01264166987722235,98.75161468728075,4,False
profile_s1_high_resistance_bike,Wrist,empirical,profile,Area chart,384,hard,0.021070980526192273,97.93638435250274,4,False
profile_s1_high_resistance_bike,Wrist,empirical,profile,Area chart,384,soft,0.014545718387644676,98.56628261062879,4,False
profile_s1_high_resistance_bike,Wrist,empirical,profile,Dot plot,384,hard,0.00714042477086255,99.29101994168418,4,True
profile_s1_high_resistance_bike,Wrist,empirical,profile,Dot plot,384,soft,0.007204201302683301,99.2847327986355,4,True
profile_s1_high_resistance_bike,Wrist,empirical,profile,Bar chart,384,hard,0.023851439837283127,97.67041985690095,4,False
profile_s1_high_resistance_bike,Wrist,empirical,profile,Bar chart,384,soft,0.016817531036082002,98.34606204921094,4,False
profile_s1_low_resistance_bike,Wrist,empirical,profile,Line chart,256,hard,0.04351593670510408,95.82987329905995,4,False
profile_s1_low_resistance_bike,Wrist,empirical,profile,Line chart,256,soft,0.03998546536011278,96.15518998178814,4,False
profile_s1_low_resistance_bike,Wrist,empirical,profile,Area chart,256,hard,0.06859531553245407,93.58079578532733,4,False
profile_s1_low_resistance_bike,Wrist,empirical,profile,Area chart,256,soft,0.05679506425520338,94.62572582175801,4,False
profile_s1_low_resistance_bike,Wrist,empirical,profile,Dot plot,256,hard,0.025100253887906952,97.551434233607,4,True
profile_s1_low_resistance_bike,Wrist,empirical,profile,Dot plot,256,soft,0.024597502071374774,97.59930099169213,4,True
profile_s1_low_resistance_bike,Wrist,empirical,profile,Bar chart,256,hard,0.07567720995865748,92.9646915210218,4,False
profile_s1_low_resistance_bike,Wrist,empirical,profile,Bar chart,256,soft,0.07184337120953145,93.29721364713399,4,False
profile_s1_low_resistance_bike,Wrist,empirical,profile,Line chart,384,hard,0.02843392598542135,97.23522092504128,4,False
profile_s1_low_resistance_bike,Wrist,empirical,profile,Line chart,384,soft,0.027377675103752174,97.33518882420844,4,False
profile_s1_low_resistance_bike,Wrist,empirical,profile,Area chart,384,hard,0.045928957954900276,95.60878799601218,4,False
profile_s1_low_resistance_bike,Wrist,empirical,profile,Area chart,384,soft,0.03308782199407195,96.79719174985475,4,False
profile_s1_low_resistance_bike,Wrist,empirical,profile,Dot plot,384,hard,0.017904923569665075,98.24100236131339,4,True
profile_s1_low_resistance_bike,Wrist,empirical,profile,Dot plot,384,soft,0.016858669420134375,98.34208332710108,4,True
profile_s1_low_resistance_bike,Wrist,empirical,profile,Bar chart,384,hard,0.05531560277761925,94.75838292999488,4,False
profile_s1_low_resistance_bike,Wrist,empirical,profile,Bar chart,384,soft,0.04033956173031335,96.1224620100749,4,False
profile_s1_walk,Wrist,empirical,profile,Line chart,256,hard,0.0794415867144282,92.6404922978528,4,False
profile_s1_walk,Wrist,empirical,profile,Line chart,256,soft,0.07844443459027423,92.72614962122948,4,False
profile_s1_walk,Wrist,empirical,profile,Area chart,256,hard,0.13490509187371655,88.11309484469847,4,False
profile_s1_walk,Wrist,empirical,profile,Area chart,256,soft,0.12631624679078318,88.78501067966509,4,False
profile_s1_walk,Wrist,empirical,profile,Dot plot,256,hard,0.05072655757835595,95.17223989319665,4,True
profile_s1_walk,Wrist,empirical,profile,Dot plot,256,soft,0.046605686204979124,95.54696799193088,4,True
profile_s1_walk,Wrist,empirical,profile,Bar chart,256,hard,0.1384022640031699,87.84241138835398,4,False
profile_s1_walk,Wrist,empirical,profile,Bar chart,256,soft,0.14363740428385952,87.44030199206324,4,False
profile_s1_walk,Wrist,empirical,profile,Line chart,384,hard,0.054407279799721125,94.84001288287241,4,False
profile_s1_walk,Wrist,empirical,profile,Line chart,384,soft,0.052754082905180646,94.98894530433921,4,False
profile_s1_walk,Wrist,empirical,profile,Area chart,384,hard,0.09093909562992358,91.66414550599508,4,False
profile_s1_walk,Wrist,empirical,profile,Area chart,384,soft,0.06518919252811696,93.8800362428202,4,False
profile_s1_walk,Wrist,empirical,profile,Dot plot,384,hard,0.03284392183973165,96.82004985020107,4,True
profile_s1_walk,Wrist,empirical,profile,Dot plot,384,soft,0.03171595074936675,96.92590283921359,4,True
profile_s1_walk,Wrist,empirical,profile,Bar chart,384,hard,0.10433661694088656,90.55210020746134,4,False
profile_s1_walk,Wrist,empirical,profile,Bar chart,384,soft,0.07786046448547629,92.77638738492523,4,False
profile_s2_high_resistance_bike,Wrist,empirical,profile,Line chart,256,hard,0.027082494562607654,97.36316267622291,4,False
profile_s2_high_resistance_bike,Wrist,empirical,profile,Line chart,256,soft,0.02509196555541775,97.55222298110371,4,False
profile_s2_high_resistance_bike,Wrist,empirical,profile,Area chart,256,hard,0.0379396892992858,96.34471157713422,4,False
profile_s2_high_resistance_bike,Wrist,empirical,profile,Area chart,256,soft,0.04376515391040335,95.80699223896872,4,False
profile_s2_high_resistance_bike,Wrist,empirical,profile,Dot plot,256,hard,0.016853250352927302,98.34260741684427,4,True
profile_s2_high_resistance_bike,Wrist,empirical,profile,Dot plot,256,soft,0.017038062796410427,98.3247369572813,4,True
profile_s2_high_resistance_bike,Wrist,empirical,profile,Bar chart,256,hard,0.05070130015620705,95.17452770367093,4,False
profile_s2_high_resistance_bike,Wrist,empirical,profile,Bar chart,256,soft,0.051652861731348046,95.08841143204694,4,False
profile_s2_high_resistance_bike,Wrist,empirical,profile,Line chart,384,hard,0.019089455571972825,98.12681257100648,4,False
profile_s2_high_resistance_bike,Wrist,empirical,profile,Line chart,384,soft,0.017000086522833975,98.32840854704763,4,False
profile_s2_high_resistance_bike,Wrist,empirical,profile,Area chart,384,hard,0.03125755119451595,96.96898692685353,4,False
profile_s2_high_resistance_bike,Wrist,empirical,profile,Area chart,384,soft,0.023761318858802925,97.67901771427643,4,False
profile_s2_high_resistance_bike,Wrist,empirical,profile,Dot plot,384,hard,0.011653495776809901,98.84807438263616,4,True
profile_s2_high_resistance_bike,Wrist,empirical,profile,Dot plot,384,soft,0.011416330896898825,98.8712530588887,4,True
profile_s2_high_resistance_bike,Wrist,empirical,profile,Bar chart,384,hard,0.038403749089795124,96.30165538949011,4,False
profile_s2_high_resistance_bike,Wrist,empirical,profile,Bar chart,384,soft,0.027763195082449427,97.29867782624554,4,False
profile_s2_low_resistance_bike,Wrist,empirical,profile,Line chart,256,hard,0.029698424480982928,97.11581335127784,4,False
profile_s2_low_resistance_bike,Wrist,empirical,profile,Line chart,256,soft,0.02859810860129392,97.21970044839163,4,False
profile_s2_low_resistance_bike,Wrist,empirical,profile,Area chart,256,hard,0.053369519176578055,94.93344755045722,4,False
profile_s2_low_resistance_bike,Wrist,empirical,profile,Area chart,256,soft,0.0469952689922353,95.51141534407604,4,False
profile_s2_low_resistance_bike,Wrist,empirical,profile,Dot plot,256,hard,0.02217039539566135,97.8310470059075,4,True
profile_s2_low_resistance_bike,Wrist,empirical,profile,Dot plot,256,soft,0.021207013835774426,97.92333840754594,4,True
profile_s2_low_resistance_bike,Wrist,empirical,profile,Bar chart,256,hard,0.06505168626801808,93.89215686837117,4,False
profile_s2_low_resistance_bike,Wrist,empirical,profile,Bar chart,256,soft,0.060603763763349625,94.28591847078604,4,False
profile_s2_low_resistance_bike,Wrist,empirical,profile,Line chart,384,hard,0.02200717548202453,97.8466711379355,4,False
profile_s2_low_resistance_bike,Wrist,empirical,profile,Line chart,384,soft,0.020134794008051675,98.02626141895003,4,False
profile_s2_low_resistance_bike,Wrist,empirical,profile,Area chart,384,hard,0.03926081765879665,96.22223632492545,4,False
profile_s2_low_resistance_bike,Wrist,empirical,profile,Area chart,384,soft,0.0285512431548328,97.22413021763907,4,False
profile_s2_low_resistance_bike,Wrist,empirical,profile,Dot plot,384,hard,0.014498995376798225,98.57082210599793,4,True
profile_s2_low_resistance_bike,Wrist,empirical,profile,Dot plot,384,soft,0.014047588407672926,98.61470126567419,4,True
profile_s2_low_resistance_bike,Wrist,empirical,profile,Bar chart,384,hard,0.04670019586766185,95.53834077302817,4,False
profile_s2_low_resistance_bike,Wrist,empirical,profile,Bar chart,384,soft,0.03431637853617288,96.68221646216804,4,False
profile_s2_walk,Wrist,empirical,profile,Line chart,256,hard,0.0635584458217274,94.02398184402355,4,False
profile_s2_walk,Wrist,empirical,profile,Line chart,256,soft,0.0566116423979114,94.64215231724732,4,False
profile_s2_walk,Wrist,empirical,profile,Area chart,256,hard,0.12788335771877296,88.6616504407489,4,False
profile_s2_walk,Wrist,empirical,profile,Area chart,256,soft,0.08888852633982842,91.83676527122415,4,False
profile_s2_walk,Wrist,empirical,profile,Dot plot,256,hard,0.0432049562613155,95.8584402804071,4,True
profile_s2_walk,Wrist,empirical,profile,Dot plot,256,soft,0.04373383407798015,95.80986716631507,4,True
profile_s2_walk,Wrist,empirical,profile,Bar chart,256,hard,0.13263363986244647,88.28980217481849,4,False
profile_s2_walk,Wrist,empirical,profile,Bar chart,256,soft,0.1293037263891426,88.55013727772061,4,False
profile_s2_walk,Wrist,empirical,profile,Line chart,384,hard,0.04159831926740967,96.0062993096353,4,False
profile_s2_walk,Wrist,empirical,profile,Line chart,384,soft,0.04104209251167028,96.05759528775151,4,False
profile_s2_walk,Wrist,empirical,profile,Area chart,384,hard,0.09168755533875415,91.60130067523733,4,False
profile_s2_walk,Wrist,empirical,profile,Area chart,384,soft,0.05144372870122223,95.10732459598508,4,False
profile_s2_walk,Wrist,empirical,profile,Dot plot,384,hard,0.032149594812113005,96.88518069728396,4,True
profile_s2_walk,Wrist,empirical,profile,Dot plot,384,soft,0.029861062558899323,97.10047659392973,4,True
profile_s2_walk,Wrist,empirical,profile,Bar chart,384,hard,0.09848253841311212,91.03467420106817,4,False
profile_s2_walk,Wrist,empirical,profile,Bar chart,384,soft,0.07136330137459183,93.3390194266473,4,False
profile_s3_high_resistance_bike,Wrist,empirical,profile,Line chart,256,hard,0.049460696429451695,95.28703679921217,4,False
profile_s3_high_resistance_bike,Wrist,empirical,profile,Line chart,256,soft,0.04910079080399185,95.31972607070836,4,False
profile_s3_high_resistance_bike,Wrist,empirical,profile,Area chart,256,hard,0.0859187741935957,92.0879188908582,4,False
profile_s3_high_resistance_bike,Wrist,empirical,profile,Area chart,256,soft,0.07765585500750583,92.79400240376694,4,False
profile_s3_high_resistance_bike,Wrist,empirical,profile,Dot plot,256,hard,0.03434883938864858,96.67918229511908,4,True
profile_s3_high_resistance_bike,Wrist,empirical,profile,Dot plot,256,soft,0.03523261633902927,96.59664738311423,4,True
profile_s3_high_resistance_bike,Wrist,empirical,profile,Bar chart,256,hard,0.10661337444612462,90.36579740422114,4,False
profile_s3_high_resistance_bike,Wrist,empirical,profile,Bar chart,256,soft,0.10584628541347021,90.42848117232722,4,False
profile_s3_high_resistance_bike,Wrist,empirical,profile,Line chart,384,hard,0.035662217227944625,96.55657832884953,4,False
profile_s3_high_resistance_bike,Wrist,empirical,profile,Line chart,384,soft,0.034471108125286296,96.66775535299809,4,False
profile_s3_high_resistance_bike,Wrist,empirical,profile,Area chart,384,hard,0.06382146378734548,94.00073546550446,4,False
profile_s3_high_resistance_bike,Wrist,empirical,profile,Area chart,384,soft,0.04028230840298928,96.12775223825257,4,False
profile_s3_high_resistance_bike,Wrist,empirical,profile,Dot plot,384,hard,0.024021750298266822,97.65417577397452,4,True
profile_s3_high_resistance_bike,Wrist,empirical,profile,Dot plot,384,soft,0.02430535653692835,97.62713761264489,4,True
profile_s3_high_resistance_bike,Wrist,empirical,profile,Bar chart,384,hard,0.08003868940916387,92.58927571817367,4,False
profile_s3_high_resistance_bike,Wrist,empirical,profile,Bar chart,384,soft,0.05704924303101577,94.60297205573592,4,False
profile_s3_low_resistance_bike,Wrist,empirical,profile,Line chart,256,hard,0.07344985748640233,93.15758840767904,4,False
profile_s3_low_resistance_bike,Wrist,empirical,profile,Line chart,256,soft,0.06865337174193188,93.57571186716744,4,False
profile_s3_low_resistance_bike,Wrist,empirical,profile,Area chart,256,hard,0.13816597925463164,87.86064758805085,4,False
profile_s3_low_resistance_bike,Wrist,empirical,profile,Area chart,256,soft,0.11465266765934923,89.71404537163066,4,False
profile_s3_low_resistance_bike,Wrist,empirical,profile,Dot plot,256,hard,0.05161308481587615,95.09200811961055,4,True
profile_s3_low_resistance_bike,Wrist,empirical,profile,Dot plot,256,soft,0.05193627102472223,95.06279301747723,4,True
profile_s3_low_resistance_bike,Wrist,empirical,profile,Bar chart,256,hard,0.1608714387715119,86.14218307052559,4,False
profile_s3_low_resistance_bike,Wrist,empirical,profile,Bar chart,256,soft,0.15330294083565954,86.70748721714179,4,False
profile_s3_low_resistance_bike,Wrist,empirical,profile,Line chart,384,hard,0.049649785388730425,95.2698713342429,4,False
profile_s3_low_resistance_bike,Wrist,empirical,profile,Line chart,384,soft,0.0494083435224245,95.29179048104561,4,False
profile_s3_low_resistance_bike,Wrist,empirical,profile,Area chart,384,hard,0.1083832116978315,90.22150366822959,4,False
profile_s3_low_resistance_bike,Wrist,empirical,profile,Area chart,384,soft,0.062007910140070024,94.16125722341448,4,False
profile_s3_low_resistance_bike,Wrist,empirical,profile,Dot plot,384,hard,0.03459995695788307,96.65571637373542,4,True
profile_s3_low_resistance_bike,Wrist,empirical,profile,Dot plot,384,soft,0.03526010240693037,96.59408275032021,4,True
profile_s3_low_resistance_bike,Wrist,empirical,profile,Bar chart,384,hard,0.11839863652717864,89.41355678912245,4,False
profile_s3_low_resistance_bike,Wrist,empirical,profile,Bar chart,384,soft,0.08433933212779617,92.22205359255048,4,False
profile_s3_run,Wrist,empirical,profile,Line chart,256,hard,0.08945708871300813,91.78883779454911,4,False
profile_s3_run,Wrist,empirical,profile,Line chart,256,soft,0.08153254606810187,92.4613876517621,4,False
profile_s3_run,Wrist,empirical,profile,Area chart,256,hard,0.18113736453119522,84.66415761869575,4,False
profile_s3_run,Wrist,empirical,profile,Area chart,256,soft,0.1571794302009525,86.41702176008631,4,False
profile_s3_run,Wrist,empirical,profile,Dot plot,256,hard,0.06924635691633792,93.52381642748435,4,True
profile_s3_run,Wrist,empirical,profile,Dot plot,256,soft,0.06871864664904324,93.5699964752641,4,True
profile_s3_run,Wrist,empirical,profile,Bar chart,256,hard,0.20117564808991267,83.25177101202321,4,False
profile_s3_run,Wrist,empirical,profile,Bar chart,256,soft,0.21241003309999967,82.48034680504165,4,False
profile_s3_run,Wrist,empirical,profile,Line chart,384,hard,0.06651893064640568,93.76298640980623,4,False
profile_s3_run,Wrist,empirical,profile,Line chart,384,soft,0.06240446998148657,94.12610999438152,4,False
profile_s3_run,Wrist,empirical,profile,Area chart,384,hard,0.14378338087893383,87.42914232864231,4,False
profile_s3_run,Wrist,empirical,profile,Area chart,384,soft,0.08443470488338248,92.21394294159349,4,False
profile_s3_run,Wrist,empirical,profile,Dot plot,384,hard,0.047243209062993674,95.48880253849877,4,True
profile_s3_run,Wrist,empirical,profile,Dot plot,384,soft,0.047462457880103004,95.46881537156382,4,True
profile_s3_run,Wrist,empirical,profile,Bar chart,384,hard,0.1578663087873807,86.36575677266988,4,False
profile_s3_run,Wrist,empirical,profile,Bar chart,384,soft,0.10990886439611428,90.09748746750354,4,False
profile_s3_walk,Wrist,empirical,profile,Line chart,256,hard,0.07847446249303555,92.7235678523503,4,False
profile_s3_walk,Wrist,empirical,profile,Line chart,256,soft,0.07580549184004104,92.95360616626111,4,False
profile_s3_walk,Wrist,empirical,profile,Area chart,256,hard,0.1342019225255068,88.16772217889722,4,False
profile_s3_walk,Wrist,empirical,profile,Area chart,256,soft,0.11588783915441962,89.61474127702338,4,False
profile_s3_walk,Wrist,empirical,profile,Dot plot,256,hard,0.0514179550267764,95.10965598590458,4,True
profile_s3_walk,Wrist,empirical,profile,Dot plot,256,soft,0.051240405165422796,95.12571958672387,4,True
profile_s3_walk,Wrist,empirical,profile,Bar chart,256,hard,0.16544296783609744,85.80428451653205,4,False
profile_s3_walk,Wrist,empirical,profile,Bar chart,256,soft,0.14426894125276193,87.39204254772359,4,False
profile_s3_walk,Wrist,empirical,profile,Line chart,384,hard,0.058060658591054096,94.51253969991006,4,False
profile_s3_walk,Wrist,empirical,profile,Line chart,384,soft,0.056577858456507396,94.64517848791961,4,False
profile_s3_walk,Wrist,empirical,profile,Area chart,384,hard,0.10459516627166976,90.53090494459532,4,False
profile_s3_walk,Wrist,empirical,profile,Area chart,384,soft,0.0650366925519743,93.89347869357088,4,False
profile_s3_walk,Wrist,empirical,profile,Dot plot,384,hard,0.039042803336729354,96.24242589320197,4,True
profile_s3_walk,Wrist,empirical,profile,Dot plot,384,soft,0.037117373703113424,96.42110192691278,4,True
profile_s3_walk,Wrist,empirical,profile,Bar chart,384,hard,0.12203951777419075,89.12342071371225,4,False
profile_s3_walk,Wrist,empirical,profile,Bar chart,384,soft,0.0790041220540074,92.67805187772461,4,False
profile_s4_run,Wrist,empirical,profile,Line chart,256,hard,0.0687852463959933,93.56416580150773,4,False
profile_s4_run,Wrist,empirical,profile,Line chart,256,soft,0.06504514549109865,93.89273348961127,4,False
profile_s4_run,Wrist,empirical,profile,Area chart,256,hard,0.17313650358707533,85.24157222474287,4,False
profile_s4_run,Wrist,empirical,profile,Area chart,256,soft,0.13682797218164466,87.96405652131665,4,False
profile_s4_run,Wrist,empirical,profile,Dot plot,256,hard,0.060172565692562546,94.32426685619293,4,True
profile_s4_run,Wrist,empirical,profile,Dot plot,256,soft,0.05994310691177325,94.34468637789229,4,True
profile_s4_run,Wrist,empirical,profile,Bar chart,256,hard,0.18018084683126334,84.73277656428323,4,False
profile_s4_run,Wrist,empirical,profile,Bar chart,256,soft,0.17953379845989062,84.77925781403579,4,False
profile_s4_run,Wrist,empirical,profile,Line chart,384,hard,0.054424512656519,94.83846287683488,4,False
profile_s4_run,Wrist,empirical,profile,Line chart,384,soft,0.0486423583385206,95.36139676680712,4,False
profile_s4_run,Wrist,empirical,profile,Area chart,384,hard,0.13084472249020143,88.42947047565718,4,False
profile_s4_run,Wrist,empirical,profile,Area chart,384,soft,0.07360851039661531,93.14382200925152,4,False
profile_s4_run,Wrist,empirical,profile,Dot plot,384,hard,0.041281853522825596,96.035477485451,4,True
profile_s4_run,Wrist,empirical,profile,Dot plot,384,soft,0.041494915720971824,96.01583117741414,4,True
profile_s4_run,Wrist,empirical,profile,Bar chart,384,hard,0.13727123961828538,87.92977129498507,4,False
profile_s4_run,Wrist,empirical,profile,Bar chart,384,soft,0.09625062908870041,91.22001606797595,4,False
profile_s5_low_resistance_bike,Wrist,empirical,profile,Line chart,256,hard,0.05290102794358702,94.97568845127755,4,False
profile_s5_low_resistance_bike,Wrist,empirical,profile,Line chart,256,soft,0.05117183816256338,95.13192455269623,4,False
profile_s5_low_resistance_bike,Wrist,empirical,profile,Area chart,256,hard,0.12135068624611828,89.1781681025802,4,False
profile_s5_low_resistance_bike,Wrist,empirical,profile,Area chart,256,soft,0.09011326237720022,91.73358718884943,4,False
profile_s5_low_resistance_bike,Wrist,empirical,profile,Dot plot,256,hard,0.04073691863658003,96.0857621261339,4,True
profile_s5_low_resistance_bike,Wrist,empirical,profile,Dot plot,256,soft,0.0416047931500666,96.00570260201631,4,True
profile_s5_low_resistance_bike,Wrist,empirical,profile,Bar chart,256,hard,0.12715932138636155,88.71860268786487,4,False
profile_s5_low_resistance_bike,Wrist,empirical,profile,Bar chart,256,soft,0.1222673099868833,89.10533088696022,4,False
profile_s5_low_resistance_bike,Wrist,empirical,profile,Line chart,384,hard,0.043448448225351474,95.8360714130874,4,False
profile_s5_low_resistance_bike,Wrist,empirical,profile,Line chart,384,soft,0.03727565889456437,96.40638835251475,4,False
profile_s5_low_resistance_bike,Wrist,empirical,profile,Area chart,384,hard,0.08372597332413685,92.2742487136926,4,False
profile_s5_low_resistance_bike,Wrist,empirical,profile,Area chart,384,soft,0.049329818452894976,95.2989215034768,4,False
profile_s5_low_resistance_bike,Wrist,empirical,profile,Dot plot,384,hard,0.029989503132381874,97.08836808130778,4,True
profile_s5_low_resistance_bike,Wrist,empirical,profile,Dot plot,384,soft,0.028531653056146525,97.22598201315745,4,True
profile_s5_low_resistance_bike,Wrist,empirical,profile,Bar chart,384,hard,0.09498206691842687,91.3256965764077,4,False
profile_s5_low_resistance_bike,Wrist,empirical,profile,Bar chart,384,soft,0.06669919838782945,93.74714085389431,4,False
profile_s5_run,Wrist,empirical,profile,Line chart,256,hard,0.07350440781329312,93.15285458743294,4,False
profile_s5_run,Wrist,empirical,profile,Line chart,256,soft,0.06649255300052337,93.76530545727208,4,False
profile_s5_run,Wrist,empirical,profile,Area chart,256,hard,0.16603906534745427,85.76042001663313,4,False
profile_s5_run,Wrist,empirical,profile,Area chart,256,soft,0.11486196304924565,89.69720316449867,4,False
profile_s5_run,Wrist,empirical,profile,Dot plot,256,hard,0.06513867555942275,93.88448874741955,4,True
profile_s5_run,Wrist,empirical,profile,Dot plot,256,soft,0.0581586131206272,94.50379060383858,4,True
profile_s5_run,Wrist,empirical,profile,Bar chart,256,hard,0.18294307627105594,84.53492142261484,4,False
profile_s5_run,Wrist,empirical,profile,Bar chart,256,soft,0.17024759424851188,85.45200220147956,4,False
profile_s5_run,Wrist,empirical,profile,Line chart,384,hard,0.048926603306208474,95.335555113962,4,False
profile_s5_run,Wrist,empirical,profile,Line chart,384,soft,0.047393617677517576,95.47509008288519,4,False
profile_s5_run,Wrist,empirical,profile,Area chart,384,hard,0.1180046842141029,89.44506352430412,4,False
profile_s5_run,Wrist,empirical,profile,Area chart,384,soft,0.06706828648165854,93.71471466903057,4,False
profile_s5_run,Wrist,empirical,profile,Dot plot,384,hard,0.038789377545539176,96.26590544878394,4,True
profile_s5_run,Wrist,empirical,profile,Dot plot,384,soft,0.0394023834689379,96.20913092988732,4,True
profile_s5_run,Wrist,empirical,profile,Bar chart,384,hard,0.12965510980566172,88.52259342871766,4,False
profile_s5_run,Wrist,empirical,profile,Bar chart,384,soft,0.09744237521229836,91.12095747228202,4,False
profile_s6_low_resistance_bike,Wrist,empirical,profile,Line chart,256,hard,0.034335831727038676,96.6803981188868,4,False
profile_s6_low_resistance_bike,Wrist,empirical,profile,Line chart,256,soft,0.034189271205683824,96.69409921785159,4,False
profile_s6_low_resistance_bike,Wrist,empirical,profile,Area chart,256,hard,0.04923298288954142,95.30771680909649,4,False
profile_s6_low_resistance_bike,Wrist,empirical,profile,Area chart,256,soft,0.05103675421156985,95.14415133371288,4,False
profile_s6_low_resistance_bike,Wrist,empirical,profile,Dot plot,256,hard,0.020615586758912424,97.98008309628312,4,True
profile_s6_low_resistance_bike,Wrist,empirical,profile,Dot plot,256,soft,0.019877127773639477,98.05102720393087,4,True
profile_s6_low_resistance_bike,Wrist,empirical,profile,Bar chart,256,hard,0.058437308358988624,94.47890697942324,4,False
profile_s6_low_resistance_bike,Wrist,empirical,profile,Bar chart,256,soft,0.06310710690874295,94.0638994416806,4,False
profile_s6_low_resistance_bike,Wrist,empirical,profile,Line chart,384,hard,0.0238752596892338,97.66814761238783,4,False
profile_s6_low_resistance_bike,Wrist,empirical,profile,Line chart,384,soft,0.0233402778611661,97.71920656636829,4,False
profile_s6_low_resistance_bike,Wrist,empirical,profile,Area chart,384,hard,0.04104752914954483,96.05709364844489,4,False
profile_s6_low_resistance_bike,Wrist,empirical,profile,Area chart,384,soft,0.027290569040918727,97.3434420734148,4,False
profile_s6_low_resistance_bike,Wrist,empirical,profile,Dot plot,384,hard,0.0148762713268367,98.53417882089335,4,True
profile_s6_low_resistance_bike,Wrist,empirical,profile,Dot plot,384,soft,0.014011869357026176,98.61817501545511,4,True
profile_s6_low_resistance_bike,Wrist,empirical,profile,Bar chart,384,hard,0.04672149251887048,95.53639694486085,4,False
profile_s6_low_resistance_bike,Wrist,empirical,profile,Bar chart,384,soft,0.031515817286828174,96.94470828671115,4,False
profile_s6_run,Wrist,empirical,profile,Line chart,256,hard,0.06246861352824949,94.12042739589234,4,False
profile_s6_run,Wrist,empirical,profile,Line chart,256,soft,0.05914836913656455,94.4154784296384,4,False
profile_s6_run,Wrist,empirical,profile,Area chart,256,hard,0.07938955814498781,92.64495774061177,4,False
profile_s6_run,Wrist,empirical,profile,Area chart,256,soft,0.08788876728026879,91.92116235375869,4,False
profile_s6_run,Wrist,empirical,profile,Dot plot,256,hard,0.037958395643206,96.34297522882083,4,True
profile_s6_run,Wrist,empirical,profile,Dot plot,256,soft,0.03485183754394198,96.63219059197331,4,True
profile_s6_run,Wrist,empirical,profile,Bar chart,256,hard,0.1071129438846738,90.32502108512682,4,False
profile_s6_run,Wrist,empirical,profile,Bar chart,256,soft,0.10322587306018609,90.64326938110572,4,False
profile_s6_run,Wrist,empirical,profile,Line chart,384,hard,0.03837149447734772,96.3046467780145,4,False
profile_s6_run,Wrist,empirical,profile,Line chart,384,soft,0.03679776197344957,96.45082548177878,4,False
profile_s6_run,Wrist,empirical,profile,Area chart,384,hard,0.06122841135504707,94.23042101964963,4,False
profile_s6_run,Wrist,empirical,profile,Area chart,384,soft,0.04559044102150158,95.63974198377699,4,False
profile_s6_run,Wrist,empirical,profile,Dot plot,384,hard,0.026070136020689274,97.45922475418742,4,True
profile_s6_run,Wrist,empirical,profile,Dot plot,384,soft,0.023922424089082725,97.6636487758958,4,True
profile_s6_run,Wrist,empirical,profile,Bar chart,384,hard,0.080753862292605,92.52800613441237,4,False
profile_s6_run,Wrist,empirical,profile,Bar chart,384,soft,0.0561204879782556,94.68616615082549,4,False
profile_s6_walk,Wrist,empirical,profile,Line chart,256,hard,0.08011205477789543,92.58298669813763,4,False
profile_s6_walk,Wrist,empirical,profile,Line chart,256,soft,0.07705976142887436,92.84535880101551,4,False
profile_s6_walk,Wrist,empirical,profile,Area chart,256,hard,0.15551657304185565,86.54138100049366,4,False
profile_s6_walk,Wrist,empirical,profile,Area chart,256,soft,0.11839457881777374,89.41388119540728,4,False
profile_s6_walk,Wrist,empirical,profile,Dot plot,256,hard,0.06091603445656099,94.25816629420967,4,True
profile_s6_walk,Wrist,empirical,profile,Dot plot,256,soft,0.05882715646332368,94.44412092150932,4,True
profile_s6_walk,Wrist,empirical,profile,Bar chart,256,hard,0.17481058433412594,85.12010475006001,4,False
profile_s6_walk,Wrist,empirical,profile,Bar chart,256,soft,0.17725993646506372,84.943007829068,4,False
profile_s6_walk,Wrist,empirical,profile,Line chart,384,hard,0.058123574293830096,94.50692001332446,4,False
profile_s6_walk,Wrist,empirical,profile,Line chart,384,soft,0.059443886709700224,94.3891425062337,4,False
profile_s6_walk,Wrist,empirical,profile,Area chart,384,hard,0.1058037264967341,90.43196148091054,4,False
profile_s6_walk,Wrist,empirical,profile,Area chart,384,soft,0.07286908834966076,93.20801678965776,4,False
profile_s6_walk,Wrist,empirical,profile,Dot plot,384,hard,0.04153927395596832,96.01174194822302,4,True
profile_s6_walk,Wrist,empirical,profile,Dot plot,384,soft,0.040422576908914,96.11479241165556,4,True
profile_s6_walk,Wrist,empirical,profile,Bar chart,384,hard,0.13276468932529134,88.27958793415691,4,False
profile_s6_walk,Wrist,empirical,profile,Bar chart,384,soft,0.0948100011273567,91.34004977761181,4,False
profile_s8_run,Wrist,empirical,profile,Line chart,256,hard,0.05857906317290658,94.4662552651168,4,False
profile_s8_run,Wrist,empirical,profile,Line chart,256,soft,0.0615585565020942,94.2011153200127,4,False
profile_s8_run,Wrist,empirical,profile,Area chart,256,hard,0.06559097402007627,93.84463873857472,4,False
profile_s8_run,Wrist,empirical,profile,Area chart,256,soft,0.07200670904800985,93.28299828347576,4,False
profile_s8_run,Wrist,empirical,profile,Dot plot,256,hard,0.024846979883810624,97.57554245936036,4,True
profile_s8_run,Wrist,empirical,profile,Dot plot,256,soft,0.025361621728125026,97.52656807211285,4,True
profile_s8_run,Wrist,empirical,profile,Bar chart,256,hard,0.07665309708722168,92.88042756811836,4,False
profile_s8_run,Wrist,empirical,profile,Bar chart,256,soft,0.07621029692423283,92.91864265357441,4,False
profile_s8_run,Wrist,empirical,profile,Line chart,384,hard,0.0360658861760572,96.51895823834425,4,False
profile_s8_run,Wrist,empirical,profile,Line chart,384,soft,0.037781437945697396,96.3594031879693,4,False
profile_s8_run,Wrist,empirical,profile,Area chart,384,hard,0.04960743387438825,95.2737154603342,4,False
profile_s8_run,Wrist,empirical,profile,Area chart,384,soft,0.044136068144128925,95.7729581909207,4,False
profile_s8_run,Wrist,empirical,profile,Dot plot,384,hard,0.017627648916488173,98.26777024629224,4,True
profile_s8_run,Wrist,empirical,profile,Dot plot,384,soft,0.016845886679250875,98.34331958264933,4,True
profile_s8_run,Wrist,empirical,profile,Bar chart,384,hard,0.0551052729146254,94.77727253107149,4,False
profile_s8_run,Wrist,empirical,profile,Bar chart,384,soft,0.04370945453996467,95.81210514575336,4,False
profile_s8_walk,Wrist,empirical,profile,Line chart,256,hard,0.08346011759087912,92.29689065284136,4,False
profile_s8_walk,Wrist,empirical,profile,Line chart,256,soft,0.07767927818316232,92.79198554192114,4,False
profile_s8_walk,Wrist,empirical,profile,Area chart,256,hard,0.1440352090805547,87.40989718346921,4,False
profile_s8_walk,Wrist,empirical,profile,Area chart,256,soft,0.11090929667879662,90.01634993870572,4,False
profile_s8_walk,Wrist,empirical,profile,Dot plot,256,hard,0.052196178020740426,95.03931119395193,4,True
profile_s8_walk,Wrist,empirical,profile,Dot plot,256,soft,0.050332623578337524,95.2079348533552,4,True
profile_s8_walk,Wrist,empirical,profile,Bar chart,256,hard,0.1544646190998164,86.62023794022731,4,False
profile_s8_walk,Wrist,empirical,profile,Bar chart,256,soft,0.15184420552863692,86.81729657536904,4,False
profile_s8_walk,Wrist,empirical,profile,Line chart,384,hard,0.05769808718422595,94.54493792857014,4,False
profile_s8_walk,Wrist,empirical,profile,Line chart,384,soft,0.055240800533860546,94.76510001263091,4,False
profile_s8_walk,Wrist,empirical,profile,Area chart,384,hard,0.10462879961167527,90.52814849219423,4,False
profile_s8_walk,Wrist,empirical,profile,Area chart,384,soft,0.06361581397011817,94.01891048115749,4,False
profile_s8_walk,Wrist,empirical,profile,Dot plot,384,hard,0.035299749663604496,96.59038363767843,4,True
profile_s8_walk,Wrist,empirical,profile,Dot plot,384,soft,0.03466041231360145,96.65006876641802,4,True
profile_s8_walk,Wrist,empirical,profile,Bar chart,384,hard,0.11476546981418784,89.70496728488395,4,False
profile_s8_walk,Wrist,empirical,profile,Bar chart,384,soft,0.08519382577497994,92.14943692532164,4,False
profile_s9_walk,Wrist,empirical,profile,Line chart,256,hard,0.10769151925715124,90.27784203589712,4,False
profile_s9_walk,Wrist,empirical,profile,Line chart,256,soft,0.10889262225981491,90.18005710616936,4,False
profile_s9_walk,Wrist,empirical,profile,Area chart,256,hard,0.23856611686095786,80.73852387746697,4,False
profile_s9_walk,Wrist,empirical,profile,Area chart,256,soft,0.17843566417916745,84.85826001341738,4,False
profile_s9_walk,Wrist,empirical,profile,Dot plot,256,hard,0.08516675616814998,92.15173560339393,4,True
profile_s9_walk,Wrist,empirical,profile,Dot plot,256,soft,0.08460049412832138,92.19984735519472,4,True
profile_s9_walk,Wrist,empirical,profile,Bar chart,256,hard,0.25339561734780547,79.78326923752992,4,False
profile_s9_walk,Wrist,empirical,profile,Bar chart,256,soft,0.25767481653633906,79.51180916176881,4,False
profile_s9_walk,Wrist,empirical,profile,Line chart,384,hard,0.08107120558533595,92.50084497982344,4,False
profile_s9_walk,Wrist,empirical,profile,Line chart,384,soft,0.07588350999783285,92.94686559532958,4,False
profile_s9_walk,Wrist,empirical,profile,Area chart,384,hard,0.17570203172615118,85.0555645065793,4,False
profile_s9_walk,Wrist,empirical,profile,Area chart,384,soft,0.11588887228846649,89.614658308152,4,False
profile_s9_walk,Wrist,empirical,profile,Dot plot,384,hard,0.056541108236017254,94.64847058053262,4,True
profile_s9_walk,Wrist,empirical,profile,Dot plot,384,soft,0.05726535957487948,94.58363417884932,4,True
profile_s9_walk,Wrist,empirical,profile,Bar chart,384,hard,0.1871962679925108,84.23207071657576,4,False
profile_s9_walk,Wrist,empirical,profile,Bar chart,384,soft,0.1398056391115171,87.73425623508092,4,False
profile_bidmc_01,BIDMC,empirical,profile,Line chart,256,hard,0.18002958685310716,84.74363788341878,4,False
profile_bidmc_01,BIDMC,empirical,profile,Line chart,256,soft,0.14069854975080887,87.66558002712065,4,False
profile_bidmc_01,BIDMC,empirical,profile,Area chart,256,hard,0.376233518663524,72.66208724309458,4,False
profile_bidmc_01,BIDMC,empirical,profile,Area chart,256,soft,0.28413953105081735,77.8731575362138,4,False
profile_bidmc_01,BIDMC,empirical,profile,Dot plot,256,hard,0.13128545157691773,88.39501989582587,4,True
profile_bidmc_01,BIDMC,empirical,profile,Dot plot,256,soft,0.13058136945360443,88.4500688776861,4,True
profile_bidmc_01,BIDMC,empirical,profile,Bar chart,256,hard,0.38711846164215713,72.09189608911541,4,False
profile_bidmc_01,BIDMC,empirical,profile,Bar chart,256,soft,0.3965974328193826,71.60259474208318,4,False
profile_bidmc_01,BIDMC,empirical,profile,Line chart,384,hard,0.12101738993829994,89.2046821909729,4,False
profile_bidmc_01,BIDMC,empirical,profile,Line chart,384,soft,0.1103069914729799,90.0651808625791,4,False
profile_bidmc_01,BIDMC,empirical,profile,Area chart,384,hard,0.29268972577094665,77.35808369665895,4,False
profile_bidmc_01,BIDMC,empirical,profile,Area chart,384,soft,0.1629689768513323,85.98681649337192,4,False
profile_bidmc_01,BIDMC,empirical,profile,Dot plot,384,hard,0.08635664452147332,92.0508016444717,4,True
profile_bidmc_01,BIDMC,empirical,profile,Dot plot,384,soft,0.0885001392497035,91.86953349305898,4,True
profile_bidmc_01,BIDMC,empirical,profile,Bar chart,384,hard,0.290427422202434,77.49370346557362,4,False
profile_bidmc_01,BIDMC,empirical,profile,Bar chart,384,soft,0.21665445586322096,82.1926057296602,4,False
assoc_bidmc_01,BIDMC,empirical,association,Scatter plot,256,hard,0.0240210641759354,97.65424120496331,4,False
assoc_bidmc_01,BIDMC,empirical,association,Scatter plot,256,soft,0.023970529594218574,97.65906059779692,4,False
assoc_bidmc_01,BIDMC,empirical,association,Heatmap,256,hard,1.6653345369377348e-16,99.99999999999997,4,True
assoc_bidmc_01,BIDMC,empirical,association,Heatmap,256,soft,1.6653345369377348e-16,99.99999999999997,4,True
assoc_bidmc_01,BIDMC,empirical,association,Scatter plot,384,hard,0.0244514053869177,97.61321959652318,4,False
assoc_bidmc_01,BIDMC,empirical,association,Scatter plot,384,soft,0.024034116652926478,97.65299649083153,4,False
assoc_bidmc_01,BIDMC,empirical,association,Heatmap,384,hard,1.6653345369377348e-16,99.99999999999997,4,True
assoc_bidmc_01,BIDMC,empirical,association,Heatmap,384,soft,1.6653345369377348e-16,99.99999999999997,4,True
profile_bidmc_02,BIDMC,empirical,profile,Line chart,256,hard,0.1209718276091526,89.20830794943656,4,False
profile_bidmc_02,BIDMC,empirical,profile,Line chart,256,soft,0.14643582175578182,87.22686268372937,4,False
profile_bidmc_02,BIDMC,empirical,profile,Area chart,256,hard,0.3567578613679192,73.70511927543015,4,False
profile_bidmc_02,BIDMC,empirical,profile,Area chart,256,soft,0.2595533033341315,79.3932259439061,4,False
profile_bidmc_02,BIDMC,empirical,profile,Dot plot,256,hard,0.11843974352777117,89.41027049394815,4,True
profile_bidmc_02,BIDMC,empirical,profile,Dot plot,256,soft,0.11841283786427514,89.41242143729353,4,True
profile_bidmc_02,BIDMC,empirical,profile,Bar chart,256,hard,0.3665714497591379,73.1758299338284,4,False
profile_bidmc_02,BIDMC,empirical,profile,Bar chart,256,soft,0.3461447323717626,74.28621722109385,4,False
profile_bidmc_02,BIDMC,empirical,profile,Line chart,384,hard,0.11488813020698743,89.6950979121414,4,False
profile_bidmc_02,BIDMC,empirical,profile,Line chart,384,soft,0.09711520377071485,91.14813071253265,4,False
profile_bidmc_02,BIDMC,empirical,profile,Area chart,384,hard,0.2555422883277546,79.64685931302967,4,False
profile_bidmc_02,BIDMC,empirical,profile,Area chart,384,soft,0.14050676018842856,87.68032202060647,4,False
profile_bidmc_02,BIDMC,empirical,profile,Dot plot,384,hard,0.07642947712504658,92.8997227640796,4,True
profile_bidmc_02,BIDMC,empirical,profile,Dot plot,384,soft,0.07921982698018265,92.65952820734849,4,True
profile_bidmc_02,BIDMC,empirical,profile,Bar chart,384,hard,0.25840512895371853,79.46566467282555,4,False
profile_bidmc_02,BIDMC,empirical,profile,Bar chart,384,soft,0.19934696362732837,83.37870777406901,4,False
assoc_bidmc_02,BIDMC,empirical,association,Scatter plot,256,hard,0.0448375320889887,95.70865989094563,4,False
assoc_bidmc_02,BIDMC,empirical,association,Scatter plot,256,soft,0.041331448864311,96.0309036177302,4,False
assoc_bidmc_02,BIDMC,empirical,association,Heatmap,256,hard,0.0049643179946184,99.506020471998,4,True
assoc_bidmc_02,BIDMC,empirical,association,Heatmap,256,soft,0.0049643179946184,99.506020471998,4,True
assoc_bidmc_02,BIDMC,empirical,association,Scatter plot,384,hard,0.04119278819218862,96.04369251695346,4,False
assoc_bidmc_02,BIDMC,empirical,association,Scatter plot,384,soft,0.04146966557081817,96.01815905525302,4,False
assoc_bidmc_02,BIDMC,empirical,association,Heatmap,384,hard,0.0049643179946184,99.506020471998,4,True
assoc_bidmc_02,BIDMC,empirical,association,Heatmap,384,soft,0.0049643179946184,99.506020471998,4,True
profile_bidmc_03,BIDMC,empirical,profile,Line chart,256,hard,0.10530786127820228,90.47253123157724,4,False
profile_bidmc_03,BIDMC,empirical,profile,Line chart,256,soft,0.09240849627781272,91.54084789777102,4,False
profile_bidmc_03,BIDMC,empirical,profile,Area chart,256,hard,0.20224916616508995,83.17743344250175,4,False
profile_bidmc_03,BIDMC,empirical,profile,Area chart,256,soft,0.17210033424697205,85.3169281486862,4,False
profile_bidmc_03,BIDMC,empirical,profile,Dot plot,256,hard,0.07591592404812793,92.9440653910489,4,True
profile_bidmc_03,BIDMC,empirical,profile,Dot plot,256,soft,0.07668873840863702,92.87735297371233,4,True
profile_bidmc_03,BIDMC,empirical,profile,Bar chart,256,hard,0.22903930060107108,81.36436316649454,4,False
profile_bidmc_03,BIDMC,empirical,profile,Bar chart,256,soft,0.22923536002999811,81.35138578958517,4,False
profile_bidmc_03,BIDMC,empirical,profile,Line chart,384,hard,0.06552228399533941,93.850688532796,4,False
profile_bidmc_03,BIDMC,empirical,profile,Line chart,384,soft,0.06460743285904542,93.93133742401746,4,False
profile_bidmc_03,BIDMC,empirical,profile,Area chart,384,hard,0.14118892361243934,87.62790974473315,4,False
profile_bidmc_03,BIDMC,empirical,profile,Area chart,384,soft,0.09277949427517106,91.50976983360118,4,False
profile_bidmc_03,BIDMC,empirical,profile,Dot plot,384,hard,0.05669934125560267,94.6342976623577,4,True
profile_bidmc_03,BIDMC,empirical,profile,Dot plot,384,soft,0.0507246249956506,95.17241494213,4,True
profile_bidmc_03,BIDMC,empirical,profile,Bar chart,384,hard,0.16565598615677632,85.78860417446556,4,False
profile_bidmc_03,BIDMC,empirical,profile,Bar chart,384,soft,0.1318431642946573,88.35146348418162,4,False
assoc_bidmc_03,BIDMC,empirical,association,Scatter plot,256,hard,0.02999511917490585,97.08783870753349,4,False
assoc_bidmc_03,BIDMC,empirical,association,Scatter plot,256,soft,0.03002220415957015,97.08528573089681,4,False
assoc_bidmc_03,BIDMC,empirical,association,Heatmap,256,hard,5.551115123125783e-17,100.0,4,True
assoc_bidmc_03,BIDMC,empirical,association,Heatmap,256,soft,5.551115123125783e-17,100.0,4,True
assoc_bidmc_03,BIDMC,empirical,association,Scatter plot,384,hard,0.030241197107418922,97.06464882278767,4,False
assoc_bidmc_03,BIDMC,empirical,association,Scatter plot,384,soft,0.02998788902740885,97.08852022952176,4,False
assoc_bidmc_03,BIDMC,empirical,association,Heatmap,384,hard,5.551115123125783e-17,100.0,4,True
assoc_bidmc_03,BIDMC,empirical,association,Heatmap,384,soft,5.551115123125783e-17,100.0,4,True
profile_bidmc_04,BIDMC,empirical,profile,Line chart,256,hard,0.0326497281533482,96.8382572267041,4,True
profile_bidmc_04,BIDMC,empirical,profile,Line chart,256,soft,0.03978670778769375,96.17357026304501,4,False
profile_bidmc_04,BIDMC,empirical,profile,Area chart,256,hard,0.08335301539664383,92.30601528661218,4,False
profile_bidmc_04,BIDMC,empirical,profile,Area chart,256,soft,0.07682148980804734,92.8659029806564,4,False
profile_bidmc_04,BIDMC,empirical,profile,Dot plot,256,hard,0.03427229165705505,96.68633763724388,4,False
profile_bidmc_04,BIDMC,empirical,profile,Dot plot,256,soft,0.0344031661893307,96.67410470947517,4,True
profile_bidmc_04,BIDMC,empirical,profile,Bar chart,256,hard,0.10844318525180223,90.21662213321584,4,False
profile_bidmc_04,BIDMC,empirical,profile,Bar chart,256,soft,0.09944562248600075,90.95493033469539,4,False
profile_bidmc_04,BIDMC,empirical,profile,Line chart,384,hard,0.027866292847829474,97.28891850606148,4,False
profile_bidmc_04,BIDMC,empirical,profile,Line chart,384,soft,0.027045675211899198,97.36665312316133,4,False
profile_bidmc_04,BIDMC,empirical,profile,Area chart,384,hard,0.06316847813359383,94.0584696186171,4,False
profile_bidmc_04,BIDMC,empirical,profile,Area chart,384,soft,0.045950142099630775,95.60685158401616,4,False
profile_bidmc_04,BIDMC,empirical,profile,Dot plot,384,hard,0.023746964943718397,97.68038726786126,4,True
profile_bidmc_04,BIDMC,empirical,profile,Dot plot,384,soft,0.023300926086150652,97.72296442892214,4,True
profile_bidmc_04,BIDMC,empirical,profile,Bar chart,384,hard,0.0760867277591951,92.92931268489527,4,False
profile_bidmc_04,BIDMC,empirical,profile,Bar chart,384,soft,0.058433254799853354,94.47926881219327,4,False
assoc_bidmc_04,BIDMC,empirical,association,Scatter plot,256,hard,0.0031381902636278504,99.68716271655423,4,False
assoc_bidmc_04,BIDMC,empirical,association,Scatter plot,256,soft,0.00404049993122845,99.59757600101737,4,False
assoc_bidmc_04,BIDMC,empirical,association,Heatmap,256,hard,0.0020146526356396,99.79893980289208,4,True
assoc_bidmc_04,BIDMC,empirical,association,Heatmap,256,soft,0.0020146526356396,99.79893980289208,4,True
assoc_bidmc_04,BIDMC,empirical,association,Scatter plot,384,hard,0.00391109468915955,99.6104142378892,4,False
assoc_bidmc_04,BIDMC,empirical,association,Scatter plot,384,soft,0.003957004886440749,99.60585912870957,4,False
assoc_bidmc_04,BIDMC,empirical,association,Heatmap,384,hard,0.0020146526356396,99.79893980289208,4,True
assoc_bidmc_04,BIDMC,empirical,association,Heatmap,384,soft,0.0020146526356396,99.79893980289208,4,True
profile_bidmc_05,BIDMC,empirical,profile,Line chart,256,hard,0.32189944541530424,75.64871923263631,4,False
profile_bidmc_05,BIDMC,empirical,profile,Line chart,256,soft,0.24416972960325395,80.37488585410965,4,False
profile_bidmc_05,BIDMC,empirical,profile,Area chart,256,hard,0.6498501468996735,60.611565352111306,4,False
profile_bidmc_05,BIDMC,empirical,profile,Area chart,256,soft,0.5309084279447039,65.32069337044109,4,False
profile_bidmc_05,BIDMC,empirical,profile,Dot plot,256,hard,0.2471121669864657,80.18524928807406,4,True
profile_bidmc_05,BIDMC,empirical,profile,Dot plot,256,soft,0.2346860029687441,80.99225208640475,4,True
profile_bidmc_05,BIDMC,empirical,profile,Bar chart,256,hard,0.6694135219805676,59.901275917162494,4,False
profile_bidmc_05,BIDMC,empirical,profile,Bar chart,256,soft,0.7414394450036221,57.42375957252536,4,False
profile_bidmc_05,BIDMC,empirical,profile,Line chart,384,hard,0.21742807012490006,82.14037646572471,4,False
profile_bidmc_05,BIDMC,empirical,profile,Line chart,384,soft,0.18754526675487446,84.20731638572676,4,False
profile_bidmc_05,BIDMC,empirical,profile,Area chart,384,hard,0.5214558782962967,65.72651985937213,4,False
profile_bidmc_05,BIDMC,empirical,profile,Area chart,384,soft,0.3008841829690019,76.87079396397185,4,False
profile_bidmc_05,BIDMC,empirical,profile,Dot plot,384,hard,0.15989691328438493,86.21455825486957,4,True
profile_bidmc_05,BIDMC,empirical,profile,Dot plot,384,soft,0.15662233733596032,86.45864494570394,4,True
profile_bidmc_05,BIDMC,empirical,profile,Bar chart,384,hard,0.5177020004618806,65.88908756104104,4,False
profile_bidmc_05,BIDMC,empirical,profile,Bar chart,384,soft,0.3886435548178685,72.01272036517375,4,False
assoc_bidmc_05,BIDMC,empirical,association,Scatter plot,256,hard,0.0022802849269394,99.77249029425879,4,False
assoc_bidmc_05,BIDMC,empirical,association,Scatter plot,256,soft,0.00224885746391575,99.77561885482153,4,False
assoc_bidmc_05,BIDMC,empirical,association,Heatmap,256,hard,2.775557561562892e-17,100.0,4,True
assoc_bidmc_05,BIDMC,empirical,association,Heatmap,256,soft,2.775557561562892e-17,100.0,4,True
assoc_bidmc_05,BIDMC,empirical,association,Scatter plot,384,hard,0.011952237893763202,98.81889308149167,4,False
assoc_bidmc_05,BIDMC,empirical,association,Scatter plot,384,soft,0.002236268057278725,99.77687216791571,4,False
assoc_bidmc_05,BIDMC,empirical,association,Heatmap,384,hard,2.775557561562892e-17,100.0,4,True
assoc_bidmc_05,BIDMC,empirical,association,Heatmap,384,soft,2.775557561562892e-17,100.0,4,True
profile_bidmc_06,BIDMC,empirical,profile,Line chart,256,hard,0.18295135151753983,84.53433006498179,4,True
profile_bidmc_06,BIDMC,empirical,profile,Line chart,256,soft,0.21218700019790965,82.49552254204454,4,False
profile_bidmc_06,BIDMC,empirical,profile,Area chart,256,hard,0.49689451385754857,66.80497461527636,4,False
profile_bidmc_06,BIDMC,empirical,profile,Area chart,256,soft,0.4244379528736226,70.20312804658336,4,False
profile_bidmc_06,BIDMC,empirical,profile,Dot plot,256,hard,0.19292893653852672,83.82729007325946,4,False
profile_bidmc_06,BIDMC,empirical,profile,Dot plot,256,soft,0.19124554212545242,83.94574960723656,4,True
profile_bidmc_06,BIDMC,empirical,profile,Bar chart,256,hard,0.5663740276528219,63.84171228237732,4,False
profile_bidmc_06,BIDMC,empirical,profile,Bar chart,256,soft,0.5931639364302884,62.76817954093556,4,False
profile_bidmc_06,BIDMC,empirical,profile,Line chart,384,hard,0.16969769205441504,85.49217518277187,4,False
profile_bidmc_06,BIDMC,empirical,profile,Line chart,384,soft,0.15471916831376292,86.60114315589828,4,False
profile_bidmc_06,BIDMC,empirical,profile,Area chart,384,hard,0.4070486286415086,71.07074905900657,4,False
profile_bidmc_06,BIDMC,empirical,profile,Area chart,384,soft,0.23579287588514086,80.91970908019248,4,False
profile_bidmc_06,BIDMC,empirical,profile,Dot plot,384,hard,0.1345818464643755,88.13819850160971,4,True
profile_bidmc_06,BIDMC,empirical,profile,Dot plot,384,soft,0.1273189973313507,88.70603638963355,4,True
profile_bidmc_06,BIDMC,empirical,profile,Bar chart,384,hard,0.41434334649042026,70.70418950825625,4,False
profile_bidmc_06,BIDMC,empirical,profile,Bar chart,384,soft,0.3316854720750323,75.09280689544507,4,False
assoc_bidmc_06,BIDMC,empirical,association,Scatter plot,256,hard,0.1299861051706451,88.4966634035721,4,False
assoc_bidmc_06,BIDMC,empirical,association,Scatter plot,256,soft,0.1299826962500525,88.49693037942868,4,False
assoc_bidmc_06,BIDMC,empirical,association,Heatmap,256,hard,0.016639207607604,98.3633124236119,4,True
assoc_bidmc_06,BIDMC,empirical,association,Heatmap,256,soft,0.016639207607604,98.3633124236119,4,True
assoc_bidmc_06,BIDMC,empirical,association,Scatter plot,384,hard,0.12799676844191038,88.6527362468679,4,False
assoc_bidmc_06,BIDMC,empirical,association,Scatter plot,384,soft,0.13009752892012996,88.48793793537047,4,False
assoc_bidmc_06,BIDMC,empirical,association,Heatmap,384,hard,0.016639207607604,98.3633124236119,4,True
assoc_bidmc_06,BIDMC,empirical,association,Heatmap,384,soft,0.016639207607604,98.3633124236119,4,True
profile_bidmc_07,BIDMC,empirical,profile,Line chart,256,hard,0.6358646907197207,61.12975025825862,4,True
profile_bidmc_07,BIDMC,empirical,profile,Line chart,256,soft,0.734965655423,57.63802856121617,4,False
profile_bidmc_07,BIDMC,empirical,profile,Area chart,256,hard,1.9435275846826712,33.97284282993412,4,False
profile_bidmc_07,BIDMC,empirical,profile,Area chart,256,soft,1.5643162340205392,38.99675035134494,4,False
profile_bidmc_07,BIDMC,empirical,profile,Dot plot,256,hard,0.6361137853718491,61.120443390966486,4,False
profile_bidmc_07,BIDMC,empirical,profile,Dot plot,256,soft,0.6611128014790626,60.20060763541135,4,True
profile_bidmc_07,BIDMC,empirical,profile,Bar chart,256,hard,1.99797639615634,33.355832997287266,4,False
profile_bidmc_07,BIDMC,empirical,profile,Bar chart,256,soft,1.9376367004282444,34.04096905019676,4,False
profile_bidmc_07,BIDMC,empirical,profile,Line chart,384,hard,0.6217410969478486,61.662123620226524,4,False
profile_bidmc_07,BIDMC,empirical,profile,Line chart,384,soft,0.5570883510221415,64.22243152378321,4,False
profile_bidmc_07,BIDMC,empirical,profile,Area chart,384,hard,1.526137252717381,39.58613091684919,4,False
profile_bidmc_07,BIDMC,empirical,profile,Area chart,384,soft,0.8249980780251679,54.79457825413717,4,False
profile_bidmc_07,BIDMC,empirical,profile,Dot plot,384,hard,0.46757171730363395,68.13977049362178,4,True
profile_bidmc_07,BIDMC,empirical,profile,Dot plot,384,soft,0.45041340278463093,68.94586040642704,4,True
profile_bidmc_07,BIDMC,empirical,profile,Bar chart,384,hard,1.526137252717381,39.58613091684919,4,False
profile_bidmc_07,BIDMC,empirical,profile,Bar chart,384,soft,1.011575054238459,49.71228878052376,4,False
assoc_bidmc_07,BIDMC,empirical,association,Scatter plot,256,hard,0.08020805375024705,92.5747587724622,4,False
assoc_bidmc_07,BIDMC,empirical,association,Scatter plot,256,soft,0.0801961692213067,92.57577729801443,4,False
assoc_bidmc_07,BIDMC,empirical,association,Heatmap,256,hard,0.0044175893490983,99.56018399160442,4,True
assoc_bidmc_07,BIDMC,empirical,association,Heatmap,256,soft,0.0044175893490983,99.56018399160442,4,True
assoc_bidmc_07,BIDMC,empirical,association,Scatter plot,384,hard,0.0669817468898565,93.72231557989613,4,False
assoc_bidmc_07,BIDMC,empirical,association,Scatter plot,384,soft,0.08030991581040936,92.56602992946114,4,False
assoc_bidmc_07,BIDMC,empirical,association,Heatmap,384,hard,0.0044175893490983,99.56018399160442,4,True
assoc_bidmc_07,BIDMC,empirical,association,Heatmap,384,soft,0.0044175893490983,99.56018399160442,4,True
profile_bidmc_08,BIDMC,empirical,profile,Line chart,256,hard,0.32751957438631285,75.3284561142747,4,False
profile_bidmc_08,BIDMC,empirical,profile,Line chart,256,soft,0.2562020916469197,79.6050258672129,4,False
profile_bidmc_08,BIDMC,empirical,profile,Area chart,256,hard,0.7346177598717285,57.6495884646049,4,False
profile_bidmc_08,BIDMC,empirical,profile,Area chart,256,soft,0.5004524281019401,66.64656481412021,4,False
profile_bidmc_08,BIDMC,empirical,profile,Dot plot,256,hard,0.2536593300056671,79.76648648205565,4,True
profile_bidmc_08,BIDMC,empirical,profile,Dot plot,256,soft,0.238916022625549,80.7157209800846,4,True
profile_bidmc_08,BIDMC,empirical,profile,Bar chart,256,hard,0.752335254632513,57.06670554943054,4,False
profile_bidmc_08,BIDMC,empirical,profile,Bar chart,256,soft,0.7018693002659647,58.75891878675536,4,False
profile_bidmc_08,BIDMC,empirical,profile,Line chart,384,hard,0.19194151672764279,83.89673368752192,4,False
profile_bidmc_08,BIDMC,empirical,profile,Line chart,384,soft,0.19922279091791253,83.38734116573761,4,False
profile_bidmc_08,BIDMC,empirical,profile,Area chart,384,hard,0.5509548655899565,64.47640883602485,4,False
profile_bidmc_08,BIDMC,empirical,profile,Area chart,384,soft,0.3046626308557265,76.64816760667861,4,False
profile_bidmc_08,BIDMC,empirical,profile,Dot plot,384,hard,0.17383627851305405,85.19075601128468,4,True
profile_bidmc_08,BIDMC,empirical,profile,Dot plot,384,soft,0.16689016702844683,85.69786842463141,4,True
profile_bidmc_08,BIDMC,empirical,profile,Bar chart,384,hard,0.5509548655899565,64.47640883602485,4,False
profile_bidmc_08,BIDMC,empirical,profile,Bar chart,384,soft,0.3925614857422229,71.81011468710905,4,False
assoc_bidmc_08,BIDMC,empirical,association,Scatter plot,256,hard,0.08337289320404254,92.30432164889508,4,False
assoc_bidmc_08,BIDMC,empirical,association,Scatter plot,256,soft,0.08340308564784113,92.30174929786463,4,False
assoc_bidmc_08,BIDMC,empirical,association,Heatmap,256,hard,5.551115123125783e-17,100.0,4,True
assoc_bidmc_08,BIDMC,empirical,association,Heatmap,256,soft,5.551115123125783e-17,100.0,4,True
assoc_bidmc_08,BIDMC,empirical,association,Scatter plot,384,hard,0.08947389825881429,91.78742158010297,4,False
assoc_bidmc_08,BIDMC,empirical,association,Scatter plot,384,soft,0.08332732576513674,92.3082041979986,4,False
assoc_bidmc_08,BIDMC,empirical,association,Heatmap,384,hard,5.551115123125783e-17,100.0,4,True
assoc_bidmc_08,BIDMC,empirical,association,Heatmap,384,soft,5.551115123125783e-17,100.0,4,True
profile_bidmc_09,BIDMC,empirical,profile,Line chart,256,hard,0.17363044603151795,85.20569685128507,4,True
profile_bidmc_09,BIDMC,empirical,profile,Line chart,256,soft,0.19667973400732847,83.56454710328336,4,False
profile_bidmc_09,BIDMC,empirical,profile,Area chart,256,hard,0.4865724426246635,67.26883744961796,4,False
profile_bidmc_09,BIDMC,empirical,profile,Area chart,256,soft,0.37784856707420783,72.57691620810331,4,False
profile_bidmc_09,BIDMC,empirical,profile,Dot plot,256,hard,0.17681848358989732,84.9748719912598,4,False
profile_bidmc_09,BIDMC,empirical,profile,Dot plot,256,soft,0.17107609208287866,85.39154771927737,4,True
profile_bidmc_09,BIDMC,empirical,profile,Bar chart,256,hard,0.5441054548592379,64.7624161195105,4,False
profile_bidmc_09,BIDMC,empirical,profile,Bar chart,256,soft,0.5049230107368312,66.4485819450914,4,False
profile_bidmc_09,BIDMC,empirical,profile,Line chart,384,hard,0.15359394084752373,86.6856148070021,4,False
profile_bidmc_09,BIDMC,empirical,profile,Line chart,384,soft,0.1496078407907705,86.98618472470916,4,False
profile_bidmc_09,BIDMC,empirical,profile,Area chart,384,hard,0.3704040244197612,72.97118092041558,4,False
profile_bidmc_09,BIDMC,empirical,profile,Area chart,384,soft,0.19699933377028334,83.54223530352527,4,False
profile_bidmc_09,BIDMC,empirical,profile,Dot plot,384,hard,0.11794897783556252,89.44952049028919,4,True
profile_bidmc_09,BIDMC,empirical,profile,Dot plot,384,soft,0.11809279744925061,89.4380146514976,4,True
profile_bidmc_09,BIDMC,empirical,profile,Bar chart,384,hard,0.3960260584671904,71.631900703772,4,False
profile_bidmc_09,BIDMC,empirical,profile,Bar chart,384,soft,0.27185038550302887,78.62560025914452,4,False
assoc_bidmc_09,BIDMC,empirical,association,Scatter plot,256,hard,0.06896592663837355,93.54835126922578,4,False
assoc_bidmc_09,BIDMC,empirical,association,Scatter plot,256,soft,0.06899804378216295,93.54554068798436,4,False
assoc_bidmc_09,BIDMC,empirical,association,Heatmap,256,hard,5.551115123125783e-17,100.0,4,True
assoc_bidmc_09,BIDMC,empirical,association,Heatmap,256,soft,5.551115123125783e-17,100.0,4,True
assoc_bidmc_09,BIDMC,empirical,association,Scatter plot,384,hard,0.07111432120349173,93.36071605096377,4,False
assoc_bidmc_09,BIDMC,empirical,association,Scatter plot,384,soft,0.06893419827876268,93.55112799368163,4,False
assoc_bidmc_09,BIDMC,empirical,association,Heatmap,384,hard,5.551115123125783e-17,100.0,4,True
assoc_bidmc_09,BIDMC,empirical,association,Heatmap,384,soft,5.551115123125783e-17,100.0,4,True
profile_bidmc_10,BIDMC,empirical,profile,Line chart,256,hard,0.10137249314816815,90.79580307490662,4,False
profile_bidmc_10,BIDMC,empirical,profile,Line chart,256,soft,0.09007870631333842,91.7364951914357,4,False
profile_bidmc_10,BIDMC,empirical,profile,Area chart,256,hard,0.2034295831514848,83.09584657053611,4,False
profile_bidmc_10,BIDMC,empirical,profile,Area chart,256,soft,0.18153592417885378,84.635598422027,4,False
profile_bidmc_10,BIDMC,empirical,profile,Dot plot,256,hard,0.07970183370949338,92.61816260553483,4,True
profile_bidmc_10,BIDMC,empirical,profile,Dot plot,256,soft,0.07820428418289077,92.74680268571208,4,True
profile_bidmc_10,BIDMC,empirical,profile,Bar chart,256,hard,0.2256876123883428,81.58685703377765,4,False
profile_bidmc_10,BIDMC,empirical,profile,Bar chart,256,soft,0.24276307573508632,80.4658602693443,4,False
profile_bidmc_10,BIDMC,empirical,profile,Line chart,384,hard,0.08144957499475453,92.46848148281443,4,False
profile_bidmc_10,BIDMC,empirical,profile,Line chart,384,soft,0.06849345763181108,93.58971670415103,4,False
profile_bidmc_10,BIDMC,empirical,profile,Area chart,384,hard,0.17303168615093925,85.24918907189054,4,False
profile_bidmc_10,BIDMC,empirical,profile,Area chart,384,soft,0.09732255928151835,91.13090690988426,4,False
profile_bidmc_10,BIDMC,empirical,profile,Dot plot,384,hard,0.0540066614336234,94.87606071102384,4,True
profile_bidmc_10,BIDMC,empirical,profile,Dot plot,384,soft,0.05350889031013058,94.92088858458719,4,True
profile_bidmc_10,BIDMC,empirical,profile,Bar chart,384,hard,0.17930695581972936,84.79556531614841,4,False
profile_bidmc_10,BIDMC,empirical,profile,Bar chart,384,soft,0.12129120136862835,89.18289903456102,4,False
assoc_bidmc_10,BIDMC,empirical,association,Scatter plot,256,hard,0.04391704797836163,95.79305194187498,4,False
assoc_bidmc_10,BIDMC,empirical,association,Scatter plot,256,soft,0.050999935430743354,95.14748443730004,4,False
assoc_bidmc_10,BIDMC,empirical,association,Heatmap,256,hard,0.0030298606677039,99.6979291657691,4,True
assoc_bidmc_10,BIDMC,empirical,association,Heatmap,256,soft,0.0030298606677039,99.6979291657691,4,True
assoc_bidmc_10,BIDMC,empirical,association,Scatter plot,384,hard,0.0502368127276284,95.21662046894399,4,False
assoc_bidmc_10,BIDMC,empirical,association,Scatter plot,384,soft,0.050789290641763546,95.16655802508757,4,False
assoc_bidmc_10,BIDMC,empirical,association,Heatmap,384,hard,0.0030298606677039,99.6979291657691,4,True
assoc_bidmc_10,BIDMC,empirical,association,Heatmap,384,soft,0.0030298606677039,99.6979291657691,4,True
profile_bidmc_11,BIDMC,empirical,profile,Line chart,256,hard,0.08159900814494758,92.45570608603846,4,False
profile_bidmc_11,BIDMC,empirical,profile,Line chart,256,soft,0.08396711107920014,92.25372151784178,4,False
profile_bidmc_11,BIDMC,empirical,profile,Area chart,256,hard,0.16836079279528907,85.58999978144698,4,False
profile_bidmc_11,BIDMC,empirical,profile,Area chart,256,soft,0.1630932377493144,85.97762995639852,4,False
profile_bidmc_11,BIDMC,empirical,profile,Dot plot,256,hard,0.07212098756424558,93.2730551494848,4,True
profile_bidmc_11,BIDMC,empirical,profile,Dot plot,256,soft,0.0676115819540874,93.66702430950257,4,True
profile_bidmc_11,BIDMC,empirical,profile,Bar chart,256,hard,0.2050052265450773,82.98719192008348,4,False
profile_bidmc_11,BIDMC,empirical,profile,Bar chart,256,soft,0.20389360066228854,83.06381888315362,4,False
profile_bidmc_11,BIDMC,empirical,profile,Line chart,384,hard,0.057343742254051075,94.57662253414341,4,False
profile_bidmc_11,BIDMC,empirical,profile,Line chart,384,soft,0.0574768925531383,94.56471408898894,4,False
profile_bidmc_11,BIDMC,empirical,profile,Area chart,384,hard,0.1250713721663526,88.88324996435341,4,False
profile_bidmc_11,BIDMC,empirical,profile,Area chart,384,soft,0.08849374296974415,91.87007334297522,4,False
profile_bidmc_11,BIDMC,empirical,profile,Dot plot,384,hard,0.04591184104296433,95.61035268544413,4,True
profile_bidmc_11,BIDMC,empirical,profile,Dot plot,384,soft,0.045865740216148025,95.61456710431408,4,True
profile_bidmc_11,BIDMC,empirical,profile,Bar chart,384,hard,0.1478807419636481,87.11706394597469,4,False
profile_bidmc_11,BIDMC,empirical,profile,Bar chart,384,soft,0.11724229862502059,89.50609919000475,4,False
assoc_bidmc_11,BIDMC,empirical,association,Scatter plot,256,hard,0.003729433588655225,99.628442340749,4,True
assoc_bidmc_11,BIDMC,empirical,association,Scatter plot,256,soft,0.005445493277397125,99.45839995168244,4,True
assoc_bidmc_11,BIDMC,empirical,association,Heatmap,256,hard,0.0055721948455796,99.44586824554797,4,False
assoc_bidmc_11,BIDMC,empirical,association,Heatmap,256,soft,0.0055721948455796,99.44586824554797,4,False
assoc_bidmc_11,BIDMC,empirical,association,Scatter plot,384,hard,0.008149560947344401,99.19163175157401,4,False
assoc_bidmc_11,BIDMC,empirical,association,Scatter plot,384,soft,0.0052728162592956245,99.47548405029828,4,True
assoc_bidmc_11,BIDMC,empirical,association,Heatmap,384,hard,0.0055721948455796,99.44586824554797,4,True
assoc_bidmc_11,BIDMC,empirical,association,Heatmap,384,soft,0.0055721948455796,99.44586824554797,4,False
profile_bidmc_12,BIDMC,empirical,profile,Line chart,256,hard,0.05395351532642487,94.88084488150176,4,False
profile_bidmc_12,BIDMC,empirical,profile,Line chart,256,soft,0.05055817739039247,95.18749380296292,4,False
profile_bidmc_12,BIDMC,empirical,profile,Area chart,256,hard,0.10788911366779497,90.2617407882441,4,False
profile_bidmc_12,BIDMC,empirical,profile,Area chart,256,soft,0.10297583662852625,90.6638175371735,4,False
profile_bidmc_12,BIDMC,empirical,profile,Dot plot,256,hard,0.043781540521748374,95.80548813884336,4,True
profile_bidmc_12,BIDMC,empirical,profile,Dot plot,256,soft,0.045670696797151925,95.6324015833054,4,True
profile_bidmc_12,BIDMC,empirical,profile,Bar chart,256,hard,0.13631972005540893,88.00340101034577,4,False
profile_bidmc_12,BIDMC,empirical,profile,Bar chart,256,soft,0.13745265359063372,87.91574724831557,4,False
profile_bidmc_12,BIDMC,empirical,profile,Line chart,384,hard,0.03950794109835383,96.19936130005804,4,False
profile_bidmc_12,BIDMC,empirical,profile,Line chart,384,soft,0.03906970624722277,96.23993404751164,4,False
profile_bidmc_12,BIDMC,empirical,profile,Area chart,384,hard,0.0875665180010924,91.94839887476157,4,False
profile_bidmc_12,BIDMC,empirical,profile,Area chart,384,soft,0.05648437152660217,94.6535535168416,4,False
profile_bidmc_12,BIDMC,empirical,profile,Dot plot,384,hard,0.03150286169219287,96.94592590460563,4,True
profile_bidmc_12,BIDMC,empirical,profile,Dot plot,384,soft,0.031575122933464275,96.9391348985157,4,True
profile_bidmc_12,BIDMC,empirical,profile,Bar chart,384,hard,0.10341210779348664,90.6279705412802,4,False
profile_bidmc_12,BIDMC,empirical,profile,Bar chart,384,soft,0.0738523362531721,93.1226730380032,4,False
assoc_bidmc_12,BIDMC,empirical,association,Scatter plot,256,hard,0.0285051359759927,97.2284887086205,4,False
assoc_bidmc_12,BIDMC,empirical,association,Scatter plot,256,soft,0.028571731047535125,97.22219363170359,4,False
assoc_bidmc_12,BIDMC,empirical,association,Heatmap,256,hard,0.0024115377141146,99.75942638094392,4,True
assoc_bidmc_12,BIDMC,empirical,association,Heatmap,256,soft,0.0024115377141146,99.75942638094392,4,True
assoc_bidmc_12,BIDMC,empirical,association,Scatter plot,384,hard,0.029472231921940324,97.13715134725703,4,False
assoc_bidmc_12,BIDMC,empirical,association,Scatter plot,384,soft,0.028505325074446926,97.22847083243019,4,False
assoc_bidmc_12,BIDMC,empirical,association,Heatmap,384,hard,0.0024115377141146,99.75942638094392,4,True
assoc_bidmc_12,BIDMC,empirical,association,Heatmap,384,soft,0.0024115377141146,99.75942638094392,4,True
profile_bidmc_13,BIDMC,empirical,profile,Line chart,256,hard,0.31531118599522945,76.02763594254318,4,False
profile_bidmc_13,BIDMC,empirical,profile,Line chart,256,soft,0.3336185960328311,74.98395740541864,4,False
profile_bidmc_13,BIDMC,empirical,profile,Area chart,256,hard,0.9017874747135084,52.5821109506804,4,False
profile_bidmc_13,BIDMC,empirical,profile,Area chart,256,soft,0.5953658831289029,62.681546006158484,4,False
profile_bidmc_13,BIDMC,empirical,profile,Dot plot,256,hard,0.30582347683715644,76.58002921054127,4,True
profile_bidmc_13,BIDMC,empirical,profile,Dot plot,256,soft,0.2938937178990381,77.28610056347993,4,True
profile_bidmc_13,BIDMC,empirical,profile,Bar chart,256,hard,0.8999510592812792,52.6329346808693,4,False
profile_bidmc_13,BIDMC,empirical,profile,Bar chart,256,soft,0.8791682114629158,53.215033859130095,4,False
profile_bidmc_13,BIDMC,empirical,profile,Line chart,384,hard,0.25506848665366894,79.67692684773353,4,False
profile_bidmc_13,BIDMC,empirical,profile,Line chart,384,soft,0.2384278944923569,80.74753519742943,4,False
profile_bidmc_13,BIDMC,empirical,profile,Area chart,384,hard,0.6512809713767462,60.559045815580106,4,False
profile_bidmc_13,BIDMC,empirical,profile,Area chart,384,soft,0.37026070200564054,72.97881334087063,4,False
profile_bidmc_13,BIDMC,empirical,profile,Dot plot,384,hard,0.190027434908792,84.03167613330221,4,True
profile_bidmc_13,BIDMC,empirical,profile,Dot plot,384,soft,0.19790828648049236,83.47884485698353,4,True
profile_bidmc_13,BIDMC,empirical,profile,Bar chart,384,hard,0.6512809713767473,60.55904581558007,4,False
profile_bidmc_13,BIDMC,empirical,profile,Bar chart,384,soft,0.4993975000778178,66.6934552010458,4,False
assoc_bidmc_13,BIDMC,empirical,association,Scatter plot,256,hard,0.06775949646758495,93.65404881045308,4,False
assoc_bidmc_13,BIDMC,empirical,association,Scatter plot,256,soft,0.06774321407802758,93.65547697378508,4,False
assoc_bidmc_13,BIDMC,empirical,association,Heatmap,256,hard,0.0053090472496508,99.47189898825883,4,True
assoc_bidmc_13,BIDMC,empirical,association,Heatmap,256,soft,0.0053090472496508,99.47189898825883,4,True
assoc_bidmc_13,BIDMC,empirical,association,Scatter plot,384,hard,0.0676133585527946,93.66686843967106,4,False
assoc_bidmc_13,BIDMC,empirical,association,Scatter plot,384,soft,0.06777683689252136,93.65252789246041,4,False
assoc_bidmc_13,BIDMC,empirical,association,Heatmap,384,hard,0.0053090472496508,99.47189898825883,4,True
assoc_bidmc_13,BIDMC,empirical,association,Heatmap,384,soft,0.0053090472496508,99.47189898825883,4,True
profile_bidmc_14,BIDMC,empirical,profile,Line chart,256,hard,0.2391546995337621,80.70017410870933,4,False
profile_bidmc_14,BIDMC,empirical,profile,Line chart,256,soft,0.23580748433959225,80.91875253000217,4,False
profile_bidmc_14,BIDMC,empirical,profile,Area chart,256,hard,0.6268134186637149,61.469864246719375,4,False
profile_bidmc_14,BIDMC,empirical,profile,Area chart,256,soft,0.449940319434849,68.96835591066089,4,False
profile_bidmc_14,BIDMC,empirical,profile,Dot plot,256,hard,0.21634150429604754,82.21375300177279,4,True
profile_bidmc_14,BIDMC,empirical,profile,Dot plot,256,soft,0.2028442150915652,83.13628543525697,4,True
profile_bidmc_14,BIDMC,empirical,profile,Bar chart,256,hard,0.6315078589116645,61.292993137469374,4,False
profile_bidmc_14,BIDMC,empirical,profile,Bar chart,256,soft,0.5949509530833937,62.69785275006597,4,False
profile_bidmc_14,BIDMC,empirical,profile,Line chart,384,hard,0.19008905463148984,84.02732519119328,4,False
profile_bidmc_14,BIDMC,empirical,profile,Line chart,384,soft,0.16445228441857487,85.87728440064953,4,False
profile_bidmc_14,BIDMC,empirical,profile,Area chart,384,hard,0.4481418607765687,69.05400824914682,4,False
profile_bidmc_14,BIDMC,empirical,profile,Area chart,384,soft,0.23913370309263698,80.701541528908,4,False
profile_bidmc_14,BIDMC,empirical,profile,Dot plot,384,hard,0.1448953057041646,87.34423095437123,4,True
profile_bidmc_14,BIDMC,empirical,profile,Dot plot,384,soft,0.13486506495761813,88.11620261104304,4,True
profile_bidmc_14,BIDMC,empirical,profile,Bar chart,384,hard,0.4481418607765682,69.05400824914685,4,False
profile_bidmc_14,BIDMC,empirical,profile,Bar chart,384,soft,0.33622001047102834,74.83797519597778,4,False
assoc_bidmc_14,BIDMC,empirical,association,Scatter plot,256,hard,0.020188295166845376,98.02112068306532,4,False
assoc_bidmc_14,BIDMC,empirical,association,Scatter plot,256,soft,0.020148763060864848,98.02491913038152,4,False
assoc_bidmc_14,BIDMC,empirical,association,Heatmap,256,hard,2.775557561562892e-17,100.0,4,True
assoc_bidmc_14,BIDMC,empirical,association,Heatmap,256,soft,2.775557561562892e-17,100.0,4,True
assoc_bidmc_14,BIDMC,empirical,association,Scatter plot,384,hard,0.028475950644042874,97.23124778695983,4,False
assoc_bidmc_14,BIDMC,empirical,association,Scatter plot,384,soft,0.02015282517740715,98.02452880783792,4,False
assoc_bidmc_14,BIDMC,empirical,association,Heatmap,384,hard,2.775557561562892e-17,100.0,4,True
assoc_bidmc_14,BIDMC,empirical,association,Heatmap,384,soft,2.775557561562892e-17,100.0,4,True
profile_bidmc_15,BIDMC,empirical,profile,Line chart,256,hard,0.11628707578682924,89.58269084098615,4,True
profile_bidmc_15,BIDMC,empirical,profile,Line chart,256,soft,0.14431562700549141,87.38847712993795,4,False
profile_bidmc_15,BIDMC,empirical,profile,Area chart,256,hard,0.40018508566595945,71.41912953060613,4,False
profile_bidmc_15,BIDMC,empirical,profile,Area chart,256,soft,0.30178892355580794,76.81736892249181,4,False
profile_bidmc_15,BIDMC,empirical,profile,Dot plot,256,hard,0.13408242776964388,88.17701213893784,4,False
profile_bidmc_15,BIDMC,empirical,profile,Dot plot,256,soft,0.13099027587624512,88.41808999862893,4,True
profile_bidmc_15,BIDMC,empirical,profile,Bar chart,256,hard,0.3891787912833389,71.98497459612011,4,False
profile_bidmc_15,BIDMC,empirical,profile,Bar chart,256,soft,0.4073364013659426,71.05621648309621,4,False
profile_bidmc_15,BIDMC,empirical,profile,Line chart,384,hard,0.11634185262784,89.57829518314894,4,False
profile_bidmc_15,BIDMC,empirical,profile,Line chart,384,soft,0.0957492047062747,91.26175914205285,4,False
profile_bidmc_15,BIDMC,empirical,profile,Area chart,384,hard,0.27961868559029085,78.14828051988768,4,False
profile_bidmc_15,BIDMC,empirical,profile,Area chart,384,soft,0.1636070312091659,85.93966632883327,4,False
profile_bidmc_15,BIDMC,empirical,profile,Dot plot,384,hard,0.09314826533815662,91.4788992223903,4,True
profile_bidmc_15,BIDMC,empirical,profile,Dot plot,384,soft,0.0864268007460173,92.04485744583339,4,True
profile_bidmc_15,BIDMC,empirical,profile,Bar chart,384,hard,0.27961868559029085,78.14828051988768,4,False
profile_bidmc_15,BIDMC,empirical,profile,Bar chart,384,soft,0.23454092176049152,81.00177016197817,4,False
assoc_bidmc_15,BIDMC,empirical,association,Scatter plot,256,hard,0.035712367721842074,96.55190293803335,4,False
assoc_bidmc_15,BIDMC,empirical,association,Scatter plot,256,soft,0.04153240298893532,96.01237533563548,4,False
assoc_bidmc_15,BIDMC,empirical,association,Heatmap,256,hard,0.0032579491967362,99.67526305678966,4,True
assoc_bidmc_15,BIDMC,empirical,association,Heatmap,256,soft,0.0032579491967362,99.67526305678966,4,True
assoc_bidmc_15,BIDMC,empirical,association,Scatter plot,384,hard,0.0428883899768296,95.8875378814235,4,False
assoc_bidmc_15,BIDMC,empirical,association,Scatter plot,384,soft,0.041437205179295625,96.02115183006528,4,False
assoc_bidmc_15,BIDMC,empirical,association,Heatmap,384,hard,0.0032579491967362,99.67526305678966,4,True
assoc_bidmc_15,BIDMC,empirical,association,Heatmap,384,soft,0.0032579491967362,99.67526305678966,4,True
profile_bidmc_16,BIDMC,empirical,profile,Line chart,256,hard,0.13955697845750112,87.75340056743765,4,False
profile_bidmc_16,BIDMC,empirical,profile,Line chart,256,soft,0.13967150896520955,87.74458184955176,4,False
profile_bidmc_16,BIDMC,empirical,profile,Area chart,256,hard,0.3884273098062852,72.02393621453045,4,False
profile_bidmc_16,BIDMC,empirical,profile,Area chart,256,soft,0.3139156376733978,76.10838712375319,4,False
profile_bidmc_16,BIDMC,empirical,profile,Dot plot,256,hard,0.13005220809815116,88.49148675024266,4,True
profile_bidmc_16,BIDMC,empirical,profile,Dot plot,256,soft,0.13480061944874808,88.1212067442975,4,True
profile_bidmc_16,BIDMC,empirical,profile,Bar chart,256,hard,0.3884273098062852,72.02393621453045,4,False
profile_bidmc_16,BIDMC,empirical,profile,Bar chart,256,soft,0.4217688346761952,70.33492193741522,4,False
profile_bidmc_16,BIDMC,empirical,profile,Line chart,384,hard,0.12817369730575925,88.63883304389596,4,False
profile_bidmc_16,BIDMC,empirical,profile,Line chart,384,soft,0.1060478811508509,90.41199906820422,4,False
profile_bidmc_16,BIDMC,empirical,profile,Area chart,384,hard,0.3033508603930022,76.72531091884711,4,False
profile_bidmc_16,BIDMC,empirical,profile,Area chart,384,soft,0.1580904685476749,86.34903983400095,4,False
profile_bidmc_16,BIDMC,empirical,profile,Dot plot,384,hard,0.09258563135727879,91.5260068684719,4,True
profile_bidmc_16,BIDMC,empirical,profile,Dot plot,384,soft,0.09310910764079655,91.482176208215,4,True
profile_bidmc_16,BIDMC,empirical,profile,Bar chart,384,hard,0.3033508603930022,76.72531091884711,4,False
profile_bidmc_16,BIDMC,empirical,profile,Bar chart,384,soft,0.22177335932484787,81.84824070420066,4,False
assoc_bidmc_16,BIDMC,empirical,association,Scatter plot,256,hard,0.06119298884583675,94.23356642109079,4,False
assoc_bidmc_16,BIDMC,empirical,association,Scatter plot,256,soft,0.06123562208096925,94.22978075680376,4,False
assoc_bidmc_16,BIDMC,empirical,association,Heatmap,256,hard,5.551115123125783e-17,100.0,4,True
assoc_bidmc_16,BIDMC,empirical,association,Heatmap,256,soft,5.551115123125783e-17,100.0,4,True
assoc_bidmc_16,BIDMC,empirical,association,Scatter plot,384,hard,0.06383245454674726,93.99976431684034,4,False
assoc_bidmc_16,BIDMC,empirical,association,Scatter plot,384,soft,0.06116221703747018,94.23629902615441,4,False
assoc_bidmc_16,BIDMC,empirical,association,Heatmap,384,hard,5.551115123125783e-17,100.0,4,True
assoc_bidmc_16,BIDMC,empirical,association,Heatmap,384,soft,5.551115123125783e-17,100.0,4,True
profile_bidmc_17,BIDMC,empirical,profile,Line chart,256,hard,0.05694258942694505,94.61251822033037,4,False
profile_bidmc_17,BIDMC,empirical,profile,Line chart,256,soft,0.05585432491373408,94.7100349360886,4,False
profile_bidmc_17,BIDMC,empirical,profile,Area chart,256,hard,0.1139704417822204,89.76898869956717,4,False
profile_bidmc_17,BIDMC,empirical,profile,Area chart,256,soft,0.09936953281817977,90.96122551591448,4,False
profile_bidmc_17,BIDMC,empirical,profile,Dot plot,256,hard,0.046284355872962826,95.57631196403145,4,True
profile_bidmc_17,BIDMC,empirical,profile,Dot plot,256,soft,0.04520803289431598,95.67473350074347,4,True
profile_bidmc_17,BIDMC,empirical,profile,Bar chart,256,hard,0.1333254940259531,88.2359044485679,4,False
profile_bidmc_17,BIDMC,empirical,profile,Bar chart,256,soft,0.13871249404092875,87.81847966305506,4,False
profile_bidmc_17,BIDMC,empirical,profile,Line chart,384,hard,0.0437240832346553,95.81076225632853,4,False
profile_bidmc_17,BIDMC,empirical,profile,Line chart,384,soft,0.0411753560037438,96.04530055707583,4,False
profile_bidmc_17,BIDMC,empirical,profile,Area chart,384,hard,0.07618172726832168,92.92110938719485,4,False
profile_bidmc_17,BIDMC,empirical,profile,Area chart,384,soft,0.054003754269957155,94.87632239912065,4,False
profile_bidmc_17,BIDMC,empirical,profile,Dot plot,384,hard,0.030383319310728726,97.05126056087033,4,True
profile_bidmc_17,BIDMC,empirical,profile,Dot plot,384,soft,0.030317436590550348,97.05746641628483,4,True
profile_bidmc_17,BIDMC,empirical,profile,Bar chart,384,hard,0.09900302036272543,90.99156066649849,4,False
profile_bidmc_17,BIDMC,empirical,profile,Bar chart,384,soft,0.07768619700297326,92.79138981096564,4,False
assoc_bidmc_17,BIDMC,empirical,association,Scatter plot,256,hard,0.020239055137909148,98.01624383658068,4,False
assoc_bidmc_17,BIDMC,empirical,association,Scatter plot,256,soft,0.023164213936960602,97.7360218798282,4,False
assoc_bidmc_17,BIDMC,empirical,association,Heatmap,256,hard,0.0022878695193928,99.77173528793779,4,True
assoc_bidmc_17,BIDMC,empirical,association,Heatmap,256,soft,0.0022878695193928,99.77173528793779,4,True
assoc_bidmc_17,BIDMC,empirical,association,Scatter plot,384,hard,0.020322305347407525,98.00824648830077,4,False
assoc_bidmc_17,BIDMC,empirical,association,Scatter plot,384,soft,0.023147473470942127,97.73762101054541,4,False
assoc_bidmc_17,BIDMC,empirical,association,Heatmap,384,hard,0.0022878695193928,99.77173528793779,4,True
assoc_bidmc_17,BIDMC,empirical,association,Heatmap,384,soft,0.0022878695193928,99.77173528793779,4,True
profile_bidmc_18,BIDMC,empirical,profile,Line chart,256,hard,0.5840095705328799,63.13093169402934,4,False
profile_bidmc_18,BIDMC,empirical,profile,Line chart,256,soft,0.5705490132727983,63.672002054628265,4,False
profile_bidmc_18,BIDMC,empirical,profile,Area chart,256,hard,1.618443322550816,38.190629958941685,4,False
profile_bidmc_18,BIDMC,empirical,profile,Area chart,256,soft,1.2216253282167022,45.01209035110792,4,False
profile_bidmc_18,BIDMC,empirical,profile,Dot plot,256,hard,0.5444756594986583,64.74689282734332,4,True
profile_bidmc_18,BIDMC,empirical,profile,Dot plot,256,soft,0.5188694650651449,65.83844253904398,4,True
profile_bidmc_18,BIDMC,empirical,profile,Bar chart,256,hard,1.575032533529491,38.834460806960806,4,False
profile_bidmc_18,BIDMC,empirical,profile,Bar chart,256,soft,1.560436557574931,39.05583979581712,4,False
profile_bidmc_18,BIDMC,empirical,profile,Line chart,384,hard,0.4767748311193708,67.71513022347601,4,False
profile_bidmc_18,BIDMC,empirical,profile,Line chart,384,soft,0.4139127265976278,70.7257231078436,4,False
profile_bidmc_18,BIDMC,empirical,profile,Area chart,384,hard,1.1656308686774202,46.175921042846674,4,False
profile_bidmc_18,BIDMC,empirical,profile,Area chart,384,soft,0.6629855318218817,60.13281419859687,4,False
profile_bidmc_18,BIDMC,empirical,profile,Dot plot,384,hard,0.35367162140815633,73.87315979629908,4,True
profile_bidmc_18,BIDMC,empirical,profile,Dot plot,384,soft,0.34762065321100777,74.20485858667098,4,True
profile_bidmc_18,BIDMC,empirical,profile,Bar chart,384,hard,1.1656308686774202,46.175921042846674,4,False
profile_bidmc_18,BIDMC,empirical,profile,Bar chart,384,soft,0.8628730008178668,53.6805246284081,4,False
assoc_bidmc_18,BIDMC,empirical,association,Scatter plot,256,hard,0.011747463299702025,98.83889372340118,4,False
assoc_bidmc_18,BIDMC,empirical,association,Scatter plot,256,soft,0.011747578039811399,98.83888251429558,4,False
assoc_bidmc_18,BIDMC,empirical,association,Heatmap,256,hard,0.0033898930093492,99.66215595423407,4,True
assoc_bidmc_18,BIDMC,empirical,association,Heatmap,256,soft,0.0033898930093492,99.66215595423407,4,True
assoc_bidmc_18,BIDMC,empirical,association,Scatter plot,384,hard,0.018772433917934726,98.15734767717058,4,False
assoc_bidmc_18,BIDMC,empirical,association,Scatter plot,384,soft,0.01170301222251035,98.84323639634114,4,False
assoc_bidmc_18,BIDMC,empirical,association,Heatmap,384,hard,0.0033898930093492,99.66215595423407,4,True
assoc_bidmc_18,BIDMC,empirical,association,Heatmap,384,soft,0.0033898930093492,99.66215595423407,4,True
profile_bidmc_19,BIDMC,empirical,profile,Line chart,256,hard,0.20631955120591866,82.89677465646083,4,False
profile_bidmc_19,BIDMC,empirical,profile,Line chart,256,soft,0.21317199197276576,82.42854324174415,4,False
profile_bidmc_19,BIDMC,empirical,profile,Area chart,256,hard,0.5145748235093581,66.02513025292086,4,False
profile_bidmc_19,BIDMC,empirical,profile,Area chart,256,soft,0.4216718600177354,70.33971960221011,4,False
profile_bidmc_19,BIDMC,empirical,profile,Dot plot,256,hard,0.18107076413213088,84.6689318175457,4,True
profile_bidmc_19,BIDMC,empirical,profile,Dot plot,256,soft,0.17687177701113466,84.97102399206729,4,True
profile_bidmc_19,BIDMC,empirical,profile,Bar chart,256,hard,0.5403637503693967,64.91973079476772,4,False
profile_bidmc_19,BIDMC,empirical,profile,Bar chart,256,soft,0.5291581374128073,65.39546012500098,4,False
profile_bidmc_19,BIDMC,empirical,profile,Line chart,384,hard,0.1767208643253479,84.98192139843907,4,False
profile_bidmc_19,BIDMC,empirical,profile,Line chart,384,soft,0.15848862410469683,86.31936293486007,4,False
profile_bidmc_19,BIDMC,empirical,profile,Area chart,384,hard,0.3848247925965622,72.21130105022085,4,False
profile_bidmc_19,BIDMC,empirical,profile,Area chart,384,soft,0.1988582352962402,83.41269806207721,4,False
profile_bidmc_19,BIDMC,empirical,profile,Dot plot,384,hard,0.12915238616320288,88.56200564725762,4,True
profile_bidmc_19,BIDMC,empirical,profile,Dot plot,384,soft,0.12026637998941088,89.26448368551883,4,True
profile_bidmc_19,BIDMC,empirical,profile,Bar chart,384,hard,0.4005711011857893,71.39944549429536,4,False
profile_bidmc_19,BIDMC,empirical,profile,Bar chart,384,soft,0.2884941147663825,77.60997807749479,4,False
assoc_bidmc_19,BIDMC,empirical,association,Scatter plot,256,hard,0.0041953438381764,99.5822183538373,4,True
assoc_bidmc_19,BIDMC,empirical,association,Scatter plot,256,soft,0.004501139777400924,99.55190296962746,4,True
assoc_bidmc_19,BIDMC,empirical,association,Heatmap,256,hard,0.0056150605104809,99.44162923458698,4,False
assoc_bidmc_19,BIDMC,empirical,association,Heatmap,256,soft,0.0056150605104809,99.44162923458698,4,False
assoc_bidmc_19,BIDMC,empirical,association,Scatter plot,384,hard,0.0082966463656678,99.17716215802439,4,False
assoc_bidmc_19,BIDMC,empirical,association,Scatter plot,384,soft,0.004464427140177574,99.5555415384009,4,True
assoc_bidmc_19,BIDMC,empirical,association,Heatmap,384,hard,0.0056150605104809,99.44162923458698,4,True
assoc_bidmc_19,BIDMC,empirical,association,Heatmap,384,soft,0.0056150605104809,99.44162923458698,4,False
profile_bidmc_20,BIDMC,empirical,profile,Line chart,256,hard,0.39055352708885116,71.91380845967994,4,False
profile_bidmc_20,BIDMC,empirical,profile,Line chart,256,soft,0.3480528109020531,74.1810700525039,4,False
profile_bidmc_20,BIDMC,empirical,profile,Area chart,256,hard,0.9239594829654034,51.976146527716764,4,False
profile_bidmc_20,BIDMC,empirical,profile,Area chart,256,soft,0.7399723076776508,57.472179044889785,4,False
profile_bidmc_20,BIDMC,empirical,profile,Dot plot,256,hard,0.3455515213589384,74.31896765945098,4,True
profile_bidmc_20,BIDMC,empirical,profile,Dot plot,256,soft,0.3298437499471395,75.19680413881326,4,True
profile_bidmc_20,BIDMC,empirical,profile,Bar chart,256,hard,0.9789411947518887,50.53207253717187,4,False
profile_bidmc_20,BIDMC,empirical,profile,Bar chart,256,soft,1.0112588629945858,49.72010408004312,4,False
profile_bidmc_20,BIDMC,empirical,profile,Line chart,384,hard,0.318543518370936,75.84125863630976,4,False
profile_bidmc_20,BIDMC,empirical,profile,Line chart,384,soft,0.27109800579797544,78.67213979084292,4,False
profile_bidmc_20,BIDMC,empirical,profile,Area chart,384,hard,0.7577519378657376,56.89084895643466,4,False
profile_bidmc_20,BIDMC,empirical,profile,Area chart,384,soft,0.4086796033727238,70.98846306894451,4,False
profile_bidmc_20,BIDMC,empirical,profile,Dot plot,384,hard,0.23777422025425232,80.79017834081155,4,True
profile_bidmc_20,BIDMC,empirical,profile,Dot plot,384,soft,0.22716656166658172,81.48853067198368,4,True
profile_bidmc_20,BIDMC,empirical,profile,Bar chart,384,hard,0.7577519378657376,56.89084895643466,4,False
profile_bidmc_20,BIDMC,empirical,profile,Bar chart,384,soft,0.5352627429911965,65.13543069844002,4,False
assoc_bidmc_20,BIDMC,empirical,association,Scatter plot,256,hard,0.03138420701482555,96.95707896229456,4,False
assoc_bidmc_20,BIDMC,empirical,association,Scatter plot,256,soft,0.034391684471721994,96.67517778922533,4,False
assoc_bidmc_20,BIDMC,empirical,association,Heatmap,256,hard,0.0107107788938143,98.94027261631295,4,True
assoc_bidmc_20,BIDMC,empirical,association,Heatmap,256,soft,0.0107107788938143,98.94027261631295,4,True
assoc_bidmc_20,BIDMC,empirical,association,Scatter plot,384,hard,0.036632987057961724,96.46615653608238,4,False
assoc_bidmc_20,BIDMC,empirical,association,Scatter plot,384,soft,0.03438641979338865,96.67566983330492,4,False
assoc_bidmc_20,BIDMC,empirical,association,Heatmap,384,hard,0.0107107788938143,98.94027261631295,4,True
assoc_bidmc_20,BIDMC,empirical,association,Heatmap,384,soft,0.0107107788938143,98.94027261631295,4,True
profile_bidmc_21,BIDMC,empirical,profile,Line chart,256,hard,0.07574586530976338,92.95875840638698,4,False
profile_bidmc_21,BIDMC,empirical,profile,Line chart,256,soft,0.06763236815823764,93.66520066500891,4,False
profile_bidmc_21,BIDMC,empirical,profile,Area chart,256,hard,0.1479302276074935,87.11330845291805,4,False
profile_bidmc_21,BIDMC,empirical,profile,Area chart,256,soft,0.13783232781544877,87.88641134146044,4,False
profile_bidmc_21,BIDMC,empirical,profile,Dot plot,256,hard,0.059007000151511196,94.42808214269886,4,True
profile_bidmc_21,BIDMC,empirical,profile,Dot plot,256,soft,0.05767251335828238,94.54722396300508,4,True
profile_bidmc_21,BIDMC,empirical,profile,Bar chart,256,hard,0.16428551208578812,85.88958546847546,4,False
profile_bidmc_21,BIDMC,empirical,profile,Bar chart,256,soft,0.18243031862369796,84.57157975820176,4,False
profile_bidmc_21,BIDMC,empirical,profile,Line chart,384,hard,0.05546744914666625,94.7447503765738,4,False
profile_bidmc_21,BIDMC,empirical,profile,Line chart,384,soft,0.0524159334285462,95.01946599594076,4,False
profile_bidmc_21,BIDMC,empirical,profile,Area chart,384,hard,0.11982789519329107,89.29943648415654,4,False
profile_bidmc_21,BIDMC,empirical,profile,Area chart,384,soft,0.07162889266908427,93.31588638948698,4,False
profile_bidmc_21,BIDMC,empirical,profile,Dot plot,384,hard,0.0392992867667183,96.21867471024837,4,True
profile_bidmc_21,BIDMC,empirical,profile,Dot plot,384,soft,0.039461784523595826,96.20363296552726,4,True
profile_bidmc_21,BIDMC,empirical,profile,Bar chart,384,hard,0.1291307998282973,88.56369874527081,4,False
profile_bidmc_21,BIDMC,empirical,profile,Bar chart,384,soft,0.09560384365259347,91.2738674470269,4,False
assoc_bidmc_21,BIDMC,empirical,association,Scatter plot,256,hard,0.003491086004481325,99.6521059276788,4,True
assoc_bidmc_21,BIDMC,empirical,association,Scatter plot,256,soft,0.0010282267870651502,99.8972829377284,4,True
assoc_bidmc_21,BIDMC,empirical,association,Heatmap,256,hard,0.0064096254182525,99.36311962282866,4,False
assoc_bidmc_21,BIDMC,empirical,association,Heatmap,256,soft,0.0064096254182525,99.36311962282866,4,False
assoc_bidmc_21,BIDMC,empirical,association,Scatter plot,384,hard,0.005664934860155575,99.43669758546932,4,True
assoc_bidmc_21,BIDMC,empirical,association,Scatter plot,384,soft,0.0009575230751322,99.90433928982415,4,True
assoc_bidmc_21,BIDMC,empirical,association,Heatmap,384,hard,0.0064096254182525,99.36311962282866,4,False
assoc_bidmc_21,BIDMC,empirical,association,Heatmap,384,soft,0.0064096254182525,99.36311962282866,4,False
profile_bidmc_22,BIDMC,empirical,profile,Line chart,256,hard,0.0842190221054151,92.23228698368781,4,False
profile_bidmc_22,BIDMC,empirical,profile,Line chart,256,soft,0.07054940243596289,93.40998161547402,4,False
profile_bidmc_22,BIDMC,empirical,profile,Area chart,256,hard,0.13000204608289906,88.49541498322546,4,False
profile_bidmc_22,BIDMC,empirical,profile,Area chart,256,soft,0.10784227192361995,90.2655572316837,4,False
profile_bidmc_22,BIDMC,empirical,profile,Dot plot,256,hard,0.04872591744221073,95.3537986778232,4,True
profile_bidmc_22,BIDMC,empirical,profile,Dot plot,256,soft,0.0508241744124425,95.16339882065806,4,True
profile_bidmc_22,BIDMC,empirical,profile,Bar chart,256,hard,0.15358260956896722,86.68646629248747,4,False
profile_bidmc_22,BIDMC,empirical,profile,Bar chart,256,soft,0.15047860040492386,86.92034772728834,4,False
profile_bidmc_22,BIDMC,empirical,profile,Line chart,384,hard,0.05059503109083077,95.18415473198098,4,False
profile_bidmc_22,BIDMC,empirical,profile,Line chart,384,soft,0.04712690364101088,95.49940857434339,4,False
profile_bidmc_22,BIDMC,empirical,profile,Area chart,384,hard,0.09181000421100807,91.59102738966435,4,False
profile_bidmc_22,BIDMC,empirical,profile,Area chart,384,soft,0.06877970875205178,93.56465058338713,4,False
profile_bidmc_22,BIDMC,empirical,profile,Dot plot,384,hard,0.03574503282353643,96.54885790510698,4,True
profile_bidmc_22,BIDMC,empirical,profile,Dot plot,384,soft,0.03372226978316398,96.73778240356206,4,True
profile_bidmc_22,BIDMC,empirical,profile,Bar chart,384,hard,0.1130552598371965,89.8427990130757,4,False
profile_bidmc_22,BIDMC,empirical,profile,Bar chart,384,soft,0.08303775154278206,92.33288484870494,4,False
assoc_bidmc_22,BIDMC,empirical,association,Scatter plot,256,hard,0.001972906981588475,99.8030977716222,4,True
assoc_bidmc_22,BIDMC,empirical,association,Scatter plot,256,soft,0.0014795881552802249,99.8522597791528,4,True
assoc_bidmc_22,BIDMC,empirical,association,Heatmap,256,hard,0.0080042509446125,99.20593083440752,4,False
assoc_bidmc_22,BIDMC,empirical,association,Heatmap,256,soft,0.0080042509446125,99.20593083440752,4,False
assoc_bidmc_22,BIDMC,empirical,association,Scatter plot,384,hard,0.005514436983950176,99.45158052623384,4,True
assoc_bidmc_22,BIDMC,empirical,association,Scatter plot,384,soft,0.00151610863530655,99.84861864704578,4,True
assoc_bidmc_22,BIDMC,empirical,association,Heatmap,384,hard,0.0080042509446125,99.20593083440752,4,False
assoc_bidmc_22,BIDMC,empirical,association,Heatmap,384,soft,0.0080042509446125,99.20593083440752,4,False
profile_bidmc_23,BIDMC,empirical,profile,Line chart,256,hard,0.0648584232679779,93.90919751858357,4,False
profile_bidmc_23,BIDMC,empirical,profile,Line chart,256,soft,0.06454503275735445,93.93684336770876,4,False
profile_bidmc_23,BIDMC,empirical,profile,Area chart,256,hard,0.1010894657552371,90.81914150491852,4,False
profile_bidmc_23,BIDMC,empirical,profile,Area chart,256,soft,0.0902655472902251,91.72077412566382,4,False
profile_bidmc_23,BIDMC,empirical,profile,Dot plot,256,hard,0.0401273076116221,96.14207729015749,4,True
profile_bidmc_23,BIDMC,empirical,profile,Dot plot,256,soft,0.042331565385448175,95.9387620224478,4,True
profile_bidmc_23,BIDMC,empirical,profile,Bar chart,256,hard,0.12648729788768034,88.77152914863208,4,False
profile_bidmc_23,BIDMC,empirical,profile,Bar chart,256,soft,0.1260992544679282,88.80211899904782,4,False
profile_bidmc_23,BIDMC,empirical,profile,Line chart,384,hard,0.0436746501275916,95.81530028325857,4,False
profile_bidmc_23,BIDMC,empirical,profile,Line chart,384,soft,0.0401319923810001,96.14164426486559,4,False
profile_bidmc_23,BIDMC,empirical,profile,Area chart,384,hard,0.07410036373753015,93.1011694773397,4,False
profile_bidmc_23,BIDMC,empirical,profile,Area chart,384,soft,0.05254999096043473,95.00736388658521,4,False
profile_bidmc_23,BIDMC,empirical,profile,Dot plot,384,hard,0.0291669286282179,97.16596717044779,4,True
profile_bidmc_23,BIDMC,empirical,profile,Dot plot,384,soft,0.0291373912131146,97.1687559443576,4,True
profile_bidmc_23,BIDMC,empirical,profile,Bar chart,384,hard,0.0964794115322426,91.20098284404445,4,False
profile_bidmc_23,BIDMC,empirical,profile,Bar chart,384,soft,0.06796480764368618,93.63604426314002,4,False
assoc_bidmc_23,BIDMC,empirical,association,Scatter plot,256,hard,0.0370940717455282,96.42326836531856,4,False
assoc_bidmc_23,BIDMC,empirical,association,Scatter plot,256,soft,0.037138439246631974,96.4191434970235,4,False
assoc_bidmc_23,BIDMC,empirical,association,Heatmap,256,hard,0.0139357955159788,98.62557416577968,4,True
assoc_bidmc_23,BIDMC,empirical,association,Heatmap,256,soft,0.0139357955159788,98.62557416577968,4,True
assoc_bidmc_23,BIDMC,empirical,association,Scatter plot,384,hard,0.04541027192466368,95.6562248196528,4,False
assoc_bidmc_23,BIDMC,empirical,association,Scatter plot,384,soft,0.0369437040455184,96.43725074935247,4,False
assoc_bidmc_23,BIDMC,empirical,association,Heatmap,384,hard,0.0139357955159788,98.62557416577968,4,True
assoc_bidmc_23,BIDMC,empirical,association,Heatmap,384,soft,0.0139357955159788,98.62557416577968,4,True
profile_bidmc_24,BIDMC,empirical,profile,Line chart,256,hard,0.0812199699448272,92.4881178481219,4,False
profile_bidmc_24,BIDMC,empirical,profile,Line chart,256,soft,0.08343695688622885,92.29886368967655,4,False
profile_bidmc_24,BIDMC,empirical,profile,Area chart,256,hard,0.1885675754653349,84.13488813275855,4,False
profile_bidmc_24,BIDMC,empirical,profile,Area chart,256,soft,0.15721186353268768,86.41459973865477,4,False
profile_bidmc_24,BIDMC,empirical,profile,Dot plot,256,hard,0.07135149722225456,93.34004783609757,4,True
profile_bidmc_24,BIDMC,empirical,profile,Dot plot,256,soft,0.0724362844055922,93.2456328213717,4,True
profile_bidmc_24,BIDMC,empirical,profile,Bar chart,256,hard,0.2203352604191045,81.94469441590716,4,False
profile_bidmc_24,BIDMC,empirical,profile,Bar chart,256,soft,0.22099222066116597,81.9006037121597,4,False
profile_bidmc_24,BIDMC,empirical,profile,Line chart,384,hard,0.06188587272587974,94.17207872188584,4,False
profile_bidmc_24,BIDMC,empirical,profile,Line chart,384,soft,0.06260349672653408,94.10848007564525,4,False
profile_bidmc_24,BIDMC,empirical,profile,Area chart,384,hard,0.14704803819959525,87.18030690062452,4,False
profile_bidmc_24,BIDMC,empirical,profile,Area chart,384,soft,0.0793319037110924,92.64990653585578,4,False
profile_bidmc_24,BIDMC,empirical,profile,Dot plot,384,hard,0.0511844052026958,95.13078723872182,4,True
profile_bidmc_24,BIDMC,empirical,profile,Dot plot,384,soft,0.0496191529408847,95.27265172306937,4,True
profile_bidmc_24,BIDMC,empirical,profile,Bar chart,384,hard,0.16623163067101931,85.74625946516527,4,False
profile_bidmc_24,BIDMC,empirical,profile,Bar chart,384,soft,0.11708588022535737,89.51863215729333,4,False
assoc_bidmc_24,BIDMC,empirical,association,Scatter plot,256,hard,0.00521390501298015,99.4813138788691,4,False
assoc_bidmc_24,BIDMC,empirical,association,Scatter plot,256,soft,0.004019621468353275,99.59964712019526,4,True
assoc_bidmc_24,BIDMC,empirical,association,Heatmap,256,hard,0.005038913507511,99.4986349841992,4,True
assoc_bidmc_24,BIDMC,empirical,association,Heatmap,256,soft,0.005038913507511,99.4986349841992,4,False
assoc_bidmc_24,BIDMC,empirical,association,Scatter plot,384,hard,0.003009892682660017,99.69991395851443,4,True
assoc_bidmc_24,BIDMC,empirical,association,Scatter plot,384,soft,0.004068543034560074,99.59479429339913,4,True
assoc_bidmc_24,BIDMC,empirical,association,Heatmap,384,hard,0.005038913507511,99.4986349841992,4,False
assoc_bidmc_24,BIDMC,empirical,association,Heatmap,384,soft,0.005038913507511,99.4986349841992,4,False
profile_bidmc_25,BIDMC,empirical,profile,Line chart,256,hard,0.08172823429785363,92.44466107969318,4,False
profile_bidmc_25,BIDMC,empirical,profile,Line chart,256,soft,0.08797016409254803,91.91428524458462,4,False
profile_bidmc_25,BIDMC,empirical,profile,Area chart,256,hard,0.2223069577173111,81.81250983529743,4,False
profile_bidmc_25,BIDMC,empirical,profile,Area chart,256,soft,0.17864487848973196,84.8431973234686,4,False
profile_bidmc_25,BIDMC,empirical,profile,Dot plot,256,hard,0.08018453148595038,92.57677469463066,4,True
profile_bidmc_25,BIDMC,empirical,profile,Dot plot,256,soft,0.07998945538797295,92.59349663194278,4,True
profile_bidmc_25,BIDMC,empirical,profile,Bar chart,256,hard,0.24205284602573546,80.51187219607884,4,False
profile_bidmc_25,BIDMC,empirical,profile,Bar chart,256,soft,0.2434347474931299,80.42239466253335,4,False
profile_bidmc_25,BIDMC,empirical,profile,Line chart,384,hard,0.0641254361555582,93.9738837192701,4,False
profile_bidmc_25,BIDMC,empirical,profile,Line chart,384,soft,0.061916450867496024,94.16936701405129,4,False
profile_bidmc_25,BIDMC,empirical,profile,Area chart,384,hard,0.16487904874202713,85.84582245512246,4,False
profile_bidmc_25,BIDMC,empirical,profile,Area chart,384,soft,0.1033570155109303,90.63249573275529,4,False
profile_bidmc_25,BIDMC,empirical,profile,Dot plot,384,hard,0.04964227996460685,95.27055255755506,4,True
profile_bidmc_25,BIDMC,empirical,profile,Dot plot,384,soft,0.052857727512417546,94.9795944759503,4,True
profile_bidmc_25,BIDMC,empirical,profile,Bar chart,384,hard,0.17271219951913613,85.27241384629957,4,False
profile_bidmc_25,BIDMC,empirical,profile,Bar chart,384,soft,0.13832058323756602,87.84871456473535,4,False
assoc_bidmc_25,BIDMC,empirical,association,Scatter plot,256,hard,0.06490198734056474,93.90535578747037,4,False
assoc_bidmc_25,BIDMC,empirical,association,Scatter plot,256,soft,0.06606787796081964,93.80265747363154,4,False
assoc_bidmc_25,BIDMC,empirical,association,Heatmap,256,hard,0.0146490366002705,98.55624594595248,4,True
assoc_bidmc_25,BIDMC,empirical,association,Heatmap,256,soft,0.0146490366002705,98.55624594595248,4,True
assoc_bidmc_25,BIDMC,empirical,association,Scatter plot,384,hard,0.060445709735956143,94.29997130630981,4,False
assoc_bidmc_25,BIDMC,empirical,association,Scatter plot,384,soft,0.06588408394511805,93.81883218470965,4,False
assoc_bidmc_25,BIDMC,empirical,association,Heatmap,384,hard,0.0146490366002705,98.55624594595248,4,True
assoc_bidmc_25,BIDMC,empirical,association,Heatmap,384,soft,0.0146490366002705,98.55624594595248,4,True
profile_bidmc_26,BIDMC,empirical,profile,Line chart,256,hard,0.15160847146654355,86.83506806150235,4,False
profile_bidmc_26,BIDMC,empirical,profile,Line chart,256,soft,0.16736455887725943,85.66304265411088,4,False
profile_bidmc_26,BIDMC,empirical,profile,Area chart,256,hard,0.4339159036183207,69.73909679616607,4,False
profile_bidmc_26,BIDMC,empirical,profile,Area chart,256,soft,0.3561921105384876,73.73586619693147,4,False
profile_bidmc_26,BIDMC,empirical,profile,Dot plot,256,hard,0.1481119867669397,87.09951742738788,4,True
profile_bidmc_26,BIDMC,empirical,profile,Dot plot,256,soft,0.1484866019153211,87.07110717115104,4,True
profile_bidmc_26,BIDMC,empirical,profile,Bar chart,256,hard,0.43738535819046886,69.57076571719811,4,False
profile_bidmc_26,BIDMC,empirical,profile,Bar chart,256,soft,0.460473141619481,68.47096132771917,4,False
profile_bidmc_26,BIDMC,empirical,profile,Line chart,384,hard,0.13797046973681457,87.87574252531142,4,False
profile_bidmc_26,BIDMC,empirical,profile,Line chart,384,soft,0.12142449486480228,89.17229867718905,4,False
profile_bidmc_26,BIDMC,empirical,profile,Area chart,384,hard,0.33585688050236884,74.85831862646357,4,False
profile_bidmc_26,BIDMC,empirical,profile,Area chart,384,soft,0.18989273325994696,84.04118892803908,4,False
profile_bidmc_26,BIDMC,empirical,profile,Dot plot,384,hard,0.10386440187550945,90.59083690904066,4,True
profile_bidmc_26,BIDMC,empirical,profile,Dot plot,384,soft,0.09919897835713842,90.97533928703236,4,True
profile_bidmc_26,BIDMC,empirical,profile,Bar chart,384,hard,0.3279166889188623,75.30592908009619,4,False
profile_bidmc_26,BIDMC,empirical,profile,Bar chart,384,soft,0.24797512553502027,80.12980223233932,4,False
assoc_bidmc_26,BIDMC,empirical,association,Scatter plot,256,hard,0.0047483169235054,99.52741230380514,4,True
assoc_bidmc_26,BIDMC,empirical,association,Scatter plot,256,soft,0.0028132310188468002,99.7194661047712,4,True
assoc_bidmc_26,BIDMC,empirical,association,Heatmap,256,hard,0.008045686418926,99.20185299859689,4,False
assoc_bidmc_26,BIDMC,empirical,association,Heatmap,256,soft,0.008045686418926,99.20185299859689,4,False
assoc_bidmc_26,BIDMC,empirical,association,Scatter plot,384,hard,0.003853152716665975,99.61616370818398,4,True
assoc_bidmc_26,BIDMC,empirical,association,Scatter plot,384,soft,0.0029376768422801247,99.7070927825217,4,True
assoc_bidmc_26,BIDMC,empirical,association,Heatmap,384,hard,0.008045686418926,99.20185299859689,4,False
assoc_bidmc_26,BIDMC,empirical,association,Heatmap,384,soft,0.008045686418926,99.20185299859689,4,False
profile_bidmc_27,BIDMC,empirical,profile,Line chart,256,hard,0.16656640558236704,85.72165246784947,4,False
profile_bidmc_27,BIDMC,empirical,profile,Line chart,256,soft,0.1679015116678682,85.62365833159255,4,False
profile_bidmc_27,BIDMC,empirical,profile,Area chart,256,hard,0.4323424748382034,69.8157052218227,4,False
profile_bidmc_27,BIDMC,empirical,profile,Area chart,256,soft,0.3190029300077257,75.81484295824443,4,False
profile_bidmc_27,BIDMC,empirical,profile,Dot plot,256,hard,0.15955058457501653,86.24030838348524,4,True
profile_bidmc_27,BIDMC,empirical,profile,Dot plot,256,soft,0.14680339907232567,87.19890443374356,4,True
profile_bidmc_27,BIDMC,empirical,profile,Bar chart,256,hard,0.42989666720249664,69.93512349087696,4,False
profile_bidmc_27,BIDMC,empirical,profile,Bar chart,256,soft,0.46263214580918494,68.3698907387791,4,False
profile_bidmc_27,BIDMC,empirical,profile,Line chart,384,hard,0.12667685046260008,88.75659419019854,4,False
profile_bidmc_27,BIDMC,empirical,profile,Line chart,384,soft,0.12865958870192298,88.60067375585804,4,False
profile_bidmc_27,BIDMC,empirical,profile,Area chart,384,hard,0.3321129195532186,75.0687111671729,4,False
profile_bidmc_27,BIDMC,empirical,profile,Area chart,384,soft,0.18337630205352023,84.50397377948957,4,False
profile_bidmc_27,BIDMC,empirical,profile,Dot plot,384,hard,0.10493806979253897,90.50280982605278,4,True
profile_bidmc_27,BIDMC,empirical,profile,Dot plot,384,soft,0.0995609754016378,90.94538842056748,4,True
profile_bidmc_27,BIDMC,empirical,profile,Bar chart,384,hard,0.33211291955321903,75.06871116717288,4,False
profile_bidmc_27,BIDMC,empirical,profile,Bar chart,384,soft,0.24566007730649708,80.27872276057121,4,False
assoc_bidmc_27,BIDMC,empirical,association,Scatter plot,256,hard,0.019452742457600352,98.09184460961815,4,False
assoc_bidmc_27,BIDMC,empirical,association,Scatter plot,256,soft,0.019992328558738323,98.03995304680501,4,False
assoc_bidmc_27,BIDMC,empirical,association,Heatmap,256,hard,0.0098206547826783,99.02748525333028,4,True
assoc_bidmc_27,BIDMC,empirical,association,Heatmap,256,soft,0.0098206547826783,99.02748525333028,4,True
assoc_bidmc_27,BIDMC,empirical,association,Scatter plot,384,hard,0.020493521631888625,97.99180286817332,4,False
assoc_bidmc_27,BIDMC,empirical,association,Scatter plot,384,soft,0.020269177832333823,98.01334997932626,4,False
assoc_bidmc_27,BIDMC,empirical,association,Heatmap,384,hard,0.0098206547826783,99.02748525333028,4,True
assoc_bidmc_27,BIDMC,empirical,association,Heatmap,384,soft,0.0098206547826783,99.02748525333028,4,True
profile_bidmc_28,BIDMC,empirical,profile,Line chart,256,hard,0.06979636849707653,93.47573327481646,4,False
profile_bidmc_28,BIDMC,empirical,profile,Line chart,256,soft,0.06362673179601028,94.01794540378165,4,False
profile_bidmc_28,BIDMC,empirical,profile,Area chart,256,hard,0.10359974810635238,90.61256145770987,4,False
profile_bidmc_28,BIDMC,empirical,profile,Area chart,256,soft,0.09226927874283405,91.55251543382846,4,False
profile_bidmc_28,BIDMC,empirical,profile,Dot plot,256,hard,0.03672464164860835,96.45762817114016,4,True
profile_bidmc_28,BIDMC,empirical,profile,Dot plot,256,soft,0.03441235748817423,96.67324570911579,4,True
profile_bidmc_28,BIDMC,empirical,profile,Bar chart,256,hard,0.10775886685143393,90.27235348088746,4,False
profile_bidmc_28,BIDMC,empirical,profile,Bar chart,256,soft,0.10016574304632336,90.89539520027522,4,False
profile_bidmc_28,BIDMC,empirical,profile,Line chart,384,hard,0.04203913431983418,95.9656856508298,4,False
profile_bidmc_28,BIDMC,empirical,profile,Line chart,384,soft,0.0411314727823867,96.04934882311605,4,False
profile_bidmc_28,BIDMC,empirical,profile,Area chart,384,hard,0.06815553127897828,93.61932515601255,4,False
profile_bidmc_28,BIDMC,empirical,profile,Area chart,384,soft,0.051066057020938395,95.14149879735663,4,False
profile_bidmc_28,BIDMC,empirical,profile,Dot plot,384,hard,0.023973811657000098,97.6587475788853,4,True
profile_bidmc_28,BIDMC,empirical,profile,Dot plot,384,soft,0.0236982548603751,97.68503514117964,4,True
profile_bidmc_28,BIDMC,empirical,profile,Bar chart,384,hard,0.07723655613704325,92.83012113755102,4,False
profile_bidmc_28,BIDMC,empirical,profile,Bar chart,384,soft,0.0567534859507301,94.62944890125716,4,False
assoc_bidmc_28,BIDMC,empirical,association,Scatter plot,256,hard,0.007913602592597624,99.21485308143059,4,True
assoc_bidmc_28,BIDMC,empirical,association,Scatter plot,256,soft,0.005704405693330901,99.43279499810899,4,True
assoc_bidmc_28,BIDMC,empirical,association,Heatmap,256,hard,0.0097413118305852,99.03526658596103,4,False
assoc_bidmc_28,BIDMC,empirical,association,Heatmap,256,soft,0.0097413118305852,99.03526658596103,4,False
assoc_bidmc_28,BIDMC,empirical,association,Scatter plot,384,hard,0.007800175680565775,99.22601961492036,4,True
assoc_bidmc_28,BIDMC,empirical,association,Scatter plot,384,soft,0.00595329036633645,99.40819415539976,4,True
assoc_bidmc_28,BIDMC,empirical,association,Heatmap,384,hard,0.0097413118305852,99.03526658596103,4,False
assoc_bidmc_28,BIDMC,empirical,association,Heatmap,384,soft,0.0097413118305852,99.03526658596103,4,False
profile_bidmc_29,BIDMC,empirical,profile,Line chart,256,hard,0.21281553837751635,82.45276947373075,4,False
profile_bidmc_29,BIDMC,empirical,profile,Line chart,256,soft,0.21286111752151232,82.44967091067318,4,False
profile_bidmc_29,BIDMC,empirical,profile,Area chart,256,hard,0.5717415753989733,63.62369079319917,4,False
profile_bidmc_29,BIDMC,empirical,profile,Area chart,256,soft,0.46710545949141824,68.16142585596107,4,False
profile_bidmc_29,BIDMC,empirical,profile,Dot plot,256,hard,0.2024835081111816,83.16122368869445,4,True
profile_bidmc_29,BIDMC,empirical,profile,Dot plot,256,soft,0.19845450598846542,83.44079771098332,4,True
profile_bidmc_29,BIDMC,empirical,profile,Bar chart,256,hard,0.5717415753989732,63.62369079319917,4,False
profile_bidmc_29,BIDMC,empirical,profile,Bar chart,256,soft,0.6246696717852971,61.55097355274271,4,False
profile_bidmc_29,BIDMC,empirical,profile,Line chart,384,hard,0.1821855476543543,84.58909026456637,4,False
profile_bidmc_29,BIDMC,empirical,profile,Line chart,384,soft,0.16255592967344007,86.01736694774748,4,False
profile_bidmc_29,BIDMC,empirical,profile,Area chart,384,hard,0.4364311292480686,69.61698195189295,4,False
profile_bidmc_29,BIDMC,empirical,profile,Area chart,384,soft,0.23639860475206198,80.8800653896348,4,False
profile_bidmc_29,BIDMC,empirical,profile,Dot plot,384,hard,0.14261226255815213,87.51875266603014,4,True
profile_bidmc_29,BIDMC,empirical,profile,Dot plot,384,soft,0.134489598938916,88.14536518759593,4,True
profile_bidmc_29,BIDMC,empirical,profile,Bar chart,384,hard,0.4445554402148193,69.22544972391577,4,False
profile_bidmc_29,BIDMC,empirical,profile,Bar chart,384,soft,0.31880355752352474,75.82630440259197,4,False
assoc_bidmc_29,BIDMC,empirical,association,Scatter plot,256,hard,0.02254526204210395,97.79518199545716,4,False
assoc_bidmc_29,BIDMC,empirical,association,Scatter plot,256,soft,0.02251959364254763,97.79763695653739,4,False
assoc_bidmc_29,BIDMC,empirical,association,Heatmap,256,hard,8.326672684688674e-17,100.0,4,True
assoc_bidmc_29,BIDMC,empirical,association,Heatmap,256,soft,8.326672684688674e-17,100.0,4,True
assoc_bidmc_29,BIDMC,empirical,association,Scatter plot,384,hard,0.028299116688279776,97.24796839470024,4,False
assoc_bidmc_29,BIDMC,empirical,association,Scatter plot,384,soft,0.0225213387978552,97.79747004357554,4,False
assoc_bidmc_29,BIDMC,empirical,association,Heatmap,384,hard,8.326672684688674e-17,100.0,4,True
assoc_bidmc_29,BIDMC,empirical,association,Heatmap,384,soft,8.326672684688674e-17,100.0,4,True
profile_bidmc_30,BIDMC,empirical,profile,Line chart,256,hard,0.1824052852810812,84.5733702689159,4,False
profile_bidmc_30,BIDMC,empirical,profile,Line chart,256,soft,0.18761776915346823,84.20217564720325,4,False
profile_bidmc_30,BIDMC,empirical,profile,Area chart,256,hard,0.4696698529548638,68.0424925359554,4,False
profile_bidmc_30,BIDMC,empirical,profile,Area chart,256,soft,0.3368945593038639,74.80021464974106,4,False
profile_bidmc_30,BIDMC,empirical,profile,Dot plot,256,hard,0.15661646379144623,86.4590840011001,4,True
profile_bidmc_30,BIDMC,empirical,profile,Dot plot,256,soft,0.15990720566915934,86.21379323383826,4,True
profile_bidmc_30,BIDMC,empirical,profile,Bar chart,256,hard,0.5093346946067275,66.25435720607749,4,False
profile_bidmc_30,BIDMC,empirical,profile,Bar chart,256,soft,0.45015982038827757,68.95791663378536,4,False
profile_bidmc_30,BIDMC,empirical,profile,Line chart,384,hard,0.15071781386304403,86.90227855628017,4,False
profile_bidmc_30,BIDMC,empirical,profile,Line chart,384,soft,0.1300920791301307,88.48836466226125,4,False
profile_bidmc_30,BIDMC,empirical,profile,Area chart,384,hard,0.33955232939588165,74.65180553647988,4,False
profile_bidmc_30,BIDMC,empirical,profile,Area chart,384,soft,0.19023249424623717,84.01719872664798,4,False
profile_bidmc_30,BIDMC,empirical,profile,Dot plot,384,hard,0.1113078848412704,89.98406415003808,4,True
profile_bidmc_30,BIDMC,empirical,profile,Dot plot,384,soft,0.10435821100307008,90.55032959746971,4,True
profile_bidmc_30,BIDMC,empirical,profile,Bar chart,384,hard,0.34805983025157344,74.18068379156296,4,False
profile_bidmc_30,BIDMC,empirical,profile,Bar chart,384,soft,0.2675092268451267,78.89488919059262,4,False
assoc_bidmc_30,BIDMC,empirical,association,Scatter plot,256,hard,0.06383496938364305,93.99954210749179,4,False
assoc_bidmc_30,BIDMC,empirical,association,Scatter plot,256,soft,0.06385317987655706,93.99793307155727,4,False
assoc_bidmc_30,BIDMC,empirical,association,Heatmap,256,hard,0.0084667024885644,99.16043807220692,4,True
assoc_bidmc_30,BIDMC,empirical,association,Heatmap,256,soft,0.0084667024885644,99.16043807220692,4,True
assoc_bidmc_30,BIDMC,empirical,association,Scatter plot,384,hard,0.06399795048133602,93.98514344389628,4,False
assoc_bidmc_30,BIDMC,empirical,association,Scatter plot,384,soft,0.06387314565055838,93.99616900645613,4,False
assoc_bidmc_30,BIDMC,empirical,association,Heatmap,384,hard,0.0084667024885644,99.16043807220692,4,True
assoc_bidmc_30,BIDMC,empirical,association,Heatmap,384,soft,0.0084667024885644,99.16043807220692,4,True
profile_bidmc_31,BIDMC,empirical,profile,Line chart,256,hard,0.08162063944343362,92.4538570671661,4,False
profile_bidmc_31,BIDMC,empirical,profile,Line chart,256,soft,0.08137140576546037,92.4751657634353,4,False
profile_bidmc_31,BIDMC,empirical,profile,Area chart,256,hard,0.2100359195654838,82.64217481734705,4,False
profile_bidmc_31,BIDMC,empirical,profile,Area chart,256,soft,0.14494891823415088,87.34014103810807,4,False
profile_bidmc_31,BIDMC,empirical,profile,Dot plot,256,hard,0.07069954864666002,93.39688255813476,4,True
profile_bidmc_31,BIDMC,empirical,profile,Dot plot,256,soft,0.0707788688290563,93.38996398888072,4,True
profile_bidmc_31,BIDMC,empirical,profile,Bar chart,256,hard,0.2144939108042036,82.33882369470491,4,False
profile_bidmc_31,BIDMC,empirical,profile,Bar chart,256,soft,0.20824975985574273,82.76434502411104,4,False
profile_bidmc_31,BIDMC,empirical,profile,Line chart,384,hard,0.07043803161310234,93.41970020376094,4,False
profile_bidmc_31,BIDMC,empirical,profile,Line chart,384,soft,0.06126169040813995,94.22746614130772,4,False
profile_bidmc_31,BIDMC,empirical,profile,Area chart,384,hard,0.16131584382676417,86.10921872079204,4,False
profile_bidmc_31,BIDMC,empirical,profile,Area chart,384,soft,0.08411589482884796,92.24106064397039,4,False
profile_bidmc_31,BIDMC,empirical,profile,Dot plot,384,hard,0.05208611426669803,95.04925371028189,4,True
profile_bidmc_31,BIDMC,empirical,profile,Dot plot,384,soft,0.0482828943009481,95.39409690233038,4,True
profile_bidmc_31,BIDMC,empirical,profile,Bar chart,384,hard,0.1613158438267644,86.10921872079203,4,False
profile_bidmc_31,BIDMC,empirical,profile,Bar chart,384,soft,0.11283617730233753,89.8604862419312,4,False
assoc_bidmc_31,BIDMC,empirical,association,Scatter plot,256,hard,0.041425241261367624,96.0222549233401,4,False
assoc_bidmc_31,BIDMC,empirical,association,Scatter plot,256,soft,0.04798379880932148,95.42132246091602,4,False
assoc_bidmc_31,BIDMC,empirical,association,Heatmap,256,hard,0.0093816450070556,99.07055522027152,4,True
assoc_bidmc_31,BIDMC,empirical,association,Heatmap,256,soft,0.0093816450070556,99.07055522027152,4,True
assoc_bidmc_31,BIDMC,empirical,association,Scatter plot,384,hard,0.04329350104386978,95.85030473202868,4,False
assoc_bidmc_31,BIDMC,empirical,association,Scatter plot,384,soft,0.04778081849048492,95.4398078636979,4,False
assoc_bidmc_31,BIDMC,empirical,association,Heatmap,384,hard,0.0093816450070556,99.07055522027152,4,True
assoc_bidmc_31,BIDMC,empirical,association,Heatmap,384,soft,0.0093816450070556,99.07055522027152,4,True
profile_bidmc_32,BIDMC,empirical,profile,Line chart,256,hard,1.4792403538248262,40.33493559659348,4,False
profile_bidmc_32,BIDMC,empirical,profile,Line chart,256,soft,1.1054467498889797,47.49585806683213,4,False
profile_bidmc_32,BIDMC,empirical,profile,Area chart,256,hard,3.271614259457283,23.410353539906293,4,False
profile_bidmc_32,BIDMC,empirical,profile,Area chart,256,soft,2.387071838807238,29.524026876033176,4,False
profile_bidmc_32,BIDMC,empirical,profile,Dot plot,256,hard,1.1581727593876927,46.335493562791314,4,True
profile_bidmc_32,BIDMC,empirical,profile,Dot plot,256,soft,1.057965454930494,48.591680565103275,4,True
profile_bidmc_32,BIDMC,empirical,profile,Bar chart,256,hard,3.1834417927908003,23.903762727696368,4,False
profile_bidmc_32,BIDMC,empirical,profile,Bar chart,256,soft,3.186089435717693,23.888643932629044,4,False
profile_bidmc_32,BIDMC,empirical,profile,Line chart,384,hard,0.8890879108052963,52.935598935346086,4,False
profile_bidmc_32,BIDMC,empirical,profile,Line chart,384,soft,0.9061984318805918,52.460435559871556,4,False
profile_bidmc_32,BIDMC,empirical,profile,Area chart,384,hard,2.3803109682798227,29.58307710100652,4,False
profile_bidmc_32,BIDMC,empirical,profile,Area chart,384,soft,1.4864021088353412,40.21875610733017,4,False
profile_bidmc_32,BIDMC,empirical,profile,Dot plot,384,hard,0.7248799062764735,57.975050689686356,4,True
profile_bidmc_32,BIDMC,empirical,profile,Dot plot,384,soft,0.7258566569730863,57.942239638479684,4,True
profile_bidmc_32,BIDMC,empirical,profile,Bar chart,384,hard,2.3803109682798227,29.58307710100652,4,False
profile_bidmc_32,BIDMC,empirical,profile,Bar chart,384,soft,1.7379535957934202,36.52362850620973,4,False
assoc_bidmc_32,BIDMC,empirical,association,Scatter plot,256,hard,0.1795784967617045,84.77604523525132,4,False
assoc_bidmc_32,BIDMC,empirical,association,Scatter plot,256,soft,0.17955086958400782,84.7780308408971,4,False
assoc_bidmc_32,BIDMC,empirical,association,Heatmap,256,hard,0.0110381083112549,98.9082401325414,4,True
assoc_bidmc_32,BIDMC,empirical,association,Heatmap,256,soft,0.0110381083112549,98.9082401325414,4,True
assoc_bidmc_32,BIDMC,empirical,association,Scatter plot,384,hard,0.17470788695802658,85.1275462693587,4,False
assoc_bidmc_32,BIDMC,empirical,association,Scatter plot,384,soft,0.1796271909835649,84.77254573677696,4,False
assoc_bidmc_32,BIDMC,empirical,association,Heatmap,384,hard,0.0110381083112549,98.9082401325414,4,True
assoc_bidmc_32,BIDMC,empirical,association,Heatmap,384,soft,0.0110381083112549,98.9082401325414,4,True
profile_bidmc_33,BIDMC,empirical,profile,Line chart,256,hard,0.08127209062273322,92.48365963317093,4,False
profile_bidmc_33,BIDMC,empirical,profile,Line chart,256,soft,0.07512170269095862,93.01272567534133,4,False
profile_bidmc_33,BIDMC,empirical,profile,Area chart,256,hard,0.16456947168965416,85.86864281691301,4,False
profile_bidmc_33,BIDMC,empirical,profile,Area chart,256,soft,0.14078727121045517,87.65876208795089,4,False
profile_bidmc_33,BIDMC,empirical,profile,Dot plot,256,hard,0.06177493256549316,94.18191834532855,4,True
profile_bidmc_33,BIDMC,empirical,profile,Dot plot,256,soft,0.062112615990272346,94.15197455946223,4,True
profile_bidmc_33,BIDMC,empirical,profile,Bar chart,256,hard,0.18827937191211463,84.15529408634389,4,False
profile_bidmc_33,BIDMC,empirical,profile,Bar chart,256,soft,0.18669368566293165,84.2677442444941,4,False
profile_bidmc_33,BIDMC,empirical,profile,Line chart,384,hard,0.055373519179477027,94.75318281412552,4,False
profile_bidmc_33,BIDMC,empirical,profile,Line chart,384,soft,0.05766372348789765,94.54800971165601,4,False
profile_bidmc_33,BIDMC,empirical,profile,Area chart,384,hard,0.12186033973247686,89.13765507019028,4,False
profile_bidmc_33,BIDMC,empirical,profile,Area chart,384,soft,0.06868616407587763,93.57284052280471,4,False
profile_bidmc_33,BIDMC,empirical,profile,Dot plot,384,hard,0.0472147569490126,95.49139690443538,4,True
profile_bidmc_33,BIDMC,empirical,profile,Dot plot,384,soft,0.043480487984415325,95.83312879492341,4,True
profile_bidmc_33,BIDMC,empirical,profile,Bar chart,384,hard,0.14325104981839026,87.4698518893863,4,False
profile_bidmc_33,BIDMC,empirical,profile,Bar chart,384,soft,0.1011661790774042,90.81281454156495,4,False
assoc_bidmc_33,BIDMC,empirical,association,Scatter plot,256,hard,0.0056194621819933,99.44119397114687,4,True
assoc_bidmc_33,BIDMC,empirical,association,Scatter plot,256,soft,0.004161462000038075,99.58557839973768,4,True
assoc_bidmc_33,BIDMC,empirical,association,Heatmap,256,hard,0.0076974462852224,99.23613517989965,4,False
assoc_bidmc_33,BIDMC,empirical,association,Heatmap,256,soft,0.0076974462852224,99.23613517989965,4,False
assoc_bidmc_33,BIDMC,empirical,association,Scatter plot,384,hard,0.0079198676176794,99.21423638206488,4,False
assoc_bidmc_33,BIDMC,empirical,association,Scatter plot,384,soft,0.0042946677921542505,99.57236975064343,4,True
assoc_bidmc_33,BIDMC,empirical,association,Heatmap,384,hard,0.0076974462852224,99.23613517989965,4,True
assoc_bidmc_33,BIDMC,empirical,association,Heatmap,384,soft,0.0076974462852224,99.23613517989965,4,False
profile_bidmc_34,BIDMC,empirical,profile,Line chart,256,hard,0.07323861851052545,93.1759240445365,4,False
profile_bidmc_34,BIDMC,empirical,profile,Line chart,256,soft,0.07429558154861915,93.08425140858155,4,False
profile_bidmc_34,BIDMC,empirical,profile,Area chart,256,hard,0.13252153804041675,88.29854147677257,4,False
profile_bidmc_34,BIDMC,empirical,profile,Area chart,256,soft,0.13426233339724128,88.16302636136116,4,False
profile_bidmc_34,BIDMC,empirical,profile,Dot plot,256,hard,0.04746824649388608,95.46828778315972,4,True
profile_bidmc_34,BIDMC,empirical,profile,Dot plot,256,soft,0.0480444219811029,95.41580290172384,4,True
profile_bidmc_34,BIDMC,empirical,profile,Bar chart,256,hard,0.14422764346301414,87.39519672619446,4,False
profile_bidmc_34,BIDMC,empirical,profile,Bar chart,256,soft,0.1484019031365817,87.0775289790745,4,False
profile_bidmc_34,BIDMC,empirical,profile,Line chart,384,hard,0.046906100109184376,95.5195504062597,4,False
profile_bidmc_34,BIDMC,empirical,profile,Line chart,384,soft,0.049765483573910446,95.25937132125122,4,False
profile_bidmc_34,BIDMC,empirical,profile,Area chart,384,hard,0.098140216400805,91.06305233748172,4,False
profile_bidmc_34,BIDMC,empirical,profile,Area chart,384,soft,0.06923612785516783,93.52471114177072,4,False
profile_bidmc_34,BIDMC,empirical,profile,Dot plot,384,hard,0.033059922184855026,96.79980594785485,4,True
profile_bidmc_34,BIDMC,empirical,profile,Dot plot,384,soft,0.0316782033698342,96.92944919584792,4,True
profile_bidmc_34,BIDMC,empirical,profile,Bar chart,384,hard,0.10484779879360148,90.51020430976229,4,False
profile_bidmc_34,BIDMC,empirical,profile,Bar chart,384,soft,0.0825100350442108,92.3778965207615,4,False
assoc_bidmc_34,BIDMC,empirical,association,Scatter plot,256,hard,0.027186253584456324,97.35332774464344,4,False
assoc_bidmc_34,BIDMC,empirical,association,Scatter plot,256,soft,0.02955263620839555,97.12956529185034,4,False
assoc_bidmc_34,BIDMC,empirical,association,Heatmap,256,hard,0.0061000697046477,99.39369155332248,4,True
assoc_bidmc_34,BIDMC,empirical,association,Heatmap,256,soft,0.0061000697046477,99.39369155332248,4,True
assoc_bidmc_34,BIDMC,empirical,association,Scatter plot,384,hard,0.0312444912726676,96.97021496482289,4,False
assoc_bidmc_34,BIDMC,empirical,association,Scatter plot,384,soft,0.028967850400754874,97.18476623059965,4,False
assoc_bidmc_34,BIDMC,empirical,association,Heatmap,384,hard,0.0061000697046477,99.39369155332248,4,True
assoc_bidmc_34,BIDMC,empirical,association,Heatmap,384,soft,0.0061000697046477,99.39369155332248,4,True
profile_bidmc_35,BIDMC,empirical,profile,Line chart,256,hard,0.0584857460699621,94.47458349938928,4,False
profile_bidmc_35,BIDMC,empirical,profile,Line chart,256,soft,0.05928504429241556,94.40329639204744,4,False
profile_bidmc_35,BIDMC,empirical,profile,Area chart,256,hard,0.1144234501781751,89.73249798719858,4,False
profile_bidmc_35,BIDMC,empirical,profile,Area chart,256,soft,0.10057074064471888,90.86194672177055,4,False
profile_bidmc_35,BIDMC,empirical,profile,Dot plot,256,hard,0.0474763037885102,95.46755343134751,4,True
profile_bidmc_35,BIDMC,empirical,profile,Dot plot,256,soft,0.0462775041374512,95.57693786261778,4,True
profile_bidmc_35,BIDMC,empirical,profile,Bar chart,256,hard,0.14314139387378622,87.47824244306996,4,False
profile_bidmc_35,BIDMC,empirical,profile,Bar chart,256,soft,0.13829901636762093,87.85037899716885,4,False
profile_bidmc_35,BIDMC,empirical,profile,Line chart,384,hard,0.04796336660970642,95.4231828957081,4,False
profile_bidmc_35,BIDMC,empirical,profile,Line chart,384,soft,0.045674249713695825,95.632076650429,4,False
profile_bidmc_35,BIDMC,empirical,profile,Area chart,384,hard,0.08018125326939415,92.57705565369619,4,False
profile_bidmc_35,BIDMC,empirical,profile,Area chart,384,soft,0.06332473912059362,94.04464724737193,4,False
profile_bidmc_35,BIDMC,empirical,profile,Dot plot,384,hard,0.03206928804358272,96.89271946999081,4,True
profile_bidmc_35,BIDMC,empirical,profile,Dot plot,384,soft,0.03126057555266057,96.96870254776222,4,True
profile_bidmc_35,BIDMC,empirical,profile,Bar chart,384,hard,0.1039451713885938,90.58420888259816,4,False
profile_bidmc_35,BIDMC,empirical,profile,Bar chart,384,soft,0.07761176019711899,92.79779944282326,4,False
assoc_bidmc_35,BIDMC,empirical,association,Scatter plot,256,hard,0.00446132624666595,99.55584887838972,4,True
assoc_bidmc_35,BIDMC,empirical,association,Scatter plot,256,soft,0.0007273748194861501,99.92731538700863,4,True
assoc_bidmc_35,BIDMC,empirical,association,Heatmap,256,hard,0.0048511308367937,99.51722890208084,4,False
assoc_bidmc_35,BIDMC,empirical,association,Heatmap,256,soft,0.0048511308367937,99.51722890208084,4,False
assoc_bidmc_35,BIDMC,empirical,association,Scatter plot,384,hard,0.0039921016280605,99.60237718786962,4,True
assoc_bidmc_35,BIDMC,empirical,association,Scatter plot,384,soft,0.0005631782258932,99.94371387652983,4,True
assoc_bidmc_35,BIDMC,empirical,association,Heatmap,384,hard,0.0048511308367937,99.51722890208084,4,False
assoc_bidmc_35,BIDMC,empirical,association,Heatmap,384,soft,0.0048511308367937,99.51722890208084,4,False
profile_bidmc_36,BIDMC,empirical,profile,Line chart,256,hard,0.10090729894314067,90.83416932197555,4,False
profile_bidmc_36,BIDMC,empirical,profile,Line chart,256,soft,0.09192092373531988,91.58172338882652,4,False
profile_bidmc_36,BIDMC,empirical,profile,Area chart,256,hard,0.20450005936278687,83.02199673854953,4,False
profile_bidmc_36,BIDMC,empirical,profile,Area chart,256,soft,0.17074036759610628,85.41603481678099,4,False
profile_bidmc_36,BIDMC,empirical,profile,Dot plot,256,hard,0.0768850682618842,92.86042025023353,4,True
profile_bidmc_36,BIDMC,empirical,profile,Dot plot,256,soft,0.07754288758636665,92.80373073965917,4,True
profile_bidmc_36,BIDMC,empirical,profile,Bar chart,256,hard,0.23721730129490068,80.82654509869661,4,False
profile_bidmc_36,BIDMC,empirical,profile,Bar chart,256,soft,0.2291452339917687,81.35735081137668,4,False
profile_bidmc_36,BIDMC,empirical,profile,Line chart,384,hard,0.07842734506814689,92.72761902535112,4,False
profile_bidmc_36,BIDMC,empirical,profile,Line chart,384,soft,0.07144673561507385,93.33175105768937,4,False
profile_bidmc_36,BIDMC,empirical,profile,Area chart,384,hard,0.16489189947111993,85.84487543041689,4,False
profile_bidmc_36,BIDMC,empirical,profile,Area chart,384,soft,0.08731711632244248,91.96948939627023,4,False
profile_bidmc_36,BIDMC,empirical,profile,Dot plot,384,hard,0.048623483431939875,95.36311324320101,4,True
profile_bidmc_36,BIDMC,empirical,profile,Dot plot,384,soft,0.052082250141467425,95.04960281057262,4,True
profile_bidmc_36,BIDMC,empirical,profile,Bar chart,384,hard,0.1752754239647173,85.08643843045431,4,False
profile_bidmc_36,BIDMC,empirical,profile,Bar chart,384,soft,0.12665856714434723,88.75803452456952,4,False
assoc_bidmc_36,BIDMC,empirical,association,Scatter plot,256,hard,0.0313316004621494,96.96202458568037,4,False
assoc_bidmc_36,BIDMC,empirical,association,Scatter plot,256,soft,0.02981628501763725,97.10469862912231,4,False
assoc_bidmc_36,BIDMC,empirical,association,Heatmap,256,hard,0.0123040292829402,98.78455197973916,4,True
assoc_bidmc_36,BIDMC,empirical,association,Heatmap,256,soft,0.0123040292829402,98.78455197973916,4,True
assoc_bidmc_36,BIDMC,empirical,association,Scatter plot,384,hard,0.029224634137218475,97.16051936886286,4,False
assoc_bidmc_36,BIDMC,empirical,association,Scatter plot,384,soft,0.02999461510265945,97.08788622165078,4,False
assoc_bidmc_36,BIDMC,empirical,association,Heatmap,384,hard,0.0123040292829402,98.78455197973916,4,True
assoc_bidmc_36,BIDMC,empirical,association,Heatmap,384,soft,0.0123040292829402,98.78455197973916,4,True
profile_bidmc_37,BIDMC,empirical,profile,Line chart,256,hard,0.2821610477362997,77.99332242743883,4,False
profile_bidmc_37,BIDMC,empirical,profile,Line chart,256,soft,0.27238802802799367,78.59237732296545,4,False
profile_bidmc_37,BIDMC,empirical,profile,Area chart,256,hard,0.741627005443811,57.41757545526658,4,False
profile_bidmc_37,BIDMC,empirical,profile,Area chart,256,soft,0.562866631343438,63.984986303047584,4,False
profile_bidmc_37,BIDMC,empirical,profile,Dot plot,256,hard,0.2611656847439736,79.2917228954741,4,True
profile_bidmc_37,BIDMC,empirical,profile,Dot plot,256,soft,0.2516905736456631,79.89194942064704,4,True
profile_bidmc_37,BIDMC,empirical,profile,Bar chart,256,hard,0.741627005443811,57.41757545526658,4,False
profile_bidmc_37,BIDMC,empirical,profile,Bar chart,256,soft,0.7565186250829234,56.9307939989985,4,False
profile_bidmc_37,BIDMC,empirical,profile,Line chart,384,hard,0.24378066956675304,80.40002747014316,4,False
profile_bidmc_37,BIDMC,empirical,profile,Line chart,384,soft,0.20805915526014068,82.77740337845147,4,False
profile_bidmc_37,BIDMC,empirical,profile,Area chart,384,hard,0.5770236128100887,63.410591438013164,4,False
profile_bidmc_37,BIDMC,empirical,profile,Area chart,384,soft,0.3185957817343789,75.83825262088108,4,False
profile_bidmc_37,BIDMC,empirical,profile,Dot plot,384,hard,0.1777231874798289,84.90959595861122,4,True
profile_bidmc_37,BIDMC,empirical,profile,Dot plot,384,soft,0.17557033846932196,85.06509285544519,4,True
profile_bidmc_37,BIDMC,empirical,profile,Bar chart,384,hard,0.5770236128100887,63.410591438013164,4,False
profile_bidmc_37,BIDMC,empirical,profile,Bar chart,384,soft,0.3931729221308119,71.7785986301351,4,False
assoc_bidmc_37,BIDMC,empirical,association,Scatter plot,256,hard,0.1337455718937162,88.20321108991689,4,False
assoc_bidmc_37,BIDMC,empirical,association,Scatter plot,256,soft,0.124258729686597,88.94749701243273,4,False
assoc_bidmc_37,BIDMC,empirical,association,Heatmap,256,hard,0.0023676948793319,99.76378978578147,4,True
assoc_bidmc_37,BIDMC,empirical,association,Heatmap,256,soft,0.0023676948793319,99.76378978578147,4,True
assoc_bidmc_37,BIDMC,empirical,association,Scatter plot,384,hard,0.12864550942336003,88.60177900419,4,False
assoc_bidmc_37,BIDMC,empirical,association,Scatter plot,384,soft,0.12423439695315287,88.94942217656325,4,False
assoc_bidmc_37,BIDMC,empirical,association,Heatmap,384,hard,0.0023676948793319,99.76378978578147,4,True
assoc_bidmc_37,BIDMC,empirical,association,Heatmap,384,soft,0.0023676948793319,99.76378978578147,4,True
profile_bidmc_38,BIDMC,empirical,profile,Line chart,256,hard,0.043871768523146226,95.79720710473707,4,False
profile_bidmc_38,BIDMC,empirical,profile,Line chart,256,soft,0.041881811152158645,95.98017637856218,4,False
profile_bidmc_38,BIDMC,empirical,profile,Area chart,256,hard,0.07921177688742058,92.6602193764159,4,False
profile_bidmc_38,BIDMC,empirical,profile,Area chart,256,soft,0.07577260754114143,92.95644757916523,4,False
profile_bidmc_38,BIDMC,empirical,profile,Dot plot,256,hard,0.031356117848471574,96.95971960549532,4,True
profile_bidmc_38,BIDMC,empirical,profile,Dot plot,256,soft,0.032240878480740726,96.87661289599448,4,True
profile_bidmc_38,BIDMC,empirical,profile,Bar chart,256,hard,0.09614359290129654,91.2289235165968,4,False
profile_bidmc_38,BIDMC,empirical,profile,Bar chart,256,soft,0.09670056414465314,91.18259192106164,4,False
profile_bidmc_38,BIDMC,empirical,profile,Line chart,384,hard,0.032249736016482324,96.87578161647818,4,False
profile_bidmc_38,BIDMC,empirical,profile,Line chart,384,soft,0.031157538693985305,96.9783919988164,4,False
profile_bidmc_38,BIDMC,empirical,profile,Area chart,384,hard,0.0634293207041107,94.03539854796242,4,False
profile_bidmc_38,BIDMC,empirical,profile,Area chart,384,soft,0.04524773166952345,95.67109974998449,4,False
profile_bidmc_38,BIDMC,empirical,profile,Dot plot,384,hard,0.022063434532504075,97.84128520921051,4,True
profile_bidmc_38,BIDMC,empirical,profile,Dot plot,384,soft,0.022523566271170227,97.79725700080373,4,True
profile_bidmc_38,BIDMC,empirical,profile,Bar chart,384,hard,0.07423314011725198,93.08966207194563,4,False
profile_bidmc_38,BIDMC,empirical,profile,Bar chart,384,soft,0.0503124791186347,95.20976089317207,4,False
assoc_bidmc_38,BIDMC,empirical,association,Scatter plot,256,hard,0.010151887025259676,98.9950138037998,4,False
assoc_bidmc_38,BIDMC,empirical,association,Scatter plot,256,soft,0.010899272059485201,98.9218241262277,4,False
assoc_bidmc_38,BIDMC,empirical,association,Heatmap,256,hard,0.0008255724909026,99.9175108516814,4,True
assoc_bidmc_38,BIDMC,empirical,association,Heatmap,256,soft,0.0008255724909026,99.9175108516814,4,True
assoc_bidmc_38,BIDMC,empirical,association,Scatter plot,384,hard,0.0102216350512962,98.98817896027566,4,False
assoc_bidmc_38,BIDMC,empirical,association,Scatter plot,384,soft,0.010858773598592676,98.92578727294058,4,False
assoc_bidmc_38,BIDMC,empirical,association,Heatmap,384,hard,0.0008255724909026,99.9175108516814,4,True
assoc_bidmc_38,BIDMC,empirical,association,Heatmap,384,soft,0.0008255724909026,99.9175108516814,4,True
profile_bidmc_39,BIDMC,empirical,profile,Line chart,256,hard,0.07866728677546503,92.70699243965852,4,False
profile_bidmc_39,BIDMC,empirical,profile,Line chart,256,soft,0.07467985461532167,93.05096729090049,4,False
profile_bidmc_39,BIDMC,empirical,profile,Area chart,256,hard,0.1534548826167015,86.69606545263589,4,False
profile_bidmc_39,BIDMC,empirical,profile,Area chart,256,soft,0.11575951022418249,89.62504830445732,4,False
profile_bidmc_39,BIDMC,empirical,profile,Dot plot,256,hard,0.0531812049485519,94.95042214020998,4,True
profile_bidmc_39,BIDMC,empirical,profile,Dot plot,256,soft,0.051990805124914025,95.0578650619726,4,True
profile_bidmc_39,BIDMC,empirical,profile,Bar chart,256,hard,0.15569464494594093,86.52804651931015,4,False
profile_bidmc_39,BIDMC,empirical,profile,Bar chart,256,soft,0.15826592923036806,86.335959192417,4,False
profile_bidmc_39,BIDMC,empirical,profile,Line chart,384,hard,0.05162494275794642,95.09093587847421,4,False
profile_bidmc_39,BIDMC,empirical,profile,Line chart,384,soft,0.051371739198559405,95.11383678262847,4,False
profile_bidmc_39,BIDMC,empirical,profile,Area chart,384,hard,0.11219522256764687,89.91227256770357,4,False
profile_bidmc_39,BIDMC,empirical,profile,Area chart,384,soft,0.06634916035313085,93.77791413732078,4,False
profile_bidmc_39,BIDMC,empirical,profile,Dot plot,384,hard,0.03494396087128933,96.62358908381174,4,True
profile_bidmc_39,BIDMC,empirical,profile,Dot plot,384,soft,0.03540201021772385,96.58084397476884,4,True
profile_bidmc_39,BIDMC,empirical,profile,Bar chart,384,hard,0.11735730198850186,89.49688682575866,4,False
profile_bidmc_39,BIDMC,empirical,profile,Bar chart,384,soft,0.08467827233472054,92.19323605031246,4,False
assoc_bidmc_39,BIDMC,empirical,association,Scatter plot,256,hard,0.0898491052965215,91.75582152980014,4,False
assoc_bidmc_39,BIDMC,empirical,association,Scatter plot,256,soft,0.08985496891805257,91.75532786649075,4,False
assoc_bidmc_39,BIDMC,empirical,association,Heatmap,256,hard,0.0028050892247148,99.7202757290668,4,True
assoc_bidmc_39,BIDMC,empirical,association,Heatmap,256,soft,0.0028050892247148,99.7202757290668,4,True
assoc_bidmc_39,BIDMC,empirical,association,Scatter plot,384,hard,0.09311357164542614,91.48180261770372,4,False
assoc_bidmc_39,BIDMC,empirical,association,Scatter plot,384,soft,0.08977098157175531,91.76239933987961,4,False
assoc_bidmc_39,BIDMC,empirical,association,Heatmap,384,hard,0.0028050892247148,99.7202757290668,4,True
assoc_bidmc_39,BIDMC,empirical,association,Heatmap,384,soft,0.0028050892247148,99.7202757290668,4,True
profile_bidmc_40,BIDMC,empirical,profile,Line chart,256,hard,0.23076261428618355,81.25043679361181,4,False
profile_bidmc_40,BIDMC,empirical,profile,Line chart,256,soft,0.24469100515459347,80.34122491917564,4,False
profile_bidmc_40,BIDMC,empirical,profile,Area chart,256,hard,0.6593886335699854,60.26315835661801,4,False
profile_bidmc_40,BIDMC,empirical,profile,Area chart,256,soft,0.4672819746247332,68.15322598478431,4,False
profile_bidmc_40,BIDMC,empirical,profile,Dot plot,256,hard,0.21411540636464632,82.3644930916609,4,True
profile_bidmc_40,BIDMC,empirical,profile,Dot plot,256,soft,0.21531687949197753,82.28306681776826,4,True
profile_bidmc_40,BIDMC,empirical,profile,Bar chart,256,hard,0.6593886335699854,60.26315835661801,4,False
profile_bidmc_40,BIDMC,empirical,profile,Bar chart,256,soft,0.6372915177021806,61.07647839056952,4,False
profile_bidmc_40,BIDMC,empirical,profile,Line chart,384,hard,0.19324445630666195,83.80512431586789,4,False
profile_bidmc_40,BIDMC,empirical,profile,Line chart,384,soft,0.16374078322237734,85.92978904039248,4,False
profile_bidmc_40,BIDMC,empirical,profile,Area chart,384,hard,0.4596641271283497,68.5089111539198,4,False
profile_bidmc_40,BIDMC,empirical,profile,Area chart,384,soft,0.2622279084726989,79.22499520787845,4,False
profile_bidmc_40,BIDMC,empirical,profile,Dot plot,384,hard,0.16226810695324548,86.03866818830528,4,True
profile_bidmc_40,BIDMC,empirical,profile,Dot plot,384,soft,0.14127254172252532,87.62148947268088,4,True
profile_bidmc_40,BIDMC,empirical,profile,Bar chart,384,hard,0.4711664669866904,67.97327307549669,4,False
profile_bidmc_40,BIDMC,empirical,profile,Bar chart,384,soft,0.36329696270544637,73.35159010517503,4,False
assoc_bidmc_40,BIDMC,empirical,association,Scatter plot,256,hard,0.01383531372551555,98.63534900212981,4,False
assoc_bidmc_40,BIDMC,empirical,association,Scatter plot,256,soft,0.015137328174834775,98.50883937032924,4,False
assoc_bidmc_40,BIDMC,empirical,association,Heatmap,256,hard,0.0044632112029799,99.5556620538014,4,True
assoc_bidmc_40,BIDMC,empirical,association,Heatmap,256,soft,0.0044632112029799,99.5556620538014,4,True
assoc_bidmc_40,BIDMC,empirical,association,Scatter plot,384,hard,0.011612434832904275,98.8520865864186,4,False
assoc_bidmc_40,BIDMC,empirical,association,Scatter plot,384,soft,0.0151259482474711,98.5099436898855,4,False
assoc_bidmc_40,BIDMC,empirical,association,Heatmap,384,hard,0.0044632112029799,99.5556620538014,4,True
assoc_bidmc_40,BIDMC,empirical,association,Heatmap,384,soft,0.0044632112029799,99.5556620538014,4,True
profile_bidmc_41,BIDMC,empirical,profile,Line chart,256,hard,0.03318303939161665,96.78827099105729,4,False
profile_bidmc_41,BIDMC,empirical,profile,Line chart,256,soft,0.031692185570812506,96.92813554138941,4,False
profile_bidmc_41,BIDMC,empirical,profile,Area chart,256,hard,0.04057520435189002,96.10069467519536,4,False
profile_bidmc_41,BIDMC,empirical,profile,Area chart,256,soft,0.046962411590621776,95.51441283175839,4,False
profile_bidmc_41,BIDMC,empirical,profile,Dot plot,256,hard,0.015435944751203051,98.47987016502698,4,True
profile_bidmc_41,BIDMC,empirical,profile,Dot plot,256,soft,0.015443619893091176,98.47912581353191,4,True
profile_bidmc_41,BIDMC,empirical,profile,Bar chart,256,hard,0.0471544043923027,95.49690053400789,4,False
profile_bidmc_41,BIDMC,empirical,profile,Bar chart,256,soft,0.045641535943674025,95.63506857993326,4,False
profile_bidmc_41,BIDMC,empirical,profile,Line chart,384,hard,0.022533124337115178,97.79634284691531,4,False
profile_bidmc_41,BIDMC,empirical,profile,Line chart,384,soft,0.021353360528601574,97.90930726290946,4,False
profile_bidmc_41,BIDMC,empirical,profile,Area chart,384,hard,0.0265259948525143,97.4159451406464,4,False
profile_bidmc_41,BIDMC,empirical,profile,Area chart,384,soft,0.02638102837655,97.42970420855524,4,False
profile_bidmc_41,BIDMC,empirical,profile,Dot plot,384,hard,0.0114002177288351,98.87282823070426,4,True
profile_bidmc_41,BIDMC,empirical,profile,Dot plot,384,soft,0.0107474678165868,98.936681202892,4,True
profile_bidmc_41,BIDMC,empirical,profile,Bar chart,384,hard,0.03571574756371808,96.55158786107762,4,False
profile_bidmc_41,BIDMC,empirical,profile,Bar chart,384,soft,0.0242136523894975,97.63587877070307,4,False
assoc_bidmc_41,BIDMC,empirical,association,Scatter plot,256,hard,0.0054733376078614,99.45564567421715,4,True
assoc_bidmc_41,BIDMC,empirical,association,Scatter plot,256,soft,0.00029686348513957464,99.97032246166351,4,True
assoc_bidmc_41,BIDMC,empirical,association,Heatmap,256,hard,0.0083703465512281,99.16991345691035,4,False
assoc_bidmc_41,BIDMC,empirical,association,Heatmap,256,soft,0.0083703465512281,99.16991345691035,4,False
assoc_bidmc_41,BIDMC,empirical,association,Scatter plot,384,hard,0.01129014446773195,98.8835899835972,4,False
assoc_bidmc_41,BIDMC,empirical,association,Scatter plot,384,soft,0.0006378407768034655,99.93625658047188,4,True
assoc_bidmc_41,BIDMC,empirical,association,Heatmap,384,hard,0.0083703465512281,99.16991345691035,4,True
assoc_bidmc_41,BIDMC,empirical,association,Heatmap,384,soft,0.0083703465512281,99.16991345691035,4,False
profile_bidmc_42,BIDMC,empirical,profile,Line chart,256,hard,0.49029226511602403,67.10093203913574,4,False
profile_bidmc_42,BIDMC,empirical,profile,Line chart,256,soft,0.42540971973709263,70.15526737003331,4,False
profile_bidmc_42,BIDMC,empirical,profile,Area chart,256,hard,1.1604194280706754,46.28730824241071,4,False
profile_bidmc_42,BIDMC,empirical,profile,Area chart,256,soft,0.8750121427143593,53.33298794280612,4,False
profile_bidmc_42,BIDMC,empirical,profile,Dot plot,256,hard,0.3661604547253301,73.19784411422248,4,True
profile_bidmc_42,BIDMC,empirical,profile,Dot plot,256,soft,0.37742976520104826,72.59898292193802,4,True
profile_bidmc_42,BIDMC,empirical,profile,Bar chart,256,hard,1.1604194280706754,46.28730824241071,4,False
profile_bidmc_42,BIDMC,empirical,profile,Bar chart,256,soft,1.101995580567147,47.573839319404584,4,False
profile_bidmc_42,BIDMC,empirical,profile,Line chart,384,hard,0.35005388309510255,74.07111764364716,4,False
profile_bidmc_42,BIDMC,empirical,profile,Line chart,384,soft,0.3322696686114731,75.05987890891689,4,False
profile_bidmc_42,BIDMC,empirical,profile,Area chart,384,hard,0.8916108757599657,52.86499527014213,4,False
profile_bidmc_42,BIDMC,empirical,profile,Area chart,384,soft,0.43285930787390753,69.79052266365294,4,False
profile_bidmc_42,BIDMC,empirical,profile,Dot plot,384,hard,0.2458589365675461,80.26590897642797,4,True
profile_bidmc_42,BIDMC,empirical,profile,Dot plot,384,soft,0.2617192265885038,79.25693600658265,4,True
profile_bidmc_42,BIDMC,empirical,profile,Bar chart,384,hard,0.8714502343366615,53.434495967479016,4,False
profile_bidmc_42,BIDMC,empirical,profile,Bar chart,384,soft,0.5903296460532691,62.880045183192436,4,False
assoc_bidmc_42,BIDMC,empirical,association,Scatter plot,256,hard,0.0188944961063583,98.14558855911358,4,False
assoc_bidmc_42,BIDMC,empirical,association,Scatter plot,256,soft,0.0189267101526343,98.1424856209924,4,False
assoc_bidmc_42,BIDMC,empirical,association,Heatmap,256,hard,0.0022498768353889,99.77551737471967,4,True
assoc_bidmc_42,BIDMC,empirical,association,Heatmap,256,soft,0.0022498768353889,99.77551737471967,4,True
assoc_bidmc_42,BIDMC,empirical,association,Scatter plot,384,hard,0.0190096181505475,98.13450061589712,4,False
assoc_bidmc_42,BIDMC,empirical,association,Scatter plot,384,soft,0.018869319284233053,98.14801379067053,4,False
assoc_bidmc_42,BIDMC,empirical,association,Heatmap,384,hard,0.0022498768353889,99.77551737471967,4,True
assoc_bidmc_42,BIDMC,empirical,association,Heatmap,384,soft,0.0022498768353889,99.77551737471967,4,True
profile_bidmc_43,BIDMC,empirical,profile,Line chart,256,hard,0.0580057891196872,94.5174412355578,4,False
profile_bidmc_43,BIDMC,empirical,profile,Line chart,256,soft,0.057160130637334695,94.59304896384295,4,False
profile_bidmc_43,BIDMC,empirical,profile,Area chart,256,hard,0.09959009091562737,90.9429803216307,4,False
profile_bidmc_43,BIDMC,empirical,profile,Area chart,256,soft,0.0883491881758397,91.88227554761905,4,False
profile_bidmc_43,BIDMC,empirical,profile,Dot plot,256,hard,0.04056159001288975,96.10195202262008,4,True
profile_bidmc_43,BIDMC,empirical,profile,Dot plot,256,soft,0.0381850590433201,96.3219409959042,4,True
profile_bidmc_43,BIDMC,empirical,profile,Bar chart,256,hard,0.1155719613916409,89.64011597714696,4,False
profile_bidmc_43,BIDMC,empirical,profile,Bar chart,256,soft,0.1154453486750376,89.65029090737907,4,False
profile_bidmc_43,BIDMC,empirical,profile,Line chart,384,hard,0.044561715060138896,95.73393180913457,4,False
profile_bidmc_43,BIDMC,empirical,profile,Line chart,384,soft,0.04218509446802568,95.95224546081627,4,False
profile_bidmc_43,BIDMC,empirical,profile,Area chart,384,hard,0.07463593431686674,93.05477027768367,4,False
profile_bidmc_43,BIDMC,empirical,profile,Area chart,384,soft,0.0498229473788244,95.25415714114258,4,False
profile_bidmc_43,BIDMC,empirical,profile,Dot plot,384,hard,0.027484365580167675,97.32508186977144,4,True
profile_bidmc_43,BIDMC,empirical,profile,Dot plot,384,soft,0.026582496429040973,97.41058351165076,4,True
profile_bidmc_43,BIDMC,empirical,profile,Bar chart,384,hard,0.08797227653462825,91.91410678084239,4,False
profile_bidmc_43,BIDMC,empirical,profile,Bar chart,384,soft,0.060890557878414624,94.26042984111533,4,False
assoc_bidmc_43,BIDMC,empirical,association,Scatter plot,256,hard,0.007644101743541725,99.24138872739739,4,False
assoc_bidmc_43,BIDMC,empirical,association,Scatter plot,256,soft,0.010495775539521626,98.96132415457969,4,False
assoc_bidmc_43,BIDMC,empirical,association,Heatmap,256,hard,0.006933022713731,99.31147131364844,4,True
assoc_bidmc_43,BIDMC,empirical,association,Heatmap,256,soft,0.006933022713731,99.31147131364844,4,True
assoc_bidmc_43,BIDMC,empirical,association,Scatter plot,384,hard,0.0091810739610838,99.09024513063373,4,False
assoc_bidmc_43,BIDMC,empirical,association,Scatter plot,384,soft,0.010669245329952249,98.94433857770461,4,False
assoc_bidmc_43,BIDMC,empirical,association,Heatmap,384,hard,0.006933022713731,99.31147131364844,4,True
assoc_bidmc_43,BIDMC,empirical,association,Heatmap,384,soft,0.006933022713731,99.31147131364844,4,True
profile_bidmc_44,BIDMC,empirical,profile,Line chart,256,hard,0.0648928331939655,93.90616302681552,4,True
profile_bidmc_44,BIDMC,empirical,profile,Line chart,256,soft,0.06689605074235705,93.72984362480204,4,False
profile_bidmc_44,BIDMC,empirical,profile,Area chart,256,hard,0.18046277466365565,84.71253998542444,4,False
profile_bidmc_44,BIDMC,empirical,profile,Area chart,256,soft,0.14405039734029543,87.40873674138956,4,False
profile_bidmc_44,BIDMC,empirical,profile,Dot plot,256,hard,0.0656480106455912,93.83961589663923,4,False
profile_bidmc_44,BIDMC,empirical,profile,Dot plot,256,soft,0.0649048350419699,93.90510467168535,4,True
profile_bidmc_44,BIDMC,empirical,profile,Bar chart,256,hard,0.19630244234261546,83.59090181591426,4,False
profile_bidmc_44,BIDMC,empirical,profile,Bar chart,256,soft,0.19785098606451632,83.48283815213556,4,False
profile_bidmc_44,BIDMC,empirical,profile,Line chart,384,hard,0.0517512049097513,95.07952026409212,4,False
profile_bidmc_44,BIDMC,empirical,profile,Line chart,384,soft,0.0499336241061733,95.24411610794134,4,False
profile_bidmc_44,BIDMC,empirical,profile,Area chart,384,hard,0.14629705722722625,87.23742189645819,4,False
profile_bidmc_44,BIDMC,empirical,profile,Area chart,384,soft,0.07797308735619753,92.76669443135805,4,False
profile_bidmc_44,BIDMC,empirical,profile,Dot plot,384,hard,0.04649281066880449,95.55727376291374,4,True
profile_bidmc_44,BIDMC,empirical,profile,Dot plot,384,soft,0.045019250919455495,95.69201707242756,4,True
profile_bidmc_44,BIDMC,empirical,profile,Bar chart,384,hard,0.14629705722722625,87.23742189645819,4,False
profile_bidmc_44,BIDMC,empirical,profile,Bar chart,384,soft,0.1087750805029146,90.18961713555316,4,False
assoc_bidmc_44,BIDMC,empirical,association,Scatter plot,256,hard,0.04345685930762465,95.83529889904027,4,False
assoc_bidmc_44,BIDMC,empirical,association,Scatter plot,256,soft,0.0435158374945656,95.82988240992631,4,False
assoc_bidmc_44,BIDMC,empirical,association,Heatmap,256,hard,5.551115123125783e-17,100.0,4,True
assoc_bidmc_44,BIDMC,empirical,association,Heatmap,256,soft,5.551115123125783e-17,100.0,4,True
assoc_bidmc_44,BIDMC,empirical,association,Scatter plot,384,hard,0.044445952840465076,95.74454257593797,4,False
assoc_bidmc_44,BIDMC,empirical,association,Scatter plot,384,soft,0.043432020954500626,95.83758020817011,4,False
assoc_bidmc_44,BIDMC,empirical,association,Heatmap,384,hard,5.551115123125783e-17,100.0,4,True
assoc_bidmc_44,BIDMC,empirical,association,Heatmap,384,soft,5.551115123125783e-17,100.0,4,True
profile_bidmc_45,BIDMC,empirical,profile,Line chart,256,hard,0.0676105930113595,93.66711107458633,4,False
profile_bidmc_45,BIDMC,empirical,profile,Line chart,256,soft,0.06762513481501135,93.66583526279297,4,False
profile_bidmc_45,BIDMC,empirical,profile,Area chart,256,hard,0.11179551591131426,89.94459733724705,4,False
profile_bidmc_45,BIDMC,empirical,profile,Area chart,256,soft,0.10399485224345854,90.58013250404856,4,False
profile_bidmc_45,BIDMC,empirical,profile,Dot plot,256,hard,0.0417586016597173,95.99152801875712,4,True
profile_bidmc_45,BIDMC,empirical,profile,Dot plot,256,soft,0.0404570287642323,96.11160983627707,4,True
profile_bidmc_45,BIDMC,empirical,profile,Bar chart,256,hard,0.12342674147022807,89.01336981629086,4,False
profile_bidmc_45,BIDMC,empirical,profile,Bar chart,256,soft,0.11758526900552771,89.47863109271655,4,False
profile_bidmc_45,BIDMC,empirical,profile,Line chart,384,hard,0.046134139027340974,95.59003599000843,4,False
profile_bidmc_45,BIDMC,empirical,profile,Line chart,384,soft,0.0434227876288828,95.83842828202376,4,False
profile_bidmc_45,BIDMC,empirical,profile,Area chart,384,hard,0.0741184384066689,93.09960282251414,4,False
profile_bidmc_45,BIDMC,empirical,profile,Area chart,384,soft,0.052986174849440223,94.9680084966912,4,False
profile_bidmc_45,BIDMC,empirical,profile,Dot plot,384,hard,0.027900730612055426,97.28565903485232,4,True
profile_bidmc_45,BIDMC,empirical,profile,Dot plot,384,soft,0.02737330085190105,97.3356032486728,4,True
profile_bidmc_45,BIDMC,empirical,profile,Bar chart,384,hard,0.09010397559339205,91.7343686831025,4,False
profile_bidmc_45,BIDMC,empirical,profile,Bar chart,384,soft,0.06689063854999153,93.73031910366161,4,False
assoc_bidmc_45,BIDMC,empirical,association,Scatter plot,256,hard,0.02746751448679905,97.32667806042329,4,False
assoc_bidmc_45,BIDMC,empirical,association,Scatter plot,256,soft,0.02990946661327755,97.09591303091611,4,False
assoc_bidmc_45,BIDMC,empirical,association,Heatmap,256,hard,0.0035672527995416,99.64454272600163,4,True
assoc_bidmc_45,BIDMC,empirical,association,Heatmap,256,soft,0.0035672527995416,99.64454272600163,4,True
assoc_bidmc_45,BIDMC,empirical,association,Scatter plot,384,hard,0.026491965307605225,97.41917460604122,4,False
assoc_bidmc_45,BIDMC,empirical,association,Scatter plot,384,soft,0.030058995039112725,97.081818111013,4,False
assoc_bidmc_45,BIDMC,empirical,association,Heatmap,384,hard,0.0035672527995416,99.64454272600163,4,True
assoc_bidmc_45,BIDMC,empirical,association,Heatmap,384,soft,0.0035672527995416,99.64454272600163,4,True
profile_bidmc_46,BIDMC,empirical,profile,Line chart,256,hard,0.21219806940597385,82.49476923272454,4,False
profile_bidmc_46,BIDMC,empirical,profile,Line chart,256,soft,0.20680718066316134,82.86327890844026,4,False
profile_bidmc_46,BIDMC,empirical,profile,Area chart,256,hard,0.5748480563051876,63.49818930126751,4,False
profile_bidmc_46,BIDMC,empirical,profile,Area chart,256,soft,0.36998627644791504,72.99343191909838,4,False
profile_bidmc_46,BIDMC,empirical,profile,Dot plot,256,hard,0.1923878564446512,83.86532910371169,4,True
profile_bidmc_46,BIDMC,empirical,profile,Dot plot,256,soft,0.1836234694766239,84.48632743335017,4,True
profile_bidmc_46,BIDMC,empirical,profile,Bar chart,256,hard,0.5756412111699325,63.46622523648566,4,False
profile_bidmc_46,BIDMC,empirical,profile,Bar chart,256,soft,0.5274743256729727,65.46754882831966,4,False
profile_bidmc_46,BIDMC,empirical,profile,Line chart,384,hard,0.1506795065653057,86.90517162202072,4,False
profile_bidmc_46,BIDMC,empirical,profile,Line chart,384,soft,0.14092873958399751,87.64789292314762,4,False
profile_bidmc_46,BIDMC,empirical,profile,Area chart,384,hard,0.3922258352959599,71.82742732161839,4,False
profile_bidmc_46,BIDMC,empirical,profile,Area chart,384,soft,0.23867687673177468,80.73130440914349,4,False
profile_bidmc_46,BIDMC,empirical,profile,Dot plot,384,hard,0.12920972263449454,88.5575088449431,4,True
profile_bidmc_46,BIDMC,empirical,profile,Dot plot,384,soft,0.12205603283688225,89.12210894421294,4,True
profile_bidmc_46,BIDMC,empirical,profile,Bar chart,384,hard,0.4020616322307079,71.32354077823099,4,False
profile_bidmc_46,BIDMC,empirical,profile,Bar chart,384,soft,0.31091434776314886,76.28263446092637,4,False
assoc_bidmc_46,BIDMC,empirical,association,Scatter plot,256,hard,0.06395208763971495,93.98919477834879,4,False
assoc_bidmc_46,BIDMC,empirical,association,Scatter plot,256,soft,0.06397333841223544,93.98731752924348,4,False
assoc_bidmc_46,BIDMC,empirical,association,Heatmap,256,hard,0.0012055054551249,99.87959460384938,4,True
assoc_bidmc_46,BIDMC,empirical,association,Heatmap,256,soft,0.0012055054551249,99.87959460384938,4,True
assoc_bidmc_46,BIDMC,empirical,association,Scatter plot,384,hard,0.0649438286570116,93.90166627483897,4,False
assoc_bidmc_46,BIDMC,empirical,association,Scatter plot,384,soft,0.06386991341201455,93.99645458464252,4,False
assoc_bidmc_46,BIDMC,empirical,association,Heatmap,384,hard,0.0012055054551249,99.87959460384938,4,True
assoc_bidmc_46,BIDMC,empirical,association,Heatmap,384,soft,0.0012055054551249,99.87959460384938,4,True
profile_bidmc_47,BIDMC,empirical,profile,Line chart,256,hard,0.16624046825058558,85.74560969403214,4,False
profile_bidmc_47,BIDMC,empirical,profile,Line chart,256,soft,0.13946775256304028,87.76027208761887,4,False
profile_bidmc_47,BIDMC,empirical,profile,Area chart,256,hard,0.3861678780904967,72.14133409133251,4,False
profile_bidmc_47,BIDMC,empirical,profile,Area chart,256,soft,0.29151009810283834,77.42874031484139,4,False
profile_bidmc_47,BIDMC,empirical,profile,Dot plot,256,hard,0.14948245167963162,86.99567344754095,4,True
profile_bidmc_47,BIDMC,empirical,profile,Dot plot,256,soft,0.1293236081798364,88.54857834874532,4,True
profile_bidmc_47,BIDMC,empirical,profile,Bar chart,256,hard,0.39459993064024756,71.7051519958781,4,False
profile_bidmc_47,BIDMC,empirical,profile,Bar chart,256,soft,0.39285642195750886,71.79490895368873,4,False
profile_bidmc_47,BIDMC,empirical,profile,Line chart,384,hard,0.12067092937302126,89.23226022820698,4,False
profile_bidmc_47,BIDMC,empirical,profile,Line chart,384,soft,0.1014263938592962,90.7913597835705,4,False
profile_bidmc_47,BIDMC,empirical,profile,Area chart,384,hard,0.2789682716380621,78.18802250029484,4,False
profile_bidmc_47,BIDMC,empirical,profile,Area chart,384,soft,0.16580367738971777,85.77773594255947,4,False
profile_bidmc_47,BIDMC,empirical,profile,Dot plot,384,hard,0.09155779183952638,91.61219016308515,4,True
profile_bidmc_47,BIDMC,empirical,profile,Dot plot,384,soft,0.08630388019059076,92.05527276810898,4,True
profile_bidmc_47,BIDMC,empirical,profile,Bar chart,384,hard,0.2789682716380621,78.18802250029484,4,False
profile_bidmc_47,BIDMC,empirical,profile,Bar chart,384,soft,0.22239547180662397,81.8065857624671,4,False
assoc_bidmc_47,BIDMC,empirical,association,Scatter plot,256,hard,0.051049256032381654,95.14301963115524,4,False
assoc_bidmc_47,BIDMC,empirical,association,Scatter plot,256,soft,0.0510842641520244,95.13985073373377,4,False
assoc_bidmc_47,BIDMC,empirical,association,Heatmap,256,hard,0.0001414542526609,99.98585657538146,4,True
assoc_bidmc_47,BIDMC,empirical,association,Heatmap,256,soft,0.0001414542526609,99.98585657538146,4,True
assoc_bidmc_47,BIDMC,empirical,association,Scatter plot,384,hard,0.04681405602965205,95.52794923224398,4,False
assoc_bidmc_47,BIDMC,empirical,association,Scatter plot,384,soft,0.05113185783496629,95.13554294317714,4,False
assoc_bidmc_47,BIDMC,empirical,association,Heatmap,384,hard,0.0001414542526609,99.98585657538146,4,True
assoc_bidmc_47,BIDMC,empirical,association,Heatmap,384,soft,0.0001414542526609,99.98585657538146,4,True
profile_bidmc_48,BIDMC,empirical,profile,Line chart,256,hard,0.06263553555363002,94.10564267258414,4,False
profile_bidmc_48,BIDMC,empirical,profile,Line chart,256,soft,0.057534885838126104,94.55952833248351,4,False
profile_bidmc_48,BIDMC,empirical,profile,Area chart,256,hard,0.12360549725018524,88.99920856985067,4,False
profile_bidmc_48,BIDMC,empirical,profile,Area chart,256,soft,0.10113923012967763,90.81503706685967,4,False
profile_bidmc_48,BIDMC,empirical,profile,Dot plot,256,hard,0.0416015589637584,96.00600070096421,4,True
profile_bidmc_48,BIDMC,empirical,profile,Dot plot,256,soft,0.03879353037125012,96.26552060279141,4,True
profile_bidmc_48,BIDMC,empirical,profile,Bar chart,256,hard,0.11604312883003917,89.6022720061286,4,False
profile_bidmc_48,BIDMC,empirical,profile,Bar chart,256,soft,0.1172347271941153,89.50670576732385,4,False
profile_bidmc_48,BIDMC,empirical,profile,Line chart,384,hard,0.04176944783189422,95.9905286223527,4,False
profile_bidmc_48,BIDMC,empirical,profile,Line chart,384,soft,0.039722424734138,96.17951639887971,4,False
profile_bidmc_48,BIDMC,empirical,profile,Area chart,384,hard,0.08198568119333145,92.42266486346577,4,False
profile_bidmc_48,BIDMC,empirical,profile,Area chart,384,soft,0.05436900527130115,94.84345565931054,4,False
profile_bidmc_48,BIDMC,empirical,profile,Dot plot,384,hard,0.026429129932508802,97.42513835960145,4,True
profile_bidmc_48,BIDMC,empirical,profile,Dot plot,384,soft,0.0257835880384452,97.48644954558594,4,True
profile_bidmc_48,BIDMC,empirical,profile,Bar chart,384,hard,0.08590468489544457,92.0891137048814,4,False
profile_bidmc_48,BIDMC,empirical,profile,Bar chart,384,soft,0.06571468408761605,93.83374508498247,4,False
assoc_bidmc_48,BIDMC,empirical,association,Scatter plot,256,hard,0.049275807313656446,95.30382698522213,4,False
assoc_bidmc_48,BIDMC,empirical,association,Scatter plot,256,soft,0.049360843619428496,95.29610391701158,4,False
assoc_bidmc_48,BIDMC,empirical,association,Heatmap,256,hard,0.0057838407459837,99.42494196946993,4,True
assoc_bidmc_48,BIDMC,empirical,association,Heatmap,256,soft,0.0057838407459837,99.42494196946993,4,True
assoc_bidmc_48,BIDMC,empirical,association,Scatter plot,384,hard,0.05041484065452275,95.20048282799308,4,False
assoc_bidmc_48,BIDMC,empirical,association,Scatter plot,384,soft,0.049067268921084595,95.32277191609,4,False
assoc_bidmc_48,BIDMC,empirical,association,Heatmap,384,hard,0.0057838407459837,99.42494196946993,4,True
assoc_bidmc_48,BIDMC,empirical,association,Heatmap,384,soft,0.0057838407459837,99.42494196946993,4,True
profile_bidmc_49,BIDMC,empirical,profile,Line chart,256,hard,0.12399687005915919,88.96821927514506,4,False
profile_bidmc_49,BIDMC,empirical,profile,Line chart,256,soft,0.12368437913011544,88.99296088587937,4,False
profile_bidmc_49,BIDMC,empirical,profile,Area chart,256,hard,0.33187035614790356,75.08238285986377,4,False
profile_bidmc_49,BIDMC,empirical,profile,Area chart,256,soft,0.24267820387824895,80.4713558891691,4,False
profile_bidmc_49,BIDMC,empirical,profile,Dot plot,256,hard,0.10647450754698312,90.37713866693292,4,True
profile_bidmc_49,BIDMC,empirical,profile,Dot plot,256,soft,0.11057799291952772,90.04320330273822,4,True
profile_bidmc_49,BIDMC,empirical,profile,Bar chart,256,hard,0.3502965701179419,74.05780493929973,4,False
profile_bidmc_49,BIDMC,empirical,profile,Bar chart,256,soft,0.31675386389361815,75.94433761849898,4,False
profile_bidmc_49,BIDMC,empirical,profile,Line chart,384,hard,0.09460154678955893,91.35744444478239,4,False
profile_bidmc_49,BIDMC,empirical,profile,Line chart,384,soft,0.0874643189274858,91.95704011569339,4,False
profile_bidmc_49,BIDMC,empirical,profile,Area chart,384,hard,0.2352482174331535,80.95538903735482,4,False
profile_bidmc_49,BIDMC,empirical,profile,Area chart,384,soft,0.1331137810964641,88.2523905968511,4,False
profile_bidmc_49,BIDMC,empirical,profile,Dot plot,384,hard,0.07064698229868593,93.40146813406167,4,True
profile_bidmc_49,BIDMC,empirical,profile,Dot plot,384,soft,0.07584607692124382,92.95009959619009,4,True
profile_bidmc_49,BIDMC,empirical,profile,Bar chart,384,hard,0.2471046392356015,80.18573330085104,4,False
profile_bidmc_49,BIDMC,empirical,profile,Bar chart,384,soft,0.1812030429948592,84.65945003532742,4,False
assoc_bidmc_49,BIDMC,empirical,association,Scatter plot,256,hard,0.06349170034228255,94.02988285457725,4,False
assoc_bidmc_49,BIDMC,empirical,association,Scatter plot,256,soft,0.06354003834947305,94.02560918645977,4,False
assoc_bidmc_49,BIDMC,empirical,association,Heatmap,256,hard,1.1102230246251563e-16,100.0,4,True
assoc_bidmc_49,BIDMC,empirical,association,Heatmap,256,soft,1.1102230246251563e-16,100.0,4,True
assoc_bidmc_49,BIDMC,empirical,association,Scatter plot,384,hard,0.06754253159283236,93.67308284269899,4,False
assoc_bidmc_49,BIDMC,empirical,association,Scatter plot,384,soft,0.06344985698473685,94.03358263034235,4,False
assoc_bidmc_49,BIDMC,empirical,association,Heatmap,384,hard,1.1102230246251563e-16,100.0,4,True
assoc_bidmc_49,BIDMC,empirical,association,Heatmap,384,soft,1.1102230246251563e-16,100.0,4,True
profile_bidmc_50,BIDMC,empirical,profile,Line chart,256,hard,0.17217999595724037,85.31112998421095,4,False
profile_bidmc_50,BIDMC,empirical,profile,Line chart,256,soft,0.17411023189268882,85.17087857994221,4,False
profile_bidmc_50,BIDMC,empirical,profile,Area chart,256,hard,0.4451440842417158,69.19725243346319,4,False
profile_bidmc_50,BIDMC,empirical,profile,Area chart,256,soft,0.35618903206066915,73.736033573472,4,False
profile_bidmc_50,BIDMC,empirical,profile,Dot plot,256,hard,0.1635745857511477,85.94206269591632,4,True
profile_bidmc_50,BIDMC,empirical,profile,Dot plot,256,soft,0.15912571148169757,86.2719194384629,4,True
profile_bidmc_50,BIDMC,empirical,profile,Bar chart,256,hard,0.4850717366041599,67.3368144684142,4,False
profile_bidmc_50,BIDMC,empirical,profile,Bar chart,256,soft,0.47333001833009847,67.87345588284558,4,False
profile_bidmc_50,BIDMC,empirical,profile,Line chart,384,hard,0.12356941281058308,89.00206685927155,4,False
profile_bidmc_50,BIDMC,empirical,profile,Line chart,384,soft,0.13026177676108036,88.47507900918642,4,False
profile_bidmc_50,BIDMC,empirical,profile,Area chart,384,hard,0.3278079470763151,75.31209631648073,4,False
profile_bidmc_50,BIDMC,empirical,profile,Area chart,384,soft,0.2087771487514929,82.72823497969563,4,False
profile_bidmc_50,BIDMC,empirical,profile,Dot plot,384,hard,0.10357790869463368,90.61435464786072,4,True
profile_bidmc_50,BIDMC,empirical,profile,Dot plot,384,soft,0.10837309248490154,90.22232737155898,4,True
profile_bidmc_50,BIDMC,empirical,profile,Bar chart,384,hard,0.35349955625660634,73.882551004724,4,False
profile_bidmc_50,BIDMC,empirical,profile,Bar chart,384,soft,0.27274283662025406,78.57046775100949,4,False
assoc_bidmc_50,BIDMC,empirical,association,Scatter plot,256,hard,0.0442808567565061,95.75967935541397,4,False
assoc_bidmc_50,BIDMC,empirical,association,Scatter plot,256,soft,0.0502251922925155,95.21767401304858,4,False
assoc_bidmc_50,BIDMC,empirical,association,Heatmap,256,hard,0.0015937647189853,99.84087713251367,4,True
assoc_bidmc_50,BIDMC,empirical,association,Heatmap,256,soft,0.0015937647189853,99.84087713251367,4,True
assoc_bidmc_50,BIDMC,empirical,association,Scatter plot,384,hard,0.047487765478708754,95.46650881817159,4,False
assoc_bidmc_50,BIDMC,empirical,association,Scatter plot,384,soft,0.050183392294495345,95.22146392118694,4,False
assoc_bidmc_50,BIDMC,empirical,association,Heatmap,384,hard,0.0015937647189853,99.84087713251367,4,True
assoc_bidmc_50,BIDMC,empirical,association,Heatmap,384,soft,0.0015937647189853,99.84087713251367,4,True
profile_bidmc_51,BIDMC,empirical,profile,Line chart,256,hard,0.10642048803290075,90.38155121095912,4,False
profile_bidmc_51,BIDMC,empirical,profile,Line chart,256,soft,0.10033811449441685,90.88115614894244,4,False
profile_bidmc_51,BIDMC,empirical,profile,Area chart,256,hard,0.2335957756140647,81.06383142421313,4,False
profile_bidmc_51,BIDMC,empirical,profile,Area chart,256,soft,0.18499763846171313,84.38835382812535,4,False
profile_bidmc_51,BIDMC,empirical,profile,Dot plot,256,hard,0.08938094238253062,91.79525371656952,4,True
profile_bidmc_51,BIDMC,empirical,profile,Dot plot,256,soft,0.08430476334826133,92.22499372889095,4,True
profile_bidmc_51,BIDMC,empirical,profile,Bar chart,256,hard,0.2612697148258205,79.28518287923043,4,False
profile_bidmc_51,BIDMC,empirical,profile,Bar chart,256,soft,0.24758172599574732,80.15506953677588,4,False
profile_bidmc_51,BIDMC,empirical,profile,Line chart,384,hard,0.0748246595563841,93.03843106956005,4,False
profile_bidmc_51,BIDMC,empirical,profile,Line chart,384,soft,0.0753733529829546,92.99095957939835,4,False
profile_bidmc_51,BIDMC,empirical,profile,Area chart,384,hard,0.17388317929139385,85.1873523397484,4,False
profile_bidmc_51,BIDMC,empirical,profile,Area chart,384,soft,0.10234226976897454,90.71592620770834,4,False
profile_bidmc_51,BIDMC,empirical,profile,Dot plot,384,hard,0.05960084917717485,94.37516030461305,4,True
profile_bidmc_51,BIDMC,empirical,profile,Dot plot,384,soft,0.05903869935682503,94.42525571608664,4,True
profile_bidmc_51,BIDMC,empirical,profile,Bar chart,384,hard,0.1957984922618214,83.62612985976645,4,False
profile_bidmc_51,BIDMC,empirical,profile,Bar chart,384,soft,0.13226982636118628,88.3181708739633,4,False
assoc_bidmc_51,BIDMC,empirical,association,Scatter plot,256,hard,0.04308894619570004,95.86910144596472,4,False
assoc_bidmc_51,BIDMC,empirical,association,Scatter plot,256,soft,0.0431427964559995,95.86415238617629,4,False
assoc_bidmc_51,BIDMC,empirical,association,Heatmap,256,hard,0.0019535719248429,99.8050237077263,4,True
assoc_bidmc_51,BIDMC,empirical,association,Heatmap,256,soft,0.0019535719248429,99.8050237077263,4,True
assoc_bidmc_51,BIDMC,empirical,association,Scatter plot,384,hard,0.03845740932847868,96.2966791913645,4,False
assoc_bidmc_51,BIDMC,empirical,association,Scatter plot,384,soft,0.04311782645705855,95.86644716795723,4,False
assoc_bidmc_51,BIDMC,empirical,association,Heatmap,384,hard,0.0019535719248429,99.8050237077263,4,True
assoc_bidmc_51,BIDMC,empirical,association,Heatmap,384,soft,0.0019535719248429,99.8050237077263,4,True
profile_bidmc_52,BIDMC,empirical,profile,Line chart,256,hard,0.19067213951663858,83.9861761110793,4,False
profile_bidmc_52,BIDMC,empirical,profile,Line chart,256,soft,0.1708456784377621,85.40835213520894,4,False
profile_bidmc_52,BIDMC,empirical,profile,Area chart,256,hard,0.4612732695852169,68.43346968796949,4,False
profile_bidmc_52,BIDMC,empirical,profile,Area chart,256,soft,0.3219294885324425,75.64699998561673,4,False
profile_bidmc_52,BIDMC,empirical,profile,Dot plot,256,hard,0.150906734935005,86.88801356753488,4,True
profile_bidmc_52,BIDMC,empirical,profile,Dot plot,256,soft,0.15090330150820352,86.8882727757882,4,True
profile_bidmc_52,BIDMC,empirical,profile,Bar chart,256,hard,0.4487507534487474,69.02498567262192,4,False
profile_bidmc_52,BIDMC,empirical,profile,Bar chart,256,soft,0.45572500345332323,68.69429305863154,4,False
profile_bidmc_52,BIDMC,empirical,profile,Line chart,384,hard,0.13938238507044562,87.76684746957643,4,False
profile_bidmc_52,BIDMC,empirical,profile,Line chart,384,soft,0.12984618865667058,88.50762254541469,4,False
profile_bidmc_52,BIDMC,empirical,profile,Area chart,384,hard,0.3508728139531153,74.02621399076486,4,False
profile_bidmc_52,BIDMC,empirical,profile,Area chart,384,soft,0.17684563521075825,84.97291149156639,4,False
profile_bidmc_52,BIDMC,empirical,profile,Dot plot,384,hard,0.11496229232598418,89.68913181035433,4,True
profile_bidmc_52,BIDMC,empirical,profile,Dot plot,384,soft,0.10160314243063945,90.77679261095275,4,True
profile_bidmc_52,BIDMC,empirical,profile,Bar chart,384,hard,0.3428151503666963,74.47041387095757,4,False
profile_bidmc_52,BIDMC,empirical,profile,Bar chart,384,soft,0.24874030535310127,80.08070178508686,4,False
assoc_bidmc_52,BIDMC,empirical,association,Scatter plot,256,hard,0.0514088700176474,95.11047780900074,4,False
assoc_bidmc_52,BIDMC,empirical,association,Scatter plot,256,soft,0.05351005656403912,94.92078350551688,4,False
assoc_bidmc_52,BIDMC,empirical,association,Heatmap,256,hard,0.0019266540715243,99.80770507864074,4,True
assoc_bidmc_52,BIDMC,empirical,association,Heatmap,256,soft,0.0019266540715243,99.80770507864074,4,True
assoc_bidmc_52,BIDMC,empirical,association,Scatter plot,384,hard,0.0507017297505444,95.17448879021244,4,False
assoc_bidmc_52,BIDMC,empirical,association,Scatter plot,384,soft,0.053404710493322405,94.93027608844541,4,False
assoc_bidmc_52,BIDMC,empirical,association,Heatmap,384,hard,0.0019266540715243,99.80770507864074,4,True
assoc_bidmc_52,BIDMC,empirical,association,Heatmap,384,soft,0.0019266540715243,99.80770507864074,4,True
profile_bidmc_53,BIDMC,empirical,profile,Line chart,256,hard,0.06512080218331287,93.88606418635082,4,False
profile_bidmc_53,BIDMC,empirical,profile,Line chart,256,soft,0.06392089099752822,93.99195076077544,4,False
profile_bidmc_53,BIDMC,empirical,profile,Area chart,256,hard,0.10558723500599174,90.44966949121664,4,False
profile_bidmc_53,BIDMC,empirical,profile,Area chart,256,soft,0.11115608915728699,89.99635692573229,4,False
profile_bidmc_53,BIDMC,empirical,profile,Dot plot,256,hard,0.04471850336768617,95.71956433972073,4,True
profile_bidmc_53,BIDMC,empirical,profile,Dot plot,256,soft,0.04600070746295233,95.60222979442091,4,True
profile_bidmc_53,BIDMC,empirical,profile,Bar chart,256,hard,0.1335903152091335,88.21529141376902,4,False
profile_bidmc_53,BIDMC,empirical,profile,Bar chart,256,soft,0.14527715979120004,87.31510896299669,4,False
profile_bidmc_53,BIDMC,empirical,profile,Line chart,384,hard,0.051383976471147,95.11272973327864,4,False
profile_bidmc_53,BIDMC,empirical,profile,Line chart,384,soft,0.0494035009969063,95.29223020983119,4,False
profile_bidmc_53,BIDMC,empirical,profile,Area chart,384,hard,0.09234676853831372,91.54602080602258,4,False
profile_bidmc_53,BIDMC,empirical,profile,Area chart,384,soft,0.06640893598290712,93.77265758546011,4,False
profile_bidmc_53,BIDMC,empirical,profile,Dot plot,384,hard,0.033351320894101505,96.77250899865842,4,True
profile_bidmc_53,BIDMC,empirical,profile,Dot plot,384,soft,0.032641354632885894,96.8390424723509,4,True
profile_bidmc_53,BIDMC,empirical,profile,Bar chart,384,hard,0.10796835873105662,90.2552850106016,4,False
profile_bidmc_53,BIDMC,empirical,profile,Bar chart,384,soft,0.07052782316430778,93.41186453652004,4,False
assoc_bidmc_53,BIDMC,empirical,association,Scatter plot,256,hard,0.0037738595351484746,99.62403289353479,4,False
assoc_bidmc_53,BIDMC,empirical,association,Scatter plot,256,soft,0.00183014032476465,99.81732029701448,4,True
assoc_bidmc_53,BIDMC,empirical,association,Heatmap,256,hard,0.0024588401099694,99.75471909552918,4,True
assoc_bidmc_53,BIDMC,empirical,association,Heatmap,256,soft,0.0024588401099694,99.75471909552918,4,False
assoc_bidmc_53,BIDMC,empirical,association,Scatter plot,384,hard,0.0050518485009163,99.49735443913153,4,False
assoc_bidmc_53,BIDMC,empirical,association,Scatter plot,384,soft,0.0018062153538895,99.8197041178017,4,True
assoc_bidmc_53,BIDMC,empirical,association,Heatmap,384,hard,0.0024588401099694,99.75471909552918,4,True
assoc_bidmc_53,BIDMC,empirical,association,Heatmap,384,soft,0.0024588401099694,99.75471909552918,4,False
