key,task,dataset,kind,observer,selected,runner_up,reference_score,runner_reference_score,reference_margin,selected_test_score,runner_test_score,default,default_test_score,default_test_loss,selected_test_loss,transfer_gain,reference_ties,selected_still_best
assoc_bidmc_01,association,BIDMC,empirical,hard,Heatmap,Scatter plot,99.99999999999997,97.65424120496331,2.3457587950366587,99.99999999999997,97.61321959652318,Scatter plot,97.61321959652318,0.0244514053869177,1.6653345369377348e-16,0.024451405386917535,1,True
assoc_bidmc_01,association,BIDMC,empirical,soft,Heatmap,Scatter plot,99.99999999999997,97.65906059779692,2.3409394022030483,99.99999999999997,97.65299649083153,Scatter plot,97.65299649083153,0.024034116652926478,1.6653345369377348e-16,0.02403411665292631,1,True
assoc_bidmc_02,association,BIDMC,empirical,hard,Heatmap,Scatter plot,99.506020471998,95.70865989094563,3.7973605810523736,99.506020471998,96.04369251695346,Scatter plot,96.04369251695346,0.04119278819218862,0.0049643179946184,0.03622847019757022,1,True
assoc_bidmc_02,association,BIDMC,empirical,soft,Heatmap,Scatter plot,99.506020471998,96.0309036177302,3.475116854267796,99.506020471998,96.01815905525302,Scatter plot,96.01815905525302,0.04146966557081817,0.0049643179946184,0.036505347576199776,1,True
assoc_bidmc_03,association,BIDMC,empirical,hard,Heatmap,Scatter plot,100.0,97.08783870753349,2.9121612924665072,100.0,97.06464882278767,Scatter plot,97.06464882278767,0.030241197107418922,5.551115123125783e-17,0.030241197107418866,1,True
assoc_bidmc_03,association,BIDMC,empirical,soft,Heatmap,Scatter plot,100.0,97.08528573089681,2.914714269103186,100.0,97.08852022952176,Scatter plot,97.08852022952176,0.02998788902740885,5.551115123125783e-17,0.029987889027408794,1,True
assoc_bidmc_04,association,BIDMC,empirical,hard,Heatmap,Scatter plot,99.79893980289208,99.68716271655423,0.11177708633785244,99.79893980289208,99.6104142378892,Scatter plot,99.6104142378892,0.00391109468915955,0.0020146526356396,0.0018964420535199501,1,True
assoc_bidmc_04,association,BIDMC,empirical,soft,Heatmap,Scatter plot,99.79893980289208,99.59757600101737,0.20136380187470593,99.79893980289208,99.60585912870957,Scatter plot,99.60585912870957,0.003957004886440749,0.0020146526356396,0.001942352250801149,1,True
assoc_bidmc_05,association,BIDMC,empirical,hard,Heatmap,Scatter plot,100.0,99.77249029425879,0.22750970574121254,100.0,98.81889308149167,Scatter plot,98.81889308149167,0.011952237893763202,2.775557561562892e-17,0.011952237893763174,1,True
assoc_bidmc_05,association,BIDMC,empirical,soft,Heatmap,Scatter plot,100.0,99.77561885482153,0.2243811451784694,100.0,99.77687216791571,Scatter plot,99.77687216791571,0.002236268057278725,2.775557561562892e-17,0.0022362680572786974,1,True
assoc_bidmc_06,association,BIDMC,empirical,hard,Heatmap,Scatter plot,98.3633124236119,88.4966634035721,9.866649020039802,98.3633124236119,88.6527362468679,Scatter plot,88.6527362468679,0.12799676844191038,0.016639207607604,0.11135756083430638,1,True
assoc_bidmc_06,association,BIDMC,empirical,soft,Heatmap,Scatter plot,98.3633124236119,88.49693037942868,9.866382044183226,98.3633124236119,88.48793793537047,Scatter plot,88.48793793537047,0.13009752892012996,0.016639207607604,0.11345832131252596,1,True
assoc_bidmc_07,association,BIDMC,empirical,hard,Heatmap,Scatter plot,99.56018399160442,92.5747587724622,6.985425219142215,99.56018399160442,93.72231557989613,Scatter plot,93.72231557989613,0.0669817468898565,0.0044175893490983,0.0625641575407582,1,True
assoc_bidmc_07,association,BIDMC,empirical,soft,Heatmap,Scatter plot,99.56018399160442,92.57577729801443,6.984406693589989,99.56018399160442,92.56602992946114,Scatter plot,92.56602992946114,0.08030991581040936,0.0044175893490983,0.07589232646131105,1,True
assoc_bidmc_08,association,BIDMC,empirical,hard,Heatmap,Scatter plot,100.0,92.30432164889508,7.695678351104917,100.0,91.78742158010297,Scatter plot,91.78742158010297,0.08947389825881429,5.551115123125783e-17,0.08947389825881423,1,True
assoc_bidmc_08,association,BIDMC,empirical,soft,Heatmap,Scatter plot,100.0,92.30174929786463,7.698250702135368,100.0,92.3082041979986,Scatter plot,92.3082041979986,0.08332732576513674,5.551115123125783e-17,0.08332732576513668,1,True
assoc_bidmc_09,association,BIDMC,empirical,hard,Heatmap,Scatter plot,100.0,93.54835126922578,6.451648730774224,100.0,93.36071605096377,Scatter plot,93.36071605096377,0.07111432120349173,5.551115123125783e-17,0.07111432120349168,1,True
assoc_bidmc_09,association,BIDMC,empirical,soft,Heatmap,Scatter plot,100.0,93.54554068798436,6.4544593120156435,100.0,93.55112799368163,Scatter plot,93.55112799368163,0.06893419827876268,5.551115123125783e-17,0.06893419827876263,1,True
assoc_bidmc_10,association,BIDMC,empirical,hard,Heatmap,Scatter plot,99.6979291657691,95.79305194187498,3.9048772238941183,99.6979291657691,95.21662046894399,Scatter plot,95.21662046894399,0.0502368127276284,0.0030298606677039,0.0472069520599245,1,True
assoc_bidmc_10,association,BIDMC,empirical,soft,Heatmap,Scatter plot,99.6979291657691,95.14748443730004,4.55044472846906,99.6979291657691,95.16655802508757,Scatter plot,95.16655802508757,0.050789290641763546,0.0030298606677039,0.047759429974059645,1,True
assoc_bidmc_11,association,BIDMC,empirical,hard,Scatter plot,Heatmap,99.628442340749,99.44586824554797,0.18257409520103351,99.19163175157401,99.44586824554797,Scatter plot,99.19163175157401,0.008149560947344401,0.008149560947344401,0.0,1,False
assoc_bidmc_11,association,BIDMC,empirical,soft,Scatter plot,Heatmap,99.45839995168244,99.44586824554797,0.012531706134467413,99.47548405029828,99.44586824554797,Scatter plot,99.47548405029828,0.0052728162592956245,0.0052728162592956245,0.0,1,True
assoc_bidmc_12,association,BIDMC,empirical,hard,Heatmap,Scatter plot,99.75942638094392,97.2284887086205,2.530937672323418,99.75942638094392,97.13715134725703,Scatter plot,97.13715134725703,0.029472231921940324,0.0024115377141146,0.027060694207825725,1,True
assoc_bidmc_12,association,BIDMC,empirical,soft,Heatmap,Scatter plot,99.75942638094392,97.22219363170359,2.5372327492403315,99.75942638094392,97.22847083243019,Scatter plot,97.22847083243019,0.028505325074446926,0.0024115377141146,0.026093787360332327,1,True
assoc_bidmc_13,association,BIDMC,empirical,hard,Heatmap,Scatter plot,99.47189898825883,93.65404881045308,5.817850177805752,99.47189898825883,93.66686843967106,Scatter plot,93.66686843967106,0.0676133585527946,0.0053090472496508,0.0623043113031438,1,True
assoc_bidmc_13,association,BIDMC,empirical,soft,Heatmap,Scatter plot,99.47189898825883,93.65547697378508,5.816422014473744,99.47189898825883,93.65252789246041,Scatter plot,93.65252789246041,0.06777683689252136,0.0053090472496508,0.06246778964287056,1,True
assoc_bidmc_14,association,BIDMC,empirical,hard,Heatmap,Scatter plot,100.0,98.02112068306532,1.9788793169346803,100.0,97.23124778695983,Scatter plot,97.23124778695983,0.028475950644042874,2.775557561562892e-17,0.028475950644042847,1,True
assoc_bidmc_14,association,BIDMC,empirical,soft,Heatmap,Scatter plot,100.0,98.02491913038152,1.9750808696184805,100.0,98.02452880783792,Scatter plot,98.02452880783792,0.02015282517740715,2.775557561562892e-17,0.020152825177407123,1,True
assoc_bidmc_15,association,BIDMC,empirical,hard,Heatmap,Scatter plot,99.67526305678966,96.55190293803335,3.1233601187563096,99.67526305678966,95.8875378814235,Scatter plot,95.8875378814235,0.0428883899768296,0.0032579491967362,0.0396304407800934,1,True
assoc_bidmc_15,association,BIDMC,empirical,soft,Heatmap,Scatter plot,99.67526305678966,96.01237533563548,3.6628877211541777,99.67526305678966,96.02115183006528,Scatter plot,96.02115183006528,0.041437205179295625,0.0032579491967362,0.038179255982559425,1,True
assoc_bidmc_16,association,BIDMC,empirical,hard,Heatmap,Scatter plot,100.0,94.23356642109079,5.766433578909215,100.0,93.99976431684034,Scatter plot,93.99976431684034,0.06383245454674726,5.551115123125783e-17,0.0638324545467472,1,True
assoc_bidmc_16,association,BIDMC,empirical,soft,Heatmap,Scatter plot,100.0,94.22978075680376,5.770219243196237,100.0,94.23629902615441,Scatter plot,94.23629902615441,0.06116221703747018,5.551115123125783e-17,0.06116221703747012,1,True
assoc_bidmc_17,association,BIDMC,empirical,hard,Heatmap,Scatter plot,99.77173528793779,98.01624383658068,1.755491451357102,99.77173528793779,98.00824648830077,Scatter plot,98.00824648830077,0.020322305347407525,0.0022878695193928,0.018034435828014724,1,True
assoc_bidmc_17,association,BIDMC,empirical,soft,Heatmap,Scatter plot,99.77173528793779,97.7360218798282,2.0357134081095865,99.77173528793779,97.73762101054541,Scatter plot,97.73762101054541,0.023147473470942127,0.0022878695193928,0.020859603951549326,1,True
assoc_bidmc_18,association,BIDMC,empirical,hard,Heatmap,Scatter plot,99.66215595423407,98.83889372340118,0.8232622308328814,99.66215595423407,98.15734767717058,Scatter plot,98.15734767717058,0.018772433917934726,0.0033898930093492,0.015382540908585526,1,True
assoc_bidmc_18,association,BIDMC,empirical,soft,Heatmap,Scatter plot,99.66215595423407,98.83888251429558,0.8232734399384896,99.66215595423407,98.84323639634114,Scatter plot,98.84323639634114,0.01170301222251035,0.0033898930093492,0.00831311921316115,1,True
assoc_bidmc_19,association,BIDMC,empirical,hard,Scatter plot,Heatmap,99.5822183538373,99.44162923458698,0.14058911925032191,99.17716215802439,99.44162923458698,Scatter plot,99.17716215802439,0.0082966463656678,0.0082966463656678,0.0,1,False
assoc_bidmc_19,association,BIDMC,empirical,soft,Scatter plot,Heatmap,99.55190296962746,99.44162923458698,0.11027373504047944,99.5555415384009,99.44162923458698,Scatter plot,99.5555415384009,0.004464427140177574,0.004464427140177574,0.0,1,True
assoc_bidmc_20,association,BIDMC,empirical,hard,Heatmap,Scatter plot,98.94027261631295,96.95707896229456,1.9831936540183932,98.94027261631295,96.46615653608238,Scatter plot,96.46615653608238,0.036632987057961724,0.0107107788938143,0.025922208164147427,1,True
assoc_bidmc_20,association,BIDMC,empirical,soft,Heatmap,Scatter plot,98.94027261631295,96.67517778922533,2.2650948270876228,98.94027261631295,96.67566983330492,Scatter plot,96.67566983330492,0.03438641979338865,0.0107107788938143,0.02367564089957435,1,True
assoc_bidmc_21,association,BIDMC,empirical,hard,Scatter plot,Heatmap,99.6521059276788,99.36311962282866,0.2889863048501411,99.43669758546932,99.36311962282866,Scatter plot,99.43669758546932,0.005664934860155575,0.005664934860155575,0.0,1,True
assoc_bidmc_21,association,BIDMC,empirical,soft,Scatter plot,Heatmap,99.8972829377284,99.36311962282866,0.5341633148997431,99.90433928982415,99.36311962282866,Scatter plot,99.90433928982415,0.0009575230751322,0.0009575230751322,0.0,1,True
assoc_bidmc_22,association,BIDMC,empirical,hard,Scatter plot,Heatmap,99.8030977716222,99.20593083440752,0.5971669372146806,99.45158052623384,99.20593083440752,Scatter plot,99.45158052623384,0.005514436983950176,0.005514436983950176,0.0,1,True
assoc_bidmc_22,association,BIDMC,empirical,soft,Scatter plot,Heatmap,99.8522597791528,99.20593083440752,0.646328944745278,99.84861864704578,99.20593083440752,Scatter plot,99.84861864704578,0.00151610863530655,0.00151610863530655,0.0,1,True
assoc_bidmc_23,association,BIDMC,empirical,hard,Heatmap,Scatter plot,98.62557416577968,96.42326836531856,2.2023058004611187,98.62557416577968,95.6562248196528,Scatter plot,95.6562248196528,0.04541027192466368,0.0139357955159788,0.03147447640868488,1,True
assoc_bidmc_23,association,BIDMC,empirical,soft,Heatmap,Scatter plot,98.62557416577968,96.4191434970235,2.206430668756184,98.62557416577968,96.43725074935247,Scatter plot,96.43725074935247,0.0369437040455184,0.0139357955159788,0.0230079085295396,1,True
assoc_bidmc_24,association,BIDMC,empirical,hard,Heatmap,Scatter plot,99.4986349841992,99.4813138788691,0.017321105330097453,99.4986349841992,99.69991395851443,Scatter plot,99.69991395851443,0.003009892682660017,0.005038913507511,-0.002029020824850983,1,False
assoc_bidmc_24,association,BIDMC,empirical,soft,Scatter plot,Heatmap,99.59964712019526,99.4986349841992,0.10101213599605785,99.59479429339913,99.4986349841992,Scatter plot,99.59479429339913,0.004068543034560074,0.004068543034560074,0.0,1,True
assoc_bidmc_25,association,BIDMC,empirical,hard,Heatmap,Scatter plot,98.55624594595248,93.90535578747037,4.650890158482113,98.55624594595248,94.29997130630981,Scatter plot,94.29997130630981,0.060445709735956143,0.0146490366002705,0.04579667313568564,1,True
assoc_bidmc_25,association,BIDMC,empirical,soft,Heatmap,Scatter plot,98.55624594595248,93.80265747363154,4.753588472320942,98.55624594595248,93.81883218470965,Scatter plot,93.81883218470965,0.06588408394511805,0.0146490366002705,0.051235047344847545,1,True
assoc_bidmc_26,association,BIDMC,empirical,hard,Scatter plot,Heatmap,99.52741230380514,99.20185299859689,0.3255593052082446,99.61616370818398,99.20185299859689,Scatter plot,99.61616370818398,0.003853152716665975,0.003853152716665975,0.0,1,True
assoc_bidmc_26,association,BIDMC,empirical,soft,Scatter plot,Heatmap,99.7194661047712,99.20185299859689,0.5176131061743092,99.7070927825217,99.20185299859689,Scatter plot,99.7070927825217,0.0029376768422801247,0.0029376768422801247,0.0,1,True
assoc_bidmc_27,association,BIDMC,empirical,hard,Heatmap,Scatter plot,99.02748525333028,98.09184460961815,0.9356406437121336,99.02748525333028,97.99180286817332,Scatter plot,97.99180286817332,0.020493521631888625,0.0098206547826783,0.010672866849210325,1,True
assoc_bidmc_27,association,BIDMC,empirical,soft,Heatmap,Scatter plot,99.02748525333028,98.03995304680501,0.9875322065252732,99.02748525333028,98.01334997932626,Scatter plot,98.01334997932626,0.020269177832333823,0.0098206547826783,0.010448523049655522,1,True
assoc_bidmc_28,association,BIDMC,empirical,hard,Scatter plot,Heatmap,99.21485308143059,99.03526658596103,0.1795864954695645,99.22601961492036,99.03526658596103,Scatter plot,99.22601961492036,0.007800175680565775,0.007800175680565775,0.0,1,True
assoc_bidmc_28,association,BIDMC,empirical,soft,Scatter plot,Heatmap,99.43279499810899,99.03526658596103,0.3975284121479632,99.40819415539976,99.03526658596103,Scatter plot,99.40819415539976,0.00595329036633645,0.00595329036633645,0.0,1,True
assoc_bidmc_29,association,BIDMC,empirical,hard,Heatmap,Scatter plot,100.0,97.79518199545716,2.204818004542844,100.0,97.24796839470024,Scatter plot,97.24796839470024,0.028299116688279776,8.326672684688674e-17,0.028299116688279693,1,True
assoc_bidmc_29,association,BIDMC,empirical,soft,Heatmap,Scatter plot,100.0,97.79763695653739,2.2023630434626114,100.0,97.79747004357554,Scatter plot,97.79747004357554,0.0225213387978552,8.326672684688674e-17,0.022521338797855117,1,True
assoc_bidmc_30,association,BIDMC,empirical,hard,Heatmap,Scatter plot,99.16043807220692,93.99954210749179,5.160895964715124,99.16043807220692,93.98514344389628,Scatter plot,93.98514344389628,0.06399795048133602,0.0084667024885644,0.05553124799277162,1,True
assoc_bidmc_30,association,BIDMC,empirical,soft,Heatmap,Scatter plot,99.16043807220692,93.99793307155727,5.162505000649645,99.16043807220692,93.99616900645613,Scatter plot,93.99616900645613,0.06387314565055838,0.0084667024885644,0.05540644316199397,1,True
assoc_bidmc_31,association,BIDMC,empirical,hard,Heatmap,Scatter plot,99.07055522027152,96.0222549233401,3.0483002969314157,99.07055522027152,95.85030473202868,Scatter plot,95.85030473202868,0.04329350104386978,0.0093816450070556,0.03391185603681418,1,True
assoc_bidmc_31,association,BIDMC,empirical,soft,Heatmap,Scatter plot,99.07055522027152,95.42132246091602,3.649232759355499,99.07055522027152,95.4398078636979,Scatter plot,95.4398078636979,0.04778081849048492,0.0093816450070556,0.03839917348342932,1,True
assoc_bidmc_32,association,BIDMC,empirical,hard,Heatmap,Scatter plot,98.9082401325414,84.77604523525132,14.132194897290077,98.9082401325414,85.1275462693587,Scatter plot,85.1275462693587,0.17470788695802658,0.0110381083112549,0.16366977864677168,1,True
assoc_bidmc_32,association,BIDMC,empirical,soft,Heatmap,Scatter plot,98.9082401325414,84.7780308408971,14.130209291644292,98.9082401325414,84.77254573677696,Scatter plot,84.77254573677696,0.1796271909835649,0.0110381083112549,0.16858908267231,1,True
assoc_bidmc_33,association,BIDMC,empirical,hard,Scatter plot,Heatmap,99.44119397114687,99.23613517989965,0.20505879124722526,99.21423638206488,99.23613517989965,Scatter plot,99.21423638206488,0.0079198676176794,0.0079198676176794,0.0,1,False
assoc_bidmc_33,association,BIDMC,empirical,soft,Scatter plot,Heatmap,99.58557839973768,99.23613517989965,0.3494432198380366,99.57236975064343,99.23613517989965,Scatter plot,99.57236975064343,0.0042946677921542505,0.0042946677921542505,0.0,1,True
assoc_bidmc_34,association,BIDMC,empirical,hard,Heatmap,Scatter plot,99.39369155332248,97.35332774464344,2.0403638086790465,99.39369155332248,96.97021496482289,Scatter plot,96.97021496482289,0.0312444912726676,0.0061000697046477,0.0251444215680199,1,True
assoc_bidmc_34,association,BIDMC,empirical,soft,Heatmap,Scatter plot,99.39369155332248,97.12956529185034,2.2641262614721427,99.39369155332248,97.18476623059965,Scatter plot,97.18476623059965,0.028967850400754874,0.0061000697046477,0.022867780696107173,1,True
assoc_bidmc_35,association,BIDMC,empirical,hard,Scatter plot,Heatmap,99.55584887838972,99.51722890208084,0.0386199763088797,99.60237718786962,99.51722890208084,Scatter plot,99.60237718786962,0.0039921016280605,0.0039921016280605,0.0,1,True
assoc_bidmc_35,association,BIDMC,empirical,soft,Scatter plot,Heatmap,99.92731538700863,99.51722890208084,0.4100864849277883,99.94371387652983,99.51722890208084,Scatter plot,99.94371387652983,0.0005631782258932,0.0005631782258932,0.0,1,True
assoc_bidmc_36,association,BIDMC,empirical,hard,Heatmap,Scatter plot,98.78455197973916,96.96202458568037,1.8225273940587954,98.78455197973916,97.16051936886286,Scatter plot,97.16051936886286,0.029224634137218475,0.0123040292829402,0.016920604854278275,1,True
assoc_bidmc_36,association,BIDMC,empirical,soft,Heatmap,Scatter plot,98.78455197973916,97.10469862912231,1.6798533506168525,98.78455197973916,97.08788622165078,Scatter plot,97.08788622165078,0.02999461510265945,0.0123040292829402,0.01769058581971925,1,True
assoc_bidmc_37,association,BIDMC,empirical,hard,Heatmap,Scatter plot,99.76378978578147,88.20321108991689,11.560578695864578,99.76378978578147,88.60177900419,Scatter plot,88.60177900419,0.12864550942336003,0.0023676948793319,0.12627781454402814,1,True
assoc_bidmc_37,association,BIDMC,empirical,soft,Heatmap,Scatter plot,99.76378978578147,88.94749701243273,10.816292773348735,99.76378978578147,88.94942217656325,Scatter plot,88.94942217656325,0.12423439695315287,0.0023676948793319,0.12186670207382097,1,True
assoc_bidmc_38,association,BIDMC,empirical,hard,Heatmap,Scatter plot,99.9175108516814,98.9950138037998,0.9224970478816061,99.9175108516814,98.98817896027566,Scatter plot,98.98817896027566,0.0102216350512962,0.0008255724909026,0.0093960625603936,1,True
assoc_bidmc_38,association,BIDMC,empirical,soft,Heatmap,Scatter plot,99.9175108516814,98.9218241262277,0.9956867254536945,99.9175108516814,98.92578727294058,Scatter plot,98.92578727294058,0.010858773598592676,0.0008255724909026,0.010033201107690076,1,True
assoc_bidmc_39,association,BIDMC,empirical,hard,Heatmap,Scatter plot,99.7202757290668,91.75582152980014,7.964454199266655,99.7202757290668,91.48180261770372,Scatter plot,91.48180261770372,0.09311357164542614,0.0028050892247148,0.09030848242071134,1,True
assoc_bidmc_39,association,BIDMC,empirical,soft,Heatmap,Scatter plot,99.7202757290668,91.75532786649075,7.964947862576054,99.7202757290668,91.76239933987961,Scatter plot,91.76239933987961,0.08977098157175531,0.0028050892247148,0.08696589234704051,1,True
assoc_bidmc_40,association,BIDMC,empirical,hard,Heatmap,Scatter plot,99.5556620538014,98.63534900212981,0.9203130516715845,99.5556620538014,98.8520865864186,Scatter plot,98.8520865864186,0.011612434832904275,0.0044632112029799,0.0071492236299243745,1,True
assoc_bidmc_40,association,BIDMC,empirical,soft,Heatmap,Scatter plot,99.5556620538014,98.50883937032924,1.0468226834721577,99.5556620538014,98.5099436898855,Scatter plot,98.5099436898855,0.0151259482474711,0.0044632112029799,0.0106627370444912,1,True
assoc_bidmc_41,association,BIDMC,empirical,hard,Scatter plot,Heatmap,99.45564567421715,99.16991345691035,0.2857322173068013,98.8835899835972,99.16991345691035,Scatter plot,98.8835899835972,0.01129014446773195,0.01129014446773195,0.0,1,False
assoc_bidmc_41,association,BIDMC,empirical,soft,Scatter plot,Heatmap,99.97032246166351,99.16991345691035,0.8004090047531633,99.93625658047188,99.16991345691035,Scatter plot,99.93625658047188,0.0006378407768034655,0.0006378407768034655,0.0,1,True
assoc_bidmc_42,association,BIDMC,empirical,hard,Heatmap,Scatter plot,99.77551737471967,98.14558855911358,1.6299288156060925,99.77551737471967,98.13450061589712,Scatter plot,98.13450061589712,0.0190096181505475,0.0022498768353889,0.016759741315158602,1,True
assoc_bidmc_42,association,BIDMC,empirical,soft,Heatmap,Scatter plot,99.77551737471967,98.1424856209924,1.6330317537272663,99.77551737471967,98.14801379067053,Scatter plot,98.14801379067053,0.018869319284233053,0.0022498768353889,0.016619442448844154,1,True
assoc_bidmc_43,association,BIDMC,empirical,hard,Heatmap,Scatter plot,99.31147131364844,99.24138872739739,0.07008258625104702,99.31147131364844,99.09024513063373,Scatter plot,99.09024513063373,0.0091810739610838,0.006933022713731,0.0022480512473528006,1,True
assoc_bidmc_43,association,BIDMC,empirical,soft,Heatmap,Scatter plot,99.31147131364844,98.96132415457969,0.3501471590687544,99.31147131364844,98.94433857770461,Scatter plot,98.94433857770461,0.010669245329952249,0.006933022713731,0.0037362226162212485,1,True
assoc_bidmc_44,association,BIDMC,empirical,hard,Heatmap,Scatter plot,100.0,95.83529889904027,4.164701100959732,100.0,95.74454257593797,Scatter plot,95.74454257593797,0.044445952840465076,5.551115123125783e-17,0.04444595284046502,1,True
assoc_bidmc_44,association,BIDMC,empirical,soft,Heatmap,Scatter plot,100.0,95.82988240992631,4.170117590073687,100.0,95.83758020817011,Scatter plot,95.83758020817011,0.043432020954500626,5.551115123125783e-17,0.04343202095450057,1,True
assoc_bidmc_45,association,BIDMC,empirical,hard,Heatmap,Scatter plot,99.64454272600163,97.32667806042329,2.317864665578341,99.64454272600163,97.41917460604122,Scatter plot,97.41917460604122,0.026491965307605225,0.0035672527995416,0.022924712508063626,1,True
assoc_bidmc_45,association,BIDMC,empirical,soft,Heatmap,Scatter plot,99.64454272600163,97.09591303091611,2.5486296950855234,99.64454272600163,97.081818111013,Scatter plot,97.081818111013,0.030058995039112725,0.0035672527995416,0.026491742239571126,1,True
assoc_bidmc_46,association,BIDMC,empirical,hard,Heatmap,Scatter plot,99.87959460384938,93.98919477834879,5.8903998255005945,99.87959460384938,93.90166627483897,Scatter plot,93.90166627483897,0.0649438286570116,0.0012055054551249,0.0637383232018867,1,True
assoc_bidmc_46,association,BIDMC,empirical,soft,Heatmap,Scatter plot,99.87959460384938,93.98731752924348,5.8922770746059,99.87959460384938,93.99645458464252,Scatter plot,93.99645458464252,0.06386991341201455,0.0012055054551249,0.06266440795688964,1,True
assoc_bidmc_47,association,BIDMC,empirical,hard,Heatmap,Scatter plot,99.98585657538146,95.14301963115524,4.842836944226221,99.98585657538146,95.52794923224398,Scatter plot,95.52794923224398,0.04681405602965205,0.0001414542526609,0.04667260177699115,1,True
assoc_bidmc_47,association,BIDMC,empirical,soft,Heatmap,Scatter plot,99.98585657538146,95.13985073373377,4.846005841647695,99.98585657538146,95.13554294317714,Scatter plot,95.13554294317714,0.05113185783496629,0.0001414542526609,0.050990403582305395,1,True
assoc_bidmc_48,association,BIDMC,empirical,hard,Heatmap,Scatter plot,99.42494196946993,95.30382698522213,4.1211149842477965,99.42494196946993,95.20048282799308,Scatter plot,95.20048282799308,0.05041484065452275,0.0057838407459837,0.044630999908539054,1,True
assoc_bidmc_48,association,BIDMC,empirical,soft,Heatmap,Scatter plot,99.42494196946993,95.29610391701158,4.128838052458349,99.42494196946993,95.32277191609,Scatter plot,95.32277191609,0.049067268921084595,0.0057838407459837,0.04328342817510089,1,True
assoc_bidmc_49,association,BIDMC,empirical,hard,Heatmap,Scatter plot,100.0,94.02988285457725,5.970117145422748,100.0,93.67308284269899,Scatter plot,93.67308284269899,0.06754253159283236,1.1102230246251563e-16,0.06754253159283224,1,True
assoc_bidmc_49,association,BIDMC,empirical,soft,Heatmap,Scatter plot,100.0,94.02560918645977,5.974390813540225,100.0,94.03358263034235,Scatter plot,94.03358263034235,0.06344985698473685,1.1102230246251563e-16,0.06344985698473674,1,True
assoc_bidmc_50,association,BIDMC,empirical,hard,Heatmap,Scatter plot,99.84087713251367,95.75967935541397,4.081197777099703,99.84087713251367,95.46650881817159,Scatter plot,95.46650881817159,0.047487765478708754,0.0015937647189853,0.045894000759723455,1,True
assoc_bidmc_50,association,BIDMC,empirical,soft,Heatmap,Scatter plot,99.84087713251367,95.21767401304858,4.623203119465089,99.84087713251367,95.22146392118694,Scatter plot,95.22146392118694,0.050183392294495345,0.0015937647189853,0.048589627575510046,1,True
assoc_bidmc_51,association,BIDMC,empirical,hard,Heatmap,Scatter plot,99.8050237077263,95.86910144596472,3.93592226176159,99.8050237077263,96.2966791913645,Scatter plot,96.2966791913645,0.03845740932847868,0.0019535719248429,0.03650383740363578,1,True
assoc_bidmc_51,association,BIDMC,empirical,soft,Heatmap,Scatter plot,99.8050237077263,95.86415238617629,3.94087132155002,99.8050237077263,95.86644716795723,Scatter plot,95.86644716795723,0.04311782645705855,0.0019535719248429,0.04116425453221565,1,True
assoc_bidmc_52,association,BIDMC,empirical,hard,Heatmap,Scatter plot,99.80770507864074,95.11047780900074,4.6972272696399955,99.80770507864074,95.17448879021244,Scatter plot,95.17448879021244,0.0507017297505444,0.0019266540715243,0.0487750756790201,1,True
assoc_bidmc_52,association,BIDMC,empirical,soft,Heatmap,Scatter plot,99.80770507864074,94.92078350551688,4.886921573123857,99.80770507864074,94.93027608844541,Scatter plot,94.93027608844541,0.053404710493322405,0.0019266540715243,0.051478056421798105,1,True
assoc_bidmc_53,association,BIDMC,empirical,hard,Heatmap,Scatter plot,99.75471909552918,99.62403289353479,0.1306862019943935,99.75471909552918,99.49735443913153,Scatter plot,99.49735443913153,0.0050518485009163,0.0024588401099694,0.0025930083909469002,1,True
assoc_bidmc_53,association,BIDMC,empirical,soft,Scatter plot,Heatmap,99.81732029701448,99.75471909552918,0.06260120148529325,99.8197041178017,99.75471909552918,Scatter plot,99.8197041178017,0.0018062153538895,0.0018062153538895,0.0,1,True
cohort_CKD,composition,CKD,empirical,hard,Pie chart,Donut chart,99.9055360961621,99.90146086422826,0.004075231933839518,99.94324982769155,99.93734925988694,Bar chart,99.77267013929503,0.002278478268523725,0.00056782396416265,0.001710654304361075,1,True
cohort_CKD,composition,CKD,empirical,soft,Bar chart,Pie chart,99.90703812509632,99.86875453850259,0.03828358659373521,99.97197928748463,99.93572777603703,Bar chart,99.97197928748463,0.0002802856631936156,0.0002802856631936156,0.0,1,True
cohort_Cleveland,composition,Cleveland,empirical,hard,Pie chart,Donut chart,99.92776967382538,99.91535701922955,0.012412654595834738,99.95115585640993,99.93475732018653,Bar chart,99.69287997615524,0.0030806615669867754,0.0004886801275239788,0.0025919814394627966,1,True
cohort_Cleveland,composition,Cleveland,empirical,soft,Pie chart,Bar chart,99.86499227872885,99.85337333612596,0.011618942602893867,99.93212130175733,99.93774847639578,Bar chart,99.93774847639578,0.000622903002651875,0.0006792480471589501,-5.634504450707507e-05,1,False
cohort_HeartFailure,composition,HeartFailure,empirical,hard,Pie chart,Donut chart,99.95024323078222,99.94105963196222,0.009183598820001748,99.95425024673742,99.94201126139295,Bar chart,99.72786102142132,0.002728815957661325,0.00045770693241805,0.0022711090252432752,1,True
cohort_HeartFailure,composition,HeartFailure,empirical,soft,Pie chart,Donut chart,99.87390549474637,99.83574016713084,0.03816532761553049,99.93949102341342,99.90960722993263,Bar chart,99.86120813569521,0.0013898476384963249,0.0006054561211683,0.0007843915173280249,1,True
cohort_ILPD,composition,ILPD,empirical,hard,Pie chart,Donut chart,99.90652258710547,99.89963278593005,0.006889801175418597,99.9514532487912,99.9458460849532,Bar chart,99.79347003830262,0.002069573907171672,0.0004857033052632398,0.0015838706019084322,1,True
cohort_ILPD,composition,ILPD,empirical,soft,Bar chart,Pie chart,99.95826221500971,99.87915852671985,0.07910368828986236,99.97667825116373,99.94211344204001,Bar chart,99.97667825116373,0.00023327189144720087,0.00023327189144720087,0.0,1,True
cohort_Retinopathy,composition,Retinopathy,empirical,hard,Pie chart,Donut chart,99.91571941769197,99.9077999477426,0.007919469949371205,99.94569535536661,99.93730885507628,Bar chart,99.6759910868323,0.0032506214348593247,0.0005433415060078601,0.0027072799288514644,1,True
cohort_Retinopathy,composition,Retinopathy,empirical,soft,Bar chart,Pie chart,99.9339729351568,99.86434060477453,0.06963233038227656,99.9205178705747,99.93269371533376,Bar chart,99.9205178705747,0.0007954535376632001,0.0007954535376632001,0.0,1,False
cohort_WDBC,composition,WDBC,empirical,hard,Pie chart,Donut chart,99.94109013548122,99.93078395840931,0.010306177071910838,99.95386992953226,99.93819867217978,Bar chart,99.73113487573502,0.0026958995763959248,0.0004615136012269926,0.0022343859751689323,1,True
cohort_WDBC,composition,WDBC,empirical,soft,Pie chart,Bar chart,99.8718810618816,99.86799362468363,0.003887437197960253,99.93822840090614,99.86964203465169,Bar chart,99.86964203465169,0.001305281191486325,0.0006180977998335001,0.0006871833916528249,1,True
comp_BIDMC_0,composition,BIDMC,empirical,hard,Donut chart,Pie chart,99.75352095812194,99.73406538192953,0.01945557619241356,99.85716009589835,99.85223375769296,Bar chart,99.42254121480039,0.00580812739388775,0.001430442283402375,0.004377685110485375,1,True
comp_BIDMC_0,composition,BIDMC,empirical,soft,Pie chart,Donut chart,99.44418278287851,99.03047339500837,0.4137093878701421,99.66441558166959,99.39101653258513,Bar chart,98.69176043445458,0.013255813451765025,0.0033671437932171,0.009888669658547924,1,True
comp_BIDMC_1,composition,BIDMC,empirical,hard,Pie chart,Donut chart,99.71940653427461,99.7183304173455,0.0010761169291129136,99.8410213308471,99.83552867654318,Bar chart,99.36005781864068,0.006440638174017475,0.0015923181377130503,0.0048483200363044245,1,True
comp_BIDMC_1,composition,BIDMC,empirical,soft,Pie chart,Donut chart,99.40991365634734,98.95732253284697,0.452591123500369,99.64108158326998,99.34289405941489,Bar chart,98.59126274082315,0.014288662301446799,0.0036021128135794497,0.010686549487867349,1,True
comp_CKD_0,composition,CKD,empirical,hard,Pie chart,Donut chart,99.72958338289179,99.69505448152016,0.03452890137162967,99.84090724118572,99.8125091079115,Bar chart,99.30714275710125,0.006976912472382976,0.00159346267186815,0.005383449800514826,1,True
comp_CKD_0,composition,CKD,empirical,soft,Pie chart,Donut chart,99.33534207255273,98.82204100628843,0.5133010662643045,99.57436155866509,99.2218903709828,Bar chart,98.39532395791882,0.0163084583447019,0.00427457866334535,0.01203387968135655,1,True
comp_CKD_1,composition,CKD,empirical,hard,Donut chart,Pie chart,99.7602410284092,99.74753329723022,0.01270773117897761,99.85703082867742,99.86017449895839,Bar chart,99.44666316357414,0.0055641568939895,0.00143173865812085,0.00413241823586865,1,False
comp_CKD_1,composition,CKD,empirical,soft,Pie chart,Donut chart,99.47485434140393,99.10734786727187,0.36750647413205684,99.68270408693891,99.4406569003521,Bar chart,98.82056333949147,0.0119351339503769,0.00318305884624015,0.00875207510413675,1,True
comp_Cleveland_0,composition,Cleveland,empirical,hard,Pie chart,Donut chart,99.72109391510403,99.70520201212673,0.015891902977301697,99.83968341744425,99.81827683059308,Bar chart,99.34746461633613,0.006568213755467825,0.0016057400931997002,0.004962473662268125,1,True
comp_Cleveland_0,composition,Cleveland,empirical,soft,Pie chart,Donut chart,99.38890798880202,98.9376377655992,0.45127022320281185,99.62762661580501,99.32697142864602,Bar chart,98.55247098013551,0.0146879018401909,0.0037376518626803,0.010950249977510599,1,True
comp_Cleveland_1,composition,Cleveland,empirical,hard,Donut chart,Pie chart,99.76443326637067,99.74954226557372,0.014891000796950493,99.85667551679316,99.86148430201895,Bar chart,99.39500081049164,0.006086817089139799,0.0014353019712009,0.004651515117938899,1,False
comp_Cleveland_1,composition,Cleveland,empirical,soft,Pie chart,Donut chart,99.46460813979982,99.0964048536053,0.3682032861945146,99.67534455304272,99.42582963120263,Bar chart,98.78559290551922,0.012293362410065924,0.003257128916013,0.009036233494052925,1,True
comp_HAR_0,composition,HAR,empirical,hard,Pie chart,Donut chart,99.90017685955752,99.88687008219775,0.013306777359773037,99.92969084889504,99.9190987429972,Bar chart,99.67046376171994,0.003306257700053075,0.00070358619653155,0.002602671503521525,1,True
comp_HAR_0,composition,HAR,empirical,soft,Pie chart,Stacked bar,99.54816658716847,99.19440959247304,0.35375699469543065,99.68788735841913,99.51091624983985,Bar chart,99.06864533126473,0.00940110431126825,0.0031308983453396,0.00627020596592865,1,True
comp_HAR_1,composition,HAR,empirical,hard,Pie chart,Donut chart,99.6226865611884,99.55791748751383,0.06476907367456874,99.76658682727286,99.72449002305716,Bar chart,99.33794415184055,0.0066646824011928245,0.0023395926446923,0.004325089756500524,1,True
comp_HAR_1,composition,HAR,empirical,soft,Pie chart,Donut chart,99.31466061554964,98.91394917174168,0.400711443807964,99.58766427598354,99.32722605548354,Bar chart,98.56112976886367,0.01459875951615645,0.00414042971099075,0.0104583298051657,1,True
comp_HeartFailure_0,composition,HeartFailure,empirical,hard,Pie chart,Donut chart,99.73125723011837,99.71323886470833,0.018018365410043202,99.84743734477233,99.83232225793775,Bar chart,99.39070248674348,0.006130327062914,0.0015279576450306,0.0046023694178834,1,True
comp_HeartFailure_0,composition,HeartFailure,empirical,soft,Pie chart,Donut chart,99.35550097186702,98.86395416133448,0.49154681053254023,99.60591029116253,99.28248435656148,Bar chart,98.54332736516697,0.014782052461402101,0.0039564892051636505,0.01082556325623845,1,True
comp_HeartFailure_1,composition,HeartFailure,empirical,hard,Pie chart,Donut chart,99.73410267422977,99.7312762194793,0.0028264547504761595,99.85471464137291,99.84217390269463,Bar chart,99.41526655161101,0.005881726908466475,0.00145496744093545,0.004426759467531025,1,True
comp_HeartFailure_1,composition,HeartFailure,empirical,soft,Pie chart,Donut chart,99.4873815077902,99.14176765827804,0.3456138495121621,99.6908217567318,99.46397603957253,Bar chart,98.82566298019644,0.0118829156758492,0.0031013711976682,0.008781544478181,1,True
comp_ILPD_0,composition,ILPD,empirical,hard,Pie chart,Donut chart,99.7173241333821,99.70296861460065,0.014355518781457022,99.83574919859153,99.81726623328021,Bar chart,99.31673996252442,0.00687960597310575,0.00164521028516305,0.0052343956879427,1,True
comp_ILPD_0,composition,ILPD,empirical,soft,Pie chart,Donut chart,99.38454480392124,98.9284657416895,0.4560790622317512,99.62299391664124,99.31920580812022,Bar chart,98.53440550954078,0.014873936498427526,0.0037843279802875496,0.011089608518139976,1,True
comp_ILPD_1,composition,ILPD,empirical,hard,Donut chart,Pie chart,99.7377944811324,99.73548103364207,0.0023134474903230284,99.85101371536514,99.85343668177424,Bar chart,99.4081277617773,0.005953962231751125,0.0014920858496194002,0.004461876382131726,1,False
comp_ILPD_1,composition,ILPD,empirical,soft,Pie chart,Donut chart,99.4088935077141,98.99152409139457,0.41736941631953073,99.64658154968795,99.37273241816085,Bar chart,98.6814110419704,0.013362080498309776,0.0035467192633780497,0.009815361234931725,1,True
comp_Retinopathy_0,composition,Retinopathy,empirical,hard,Pie chart,Donut chart,99.72791319260631,99.70910428426514,0.018808908341171104,99.84270001705916,99.82155755322056,Bar chart,99.36719596014689,0.006368339508210575,0.00157547805612195,0.004792861452088625,1,True
comp_Retinopathy_0,composition,Retinopathy,empirical,soft,Pie chart,Donut chart,99.3260438302121,98.82127021619738,0.5047736140147236,99.5889890681628,99.2545361937693,Bar chart,98.46777798544484,0.0155606437547687,0.004127072035603,0.0114335717191657,1,True
comp_Retinopathy_1,composition,Retinopathy,empirical,hard,Donut chart,Pie chart,99.75250749587806,99.7404230344515,0.012084461426567827,99.85093623151698,99.85429226959435,Bar chart,99.43882172439449,0.00564345258596155,0.001492863002680325,0.004150589583281225,1,False
comp_Retinopathy_1,composition,Retinopathy,empirical,soft,Pie chart,Donut chart,99.50153427814165,99.18195696667803,0.31957731146361823,99.70024207933463,99.48813068054832,Bar chart,98.88287128486105,0.011297494708873524,0.00300659170342675,0.008290903005446774,1,True
comp_WDBC_0,composition,WDBC,empirical,hard,Pie chart,Donut chart,99.76987698907087,99.70641295955238,0.06346402951848518,99.86617129500087,99.82016566664787,Bar chart,99.29921682815652,0.0070572880051636,0.0013400804623201,0.0057172075428434995,1,True
comp_WDBC_0,composition,WDBC,empirical,soft,Pie chart,Donut chart,99.2561561912196,98.66193383247635,0.5942223587432522,99.53241834326661,99.1419302909199,Bar chart,98.21858646162832,0.01813723453521327,0.0046977825367488,0.013439451998464472,1,True
comp_WDBC_1,composition,WDBC,empirical,hard,Donut chart,Pie chart,99.7649201021968,99.73182416048454,0.03309594171226138,99.86639779487918,99.84667664790874,Bar chart,99.51491112395,0.00487453458553375,0.0013378093940591249,0.003536725191474625,1,True
comp_WDBC_1,composition,WDBC,empirical,soft,Pie chart,Donut chart,99.61356233789806,99.46903686753811,0.14452547035995167,99.76930821895387,99.67358227395246,Bar chart,99.29913465512776,0.00705812137544185,0.00231225198574945,0.0047458693896924,1,True
comp_Wrist_0,composition,Wrist,empirical,hard,Donut chart,Pie chart,99.64215907207719,99.61654153735572,0.02561753472147643,99.79158657426788,99.78994793891773,Bar chart,99.48776207362779,0.005148753129989226,0.002088486944508075,0.0030602661854811507,1,True
comp_Wrist_0,composition,Wrist,empirical,soft,Pie chart,Donut chart,99.35631931456173,99.01908036431573,0.3372389502460038,99.59700746690302,99.36675316781604,Bar chart,98.73703999878892,0.0127911470834712,0.0040462313411464505,0.00874491574232475,1,True
comp_Wrist_1,composition,Wrist,empirical,hard,Donut chart,Pie chart,99.63296984646746,99.60761879807289,0.02535104839456892,99.78292578825284,99.7811345642924,Bar chart,99.46420091326254,0.005386853579658225,0.00217546448986485,0.003211389089793375,1,True
comp_Wrist_1,composition,Wrist,empirical,soft,Pie chart,Donut chart,99.28165221606383,98.8577293960428,0.42392282002103343,99.54902638036816,99.26710875464448,Bar chart,98.60689065744843,0.014127910668952224,0.0045301660501299995,0.009597744618822224,1,True
profile_bidmc_01,profile,BIDMC,empirical,hard,Dot plot,Line chart,88.39501989582587,84.74363788341878,3.6513820124070833,92.0508016444717,89.2046821909729,Line chart,89.2046821909729,0.12101738993829994,0.08635664452147332,0.03466074541682662,1,True
profile_bidmc_01,profile,BIDMC,empirical,soft,Dot plot,Line chart,88.4500688776861,87.66558002712065,0.7844888505654524,91.86953349305898,90.0651808625791,Line chart,90.0651808625791,0.1103069914729799,0.0885001392497035,0.0218068522232764,1,True
profile_bidmc_02,profile,BIDMC,empirical,hard,Dot plot,Line chart,89.41027049394815,89.20830794943656,0.2019625445115878,92.8997227640796,89.6950979121414,Line chart,89.6950979121414,0.11488813020698743,0.07642947712504658,0.03845865308194085,1,True
profile_bidmc_02,profile,BIDMC,empirical,soft,Dot plot,Line chart,89.41242143729353,87.22686268372937,2.185558753564166,92.65952820734849,91.14813071253265,Line chart,91.14813071253265,0.09711520377071485,0.07921982698018265,0.0178953767905322,1,True
profile_bidmc_03,profile,BIDMC,empirical,hard,Dot plot,Line chart,92.9440653910489,90.47253123157724,2.471534159471659,94.6342976623577,93.850688532796,Line chart,93.850688532796,0.06552228399533941,0.05669934125560267,0.008822942739736737,1,True
profile_bidmc_03,profile,BIDMC,empirical,soft,Dot plot,Line chart,92.87735297371233,91.54084789777102,1.336505075941318,95.17241494213,93.93133742401746,Line chart,93.93133742401746,0.06460743285904542,0.0507246249956506,0.013882807863394825,1,True
profile_bidmc_04,profile,BIDMC,empirical,hard,Line chart,Dot plot,96.8382572267041,96.68633763724388,0.15191958946022055,97.28891850606148,97.68038726786126,Line chart,97.28891850606148,0.027866292847829474,0.027866292847829474,0.0,1,False
profile_bidmc_04,profile,BIDMC,empirical,soft,Dot plot,Line chart,96.67410470947517,96.17357026304501,0.5005344464301658,97.72296442892214,97.36665312316133,Line chart,97.36665312316133,0.027045675211899198,0.023300926086150652,0.0037447491257485456,1,True
profile_bidmc_05,profile,BIDMC,empirical,hard,Dot plot,Line chart,80.18524928807406,75.64871923263631,4.536530055437751,86.21455825486957,82.14037646572471,Line chart,82.14037646572471,0.21742807012490006,0.15989691328438493,0.05753115684051513,1,True
profile_bidmc_05,profile,BIDMC,empirical,soft,Dot plot,Line chart,80.99225208640475,80.37488585410965,0.6173662322950975,86.45864494570394,84.20731638572676,Line chart,84.20731638572676,0.18754526675487446,0.15662233733596032,0.03092292941891414,1,True
profile_bidmc_06,profile,BIDMC,empirical,hard,Line chart,Dot plot,84.53433006498179,83.82729007325946,0.7070399917223256,85.49217518277187,88.13819850160971,Line chart,85.49217518277187,0.16969769205441504,0.16969769205441504,0.0,1,False
profile_bidmc_06,profile,BIDMC,empirical,soft,Dot plot,Line chart,83.94574960723656,82.49552254204454,1.4502270651920242,88.70603638963355,86.60114315589828,Line chart,86.60114315589828,0.15471916831376292,0.1273189973313507,0.027400170982412236,1,True
profile_bidmc_07,profile,BIDMC,empirical,hard,Line chart,Dot plot,61.12975025825862,61.120443390966486,0.009306867292131926,61.662123620226524,68.13977049362178,Line chart,61.662123620226524,0.6217410969478486,0.6217410969478486,0.0,1,False
profile_bidmc_07,profile,BIDMC,empirical,soft,Dot plot,Line chart,60.20060763541135,57.63802856121617,2.5625790741951846,68.94586040642704,64.22243152378321,Line chart,64.22243152378321,0.5570883510221415,0.45041340278463093,0.10667494823751056,1,True
profile_bidmc_08,profile,BIDMC,empirical,hard,Dot plot,Line chart,79.76648648205565,75.3284561142747,4.438030367780954,85.19075601128468,83.89673368752192,Line chart,83.89673368752192,0.19194151672764279,0.17383627851305405,0.01810523821458873,1,True
profile_bidmc_08,profile,BIDMC,empirical,soft,Dot plot,Line chart,80.7157209800846,79.6050258672129,1.1106951128716958,85.69786842463141,83.38734116573761,Line chart,83.38734116573761,0.19922279091791253,0.16689016702844683,0.0323326238894657,1,True
profile_bidmc_09,profile,BIDMC,empirical,hard,Line chart,Dot plot,85.20569685128507,84.9748719912598,0.23082486002526537,86.6856148070021,89.44952049028919,Line chart,86.6856148070021,0.15359394084752373,0.15359394084752373,0.0,1,False
profile_bidmc_09,profile,BIDMC,empirical,soft,Dot plot,Line chart,85.39154771927737,83.56454710328336,1.8270006159940095,89.4380146514976,86.98618472470916,Line chart,86.98618472470916,0.1496078407907705,0.11809279744925061,0.03151504334151989,1,True
profile_bidmc_10,profile,BIDMC,empirical,hard,Dot plot,Line chart,92.61816260553483,90.79580307490662,1.8223595306282192,94.87606071102384,92.46848148281443,Line chart,92.46848148281443,0.08144957499475453,0.0540066614336234,0.027442913561131127,1,True
profile_bidmc_10,profile,BIDMC,empirical,soft,Dot plot,Line chart,92.74680268571208,91.7364951914357,1.0103074942763897,94.92088858458719,93.58971670415103,Line chart,93.58971670415103,0.06849345763181108,0.05350889031013058,0.014984567321680506,1,True
profile_bidmc_11,profile,BIDMC,empirical,hard,Dot plot,Line chart,93.2730551494848,92.45570608603846,0.8173490634463434,95.61035268544413,94.57662253414341,Line chart,94.57662253414341,0.057343742254051075,0.04591184104296433,0.011431901211086747,1,True
profile_bidmc_11,profile,BIDMC,empirical,soft,Dot plot,Line chart,93.66702430950257,92.25372151784178,1.413302791660783,95.61456710431408,94.56471408898894,Line chart,94.56471408898894,0.0574768925531383,0.045865740216148025,0.011611152336990276,1,True
profile_bidmc_12,profile,BIDMC,empirical,hard,Dot plot,Line chart,95.80548813884336,94.88084488150176,0.9246432573416001,96.94592590460563,96.19936130005804,Line chart,96.19936130005804,0.03950794109835383,0.03150286169219287,0.008005079406160957,1,True
profile_bidmc_12,profile,BIDMC,empirical,soft,Dot plot,Line chart,95.6324015833054,95.18749380296292,0.4449077803424757,96.9391348985157,96.23993404751164,Line chart,96.23993404751164,0.03906970624722277,0.031575122933464275,0.0074945833137584975,1,True
profile_bidmc_13,profile,BIDMC,empirical,hard,Dot plot,Line chart,76.58002921054127,76.02763594254318,0.5523932679980845,84.03167613330221,79.67692684773353,Line chart,79.67692684773353,0.25506848665366894,0.190027434908792,0.06504105174487693,1,True
profile_bidmc_13,profile,BIDMC,empirical,soft,Dot plot,Line chart,77.28610056347993,74.98395740541864,2.3021431580612983,83.47884485698353,80.74753519742943,Line chart,80.74753519742943,0.2384278944923569,0.19790828648049236,0.04051960801186455,1,True
profile_bidmc_14,profile,BIDMC,empirical,hard,Dot plot,Line chart,82.21375300177279,80.70017410870933,1.5135788930634533,87.34423095437123,84.02732519119328,Line chart,84.02732519119328,0.19008905463148984,0.1448953057041646,0.04519374892732525,1,True
profile_bidmc_14,profile,BIDMC,empirical,soft,Dot plot,Line chart,83.13628543525697,80.91875253000217,2.2175329052547994,88.11620261104304,85.87728440064953,Line chart,85.87728440064953,0.16445228441857487,0.13486506495761813,0.029587219460956743,1,True
profile_bidmc_15,profile,BIDMC,empirical,hard,Line chart,Dot plot,89.58269084098615,88.17701213893784,1.4056787020483057,89.57829518314894,91.4788992223903,Line chart,89.57829518314894,0.11634185262784,0.11634185262784,0.0,1,False
profile_bidmc_15,profile,BIDMC,empirical,soft,Dot plot,Line chart,88.41808999862893,87.38847712993795,1.0296128686909753,92.04485744583339,91.26175914205285,Line chart,91.26175914205285,0.0957492047062747,0.0864268007460173,0.009322403960257394,1,True
profile_bidmc_16,profile,BIDMC,empirical,hard,Dot plot,Line chart,88.49148675024266,87.75340056743765,0.7380861828050058,91.5260068684719,88.63883304389596,Line chart,88.63883304389596,0.12817369730575925,0.09258563135727879,0.03558806594848046,1,True
profile_bidmc_16,profile,BIDMC,empirical,soft,Dot plot,Line chart,88.1212067442975,87.74458184955176,0.37662489474573135,91.482176208215,90.41199906820422,Line chart,90.41199906820422,0.1060478811508509,0.09310910764079655,0.012938773510054347,1,True
profile_bidmc_17,profile,BIDMC,empirical,hard,Dot plot,Line chart,95.57631196403145,94.61251822033037,0.9637937437010748,97.05126056087033,95.81076225632853,Line chart,95.81076225632853,0.0437240832346553,0.030383319310728726,0.013340763923926573,1,True
profile_bidmc_17,profile,BIDMC,empirical,soft,Dot plot,Line chart,95.67473350074347,94.7100349360886,0.9646985646548671,97.05746641628483,96.04530055707583,Line chart,96.04530055707583,0.0411753560037438,0.030317436590550348,0.010857919413193452,1,True
profile_bidmc_18,profile,BIDMC,empirical,hard,Dot plot,Line chart,64.74689282734332,63.13093169402934,1.6159611333139736,73.87315979629908,67.71513022347601,Line chart,67.71513022347601,0.4767748311193708,0.35367162140815633,0.12310320971121447,1,True
profile_bidmc_18,profile,BIDMC,empirical,soft,Dot plot,Line chart,65.83844253904398,63.672002054628265,2.166440484415716,74.20485858667098,70.7257231078436,Line chart,70.7257231078436,0.4139127265976278,0.34762065321100777,0.06629207338662002,1,True
profile_bidmc_19,profile,BIDMC,empirical,hard,Dot plot,Line chart,84.6689318175457,82.89677465646083,1.7721571610848628,88.56200564725762,84.98192139843907,Line chart,84.98192139843907,0.1767208643253479,0.12915238616320288,0.04756847816214502,1,True
profile_bidmc_19,profile,BIDMC,empirical,soft,Dot plot,Line chart,84.97102399206729,82.42854324174415,2.5424807503231364,89.26448368551883,86.31936293486007,Line chart,86.31936293486007,0.15848862410469683,0.12026637998941088,0.03822224411528595,1,True
profile_bidmc_20,profile,BIDMC,empirical,hard,Dot plot,Line chart,74.31896765945098,71.91380845967994,2.4051591997710347,80.79017834081155,75.84125863630976,Line chart,75.84125863630976,0.318543518370936,0.23777422025425232,0.08076929811668365,1,True
profile_bidmc_20,profile,BIDMC,empirical,soft,Dot plot,Line chart,75.19680413881326,74.1810700525039,1.0157340863093651,81.48853067198368,78.67213979084292,Line chart,78.67213979084292,0.27109800579797544,0.22716656166658172,0.043931444131393715,1,True
profile_bidmc_21,profile,BIDMC,empirical,hard,Dot plot,Line chart,94.42808214269886,92.95875840638698,1.4693237363118783,96.21867471024837,94.7447503765738,Line chart,94.7447503765738,0.05546744914666625,0.0392992867667183,0.016168162379947948,1,True
profile_bidmc_21,profile,BIDMC,empirical,soft,Dot plot,Line chart,94.54722396300508,93.66520066500891,0.8820232979961702,96.20363296552726,95.01946599594076,Line chart,95.01946599594076,0.0524159334285462,0.039461784523595826,0.012954148904950377,1,True
profile_bidmc_22,profile,BIDMC,empirical,hard,Dot plot,Line chart,95.3537986778232,92.23228698368781,3.1215116941353926,96.54885790510698,95.18415473198098,Line chart,95.18415473198098,0.05059503109083077,0.03574503282353643,0.014849998267294343,1,True
profile_bidmc_22,profile,BIDMC,empirical,soft,Dot plot,Line chart,95.16339882065806,93.40998161547402,1.7534172051840358,96.73778240356206,95.49940857434339,Line chart,95.49940857434339,0.04712690364101088,0.03372226978316398,0.013404633857846904,1,True
profile_bidmc_23,profile,BIDMC,empirical,hard,Dot plot,Line chart,96.14207729015749,93.90919751858357,2.23287977157392,97.16596717044779,95.81530028325857,Line chart,95.81530028325857,0.0436746501275916,0.0291669286282179,0.0145077214993737,1,True
profile_bidmc_23,profile,BIDMC,empirical,soft,Dot plot,Line chart,95.9387620224478,93.93684336770876,2.0019186547390433,97.1687559443576,96.14164426486559,Line chart,96.14164426486559,0.0401319923810001,0.0291373912131146,0.010994601167885497,1,True
profile_bidmc_24,profile,BIDMC,empirical,hard,Dot plot,Line chart,93.34004783609757,92.4881178481219,0.8519299879756659,95.13078723872182,94.17207872188584,Line chart,94.17207872188584,0.06188587272587974,0.0511844052026958,0.01070146752318394,1,True
profile_bidmc_24,profile,BIDMC,empirical,soft,Dot plot,Line chart,93.2456328213717,92.29886368967655,0.9467691316951488,95.27265172306937,94.10848007564525,Line chart,94.10848007564525,0.06260349672653408,0.0496191529408847,0.012984343785649374,1,True
profile_bidmc_25,profile,BIDMC,empirical,hard,Dot plot,Line chart,92.57677469463066,92.44466107969318,0.13211361493748086,95.27055255755506,93.9738837192701,Line chart,93.9738837192701,0.0641254361555582,0.04964227996460685,0.014483156190951349,1,True
profile_bidmc_25,profile,BIDMC,empirical,soft,Dot plot,Line chart,92.59349663194278,91.91428524458462,0.6792113873581656,94.9795944759503,94.16936701405129,Line chart,94.16936701405129,0.061916450867496024,0.052857727512417546,0.009058723355078478,1,True
profile_bidmc_26,profile,BIDMC,empirical,hard,Dot plot,Line chart,87.09951742738788,86.83506806150235,0.26444936588552537,90.59083690904066,87.87574252531142,Line chart,87.87574252531142,0.13797046973681457,0.10386440187550945,0.034106067861305114,1,True
profile_bidmc_26,profile,BIDMC,empirical,soft,Dot plot,Line chart,87.07110717115104,85.66304265411088,1.4080645170401596,90.97533928703236,89.17229867718905,Line chart,89.17229867718905,0.12142449486480228,0.09919897835713842,0.022225516507663856,1,True
profile_bidmc_27,profile,BIDMC,empirical,hard,Dot plot,Line chart,86.24030838348524,85.72165246784947,0.518655915635776,90.50280982605278,88.75659419019854,Line chart,88.75659419019854,0.12667685046260008,0.10493806979253897,0.021738780670061103,1,True
profile_bidmc_27,profile,BIDMC,empirical,soft,Dot plot,Line chart,87.19890443374356,85.62365833159255,1.575246102151013,90.94538842056748,88.60067375585804,Line chart,88.60067375585804,0.12865958870192298,0.0995609754016378,0.02909861330028518,1,True
profile_bidmc_28,profile,BIDMC,empirical,hard,Dot plot,Line chart,96.45762817114016,93.47573327481646,2.981894896323695,97.6587475788853,95.9656856508298,Line chart,95.9656856508298,0.04203913431983418,0.023973811657000098,0.01806532266283408,1,True
profile_bidmc_28,profile,BIDMC,empirical,soft,Dot plot,Line chart,96.67324570911579,94.01794540378165,2.655300305334137,97.68503514117964,96.04934882311605,Line chart,96.04934882311605,0.0411314727823867,0.0236982548603751,0.0174332179220116,1,True
profile_bidmc_29,profile,BIDMC,empirical,hard,Dot plot,Line chart,83.16122368869445,82.45276947373075,0.7084542149636945,87.51875266603014,84.58909026456637,Line chart,84.58909026456637,0.1821855476543543,0.14261226255815213,0.03957328509620217,1,True
profile_bidmc_29,profile,BIDMC,empirical,soft,Dot plot,Line chart,83.44079771098332,82.44967091067318,0.9911268003101412,88.14536518759593,86.01736694774748,Line chart,86.01736694774748,0.16255592967344007,0.134489598938916,0.02806633073452408,1,True
profile_bidmc_30,profile,BIDMC,empirical,hard,Dot plot,Line chart,86.4590840011001,84.5733702689159,1.8857137321842004,89.98406415003808,86.90227855628017,Line chart,86.90227855628017,0.15071781386304403,0.1113078848412704,0.039409929021773635,1,True
profile_bidmc_30,profile,BIDMC,empirical,soft,Dot plot,Line chart,86.21379323383826,84.20217564720325,2.011617586635012,90.55032959746971,88.48836466226125,Line chart,88.48836466226125,0.1300920791301307,0.10435821100307008,0.025733868127060633,1,True
profile_bidmc_31,profile,BIDMC,empirical,hard,Dot plot,Line chart,93.39688255813476,92.4538570671661,0.9430254909686653,95.04925371028189,93.41970020376094,Line chart,93.41970020376094,0.07043803161310234,0.05208611426669803,0.018351917346404317,1,True
profile_bidmc_31,profile,BIDMC,empirical,soft,Dot plot,Line chart,93.38996398888072,92.4751657634353,0.9147982254454234,95.39409690233038,94.22746614130772,Line chart,94.22746614130772,0.06126169040813995,0.0482828943009481,0.012978796107191853,1,True
profile_bidmc_32,profile,BIDMC,empirical,hard,Dot plot,Line chart,46.335493562791314,40.33493559659348,6.000557966197832,57.975050689686356,52.935598935346086,Line chart,52.935598935346086,0.8890879108052963,0.7248799062764735,0.16420800452882278,1,True
profile_bidmc_32,profile,BIDMC,empirical,soft,Dot plot,Line chart,48.591680565103275,47.49585806683213,1.095822498271147,57.942239638479684,52.460435559871556,Line chart,52.460435559871556,0.9061984318805918,0.7258566569730863,0.18034177490750547,1,True
profile_bidmc_33,profile,BIDMC,empirical,hard,Dot plot,Line chart,94.18191834532855,92.48365963317093,1.6982587121576245,95.49139690443538,94.75318281412552,Line chart,94.75318281412552,0.055373519179477027,0.0472147569490126,0.008158762230464425,1,True
profile_bidmc_33,profile,BIDMC,empirical,soft,Dot plot,Line chart,94.15197455946223,93.01272567534133,1.139248884120903,95.83312879492341,94.54800971165601,Line chart,94.54800971165601,0.05766372348789765,0.043480487984415325,0.014183235503482328,1,True
profile_bidmc_34,profile,BIDMC,empirical,hard,Dot plot,Line chart,95.46828778315972,93.1759240445365,2.292363738623223,96.79980594785485,95.5195504062597,Line chart,95.5195504062597,0.046906100109184376,0.033059922184855026,0.01384617792432935,1,True
profile_bidmc_34,profile,BIDMC,empirical,soft,Dot plot,Line chart,95.41580290172384,93.08425140858155,2.3315514931422854,96.92944919584792,95.25937132125122,Line chart,95.25937132125122,0.049765483573910446,0.0316782033698342,0.018087280204076246,1,True
profile_bidmc_35,profile,BIDMC,empirical,hard,Dot plot,Line chart,95.46755343134751,94.47458349938928,0.9929699319582284,96.89271946999081,95.4231828957081,Line chart,95.4231828957081,0.04796336660970642,0.03206928804358272,0.015894078566123696,1,True
profile_bidmc_35,profile,BIDMC,empirical,soft,Dot plot,Line chart,95.57693786261778,94.40329639204744,1.1736414705703453,96.96870254776222,95.632076650429,Line chart,95.632076650429,0.045674249713695825,0.03126057555266057,0.014413674161035256,1,True
profile_bidmc_36,profile,BIDMC,empirical,hard,Dot plot,Line chart,92.86042025023353,90.83416932197555,2.02625092825798,95.36311324320101,92.72761902535112,Line chart,92.72761902535112,0.07842734506814689,0.048623483431939875,0.02980386163620701,1,True
profile_bidmc_36,profile,BIDMC,empirical,soft,Dot plot,Line chart,92.80373073965917,91.58172338882652,1.222007350832655,95.04960281057262,93.33175105768937,Line chart,93.33175105768937,0.07144673561507385,0.052082250141467425,0.019364485473606426,1,True
profile_bidmc_37,profile,BIDMC,empirical,hard,Dot plot,Line chart,79.2917228954741,77.99332242743883,1.2984004680352683,84.90959595861122,80.40002747014316,Line chart,80.40002747014316,0.24378066956675304,0.1777231874798289,0.06605748208692414,1,True
profile_bidmc_37,profile,BIDMC,empirical,soft,Dot plot,Line chart,79.89194942064704,78.59237732296545,1.2995720976815903,85.06509285544519,82.77740337845147,Line chart,82.77740337845147,0.20805915526014068,0.17557033846932196,0.03248881679081872,1,True
profile_bidmc_38,profile,BIDMC,empirical,hard,Dot plot,Line chart,96.95971960549532,95.79720710473707,1.162512500758254,97.84128520921051,96.87578161647818,Line chart,96.87578161647818,0.032249736016482324,0.022063434532504075,0.010186301483978248,1,True
profile_bidmc_38,profile,BIDMC,empirical,soft,Dot plot,Line chart,96.87661289599448,95.98017637856218,0.8964365174323063,97.79725700080373,96.9783919988164,Line chart,96.9783919988164,0.031157538693985305,0.022523566271170227,0.008633972422815078,1,True
profile_bidmc_39,profile,BIDMC,empirical,hard,Dot plot,Line chart,94.95042214020998,92.70699243965852,2.2434297005514594,96.62358908381174,95.09093587847421,Line chart,95.09093587847421,0.05162494275794642,0.03494396087128933,0.016680981886657092,1,True
profile_bidmc_39,profile,BIDMC,empirical,soft,Dot plot,Line chart,95.0578650619726,93.05096729090049,2.0068977710721185,96.58084397476884,95.11383678262847,Line chart,95.11383678262847,0.051371739198559405,0.03540201021772385,0.015969728980835554,1,True
profile_bidmc_40,profile,BIDMC,empirical,hard,Dot plot,Line chart,82.3644930916609,81.25043679361181,1.1140562980490927,86.03866818830528,83.80512431586789,Line chart,83.80512431586789,0.19324445630666195,0.16226810695324548,0.030976349353416477,1,True
profile_bidmc_40,profile,BIDMC,empirical,soft,Dot plot,Line chart,82.28306681776826,80.34122491917564,1.9418418985926138,87.62148947268088,85.92978904039248,Line chart,85.92978904039248,0.16374078322237734,0.14127254172252532,0.02246824149985202,1,True
profile_bidmc_41,profile,BIDMC,empirical,hard,Dot plot,Line chart,98.47987016502698,96.78827099105729,1.691599173969692,98.87282823070426,97.79634284691531,Line chart,97.79634284691531,0.022533124337115178,0.0114002177288351,0.011132906608280077,1,True
profile_bidmc_41,profile,BIDMC,empirical,soft,Dot plot,Line chart,98.47912581353191,96.92813554138941,1.5509902721424993,98.936681202892,97.90930726290946,Line chart,97.90930726290946,0.021353360528601574,0.0107474678165868,0.010605892712014774,1,True
profile_bidmc_42,profile,BIDMC,empirical,hard,Dot plot,Line chart,73.19784411422248,67.10093203913574,6.096912075086735,80.26590897642797,74.07111764364716,Line chart,74.07111764364716,0.35005388309510255,0.2458589365675461,0.10419494652755645,1,True
profile_bidmc_42,profile,BIDMC,empirical,soft,Dot plot,Line chart,72.59898292193802,70.15526737003331,2.4437155519047025,79.25693600658265,75.05987890891689,Line chart,75.05987890891689,0.3322696686114731,0.2617192265885038,0.07055044202296934,1,True
profile_bidmc_43,profile,BIDMC,empirical,hard,Dot plot,Line chart,96.10195202262008,94.5174412355578,1.5845107870622854,97.32508186977144,95.73393180913457,Line chart,95.73393180913457,0.044561715060138896,0.027484365580167675,0.01707734947997122,1,True
profile_bidmc_43,profile,BIDMC,empirical,soft,Dot plot,Line chart,96.3219409959042,94.59304896384295,1.7288920320612533,97.41058351165076,95.95224546081627,Line chart,95.95224546081627,0.04218509446802568,0.026582496429040973,0.015602598038984707,1,True
profile_bidmc_44,profile,BIDMC,empirical,hard,Line chart,Dot plot,93.90616302681552,93.83961589663923,0.06654713017628922,95.07952026409212,95.55727376291374,Line chart,95.07952026409212,0.0517512049097513,0.0517512049097513,0.0,1,False
profile_bidmc_44,profile,BIDMC,empirical,soft,Dot plot,Line chart,93.90510467168535,93.72984362480204,0.1752610468833069,95.69201707242756,95.24411610794134,Line chart,95.24411610794134,0.0499336241061733,0.045019250919455495,0.0049143731867178075,1,True
profile_bidmc_45,profile,BIDMC,empirical,hard,Dot plot,Line chart,95.99152801875712,93.66711107458633,2.3244169441707925,97.28565903485232,95.59003599000843,Line chart,95.59003599000843,0.046134139027340974,0.027900730612055426,0.01823340841528555,1,True
profile_bidmc_45,profile,BIDMC,empirical,soft,Dot plot,Line chart,96.11160983627707,93.66583526279297,2.445774573484101,97.3356032486728,95.83842828202376,Line chart,95.83842828202376,0.0434227876288828,0.02737330085190105,0.016049486776981748,1,True
profile_bidmc_46,profile,BIDMC,empirical,hard,Dot plot,Line chart,83.86532910371169,82.49476923272454,1.370559870987151,88.5575088449431,86.90517162202072,Line chart,86.90517162202072,0.1506795065653057,0.12920972263449454,0.02146978393081117,1,True
profile_bidmc_46,profile,BIDMC,empirical,soft,Dot plot,Line chart,84.48632743335017,82.86327890844026,1.6230485249099047,89.12210894421294,87.64789292314762,Line chart,87.64789292314762,0.14092873958399751,0.12205603283688225,0.01887270674711526,1,True
profile_bidmc_47,profile,BIDMC,empirical,hard,Dot plot,Line chart,86.99567344754095,85.74560969403214,1.2500637535088117,91.61219016308515,89.23226022820698,Line chart,89.23226022820698,0.12067092937302126,0.09155779183952638,0.029113137533494884,1,True
profile_bidmc_47,profile,BIDMC,empirical,soft,Dot plot,Line chart,88.54857834874532,87.76027208761887,0.7883062611264506,92.05527276810898,90.7913597835705,Line chart,90.7913597835705,0.1014263938592962,0.08630388019059076,0.015122513668705428,1,True
profile_bidmc_48,profile,BIDMC,empirical,hard,Dot plot,Line chart,96.00600070096421,94.10564267258414,1.9003580283800687,97.42513835960145,95.9905286223527,Line chart,95.9905286223527,0.04176944783189422,0.026429129932508802,0.01534031789938542,1,True
profile_bidmc_48,profile,BIDMC,empirical,soft,Dot plot,Line chart,96.26552060279141,94.55952833248351,1.7059922703079025,97.48644954558594,96.17951639887971,Line chart,96.17951639887971,0.039722424734138,0.0257835880384452,0.013938836695692798,1,True
profile_bidmc_49,profile,BIDMC,empirical,hard,Dot plot,Line chart,90.37713866693292,88.96821927514506,1.4089193917878617,93.40146813406167,91.35744444478239,Line chart,91.35744444478239,0.09460154678955893,0.07064698229868593,0.023954564490872993,1,True
profile_bidmc_49,profile,BIDMC,empirical,soft,Dot plot,Line chart,90.04320330273822,88.99296088587937,1.0502424168588504,92.95009959619009,91.95704011569339,Line chart,91.95704011569339,0.0874643189274858,0.07584607692124382,0.01161824200624198,1,True
profile_bidmc_50,profile,BIDMC,empirical,hard,Dot plot,Line chart,85.94206269591632,85.31112998421095,0.6309327117053698,90.61435464786072,89.00206685927155,Line chart,89.00206685927155,0.12356941281058308,0.10357790869463368,0.019991504115949396,1,True
profile_bidmc_50,profile,BIDMC,empirical,soft,Dot plot,Line chart,86.2719194384629,85.17087857994221,1.1010408585206903,90.22232737155898,88.47507900918642,Line chart,88.47507900918642,0.13026177676108036,0.10837309248490154,0.02188868427617882,1,True
profile_bidmc_51,profile,BIDMC,empirical,hard,Dot plot,Line chart,91.79525371656952,90.38155121095912,1.4137025056104022,94.37516030461305,93.03843106956005,Line chart,93.03843106956005,0.0748246595563841,0.05960084917717485,0.015223810379209245,1,True
profile_bidmc_51,profile,BIDMC,empirical,soft,Dot plot,Line chart,92.22499372889095,90.88115614894244,1.343837579948513,94.42525571608664,92.99095957939835,Line chart,92.99095957939835,0.0753733529829546,0.05903869935682503,0.01633465362612957,1,True
profile_bidmc_52,profile,BIDMC,empirical,hard,Dot plot,Line chart,86.88801356753488,83.9861761110793,2.9018374564555813,89.68913181035433,87.76684746957643,Line chart,87.76684746957643,0.13938238507044562,0.11496229232598418,0.02442009274446144,1,True
profile_bidmc_52,profile,BIDMC,empirical,soft,Dot plot,Line chart,86.8882727757882,85.40835213520894,1.4799206405792518,90.77679261095275,88.50762254541469,Line chart,88.50762254541469,0.12984618865667058,0.10160314243063945,0.028243046226031132,1,True
profile_bidmc_53,profile,BIDMC,empirical,hard,Dot plot,Line chart,95.71956433972073,93.88606418635082,1.8335001533699113,96.77250899865842,95.11272973327864,Line chart,95.11272973327864,0.051383976471147,0.033351320894101505,0.018032655577045496,1,True
profile_bidmc_53,profile,BIDMC,empirical,soft,Dot plot,Line chart,95.60222979442091,93.99195076077544,1.6102790336454689,96.8390424723509,95.29223020983119,Line chart,95.29223020983119,0.0494035009969063,0.032641354632885894,0.016762146364020403,1,True
profile_s1_high_resistance_bike,profile,Wrist,empirical,hard,Dot plot,Line chart,98.99919707262958,97.97502076404166,1.0241763085879256,99.29101994168418,98.68393140070476,Line chart,98.68393140070476,0.013336199527270099,0.00714042477086255,0.006195774756407549,1,True
profile_s1_high_resistance_bike,profile,Wrist,empirical,soft,Dot plot,Line chart,98.95386746279165,98.11160861484703,0.8422588479446205,99.2847327986355,98.75161468728075,Line chart,98.75161468728075,0.01264166987722235,0.007204201302683301,0.005437468574539049,1,True
profile_s1_low_resistance_bike,profile,Wrist,empirical,hard,Dot plot,Line chart,97.551434233607,95.82987329905995,1.7215609345470426,98.24100236131339,97.23522092504128,Line chart,97.23522092504128,0.02843392598542135,0.017904923569665075,0.010529002415756276,1,True
profile_s1_low_resistance_bike,profile,Wrist,empirical,soft,Dot plot,Line chart,97.59930099169213,96.15518998178814,1.4441110099039918,98.34208332710108,97.33518882420844,Line chart,97.33518882420844,0.027377675103752174,0.016858669420134375,0.0105190056836178,1,True
profile_s1_walk,profile,Wrist,empirical,hard,Dot plot,Line chart,95.17223989319665,92.6404922978528,2.5317475953438446,96.82004985020107,94.84001288287241,Line chart,94.84001288287241,0.054407279799721125,0.03284392183973165,0.021563357959989475,1,True
profile_s1_walk,profile,Wrist,empirical,soft,Dot plot,Line chart,95.54696799193088,92.72614962122948,2.820818370701403,96.92590283921359,94.98894530433921,Line chart,94.98894530433921,0.052754082905180646,0.03171595074936675,0.021038132155813898,1,True
profile_s2_high_resistance_bike,profile,Wrist,empirical,hard,Dot plot,Line chart,98.34260741684427,97.36316267622291,0.9794447406213607,98.84807438263616,98.12681257100648,Line chart,98.12681257100648,0.019089455571972825,0.011653495776809901,0.007435959795162924,1,True
profile_s2_high_resistance_bike,profile,Wrist,empirical,soft,Dot plot,Line chart,98.3247369572813,97.55222298110371,0.7725139761775921,98.8712530588887,98.32840854704763,Line chart,98.32840854704763,0.017000086522833975,0.011416330896898825,0.00558375562593515,1,True
profile_s2_low_resistance_bike,profile,Wrist,empirical,hard,Dot plot,Line chart,97.8310470059075,97.11581335127784,0.7152336546296567,98.57082210599793,97.8466711379355,Line chart,97.8466711379355,0.02200717548202453,0.014498995376798225,0.007508180105226303,1,True
profile_s2_low_resistance_bike,profile,Wrist,empirical,soft,Dot plot,Line chart,97.92333840754594,97.21970044839163,0.7036379591543067,98.61470126567419,98.02626141895003,Line chart,98.02626141895003,0.020134794008051675,0.014047588407672926,0.0060872056003787485,1,True
profile_s2_walk,profile,Wrist,empirical,hard,Dot plot,Line chart,95.8584402804071,94.02398184402355,1.8344584363835423,96.88518069728396,96.0062993096353,Line chart,96.0062993096353,0.04159831926740967,0.032149594812113005,0.009448724455296667,1,True
profile_s2_walk,profile,Wrist,empirical,soft,Dot plot,Line chart,95.80986716631507,94.64215231724732,1.1677148490677496,97.10047659392973,96.05759528775151,Line chart,96.05759528775151,0.04104209251167028,0.029861062558899323,0.011181029952770954,1,True
profile_s3_high_resistance_bike,profile,Wrist,empirical,hard,Dot plot,Line chart,96.67918229511908,95.28703679921217,1.3921454959069024,97.65417577397452,96.55657832884953,Line chart,96.55657832884953,0.035662217227944625,0.024021750298266822,0.011640466929677802,1,True
profile_s3_high_resistance_bike,profile,Wrist,empirical,soft,Dot plot,Line chart,96.59664738311423,95.31972607070836,1.2769213124058751,97.62713761264489,96.66775535299809,Line chart,96.66775535299809,0.034471108125286296,0.02430535653692835,0.010165751588357946,1,True
profile_s3_low_resistance_bike,profile,Wrist,empirical,hard,Dot plot,Line chart,95.09200811961055,93.15758840767904,1.9344197119315112,96.65571637373542,95.2698713342429,Line chart,95.2698713342429,0.049649785388730425,0.03459995695788307,0.015049828430847352,1,True
profile_s3_low_resistance_bike,profile,Wrist,empirical,soft,Dot plot,Line chart,95.06279301747723,93.57571186716744,1.4870811503097912,96.59408275032021,95.29179048104561,Line chart,95.29179048104561,0.0494083435224245,0.03526010240693037,0.014148241115494127,1,True
profile_s3_run,profile,Wrist,empirical,hard,Dot plot,Line chart,93.52381642748435,91.78883779454911,1.7349786329352384,95.48880253849877,93.76298640980623,Line chart,93.76298640980623,0.06651893064640568,0.047243209062993674,0.01927572158341201,1,True
profile_s3_run,profile,Wrist,empirical,soft,Dot plot,Line chart,93.5699964752641,92.4613876517621,1.10860882350201,95.46881537156382,94.12610999438152,Line chart,94.12610999438152,0.06240446998148657,0.047462457880103004,0.014942012101383566,1,True
profile_s3_walk,profile,Wrist,empirical,hard,Dot plot,Line chart,95.10965598590458,92.7235678523503,2.3860881335542814,96.24242589320197,94.51253969991006,Line chart,94.51253969991006,0.058060658591054096,0.039042803336729354,0.019017855254324742,1,True
profile_s3_walk,profile,Wrist,empirical,soft,Dot plot,Line chart,95.12571958672387,92.95360616626111,2.1721134204627646,96.42110192691278,94.64517848791961,Line chart,94.64517848791961,0.056577858456507396,0.037117373703113424,0.019460484753393972,1,True
profile_s4_run,profile,Wrist,empirical,hard,Dot plot,Line chart,94.32426685619293,93.56416580150773,0.760101054685208,96.035477485451,94.83846287683488,Line chart,94.83846287683488,0.054424512656519,0.041281853522825596,0.013142659133693405,1,True
profile_s4_run,profile,Wrist,empirical,soft,Dot plot,Line chart,94.34468637789229,93.89273348961127,0.45195288828101354,96.01583117741414,95.36139676680712,Line chart,95.36139676680712,0.0486423583385206,0.041494915720971824,0.007147442617548773,1,True
profile_s5_low_resistance_bike,profile,Wrist,empirical,hard,Dot plot,Line chart,96.0857621261339,94.97568845127755,1.110073674856352,97.08836808130778,95.8360714130874,Line chart,95.8360714130874,0.043448448225351474,0.029989503132381874,0.0134589450929696,1,True
profile_s5_low_resistance_bike,profile,Wrist,empirical,soft,Dot plot,Line chart,96.00570260201631,95.13192455269623,0.8737780493200802,97.22598201315745,96.40638835251475,Line chart,96.40638835251475,0.03727565889456437,0.028531653056146525,0.008744005838417845,1,True
profile_s5_run,profile,Wrist,empirical,hard,Dot plot,Line chart,93.88448874741955,93.15285458743294,0.7316341599866121,96.26590544878394,95.335555113962,Line chart,95.335555113962,0.048926603306208474,0.038789377545539176,0.010137225760669298,1,True
profile_s5_run,profile,Wrist,empirical,soft,Dot plot,Line chart,94.50379060383858,93.76530545727208,0.7384851465665037,96.20913092988732,95.47509008288519,Line chart,95.47509008288519,0.047393617677517576,0.0394023834689379,0.007991234208579674,1,True
profile_s6_low_resistance_bike,profile,Wrist,empirical,hard,Dot plot,Line chart,97.98008309628312,96.6803981188868,1.2996849773963248,98.53417882089335,97.66814761238783,Line chart,97.66814761238783,0.0238752596892338,0.0148762713268367,0.008998988362397101,1,True
profile_s6_low_resistance_bike,profile,Wrist,empirical,soft,Dot plot,Line chart,98.05102720393087,96.69409921785159,1.3569279860792847,98.61817501545511,97.71920656636829,Line chart,97.71920656636829,0.0233402778611661,0.014011869357026176,0.009328408504139924,1,True
profile_s6_run,profile,Wrist,empirical,hard,Dot plot,Line chart,96.34297522882083,94.12042739589234,2.2225478329284982,97.45922475418742,96.3046467780145,Line chart,96.3046467780145,0.03837149447734772,0.026070136020689274,0.012301358456658449,1,True
profile_s6_run,profile,Wrist,empirical,soft,Dot plot,Line chart,96.63219059197331,94.4154784296384,2.2167121623349146,97.6636487758958,96.45082548177878,Line chart,96.45082548177878,0.03679776197344957,0.023922424089082725,0.012875337884366844,1,True
profile_s6_walk,profile,Wrist,empirical,hard,Dot plot,Line chart,94.25816629420967,92.58298669813763,1.6751795960720415,96.01174194822302,94.50692001332446,Line chart,94.50692001332446,0.058123574293830096,0.04153927395596832,0.016584300337861776,1,True
profile_s6_walk,profile,Wrist,empirical,soft,Dot plot,Line chart,94.44412092150932,92.84535880101551,1.5987621204938165,96.11479241165556,94.3891425062337,Line chart,94.3891425062337,0.059443886709700224,0.040422576908914,0.019021309800786222,1,True
profile_s8_run,profile,Wrist,empirical,hard,Dot plot,Line chart,97.57554245936036,94.4662552651168,3.1092871942435636,98.26777024629224,96.51895823834425,Line chart,96.51895823834425,0.0360658861760572,0.017627648916488173,0.01843823725956903,1,True
profile_s8_run,profile,Wrist,empirical,soft,Dot plot,Line chart,97.52656807211285,94.2011153200127,3.325452752100148,98.34331958264933,96.3594031879693,Line chart,96.3594031879693,0.037781437945697396,0.016845886679250875,0.02093555126644652,1,True
profile_s8_walk,profile,Wrist,empirical,hard,Dot plot,Line chart,95.03931119395193,92.29689065284136,2.742420541110576,96.59038363767843,94.54493792857014,Line chart,94.54493792857014,0.05769808718422595,0.035299749663604496,0.022398337520621453,1,True
profile_s8_walk,profile,Wrist,empirical,soft,Dot plot,Line chart,95.2079348533552,92.79198554192114,2.415949311434062,96.65006876641802,94.76510001263091,Line chart,94.76510001263091,0.055240800533860546,0.03466041231360145,0.020580388220259094,1,True
profile_s9_walk,profile,Wrist,empirical,hard,Dot plot,Line chart,92.15173560339393,90.27784203589712,1.8738935674968076,94.64847058053262,92.50084497982344,Line chart,92.50084497982344,0.08107120558533595,0.056541108236017254,0.0245300973493187,1,True
profile_s9_walk,profile,Wrist,empirical,soft,Dot plot,Line chart,92.19984735519472,90.18005710616936,2.0197902490253625,94.58363417884932,92.94686559532958,Line chart,92.94686559532958,0.07588350999783285,0.05726535957487948,0.018618150422953367,1,True
synthetic_2_0.3_0,composition,Synthetic,synthetic,hard,Donut chart,Pie chart,99.96054772078958,99.94426250057222,0.016285220217355345,99.95713706383549,99.95520608405862,Bar chart,99.86931274331907,0.00130858271766445,0.0004288131635576,0.00087976955410685,1,True
synthetic_2_0.3_0,composition,Synthetic,synthetic,soft,Pie chart,Donut chart,99.86179218863784,99.8166387218683,0.045153466769534134,99.93242482590257,99.89681190216581,Bar chart,99.8903207109616,0.0010979971658692,0.0006762086901739,0.00042178847569529997,1,True
synthetic_2_0.3_1,composition,Synthetic,synthetic,hard,Pie chart,Donut chart,99.93055541268207,99.91952231147954,0.011033101202528428,99.9532435311351,99.93405130443693,Bar chart,99.76319890993197,0.0023736316863878252,0.00046778340765224106,0.0019058482787355842,1,True
synthetic_2_0.3_1,composition,Synthetic,synthetic,soft,Pie chart,Bar chart,99.8686806089937,99.85683175954533,0.011848849448369947,99.93469209360244,99.9303465468527,Bar chart,99.9303465468527,0.00069702002999295,0.0006535058549677,4.3514175025249967e-05,1,True
synthetic_2_0.3_2,composition,Synthetic,synthetic,hard,Pie chart,Donut chart,99.92021307959988,99.91133428739508,0.008878792204797037,99.94774793067916,99.9339145337165,Bar chart,99.67537459509943,0.0032568265353330496,0.0005227938638205767,0.0027340326715124728,1,True
synthetic_2_0.3_2,composition,Synthetic,synthetic,soft,Bar chart,Pie chart,99.85514527749565,99.84674152619118,0.008403751304470575,99.9147729344929,99.92142534699589,Bar chart,99.9147729344929,0.0008529976399284001,0.0008529976399284001,0.0,1,False
synthetic_2_0.3_3,composition,Synthetic,synthetic,hard,Pie chart,Donut chart,99.9061718433575,99.89921399713498,0.006957846222519493,99.94704089172157,99.9411641759149,Bar chart,99.7048413579486,0.0029603240728476752,0.0005298716981106199,0.0024304523747370552,1,True
synthetic_2_0.3_3,composition,Synthetic,synthetic,soft,Bar chart,Pie chart,99.94946901934358,99.86702134941534,0.08244766992824282,99.9645940822294,99.93484587910116,Bar chart,99.9645940822294,0.0003541845800071829,0.0003541845800071829,0.0,1,True
synthetic_2_1_0,composition,Synthetic,synthetic,hard,Donut chart,Pie chart,99.88331522639612,99.85850462602004,0.02481060037608529,99.94010628223934,99.92714144332041,Bar chart,99.77502247074315,0.0022548481943246252,0.0005992961183322501,0.0016555520759923752,1,True
synthetic_2_1_0,composition,Synthetic,synthetic,soft,Bar chart,Donut chart,99.97565657286614,99.88016646367157,0.09549010919457146,99.95458805531497,99.93732107024891,Bar chart,99.95458805531497,0.00045432576501544997,0.00045432576501544997,0.0,1,True
synthetic_2_1_1,composition,Synthetic,synthetic,hard,Pie chart,Donut chart,99.90541921576077,99.89864421514444,0.006775000616329407,99.94632197967597,99.94033437320235,Bar chart,99.76476653587908,0.002357881166757675,0.0005370684909739886,0.0018208126757836864,1,True
synthetic_2_1_1,composition,Synthetic,synthetic,soft,Bar chart,Pie chart,99.95327209599756,99.87157190039196,0.08170019560560604,99.95353558203782,99.93704780544007,Bar chart,99.95353558203782,0.00046486017419605,0.00046486017419605,0.0,1,True
synthetic_2_1_2,composition,Synthetic,synthetic,hard,Donut chart,Pie chart,99.8845153400489,99.8469035600947,0.037611779954204394,99.93624713130647,99.91987713235379,Bar chart,99.802941883475,0.001974472022629125,0.0006379353890462,0.0013365366335829248,1,True
synthetic_2_1_2,composition,Synthetic,synthetic,soft,Bar chart,Donut chart,99.94655314684631,99.88626959609134,0.06028355075497416,99.97449591124337,99.94023855049542,Bar chart,99.97449591124337,0.00025510595001410703,0.00025510595001410703,0.0,1,True
synthetic_2_1_3,composition,Synthetic,synthetic,hard,Donut chart,Pie chart,99.96078797859838,99.94139008755901,0.01939789103936107,99.95930207100993,99.95538395543002,Bar chart,99.81535184781659,0.0018498973230585251,0.00040714498947939996,0.001442752333579125,1,True
synthetic_2_1_3,composition,Synthetic,synthetic,soft,Pie chart,Donut chart,99.849465217269,99.80327399179977,0.04619122546922938,99.92928868215033,99.89374698557982,Bar chart,99.82845638705552,0.001718383907283525,0.0007076135413571,0.0010107703659264248,1,True
synthetic_2_5_0,composition,Synthetic,synthetic,hard,Pie chart,Donut chart,99.90552177522154,99.90139901193777,0.004122763283774589,99.94877274151877,99.94271975826088,Bar chart,99.7959001084068,0.0020451731120366247,0.0005125351425144856,0.0015326379695221391,1,True
synthetic_2_5_0,composition,Synthetic,synthetic,soft,Bar chart,Pie chart,99.93164754501016,99.87759168875527,0.054055856254890955,99.9692230694872,99.94022212846048,Bar chart,99.9692230694872,0.000307864056234625,0.000307864056234625,0.0,1,True
synthetic_2_5_1,composition,Synthetic,synthetic,hard,Pie chart,Donut chart,99.91793679185481,99.90908286727519,0.008853924579625527,99.9460521625042,99.93688721466381,Bar chart,99.71251249502274,0.0028831637854036,0.0005397695689679774,0.0023433942164356224,1,True
synthetic_2_5_1,composition,Synthetic,synthetic,soft,Bar chart,Pie chart,99.88027975981414,99.86208663548074,0.018193124333407695,99.92875455504104,99.9310703927567,Bar chart,99.92875455504104,0.000712962402825975,0.000712962402825975,0.0,1,False
synthetic_2_5_2,composition,Synthetic,synthetic,hard,Pie chart,Donut chart,99.90500958607667,99.89890125604246,0.006108330034209075,99.95123575581547,99.94688604639562,Bar chart,99.77824046527074,0.0022225240061879746,0.0004878803530119546,0.00173464365317602,1,True
synthetic_2_5_2,composition,Synthetic,synthetic,soft,Bar chart,Pie chart,99.93484817855811,99.87934430001214,0.05550387854597716,99.96875439328392,99.942425283405,Bar chart,99.96875439328392,0.0003125537264689196,0.0003125537264689196,0.0,1,True
synthetic_2_5_3,composition,Synthetic,synthetic,hard,Pie chart,Donut chart,99.93603333268847,99.92536677457981,0.010666558108653135,99.9526795942242,99.93530145371741,Bar chart,99.71217937272367,0.0028865142562021,0.0004734280858492911,0.002413086170352809,1,True
synthetic_2_5_3,composition,Synthetic,synthetic,soft,Pie chart,Donut chart,99.86755975034121,99.8403482822407,0.027211468100517777,99.93243226411998,99.90854785585833,Bar chart,99.8842610081867,0.001158731021735425,0.00067613420737545,0.0004825968143599749,1,True
synthetic_3_0.3_0,composition,Synthetic,synthetic,hard,Donut chart,Pie chart,99.89042788308204,99.81699461532966,0.07343326775237813,99.91814500696667,99.87908282792682,Bar chart,99.62686068618562,0.003745368580765825,0.0008192205032191749,0.00292614807754665,1,True
synthetic_3_0.3_0,composition,Synthetic,synthetic,soft,Bar chart,Donut chart,99.92616860090207,99.88483897062542,0.04132963027664971,99.91600768563063,99.9144342647957,Bar chart,99.91600768563063,0.0008406292076205,0.0008406292076205,0.0,1,True
synthetic_3_0.3_1,composition,Synthetic,synthetic,hard,Donut chart,Pie chart,99.89729719049738,99.84606025232603,0.05123693817135688,99.91171654753043,99.89616395569374,Bar chart,99.67650610825103,0.00324543771024285,0.0008836146101800501,0.0023618231000628,1,True
synthetic_3_0.3_1,composition,Synthetic,synthetic,soft,Donut chart,Bar chart,99.8374183320445,99.82683068198686,0.010587650057644282,99.8846437472896,99.88545099457997,Bar chart,99.88545099457997,0.0011468037064401,0.001154894770433925,-8.091063993824997e-06,1,False
synthetic_3_0.3_2,composition,Synthetic,synthetic,hard,Donut chart,Pie chart,99.89011098815956,99.82030026476826,0.06981072339129923,99.91933575169202,99.86961011869236,Bar chart,99.79869880278738,0.0020170723629414503,0.000807293680458925,0.0012097786824825252,1,True
synthetic_3_0.3_2,composition,Synthetic,synthetic,soft,Pie chart,Donut chart,99.86784609124378,99.79789796031459,0.06994813092919117,99.89611238783671,99.87501591767827,Bar chart,99.74399926022453,0.002566577856053125,0.0010399565076163,0.001526621348436825,1,True
synthetic_3_0.3_3,composition,Synthetic,synthetic,hard,Donut chart,Pie chart,99.92408173918143,99.88658255107205,0.037499188109379133,99.9348883536049,99.90991404167971,Bar chart,99.80236968622032,0.0019802166461683,0.000651540692822875,0.0013286759533454253,1,True
synthetic_3_0.3_3,composition,Synthetic,synthetic,soft,Pie chart,Donut chart,99.86258845723007,99.82297115186371,0.0396173053663631,99.89526835109744,99.87701104220699,Bar chart,99.76087608543746,0.0023969708762155498,0.00104841451083005,0.0013485563653854997,1,True
synthetic_3_1_0,composition,Synthetic,synthetic,hard,Donut chart,Pie chart,99.9166133683907,99.88300589526546,0.033607473125243814,99.92327894482894,99.89914381726203,Bar chart,99.67091442806372,0.0033017212074821505,0.0007677996156774384,0.002533921591804712,1,True
synthetic_3_1_0,composition,Synthetic,synthetic,soft,Pie chart,Donut chart,99.85647821530392,99.83572671464479,0.020751500659130784,99.88874829762486,99.88225401927137,Bar chart,99.8296573424913,0.0017063331883859,0.001113756096369,0.0005925770920168999,1,True
synthetic_3_1_1,composition,Synthetic,synthetic,hard,Donut chart,Pie chart,99.91207726321113,99.85730791411576,0.05476934909536624,99.93529529955842,99.89287721689784,Bar chart,99.81267343814085,0.00187678132852785,0.0006474659453161,0.00122931538321175,1,True
synthetic_3_1_1,composition,Synthetic,synthetic,soft,Pie chart,Donut chart,99.86904560795965,99.81657936041147,0.052466247548181855,99.90078646788126,99.88734856246039,Bar chart,99.77432623048747,0.002261842079406325,0.00099312063124395,0.0012687214481623748,1,True
synthetic_3_1_2,composition,Synthetic,synthetic,hard,Donut chart,Pie chart,99.91652404904671,99.85975060951812,0.056773439528598146,99.9276193493221,99.88614254699078,Bar chart,99.78101365210418,0.0021946695055568752,0.0007243307821121155,0.0014703387234447597,1,True
synthetic_3_1_2,composition,Synthetic,synthetic,soft,Pie chart,Donut chart,99.85400322731529,99.8185834804363,0.0354197468789863,99.88804556508043,99.87825695538805,Bar chart,99.78138840087045,0.002190905564986575,0.00112079913353225,0.0010701064314543249,1,True
synthetic_3_1_3,composition,Synthetic,synthetic,hard,Bar chart,Donut chart,99.98774216289169,99.91107319771972,0.07666896517197586,99.74391208694067,99.92361849905002,Bar chart,99.74391208694067,0.0025674540701403,0.0025674540701403,0.0,1,False
synthetic_3_1_3,composition,Synthetic,synthetic,soft,Pie chart,Donut chart,99.86095704141685,99.8178762766618,0.04308076475504663,99.89218638139513,99.87973964929192,Bar chart,99.72983454200562,0.00270897329003985,0.0010792998182382499,0.0016296734718016003,1,True
synthetic_3_5_0,composition,Synthetic,synthetic,hard,Donut chart,Pie chart,99.92642178653793,99.90143546008794,0.02498632644999077,99.93674835819863,99.92035956214296,Bar chart,99.6829889195312,0.003180192366871375,0.000632916748248125,0.0025472756186232497,1,True
synthetic_3_5_0,composition,Synthetic,synthetic,soft,Pie chart,Donut chart,99.85770396401226,99.82960122256272,0.028102741449544055,99.89036244464202,99.88204808027207,Bar chart,99.78679582838369,0.0021365970301622,0.00109757891226735,0.00103901811789485,1,True
synthetic_3_5_1,composition,Synthetic,synthetic,hard,Donut chart,Pie chart,99.91371702946137,99.87301457952836,0.040702449933007756,99.91678939828816,99.89514578157365,Bar chart,99.679923206467,0.0032110457475977,0.00083279899417255,0.00237824675342515,1,True
synthetic_3_5_1,composition,Synthetic,synthetic,soft,Pie chart,Donut chart,99.86524472018665,99.84049155948406,0.024753160702587707,99.89628762209229,99.89028764503509,Bar chart,99.80710338570893,0.0019326942446734,0.0010382005215254,0.0008944937231479999,1,True
synthetic_3_5_2,composition,Synthetic,synthetic,hard,Donut chart,Pie chart,99.91724638231696,99.87534944377522,0.041896938541739814,99.92027718506735,99.89627456498884,Bar chart,99.6603581443444,0.0034079935290185007,0.00079786422914935,0.0026101292998691504,1,True
synthetic_3_5_2,composition,Synthetic,synthetic,soft,Pie chart,Donut chart,99.8637580021151,99.84373896266183,0.02001903945327399,99.8942281668074,99.89468311485813,Bar chart,99.82524392106075,0.0017506201044441751,0.0010588382845903,0.0006917818198538751,1,False
synthetic_3_5_3,composition,Synthetic,synthetic,hard,Donut chart,Pie chart,99.88376165318522,99.84633720743794,0.03742444574727699,99.89972231476574,99.87874688622004,Bar chart,99.65973567031871,0.0034142608084663495,0.001003783423123975,0.0024104773853423746,1,True
synthetic_3_5_3,composition,Synthetic,synthetic,soft,Bar chart,Donut chart,99.87453259463507,99.86811924336989,0.006413351265180722,99.94085950647542,99.8920517117246,Bar chart,99.94085950647542,0.000591754902015425,0.000591754902015425,0.0,1,True
synthetic_5_0.3_0,composition,Synthetic,synthetic,hard,Donut chart,Pie chart,99.73059466908803,99.60856898350559,0.12202568558244309,99.81290095002375,99.7303544736191,Bar chart,99.33181609027339,0.006726786401643699,0.0018744976670895248,0.004852288734554174,1,True
synthetic_5_0.3_0,composition,Synthetic,synthetic,soft,Pie chart,Donut chart,99.39327361962383,99.10466309630799,0.2886105233158389,99.59078966516259,99.41458084485242,Bar chart,98.41069665381248,0.016149701203501753,0.00410891746328375,0.012040783740218003,1,True
synthetic_5_0.3_1,composition,Synthetic,synthetic,hard,Donut chart,Pie chart,99.73216602792107,99.62922558352746,0.10294044439361016,99.81331098052588,99.74238316501149,Bar chart,99.27120917377256,0.00734141179797365,0.0018703819925434749,0.0054710298054301745,1,True
synthetic_5_0.3_1,composition,Synthetic,synthetic,soft,Pie chart,Donut chart,99.37886225269949,98.9120127083813,0.4668495443181939,99.5830347424889,99.29322389106554,Bar chart,98.167184702524,0.018670345931076474,0.0041871113748373,0.014483234556239174,1,True
synthetic_5_0.3_2,composition,Synthetic,synthetic,hard,Donut chart,Pie chart,99.78827624442003,99.78505335653186,0.0032228878881710443,99.83999052735868,99.85370578541841,Bar chart,99.530462842469,0.004717522094458099,0.001602659132840075,0.0031148629616180243,1,False
synthetic_5_0.3_2,composition,Synthetic,synthetic,soft,Pie chart,Donut chart,99.41104260890299,98.93637010142689,0.47467250747610024,99.5494454963698,99.22920716402999,Bar chart,98.48554370939446,0.01537744762900745,0.00452593684860475,0.010851510780402699,1,True
synthetic_5_0.3_3,composition,Synthetic,synthetic,hard,Pie chart,Donut chart,99.60254276789443,99.57447490825177,0.02806785964266112,99.69848745218951,99.67197163081465,Bar chart,99.04952103515956,0.009595997586934924,0.0030242439530997504,0.006571753633835174,1,True
synthetic_5_0.3_3,composition,Synthetic,synthetic,soft,Pie chart,Donut chart,99.31896341472175,98.81014287278175,0.5088205419399969,99.5118910802529,99.15646913801594,Bar chart,97.92982543568915,0.0211393674511383,0.0049050310917463005,0.016234336359391997,1,True
synthetic_5_1_0,composition,Synthetic,synthetic,hard,Donut chart,Pie chart,99.57719720362616,99.55330974168366,0.02388746194249336,99.72059077324258,99.6877559792962,Bar chart,99.09201996259154,0.009162998571945974,0.0028019210936362747,0.006361077478309699,1,True
synthetic_5_1_0,composition,Synthetic,synthetic,soft,Pie chart,Donut chart,99.21139702860141,98.77774441302854,0.4336526155728677,99.46544830314664,99.20338148988051,Bar chart,97.99500267448313,0.0204601997121936,0.0053742450868383,0.015085954625355301,1,True
synthetic_5_1_1,composition,Synthetic,synthetic,hard,Donut chart,Pie chart,99.59016916444958,99.54374219291708,0.04642697153249742,99.72027679220551,99.68342418050078,Bar chart,99.10739260800666,0.00900646630391945,0.002805078533600325,0.006201387770319125,1,True
synthetic_5_1_1,composition,Synthetic,synthetic,soft,Pie chart,Donut chart,99.23114819150113,98.75063753160886,0.4805106598922748,99.48129073225147,99.19154715001417,Bar chart,97.87351712286315,0.02172684644067117,0.0052141388991886,0.01651270754148257,1,True
synthetic_5_1_2,composition,Synthetic,synthetic,hard,Donut chart,Pie chart,99.57830827842969,99.55684904326846,0.02145923516123105,99.71507059805931,99.69225605912025,Bar chart,99.1527648210695,0.00854474588237065,0.00285743569384025,0.0056873101885304,1,True
synthetic_5_1_2,composition,Synthetic,synthetic,soft,Pie chart,Donut chart,99.2930950647257,98.9516766473967,0.34141841732900957,99.52293963104931,99.3129657367016,Bar chart,98.23512423467474,0.01796583227307905,0.0047934714420538,0.01317236083102525,1,True
synthetic_5_1_3,composition,Synthetic,synthetic,hard,Donut chart,Pie chart,99.67133141887375,99.58680856393926,0.08452285493449097,99.77380191576789,99.71415955472496,Bar chart,99.31086226197202,0.006939198012500325,0.0022671089994451754,0.00467208901305515,1,True
synthetic_5_1_3,composition,Synthetic,synthetic,soft,Pie chart,Donut chart,99.42791855846579,99.14734439933129,0.28057415913450257,99.61868002109698,99.44799896368676,Bar chart,98.42201959001646,0.0160327985196475,0.00382779593969985,0.012205002579947648,1,True
synthetic_5_5_0,composition,Synthetic,synthetic,hard,Donut chart,Pie chart,99.62729228301565,99.57220983992478,0.05508244309086763,99.74203897591393,99.70584160324185,Bar chart,99.21975241521466,0.007863833216597525,0.00258628183998095,0.005277551376616575,1,True
synthetic_5_5_0,composition,Synthetic,synthetic,soft,Pie chart,Donut chart,99.35964513336614,99.09257286015556,0.26707227321058724,99.57354545145448,99.41122575777341,Bar chart,98.4366497201669,0.015881790819551003,0.00428280972232155,0.011598981097229453,1,True
synthetic_5_5_1,composition,Synthetic,synthetic,hard,Donut chart,Pie chart,99.65302782612619,99.56886826117331,0.08415956495288412,99.75314465304032,99.70289461908838,Bar chart,99.2719381911845,0.007334014244925375,0.0024746623058178752,0.0048593519391075,1,True
synthetic_5_5_1,composition,Synthetic,synthetic,soft,Pie chart,Donut chart,99.31172553164637,99.01463007499181,0.29709545665456005,99.52267079282169,99.34564715963259,Bar chart,98.34091390560029,0.016870761400410723,0.004796185666801201,0.012074575733609523,1,True
synthetic_5_5_2,composition,Synthetic,synthetic,hard,Donut chart,Pie chart,99.70598092874273,99.61686828935755,0.08911263938517777,99.78628994321872,99.72815865683148,Bar chart,99.29533818258712,0.00709662538353135,0.002141677548117,0.00495494783541435,1,True
synthetic_5_5_2,composition,Synthetic,synthetic,soft,Pie chart,Donut chart,99.39426758430108,98.97957790920127,0.41468967509980814,99.58820413143394,99.32887473986581,Bar chart,98.33306206689635,0.0169519579484835,0.0041349863887754,0.0128169715597081,1,True
synthetic_5_5_3,composition,Synthetic,synthetic,hard,Donut chart,Pie chart,99.64881247997116,99.5770863489768,0.07172613099434955,99.76335896696983,99.71134057508924,Bar chart,99.22794467532363,0.007780623968404925,0.0023720235112423497,0.0054086004571625755,1,True
synthetic_5_5_3,composition,Synthetic,synthetic,soft,Pie chart,Donut chart,99.34301353828336,99.04348332134619,0.2995302169371712,99.56084154098923,99.38437647534859,Bar chart,98.29903437009821,0.017303991242656625,0.0044109556750779495,0.012893035567578676,1,True
synthetic_8_0.3_0,composition,Synthetic,synthetic,hard,Pie chart,Donut chart,99.61827211524032,99.54281842483118,0.07545369040913386,99.76635593314963,99.7189435130461,Bar chart,98.45976809670438,0.015643261537878574,0.00234191240789555,0.013301349129983023,1,True
synthetic_8_0.3_0,composition,Synthetic,synthetic,soft,Pie chart,Donut chart,99.42552572321928,99.07577241991845,0.34975330330082954,99.63977188204622,99.41352624845204,Bar chart,97.40500889663986,0.026641249076972875,0.00361530452297915,0.023025944553993725,1,True
synthetic_8_0.3_1,composition,Synthetic,synthetic,hard,Pie chart,Donut chart,99.49626795572718,99.26481114477262,0.23145681095455473,99.70775236264242,99.56418952619131,Bar chart,98.17235925957846,0.0186166529378097,0.0029310422753753996,0.015685610662434298,1,True
synthetic_8_0.3_1,composition,Synthetic,synthetic,soft,Pie chart,Donut chart,99.23287119469369,98.73401807200149,0.4988531226921964,99.53791050392387,99.22007420133403,Bar chart,96.63344641241633,0.0348383889074571,0.0046423467574993,0.030196042149957802,1,True
synthetic_8_0.3_2,composition,Synthetic,synthetic,hard,Pie chart,Donut chart,99.45715273916471,98.93857217832424,0.5185805608404763,99.67538569098363,99.35793075982322,Bar chart,97.05333204908378,0.03036132700138505,0.00325671485257905,0.027104612148806,1,True
synthetic_8_0.3_2,composition,Synthetic,synthetic,soft,Pie chart,Donut chart,99.14989107063705,98.2485480456386,0.9013430249984538,99.47374252665067,98.89624228462156,Bar chart,95.48254573571326,0.04731183306308818,0.00529041594276335,0.042021417120324825,1,True
synthetic_8_0.3_3,composition,Synthetic,synthetic,hard,Pie chart,Donut chart,99.49366479222059,99.28529616425837,0.20836862796221567,99.70836229018005,99.57534907607186,Bar chart,97.8379831945384,0.02209792899310605,0.00292490723066145,0.019173021762444602,1,True
synthetic_8_0.3_3,composition,Synthetic,synthetic,soft,Pie chart,Donut chart,99.30883505564408,98.65382783907832,0.6550072165657639,99.57481595229693,99.14837117621461,Bar chart,96.32578681437285,0.03814360938164607,0.00426999581808675,0.03387361356355932,1,True
synthetic_8_1_0,composition,Synthetic,synthetic,hard,Pie chart,Donut chart,99.65515468341928,99.57890680553706,0.0762478778822242,99.79841436548018,99.73714324111863,Bar chart,98.44751654541805,0.015769655843636425,0.00201992823033805,0.013749727613298375,1,True
synthetic_8_1_0,composition,Synthetic,synthetic,soft,Pie chart,Donut chart,99.52468456349872,99.30030060020565,0.22438396329307864,99.71711174439217,99.56881289512026,Bar chart,97.71547379258386,0.02337936990681115,0.0028369078351665,0.020542462071644653,1,True
synthetic_8_1_1,composition,Synthetic,synthetic,hard,Pie chart,Donut chart,99.5719136281773,99.36686062835514,0.20505299982215774,99.7532262979436,99.62203816739306,Bar chart,98.21468946349403,0.018177632554339573,0.0024738418115856,0.01570379074275397,1,True
synthetic_8_1_1,composition,Synthetic,synthetic,soft,Pie chart,Donut chart,99.3964445896927,98.91720961330765,0.4792349763850581,99.63644711943543,99.3250415828462,Bar chart,97.00690134196005,0.0308544919653598,0.00364879410170825,0.02720569786365155,1,True
synthetic_8_1_2,composition,Synthetic,synthetic,hard,Pie chart,Donut chart,99.76699608197036,99.60960343849779,0.1573926434725763,99.85911183949764,99.76654679877866,Bar chart,98.37518323297213,0.01651653103588105,0.0014108693529021,0.015105661682978949,1,True
synthetic_8_1_2,composition,Synthetic,synthetic,soft,Pie chart,Donut chart,99.51264182089612,99.0069792964527,0.505662524443423,99.70619676910452,99.36233446469491,Bar chart,97.04450129565136,0.03045508673741905,0.0029466897787290497,0.02750839695869,1,True
synthetic_8_1_3,composition,Synthetic,synthetic,hard,Pie chart,Donut chart,99.32822895843448,98.92671499290813,0.4015139655263482,99.61684027805914,99.37594511092396,Bar chart,97.49664871738287,0.025676280318862,0.00384633482522975,0.02182994549363225,1,True
synthetic_8_1_3,composition,Synthetic,synthetic,soft,Pie chart,Donut chart,99.06225489277914,98.3637562252461,0.6984986675330305,99.43610099142998,98.9890774443128,Bar chart,96.05950372907289,0.04102140983406425,0.0056709686215332,0.03535044121253105,1,True
synthetic_8_5_0,composition,Synthetic,synthetic,hard,Pie chart,Donut chart,99.58468176157793,99.28097448789545,0.30370727368247685,99.76020130815863,99.58003506927938,Bar chart,97.8383343637833,0.0220942603967395,0.0024037510820636,0.0196905093146759,1,True
synthetic_8_5_0,composition,Synthetic,synthetic,soft,Pie chart,Donut chart,99.38742765703577,98.7628361406398,0.6245915163959666,99.6332536583994,99.23247530011099,Bar chart,96.51410873866479,0.036117944898337126,0.0036809632139286497,0.03243698168440848,1,True
synthetic_8_5_1,composition,Synthetic,synthetic,hard,Pie chart,Donut chart,99.5673331848977,99.30506677877982,0.2622664061178881,99.74402249474662,99.57908144360417,Bar chart,97.9120550003176,0.021324697961610923,0.00256634431669195,0.018758353644918974,1,True
synthetic_8_5_1,composition,Synthetic,synthetic,soft,Pie chart,Donut chart,99.34728485730047,98.79530671225466,0.5519781450458083,99.59766466647746,99.2177111213916,Bar chart,96.56204082894496,0.035603629972415625,0.0040396060978924505,0.03156402387452317,1,True
synthetic_8_5_2,composition,Synthetic,synthetic,hard,Pie chart,Donut chart,99.65897813497769,99.4634031618692,0.19557497310849215,99.80788457816256,99.68260919576467,Bar chart,98.0474316395828,0.019914528384534752,0.00192485215621415,0.0179896762283206,1,True
synthetic_8_5_2,composition,Synthetic,synthetic,soft,Pie chart,Donut chart,99.41874194479426,98.95209061564299,0.4666513291512757,99.6462318820092,99.33395302111326,Bar chart,96.81841792160785,0.03286133100179582,0.0035502407999701,0.02931109020182572,1,True
synthetic_8_5_3,composition,Synthetic,synthetic,hard,Pie chart,Donut chart,99.56600580652145,99.17968626355362,0.38631954296782567,99.75208971028292,99.51550040622176,Bar chart,97.61114805685952,0.024473146671207698,0.00248526412265755,0.02198788254855015,1,True
synthetic_8_5_3,composition,Synthetic,synthetic,soft,Pie chart,Donut chart,99.31518409091606,98.60067270265262,0.7145113882634462,99.58651954807881,99.12560628221945,Bar chart,96.17995032062043,0.03971773396269447,0.0041519721122653,0.03556576185042917,1,True
