key,representation,configuration,N,error
WDBC__00,Means,means,2,2.9016936208445614
WDBC__00,Five-number,five_number,10,2.1853554502369654
WDBC__00,Observations,raw,569,0.0
WDBC__00,Binned,bins_4,10,1.954451213935311
WDBC__00,Binned,bins_8,18,0.8515454236196831
WDBC__00,Binned,bins_16,34,0.5728868125919249
WDBC__00,Binned,bins_32,66,0.49792343009478124
WDBC__00,Binned,bins_64,130,0.4900789187227925
WDBC__00,Density,density_8,18,1.7665928781629052
WDBC__00,Density,density_16,34,0.6441650109924435
WDBC__00,Density,density_32,66,0.5548651922972265
WDBC__00,Density,density_64,130,0.5670808384925365
WDBC__00,Density,density_128,258,0.5702628272066228
WDBC__00,Density,density_256,514,0.5694741550823537
WDBC__01,Means,means,2,1.7636830814581508
WDBC__01,Five-number,five_number,10,3.181404494382022
WDBC__01,Observations,raw,569,0.0
WDBC__01,Binned,bins_4,10,2.4861073639982365
WDBC__01,Binned,bins_8,18,0.8410857206295432
WDBC__01,Binned,bins_16,34,0.7788069900605024
WDBC__01,Binned,bins_32,66,0.9263614817415764
WDBC__01,Binned,bins_64,130,1.1979070378151562
WDBC__01,Density,density_8,18,1.7114415308739268
WDBC__01,Density,density_16,34,0.6788799969626087
WDBC__01,Density,density_32,66,0.615166145447624
WDBC__01,Density,density_64,130,0.5571179114878113
WDBC__01,Density,density_128,258,0.5589811703703162
WDBC__01,Density,density_256,514,0.5573381896278562
WDBC__02,Means,means,2,18.614673353737473
WDBC__02,Five-number,five_number,10,16.63469194312799
WDBC__02,Observations,raw,569,0.0
WDBC__02,Binned,bins_4,10,15.42776736482702
WDBC__02,Binned,bins_8,18,4.299829355715374
WDBC__02,Binned,bins_16,34,2.4203678460179248
WDBC__02,Binned,bins_32,66,2.6373717252501194
WDBC__02,Binned,bins_64,130,2.1765327353955257
WDBC__02,Density,density_8,18,9.970322594784555
WDBC__02,Density,density_16,34,4.227643956005238
WDBC__02,Density,density_32,66,3.778819826292704
WDBC__02,Density,density_64,130,3.7453863742538402
WDBC__02,Density,density_128,258,3.798369641721777
WDBC__02,Density,density_256,514,3.7707607144499917
WDBC__03,Means,means,2,478.1937809840915
WDBC__03,Five-number,five_number,10,473.0379146919431
WDBC__03,Observations,raw,569,0.0
WDBC__03,Binned,bins_4,10,189.21401705766482
WDBC__03,Binned,bins_8,18,74.83413853154195
WDBC__03,Binned,bins_16,34,55.718520164121514
WDBC__03,Binned,bins_32,66,51.76100485217705
WDBC__03,Binned,bins_64,130,99.25993824478758
WDBC__03,Density,density_8,18,261.51118161376905
WDBC__03,Density,density_16,34,84.94987655978991
WDBC__03,Density,density_32,66,69.69519788744537
WDBC__03,Density,density_64,130,69.71927168119953
WDBC__03,Density,density_128,258,70.68603249807552
WDBC__03,Density,density_256,514,70.69842514729851
WDBC__04,Means,means,2,0.00312842644560285
WDBC__04,Five-number,five_number,10,0.02149999999999999
WDBC__04,Observations,raw,569,0.0
WDBC__04,Binned,bins_4,10,0.010421042505854808
WDBC__04,Binned,bins_8,18,0.0024584483848314465
WDBC__04,Binned,bins_16,34,0.00145002562847725
WDBC__04,Binned,bins_32,66,0.0011549380047401747
WDBC__04,Binned,bins_64,130,0.0009522346273700966
WDBC__04,Density,density_8,18,0.007304725165749287
WDBC__04,Density,density_16,34,0.0024666018063778106
WDBC__04,Density,density_32,66,0.0021834216911906373
WDBC__04,Density,density_64,130,0.002082344743036868
WDBC__04,Density,density_128,258,0.0020687786998723062
WDBC__04,Density,density_256,514,0.002061212411899549
WDBC__05,Means,means,2,0.0412884118635795
WDBC__05,Five-number,five_number,10,0.011507582938388633
WDBC__05,Observations,raw,569,0.0
WDBC__05,Binned,bins_4,10,0.01570861470552945
WDBC__05,Binned,bins_8,18,0.012441275741115213
WDBC__05,Binned,bins_16,34,0.006385839034398169
WDBC__05,Binned,bins_32,66,0.004505142654028418
WDBC__05,Binned,bins_64,130,0.0032264628381714067
WDBC__05,Density,density_8,18,0.01322401014229374
WDBC__05,Density,density_16,34,0.009705787476608205
WDBC__05,Density,density_32,66,0.00633790560881943
WDBC__05,Density,density_64,130,0.006484980105313121
WDBC__05,Density,density_128,258,0.006475759848781487
WDBC__05,Density,density_256,514,0.006477126611731138
WDBC__06,Means,means,2,0.09338953909836131
WDBC__06,Five-number,five_number,10,0.16561071090047394
WDBC__06,Observations,raw,569,0.0
WDBC__06,Binned,bins_4,10,0.04263676069866539
WDBC__06,Binned,bins_8,18,0.013925069535852028
WDBC__06,Binned,bins_16,34,0.012095953791469133
WDBC__06,Binned,bins_32,66,0.010267517316806363
WDBC__06,Binned,bins_64,130,0.011796712853773733
WDBC__06,Density,density_8,18,0.03492855897568485
WDBC__06,Density,density_16,34,0.02298825828830034
WDBC__06,Density,density_32,66,0.014692004810313075
WDBC__06,Density,density_64,130,0.014380427332189805
WDBC__06,Density,density_128,258,0.014262811112786433
WDBC__06,Density,density_256,514,0.014294717671440693
WDBC__07,Means,means,2,0.03379849620985835
WDBC__07,Five-number,five_number,10,0.0139736018957346
WDBC__07,Observations,raw,569,0.0
WDBC__07,Binned,bins_4,10,0.013165896226415078
WDBC__07,Binned,bins_8,18,0.006769167202184914
WDBC__07,Binned,bins_16,34,0.004211278633491383
WDBC__07,Binned,bins_32,66,0.002790879739336588
WDBC__07,Binned,bins_64,130,0.0027908797393365603
WDBC__07,Density,density_8,18,0.021541151003927048
WDBC__07,Density,density_16,34,0.005999854588636472
WDBC__07,Density,density_32,66,0.006222813418059608
WDBC__07,Density,density_64,130,0.006819257874840716
WDBC__07,Density,density_128,258,0.006883058872863244
WDBC__07,Density,density_256,514,0.0068902061608569695
WDBC__08,Means,means,2,0.010874784942596943
WDBC__08,Five-number,five_number,10,0.00809662921348317
WDBC__08,Observations,raw,569,0.0
WDBC__08,Binned,bins_4,10,0.01833325471698115
WDBC__08,Binned,bins_8,18,0.0048845202083749595
WDBC__08,Binned,bins_16,34,0.004145786516853933
WDBC__08,Binned,bins_32,66,0.003153436018957345
WDBC__08,Binned,bins_64,130,0.0019102562203791307
WDBC__08,Density,density_8,18,0.01072256742973264
WDBC__08,Density,density_16,34,0.0035011985156776504
WDBC__08,Density,density_32,66,0.0034144546152503896
WDBC__08,Density,density_64,130,0.0031276926538312544
WDBC__08,Density,density_128,258,0.0031128095201981287
WDBC__08,Density,density_256,514,0.0031232678210848797
WDBC__09,Means,means,2,0.0037081152251021293
WDBC__09,Five-number,five_number,10,0.002003567415730337
WDBC__09,Observations,raw,569,0.0
WDBC__09,Binned,bins_4,10,0.003057869747899178
WDBC__09,Binned,bins_8,18,0.001422056869259336
WDBC__09,Binned,bins_16,34,0.0011579592271025035
WDBC__09,Binned,bins_32,66,0.000907990692816163
WDBC__09,Binned,bins_64,130,0.001320208333333378
WDBC__09,Density,density_8,18,0.002041565167647752
WDBC__09,Density,density_16,34,0.001167226282148548
WDBC__09,Density,density_32,66,0.0010350580413798632
WDBC__09,Density,density_64,130,0.0010273783486621085
WDBC__09,Density,density_128,258,0.0010029689560642624
WDBC__09,Density,density_256,514,0.0009962859189197176
WDBC__10,Means,means,2,0.35618843136378253
WDBC__10,Five-number,five_number,10,1.0058799999999999
WDBC__10,Observations,raw,569,0.0
WDBC__10,Binned,bins_4,10,0.29350806062679397
WDBC__10,Binned,bins_8,18,0.06145410717193098
WDBC__10,Binned,bins_16,34,0.052336803909952434
WDBC__10,Binned,bins_32,66,0.04571084493483468
WDBC__10,Binned,bins_64,130,0.03861486966824701
WDBC__10,Density,density_8,18,0.23415816301050976
WDBC__10,Density,density_16,34,0.1076152009526462
WDBC__10,Density,density_32,66,0.05375507449156869
WDBC__10,Density,density_64,130,0.04139515080240197
WDBC__10,Density,density_128,258,0.0458891482850885
WDBC__10,Density,density_256,514,0.04783197063072486
WDBC__11,Means,means,2,0.21747833082141077
WDBC__11,Five-number,five_number,10,0.9089943820224722
WDBC__11,Observations,raw,569,0.0
WDBC__11,Binned,bins_4,10,0.14794580668395274
WDBC__11,Binned,bins_8,18,0.13176928838951363
WDBC__11,Binned,bins_16,34,0.10506722176227123
WDBC__11,Binned,bins_32,66,0.08223389513108592
WDBC__11,Binned,bins_64,130,0.06526733490566183
WDBC__11,Density,density_8,18,0.22384561863251506
WDBC__11,Density,density_16,34,0.12132445993876217
WDBC__11,Density,density_32,66,0.09000544363993579
WDBC__11,Density,density_64,130,0.09600127162430483
WDBC__11,Density,density_128,258,0.09454651703697414
WDBC__11,Density,density_256,514,0.09465934364564088
WDBC__12,Means,means,2,2.9346420432323863
WDBC__12,Five-number,five_number,10,8.795
WDBC__12,Observations,raw,569,0.0
WDBC__12,Binned,bins_4,10,2.5326238207547167
WDBC__12,Binned,bins_8,18,0.6642950412238156
WDBC__12,Binned,bins_16,34,0.7300559622442857
WDBC__12,Binned,bins_32,66,0.23444431807885024
WDBC__12,Binned,bins_64,130,0.24669547448903817
WDBC__12,Density,density_8,18,1.4056916308007044
WDBC__12,Density,density_16,34,0.9118946228620248
WDBC__12,Density,density_32,66,0.4659507467125521
WDBC__12,Density,density_64,130,0.3720896714028814
WDBC__12,Density,density_128,258,0.4039969223547851
WDBC__12,Density,density_256,514,0.41848166396099973
WDBC__13,Means,means,2,67.57776649568889
WDBC__13,Five-number,five_number,10,266.87
WDBC__13,Observations,raw,569,0.0
WDBC__13,Binned,bins_4,10,99.60246327014212
WDBC__13,Binned,bins_8,18,41.16420920576175
WDBC__13,Binned,bins_16,34,12.568069847644466
WDBC__13,Binned,bins_32,66,12.349943487643841
WDBC__13,Binned,bins_64,130,6.651822778194742
WDBC__13,Density,density_8,18,40.73945420011235
WDBC__13,Density,density_16,34,18.035742355696
WDBC__13,Density,density_32,66,10.235935401869078
WDBC__13,Density,density_64,130,9.790916548088871
WDBC__13,Density,density_128,258,12.67424173628951
WDBC__13,Density,density_256,514,13.699764477057935
WDBC__14,Means,means,2,0.002047192378838327
WDBC__14,Five-number,five_number,10,0.009838399999999995
WDBC__14,Observations,raw,569,0.0
WDBC__14,Binned,bins_4,10,0.0017652609577114425
WDBC__14,Binned,bins_8,18,0.0009740352918813904
WDBC__14,Binned,bins_16,34,0.0006276698214589711
WDBC__14,Binned,bins_32,66,0.0004798267832062629
WDBC__14,Binned,bins_64,130,0.0001762923772739445
WDBC__14,Density,density_8,18,0.0019514953107334226
WDBC__14,Density,density_16,34,0.0006574473033981627
WDBC__14,Density,density_32,66,0.00033937651737079265
WDBC__14,Density,density_64,130,0.0003515649347118552
WDBC__14,Density,density_128,258,0.0003437078994230156
WDBC__14,Density,density_256,514,0.0003423166522596617
WDBC__15,Means,means,2,0.006328300618212098
WDBC__15,Five-number,five_number,10,0.012462415730337177
WDBC__15,Observations,raw,569,0.0
WDBC__15,Binned,bins_4,10,0.008078225968616827
WDBC__15,Binned,bins_8,18,0.003206102191424639
WDBC__15,Binned,bins_16,34,0.00287020860537504
WDBC__15,Binned,bins_32,66,0.0018111784342237543
WDBC__15,Binned,bins_64,130,0.0014525417368914106
WDBC__15,Density,density_8,18,0.01518183043598871
WDBC__15,Density,density_16,34,0.002882305050340799
WDBC__15,Density,density_32,66,0.003310694137324287
WDBC__15,Density,density_64,130,0.002993717281608542
WDBC__15,Density,density_128,258,0.003050107743731826
WDBC__15,Density,density_256,514,0.0030421016164490083
WDBC__16,Means,means,2,0.006560816027907895
WDBC__16,Five-number,five_number,10,0.21183921348314605
WDBC__16,Observations,raw,569,0.0
WDBC__16,Binned,bins_4,10,0.021822239976894857
WDBC__16,Binned,bins_8,18,0.015966330532212906
WDBC__16,Binned,bins_16,34,0.011102759201557934
WDBC__16,Binned,bins_32,66,0.0032607198033707957
WDBC__16,Binned,bins_64,130,0.0029003749999999273
WDBC__16,Density,density_8,18,0.02236930472807242
WDBC__16,Density,density_16,34,0.011402155729645105
WDBC__16,Density,density_32,66,0.005985472057225036
WDBC__16,Density,density_64,130,0.005556138352964778
WDBC__16,Density,density_128,258,0.005579339983084457
WDBC__16,Density,density_256,514,0.005450076341381026
WDBC__17,Means,means,2,0.001702855120254589
WDBC__17,Five-number,five_number,10,0.015174999999999998
WDBC__17,Observations,raw,569,0.0
WDBC__17,Binned,bins_4,10,0.004760754219484402
WDBC__17,Binned,bins_8,18,0.001200286074474464
WDBC__17,Binned,bins_16,34,0.0010359567250074397
WDBC__17,Binned,bins_32,66,0.0007365122026449554
WDBC__17,Binned,bins_64,130,0.0007673133886255887
WDBC__17,Density,density_8,18,0.0031541374327930163
WDBC__17,Density,density_16,34,0.001267479173572214
WDBC__17,Density,density_32,66,0.0009055563080967305
WDBC__17,Density,density_64,130,0.000769646349441086
WDBC__17,Density,density_128,258,0.0007107851500221252
WDBC__17,Density,density_256,514,0.0007117134430486768
WDBC__18,Means,means,2,0.010897661703463464
WDBC__18,Five-number,five_number,10,0.011571469194312803
WDBC__18,Observations,raw,569,0.0
WDBC__18,Binned,bins_4,10,0.005243722909002518
WDBC__18,Binned,bins_8,18,0.0033718366809599165
WDBC__18,Binned,bins_16,34,0.0031074710651034787
WDBC__18,Binned,bins_32,66,0.003042283254717039
WDBC__18,Binned,bins_64,130,0.0038857368598383263
WDBC__18,Density,density_8,18,0.007565218888463033
WDBC__18,Density,density_16,34,0.003754102948598556
WDBC__18,Density,density_32,66,0.003178115190803424
WDBC__18,Density,density_64,130,0.003150583823397786
WDBC__18,Density,density_128,258,0.003120718894570877
WDBC__18,Density,density_256,514,0.0031159057029488194
WDBC__19,Means,means,2,0.000930399343693386
WDBC__19,Five-number,five_number,10,0.012952649999999996
WDBC__19,Observations,raw,569,0.0
WDBC__19,Binned,bins_4,10,0.0009790429532146767
WDBC__19,Binned,bins_8,18,0.0007053374423418093
WDBC__19,Binned,bins_16,34,0.000571376777962207
WDBC__19,Binned,bins_32,66,0.0004742988151658764
WDBC__19,Binned,bins_64,130,0.000362790737359551
WDBC__19,Density,density_8,18,0.001269069256258715
WDBC__19,Density,density_16,34,0.000777474258954163
WDBC__19,Density,density_32,66,0.0005959304502059053
WDBC__19,Density,density_64,130,0.0005241260881399552
WDBC__19,Density,density_128,258,0.0005051198157589734
WDBC__19,Density,density_256,514,0.0005012103572066872
WDBC__20,Means,means,2,4.531489799693452
WDBC__20,Five-number,five_number,10,3.2488625592417044
WDBC__20,Observations,raw,569,0.0
WDBC__20,Binned,bins_4,10,3.4354436079545323
WDBC__20,Binned,bins_8,18,0.9364824593717369
WDBC__20,Binned,bins_16,34,0.4895035652549744
WDBC__20,Binned,bins_32,66,0.5493199644549733
WDBC__20,Binned,bins_64,130,0.5049723614386714
WDBC__20,Density,density_8,18,1.460532376596806
WDBC__20,Density,density_16,34,0.834090621025771
WDBC__20,Density,density_32,66,0.7983457433872196
WDBC__20,Density,density_64,130,0.7361642931424477
WDBC__20,Density,density_128,258,0.7370770814476231
WDBC__20,Density,density_256,514,0.7383149989704876
WDBC__21,Means,means,2,1.7207217888215247
WDBC__21,Five-number,five_number,10,3.1092417061611357
WDBC__21,Observations,raw,569,0.0
WDBC__21,Binned,bins_4,10,2.8215031221378197
WDBC__21,Binned,bins_8,18,0.9631571242680543
WDBC__21,Binned,bins_16,34,0.669786119623204
WDBC__21,Binned,bins_32,66,0.4992014218009544
WDBC__21,Binned,bins_64,130,0.4829307220518544
WDBC__21,Density,density_8,18,2.114054745429101
WDBC__21,Density,density_16,34,1.0455969845623017
WDBC__21,Density,density_32,66,0.9252149246761618
WDBC__21,Density,density_64,130,0.8840917476884229
WDBC__21,Density,density_128,258,0.8729336490378046
WDBC__21,Density,density_256,514,0.8712146293006384
WDBC__22,Means,means,2,33.27560818667084
WDBC__22,Five-number,five_number,10,29.227109004739347
WDBC__22,Observations,raw,569,0.0
WDBC__22,Binned,bins_4,10,21.905408413461487
WDBC__22,Binned,bins_8,18,7.50409170991005
WDBC__22,Binned,bins_16,34,3.2150092169944173
WDBC__22,Binned,bins_32,66,5.377306378329735
WDBC__22,Binned,bins_64,130,5.715502284787789
WDBC__22,Density,density_8,18,6.642277968273248
WDBC__22,Density,density_16,34,4.27152828478998
WDBC__22,Density,density_32,66,4.95994367776359
WDBC__22,Density,density_64,130,4.778707819246534
WDBC__22,Density,density_128,258,4.90296596614327
WDBC__22,Density,density_256,514,4.9452330476187
WDBC__23,Means,means,2,833.2831190211924
WDBC__23,Five-number,five_number,10,976.3672985781989
WDBC__23,Observations,raw,569,0.0
WDBC__23,Binned,bins_4,10,355.47055432978516
WDBC__23,Binned,bins_8,18,213.73322681794252
WDBC__23,Binned,bins_16,34,67.41659670503236
WDBC__23,Binned,bins_32,66,110.03268933165782
WDBC__23,Binned,bins_64,130,108.05508316782516
WDBC__23,Density,density_8,18,603.4107635794753
WDBC__23,Density,density_16,34,111.15397298163555
WDBC__23,Density,density_32,66,96.7221196492348
WDBC__23,Density,density_64,130,124.0477980909223
WDBC__23,Density,density_128,258,124.56959832160021
WDBC__23,Density,density_256,514,126.2564126022391
WDBC__24,Means,means,2,0.0063642599492626795
WDBC__24,Five-number,five_number,10,0.004974999999999952
WDBC__24,Observations,raw,569,0.0
WDBC__24,Binned,bins_4,10,0.012458580955955964
WDBC__24,Binned,bins_8,18,0.003686866536899147
WDBC__24,Binned,bins_16,34,0.003965040647432944
WDBC__24,Binned,bins_32,66,0.0036412276785714737
WDBC__24,Binned,bins_64,130,0.0036370848424865654
WDBC__24,Density,density_8,18,0.005036920377189225
WDBC__24,Density,density_16,34,0.0034036959584727022
WDBC__24,Density,density_32,66,0.0027692714573454846
WDBC__24,Density,density_64,130,0.002663010227239762
WDBC__24,Density,density_128,258,0.002630802540660615
WDBC__24,Density,density_256,514,0.002620967217895037
WDBC__25,Means,means,2,0.15191344524602282
WDBC__25,Five-number,five_number,10,0.09807640449438215
WDBC__25,Observations,raw,569,0.0
WDBC__25,Binned,bins_4,10,0.07641496862567165
WDBC__25,Binned,bins_8,18,0.0333394507447527
WDBC__25,Binned,bins_16,34,0.015883772783200162
WDBC__25,Binned,bins_32,66,0.015822369733146158
WDBC__25,Binned,bins_64,130,0.021291175454851707
WDBC__25,Density,density_8,18,0.06519571753814618
WDBC__25,Density,density_16,34,0.018156417899365646
WDBC__25,Density,density_32,66,0.024568924031036443
WDBC__25,Density,density_64,130,0.023124033865456
WDBC__25,Density,density_128,258,0.02327893890278987
WDBC__25,Density,density_256,514,0.023365193326593148
WDBC__26,Means,means,2,0.09011754990976684
WDBC__26,Five-number,five_number,10,0.37292999999999976
WDBC__26,Observations,raw,569,0.0
WDBC__26,Binned,bins_4,10,0.15926440008775777
WDBC__26,Binned,bins_8,18,0.05325766710526317
WDBC__26,Binned,bins_16,34,0.03786587482517481
WDBC__26,Binned,bins_32,66,0.019780309375
WDBC__26,Binned,bins_64,130,0.021970263364780418
WDBC__26,Density,density_8,18,0.07636311886857194
WDBC__26,Density,density_16,34,0.022441114645828153
WDBC__26,Density,density_32,66,0.023519088447314596
WDBC__26,Density,density_64,130,0.025417500174954866
WDBC__26,Density,density_128,258,0.02551590391602193
WDBC__26,Density,density_256,514,0.025829458721578158
WDBC__27,Means,means,2,0.01899242647548738
WDBC__27,Five-number,five_number,10,0.052897000000000007
WDBC__27,Observations,raw,569,0.0
WDBC__27,Binned,bins_4,10,0.01840415909967641
WDBC__27,Binned,bins_8,18,0.007923425527726471
WDBC__27,Binned,bins_16,34,0.005046777765773572
WDBC__27,Binned,bins_32,66,0.004510497968499214
WDBC__27,Binned,bins_64,130,0.003383123518957337
WDBC__27,Density,density_8,18,0.014141079266476148
WDBC__27,Density,density_16,34,0.007394888802982377
WDBC__27,Density,density_32,66,0.006261683337293419
WDBC__27,Density,density_64,130,0.006531343310808346
WDBC__27,Density,density_128,258,0.006551422222389414
WDBC__27,Density,density_256,514,0.00656875497937251
WDBC__28,Means,means,2,0.08134402508300337
WDBC__28,Five-number,five_number,10,0.07944170616113738
WDBC__28,Observations,raw,569,0.0
WDBC__28,Binned,bins_4,10,0.05296587959828486
WDBC__28,Binned,bins_8,18,0.017642447891074553
WDBC__28,Binned,bins_16,34,0.01689082403768355
WDBC__28,Binned,bins_32,66,0.013672765106635343
WDBC__28,Binned,bins_64,130,0.013842449480060082
WDBC__28,Density,density_8,18,0.023134813387629904
WDBC__28,Density,density_16,34,0.01799657269228927
WDBC__28,Density,density_32,66,0.014759446923043262
WDBC__28,Density,density_64,130,0.01211742587195147
WDBC__28,Density,density_128,258,0.01224257917247018
WDBC__28,Density,density_256,514,0.012234936072187952
WDBC__29,Means,means,2,0.012271895279841863
WDBC__29,Five-number,five_number,10,0.026733554502369666
WDBC__29,Observations,raw,569,0.0
WDBC__29,Binned,bins_4,10,0.010681580021873874
WDBC__29,Binned,bins_8,18,0.005294221260998495
WDBC__29,Binned,bins_16,34,0.0032489515777001793
WDBC__29,Binned,bins_32,66,0.001434692114017519
WDBC__29,Binned,bins_64,130,0.0014260424859550563
WDBC__29,Density,density_8,18,0.008888406607676105
WDBC__29,Density,density_16,34,0.0028844359764819555
WDBC__29,Density,density_32,66,0.0033548299676422616
WDBC__29,Density,density_64,130,0.003470040309955
WDBC__29,Density,density_128,258,0.003495303710881817
WDBC__29,Density,density_256,514,0.003502837639695333
Cleveland__00,Means,means,2,5.040533426917001
Cleveland__00,Five-number,five_number,10,4.208588957055213
Cleveland__00,Observations,raw,303,0.0
Cleveland__00,Binned,bins_4,10,2.3276227696580847
Cleveland__00,Binned,bins_8,18,1.8019429321239855
Cleveland__00,Binned,bins_16,34,1.5014864362690474
Cleveland__00,Binned,bins_32,66,1.2576992753623202
Cleveland__00,Binned,bins_64,130,1.0555555555555571
Cleveland__00,Density,density_8,18,3.409722078175882
Cleveland__00,Density,density_16,34,2.787085826671067
Cleveland__00,Density,density_32,66,2.3092675208290245
Cleveland__00,Density,density_64,130,2.183987211705464
Cleveland__00,Density,density_128,258,2.152017347735189
Cleveland__00,Density,density_256,514,2.145467357610947
Cleveland__01,Means,means,2,9.130930038577844
Cleveland__01,Five-number,five_number,10,7.65217391304347
Cleveland__01,Observations,raw,303,0.0
Cleveland__01,Binned,bins_4,10,7.1596342305037695
Cleveland__01,Binned,bins_8,18,4.816986079328785
Cleveland__01,Binned,bins_16,34,5.882119872488872
Cleveland__01,Binned,bins_32,66,4.619829136690612
Cleveland__01,Binned,bins_64,130,3.40709932054358
Cleveland__01,Density,density_8,18,5.2632417875778685
Cleveland__01,Density,density_16,34,5.080709782761019
Cleveland__01,Density,density_32,66,4.971012852207835
Cleveland__01,Density,density_64,130,4.849374470277169
Cleveland__01,Density,density_128,258,4.845638887401179
Cleveland__01,Density,density_256,514,4.844980173951669
Cleveland__02,Means,means,2,15.269358850141543
Cleveland__02,Five-number,five_number,10,126.35000000000002
Cleveland__02,Observations,raw,303,0.0
Cleveland__02,Binned,bins_4,10,13.792514688220223
Cleveland__02,Binned,bins_8,18,12.508313184519977
Cleveland__02,Binned,bins_16,34,10.513803680981596
Cleveland__02,Binned,bins_32,66,7.1198395961145025
Cleveland__02,Binned,bins_64,130,4.767663043478251
Cleveland__02,Density,density_8,18,21.829637442102182
Cleveland__02,Density,density_16,34,10.415939980672846
Cleveland__02,Density,density_32,66,9.127897892333493
Cleveland__02,Density,density_64,130,9.35282010426036
Cleveland__02,Density,density_128,258,9.164078111844105
Cleveland__02,Density,density_256,514,9.172704627507272
Cleveland__03,Means,means,2,8.868674086617276
Cleveland__03,Five-number,five_number,10,7.043478260869577
Cleveland__03,Observations,raw,303,0.0
Cleveland__03,Binned,bins_4,10,12.550908447380834
Cleveland__03,Binned,bins_8,18,4.714569428526488
Cleveland__03,Binned,bins_16,34,3.472894021739137
Cleveland__03,Binned,bins_32,66,2.4447237318840536
Cleveland__03,Binned,bins_64,130,3.5773389862804805
Cleveland__03,Density,density_8,18,8.673578480641396
Cleveland__03,Density,density_16,34,4.631726419720721
Cleveland__03,Density,density_32,66,4.290534946212034
Cleveland__03,Density,density_64,130,3.9906479451842074
Cleveland__03,Density,density_128,258,3.9380627510671076
Cleveland__03,Density,density_256,514,3.933660021799753
Cleveland__04,Means,means,2,0.987515353570802
Cleveland__04,Five-number,five_number,10,0.3985507246376812
Cleveland__04,Observations,raw,303,0.0
Cleveland__04,Binned,bins_4,10,0.7476990980034458
Cleveland__04,Binned,bins_8,18,0.5015614799582189
Cleveland__04,Binned,bins_16,34,0.3268911945542379
Cleveland__04,Binned,bins_32,66,0.1999447699040089
Cleveland__04,Binned,bins_64,130,0.17334275436793511
Cleveland__04,Density,density_8,18,0.6744029210994786
Cleveland__04,Density,density_16,34,0.440802109489716
Cleveland__04,Density,density_32,66,0.3669063558813914
Cleveland__04,Density,density_64,130,0.3421785556560415
Cleveland__04,Density,density_128,258,0.33594501584368797
Cleveland__04,Density,density_256,514,0.3349466980117832
HeartFailure__00,Means,means,2,6.546625153940894
HeartFailure__00,Five-number,five_number,10,6.1188118811881225
HeartFailure__00,Observations,raw,299,0.0
HeartFailure__00,Binned,bins_4,10,4.564379699248121
HeartFailure__00,Binned,bins_8,18,4.277808704453442
HeartFailure__00,Binned,bins_16,34,2.6154812172393704
HeartFailure__00,Binned,bins_32,66,2.6604817708333286
HeartFailure__00,Binned,bins_64,130,2.7052408854166714
HeartFailure__00,Density,density_8,18,3.931913133831607
HeartFailure__00,Density,density_16,34,3.9600568222881734
HeartFailure__00,Density,density_32,66,3.6920471086182616
HeartFailure__00,Density,density_64,130,3.657035244642138
HeartFailure__00,Density,density_128,258,3.662108159355185
HeartFailure__00,Density,density_256,514,3.6583455303157564
HeartFailure__01,Means,means,2,382.37145224682524
HeartFailure__01,Five-number,five_number,10,1988.0421052631589
HeartFailure__01,Observations,raw,299,0.0
HeartFailure__01,Binned,bins_4,10,909.3697916666579
HeartFailure__01,Binned,bins_8,18,294.9848958333273
HeartFailure__01,Binned,bins_16,34,191.21269448373528
HeartFailure__01,Binned,bins_32,66,274.8420138888912
HeartFailure__01,Binned,bins_64,130,434.73177083333576
HeartFailure__01,Density,density_8,18,413.1309744677269
HeartFailure__01,Density,density_16,34,503.30801079707203
HeartFailure__01,Density,density_32,66,451.1107611866041
HeartFailure__01,Density,density_64,130,425.36398740401023
HeartFailure__01,Density,density_128,258,423.59421851791103
HeartFailure__01,Density,density_256,514,424.319047400091
HeartFailure__02,Means,means,2,6.797259852216747
HeartFailure__02,Five-number,five_number,10,9.400000000000006
HeartFailure__02,Observations,raw,299,0.0
HeartFailure__02,Binned,bins_4,10,7.5356140350877325
HeartFailure__02,Binned,bins_8,18,5.9633223684210535
HeartFailure__02,Binned,bins_16,34,5.536509758897822
HeartFailure__02,Binned,bins_32,66,4.084765624999974
HeartFailure__02,Binned,bins_64,130,4.485091145833309
HeartFailure__02,Density,density_8,18,9.906707679682981
HeartFailure__02,Density,density_16,34,5.703112255746603
HeartFailure__02,Density,density_32,66,5.277427988993928
HeartFailure__02,Density,density_64,130,5.1950264078559485
HeartFailure__02,Density,density_128,258,5.181043354195197
HeartFailure__02,Density,density_256,514,5.173801317603235
HeartFailure__03,Means,means,2,30855.392478232214
HeartFailure__03,Five-number,five_number,10,187250.00000000023
HeartFailure__03,Observations,raw,299,0.0
HeartFailure__03,Binned,bins_4,10,24365.538732394365
HeartFailure__03,Binned,bins_8,18,23788.016194331984
HeartFailure__03,Binned,bins_16,34,27334.5245215311
HeartFailure__03,Binned,bins_32,66,17289.982982673275
HeartFailure__03,Binned,bins_64,130,27110.400390625
HeartFailure__03,Density,density_8,18,34152.83373631671
HeartFailure__03,Density,density_16,34,18021.33849000209
HeartFailure__03,Density,density_32,66,18815.994711237552
HeartFailure__03,Density,density_64,130,18874.782649052446
HeartFailure__03,Density,density_128,258,18883.27638670703
HeartFailure__03,Density,density_256,514,18944.928593350574
HeartFailure__04,Means,means,2,1.2262712367295852
HeartFailure__04,Five-number,five_number,10,1.1242105263157904
HeartFailure__04,Observations,raw,299,0.0
HeartFailure__04,Binned,bins_4,10,0.948558946220091
HeartFailure__04,Binned,bins_8,18,0.280441419141914
HeartFailure__04,Binned,bins_16,34,0.42168749999999733
HeartFailure__04,Binned,bins_32,66,0.3818229166666671
HeartFailure__04,Binned,bins_64,130,0.3737109375000016
HeartFailure__04,Density,density_8,18,2.5758952458453335
HeartFailure__04,Density,density_16,34,0.3696031622999496
HeartFailure__04,Density,density_32,66,0.4245907667582211
HeartFailure__04,Density,density_64,130,0.4634520289909003
HeartFailure__04,Density,density_128,258,0.46948509161497465
HeartFailure__04,Density,density_256,514,0.47179763032448874
HeartFailure__05,Means,means,2,2.841748768472911
HeartFailure__05,Five-number,five_number,10,6.049504950495049
HeartFailure__05,Observations,raw,299,0.0
HeartFailure__05,Binned,bins_4,10,2.9634998513232347
HeartFailure__05,Binned,bins_8,18,1.7250939849624274
HeartFailure__05,Binned,bins_16,34,1.477977839335182
HeartFailure__05,Binned,bins_32,66,1.2298177083333428
HeartFailure__05,Binned,bins_64,130,1.290635313531368
HeartFailure__05,Density,density_8,18,2.691479483546459
HeartFailure__05,Density,density_16,34,1.0010775586376042
HeartFailure__05,Density,density_32,66,0.9598035153332205
HeartFailure__05,Density,density_64,130,0.9525759704510222
HeartFailure__05,Density,density_128,258,0.9547350471386835
HeartFailure__05,Density,density_256,514,0.9548096668993935
CKD__00,Means,means,2,16.974543790559654
CKD__00,Five-number,five_number,10,9.456431535269711
CKD__00,Observations,raw,391,0.0
CKD__00,Binned,bins_4,10,8.060526315789478
CKD__00,Binned,bins_8,18,4.647006520450507
CKD__00,Binned,bins_16,34,3.594398340248965
CKD__00,Binned,bins_32,66,2.834538567493105
CKD__00,Binned,bins_64,130,2.6745006887052263
CKD__00,Density,density_8,18,9.167404374140004
CKD__00,Density,density_16,34,4.510650509896546
CKD__00,Density,density_32,66,4.183720152678063
CKD__00,Density,density_64,130,4.011943173158588
CKD__00,Density,density_128,258,3.965756103993037
CKD__00,Density,density_256,514,3.964494628975924
CKD__01,Means,means,2,11.726351351351354
CKD__01,Five-number,five_number,10,62.0
CKD__01,Observations,raw,388,0.0
CKD__01,Binned,bins_4,10,15.428870292887026
CKD__01,Binned,bins_8,18,9.238829432950538
CKD__01,Binned,bins_16,34,7.3479166666667055
CKD__01,Binned,bins_32,66,6.371643518518482
CKD__01,Binned,bins_64,130,7.586979166666708
CKD__01,Density,density_8,18,13.487949978960884
CKD__01,Density,density_16,34,10.369931661629735
CKD__01,Density,density_32,66,8.246984165572584
CKD__01,Density,density_64,130,7.770498420963065
CKD__01,Density,density_128,258,7.551538317471909
CKD__01,Density,density_256,514,7.491358678844506
CKD__02,Means,means,2,167.4524109014673
CKD__02,Five-number,five_number,10,96.1137440758294
CKD__02,Observations,raw,356,0.0
CKD__02,Binned,bins_4,10,39.715936018957336
CKD__02,Binned,bins_8,18,17.21795437010914
CKD__02,Binned,bins_16,34,13.832092078537585
CKD__02,Binned,bins_32,66,8.87351895734605
CKD__02,Binned,bins_64,130,10.160055746140728
CKD__02,Density,density_8,18,39.304407830711824
CKD__02,Density,density_16,34,29.520340172299342
CKD__02,Density,density_32,66,15.739571966177529
CKD__02,Density,density_64,130,19.285495708166536
CKD__02,Density,density_128,258,20.168772037906578
CKD__02,Density,density_256,514,20.22124923603748
CKD__03,Means,means,2,98.40958157524608
CKD__03,Five-number,five_number,10,149.76271186440687
CKD__03,Observations,raw,381,0.0
CKD__03,Binned,bins_4,10,37.82546874999997
CKD__03,Binned,bins_8,18,19.791760460805136
CKD__03,Binned,bins_16,34,7.821351240440066
CKD__03,Binned,bins_32,66,6.665977524384445
CKD__03,Binned,bins_64,130,6.01986529757329
CKD__03,Density,density_8,18,53.23887086634392
CKD__03,Density,density_16,34,12.54607002549858
CKD__03,Density,density_32,66,10.091001263028007
CKD__03,Density,density_64,130,11.103370158246092
CKD__03,Density,density_128,258,12.125066580502468
CKD__03,Density,density_256,514,12.209196880513701
CKD__04,Means,means,2,8.799049550854818
CKD__04,Five-number,five_number,10,48.184999999999995
CKD__04,Observations,raw,383,0.0
CKD__04,Binned,bins_4,10,12.038076923076916
CKD__04,Binned,bins_8,18,8.087025316455703
CKD__04,Binned,bins_16,34,4.173734177215195
CKD__04,Binned,bins_32,66,2.0205696202531698
CKD__04,Binned,bins_64,130,0.5977531645569627
CKD__04,Density,density_8,18,11.401616039132032
CKD__04,Density,density_16,34,6.758647434021309
CKD__04,Density,density_32,66,1.670386043827154
CKD__04,Density,density_64,130,2.194459497027874
CKD__04,Density,density_128,258,2.188443033888885
CKD__04,Density,density_256,514,2.4238592932363368
CKD__05,Means,means,2,7.170751231527106
CKD__05,Five-number,five_number,10,90.6
CKD__05,Observations,raw,313,0.0
CKD__05,Binned,bins_4,10,8.72622063565177
CKD__05,Binned,bins_8,18,9.517852272727282
CKD__05,Binned,bins_16,34,4.584724572593956
CKD__05,Binned,bins_32,66,2.371639756201887
CKD__05,Binned,bins_64,130,2.3488919526143945
CKD__05,Density,density_8,18,22.565149076387684
CKD__05,Density,density_16,34,7.066875820834639
CKD__05,Density,density_32,66,4.534641628541394
CKD__05,Density,density_64,130,4.300422152022037
CKD__05,Density,density_128,258,4.24385670611116
CKD__05,Density,density_256,514,4.206698045905213
CKD__06,Means,means,2,0.9805120792896962
CKD__06,Five-number,five_number,10,32.3
CKD__06,Observations,raw,312,0.0
CKD__06,Binned,bins_4,10,1.172462577583059
CKD__06,Binned,bins_8,18,1.2362312887915294
CKD__06,Binned,bins_16,34,1.2481685671256448
CKD__06,Binned,bins_32,66,0.5338269788402457
CKD__06,Binned,bins_64,130,0.4315227914764641
CKD__06,Density,density_8,18,1.2053078163623843
CKD__06,Density,density_16,34,0.9973163031576311
CKD__06,Density,density_32,66,1.6207197923801528
CKD__06,Density,density_64,130,1.1384767742025428
CKD__06,Density,density_128,258,1.3314647447387709
CKD__06,Density,density_256,514,1.4135615110331674
CKD__07,Means,means,2,2.1443545751633986
CKD__07,Five-number,five_number,10,2.544827586206896
CKD__07,Observations,raw,348,0.0
CKD__07,Binned,bins_4,10,2.155933952528379
CKD__07,Binned,bins_8,18,0.6938983488132102
CKD__07,Binned,bins_16,34,0.30945432809656914
CKD__07,Binned,bins_32,66,0.1908415300103723
CKD__07,Binned,bins_64,130,0.16059831691297255
CKD__07,Density,density_8,18,1.0685199471414641
CKD__07,Density,density_16,34,0.46111243464209295
CKD__07,Density,density_32,66,0.3527149443280937
CKD__07,Density,density_64,130,0.33759839112132717
CKD__07,Density,density_128,258,0.343383071917728
CKD__07,Density,density_256,514,0.34450367526519976
CKD__08,Means,means,2,5.7542742720263504
CKD__08,Five-number,five_number,10,8.560439560439562
CKD__08,Observations,raw,329,0.0
CKD__08,Binned,bins_4,10,5.360379464285714
CKD__08,Binned,bins_8,18,1.5107314560439598
CKD__08,Binned,bins_16,34,1.3554884155253646
CKD__08,Binned,bins_32,66,1.1944171899529081
CKD__08,Binned,bins_64,130,1.0763056506849225
CKD__08,Density,density_8,18,3.8161882875267708
CKD__08,Density,density_16,34,1.6673460639783428
CKD__08,Density,density_32,66,1.4202963422097028
CKD__08,Density,density_64,130,1.3521907096801407
CKD__08,Density,density_128,258,1.3485616213282832
CKD__08,Density,density_256,514,1.3501569521847223
CKD__09,Means,means,2,3136.0579817533453
CKD__09,Five-number,five_number,10,8089.999999999996
CKD__09,Observations,raw,294,0.0
CKD__09,Binned,bins_4,10,2385.8333333333394
CKD__09,Binned,bins_8,18,917.9473684210534
CKD__09,Binned,bins_16,34,848.3249999999989
CKD__09,Binned,bins_32,66,711.5
CKD__09,Binned,bins_64,130,659.09676232524
CKD__09,Density,density_8,18,1741.7144221379003
CKD__09,Density,density_16,34,733.884361614244
CKD__09,Density,density_32,66,764.6746034968546
CKD__09,Density,density_64,130,751.0495291156603
CKD__09,Density,density_128,258,762.3711591084757
CKD__09,Density,density_256,514,763.2602761493545
CKD__10,Means,means,2,0.4662171162171158
CKD__10,Five-number,five_number,10,2.0999999999999996
CKD__10,Observations,raw,269,0.0
CKD__10,Binned,bins_4,10,0.4556255384615384
CKD__10,Binned,bins_8,18,0.23466517857142843
CKD__10,Binned,bins_16,34,0.17689621212121276
CKD__10,Binned,bins_32,66,0.1681796874999999
CKD__10,Binned,bins_64,130,0.13139451291079762
CKD__10,Density,density_8,18,0.4870975897511882
CKD__10,Density,density_16,34,0.20176315116381005
CKD__10,Density,density_32,66,0.16852157529535017
CKD__10,Density,density_64,130,0.16137599881075904
CKD__10,Density,density_128,258,0.16064932183124192
CKD__10,Density,density_256,514,0.16030042628053387
ILPD__00,Means,means,2,4.9143251957623235
ILPD__00,Five-number,five_number,10,3.612048192771084
ILPD__00,Observations,raw,583,0.0
ILPD__00,Binned,bins_4,10,6.149254652449853
ILPD__00,Binned,bins_8,18,2.7869564870174486
ILPD__00,Binned,bins_16,34,2.841329604130813
ILPD__00,Binned,bins_32,66,2.7670331325301234
ILPD__00,Binned,bins_64,130,1.440323795180717
ILPD__00,Density,density_8,18,7.868386498735497
ILPD__00,Density,density_16,34,4.940089388779896
ILPD__00,Density,density_32,66,4.761166140752621
ILPD__00,Density,density_64,130,4.7051531956948764
ILPD__00,Density,density_128,258,4.663577365718098
ILPD__00,Density,density_256,514,4.6660095211445025
ILPD__01,Means,means,2,13.1530918931368
ILPD__01,Five-number,five_number,10,38.607951807228915
ILPD__01,Observations,raw,583,0.0
ILPD__01,Binned,bins_4,10,15.046184210526313
ILPD__01,Binned,bins_8,18,7.516967179061076
ILPD__01,Binned,bins_16,34,3.2195771279562715
ILPD__01,Binned,bins_32,66,1.3678118779465698
ILPD__01,Binned,bins_64,130,0.5720325788447926
ILPD__01,Density,density_8,18,9.894265197976525
ILPD__01,Density,density_16,34,6.176871965293641
ILPD__01,Density,density_32,66,1.7503153988122069
ILPD__01,Density,density_64,130,1.5410655136191482
ILPD__01,Density,density_128,258,2.063991776877163
ILPD__01,Density,density_256,514,2.2409026268507573
ILPD__02,Means,means,2,6.81284949332105
ILPD__02,Five-number,five_number,10,5.204578313253013
ILPD__02,Observations,raw,583,0.0
ILPD__02,Binned,bins_4,10,4.175748153905948
ILPD__02,Binned,bins_8,18,1.6219857478695285
ILPD__02,Binned,bins_16,34,0.7404063336680048
ILPD__02,Binned,bins_32,66,0.36963872732308556
ILPD__02,Binned,bins_64,130,0.346574519230761
ILPD__02,Density,density_8,18,3.7109544621752306
ILPD__02,Density,density_16,34,1.0843905917635972
ILPD__02,Density,density_32,66,1.1095719952467649
ILPD__02,Density,density_64,130,0.8649733154656368
ILPD__02,Density,density_128,258,0.9229763895781172
ILPD__02,Density,density_256,514,0.9615454224914359
ILPD__03,Means,means,2,301.39727947950263
ILPD__03,Five-number,five_number,10,113.6204819277109
ILPD__03,Observations,raw,583,0.0
ILPD__03,Binned,bins_4,10,222.466320345682
ILPD__03,Binned,bins_8,18,63.15666423974034
ILPD__03,Binned,bins_16,34,53.92930693361683
ILPD__03,Binned,bins_32,66,31.541125962182065
ILPD__03,Binned,bins_64,130,26.76303965863565
ILPD__03,Density,density_8,18,116.19858993013446
ILPD__03,Density,density_16,34,89.95880178869669
ILPD__03,Density,density_32,66,32.1519833040262
ILPD__03,Density,density_64,130,28.748199260841716
ILPD__03,Density,density_128,258,30.258089434367378
ILPD__03,Density,density_256,514,30.21640465342125
ILPD__04,Means,means,2,244.44692538000913
ILPD__04,Five-number,five_number,10,1166.6144578313254
ILPD__04,Observations,raw,583,0.0
ILPD__04,Binned,bins_4,10,295.2023707734162
ILPD__04,Binned,bins_8,18,198.5923694779112
ILPD__04,Binned,bins_16,34,81.34289676126141
ILPD__04,Binned,bins_32,66,23.37925118194299
ILPD__04,Binned,bins_64,130,16.74762801204747
ILPD__04,Density,density_8,18,282.14590413641605
ILPD__04,Density,density_16,34,152.85862510031552
ILPD__04,Density,density_32,66,121.92278481793514
ILPD__04,Density,density_64,130,70.75156489322067
ILPD__04,Density,density_128,258,65.72143559334864
ILPD__04,Density,density_256,514,71.20900095008297
ILPD__05,Means,means,2,361.98910352372184
ILPD__05,Five-number,five_number,10,3269.2499999999995
ILPD__05,Observations,raw,583,0.0
ILPD__05,Binned,bins_4,10,447.6576456310682
ILPD__05,Binned,bins_8,18,432.58200376884434
ILPD__05,Binned,bins_16,34,208.41539013195626
ILPD__05,Binned,bins_32,66,87.1200352017828
ILPD__05,Binned,bins_64,130,37.58880820902715
ILPD__05,Density,density_8,18,384.0797406208695
ILPD__05,Density,density_16,34,195.12001744983007
ILPD__05,Density,density_32,66,204.50611897726128
ILPD__05,Density,density_64,130,103.23561148256414
ILPD__05,Density,density_128,258,92.62367715773905
ILPD__05,Density,density_256,514,109.31908808402224
ILPD__06,Means,means,2,0.2160208429295274
ILPD__06,Five-number,five_number,10,0.7118072289156636
ILPD__06,Observations,raw,583,0.0
ILPD__06,Binned,bins_4,10,0.32277911646586777
ILPD__06,Binned,bins_8,18,0.20254192219641354
ILPD__06,Binned,bins_16,34,0.14536434198331882
ILPD__06,Binned,bins_32,66,0.11676102135816002
ILPD__06,Binned,bins_64,130,0.09576995481927586
ILPD__06,Density,density_8,18,0.316270250335819
ILPD__06,Density,density_16,34,0.23386758732873858
ILPD__06,Density,density_32,66,0.17561601505415236
ILPD__06,Density,density_64,130,0.1802407064399425
ILPD__06,Density,density_128,258,0.17845261245864652
ILPD__06,Density,density_256,514,0.17931227020314644
ILPD__07,Means,means,2,0.21626554583141422
ILPD__07,Five-number,five_number,10,0.555421686746989
ILPD__07,Observations,raw,583,0.0
ILPD__07,Binned,bins_4,10,0.4084939759036139
ILPD__07,Binned,bins_8,18,0.20211746987951784
ILPD__07,Binned,bins_16,34,0.18109818954964263
ILPD__07,Binned,bins_32,66,0.15819578313252958
ILPD__07,Binned,bins_64,130,0.1324829101562499
ILPD__07,Density,density_8,18,0.2548614578374586
ILPD__07,Density,density_16,34,0.17790320862603792
ILPD__07,Density,density_32,66,0.1550172580225464
ILPD__07,Density,density_64,130,0.15452097595457026
ILPD__07,Density,density_128,258,0.1539831493497239
ILPD__07,Density,density_256,514,0.15392306930852673
ILPD__08,Means,means,2,0.11539701361440491
ILPD__08,Five-number,five_number,10,0.7869249394673123
ILPD__08,Observations,raw,579,0.0
ILPD__08,Binned,bins_4,10,0.16400601793478453
ILPD__08,Binned,bins_8,18,0.13646554467438654
ILPD__08,Binned,bins_16,34,0.12487702274859336
ILPD__08,Binned,bins_32,66,0.1030539525261327
ILPD__08,Binned,bins_64,130,0.0737892316017309
ILPD__08,Density,density_8,18,0.22991513324669266
ILPD__08,Density,density_16,34,0.12471497909125451
ILPD__08,Density,density_32,66,0.11278926972192038
ILPD__08,Density,density_64,130,0.11029069393773805
ILPD__08,Density,density_128,258,0.10997589509137062
ILPD__08,Density,density_256,514,0.109762555101522
Parkinsons__00,Means,means,2,35.30020199275363
Parkinsons__00,Five-number,five_number,10,21.50104347826087
Parkinsons__00,Observations,raw,32,0.0
Parkinsons__00,Binned,bins_4,10,44.56912499999996
Parkinsons__00,Binned,bins_8,18,44.56912499999996
Parkinsons__00,Binned,bins_16,34,39.028406249999975
Parkinsons__00,Binned,bins_32,66,43.64567187499996
Parkinsons__00,Binned,bins_64,130,43.64567187499996
Parkinsons__00,Density,density_8,18,33.20191351526767
Parkinsons__00,Density,density_16,34,33.46860889835588
Parkinsons__00,Density,density_32,66,32.23638596497946
Parkinsons__00,Density,density_64,130,32.152460702998724
Parkinsons__00,Density,density_128,258,32.15374548555732
Parkinsons__00,Density,density_256,514,32.14906046558917
Parkinsons__01,Means,means,2,42.92535869565222
Parkinsons__01,Five-number,five_number,10,151.13264999999998
Parkinsons__01,Observations,raw,32,0.0
Parkinsons__01,Binned,bins_4,10,30.26873392210146
Parkinsons__01,Binned,bins_8,18,31.141899999999936
Parkinsons__01,Binned,bins_16,34,33.930520833333276
Parkinsons__01,Binned,bins_32,66,42.644960937499945
Parkinsons__01,Binned,bins_64,130,40.90207291666661
Parkinsons__01,Density,density_8,18,38.720650411504124
Parkinsons__01,Density,density_16,34,26.33434745451325
Parkinsons__01,Density,density_32,66,24.32979264932706
Parkinsons__01,Density,density_64,130,23.940045578358024
Parkinsons__01,Density,density_128,258,23.78168245319057
Parkinsons__01,Density,density_256,514,23.741016832816797
Parkinsons__02,Means,means,2,41.59172916666667
Parkinsons__02,Five-number,five_number,10,18.460478260869564
Parkinsons__02,Observations,raw,32,0.0
Parkinsons__02,Binned,bins_4,10,15.38018750000002
Parkinsons__02,Binned,bins_8,18,15.380187500000005
Parkinsons__02,Binned,bins_16,34,22.212046875
Parkinsons__02,Binned,bins_32,66,21.343281249999976
Parkinsons__02,Binned,bins_64,130,20.504343750000004
Parkinsons__02,Density,density_8,18,34.21421930485707
Parkinsons__02,Density,density_16,34,30.554573820440282
Parkinsons__02,Density,density_32,66,30.798940172804834
Parkinsons__02,Density,density_64,130,31.595592243915434
Parkinsons__02,Density,density_128,258,31.445809308010325
Parkinsons__02,Density,density_256,514,31.476706802560443
Parkinsons__03,Means,means,2,0.007640624999999989
Parkinsons__03,Five-number,five_number,10,0.003616956521739132
Parkinsons__03,Observations,raw,32,0.0
Parkinsons__03,Binned,bins_4,10,0.0035167499999999886
Parkinsons__03,Binned,bins_8,18,0.0037412500000000085
Parkinsons__03,Binned,bins_16,34,0.0050233333333333414
Parkinsons__03,Binned,bins_32,66,0.005664375000000008
Parkinsons__03,Binned,bins_64,130,0.005504114583333341
Parkinsons__03,Density,density_8,18,0.001683556600688224
Parkinsons__03,Density,density_16,34,0.0018567416291843247
Parkinsons__03,Density,density_32,66,0.0021391132699848884
Parkinsons__03,Density,density_64,130,0.002160931059706035
Parkinsons__03,Density,density_128,258,0.002178833177474043
Parkinsons__03,Density,density_256,514,0.0021825683257300065
Parkinsons__04,Means,means,2,2.897916666666667e-05
Parkinsons__04,Five-number,five_number,10,3.174999999999999e-05
Parkinsons__04,Observations,raw,32,0.0
Parkinsons__04,Binned,bins_4,10,1.5128105590062113e-05
Parkinsons__04,Binned,bins_8,18,1.0754227053140096e-05
Parkinsons__04,Binned,bins_16,34,7.43863224637681e-06
Parkinsons__04,Binned,bins_32,66,1.2148437500000013e-05
Parkinsons__04,Binned,bins_64,130,1.1167968750000008e-05
Parkinsons__04,Density,density_8,18,1.232647826023511e-05
Parkinsons__04,Density,density_16,34,1.1538198039443324e-05
Parkinsons__04,Density,density_32,66,1.1598330497944709e-05
Parkinsons__04,Density,density_64,130,1.120230435683496e-05
Parkinsons__04,Density,density_128,258,1.1116722857976255e-05
Parkinsons__04,Density,density_256,514,1.1097255623590731e-05
Parkinsons__05,Means,means,2,0.0044462916666666566
Parkinsons__05,Five-number,five_number,10,0.003073043478260872
Parkinsons__05,Observations,raw,32,0.0
Parkinsons__05,Binned,bins_4,10,0.0018359999999999913
Parkinsons__05,Binned,bins_8,18,0.0030608333333333377
Parkinsons__05,Binned,bins_16,34,0.003845416666666671
Parkinsons__05,Binned,bins_32,66,0.003943489583333338
Parkinsons__05,Binned,bins_64,130,0.0039925260416666716
Parkinsons__05,Density,density_8,18,0.001491070777066529
Parkinsons__05,Density,density_16,34,0.0017527729520880738
Parkinsons__05,Density,density_32,66,0.0018182326007281746
Parkinsons__05,Density,density_64,130,0.0018825029180821475
Parkinsons__05,Density,density_128,258,0.0018894269728856688
Parkinsons__05,Density,density_256,514,0.0018937008113098976
Parkinsons__06,Means,means,2,0.004380249999999997
Parkinsons__06,Five-number,five_number,10,0.0013702173913043474
Parkinsons__06,Observations,raw,32,0.0
Parkinsons__06,Binned,bins_4,10,0.001940749999999998
Parkinsons__06,Binned,bins_8,18,0.0008266666666666678
Parkinsons__06,Binned,bins_16,34,0.0009062500000000017
Parkinsons__06,Binned,bins_32,66,0.001287916666666669
Parkinsons__06,Binned,bins_64,130,0.0013356250000000017
Parkinsons__06,Density,density_8,18,0.0007529691898466848
Parkinsons__06,Density,density_16,34,0.0005827009351245336
Parkinsons__06,Density,density_32,66,0.0006656403707008152
Parkinsons__06,Density,density_64,130,0.0007658380368852774
Parkinsons__06,Density,density_128,258,0.0007777026970386811
Parkinsons__06,Density,density_256,514,0.0007830421732693832
Parkinsons__07,Means,means,2,0.013327874999999975
Parkinsons__07,Five-number,five_number,10,0.009228478260869572
Parkinsons__07,Observations,raw,32,0.0
Parkinsons__07,Binned,bins_4,10,0.005499249999999975
Parkinsons__07,Binned,bins_8,18,0.009187916666666686
Parkinsons__07,Binned,bins_16,34,0.011541250000000019
Parkinsons__07,Binned,bins_32,66,0.011835416666666687
Parkinsons__07,Binned,bins_64,130,0.01198250000000002
Parkinsons__07,Density,density_8,18,0.004470739794031077
Parkinsons__07,Density,density_16,34,0.005260823435866788
Parkinsons__07,Density,density_32,66,0.005455584969019158
Parkinsons__07,Density,density_64,130,0.0056500397279553565
Parkinsons__07,Density,density_128,258,0.005671182824216801
Parkinsons__07,Density,density_256,514,0.0056837196669912195
Parkinsons__08,Means,means,2,0.02546449999999998
Parkinsons__08,Five-number,five_number,10,0.0070323913043478375
Parkinsons__08,Observations,raw,32,0.0
Parkinsons__08,Binned,bins_4,10,0.00392439440993789
Parkinsons__08,Binned,bins_8,18,0.007845069444444464
Parkinsons__08,Binned,bins_16,34,0.00869416666666669
Parkinsons__08,Binned,bins_32,66,0.007420520833333354
Parkinsons__08,Binned,bins_64,130,0.007738932291666688
Parkinsons__08,Density,density_8,18,0.010151525287623224
Parkinsons__08,Density,density_16,34,0.002693018668103321
Parkinsons__08,Density,density_32,66,0.0036200563641800992
Parkinsons__08,Density,density_64,130,0.004147819794657406
Parkinsons__08,Density,density_128,258,0.004272258154099401
Parkinsons__08,Density,density_256,514,0.00430750168204367
Parkinsons__09,Means,means,2,0.2323249999999999
Parkinsons__09,Five-number,five_number,10,0.15254347826086967
Parkinsons__09,Observations,raw,32,0.0
Parkinsons__09,Binned,bins_4,10,0.0584239130434783
Parkinsons__09,Binned,bins_8,18,0.04593840579710151
Parkinsons__09,Binned,bins_16,34,0.05820833333333336
Parkinsons__09,Binned,bins_32,66,0.0657916666666668
Parkinsons__09,Binned,bins_64,130,0.06958333333333344
Parkinsons__09,Density,density_8,18,0.07308181380610716
Parkinsons__09,Density,density_16,34,0.035137923011768726
Parkinsons__09,Density,density_32,66,0.04513140950195299
Parkinsons__09,Density,density_64,130,0.04933899629203986
Parkinsons__09,Density,density_128,258,0.05077359928904995
Parkinsons__09,Density,density_256,514,0.05085317473557949
Parkinsons__10,Means,means,2,0.013143208333333333
Parkinsons__10,Five-number,five_number,10,0.0019119565217391374
Parkinsons__10,Observations,raw,32,0.0
Parkinsons__10,Binned,bins_4,10,0.005321749999999997
Parkinsons__10,Binned,bins_8,18,0.0023287499999999975
Parkinsons__10,Binned,bins_16,34,0.003692083333333339
Parkinsons__10,Binned,bins_32,66,0.004003854166666671
Parkinsons__10,Binned,bins_64,130,0.004159739583333346
Parkinsons__10,Density,density_8,18,0.005519379492924543
Parkinsons__10,Density,density_16,34,0.001995928091302439
Parkinsons__10,Density,density_32,66,0.0016786596516789182
Parkinsons__10,Density,density_64,130,0.0016829309538381344
Parkinsons__10,Density,density_128,258,0.0017376057920191982
Parkinsons__10,Density,density_256,514,0.0017577050742227716
Parkinsons__11,Means,means,2,0.016667833333333337
Parkinsons__11,Five-number,five_number,10,0.0034904347826086868
Parkinsons__11,Observations,raw,32,0.0
Parkinsons__11,Binned,bins_4,10,0.00267160326086956
Parkinsons__11,Binned,bins_8,18,0.0031715625000000025
Parkinsons__11,Binned,bins_16,34,0.0031715625000000025
Parkinsons__11,Binned,bins_32,66,0.004401093750000001
Parkinsons__11,Binned,bins_64,130,0.004401093750000001
Parkinsons__11,Density,density_8,18,0.006428881007473799
Parkinsons__11,Density,density_16,34,0.0027479598345797433
Parkinsons__11,Density,density_32,66,0.002749886835612586
Parkinsons__11,Density,density_64,130,0.002942874989977832
Parkinsons__11,Density,density_128,258,0.002986983530047952
Parkinsons__11,Density,density_256,514,0.00300356538406908
Parkinsons__12,Means,means,2,0.02339749999999998
Parkinsons__12,Five-number,five_number,10,0.013014782608695655
Parkinsons__12,Observations,raw,32,0.0
Parkinsons__12,Binned,bins_4,10,0.005000652173913045
Parkinsons__12,Binned,bins_8,18,0.004842083333333344
Parkinsons__12,Binned,bins_16,34,0.007779166666666684
Parkinsons__12,Binned,bins_32,66,0.009247708333333347
Parkinsons__12,Binned,bins_64,130,0.010086875000000016
Parkinsons__12,Density,density_8,18,0.004934506456080113
Parkinsons__12,Density,density_16,34,0.0036759437951078226
Parkinsons__12,Density,density_32,66,0.004801793061899425
Parkinsons__12,Density,density_64,130,0.0053665942412781005
Parkinsons__12,Density,density_128,258,0.005545086334586762
Parkinsons__12,Density,density_256,514,0.0055804245241951565
Parkinsons__13,Means,means,2,0.0394252083333333
Parkinsons__13,Five-number,five_number,10,0.005754130434782609
Parkinsons__13,Observations,raw,32,0.0
Parkinsons__13,Binned,bins_4,10,0.01595874999999996
Parkinsons__13,Binned,bins_8,18,0.006979749999999979
Parkinsons__13,Binned,bins_16,34,0.011090416666666679
Parkinsons__13,Binned,bins_32,66,0.01202572916666668
Parkinsons__13,Binned,bins_64,130,0.012493385416666676
Parkinsons__13,Density,density_8,18,0.016544618529105666
Parkinsons__13,Density,density_16,34,0.005985469228095737
Parkinsons__13,Density,density_32,66,0.0050269519200183965
Parkinsons__13,Density,density_64,130,0.005039110178111851
Parkinsons__13,Density,density_128,258,0.005206070835490532
Parkinsons__13,Density,density_256,514,0.005266894082905876
Parkinsons__14,Means,means,2,0.02938137499999998
Parkinsons__14,Five-number,five_number,10,0.04514760869565222
Parkinsons__14,Observations,raw,32,0.0
Parkinsons__14,Binned,bins_4,10,0.018138511904761925
Parkinsons__14,Binned,bins_8,18,0.018479062500000008
Parkinsons__14,Binned,bins_16,34,0.0184790625
Parkinsons__14,Binned,bins_32,66,0.02290609375
Parkinsons__14,Binned,bins_64,130,0.022906093750000005
Parkinsons__14,Density,density_8,18,0.020611676537404047
Parkinsons__14,Density,density_16,34,0.0044098521773745306
Parkinsons__14,Density,density_32,66,0.0058741603364752225
Parkinsons__14,Density,density_64,130,0.00533451543642903
Parkinsons__14,Density,density_128,258,0.00557000917860514
Parkinsons__14,Density,density_256,514,0.0055533040716725865
Parkinsons__15,Means,means,2,2.9344420289855044
Parkinsons__15,Five-number,five_number,10,2.1736521739130445
Parkinsons__15,Observations,raw,32,0.0
Parkinsons__15,Binned,bins_4,10,3.4880326086956526
Parkinsons__15,Binned,bins_8,18,1.8850149456521734
Parkinsons__15,Binned,bins_16,34,3.274874999999998
Parkinsons__15,Binned,bins_32,66,3.8679062499999937
Parkinsons__15,Binned,bins_64,130,3.8679062499999937
Parkinsons__15,Density,density_8,18,2.831629137778984
Parkinsons__15,Density,density_16,34,2.2262873213019105
Parkinsons__15,Density,density_32,66,2.148347662576331
Parkinsons__15,Density,density_64,130,2.0916684290657273
Parkinsons__15,Density,density_128,258,2.0845797722131216
Parkinsons__15,Density,density_256,514,2.0826874952347474
Parkinsons__16,Means,means,2,0.0704567797619049
Parkinsons__16,Five-number,five_number,10,0.021206989130434728
Parkinsons__16,Observations,raw,32,0.0
Parkinsons__16,Binned,bins_4,10,0.05448758500000006
Parkinsons__16,Binned,bins_8,18,0.04622246250000006
Parkinsons__16,Binned,bins_16,34,0.039001250000000154
Parkinsons__16,Binned,bins_32,66,0.04898306250000006
Parkinsons__16,Binned,bins_64,130,0.050216187500000065
Parkinsons__16,Density,density_8,18,0.053784734748934915
Parkinsons__16,Density,density_16,34,0.048520765104520136
Parkinsons__16,Density,density_32,66,0.04544623161199024
Parkinsons__16,Density,density_64,130,0.04464795707260638
Parkinsons__16,Density,density_128,258,0.04445794727825414
Parkinsons__16,Density,density_256,514,0.04441065590646459
Parkinsons__17,Means,means,2,0.02747410326086941
Parkinsons__17,Five-number,five_number,10,0.021162630434782614
Parkinsons__17,Observations,raw,32,0.0
Parkinsons__17,Binned,bins_4,10,0.024172357142857148
Parkinsons__17,Binned,bins_8,18,0.019053154347826062
Parkinsons__17,Binned,bins_16,34,0.033366812499999954
Parkinsons__17,Binned,bins_32,66,0.03530699999999998
Parkinsons__17,Binned,bins_64,130,0.03530699999999998
Parkinsons__17,Density,density_8,18,0.03080134036335569
Parkinsons__17,Density,density_16,34,0.024551204571913954
Parkinsons__17,Density,density_32,66,0.02477899122201277
Parkinsons__17,Density,density_64,130,0.02499152428118745
Parkinsons__17,Density,density_128,258,0.024917868817808664
Parkinsons__17,Density,density_256,514,0.02494738905204208
Parkinsons__18,Means,means,2,0.5969473541666646
Parkinsons__18,Five-number,five_number,10,0.546425717391303
Parkinsons__18,Observations,raw,32,0.0
Parkinsons__18,Binned,bins_4,10,0.4914581141304364
Parkinsons__18,Binned,bins_8,18,0.46174921195652185
Parkinsons__18,Binned,bins_16,34,0.37191930570652154
Parkinsons__18,Binned,bins_32,66,0.27232527921195704
Parkinsons__18,Binned,bins_64,130,0.2995220078125005
Parkinsons__18,Density,density_8,18,0.2791542109205851
Parkinsons__18,Density,density_16,34,0.2750238476562714
Parkinsons__18,Density,density_32,66,0.24233437057605922
Parkinsons__18,Density,density_64,130,0.24235664484590647
Parkinsons__18,Density,density_128,258,0.24190014490589817
Parkinsons__18,Density,density_256,514,0.2416384138262213
Parkinsons__19,Means,means,2,0.0379418786231884
Parkinsons__19,Five-number,five_number,10,0.023951175000000005
Parkinsons__19,Observations,raw,32,0.0
Parkinsons__19,Binned,bins_4,10,0.03275073214285712
Parkinsons__19,Binned,bins_8,18,0.035432312499999924
Parkinsons__19,Binned,bins_16,34,0.05379587499999994
Parkinsons__19,Binned,bins_32,66,0.05379587499999994
Parkinsons__19,Binned,bins_64,130,0.04920498437499998
Parkinsons__19,Density,density_8,18,0.03299401838661911
Parkinsons__19,Density,density_16,34,0.0341063819390231
Parkinsons__19,Density,density_32,66,0.031278483277637076
Parkinsons__19,Density,density_64,130,0.030818412855041888
Parkinsons__19,Density,density_128,258,0.030641821365981203
Parkinsons__19,Density,density_256,514,0.030615798099677155
Parkinsons__20,Means,means,2,0.25211546249999994
Parkinsons__20,Five-number,five_number,10,0.1406740869565215
Parkinsons__20,Observations,raw,32,0.0
Parkinsons__20,Binned,bins_4,10,0.16350327500000006
Parkinsons__20,Binned,bins_8,18,0.20095642499999933
Parkinsons__20,Binned,bins_16,34,0.14653368749999984
Parkinsons__20,Binned,bins_32,66,0.14895958333333192
Parkinsons__20,Binned,bins_64,130,0.16456506249999858
Parkinsons__20,Density,density_8,18,0.25867734530571473
Parkinsons__20,Density,density_16,34,0.151189288149578
Parkinsons__20,Density,density_32,66,0.15527521640353692
Parkinsons__20,Density,density_64,130,0.1573035315384259
Parkinsons__20,Density,density_128,258,0.1568525071570943
Parkinsons__20,Density,density_256,514,0.1567699263445952
Parkinsons__21,Means,means,2,0.0750795018115942
Parkinsons__21,Five-number,five_number,10,0.026268824999999968
Parkinsons__21,Observations,raw,32,0.0
Parkinsons__21,Binned,bins_4,10,0.04115320652173912
Parkinsons__21,Binned,bins_8,18,0.028027065217391303
Parkinsons__21,Binned,bins_16,34,0.03661640624999998
Parkinsons__21,Binned,bins_32,66,0.031260914062500006
Parkinsons__21,Binned,bins_64,130,0.03403896484375002
Parkinsons__21,Density,density_8,18,0.04245140058981106
Parkinsons__21,Density,density_16,34,0.024256864422157687
Parkinsons__21,Density,density_32,66,0.022662694273635486
Parkinsons__21,Density,density_64,130,0.022757595719960694
Parkinsons__21,Density,density_128,258,0.022546336182889593
Parkinsons__21,Density,density_256,514,0.022549230068329595
Retinopathy__00,Means,means,2,12.513920514112378
Retinopathy__00,Five-number,five_number,10,19.543599257885006
Retinopathy__00,Observations,raw,1151,0.0
Retinopathy__00,Binned,bins_4,10,8.394604941850034
Retinopathy__00,Binned,bins_8,18,4.19278102223349
Retinopathy__00,Binned,bins_16,34,2.972400102459048
Retinopathy__00,Binned,bins_32,66,2.9184757714561442
Retinopathy__00,Binned,bins_64,130,1.8575574661439624
Retinopathy__00,Density,density_8,18,12.973401482934577
Retinopathy__00,Density,density_16,34,4.200106810434885
Retinopathy__00,Density,density_32,66,3.2558179784885297
Retinopathy__00,Density,density_64,130,3.061016009017006
Retinopathy__00,Density,density_128,258,2.98578733853018
Retinopathy__00,Density,density_256,514,2.976386608535563
Retinopathy__01,Means,means,2,9.140616475722855
Retinopathy__01,Five-number,five_number,10,9.409836065573785
Retinopathy__01,Observations,raw,1151,0.0
Retinopathy__01,Binned,bins_4,10,6.528177981237942
Retinopathy__01,Binned,bins_8,18,4.296269258132067
Retinopathy__01,Binned,bins_16,34,2.2223466673936443
Retinopathy__01,Binned,bins_32,66,1.6736588521676694
Retinopathy__01,Binned,bins_64,130,1.5561357187894131
Retinopathy__01,Density,density_8,18,10.485083607773868
Retinopathy__01,Density,density_16,34,4.0475681009213424
Retinopathy__01,Density,density_32,66,3.4406086761349997
Retinopathy__01,Density,density_64,130,3.228878587879244
Retinopathy__01,Density,density_128,258,3.161074071192715
Retinopathy__01,Density,density_256,514,3.148843898882145
Retinopathy__02,Means,means,2,7.720212765957445
Retinopathy__02,Five-number,five_number,10,8.747540983606541
Retinopathy__02,Observations,raw,1151,0.0
Retinopathy__02,Binned,bins_4,10,6.2825801471639835
Retinopathy__02,Binned,bins_8,18,3.8098772313803053
Retinopathy__02,Binned,bins_16,34,2.6396456804065593
Retinopathy__02,Binned,bins_32,66,1.8090696505875066
Retinopathy__02,Binned,bins_64,130,1.7207730951081643
Retinopathy__02,Density,density_8,18,9.09266553445664
Retinopathy__02,Density,density_16,34,4.011769219956136
Retinopathy__02,Density,density_32,66,3.0178124939737287
Retinopathy__02,Density,density_64,130,2.7952341388555553
Retinopathy__02,Density,density_128,258,2.7303244124672297
Retinopathy__02,Density,density_256,514,2.713858875073825
Retinopathy__03,Means,means,2,6.353076316906101
Retinopathy__03,Five-number,five_number,10,3.849721706864564
Retinopathy__03,Observations,raw,1151,0.0
Retinopathy__03,Binned,bins_4,10,5.038108744771883
Retinopathy__03,Binned,bins_8,18,3.1174002640265783
Retinopathy__03,Binned,bins_16,34,2.1001781665046977
Retinopathy__03,Binned,bins_32,66,1.7473620129870184
Retinopathy__03,Binned,bins_64,130,1.475976374156204
Retinopathy__03,Density,density_8,18,6.6288150313077505
Retinopathy__03,Density,density_16,34,3.0422655775780925
Retinopathy__03,Density,density_32,66,2.520173762250643
Retinopathy__03,Density,density_64,130,2.4058275902177115
Retinopathy__03,Density,density_128,258,2.3701724317669175
Retinopathy__03,Density,density_256,514,2.365550348598134
Retinopathy__04,Means,means,2,4.684133478814331
Retinopathy__04,Five-number,five_number,10,3.4672131147541023
Retinopathy__04,Observations,raw,1151,0.0
Retinopathy__04,Binned,bins_4,10,4.467102993910444
Retinopathy__04,Binned,bins_8,18,2.779079731743664
Retinopathy__04,Binned,bins_16,34,1.5910022354694462
Retinopathy__04,Binned,bins_32,66,1.747317436661696
Retinopathy__04,Binned,bins_64,130,1.6592651046432607
Retinopathy__04,Density,density_8,18,6.528306452931808
Retinopathy__04,Density,density_16,34,3.2643235768766026
Retinopathy__04,Density,density_32,66,2.3855971375406497
Retinopathy__04,Density,density_64,130,2.2693556670663355
Retinopathy__04,Density,density_128,258,2.2554614430697555
Retinopathy__04,Density,density_256,514,2.2513365285809925
Retinopathy__05,Means,means,2,4.132518033581864
Retinopathy__05,Five-number,five_number,10,5.268852459016401
Retinopathy__05,Observations,raw,1151,0.0
Retinopathy__05,Binned,bins_4,10,4.7943776720174185
Retinopathy__05,Binned,bins_8,18,2.1568807339449556
Retinopathy__05,Binned,bins_16,34,1.9501020408163257
Retinopathy__05,Binned,bins_32,66,1.9588472751738024
Retinopathy__05,Binned,bins_64,130,1.419629346063772
Retinopathy__05,Density,density_8,18,4.987672864020695
Retinopathy__05,Density,density_16,34,2.4903180827849027
Retinopathy__05,Density,density_32,66,2.0328839049660132
Retinopathy__05,Density,density_64,130,1.9954364651769865
Retinopathy__05,Density,density_128,258,1.9758112702461617
Retinopathy__05,Density,density_256,514,1.9671341299835632
Retinopathy__06,Means,means,2,44.621784410914586
Retinopathy__06,Five-number,five_number,10,101.20050503606552
Retinopathy__06,Observations,raw,1151,0.0
Retinopathy__06,Binned,bins_4,10,30.155552916571338
Retinopathy__06,Binned,bins_8,18,8.006108366185344
Retinopathy__06,Binned,bins_16,34,6.2228827360872
Retinopathy__06,Binned,bins_32,66,6.5285446753643726
Retinopathy__06,Binned,bins_64,130,4.866744176794043
Retinopathy__06,Density,density_8,18,21.68550993243015
Retinopathy__06,Density,density_16,34,7.454921914866063
Retinopathy__06,Density,density_32,66,7.981016515674922
Retinopathy__06,Density,density_64,130,6.329392775104935
Retinopathy__06,Density,density_128,258,6.055719019993854
Retinopathy__06,Density,density_256,514,6.086648980546785
Retinopathy__07,Means,means,2,15.798349299226249
Retinopathy__07,Five-number,five_number,10,12.68561999628951
Retinopathy__07,Observations,raw,1151,0.0
Retinopathy__07,Binned,bins_4,10,11.187504437684467
Retinopathy__07,Binned,bins_8,18,8.984862662151563
Retinopathy__07,Binned,bins_16,34,7.495040866861373
Retinopathy__07,Binned,bins_32,66,4.011064395147756
Retinopathy__07,Binned,bins_64,130,4.215920730737544
Retinopathy__07,Density,density_8,18,10.946219692062918
Retinopathy__07,Density,density_16,34,6.848629716483792
Retinopathy__07,Density,density_32,66,5.7158676384046885
Retinopathy__07,Density,density_64,130,5.109142976100848
Retinopathy__07,Density,density_128,258,4.956790607575449
Retinopathy__07,Density,density_256,514,4.941423363645988
Retinopathy__08,Means,means,2,8.017589249551461
Retinopathy__08,Five-number,five_number,10,20.818450950000038
Retinopathy__08,Observations,raw,1151,0.0
Retinopathy__08,Binned,bins_4,10,3.9378642478972203
Retinopathy__08,Binned,bins_8,18,1.9610412639315378
Retinopathy__08,Binned,bins_16,34,0.9783699132661514
Retinopathy__08,Binned,bins_32,66,1.5105860174635914
Retinopathy__08,Binned,bins_64,130,0.943779633136959
Retinopathy__08,Density,density_8,18,3.0962227151470856
Retinopathy__08,Density,density_16,34,2.0836869554631825
Retinopathy__08,Density,density_32,66,1.364957555832362
Retinopathy__08,Density,density_64,130,1.1150458216654968
Retinopathy__08,Density,density_128,258,1.097240032685157
Retinopathy__08,Density,density_256,514,1.0964131686523544
Retinopathy__09,Means,means,2,2.498252609688052
Retinopathy__09,Five-number,five_number,10,18.251297855737697
Retinopathy__09,Observations,raw,1151,0.0
Retinopathy__09,Binned,bins_4,10,2.9643185264688823
Retinopathy__09,Binned,bins_8,18,2.770254032067978
Retinopathy__09,Binned,bins_16,34,1.04581666925254
Retinopathy__09,Binned,bins_32,66,0.6334241956651976
Retinopathy__09,Binned,bins_64,130,0.4726484827676325
Retinopathy__09,Density,density_8,18,2.9080246854386953
Retinopathy__09,Density,density_16,34,1.0237387470011168
Retinopathy__09,Density,density_32,66,0.7306521570120879
Retinopathy__09,Density,density_64,130,0.5920093052537094
Retinopathy__09,Density,density_128,258,0.6027924333603298
Retinopathy__09,Density,density_256,514,0.6266310887486345
Retinopathy__10,Means,means,2,2.596062257901488
Retinopathy__10,Five-number,five_number,10,32.62994584999999
Retinopathy__10,Observations,raw,1151,0.0
Retinopathy__10,Binned,bins_4,10,3.142056235559907
Retinopathy__10,Binned,bins_8,18,3.1194492583441162
Retinopathy__10,Binned,bins_16,34,2.3003089857158567
Retinopathy__10,Binned,bins_32,66,1.1762944326591722
Retinopathy__10,Binned,bins_64,130,0.5182849328787322
Retinopathy__10,Density,density_8,18,1.2135259882743177
Retinopathy__10,Density,density_16,34,2.958559041095415
Retinopathy__10,Density,density_32,66,0.8432195033299861
Retinopathy__10,Density,density_64,130,0.8079673964247307
Retinopathy__10,Density,density_128,258,0.9762932853362428
Retinopathy__10,Density,density_256,514,1.068612564184147
Retinopathy__11,Means,means,2,1.3028633403588532
Retinopathy__11,Five-number,five_number,10,13.244553499999999
Retinopathy__11,Observations,raw,1151,0.0
Retinopathy__11,Binned,bins_4,10,1.5521206476951832
Retinopathy__11,Binned,bins_8,18,1.5343370116935482
Retinopathy__11,Binned,bins_16,34,1.0377322178493755
Retinopathy__11,Binned,bins_32,66,0.5009289023218677
Retinopathy__11,Binned,bins_64,130,0.2591241689976407
Retinopathy__11,Density,density_8,18,1.3105914585319303
Retinopathy__11,Density,density_16,34,1.4766650425345813
Retinopathy__11,Density,density_32,66,0.36797105608437675
Retinopathy__11,Density,density_64,130,0.5808001278520509
Retinopathy__11,Density,density_128,258,0.5107671174444012
Retinopathy__11,Density,density_256,514,0.4913409440616166
Retinopathy__12,Means,means,2,0.7761635096653938
Retinopathy__12,Five-number,five_number,10,3.4382029475409843
Retinopathy__12,Observations,raw,1151,0.0
Retinopathy__12,Binned,bins_4,10,0.8833641105008417
Retinopathy__12,Binned,bins_8,18,0.6789103451331974
Retinopathy__12,Binned,bins_16,34,0.35060151902427106
Retinopathy__12,Binned,bins_32,66,0.2136848366500701
Retinopathy__12,Binned,bins_64,130,0.12396021086531445
Retinopathy__12,Density,density_8,18,0.6491647691869864
Retinopathy__12,Density,density_16,34,0.6759777773170905
Retinopathy__12,Density,density_32,66,0.4625369159584938
Retinopathy__12,Density,density_64,130,0.26860564197360254
Retinopathy__12,Density,density_128,258,0.20336722445861677
Retinopathy__12,Density,density_256,514,0.19410137437082703
Retinopathy__13,Means,means,2,0.29880760961993086
Retinopathy__13,Five-number,five_number,10,1.9602826999999996
Retinopathy__13,Observations,raw,1151,0.0
Retinopathy__13,Binned,bins_4,10,0.3489242629791667
Retinopathy__13,Binned,bins_8,18,0.3434375506669535
Retinopathy__13,Binned,bins_16,34,0.19932632254857335
Retinopathy__13,Binned,bins_32,66,0.0821203822615707
Retinopathy__13,Binned,bins_64,130,0.04797291232732534
Retinopathy__13,Density,density_8,18,0.2938855451696928
Retinopathy__13,Density,density_16,34,0.24918644874151055
Retinopathy__13,Density,density_32,66,0.19513506586537116
Retinopathy__13,Density,density_64,130,0.15057714505267433
Retinopathy__13,Density,density_128,258,0.1190013611884955
Retinopathy__13,Density,density_256,514,0.09204936237040626
Retinopathy__14,Means,means,2,0.00652002302429644
Retinopathy__14,Five-number,five_number,10,0.04011600000000004
Retinopathy__14,Observations,raw,1151,0.0
Retinopathy__14,Binned,bins_4,10,0.005500344751744435
Retinopathy__14,Binned,bins_8,18,0.005272982513661262
Retinopathy__14,Binned,bins_16,34,0.003279875924947051
Retinopathy__14,Binned,bins_32,66,0.002438478456439297
Retinopathy__14,Binned,bins_64,130,0.001746344571635472
Retinopathy__14,Density,density_8,18,0.006144804803129955
Retinopathy__14,Density,density_16,34,0.00502827230465297
Retinopathy__14,Density,density_32,66,0.004605375373033294
Retinopathy__14,Density,density_64,130,0.004393047121382887
Retinopathy__14,Density,density_128,258,0.004293362672558199
Retinopathy__14,Density,density_256,514,0.00426677194933045
Retinopathy__15,Means,means,2,0.0033459383909841545
Retinopathy__15,Five-number,five_number,10,0.0182686262295082
Retinopathy__15,Observations,raw,1151,0.0
Retinopathy__15,Binned,bins_4,10,0.0033050104697886634
Retinopathy__15,Binned,bins_8,18,0.0019973306163497684
Retinopathy__15,Binned,bins_16,34,0.0015760450102458995
Retinopathy__15,Binned,bins_32,66,0.0012772100811364873
Retinopathy__15,Binned,bins_64,130,0.0011302820472592345
Retinopathy__15,Density,density_8,18,0.003137083346547276
Retinopathy__15,Density,density_16,34,0.0018548301257551303
Retinopathy__15,Density,density_32,66,0.0014455302081864685
Retinopathy__15,Density,density_64,130,0.001326972180805172
Retinopathy__15,Density,density_128,258,0.001299480238882475
Retinopathy__15,Density,density_256,514,0.00129199956776474
HAR__00,Means,means,2,0.009648834666666661
HAR__00,Five-number,five_number,10,0.00455206586206891
HAR__00,Observations,raw,60,0.0
HAR__00,Binned,bins_4,10,0.005424954000000037
HAR__00,Binned,bins_8,18,0.002239419083333305
HAR__00,Binned,bins_16,34,0.005201509208333288
HAR__00,Binned,bins_32,66,0.005695190895833313
HAR__00,Binned,bins_64,130,0.006106592302083325
HAR__00,Density,density_8,18,0.006714940973745587
HAR__00,Density,density_16,34,0.0022574635425942624
HAR__00,Density,density_32,66,0.0032630909942379938
HAR__00,Density,density_64,130,0.0037351909363308455
HAR__00,Density,density_128,258,0.003881484664781776
HAR__00,Density,density_256,514,0.00392363460822398
HAR__01,Means,means,2,0.0018984744500000032
HAR__01,Five-number,five_number,10,0.0008069993793103428
HAR__01,Observations,raw,60,0.0
HAR__01,Binned,bins_4,10,0.0008819760291666687
HAR__01,Binned,bins_8,18,0.0005003806333333354
HAR__01,Binned,bins_16,34,0.0008483000958333341
HAR__01,Binned,bins_32,66,0.0008483000958333341
HAR__01,Binned,bins_64,130,0.000705201822395831
HAR__01,Density,density_8,18,0.001099845458562029
HAR__01,Density,density_16,34,0.0005663637223755971
HAR__01,Density,density_32,66,0.0007549019806100989
HAR__01,Density,density_64,130,0.0007850158393861474
HAR__01,Density,density_128,258,0.000784111436345155
HAR__01,Density,density_256,514,0.0007876797553561798
HAR__02,Means,means,2,0.006352167083333346
HAR__02,Five-number,five_number,10,0.004159526249999976
HAR__02,Observations,raw,60,0.0
HAR__02,Binned,bins_4,10,0.005080799758620691
HAR__02,Binned,bins_8,18,0.0016980939312500193
HAR__02,Binned,bins_16,34,0.002238589562500004
HAR__02,Binned,bins_32,66,0.0024943234583333362
HAR__02,Binned,bins_64,130,0.0031336581979166667
HAR__02,Density,density_8,18,0.0022472129655749795
HAR__02,Density,density_16,34,0.001633473325031859
HAR__02,Density,density_32,66,0.001753004742199804
HAR__02,Density,density_64,130,0.0017725946525329744
HAR__02,Density,density_128,258,0.001784586312770231
HAR__02,Density,density_256,514,0.001789729888156802
HAR__03,Means,means,2,0.21980884311833326
HAR__03,Five-number,five_number,10,0.0980822242499998
HAR__03,Observations,raw,60,0.0
HAR__03,Binned,bins_4,10,0.19976909887349137
HAR__03,Binned,bins_8,18,0.11064013326431021
HAR__03,Binned,bins_16,34,0.06685748349137921
HAR__03,Binned,bins_32,66,0.03199439672749993
HAR__03,Binned,bins_64,130,0.061881741255937595
HAR__03,Density,density_8,18,0.09515356433189359
HAR__03,Density,density_16,34,0.09146561812087017
HAR__03,Density,density_32,66,0.039821644880719376
HAR__03,Density,density_64,130,0.0455838993817167
HAR__03,Density,density_128,258,0.053218083646489056
HAR__03,Density,density_256,514,0.0524410100660514
HAR__04,Means,means,2,0.28769252306666604
HAR__04,Five-number,five_number,10,0.10583181718965551
HAR__04,Observations,raw,60,0.0
HAR__04,Binned,bins_4,10,0.23621511024999964
HAR__04,Binned,bins_8,18,0.15016817650000003
HAR__04,Binned,bins_16,34,0.05180803741666673
HAR__04,Binned,bins_32,66,0.13211850891666654
HAR__04,Binned,bins_64,130,0.15363024235416667
HAR__04,Density,density_8,18,0.12560878950935617
HAR__04,Density,density_16,34,0.11087282858803249
HAR__04,Density,density_32,66,0.045450472713897794
HAR__04,Density,density_64,130,0.07197454923345847
HAR__04,Density,density_128,258,0.07701894955583444
HAR__04,Density,density_256,514,0.07766834566534953
HAR__05,Means,means,2,0.3430435930333333
HAR__05,Five-number,five_number,10,0.07701961177586214
HAR__05,Observations,raw,60,0.0
HAR__05,Binned,bins_4,10,0.25111710455
HAR__05,Binned,bins_8,18,0.099603703175
HAR__05,Binned,bins_16,34,0.0629150273060346
HAR__05,Binned,bins_32,66,0.06719450916249992
HAR__05,Binned,bins_64,130,0.07799605914062491
HAR__05,Density,density_8,18,0.27669854260852134
HAR__05,Density,density_16,34,0.08278596566872543
HAR__05,Density,density_32,66,0.060513132028123695
HAR__05,Density,density_64,130,0.060424809596034246
HAR__05,Density,density_128,258,0.06356960284005164
HAR__05,Density,density_256,514,0.06640543462104165
HAR__06,Means,means,2,0.07441935224999996
HAR__06,Five-number,five_number,10,0.04847995568965524
HAR__06,Observations,raw,60,0.0
HAR__06,Binned,bins_4,10,0.030592970701970534
HAR__06,Binned,bins_8,18,0.028938541437500076
HAR__06,Binned,bins_16,34,0.028938541437500076
HAR__06,Binned,bins_32,66,0.03731104820833353
HAR__06,Binned,bins_64,130,0.038806138703125104
HAR__06,Density,density_8,18,0.024314394855938892
HAR__06,Density,density_16,34,0.019431327891964223
HAR__06,Density,density_32,66,0.02061472166225642
HAR__06,Density,density_64,130,0.02131190338496558
HAR__06,Density,density_128,258,0.021193688898768825
HAR__06,Density,density_256,514,0.02136290545615893
HAR__07,Means,means,2,0.08299106120333333
HAR__07,Five-number,five_number,10,0.01916242597586204
HAR__07,Observations,raw,60,0.0
HAR__07,Binned,bins_4,10,0.04004414724097366
HAR__07,Binned,bins_8,18,0.03510456762499997
HAR__07,Binned,bins_16,34,0.026819040724137932
HAR__07,Binned,bins_32,66,0.022388288291666614
HAR__07,Binned,bins_64,130,0.029281852291666743
HAR__07,Density,density_8,18,0.048176856151321945
HAR__07,Density,density_16,34,0.022201980115603093
HAR__07,Density,density_32,66,0.022175427356216137
HAR__07,Density,density_64,130,0.02206841032428375
HAR__07,Density,density_128,258,0.022144844520208262
HAR__07,Density,density_256,514,0.022168646959903393
HAR__08,Means,means,2,0.03964580389333333
HAR__08,Five-number,five_number,10,0.09113392679310339
HAR__08,Observations,raw,60,0.0
HAR__08,Binned,bins_4,10,0.04920201849494363
HAR__08,Binned,bins_8,18,0.03226678564655178
HAR__08,Binned,bins_16,34,0.02885989628124999
HAR__08,Binned,bins_32,66,0.022680751178879327
HAR__08,Binned,bins_64,130,0.022254673912500023
HAR__08,Density,density_8,18,0.04315583452529312
HAR__08,Density,density_16,34,0.0417023060038883
HAR__08,Density,density_32,66,0.03339436967546372
HAR__08,Density,density_64,130,0.03321034799131711
HAR__08,Density,density_128,258,0.033319749534851784
HAR__08,Density,density_256,514,0.033304026062054404
HAR__09,Means,means,2,0.0032787053333334093
HAR__09,Five-number,five_number,10,0.0027839165517240527
HAR__09,Observations,raw,60,0.0
HAR__09,Binned,bins_4,10,0.0025157559880205627
HAR__09,Binned,bins_8,18,0.000932424193965331
HAR__09,Binned,bins_16,34,0.0019712024166667064
HAR__09,Binned,bins_32,66,0.0019712024166667064
HAR__09,Binned,bins_64,130,0.0019712024166667064
HAR__09,Density,density_8,18,0.003870196930583658
HAR__09,Density,density_16,34,0.0013522341160374651
HAR__09,Density,density_32,66,0.0010840282106239219
HAR__09,Density,density_64,130,0.0011581054047006267
HAR__09,Density,density_128,258,0.0011558167376850559
HAR__09,Density,density_256,514,0.0011589757532527445
HAR__10,Means,means,2,0.0027709891666667374
HAR__10,Five-number,five_number,10,0.006353490249999871
HAR__10,Observations,raw,60,0.0
HAR__10,Binned,bins_4,10,0.0036624374545455307
HAR__10,Binned,bins_8,18,0.0016392319827586155
HAR__10,Binned,bins_16,34,0.0018086535000000348
HAR__10,Binned,bins_32,66,0.0018086535000000348
HAR__10,Binned,bins_64,130,0.0013230903750000023
HAR__10,Density,density_8,18,0.0034432113028469713
HAR__10,Density,density_16,34,0.0017548633291661897
HAR__10,Density,density_32,66,0.0015691237850543605
HAR__10,Density,density_64,130,0.0015569536358593927
HAR__10,Density,density_128,258,0.001546765986246701
HAR__10,Density,density_256,514,0.0015460465632080034
HAR__11,Means,means,2,0.004298354166666463
HAR__11,Five-number,five_number,10,0.009063932249999906
HAR__11,Observations,raw,60,0.0
HAR__11,Binned,bins_4,10,0.004177509019963721
HAR__11,Binned,bins_8,18,0.0023745387500000437
HAR__11,Binned,bins_16,34,0.0015906174076354418
HAR__11,Binned,bins_32,66,0.0020942153333333158
HAR__11,Binned,bins_64,130,0.0029536609583332707
HAR__11,Density,density_8,18,0.004340262829144348
HAR__11,Density,density_16,34,0.002879879910779315
HAR__11,Density,density_32,66,0.002506528750371273
HAR__11,Density,density_64,130,0.002408064614328964
HAR__11,Density,density_128,258,0.00240219593163582
HAR__11,Density,density_256,514,0.0024030817701944374
HAR__12,Means,means,2,0.036000064250000005
HAR__12,Five-number,five_number,10,0.021369708274999996
HAR__12,Observations,raw,60,0.0
HAR__12,Binned,bins_4,10,0.020686584288401255
HAR__12,Binned,bins_8,18,0.009354652637931046
HAR__12,Binned,bins_16,34,0.00507571340344827
HAR__12,Binned,bins_32,66,0.004519700687499989
HAR__12,Binned,bins_64,130,0.005208803144021723
HAR__12,Density,density_8,18,0.027554893498895193
HAR__12,Density,density_16,34,0.010530911161352033
HAR__12,Density,density_32,66,0.009560980052546353
HAR__12,Density,density_64,130,0.01318015341671161
HAR__12,Density,density_128,258,0.013927418004687928
HAR__12,Density,density_256,514,0.015165046633897603
HAR__13,Means,means,2,0.052966835374500004
HAR__13,Five-number,five_number,10,0.010458366699999992
HAR__13,Observations,raw,60,0.0
HAR__13,Binned,bins_4,10,0.01744055305172415
HAR__13,Binned,bins_8,18,0.00652794857974138
HAR__13,Binned,bins_16,34,0.00892088243491379
HAR__13,Binned,bins_32,66,0.008349512970625
HAR__13,Binned,bins_64,130,0.0100053310065625
HAR__13,Density,density_8,18,0.02563910645427764
HAR__13,Density,density_16,34,0.009406696178228834
HAR__13,Density,density_32,66,0.012248700411103399
HAR__13,Density,density_64,130,0.00893661776257533
HAR__13,Density,density_128,258,0.010719004212649257
HAR__13,Density,density_256,514,0.011109844835951073
HAR__14,Means,means,2,0.05364788997383332
HAR__14,Five-number,five_number,10,0.02288657118965519
HAR__14,Observations,raw,60,0.0
HAR__14,Binned,bins_4,10,0.025379557546249987
HAR__14,Binned,bins_8,18,0.011376347124375
HAR__14,Binned,bins_16,34,0.013447159345277786
HAR__14,Binned,bins_32,66,0.020813123758472225
HAR__14,Binned,bins_64,130,0.024279459952916672
HAR__14,Density,density_8,18,0.029995659692637372
HAR__14,Density,density_16,34,0.014570411207127206
HAR__14,Density,density_32,66,0.00937550688333123
HAR__14,Density,density_64,130,0.011196450338006349
HAR__14,Density,density_128,258,0.0130353312274636
HAR__14,Density,density_256,514,0.013726573747161748
HAR__15,Means,means,2,0.24492183583333316
HAR__15,Five-number,five_number,10,0.10240470862068973
HAR__15,Observations,raw,60,0.0
HAR__15,Binned,bins_4,10,0.21372226291666663
HAR__15,Binned,bins_8,18,0.10864097967241382
HAR__15,Binned,bins_16,34,0.05617251746767238
HAR__15,Binned,bins_32,66,0.028943650937500065
HAR__15,Binned,bins_64,130,0.04438143005352013
HAR__15,Density,density_8,18,0.19613387420570128
HAR__15,Density,density_16,34,0.07882758507813437
HAR__15,Density,density_32,66,0.04183741619011083
HAR__15,Density,density_64,130,0.057368330034122894
HAR__15,Density,density_128,258,0.05752132494709705
HAR__15,Density,density_256,514,0.06380457848262566
HAR__16,Means,means,2,0.266030300583333
HAR__16,Five-number,five_number,10,0.06358325840517243
HAR__16,Observations,raw,60,0.0
HAR__16,Binned,bins_4,10,0.2367147049642856
HAR__16,Binned,bins_8,18,0.11937424813423647
HAR__16,Binned,bins_16,34,0.05968261600431035
HAR__16,Binned,bins_32,66,0.06139799206249985
HAR__16,Binned,bins_64,130,0.08449342024999984
HAR__16,Density,density_8,18,0.22244952513430927
HAR__16,Density,density_16,34,0.07420700630304333
HAR__16,Density,density_32,66,0.06251904511941242
HAR__16,Density,density_64,130,0.06286588899547618
HAR__16,Density,density_128,258,0.05442383464503464
HAR__16,Density,density_256,514,0.05641749408503238
HAR__17,Means,means,2,0.30614978444999996
HAR__17,Five-number,five_number,10,0.12239982906896552
HAR__17,Observations,raw,60,0.0
HAR__17,Binned,bins_4,10,0.2090912766293106
HAR__17,Binned,bins_8,18,0.0976127317708333
HAR__17,Binned,bins_16,34,0.04810198811874988
HAR__17,Binned,bins_32,66,0.07523733177812497
HAR__17,Binned,bins_64,130,0.0878358841914062
HAR__17,Density,density_8,18,
HAR__17,Density,density_16,34,0.07768446951409258
HAR__17,Density,density_32,66,0.05482658847819888
HAR__17,Density,density_64,130,0.06084223894997853
HAR__17,Density,density_128,258,0.0597283231514425
HAR__17,Density,density_256,514,0.06600522520766983
HAR__18,Means,means,2,0.013086913731666662
HAR__18,Five-number,five_number,10,0.01741079246499999
HAR__18,Observations,raw,60,0.0
HAR__18,Binned,bins_4,10,0.005896544236250006
HAR__18,Binned,bins_8,18,0.004125805261681031
HAR__18,Binned,bins_16,34,0.0039188802690624976
HAR__18,Binned,bins_32,66,0.003750096514341515
HAR__18,Binned,bins_64,130,0.0044991368459435035
HAR__18,Density,density_8,18,0.010474767904301177
HAR__18,Density,density_16,34,0.0026383141954291756
HAR__18,Density,density_32,66,0.0031032812188037107
HAR__18,Density,density_64,130,0.0036257269612618367
HAR__18,Density,density_128,258,0.00426590435337738
HAR__18,Density,density_256,514,0.004315325999238423
HAR__19,Means,means,2,0.01804465540833332
HAR__19,Five-number,five_number,10,0.007793516172413785
HAR__19,Observations,raw,60,0.0
HAR__19,Binned,bins_4,10,0.00981955748902822
HAR__19,Binned,bins_8,18,0.003363894263649428
HAR__19,Binned,bins_16,34,0.006084858447727243
HAR__19,Binned,bins_32,66,0.008576105987499978
HAR__19,Binned,bins_64,130,0.008776865862499976
HAR__19,Density,density_8,18,0.00954547375300785
HAR__19,Density,density_16,34,0.00406466884190923
HAR__19,Density,density_32,66,0.00428215567772075
HAR__19,Density,density_64,130,0.00505257852273068
HAR__19,Density,density_128,258,0.005261066896369633
HAR__19,Density,density_256,514,0.005321018343074815
HAR__20,Means,means,2,0.008875416466666647
HAR__20,Five-number,five_number,10,0.00385902460344828
HAR__20,Observations,raw,60,0.0
HAR__20,Binned,bins_4,10,0.005741603406079862
HAR__20,Binned,bins_8,18,0.002551921437091653
HAR__20,Binned,bins_16,34,0.0017045102651041533
HAR__20,Binned,bins_32,66,0.00176536532265624
HAR__20,Binned,bins_64,130,0.0020145969203125003
HAR__20,Density,density_8,18,0.006897948581964269
HAR__20,Density,density_16,34,0.0021154855054139193
HAR__20,Density,density_32,66,0.0020493416523330032
HAR__20,Density,density_64,130,0.0023259206660291715
HAR__20,Density,density_128,258,0.0023504006308274483
HAR__20,Density,density_256,514,0.002389570950447159
HAR__21,Means,means,2,0.2560898418166665
HAR__21,Five-number,five_number,10,0.10751425831034489
HAR__21,Observations,raw,60,0.0
HAR__21,Binned,bins_4,10,0.19101316675000024
HAR__21,Binned,bins_8,18,0.12019336218750021
HAR__21,Binned,bins_16,34,0.04918926026041648
HAR__21,Binned,bins_32,66,0.0665130098843747
HAR__21,Binned,bins_64,130,0.07464024191796848
HAR__21,Density,density_8,18,0.16152104586495153
HAR__21,Density,density_16,34,0.05349935766384628
HAR__21,Density,density_32,66,0.04038073203492021
HAR__21,Density,density_64,130,0.055949147616423
HAR__21,Density,density_128,258,0.059267262941732235
HAR__21,Density,density_256,514,0.06136561335494595
HAR__22,Means,means,2,0.3740744707524999
HAR__22,Five-number,five_number,10,0.1251924633025
HAR__22,Observations,raw,60,0.0
HAR__22,Binned,bins_4,10,0.25127112664000006
HAR__22,Binned,bins_8,18,0.12560445031149425
HAR__22,Binned,bins_16,34,0.06737635530431041
HAR__22,Binned,bins_32,66,0.056932184452585965
HAR__22,Binned,bins_64,130,0.07970086262847198
HAR__22,Density,density_8,18,0.32832090022588956
HAR__22,Density,density_16,34,0.1258957189685802
HAR__22,Density,density_32,66,0.07105191057383031
HAR__22,Density,density_64,130,0.08752723743062907
HAR__22,Density,density_128,258,0.09592449948391579
HAR__22,Density,density_256,514,0.09657163418884263
HAR__23,Means,means,2,0.19542627525833345
HAR__23,Five-number,five_number,10,0.08577797017241384
HAR__23,Observations,raw,60,0.0
HAR__23,Binned,bins_4,10,0.1800277093875
HAR__23,Binned,bins_8,18,0.07019790157343742
HAR__23,Binned,bins_16,34,0.03612214647187506
HAR__23,Binned,bins_32,66,0.0267578588179348
HAR__23,Binned,bins_64,130,0.025967040244485262
HAR__23,Density,density_8,18,0.1681557851761455
HAR__23,Density,density_16,34,0.039017018661797076
HAR__23,Density,density_32,66,0.03297330589188041
HAR__23,Density,density_64,130,0.03805621720568164
HAR__23,Density,density_128,258,0.044893004869525965
HAR__23,Density,density_256,514,0.04758468644708147
HAR__24,Means,means,2,0.04387814020000001
HAR__24,Five-number,five_number,10,0.026441566825
HAR__24,Observations,raw,60,0.0
HAR__24,Binned,bins_4,10,0.029974816300000012
HAR__24,Binned,bins_8,18,0.013325199915517227
HAR__24,Binned,bins_16,34,0.006535694374999998
HAR__24,Binned,bins_32,66,0.011019441299999988
HAR__24,Binned,bins_64,130,0.010859307481249997
HAR__24,Density,density_8,18,
HAR__24,Density,density_16,34,0.014206161883584104
HAR__24,Density,density_32,66,0.009916051767816236
HAR__24,Density,density_64,130,0.012237261198300306
HAR__24,Density,density_128,258,0.013818351359487023
HAR__24,Density,density_256,514,0.014848663700744849
HAR__25,Means,means,2,0.0188637107
HAR__25,Five-number,five_number,10,0.003098983965517249
HAR__25,Observations,raw,60,0.0
HAR__25,Binned,bins_4,10,0.007655585698275867
HAR__25,Binned,bins_8,18,0.0031906704430418736
HAR__25,Binned,bins_16,34,0.0017310621985552471
HAR__25,Binned,bins_32,66,0.0016241827932692299
HAR__25,Binned,bins_64,130,0.0019854304354166713
HAR__25,Density,density_8,18,0.007762068208110408
HAR__25,Density,density_16,34,0.005644974609353343
HAR__25,Density,density_32,66,0.002531111427651986
HAR__25,Density,density_64,130,0.004360897106089799
HAR__25,Density,density_128,258,0.004255782487697403
HAR__25,Density,density_256,514,0.004391634092927841
HAR__26,Means,means,2,0.030459586491666663
HAR__26,Five-number,five_number,10,0.025690305475000008
HAR__26,Observations,raw,60,0.0
HAR__26,Binned,bins_4,10,0.011996548250000003
HAR__26,Binned,bins_8,18,0.009871275020833348
HAR__26,Binned,bins_16,34,0.0035167162494612117
HAR__26,Binned,bins_32,66,0.0034100315500000047
HAR__26,Binned,bins_64,130,0.0027998792656249924
HAR__26,Density,density_8,18,0.0187628615314958
HAR__26,Density,density_16,34,0.008434802157230338
HAR__26,Density,density_32,66,0.008500932902866243
HAR__26,Density,density_64,130,0.011808255587113833
HAR__26,Density,density_128,258,0.011024210212342227
HAR__26,Density,density_256,514,0.01184677210017137
HAR__27,Means,means,2,0.1846357857166666
HAR__27,Five-number,five_number,10,0.22357914844999993
HAR__27,Observations,raw,60,0.0
HAR__27,Binned,bins_4,10,0.2146413594269737
HAR__27,Binned,bins_8,18,0.12175014413074703
HAR__27,Binned,bins_16,34,0.06981503881465512
HAR__27,Binned,bins_32,66,0.03669794311458352
HAR__27,Binned,bins_64,130,0.04625599999679497
HAR__27,Density,density_8,18,0.15933934523093818
HAR__27,Density,density_16,34,0.09747307957164475
HAR__27,Density,density_32,66,0.0664592561673617
HAR__27,Density,density_64,130,0.07782216600783654
HAR__27,Density,density_128,258,0.08780390471749
HAR__27,Density,density_256,514,0.08914084622661655
HAR__28,Means,means,2,0.3670997149999997
HAR__28,Five-number,five_number,10,0.271988479
HAR__28,Observations,raw,60,0.0
HAR__28,Binned,bins_4,10,0.24410629258620709
HAR__28,Binned,bins_8,18,0.10665698666666668
HAR__28,Binned,bins_16,34,0.056889165431034616
HAR__28,Binned,bins_32,66,0.04937651733333326
HAR__28,Binned,bins_64,130,0.054850566534482614
HAR__28,Density,density_8,18,
HAR__28,Density,density_16,34,0.07799078653880365
HAR__28,Density,density_32,66,0.06046914357394639
HAR__28,Density,density_64,130,0.06555119573357115
HAR__28,Density,density_128,258,0.08220516890179586
HAR__28,Density,density_256,514,0.08465319087066259
HAR__29,Means,means,2,0.23240538500000008
HAR__29,Five-number,five_number,10,0.026304752413793153
HAR__29,Observations,raw,60,0.0
HAR__29,Binned,bins_4,10,0.19198246366379323
HAR__29,Binned,bins_8,18,0.08804138168103459
HAR__29,Binned,bins_16,34,0.03147951628125001
HAR__29,Binned,bins_32,66,0.04525435768749997
HAR__29,Binned,bins_64,130,0.05214979547916665
HAR__29,Density,density_8,18,0.18800447416737276
HAR__29,Density,density_16,34,0.059340845212342064
HAR__29,Density,density_32,66,0.03457833748792405
HAR__29,Density,density_64,130,0.03288815253123045
HAR__29,Density,density_128,258,0.03518123875204571
HAR__29,Density,density_256,514,0.03656345514428594
HAR__30,Means,means,2,0.19457721549166662
HAR__30,Five-number,five_number,10,0.06527286075000016
HAR__30,Observations,raw,60,0.0
HAR__30,Binned,bins_4,10,0.22061061884046063
HAR__30,Binned,bins_8,18,0.1367653268976292
HAR__30,Binned,bins_16,34,0.039643510476185306
HAR__30,Binned,bins_32,66,0.061695233723707
HAR__30,Binned,bins_64,130,0.06325135434296891
HAR__30,Density,density_8,18,0.13443695541595058
HAR__30,Density,density_16,34,0.08936669342712866
HAR__30,Density,density_32,66,0.030205631106841935
HAR__30,Density,density_64,130,0.04497271499432731
HAR__30,Density,density_128,258,0.047179998476044704
HAR__30,Density,density_256,514,0.049439456691137806
HAR__31,Means,means,2,0.16234261066666678
HAR__31,Five-number,five_number,10,0.04321412293103455
HAR__31,Observations,raw,60,0.0
HAR__31,Binned,bins_4,10,0.15600360862068974
HAR__31,Binned,bins_8,18,0.06091060341594823
HAR__31,Binned,bins_16,34,0.028585258412356263
HAR__31,Binned,bins_32,66,0.03905068316145843
HAR__31,Binned,bins_64,130,0.038481851240885545
HAR__31,Density,density_8,18,0.1411003073567073
HAR__31,Density,density_16,34,0.05371144690697749
HAR__31,Density,density_32,66,0.030327808215430907
HAR__31,Density,density_64,130,0.041739807612127144
HAR__31,Density,density_128,258,0.04190324883087493
HAR__31,Density,density_256,514,0.04448404299927666
HAR__32,Means,means,2,0.19457721549166662
HAR__32,Five-number,five_number,10,0.06527286075000016
HAR__32,Observations,raw,60,0.0
HAR__32,Binned,bins_4,10,0.22061061884046063
HAR__32,Binned,bins_8,18,0.1367653268976292
HAR__32,Binned,bins_16,34,0.039643510476185306
HAR__32,Binned,bins_32,66,0.061695233723707
HAR__32,Binned,bins_64,130,0.06325135434296891
HAR__32,Density,density_8,18,0.13443695541595058
HAR__32,Density,density_16,34,0.08936669342712866
HAR__32,Density,density_32,66,0.030205631106841935
HAR__32,Density,density_64,130,0.04497271499432731
HAR__32,Density,density_128,258,0.047179998476044704
HAR__32,Density,density_256,514,0.049439456691137806
HAR__33,Means,means,2,0.16234261066666678
HAR__33,Five-number,five_number,10,0.04321412293103455
HAR__33,Observations,raw,60,0.0
HAR__33,Binned,bins_4,10,0.15600360862068974
HAR__33,Binned,bins_8,18,0.06091060341594823
HAR__33,Binned,bins_16,34,0.028585258412356263
HAR__33,Binned,bins_32,66,0.03905068316145843
HAR__33,Binned,bins_64,130,0.038481851240885545
HAR__33,Density,density_8,18,0.1411003073567073
HAR__33,Density,density_16,34,0.05371144690697749
HAR__33,Density,density_32,66,0.030327808215430907
HAR__33,Density,density_64,130,0.041739807612127144
HAR__33,Density,density_128,258,0.04190324883087493
HAR__33,Density,density_256,514,0.04448404299927666
HAR__34,Means,means,2,0.20921601956666647
HAR__34,Five-number,five_number,10,0.1045152262500002
HAR__34,Observations,raw,60,0.0
HAR__34,Binned,bins_4,10,0.1797402791810342
HAR__34,Binned,bins_8,18,0.09101922514008598
HAR__34,Binned,bins_16,34,0.04705834250718377
HAR__34,Binned,bins_32,66,0.05453198563958328
HAR__34,Binned,bins_64,130,0.06959857905104172
HAR__34,Density,density_8,18,0.14926743232256445
HAR__34,Density,density_16,34,0.0966389737288531
HAR__34,Density,density_32,66,0.07371450594200624
HAR__34,Density,density_64,130,0.06022138254942688
HAR__34,Density,density_128,258,0.06977537011308221
HAR__34,Density,density_256,514,0.07382135574663318
HAR__35,Means,means,2,0.22515496668000012
HAR__35,Five-number,five_number,10,0.0759689615000001
HAR__35,Observations,raw,60,0.0
HAR__35,Binned,bins_4,10,0.19419487163992044
HAR__35,Binned,bins_8,18,0.09977636764778319
HAR__35,Binned,bins_16,34,0.057416446932471166
HAR__35,Binned,bins_32,66,0.0286937921874999
HAR__35,Binned,bins_64,130,0.02740434304803241
HAR__35,Density,density_8,18,0.22134132092172276
HAR__35,Density,density_16,34,0.06814201834456324
HAR__35,Density,density_32,66,0.05046429517964013
HAR__35,Density,density_64,130,0.0536604968081128
HAR__35,Density,density_128,258,0.07452939012524307
HAR__35,Density,density_256,514,0.07518689344900154
HAR__36,Means,means,2,0.2891284310125001
HAR__36,Five-number,five_number,10,0.056105092155172676
HAR__36,Observations,raw,60,0.0
HAR__36,Binned,bins_4,10,0.25937305232758623
HAR__36,Binned,bins_8,18,0.11792825964439657
HAR__36,Binned,bins_16,34,0.0646963484195403
HAR__36,Binned,bins_32,66,0.08261282222701138
HAR__36,Binned,bins_64,130,0.10010330734374995
HAR__36,Density,density_8,18,0.21061303260067687
HAR__36,Density,density_16,34,0.09447891046193724
HAR__36,Density,density_32,66,0.048112528874419525
HAR__36,Density,density_64,130,0.04734883667127199
HAR__36,Density,density_128,258,0.05370468855240962
HAR__36,Density,density_256,514,0.05491820092804078
HAR__37,Means,means,2,0.31448443564999984
HAR__37,Five-number,five_number,10,0.17193084586206886
HAR__37,Observations,raw,60,0.0
HAR__37,Binned,bins_4,10,0.2164342771810347
HAR__37,Binned,bins_8,18,0.10520434253663813
HAR__37,Binned,bins_16,34,0.09323446179374983
HAR__37,Binned,bins_32,66,0.11294687798906222
HAR__37,Binned,bins_64,130,0.117426972578906
HAR__37,Density,density_8,18,0.22750172204515107
HAR__37,Density,density_16,34,0.07117111486285621
HAR__37,Density,density_32,66,0.07894230862120022
HAR__37,Density,density_64,130,0.08332384472999721
HAR__37,Density,density_128,258,0.08603271526430567
HAR__37,Density,density_256,514,0.08747806447794226
HAR__38,Means,means,2,0.23084481796
HAR__38,Five-number,five_number,10,0.13825340370999994
HAR__38,Observations,raw,60,0.0
HAR__38,Binned,bins_4,10,0.18351136667767243
HAR__38,Binned,bins_8,18,0.10471793043028021
HAR__38,Binned,bins_16,34,0.06356786154540228
HAR__38,Binned,bins_32,66,0.028012487264687302
HAR__38,Binned,bins_64,130,0.04102076525161813
HAR__38,Density,density_8,18,0.15383235514987004
HAR__38,Density,density_16,34,0.0742171493109045
HAR__38,Density,density_32,66,0.03260655939301149
HAR__38,Density,density_64,130,0.05582657620392517
HAR__38,Density,density_128,258,0.057210555045317135
HAR__38,Density,density_256,514,0.058301717257238206
HAR__39,Means,means,2,0.38172321958333333
HAR__39,Five-number,five_number,10,0.26012737982758627
HAR__39,Observations,raw,60,0.0
HAR__39,Binned,bins_4,10,0.2783731924655174
HAR__39,Binned,bins_8,18,0.15119861092672426
HAR__39,Binned,bins_16,34,0.09640623093749978
HAR__39,Binned,bins_32,66,0.13112648803124982
HAR__39,Binned,bins_64,130,0.16717702317456895
HAR__39,Density,density_8,18,
HAR__39,Density,density_16,34,0.08991227645882993
HAR__39,Density,density_32,66,0.07258625727800194
HAR__39,Density,density_64,130,0.0939468502102434
HAR__39,Density,density_128,258,0.0947541411877425
HAR__39,Density,density_256,514,0.1027334949300307
BIDMC__00,Means,means,2,3.29640575400488
BIDMC__00,Five-number,five_number,10,3.9829563275473703
BIDMC__00,Observations,raw,92,0.0
BIDMC__00,Binned,bins_4,10,3.7564949698630272
BIDMC__00,Binned,bins_8,18,1.8949019331831778
BIDMC__00,Binned,bins_16,34,2.0396470298423424
BIDMC__00,Binned,bins_32,66,2.0958617792580725
BIDMC__00,Binned,bins_64,130,2.421802654699931
BIDMC__00,Density,density_8,18,3.035561916104342
BIDMC__00,Density,density_16,34,2.8700798098708447
BIDMC__00,Density,density_32,66,2.6455980387322313
BIDMC__00,Density,density_64,130,2.5476429183191414
BIDMC__00,Density,density_128,258,2.5626027943032312
BIDMC__00,Density,density_256,514,2.559180283382844
BIDMC__01,Means,means,2,1.5652173913043583
BIDMC__01,Five-number,five_number,10,2.6000000000000085
BIDMC__01,Observations,raw,92,0.0
BIDMC__01,Binned,bins_4,10,2.6098765432098645
BIDMC__01,Binned,bins_8,18,2.2977777777777675
BIDMC__01,Binned,bins_16,34,2.3333333333333286
BIDMC__01,Binned,bins_32,66,1.7391304347826093
BIDMC__01,Binned,bins_64,130,1.7391304347826093
BIDMC__01,Density,density_8,18,1.7488924512888673
BIDMC__01,Density,density_16,34,1.6601266576084015
BIDMC__01,Density,density_32,66,1.7337462682875184
BIDMC__01,Density,density_64,130,1.7240960034760917
BIDMC__01,Density,density_128,258,1.7130726848318716
BIDMC__01,Density,density_256,514,1.7147091491305986
BIDMC__02,Means,means,2,2.5869565217391397
BIDMC__02,Five-number,five_number,10,4.311111111111117
BIDMC__02,Observations,raw,92,0.0
BIDMC__02,Binned,bins_4,10,3.5
BIDMC__02,Binned,bins_8,18,1.9249999999999972
BIDMC__02,Binned,bins_16,34,3.0339673913043583
BIDMC__02,Binned,bins_32,66,2.138586956521735
BIDMC__02,Binned,bins_64,130,2.138586956521735
BIDMC__02,Density,density_8,18,2.0556003931539664
BIDMC__02,Density,density_16,34,2.1901806056619364
BIDMC__02,Density,density_32,66,2.1216381218782345
BIDMC__02,Density,density_64,130,2.136823169398184
BIDMC__02,Density,density_128,258,2.118454455189948
BIDMC__02,Density,density_256,514,2.12316150775672
BIDMC__03,Means,means,2,2.326086956521749
BIDMC__03,Five-number,five_number,10,2.4666666666666686
BIDMC__03,Observations,raw,92,0.0
BIDMC__03,Binned,bins_4,10,3.0
BIDMC__03,Binned,bins_8,18,2.9343434343434467
BIDMC__03,Binned,bins_16,34,2.7833333333333456
BIDMC__03,Binned,bins_32,66,2.1111111111111143
BIDMC__03,Binned,bins_64,130,2.0747282608695627
BIDMC__03,Density,density_8,18,2.494963320832511
BIDMC__03,Density,density_16,34,2.377825446698523
BIDMC__03,Density,density_32,66,2.157510189430184
BIDMC__03,Density,density_64,130,2.1623746905797105
BIDMC__03,Density,density_128,258,2.1910437829366316
BIDMC__03,Density,density_256,514,2.19115923627011
BIDMC__04,Means,means,2,3.731045083945992
BIDMC__04,Five-number,five_number,10,3.72755477541782
BIDMC__04,Observations,raw,92,0.0
BIDMC__04,Binned,bins_4,10,0.9706678161599231
BIDMC__04,Binned,bins_8,18,2.3361466674932254
BIDMC__04,Binned,bins_16,34,2.336146667493229
BIDMC__04,Binned,bins_32,66,2.4949286124383
BIDMC__04,Binned,bins_64,130,2.751343084017166
BIDMC__04,Density,density_8,18,1.747355140151793
BIDMC__04,Density,density_16,34,1.7448512663737255
BIDMC__04,Density,density_32,66,1.730312034704193
BIDMC__04,Density,density_64,130,1.6823824409023453
BIDMC__04,Density,density_128,258,1.6650792702208443
BIDMC__04,Density,density_256,514,1.6603632353090667
Wrist__00,Means,means,2,6.097638687811667
Wrist__00,Five-number,five_number,10,6.866632126397832
Wrist__00,Observations,raw,16,0.0
Wrist__00,Binned,bins_4,10,21.1677917272485
Wrist__00,Binned,bins_8,18,8.91771261405097
Wrist__00,Binned,bins_16,34,10.708041543471296
Wrist__00,Binned,bins_32,66,10.708041543471268
Wrist__00,Binned,bins_64,130,10.708041543471296
Wrist__00,Density,density_8,18,7.177638334634807
Wrist__00,Density,density_16,34,6.055031620716022
Wrist__00,Density,density_32,66,5.997406160284783
Wrist__00,Density,density_64,130,6.066063115359498
Wrist__00,Density,density_128,258,6.090985289371304
Wrist__00,Density,density_256,514,6.0965379607789885
Wrist__01,Means,means,2,6.197104640093983
Wrist__01,Five-number,five_number,10,7.547830296119059
Wrist__01,Observations,raw,16,0.0
Wrist__01,Binned,bins_4,10,7.393313881159926
Wrist__01,Binned,bins_8,18,7.393313881159926
Wrist__01,Binned,bins_16,34,10.64473321639133
Wrist__01,Binned,bins_32,66,10.64473321639133
Wrist__01,Binned,bins_64,130,10.64473321639133
Wrist__01,Density,density_8,18,7.463757460511715
Wrist__01,Density,density_16,34,6.4488203393785
Wrist__01,Density,density_32,66,6.412347527668459
Wrist__01,Density,density_64,130,6.487354200972845
Wrist__01,Density,density_128,258,6.5072315978706
Wrist__01,Density,density_256,514,6.512805952401806
Wrist__02,Means,means,2,6.913014906248833
Wrist__02,Five-number,five_number,10,6.493072805522061
Wrist__02,Observations,raw,16,0.0
Wrist__02,Binned,bins_4,10,20.638979053732925
Wrist__02,Binned,bins_8,18,7.989688405303681
Wrist__02,Binned,bins_16,34,5.493253408540227
Wrist__02,Binned,bins_32,66,8.759782466324396
Wrist__02,Binned,bins_64,130,10.39304699521648
Wrist__02,Density,density_8,18,9.716596165084418
Wrist__02,Density,density_16,34,6.1326664287793875
Wrist__02,Density,density_32,66,6.135308286466895
Wrist__02,Density,density_64,130,5.960639241254242
Wrist__02,Density,density_128,258,5.965319285513104
Wrist__02,Density,density_256,514,5.9744852248295075
Wrist__03,Means,means,2,5.706539345798333
Wrist__03,Five-number,five_number,10,6.775509489965842
Wrist__03,Observations,raw,16,0.0
Wrist__03,Binned,bins_4,10,12.905697599848892
Wrist__03,Binned,bins_8,18,8.983848722038104
Wrist__03,Binned,bins_16,34,10.10353626243321
Wrist__03,Binned,bins_32,66,10.103536262433181
Wrist__03,Binned,bins_64,130,10.10353626243321
Wrist__03,Density,density_8,18,7.157328748013157
Wrist__03,Density,density_16,34,6.041633648956932
Wrist__03,Density,density_32,66,5.932910428367478
Wrist__03,Density,density_64,130,5.986599843897551
Wrist__03,Density,density_128,258,6.002736715642129
Wrist__03,Density,density_256,514,6.0073107670949355
Wrist__04,Means,means,2,1.2216705040453593
Wrist__04,Five-number,five_number,10,0.24812926897670495
Wrist__04,Observations,raw,16,0.0
Wrist__04,Binned,bins_4,10,0.36704166779528524
Wrist__04,Binned,bins_8,18,0.33906701432246056
Wrist__04,Binned,bins_16,34,0.6293416608543017
Wrist__04,Binned,bins_32,66,0.6293416608543017
Wrist__04,Binned,bins_64,130,0.6395048700668147
Wrist__04,Density,density_8,18,0.72496104294918
Wrist__04,Density,density_16,34,0.44855004949724764
Wrist__04,Density,density_32,66,0.47370433081273067
Wrist__04,Density,density_64,130,0.49717799648845773
Wrist__04,Density,density_128,258,0.4941858040223277
Wrist__04,Density,density_256,514,0.4954202406144965
