key,dataset,feature,primary,n_A,n_B,resolution,representation,N
WDBC__00,WDBC,mean radius,True,357,212,0.025,Observations,569
WDBC__00,WDBC,mean radius,True,357,212,0.02847448681291267,Observations,569
WDBC__00,WDBC,mean radius,True,357,212,0.032431855970349484,Observations,569
WDBC__00,WDBC,mean radius,True,357,212,0.03693921820583997,Observations,569
WDBC__00,WDBC,mean radius,True,357,212,0.04207301126725973,Observations,569
WDBC__00,WDBC,mean radius,True,357,212,0.04792029618036453,Observations,569
WDBC__00,WDBC,mean radius,True,357,212,0.05458023366634633,Observations,569
WDBC__00,WDBC,mean radius,True,357,212,0.06216576575112282,Observations,569
WDBC__00,WDBC,mean radius,True,357,212,0.07080553108379858,Observations,569
WDBC__00,WDBC,mean radius,True,357,212,0.08064604644507599,Observations,569
WDBC__00,WDBC,mean radius,True,357,212,0.0918541914405543,Observations,569
WDBC__00,WDBC,mean radius,True,357,212,0.10462003851539275,Observations,569
WDBC__00,WDBC,mean radius,True,357,212,0.11916007628291865,Observations,569
WDBC__00,WDBC,mean radius,True,357,212,0.13572088082974534,Observations,569
WDBC__00,WDBC,mean radius,True,357,212,0.15458329725693898,Observations,569
WDBC__00,WDBC,mean radius,True,357,212,0.17606720236957066,Observations,569
WDBC__00,WDBC,mean radius,True,357,212,0.20053692928235056,Observations,569
WDBC__00,WDBC,mean radius,True,357,212,0.2284074459340916,Binned,66
WDBC__00,WDBC,mean radius,True,357,212,0.2601513922888541,Binned,34
WDBC__00,WDBC,mean radius,True,357,212,0.29630709556359386,Binned,34
WDBC__00,WDBC,mean radius,True,357,212,0.33748769940792006,Binned,34
WDBC__00,WDBC,mean radius,True,357,212,0.38439156185244217,Binned,18
WDBC__00,WDBC,mean radius,True,357,212,0.4378140983584905,Binned,18
WDBC__00,WDBC,mean radius,True,357,212,0.4986612708086434,Binned,18
WDBC__00,WDBC,mean radius,True,357,212,0.5679649511900395,Binned,18
WDBC__00,WDBC,mean radius,True,357,212,0.6469004205142944,Binned,18
WDBC__00,WDBC,mean radius,True,357,212,0.7368062997280774,Binned,18
WDBC__00,WDBC,mean radius,True,357,212,0.8392072506111242,Binned,10
WDBC__00,WDBC,mean radius,True,357,212,0.9558398316330861,Binned,10
WDBC__00,WDBC,mean radius,True,357,212,1.0886819472437184,Binned,10
WDBC__00,WDBC,mean radius,True,357,212,1.2399863900098937,Means,2
WDBC__00,WDBC,mean radius,True,357,212,1.4123190444211153,Means,2
WDBC__00,WDBC,mean radius,True,357,212,1.6086024002397787,Means,2
WDBC__00,WDBC,mean radius,True,357,212,1.8321651133138896,Means,2
WDBC__00,WDBC,mean radius,True,357,212,2.0867984543253986,Means,2
WDBC__00,WDBC,mean radius,True,357,212,2.376820602755804,Means,2
WDBC__00,WDBC,mean radius,True,357,212,2.7071498763931694,Means,2
WDBC__00,WDBC,mean radius,True,357,212,3.083388138237417,Means,2
WDBC__00,WDBC,mean radius,True,357,212,3.511915795253308,Means,2
WDBC__00,WDBC,mean radius,True,357,212,4.0,Means,2
WDBC__01,WDBC,mean texture,True,357,212,0.025,Observations,569
WDBC__01,WDBC,mean texture,True,357,212,0.02847448681291267,Observations,569
WDBC__01,WDBC,mean texture,True,357,212,0.032431855970349484,Observations,569
WDBC__01,WDBC,mean texture,True,357,212,0.03693921820583997,Observations,569
WDBC__01,WDBC,mean texture,True,357,212,0.04207301126725973,Observations,569
WDBC__01,WDBC,mean texture,True,357,212,0.04792029618036453,Observations,569
WDBC__01,WDBC,mean texture,True,357,212,0.05458023366634633,Observations,569
WDBC__01,WDBC,mean texture,True,357,212,0.06216576575112282,Observations,569
WDBC__01,WDBC,mean texture,True,357,212,0.07080553108379858,Observations,569
WDBC__01,WDBC,mean texture,True,357,212,0.08064604644507599,Observations,569
WDBC__01,WDBC,mean texture,True,357,212,0.0918541914405543,Observations,569
WDBC__01,WDBC,mean texture,True,357,212,0.10462003851539275,Observations,569
WDBC__01,WDBC,mean texture,True,357,212,0.11916007628291865,Observations,569
WDBC__01,WDBC,mean texture,True,357,212,0.13572088082974534,Observations,569
WDBC__01,WDBC,mean texture,True,357,212,0.15458329725693898,Density,130
WDBC__01,WDBC,mean texture,True,357,212,0.17606720236957066,Density,34
WDBC__01,WDBC,mean texture,True,357,212,0.20053692928235056,Density,34
WDBC__01,WDBC,mean texture,True,357,212,0.2284074459340916,Binned,18
WDBC__01,WDBC,mean texture,True,357,212,0.2601513922888541,Binned,18
WDBC__01,WDBC,mean texture,True,357,212,0.29630709556359386,Binned,18
WDBC__01,WDBC,mean texture,True,357,212,0.33748769940792006,Binned,18
WDBC__01,WDBC,mean texture,True,357,212,0.38439156185244217,Binned,18
WDBC__01,WDBC,mean texture,True,357,212,0.4378140983584905,Binned,18
WDBC__01,WDBC,mean texture,True,357,212,0.4986612708086434,Means,2
WDBC__01,WDBC,mean texture,True,357,212,0.5679649511900395,Means,2
WDBC__01,WDBC,mean texture,True,357,212,0.6469004205142944,Means,2
WDBC__01,WDBC,mean texture,True,357,212,0.7368062997280774,Means,2
WDBC__01,WDBC,mean texture,True,357,212,0.8392072506111242,Means,2
WDBC__01,WDBC,mean texture,True,357,212,0.9558398316330861,Means,2
WDBC__01,WDBC,mean texture,True,357,212,1.0886819472437184,Means,2
WDBC__01,WDBC,mean texture,True,357,212,1.2399863900098937,Means,2
WDBC__01,WDBC,mean texture,True,357,212,1.4123190444211153,Means,2
WDBC__01,WDBC,mean texture,True,357,212,1.6086024002397787,Means,2
WDBC__01,WDBC,mean texture,True,357,212,1.8321651133138896,Means,2
WDBC__01,WDBC,mean texture,True,357,212,2.0867984543253986,Means,2
WDBC__01,WDBC,mean texture,True,357,212,2.376820602755804,Means,2
WDBC__01,WDBC,mean texture,True,357,212,2.7071498763931694,Means,2
WDBC__01,WDBC,mean texture,True,357,212,3.083388138237417,Means,2
WDBC__01,WDBC,mean texture,True,357,212,3.511915795253308,Means,2
WDBC__01,WDBC,mean texture,True,357,212,4.0,Means,2
WDBC__02,WDBC,mean perimeter,True,357,212,0.025,Observations,569
WDBC__02,WDBC,mean perimeter,True,357,212,0.02847448681291267,Observations,569
WDBC__02,WDBC,mean perimeter,True,357,212,0.032431855970349484,Observations,569
WDBC__02,WDBC,mean perimeter,True,357,212,0.03693921820583997,Observations,569
WDBC__02,WDBC,mean perimeter,True,357,212,0.04207301126725973,Observations,569
WDBC__02,WDBC,mean perimeter,True,357,212,0.04792029618036453,Observations,569
WDBC__02,WDBC,mean perimeter,True,357,212,0.05458023366634633,Observations,569
WDBC__02,WDBC,mean perimeter,True,357,212,0.06216576575112282,Observations,569
WDBC__02,WDBC,mean perimeter,True,357,212,0.07080553108379858,Observations,569
WDBC__02,WDBC,mean perimeter,True,357,212,0.08064604644507599,Observations,569
WDBC__02,WDBC,mean perimeter,True,357,212,0.0918541914405543,Observations,569
WDBC__02,WDBC,mean perimeter,True,357,212,0.10462003851539275,Observations,569
WDBC__02,WDBC,mean perimeter,True,357,212,0.11916007628291865,Observations,569
WDBC__02,WDBC,mean perimeter,True,357,212,0.13572088082974534,Binned,130
WDBC__02,WDBC,mean perimeter,True,357,212,0.15458329725693898,Binned,34
WDBC__02,WDBC,mean perimeter,True,357,212,0.17606720236957066,Binned,34
WDBC__02,WDBC,mean perimeter,True,357,212,0.20053692928235056,Binned,34
WDBC__02,WDBC,mean perimeter,True,357,212,0.2284074459340916,Binned,34
WDBC__02,WDBC,mean perimeter,True,357,212,0.2601513922888541,Binned,34
WDBC__02,WDBC,mean perimeter,True,357,212,0.29630709556359386,Binned,18
WDBC__02,WDBC,mean perimeter,True,357,212,0.33748769940792006,Binned,18
WDBC__02,WDBC,mean perimeter,True,357,212,0.38439156185244217,Binned,18
WDBC__02,WDBC,mean perimeter,True,357,212,0.4378140983584905,Binned,18
WDBC__02,WDBC,mean perimeter,True,357,212,0.4986612708086434,Binned,18
WDBC__02,WDBC,mean perimeter,True,357,212,0.5679649511900395,Binned,18
WDBC__02,WDBC,mean perimeter,True,357,212,0.6469004205142944,Binned,18
WDBC__02,WDBC,mean perimeter,True,357,212,0.7368062997280774,Binned,18
WDBC__02,WDBC,mean perimeter,True,357,212,0.8392072506111242,Binned,18
WDBC__02,WDBC,mean perimeter,True,357,212,0.9558398316330861,Binned,10
WDBC__02,WDBC,mean perimeter,True,357,212,1.0886819472437184,Binned,10
WDBC__02,WDBC,mean perimeter,True,357,212,1.2399863900098937,Means,2
WDBC__02,WDBC,mean perimeter,True,357,212,1.4123190444211153,Means,2
WDBC__02,WDBC,mean perimeter,True,357,212,1.6086024002397787,Means,2
WDBC__02,WDBC,mean perimeter,True,357,212,1.8321651133138896,Means,2
WDBC__02,WDBC,mean perimeter,True,357,212,2.0867984543253986,Means,2
WDBC__02,WDBC,mean perimeter,True,357,212,2.376820602755804,Means,2
WDBC__02,WDBC,mean perimeter,True,357,212,2.7071498763931694,Means,2
WDBC__02,WDBC,mean perimeter,True,357,212,3.083388138237417,Means,2
WDBC__02,WDBC,mean perimeter,True,357,212,3.511915795253308,Means,2
WDBC__02,WDBC,mean perimeter,True,357,212,4.0,Means,2
WDBC__03,WDBC,mean area,True,357,212,0.025,Observations,569
WDBC__03,WDBC,mean area,True,357,212,0.02847448681291267,Observations,569
WDBC__03,WDBC,mean area,True,357,212,0.032431855970349484,Observations,569
WDBC__03,WDBC,mean area,True,357,212,0.03693921820583997,Observations,569
WDBC__03,WDBC,mean area,True,357,212,0.04207301126725973,Observations,569
WDBC__03,WDBC,mean area,True,357,212,0.04792029618036453,Observations,569
WDBC__03,WDBC,mean area,True,357,212,0.05458023366634633,Observations,569
WDBC__03,WDBC,mean area,True,357,212,0.06216576575112282,Observations,569
WDBC__03,WDBC,mean area,True,357,212,0.07080553108379858,Observations,569
WDBC__03,WDBC,mean area,True,357,212,0.08064604644507599,Observations,569
WDBC__03,WDBC,mean area,True,357,212,0.0918541914405543,Observations,569
WDBC__03,WDBC,mean area,True,357,212,0.10462003851539275,Observations,569
WDBC__03,WDBC,mean area,True,357,212,0.11916007628291865,Observations,569
WDBC__03,WDBC,mean area,True,357,212,0.13572088082974534,Observations,569
WDBC__03,WDBC,mean area,True,357,212,0.15458329725693898,Observations,569
WDBC__03,WDBC,mean area,True,357,212,0.17606720236957066,Observations,569
WDBC__03,WDBC,mean area,True,357,212,0.20053692928235056,Observations,569
WDBC__03,WDBC,mean area,True,357,212,0.2284074459340916,Binned,34
WDBC__03,WDBC,mean area,True,357,212,0.2601513922888541,Binned,34
WDBC__03,WDBC,mean area,True,357,212,0.29630709556359386,Binned,34
WDBC__03,WDBC,mean area,True,357,212,0.33748769940792006,Binned,18
WDBC__03,WDBC,mean area,True,357,212,0.38439156185244217,Binned,18
WDBC__03,WDBC,mean area,True,357,212,0.4378140983584905,Binned,18
WDBC__03,WDBC,mean area,True,357,212,0.4986612708086434,Binned,18
WDBC__03,WDBC,mean area,True,357,212,0.5679649511900395,Binned,18
WDBC__03,WDBC,mean area,True,357,212,0.6469004205142944,Binned,18
WDBC__03,WDBC,mean area,True,357,212,0.7368062997280774,Binned,18
WDBC__03,WDBC,mean area,True,357,212,0.8392072506111242,Binned,10
WDBC__03,WDBC,mean area,True,357,212,0.9558398316330861,Binned,10
WDBC__03,WDBC,mean area,True,357,212,1.0886819472437184,Binned,10
WDBC__03,WDBC,mean area,True,357,212,1.2399863900098937,Binned,10
WDBC__03,WDBC,mean area,True,357,212,1.4123190444211153,Binned,10
WDBC__03,WDBC,mean area,True,357,212,1.6086024002397787,Binned,10
WDBC__03,WDBC,mean area,True,357,212,1.8321651133138896,Binned,10
WDBC__03,WDBC,mean area,True,357,212,2.0867984543253986,Means,2
WDBC__03,WDBC,mean area,True,357,212,2.376820602755804,Means,2
WDBC__03,WDBC,mean area,True,357,212,2.7071498763931694,Means,2
WDBC__03,WDBC,mean area,True,357,212,3.083388138237417,Means,2
WDBC__03,WDBC,mean area,True,357,212,3.511915795253308,Means,2
WDBC__03,WDBC,mean area,True,357,212,4.0,Means,2
WDBC__04,WDBC,mean smoothness,True,357,212,0.025,Observations,569
WDBC__04,WDBC,mean smoothness,True,357,212,0.02847448681291267,Observations,569
WDBC__04,WDBC,mean smoothness,True,357,212,0.032431855970349484,Observations,569
WDBC__04,WDBC,mean smoothness,True,357,212,0.03693921820583997,Observations,569
WDBC__04,WDBC,mean smoothness,True,357,212,0.04207301126725973,Observations,569
WDBC__04,WDBC,mean smoothness,True,357,212,0.04792029618036453,Observations,569
WDBC__04,WDBC,mean smoothness,True,357,212,0.05458023366634633,Observations,569
WDBC__04,WDBC,mean smoothness,True,357,212,0.06216576575112282,Observations,569
WDBC__04,WDBC,mean smoothness,True,357,212,0.07080553108379858,Observations,569
WDBC__04,WDBC,mean smoothness,True,357,212,0.08064604644507599,Binned,130
WDBC__04,WDBC,mean smoothness,True,357,212,0.0918541914405543,Binned,66
WDBC__04,WDBC,mean smoothness,True,357,212,0.10462003851539275,Binned,66
WDBC__04,WDBC,mean smoothness,True,357,212,0.11916007628291865,Binned,34
WDBC__04,WDBC,mean smoothness,True,357,212,0.13572088082974534,Binned,34
WDBC__04,WDBC,mean smoothness,True,357,212,0.15458329725693898,Binned,34
WDBC__04,WDBC,mean smoothness,True,357,212,0.17606720236957066,Binned,34
WDBC__04,WDBC,mean smoothness,True,357,212,0.20053692928235056,Binned,18
WDBC__04,WDBC,mean smoothness,True,357,212,0.2284074459340916,Binned,18
WDBC__04,WDBC,mean smoothness,True,357,212,0.2601513922888541,Means,2
WDBC__04,WDBC,mean smoothness,True,357,212,0.29630709556359386,Means,2
WDBC__04,WDBC,mean smoothness,True,357,212,0.33748769940792006,Means,2
WDBC__04,WDBC,mean smoothness,True,357,212,0.38439156185244217,Means,2
WDBC__04,WDBC,mean smoothness,True,357,212,0.4378140983584905,Means,2
WDBC__04,WDBC,mean smoothness,True,357,212,0.4986612708086434,Means,2
WDBC__04,WDBC,mean smoothness,True,357,212,0.5679649511900395,Means,2
WDBC__04,WDBC,mean smoothness,True,357,212,0.6469004205142944,Means,2
WDBC__04,WDBC,mean smoothness,True,357,212,0.7368062997280774,Means,2
WDBC__04,WDBC,mean smoothness,True,357,212,0.8392072506111242,Means,2
WDBC__04,WDBC,mean smoothness,True,357,212,0.9558398316330861,Means,2
WDBC__04,WDBC,mean smoothness,True,357,212,1.0886819472437184,Means,2
WDBC__04,WDBC,mean smoothness,True,357,212,1.2399863900098937,Means,2
WDBC__04,WDBC,mean smoothness,True,357,212,1.4123190444211153,Means,2
WDBC__04,WDBC,mean smoothness,True,357,212,1.6086024002397787,Means,2
WDBC__04,WDBC,mean smoothness,True,357,212,1.8321651133138896,Means,2
WDBC__04,WDBC,mean smoothness,True,357,212,2.0867984543253986,Means,2
WDBC__04,WDBC,mean smoothness,True,357,212,2.376820602755804,Means,2
WDBC__04,WDBC,mean smoothness,True,357,212,2.7071498763931694,Means,2
WDBC__04,WDBC,mean smoothness,True,357,212,3.083388138237417,Means,2
WDBC__04,WDBC,mean smoothness,True,357,212,3.511915795253308,Means,2
WDBC__04,WDBC,mean smoothness,True,357,212,4.0,Means,2
WDBC__05,WDBC,mean compactness,True,357,212,0.025,Observations,569
WDBC__05,WDBC,mean compactness,True,357,212,0.02847448681291267,Observations,569
WDBC__05,WDBC,mean compactness,True,357,212,0.032431855970349484,Observations,569
WDBC__05,WDBC,mean compactness,True,357,212,0.03693921820583997,Observations,569
WDBC__05,WDBC,mean compactness,True,357,212,0.04207301126725973,Observations,569
WDBC__05,WDBC,mean compactness,True,357,212,0.04792029618036453,Observations,569
WDBC__05,WDBC,mean compactness,True,357,212,0.05458023366634633,Observations,569
WDBC__05,WDBC,mean compactness,True,357,212,0.06216576575112282,Observations,569
WDBC__05,WDBC,mean compactness,True,357,212,0.07080553108379858,Observations,569
WDBC__05,WDBC,mean compactness,True,357,212,0.08064604644507599,Binned,130
WDBC__05,WDBC,mean compactness,True,357,212,0.0918541914405543,Binned,130
WDBC__05,WDBC,mean compactness,True,357,212,0.10462003851539275,Binned,130
WDBC__05,WDBC,mean compactness,True,357,212,0.11916007628291865,Binned,66
WDBC__05,WDBC,mean compactness,True,357,212,0.13572088082974534,Binned,66
WDBC__05,WDBC,mean compactness,True,357,212,0.15458329725693898,Binned,34
WDBC__05,WDBC,mean compactness,True,357,212,0.17606720236957066,Binned,34
WDBC__05,WDBC,mean compactness,True,357,212,0.20053692928235056,Binned,34
WDBC__05,WDBC,mean compactness,True,357,212,0.2284074459340916,Binned,34
WDBC__05,WDBC,mean compactness,True,357,212,0.2601513922888541,Binned,34
WDBC__05,WDBC,mean compactness,True,357,212,0.29630709556359386,Five-number,10
WDBC__05,WDBC,mean compactness,True,357,212,0.33748769940792006,Five-number,10
WDBC__05,WDBC,mean compactness,True,357,212,0.38439156185244217,Five-number,10
WDBC__05,WDBC,mean compactness,True,357,212,0.4378140983584905,Five-number,10
WDBC__05,WDBC,mean compactness,True,357,212,0.4986612708086434,Five-number,10
WDBC__05,WDBC,mean compactness,True,357,212,0.5679649511900395,Five-number,10
WDBC__05,WDBC,mean compactness,True,357,212,0.6469004205142944,Five-number,10
WDBC__05,WDBC,mean compactness,True,357,212,0.7368062997280774,Five-number,10
WDBC__05,WDBC,mean compactness,True,357,212,0.8392072506111242,Five-number,10
WDBC__05,WDBC,mean compactness,True,357,212,0.9558398316330861,Five-number,10
WDBC__05,WDBC,mean compactness,True,357,212,1.0886819472437184,Means,2
WDBC__05,WDBC,mean compactness,True,357,212,1.2399863900098937,Means,2
WDBC__05,WDBC,mean compactness,True,357,212,1.4123190444211153,Means,2
WDBC__05,WDBC,mean compactness,True,357,212,1.6086024002397787,Means,2
WDBC__05,WDBC,mean compactness,True,357,212,1.8321651133138896,Means,2
WDBC__05,WDBC,mean compactness,True,357,212,2.0867984543253986,Means,2
WDBC__05,WDBC,mean compactness,True,357,212,2.376820602755804,Means,2
WDBC__05,WDBC,mean compactness,True,357,212,2.7071498763931694,Means,2
WDBC__05,WDBC,mean compactness,True,357,212,3.083388138237417,Means,2
WDBC__05,WDBC,mean compactness,True,357,212,3.511915795253308,Means,2
WDBC__05,WDBC,mean compactness,True,357,212,4.0,Means,2
WDBC__06,WDBC,mean concavity,True,357,212,0.025,Observations,569
WDBC__06,WDBC,mean concavity,True,357,212,0.02847448681291267,Observations,569
WDBC__06,WDBC,mean concavity,True,357,212,0.032431855970349484,Observations,569
WDBC__06,WDBC,mean concavity,True,357,212,0.03693921820583997,Observations,569
WDBC__06,WDBC,mean concavity,True,357,212,0.04207301126725973,Observations,569
WDBC__06,WDBC,mean concavity,True,357,212,0.04792029618036453,Observations,569
WDBC__06,WDBC,mean concavity,True,357,212,0.05458023366634633,Observations,569
WDBC__06,WDBC,mean concavity,True,357,212,0.06216576575112282,Observations,569
WDBC__06,WDBC,mean concavity,True,357,212,0.07080553108379858,Observations,569
WDBC__06,WDBC,mean concavity,True,357,212,0.08064604644507599,Observations,569
WDBC__06,WDBC,mean concavity,True,357,212,0.0918541914405543,Observations,569
WDBC__06,WDBC,mean concavity,True,357,212,0.10462003851539275,Observations,569
WDBC__06,WDBC,mean concavity,True,357,212,0.11916007628291865,Observations,569
WDBC__06,WDBC,mean concavity,True,357,212,0.13572088082974534,Observations,569
WDBC__06,WDBC,mean concavity,True,357,212,0.15458329725693898,Observations,569
WDBC__06,WDBC,mean concavity,True,357,212,0.17606720236957066,Observations,569
WDBC__06,WDBC,mean concavity,True,357,212,0.20053692928235056,Binned,66
WDBC__06,WDBC,mean concavity,True,357,212,0.2284074459340916,Binned,34
WDBC__06,WDBC,mean concavity,True,357,212,0.2601513922888541,Binned,18
WDBC__06,WDBC,mean concavity,True,357,212,0.29630709556359386,Binned,18
WDBC__06,WDBC,mean concavity,True,357,212,0.33748769940792006,Binned,18
WDBC__06,WDBC,mean concavity,True,357,212,0.38439156185244217,Binned,18
WDBC__06,WDBC,mean concavity,True,357,212,0.4378140983584905,Binned,18
WDBC__06,WDBC,mean concavity,True,357,212,0.4986612708086434,Binned,18
WDBC__06,WDBC,mean concavity,True,357,212,0.5679649511900395,Binned,18
WDBC__06,WDBC,mean concavity,True,357,212,0.6469004205142944,Binned,18
WDBC__06,WDBC,mean concavity,True,357,212,0.7368062997280774,Binned,18
WDBC__06,WDBC,mean concavity,True,357,212,0.8392072506111242,Binned,10
WDBC__06,WDBC,mean concavity,True,357,212,0.9558398316330861,Binned,10
WDBC__06,WDBC,mean concavity,True,357,212,1.0886819472437184,Binned,10
WDBC__06,WDBC,mean concavity,True,357,212,1.2399863900098937,Binned,10
WDBC__06,WDBC,mean concavity,True,357,212,1.4123190444211153,Binned,10
WDBC__06,WDBC,mean concavity,True,357,212,1.6086024002397787,Binned,10
WDBC__06,WDBC,mean concavity,True,357,212,1.8321651133138896,Means,2
WDBC__06,WDBC,mean concavity,True,357,212,2.0867984543253986,Means,2
WDBC__06,WDBC,mean concavity,True,357,212,2.376820602755804,Means,2
WDBC__06,WDBC,mean concavity,True,357,212,2.7071498763931694,Means,2
WDBC__06,WDBC,mean concavity,True,357,212,3.083388138237417,Means,2
WDBC__06,WDBC,mean concavity,True,357,212,3.511915795253308,Means,2
WDBC__06,WDBC,mean concavity,True,357,212,4.0,Means,2
WDBC__07,WDBC,mean concave points,True,357,212,0.025,Observations,569
WDBC__07,WDBC,mean concave points,True,357,212,0.02847448681291267,Observations,569
WDBC__07,WDBC,mean concave points,True,357,212,0.032431855970349484,Observations,569
WDBC__07,WDBC,mean concave points,True,357,212,0.03693921820583997,Observations,569
WDBC__07,WDBC,mean concave points,True,357,212,0.04207301126725973,Observations,569
WDBC__07,WDBC,mean concave points,True,357,212,0.04792029618036453,Observations,569
WDBC__07,WDBC,mean concave points,True,357,212,0.05458023366634633,Observations,569
WDBC__07,WDBC,mean concave points,True,357,212,0.06216576575112282,Observations,569
WDBC__07,WDBC,mean concave points,True,357,212,0.07080553108379858,Observations,569
WDBC__07,WDBC,mean concave points,True,357,212,0.08064604644507599,Observations,569
WDBC__07,WDBC,mean concave points,True,357,212,0.0918541914405543,Observations,569
WDBC__07,WDBC,mean concave points,True,357,212,0.10462003851539275,Observations,569
WDBC__07,WDBC,mean concave points,True,357,212,0.11916007628291865,Binned,66
WDBC__07,WDBC,mean concave points,True,357,212,0.13572088082974534,Binned,66
WDBC__07,WDBC,mean concave points,True,357,212,0.15458329725693898,Binned,66
WDBC__07,WDBC,mean concave points,True,357,212,0.17606720236957066,Binned,34
WDBC__07,WDBC,mean concave points,True,357,212,0.20053692928235056,Binned,34
WDBC__07,WDBC,mean concave points,True,357,212,0.2284074459340916,Binned,34
WDBC__07,WDBC,mean concave points,True,357,212,0.2601513922888541,Binned,34
WDBC__07,WDBC,mean concave points,True,357,212,0.29630709556359386,Binned,18
WDBC__07,WDBC,mean concave points,True,357,212,0.33748769940792006,Binned,18
WDBC__07,WDBC,mean concave points,True,357,212,0.38439156185244217,Binned,18
WDBC__07,WDBC,mean concave points,True,357,212,0.4378140983584905,Binned,18
WDBC__07,WDBC,mean concave points,True,357,212,0.4986612708086434,Binned,18
WDBC__07,WDBC,mean concave points,True,357,212,0.5679649511900395,Binned,10
WDBC__07,WDBC,mean concave points,True,357,212,0.6469004205142944,Binned,10
WDBC__07,WDBC,mean concave points,True,357,212,0.7368062997280774,Binned,10
WDBC__07,WDBC,mean concave points,True,357,212,0.8392072506111242,Binned,10
WDBC__07,WDBC,mean concave points,True,357,212,0.9558398316330861,Binned,10
WDBC__07,WDBC,mean concave points,True,357,212,1.0886819472437184,Binned,10
WDBC__07,WDBC,mean concave points,True,357,212,1.2399863900098937,Binned,10
WDBC__07,WDBC,mean concave points,True,357,212,1.4123190444211153,Means,2
WDBC__07,WDBC,mean concave points,True,357,212,1.6086024002397787,Means,2
WDBC__07,WDBC,mean concave points,True,357,212,1.8321651133138896,Means,2
WDBC__07,WDBC,mean concave points,True,357,212,2.0867984543253986,Means,2
WDBC__07,WDBC,mean concave points,True,357,212,2.376820602755804,Means,2
WDBC__07,WDBC,mean concave points,True,357,212,2.7071498763931694,Means,2
WDBC__07,WDBC,mean concave points,True,357,212,3.083388138237417,Means,2
WDBC__07,WDBC,mean concave points,True,357,212,3.511915795253308,Means,2
WDBC__07,WDBC,mean concave points,True,357,212,4.0,Means,2
WDBC__08,WDBC,mean symmetry,True,357,212,0.025,Observations,569
WDBC__08,WDBC,mean symmetry,True,357,212,0.02847448681291267,Observations,569
WDBC__08,WDBC,mean symmetry,True,357,212,0.032431855970349484,Observations,569
WDBC__08,WDBC,mean symmetry,True,357,212,0.03693921820583997,Observations,569
WDBC__08,WDBC,mean symmetry,True,357,212,0.04207301126725973,Observations,569
WDBC__08,WDBC,mean symmetry,True,357,212,0.04792029618036453,Observations,569
WDBC__08,WDBC,mean symmetry,True,357,212,0.05458023366634633,Observations,569
WDBC__08,WDBC,mean symmetry,True,357,212,0.06216576575112282,Observations,569
WDBC__08,WDBC,mean symmetry,True,357,212,0.07080553108379858,Observations,569
WDBC__08,WDBC,mean symmetry,True,357,212,0.08064604644507599,Binned,130
WDBC__08,WDBC,mean symmetry,True,357,212,0.0918541914405543,Binned,130
WDBC__08,WDBC,mean symmetry,True,357,212,0.10462003851539275,Binned,130
WDBC__08,WDBC,mean symmetry,True,357,212,0.11916007628291865,Binned,130
WDBC__08,WDBC,mean symmetry,True,357,212,0.13572088082974534,Density,34
WDBC__08,WDBC,mean symmetry,True,357,212,0.15458329725693898,Density,34
WDBC__08,WDBC,mean symmetry,True,357,212,0.17606720236957066,Density,34
WDBC__08,WDBC,mean symmetry,True,357,212,0.20053692928235056,Binned,18
WDBC__08,WDBC,mean symmetry,True,357,212,0.2284074459340916,Binned,18
WDBC__08,WDBC,mean symmetry,True,357,212,0.2601513922888541,Binned,18
WDBC__08,WDBC,mean symmetry,True,357,212,0.29630709556359386,Binned,18
WDBC__08,WDBC,mean symmetry,True,357,212,0.33748769940792006,Five-number,10
WDBC__08,WDBC,mean symmetry,True,357,212,0.38439156185244217,Five-number,10
WDBC__08,WDBC,mean symmetry,True,357,212,0.4378140983584905,Means,2
WDBC__08,WDBC,mean symmetry,True,357,212,0.4986612708086434,Means,2
WDBC__08,WDBC,mean symmetry,True,357,212,0.5679649511900395,Means,2
WDBC__08,WDBC,mean symmetry,True,357,212,0.6469004205142944,Means,2
WDBC__08,WDBC,mean symmetry,True,357,212,0.7368062997280774,Means,2
WDBC__08,WDBC,mean symmetry,True,357,212,0.8392072506111242,Means,2
WDBC__08,WDBC,mean symmetry,True,357,212,0.9558398316330861,Means,2
WDBC__08,WDBC,mean symmetry,True,357,212,1.0886819472437184,Means,2
WDBC__08,WDBC,mean symmetry,True,357,212,1.2399863900098937,Means,2
WDBC__08,WDBC,mean symmetry,True,357,212,1.4123190444211153,Means,2
WDBC__08,WDBC,mean symmetry,True,357,212,1.6086024002397787,Means,2
WDBC__08,WDBC,mean symmetry,True,357,212,1.8321651133138896,Means,2
WDBC__08,WDBC,mean symmetry,True,357,212,2.0867984543253986,Means,2
WDBC__08,WDBC,mean symmetry,True,357,212,2.376820602755804,Means,2
WDBC__08,WDBC,mean symmetry,True,357,212,2.7071498763931694,Means,2
WDBC__08,WDBC,mean symmetry,True,357,212,3.083388138237417,Means,2
WDBC__08,WDBC,mean symmetry,True,357,212,3.511915795253308,Means,2
WDBC__08,WDBC,mean symmetry,True,357,212,4.0,Means,2
WDBC__09,WDBC,mean fractal dimension,True,357,212,0.025,Observations,569
WDBC__09,WDBC,mean fractal dimension,True,357,212,0.02847448681291267,Observations,569
WDBC__09,WDBC,mean fractal dimension,True,357,212,0.032431855970349484,Observations,569
WDBC__09,WDBC,mean fractal dimension,True,357,212,0.03693921820583997,Observations,569
WDBC__09,WDBC,mean fractal dimension,True,357,212,0.04207301126725973,Observations,569
WDBC__09,WDBC,mean fractal dimension,True,357,212,0.04792029618036453,Observations,569
WDBC__09,WDBC,mean fractal dimension,True,357,212,0.05458023366634633,Observations,569
WDBC__09,WDBC,mean fractal dimension,True,357,212,0.06216576575112282,Observations,569
WDBC__09,WDBC,mean fractal dimension,True,357,212,0.07080553108379858,Observations,569
WDBC__09,WDBC,mean fractal dimension,True,357,212,0.08064604644507599,Observations,569
WDBC__09,WDBC,mean fractal dimension,True,357,212,0.0918541914405543,Observations,569
WDBC__09,WDBC,mean fractal dimension,True,357,212,0.10462003851539275,Observations,569
WDBC__09,WDBC,mean fractal dimension,True,357,212,0.11916007628291865,Observations,569
WDBC__09,WDBC,mean fractal dimension,True,357,212,0.13572088082974534,Binned,66
WDBC__09,WDBC,mean fractal dimension,True,357,212,0.15458329725693898,Binned,66
WDBC__09,WDBC,mean fractal dimension,True,357,212,0.17606720236957066,Binned,34
WDBC__09,WDBC,mean fractal dimension,True,357,212,0.20053692928235056,Binned,34
WDBC__09,WDBC,mean fractal dimension,True,357,212,0.2284074459340916,Binned,18
WDBC__09,WDBC,mean fractal dimension,True,357,212,0.2601513922888541,Binned,18
WDBC__09,WDBC,mean fractal dimension,True,357,212,0.29630709556359386,Five-number,10
WDBC__09,WDBC,mean fractal dimension,True,357,212,0.33748769940792006,Five-number,10
WDBC__09,WDBC,mean fractal dimension,True,357,212,0.38439156185244217,Five-number,10
WDBC__09,WDBC,mean fractal dimension,True,357,212,0.4378140983584905,Five-number,10
WDBC__09,WDBC,mean fractal dimension,True,357,212,0.4986612708086434,Five-number,10
WDBC__09,WDBC,mean fractal dimension,True,357,212,0.5679649511900395,Means,2
WDBC__09,WDBC,mean fractal dimension,True,357,212,0.6469004205142944,Means,2
WDBC__09,WDBC,mean fractal dimension,True,357,212,0.7368062997280774,Means,2
WDBC__09,WDBC,mean fractal dimension,True,357,212,0.8392072506111242,Means,2
WDBC__09,WDBC,mean fractal dimension,True,357,212,0.9558398316330861,Means,2
WDBC__09,WDBC,mean fractal dimension,True,357,212,1.0886819472437184,Means,2
WDBC__09,WDBC,mean fractal dimension,True,357,212,1.2399863900098937,Means,2
WDBC__09,WDBC,mean fractal dimension,True,357,212,1.4123190444211153,Means,2
WDBC__09,WDBC,mean fractal dimension,True,357,212,1.6086024002397787,Means,2
WDBC__09,WDBC,mean fractal dimension,True,357,212,1.8321651133138896,Means,2
WDBC__09,WDBC,mean fractal dimension,True,357,212,2.0867984543253986,Means,2
WDBC__09,WDBC,mean fractal dimension,True,357,212,2.376820602755804,Means,2
WDBC__09,WDBC,mean fractal dimension,True,357,212,2.7071498763931694,Means,2
WDBC__09,WDBC,mean fractal dimension,True,357,212,3.083388138237417,Means,2
WDBC__09,WDBC,mean fractal dimension,True,357,212,3.511915795253308,Means,2
WDBC__09,WDBC,mean fractal dimension,True,357,212,4.0,Means,2
WDBC__10,WDBC,radius error,True,357,212,0.025,Observations,569
WDBC__10,WDBC,radius error,True,357,212,0.02847448681291267,Observations,569
WDBC__10,WDBC,radius error,True,357,212,0.032431855970349484,Observations,569
WDBC__10,WDBC,radius error,True,357,212,0.03693921820583997,Observations,569
WDBC__10,WDBC,radius error,True,357,212,0.04207301126725973,Observations,569
WDBC__10,WDBC,radius error,True,357,212,0.04792029618036453,Observations,569
WDBC__10,WDBC,radius error,True,357,212,0.05458023366634633,Observations,569
WDBC__10,WDBC,radius error,True,357,212,0.06216576575112282,Observations,569
WDBC__10,WDBC,radius error,True,357,212,0.07080553108379858,Observations,569
WDBC__10,WDBC,radius error,True,357,212,0.08064604644507599,Observations,569
WDBC__10,WDBC,radius error,True,357,212,0.0918541914405543,Observations,569
WDBC__10,WDBC,radius error,True,357,212,0.10462003851539275,Observations,569
WDBC__10,WDBC,radius error,True,357,212,0.11916007628291865,Observations,569
WDBC__10,WDBC,radius error,True,357,212,0.13572088082974534,Observations,569
WDBC__10,WDBC,radius error,True,357,212,0.15458329725693898,Observations,569
WDBC__10,WDBC,radius error,True,357,212,0.17606720236957066,Binned,130
WDBC__10,WDBC,radius error,True,357,212,0.20053692928235056,Binned,66
WDBC__10,WDBC,radius error,True,357,212,0.2284074459340916,Binned,66
WDBC__10,WDBC,radius error,True,357,212,0.2601513922888541,Binned,34
WDBC__10,WDBC,radius error,True,357,212,0.29630709556359386,Binned,18
WDBC__10,WDBC,radius error,True,357,212,0.33748769940792006,Binned,18
WDBC__10,WDBC,radius error,True,357,212,0.38439156185244217,Binned,18
WDBC__10,WDBC,radius error,True,357,212,0.4378140983584905,Binned,18
WDBC__10,WDBC,radius error,True,357,212,0.4986612708086434,Binned,18
WDBC__10,WDBC,radius error,True,357,212,0.5679649511900395,Binned,18
WDBC__10,WDBC,radius error,True,357,212,0.6469004205142944,Binned,18
WDBC__10,WDBC,radius error,True,357,212,0.7368062997280774,Binned,18
WDBC__10,WDBC,radius error,True,357,212,0.8392072506111242,Binned,18
WDBC__10,WDBC,radius error,True,357,212,0.9558398316330861,Binned,18
WDBC__10,WDBC,radius error,True,357,212,1.0886819472437184,Binned,18
WDBC__10,WDBC,radius error,True,357,212,1.2399863900098937,Binned,18
WDBC__10,WDBC,radius error,True,357,212,1.4123190444211153,Binned,10
WDBC__10,WDBC,radius error,True,357,212,1.6086024002397787,Means,2
WDBC__10,WDBC,radius error,True,357,212,1.8321651133138896,Means,2
WDBC__10,WDBC,radius error,True,357,212,2.0867984543253986,Means,2
WDBC__10,WDBC,radius error,True,357,212,2.376820602755804,Means,2
WDBC__10,WDBC,radius error,True,357,212,2.7071498763931694,Means,2
WDBC__10,WDBC,radius error,True,357,212,3.083388138237417,Means,2
WDBC__10,WDBC,radius error,True,357,212,3.511915795253308,Means,2
WDBC__10,WDBC,radius error,True,357,212,4.0,Means,2
WDBC__11,WDBC,texture error,True,357,212,0.025,Observations,569
WDBC__11,WDBC,texture error,True,357,212,0.02847448681291267,Observations,569
WDBC__11,WDBC,texture error,True,357,212,0.032431855970349484,Observations,569
WDBC__11,WDBC,texture error,True,357,212,0.03693921820583997,Observations,569
WDBC__11,WDBC,texture error,True,357,212,0.04207301126725973,Observations,569
WDBC__11,WDBC,texture error,True,357,212,0.04792029618036453,Observations,569
WDBC__11,WDBC,texture error,True,357,212,0.05458023366634633,Observations,569
WDBC__11,WDBC,texture error,True,357,212,0.06216576575112282,Observations,569
WDBC__11,WDBC,texture error,True,357,212,0.07080553108379858,Observations,569
WDBC__11,WDBC,texture error,True,357,212,0.08064604644507599,Observations,569
WDBC__11,WDBC,texture error,True,357,212,0.0918541914405543,Observations,569
WDBC__11,WDBC,texture error,True,357,212,0.10462003851539275,Observations,569
WDBC__11,WDBC,texture error,True,357,212,0.11916007628291865,Binned,130
WDBC__11,WDBC,texture error,True,357,212,0.13572088082974534,Binned,130
WDBC__11,WDBC,texture error,True,357,212,0.15458329725693898,Binned,66
WDBC__11,WDBC,texture error,True,357,212,0.17606720236957066,Binned,66
WDBC__11,WDBC,texture error,True,357,212,0.20053692928235056,Binned,34
WDBC__11,WDBC,texture error,True,357,212,0.2284074459340916,Binned,34
WDBC__11,WDBC,texture error,True,357,212,0.2601513922888541,Binned,18
WDBC__11,WDBC,texture error,True,357,212,0.29630709556359386,Binned,10
WDBC__11,WDBC,texture error,True,357,212,0.33748769940792006,Binned,10
WDBC__11,WDBC,texture error,True,357,212,0.38439156185244217,Binned,10
WDBC__11,WDBC,texture error,True,357,212,0.4378140983584905,Means,2
WDBC__11,WDBC,texture error,True,357,212,0.4986612708086434,Means,2
WDBC__11,WDBC,texture error,True,357,212,0.5679649511900395,Means,2
WDBC__11,WDBC,texture error,True,357,212,0.6469004205142944,Means,2
WDBC__11,WDBC,texture error,True,357,212,0.7368062997280774,Means,2
WDBC__11,WDBC,texture error,True,357,212,0.8392072506111242,Means,2
WDBC__11,WDBC,texture error,True,357,212,0.9558398316330861,Means,2
WDBC__11,WDBC,texture error,True,357,212,1.0886819472437184,Means,2
WDBC__11,WDBC,texture error,True,357,212,1.2399863900098937,Means,2
WDBC__11,WDBC,texture error,True,357,212,1.4123190444211153,Means,2
WDBC__11,WDBC,texture error,True,357,212,1.6086024002397787,Means,2
WDBC__11,WDBC,texture error,True,357,212,1.8321651133138896,Means,2
WDBC__11,WDBC,texture error,True,357,212,2.0867984543253986,Means,2
WDBC__11,WDBC,texture error,True,357,212,2.376820602755804,Means,2
WDBC__11,WDBC,texture error,True,357,212,2.7071498763931694,Means,2
WDBC__11,WDBC,texture error,True,357,212,3.083388138237417,Means,2
WDBC__11,WDBC,texture error,True,357,212,3.511915795253308,Means,2
WDBC__11,WDBC,texture error,True,357,212,4.0,Means,2
WDBC__12,WDBC,perimeter error,True,357,212,0.025,Observations,569
WDBC__12,WDBC,perimeter error,True,357,212,0.02847448681291267,Observations,569
WDBC__12,WDBC,perimeter error,True,357,212,0.032431855970349484,Observations,569
WDBC__12,WDBC,perimeter error,True,357,212,0.03693921820583997,Observations,569
WDBC__12,WDBC,perimeter error,True,357,212,0.04207301126725973,Observations,569
WDBC__12,WDBC,perimeter error,True,357,212,0.04792029618036453,Observations,569
WDBC__12,WDBC,perimeter error,True,357,212,0.05458023366634633,Observations,569
WDBC__12,WDBC,perimeter error,True,357,212,0.06216576575112282,Observations,569
WDBC__12,WDBC,perimeter error,True,357,212,0.07080553108379858,Observations,569
WDBC__12,WDBC,perimeter error,True,357,212,0.08064604644507599,Observations,569
WDBC__12,WDBC,perimeter error,True,357,212,0.0918541914405543,Observations,569
WDBC__12,WDBC,perimeter error,True,357,212,0.10462003851539275,Observations,569
WDBC__12,WDBC,perimeter error,True,357,212,0.11916007628291865,Observations,569
WDBC__12,WDBC,perimeter error,True,357,212,0.13572088082974534,Observations,569
WDBC__12,WDBC,perimeter error,True,357,212,0.15458329725693898,Binned,66
WDBC__12,WDBC,perimeter error,True,357,212,0.17606720236957066,Binned,66
WDBC__12,WDBC,perimeter error,True,357,212,0.20053692928235056,Binned,66
WDBC__12,WDBC,perimeter error,True,357,212,0.2284074459340916,Binned,66
WDBC__12,WDBC,perimeter error,True,357,212,0.2601513922888541,Binned,66
WDBC__12,WDBC,perimeter error,True,357,212,0.29630709556359386,Binned,66
WDBC__12,WDBC,perimeter error,True,357,212,0.33748769940792006,Binned,66
WDBC__12,WDBC,perimeter error,True,357,212,0.38439156185244217,Binned,66
WDBC__12,WDBC,perimeter error,True,357,212,0.4378140983584905,Binned,18
WDBC__12,WDBC,perimeter error,True,357,212,0.4986612708086434,Binned,18
WDBC__12,WDBC,perimeter error,True,357,212,0.5679649511900395,Binned,18
WDBC__12,WDBC,perimeter error,True,357,212,0.6469004205142944,Binned,18
WDBC__12,WDBC,perimeter error,True,357,212,0.7368062997280774,Binned,18
WDBC__12,WDBC,perimeter error,True,357,212,0.8392072506111242,Binned,18
WDBC__12,WDBC,perimeter error,True,357,212,0.9558398316330861,Binned,18
WDBC__12,WDBC,perimeter error,True,357,212,1.0886819472437184,Binned,18
WDBC__12,WDBC,perimeter error,True,357,212,1.2399863900098937,Binned,18
WDBC__12,WDBC,perimeter error,True,357,212,1.4123190444211153,Binned,18
WDBC__12,WDBC,perimeter error,True,357,212,1.6086024002397787,Binned,10
WDBC__12,WDBC,perimeter error,True,357,212,1.8321651133138896,Means,2
WDBC__12,WDBC,perimeter error,True,357,212,2.0867984543253986,Means,2
WDBC__12,WDBC,perimeter error,True,357,212,2.376820602755804,Means,2
WDBC__12,WDBC,perimeter error,True,357,212,2.7071498763931694,Means,2
WDBC__12,WDBC,perimeter error,True,357,212,3.083388138237417,Means,2
WDBC__12,WDBC,perimeter error,True,357,212,3.511915795253308,Means,2
WDBC__12,WDBC,perimeter error,True,357,212,4.0,Means,2
WDBC__13,WDBC,area error,True,357,212,0.025,Observations,569
WDBC__13,WDBC,area error,True,357,212,0.02847448681291267,Observations,569
WDBC__13,WDBC,area error,True,357,212,0.032431855970349484,Observations,569
WDBC__13,WDBC,area error,True,357,212,0.03693921820583997,Observations,569
WDBC__13,WDBC,area error,True,357,212,0.04207301126725973,Observations,569
WDBC__13,WDBC,area error,True,357,212,0.04792029618036453,Observations,569
WDBC__13,WDBC,area error,True,357,212,0.05458023366634633,Observations,569
WDBC__13,WDBC,area error,True,357,212,0.06216576575112282,Observations,569
WDBC__13,WDBC,area error,True,357,212,0.07080553108379858,Observations,569
WDBC__13,WDBC,area error,True,357,212,0.08064604644507599,Observations,569
WDBC__13,WDBC,area error,True,357,212,0.0918541914405543,Observations,569
WDBC__13,WDBC,area error,True,357,212,0.10462003851539275,Observations,569
WDBC__13,WDBC,area error,True,357,212,0.11916007628291865,Observations,569
WDBC__13,WDBC,area error,True,357,212,0.13572088082974534,Observations,569
WDBC__13,WDBC,area error,True,357,212,0.15458329725693898,Observations,569
WDBC__13,WDBC,area error,True,357,212,0.17606720236957066,Binned,130
WDBC__13,WDBC,area error,True,357,212,0.20053692928235056,Binned,130
WDBC__13,WDBC,area error,True,357,212,0.2284074459340916,Binned,130
WDBC__13,WDBC,area error,True,357,212,0.2601513922888541,Binned,130
WDBC__13,WDBC,area error,True,357,212,0.29630709556359386,Density,66
WDBC__13,WDBC,area error,True,357,212,0.33748769940792006,Binned,34
WDBC__13,WDBC,area error,True,357,212,0.38439156185244217,Binned,34
WDBC__13,WDBC,area error,True,357,212,0.4378140983584905,Binned,34
WDBC__13,WDBC,area error,True,357,212,0.4986612708086434,Binned,34
WDBC__13,WDBC,area error,True,357,212,0.5679649511900395,Binned,34
WDBC__13,WDBC,area error,True,357,212,0.6469004205142944,Binned,34
WDBC__13,WDBC,area error,True,357,212,0.7368062997280774,Binned,34
WDBC__13,WDBC,area error,True,357,212,0.8392072506111242,Binned,34
WDBC__13,WDBC,area error,True,357,212,0.9558398316330861,Binned,34
WDBC__13,WDBC,area error,True,357,212,1.0886819472437184,Density,18
WDBC__13,WDBC,area error,True,357,212,1.2399863900098937,Density,18
WDBC__13,WDBC,area error,True,357,212,1.4123190444211153,Density,18
WDBC__13,WDBC,area error,True,357,212,1.6086024002397787,Density,18
WDBC__13,WDBC,area error,True,357,212,1.8321651133138896,Means,2
WDBC__13,WDBC,area error,True,357,212,2.0867984543253986,Means,2
WDBC__13,WDBC,area error,True,357,212,2.376820602755804,Means,2
WDBC__13,WDBC,area error,True,357,212,2.7071498763931694,Means,2
WDBC__13,WDBC,area error,True,357,212,3.083388138237417,Means,2
WDBC__13,WDBC,area error,True,357,212,3.511915795253308,Means,2
WDBC__13,WDBC,area error,True,357,212,4.0,Means,2
WDBC__14,WDBC,smoothness error,True,357,212,0.025,Observations,569
WDBC__14,WDBC,smoothness error,True,357,212,0.02847448681291267,Observations,569
WDBC__14,WDBC,smoothness error,True,357,212,0.032431855970349484,Observations,569
WDBC__14,WDBC,smoothness error,True,357,212,0.03693921820583997,Observations,569
WDBC__14,WDBC,smoothness error,True,357,212,0.04207301126725973,Observations,569
WDBC__14,WDBC,smoothness error,True,357,212,0.04792029618036453,Observations,569
WDBC__14,WDBC,smoothness error,True,357,212,0.05458023366634633,Observations,569
WDBC__14,WDBC,smoothness error,True,357,212,0.06216576575112282,Binned,130
WDBC__14,WDBC,smoothness error,True,357,212,0.07080553108379858,Binned,130
WDBC__14,WDBC,smoothness error,True,357,212,0.08064604644507599,Binned,130
WDBC__14,WDBC,smoothness error,True,357,212,0.0918541914405543,Binned,130
WDBC__14,WDBC,smoothness error,True,357,212,0.10462003851539275,Binned,130
WDBC__14,WDBC,smoothness error,True,357,212,0.11916007628291865,Density,66
WDBC__14,WDBC,smoothness error,True,357,212,0.13572088082974534,Density,66
WDBC__14,WDBC,smoothness error,True,357,212,0.15458329725693898,Density,66
WDBC__14,WDBC,smoothness error,True,357,212,0.17606720236957066,Density,66
WDBC__14,WDBC,smoothness error,True,357,212,0.20053692928235056,Density,66
WDBC__14,WDBC,smoothness error,True,357,212,0.2284074459340916,Binned,34
WDBC__14,WDBC,smoothness error,True,357,212,0.2601513922888541,Binned,34
WDBC__14,WDBC,smoothness error,True,357,212,0.29630709556359386,Binned,34
WDBC__14,WDBC,smoothness error,True,357,212,0.33748769940792006,Binned,18
WDBC__14,WDBC,smoothness error,True,357,212,0.38439156185244217,Binned,18
WDBC__14,WDBC,smoothness error,True,357,212,0.4378140983584905,Binned,18
WDBC__14,WDBC,smoothness error,True,357,212,0.4986612708086434,Binned,18
WDBC__14,WDBC,smoothness error,True,357,212,0.5679649511900395,Binned,18
WDBC__14,WDBC,smoothness error,True,357,212,0.6469004205142944,Binned,10
WDBC__14,WDBC,smoothness error,True,357,212,0.7368062997280774,Means,2
WDBC__14,WDBC,smoothness error,True,357,212,0.8392072506111242,Means,2
WDBC__14,WDBC,smoothness error,True,357,212,0.9558398316330861,Means,2
WDBC__14,WDBC,smoothness error,True,357,212,1.0886819472437184,Means,2
WDBC__14,WDBC,smoothness error,True,357,212,1.2399863900098937,Means,2
WDBC__14,WDBC,smoothness error,True,357,212,1.4123190444211153,Means,2
WDBC__14,WDBC,smoothness error,True,357,212,1.6086024002397787,Means,2
WDBC__14,WDBC,smoothness error,True,357,212,1.8321651133138896,Means,2
WDBC__14,WDBC,smoothness error,True,357,212,2.0867984543253986,Means,2
WDBC__14,WDBC,smoothness error,True,357,212,2.376820602755804,Means,2
WDBC__14,WDBC,smoothness error,True,357,212,2.7071498763931694,Means,2
WDBC__14,WDBC,smoothness error,True,357,212,3.083388138237417,Means,2
WDBC__14,WDBC,smoothness error,True,357,212,3.511915795253308,Means,2
WDBC__14,WDBC,smoothness error,True,357,212,4.0,Means,2
WDBC__15,WDBC,compactness error,True,357,212,0.025,Observations,569
WDBC__15,WDBC,compactness error,True,357,212,0.02847448681291267,Observations,569
WDBC__15,WDBC,compactness error,True,357,212,0.032431855970349484,Observations,569
WDBC__15,WDBC,compactness error,True,357,212,0.03693921820583997,Observations,569
WDBC__15,WDBC,compactness error,True,357,212,0.04207301126725973,Observations,569
WDBC__15,WDBC,compactness error,True,357,212,0.04792029618036453,Observations,569
WDBC__15,WDBC,compactness error,True,357,212,0.05458023366634633,Observations,569
WDBC__15,WDBC,compactness error,True,357,212,0.06216576575112282,Observations,569
WDBC__15,WDBC,compactness error,True,357,212,0.07080553108379858,Observations,569
WDBC__15,WDBC,compactness error,True,357,212,0.08064604644507599,Observations,569
WDBC__15,WDBC,compactness error,True,357,212,0.0918541914405543,Binned,130
WDBC__15,WDBC,compactness error,True,357,212,0.10462003851539275,Binned,130
WDBC__15,WDBC,compactness error,True,357,212,0.11916007628291865,Binned,66
WDBC__15,WDBC,compactness error,True,357,212,0.13572088082974534,Binned,66
WDBC__15,WDBC,compactness error,True,357,212,0.15458329725693898,Binned,66
WDBC__15,WDBC,compactness error,True,357,212,0.17606720236957066,Binned,34
WDBC__15,WDBC,compactness error,True,357,212,0.20053692928235056,Binned,18
WDBC__15,WDBC,compactness error,True,357,212,0.2284074459340916,Binned,18
WDBC__15,WDBC,compactness error,True,357,212,0.2601513922888541,Binned,18
WDBC__15,WDBC,compactness error,True,357,212,0.29630709556359386,Binned,18
WDBC__15,WDBC,compactness error,True,357,212,0.33748769940792006,Binned,18
WDBC__15,WDBC,compactness error,True,357,212,0.38439156185244217,Means,2
WDBC__15,WDBC,compactness error,True,357,212,0.4378140983584905,Means,2
WDBC__15,WDBC,compactness error,True,357,212,0.4986612708086434,Means,2
WDBC__15,WDBC,compactness error,True,357,212,0.5679649511900395,Means,2
WDBC__15,WDBC,compactness error,True,357,212,0.6469004205142944,Means,2
WDBC__15,WDBC,compactness error,True,357,212,0.7368062997280774,Means,2
WDBC__15,WDBC,compactness error,True,357,212,0.8392072506111242,Means,2
WDBC__15,WDBC,compactness error,True,357,212,0.9558398316330861,Means,2
WDBC__15,WDBC,compactness error,True,357,212,1.0886819472437184,Means,2
WDBC__15,WDBC,compactness error,True,357,212,1.2399863900098937,Means,2
WDBC__15,WDBC,compactness error,True,357,212,1.4123190444211153,Means,2
WDBC__15,WDBC,compactness error,True,357,212,1.6086024002397787,Means,2
WDBC__15,WDBC,compactness error,True,357,212,1.8321651133138896,Means,2
WDBC__15,WDBC,compactness error,True,357,212,2.0867984543253986,Means,2
WDBC__15,WDBC,compactness error,True,357,212,2.376820602755804,Means,2
WDBC__15,WDBC,compactness error,True,357,212,2.7071498763931694,Means,2
WDBC__15,WDBC,compactness error,True,357,212,3.083388138237417,Means,2
WDBC__15,WDBC,compactness error,True,357,212,3.511915795253308,Means,2
WDBC__15,WDBC,compactness error,True,357,212,4.0,Means,2
WDBC__16,WDBC,concavity error,True,357,212,0.025,Observations,569
WDBC__16,WDBC,concavity error,True,357,212,0.02847448681291267,Observations,569
WDBC__16,WDBC,concavity error,True,357,212,0.032431855970349484,Observations,569
WDBC__16,WDBC,concavity error,True,357,212,0.03693921820583997,Observations,569
WDBC__16,WDBC,concavity error,True,357,212,0.04207301126725973,Observations,569
WDBC__16,WDBC,concavity error,True,357,212,0.04792029618036453,Observations,569
WDBC__16,WDBC,concavity error,True,357,212,0.05458023366634633,Observations,569
WDBC__16,WDBC,concavity error,True,357,212,0.06216576575112282,Observations,569
WDBC__16,WDBC,concavity error,True,357,212,0.07080553108379858,Observations,569
WDBC__16,WDBC,concavity error,True,357,212,0.08064604644507599,Observations,569
WDBC__16,WDBC,concavity error,True,357,212,0.0918541914405543,Observations,569
WDBC__16,WDBC,concavity error,True,357,212,0.10462003851539275,Binned,130
WDBC__16,WDBC,concavity error,True,357,212,0.11916007628291865,Binned,66
WDBC__16,WDBC,concavity error,True,357,212,0.13572088082974534,Binned,66
WDBC__16,WDBC,concavity error,True,357,212,0.15458329725693898,Binned,66
WDBC__16,WDBC,concavity error,True,357,212,0.17606720236957066,Binned,66
WDBC__16,WDBC,concavity error,True,357,212,0.20053692928235056,Binned,66
WDBC__16,WDBC,concavity error,True,357,212,0.2284074459340916,Means,2
WDBC__16,WDBC,concavity error,True,357,212,0.2601513922888541,Means,2
WDBC__16,WDBC,concavity error,True,357,212,0.29630709556359386,Means,2
WDBC__16,WDBC,concavity error,True,357,212,0.33748769940792006,Means,2
WDBC__16,WDBC,concavity error,True,357,212,0.38439156185244217,Means,2
WDBC__16,WDBC,concavity error,True,357,212,0.4378140983584905,Means,2
WDBC__16,WDBC,concavity error,True,357,212,0.4986612708086434,Means,2
WDBC__16,WDBC,concavity error,True,357,212,0.5679649511900395,Means,2
WDBC__16,WDBC,concavity error,True,357,212,0.6469004205142944,Means,2
WDBC__16,WDBC,concavity error,True,357,212,0.7368062997280774,Means,2
WDBC__16,WDBC,concavity error,True,357,212,0.8392072506111242,Means,2
WDBC__16,WDBC,concavity error,True,357,212,0.9558398316330861,Means,2
WDBC__16,WDBC,concavity error,True,357,212,1.0886819472437184,Means,2
WDBC__16,WDBC,concavity error,True,357,212,1.2399863900098937,Means,2
WDBC__16,WDBC,concavity error,True,357,212,1.4123190444211153,Means,2
WDBC__16,WDBC,concavity error,True,357,212,1.6086024002397787,Means,2
WDBC__16,WDBC,concavity error,True,357,212,1.8321651133138896,Means,2
WDBC__16,WDBC,concavity error,True,357,212,2.0867984543253986,Means,2
WDBC__16,WDBC,concavity error,True,357,212,2.376820602755804,Means,2
WDBC__16,WDBC,concavity error,True,357,212,2.7071498763931694,Means,2
WDBC__16,WDBC,concavity error,True,357,212,3.083388138237417,Means,2
WDBC__16,WDBC,concavity error,True,357,212,3.511915795253308,Means,2
WDBC__16,WDBC,concavity error,True,357,212,4.0,Means,2
WDBC__17,WDBC,concave points error,True,357,212,0.025,Observations,569
WDBC__17,WDBC,concave points error,True,357,212,0.02847448681291267,Observations,569
WDBC__17,WDBC,concave points error,True,357,212,0.032431855970349484,Observations,569
WDBC__17,WDBC,concave points error,True,357,212,0.03693921820583997,Observations,569
WDBC__17,WDBC,concave points error,True,357,212,0.04207301126725973,Observations,569
WDBC__17,WDBC,concave points error,True,357,212,0.04792029618036453,Observations,569
WDBC__17,WDBC,concave points error,True,357,212,0.05458023366634633,Observations,569
WDBC__17,WDBC,concave points error,True,357,212,0.06216576575112282,Observations,569
WDBC__17,WDBC,concave points error,True,357,212,0.07080553108379858,Observations,569
WDBC__17,WDBC,concave points error,True,357,212,0.08064604644507599,Observations,569
WDBC__17,WDBC,concave points error,True,357,212,0.0918541914405543,Observations,569
WDBC__17,WDBC,concave points error,True,357,212,0.10462003851539275,Observations,569
WDBC__17,WDBC,concave points error,True,357,212,0.11916007628291865,Observations,569
WDBC__17,WDBC,concave points error,True,357,212,0.13572088082974534,Binned,66
WDBC__17,WDBC,concave points error,True,357,212,0.15458329725693898,Binned,66
WDBC__17,WDBC,concave points error,True,357,212,0.17606720236957066,Binned,66
WDBC__17,WDBC,concave points error,True,357,212,0.20053692928235056,Binned,34
WDBC__17,WDBC,concave points error,True,357,212,0.2284074459340916,Binned,18
WDBC__17,WDBC,concave points error,True,357,212,0.2601513922888541,Binned,18
WDBC__17,WDBC,concave points error,True,357,212,0.29630709556359386,Binned,18
WDBC__17,WDBC,concave points error,True,357,212,0.33748769940792006,Means,2
WDBC__17,WDBC,concave points error,True,357,212,0.38439156185244217,Means,2
WDBC__17,WDBC,concave points error,True,357,212,0.4378140983584905,Means,2
WDBC__17,WDBC,concave points error,True,357,212,0.4986612708086434,Means,2
WDBC__17,WDBC,concave points error,True,357,212,0.5679649511900395,Means,2
WDBC__17,WDBC,concave points error,True,357,212,0.6469004205142944,Means,2
WDBC__17,WDBC,concave points error,True,357,212,0.7368062997280774,Means,2
WDBC__17,WDBC,concave points error,True,357,212,0.8392072506111242,Means,2
WDBC__17,WDBC,concave points error,True,357,212,0.9558398316330861,Means,2
WDBC__17,WDBC,concave points error,True,357,212,1.0886819472437184,Means,2
WDBC__17,WDBC,concave points error,True,357,212,1.2399863900098937,Means,2
WDBC__17,WDBC,concave points error,True,357,212,1.4123190444211153,Means,2
WDBC__17,WDBC,concave points error,True,357,212,1.6086024002397787,Means,2
WDBC__17,WDBC,concave points error,True,357,212,1.8321651133138896,Means,2
WDBC__17,WDBC,concave points error,True,357,212,2.0867984543253986,Means,2
WDBC__17,WDBC,concave points error,True,357,212,2.376820602755804,Means,2
WDBC__17,WDBC,concave points error,True,357,212,2.7071498763931694,Means,2
WDBC__17,WDBC,concave points error,True,357,212,3.083388138237417,Means,2
WDBC__17,WDBC,concave points error,True,357,212,3.511915795253308,Means,2
WDBC__17,WDBC,concave points error,True,357,212,4.0,Means,2
WDBC__18,WDBC,symmetry error,True,357,212,0.025,Observations,569
WDBC__18,WDBC,symmetry error,True,357,212,0.02847448681291267,Observations,569
WDBC__18,WDBC,symmetry error,True,357,212,0.032431855970349484,Observations,569
WDBC__18,WDBC,symmetry error,True,357,212,0.03693921820583997,Observations,569
WDBC__18,WDBC,symmetry error,True,357,212,0.04207301126725973,Observations,569
WDBC__18,WDBC,symmetry error,True,357,212,0.04792029618036453,Observations,569
WDBC__18,WDBC,symmetry error,True,357,212,0.05458023366634633,Observations,569
WDBC__18,WDBC,symmetry error,True,357,212,0.06216576575112282,Observations,569
WDBC__18,WDBC,symmetry error,True,357,212,0.07080553108379858,Observations,569
WDBC__18,WDBC,symmetry error,True,357,212,0.08064604644507599,Observations,569
WDBC__18,WDBC,symmetry error,True,357,212,0.0918541914405543,Observations,569
WDBC__18,WDBC,symmetry error,True,357,212,0.10462003851539275,Observations,569
WDBC__18,WDBC,symmetry error,True,357,212,0.11916007628291865,Observations,569
WDBC__18,WDBC,symmetry error,True,357,212,0.13572088082974534,Observations,569
WDBC__18,WDBC,symmetry error,True,357,212,0.15458329725693898,Observations,569
WDBC__18,WDBC,symmetry error,True,357,212,0.17606720236957066,Observations,569
WDBC__18,WDBC,symmetry error,True,357,212,0.20053692928235056,Observations,569
WDBC__18,WDBC,symmetry error,True,357,212,0.2284074459340916,Observations,569
WDBC__18,WDBC,symmetry error,True,357,212,0.2601513922888541,Observations,569
WDBC__18,WDBC,symmetry error,True,357,212,0.29630709556359386,Observations,569
WDBC__18,WDBC,symmetry error,True,357,212,0.33748769940792006,Observations,569
WDBC__18,WDBC,symmetry error,True,357,212,0.38439156185244217,Binned,34
WDBC__18,WDBC,symmetry error,True,357,212,0.4378140983584905,Binned,18
WDBC__18,WDBC,symmetry error,True,357,212,0.4986612708086434,Binned,18
WDBC__18,WDBC,symmetry error,True,357,212,0.5679649511900395,Binned,18
WDBC__18,WDBC,symmetry error,True,357,212,0.6469004205142944,Binned,10
WDBC__18,WDBC,symmetry error,True,357,212,0.7368062997280774,Binned,10
WDBC__18,WDBC,symmetry error,True,357,212,0.8392072506111242,Binned,10
WDBC__18,WDBC,symmetry error,True,357,212,0.9558398316330861,Binned,10
WDBC__18,WDBC,symmetry error,True,357,212,1.0886819472437184,Binned,10
WDBC__18,WDBC,symmetry error,True,357,212,1.2399863900098937,Binned,10
WDBC__18,WDBC,symmetry error,True,357,212,1.4123190444211153,Means,2
WDBC__18,WDBC,symmetry error,True,357,212,1.6086024002397787,Means,2
WDBC__18,WDBC,symmetry error,True,357,212,1.8321651133138896,Means,2
WDBC__18,WDBC,symmetry error,True,357,212,2.0867984543253986,Means,2
WDBC__18,WDBC,symmetry error,True,357,212,2.376820602755804,Means,2
WDBC__18,WDBC,symmetry error,True,357,212,2.7071498763931694,Means,2
WDBC__18,WDBC,symmetry error,True,357,212,3.083388138237417,Means,2
WDBC__18,WDBC,symmetry error,True,357,212,3.511915795253308,Means,2
WDBC__18,WDBC,symmetry error,True,357,212,4.0,Means,2
WDBC__19,WDBC,fractal dimension error,True,357,212,0.025,Observations,569
WDBC__19,WDBC,fractal dimension error,True,357,212,0.02847448681291267,Observations,569
WDBC__19,WDBC,fractal dimension error,True,357,212,0.032431855970349484,Observations,569
WDBC__19,WDBC,fractal dimension error,True,357,212,0.03693921820583997,Observations,569
WDBC__19,WDBC,fractal dimension error,True,357,212,0.04207301126725973,Observations,569
WDBC__19,WDBC,fractal dimension error,True,357,212,0.04792029618036453,Observations,569
WDBC__19,WDBC,fractal dimension error,True,357,212,0.05458023366634633,Observations,569
WDBC__19,WDBC,fractal dimension error,True,357,212,0.06216576575112282,Observations,569
WDBC__19,WDBC,fractal dimension error,True,357,212,0.07080553108379858,Observations,569
WDBC__19,WDBC,fractal dimension error,True,357,212,0.08064604644507599,Observations,569
WDBC__19,WDBC,fractal dimension error,True,357,212,0.0918541914405543,Observations,569
WDBC__19,WDBC,fractal dimension error,True,357,212,0.10462003851539275,Observations,569
WDBC__19,WDBC,fractal dimension error,True,357,212,0.11916007628291865,Observations,569
WDBC__19,WDBC,fractal dimension error,True,357,212,0.13572088082974534,Observations,569
WDBC__19,WDBC,fractal dimension error,True,357,212,0.15458329725693898,Binned,130
WDBC__19,WDBC,fractal dimension error,True,357,212,0.17606720236957066,Binned,130
WDBC__19,WDBC,fractal dimension error,True,357,212,0.20053692928235056,Binned,66
WDBC__19,WDBC,fractal dimension error,True,357,212,0.2284074459340916,Binned,34
WDBC__19,WDBC,fractal dimension error,True,357,212,0.2601513922888541,Binned,34
WDBC__19,WDBC,fractal dimension error,True,357,212,0.29630709556359386,Binned,18
WDBC__19,WDBC,fractal dimension error,True,357,212,0.33748769940792006,Binned,18
WDBC__19,WDBC,fractal dimension error,True,357,212,0.38439156185244217,Means,2
WDBC__19,WDBC,fractal dimension error,True,357,212,0.4378140983584905,Means,2
WDBC__19,WDBC,fractal dimension error,True,357,212,0.4986612708086434,Means,2
WDBC__19,WDBC,fractal dimension error,True,357,212,0.5679649511900395,Means,2
WDBC__19,WDBC,fractal dimension error,True,357,212,0.6469004205142944,Means,2
WDBC__19,WDBC,fractal dimension error,True,357,212,0.7368062997280774,Means,2
WDBC__19,WDBC,fractal dimension error,True,357,212,0.8392072506111242,Means,2
WDBC__19,WDBC,fractal dimension error,True,357,212,0.9558398316330861,Means,2
WDBC__19,WDBC,fractal dimension error,True,357,212,1.0886819472437184,Means,2
WDBC__19,WDBC,fractal dimension error,True,357,212,1.2399863900098937,Means,2
WDBC__19,WDBC,fractal dimension error,True,357,212,1.4123190444211153,Means,2
WDBC__19,WDBC,fractal dimension error,True,357,212,1.6086024002397787,Means,2
WDBC__19,WDBC,fractal dimension error,True,357,212,1.8321651133138896,Means,2
WDBC__19,WDBC,fractal dimension error,True,357,212,2.0867984543253986,Means,2
WDBC__19,WDBC,fractal dimension error,True,357,212,2.376820602755804,Means,2
WDBC__19,WDBC,fractal dimension error,True,357,212,2.7071498763931694,Means,2
WDBC__19,WDBC,fractal dimension error,True,357,212,3.083388138237417,Means,2
WDBC__19,WDBC,fractal dimension error,True,357,212,3.511915795253308,Means,2
WDBC__19,WDBC,fractal dimension error,True,357,212,4.0,Means,2
WDBC__20,WDBC,worst radius,True,357,212,0.025,Observations,569
WDBC__20,WDBC,worst radius,True,357,212,0.02847448681291267,Observations,569
WDBC__20,WDBC,worst radius,True,357,212,0.032431855970349484,Observations,569
WDBC__20,WDBC,worst radius,True,357,212,0.03693921820583997,Observations,569
WDBC__20,WDBC,worst radius,True,357,212,0.04207301126725973,Observations,569
WDBC__20,WDBC,worst radius,True,357,212,0.04792029618036453,Observations,569
WDBC__20,WDBC,worst radius,True,357,212,0.05458023366634633,Observations,569
WDBC__20,WDBC,worst radius,True,357,212,0.06216576575112282,Observations,569
WDBC__20,WDBC,worst radius,True,357,212,0.07080553108379858,Observations,569
WDBC__20,WDBC,worst radius,True,357,212,0.08064604644507599,Observations,569
WDBC__20,WDBC,worst radius,True,357,212,0.0918541914405543,Observations,569
WDBC__20,WDBC,worst radius,True,357,212,0.10462003851539275,Observations,569
WDBC__20,WDBC,worst radius,True,357,212,0.11916007628291865,Observations,569
WDBC__20,WDBC,worst radius,True,357,212,0.13572088082974534,Observations,569
WDBC__20,WDBC,worst radius,True,357,212,0.15458329725693898,Observations,569
WDBC__20,WDBC,worst radius,True,357,212,0.17606720236957066,Binned,34
WDBC__20,WDBC,worst radius,True,357,212,0.20053692928235056,Binned,34
WDBC__20,WDBC,worst radius,True,357,212,0.2284074459340916,Binned,34
WDBC__20,WDBC,worst radius,True,357,212,0.2601513922888541,Binned,34
WDBC__20,WDBC,worst radius,True,357,212,0.29630709556359386,Binned,34
WDBC__20,WDBC,worst radius,True,357,212,0.33748769940792006,Binned,18
WDBC__20,WDBC,worst radius,True,357,212,0.38439156185244217,Binned,18
WDBC__20,WDBC,worst radius,True,357,212,0.4378140983584905,Binned,18
WDBC__20,WDBC,worst radius,True,357,212,0.4986612708086434,Binned,18
WDBC__20,WDBC,worst radius,True,357,212,0.5679649511900395,Binned,18
WDBC__20,WDBC,worst radius,True,357,212,0.6469004205142944,Binned,18
WDBC__20,WDBC,worst radius,True,357,212,0.7368062997280774,Binned,18
WDBC__20,WDBC,worst radius,True,357,212,0.8392072506111242,Binned,18
WDBC__20,WDBC,worst radius,True,357,212,0.9558398316330861,Binned,18
WDBC__20,WDBC,worst radius,True,357,212,1.0886819472437184,Five-number,10
WDBC__20,WDBC,worst radius,True,357,212,1.2399863900098937,Five-number,10
WDBC__20,WDBC,worst radius,True,357,212,1.4123190444211153,Five-number,10
WDBC__20,WDBC,worst radius,True,357,212,1.6086024002397787,Means,2
WDBC__20,WDBC,worst radius,True,357,212,1.8321651133138896,Means,2
WDBC__20,WDBC,worst radius,True,357,212,2.0867984543253986,Means,2
WDBC__20,WDBC,worst radius,True,357,212,2.376820602755804,Means,2
WDBC__20,WDBC,worst radius,True,357,212,2.7071498763931694,Means,2
WDBC__20,WDBC,worst radius,True,357,212,3.083388138237417,Means,2
WDBC__20,WDBC,worst radius,True,357,212,3.511915795253308,Means,2
WDBC__20,WDBC,worst radius,True,357,212,4.0,Means,2
WDBC__21,WDBC,worst texture,True,357,212,0.025,Observations,569
WDBC__21,WDBC,worst texture,True,357,212,0.02847448681291267,Observations,569
WDBC__21,WDBC,worst texture,True,357,212,0.032431855970349484,Observations,569
WDBC__21,WDBC,worst texture,True,357,212,0.03693921820583997,Observations,569
WDBC__21,WDBC,worst texture,True,357,212,0.04207301126725973,Observations,569
WDBC__21,WDBC,worst texture,True,357,212,0.04792029618036453,Observations,569
WDBC__21,WDBC,worst texture,True,357,212,0.05458023366634633,Observations,569
WDBC__21,WDBC,worst texture,True,357,212,0.06216576575112282,Observations,569
WDBC__21,WDBC,worst texture,True,357,212,0.07080553108379858,Observations,569
WDBC__21,WDBC,worst texture,True,357,212,0.08064604644507599,Observations,569
WDBC__21,WDBC,worst texture,True,357,212,0.0918541914405543,Binned,66
WDBC__21,WDBC,worst texture,True,357,212,0.10462003851539275,Binned,66
WDBC__21,WDBC,worst texture,True,357,212,0.11916007628291865,Binned,66
WDBC__21,WDBC,worst texture,True,357,212,0.13572088082974534,Binned,34
WDBC__21,WDBC,worst texture,True,357,212,0.15458329725693898,Binned,34
WDBC__21,WDBC,worst texture,True,357,212,0.17606720236957066,Binned,18
WDBC__21,WDBC,worst texture,True,357,212,0.20053692928235056,Binned,18
WDBC__21,WDBC,worst texture,True,357,212,0.2284074459340916,Binned,18
WDBC__21,WDBC,worst texture,True,357,212,0.2601513922888541,Binned,18
WDBC__21,WDBC,worst texture,True,357,212,0.29630709556359386,Binned,18
WDBC__21,WDBC,worst texture,True,357,212,0.33748769940792006,Means,2
WDBC__21,WDBC,worst texture,True,357,212,0.38439156185244217,Means,2
WDBC__21,WDBC,worst texture,True,357,212,0.4378140983584905,Means,2
WDBC__21,WDBC,worst texture,True,357,212,0.4986612708086434,Means,2
WDBC__21,WDBC,worst texture,True,357,212,0.5679649511900395,Means,2
WDBC__21,WDBC,worst texture,True,357,212,0.6469004205142944,Means,2
WDBC__21,WDBC,worst texture,True,357,212,0.7368062997280774,Means,2
WDBC__21,WDBC,worst texture,True,357,212,0.8392072506111242,Means,2
WDBC__21,WDBC,worst texture,True,357,212,0.9558398316330861,Means,2
WDBC__21,WDBC,worst texture,True,357,212,1.0886819472437184,Means,2
WDBC__21,WDBC,worst texture,True,357,212,1.2399863900098937,Means,2
WDBC__21,WDBC,worst texture,True,357,212,1.4123190444211153,Means,2
WDBC__21,WDBC,worst texture,True,357,212,1.6086024002397787,Means,2
WDBC__21,WDBC,worst texture,True,357,212,1.8321651133138896,Means,2
WDBC__21,WDBC,worst texture,True,357,212,2.0867984543253986,Means,2
WDBC__21,WDBC,worst texture,True,357,212,2.376820602755804,Means,2
WDBC__21,WDBC,worst texture,True,357,212,2.7071498763931694,Means,2
WDBC__21,WDBC,worst texture,True,357,212,3.083388138237417,Means,2
WDBC__21,WDBC,worst texture,True,357,212,3.511915795253308,Means,2
WDBC__21,WDBC,worst texture,True,357,212,4.0,Means,2
WDBC__22,WDBC,worst perimeter,True,357,212,0.025,Observations,569
WDBC__22,WDBC,worst perimeter,True,357,212,0.02847448681291267,Observations,569
WDBC__22,WDBC,worst perimeter,True,357,212,0.032431855970349484,Observations,569
WDBC__22,WDBC,worst perimeter,True,357,212,0.03693921820583997,Observations,569
WDBC__22,WDBC,worst perimeter,True,357,212,0.04207301126725973,Observations,569
WDBC__22,WDBC,worst perimeter,True,357,212,0.04792029618036453,Observations,569
WDBC__22,WDBC,worst perimeter,True,357,212,0.05458023366634633,Observations,569
WDBC__22,WDBC,worst perimeter,True,357,212,0.06216576575112282,Observations,569
WDBC__22,WDBC,worst perimeter,True,357,212,0.07080553108379858,Observations,569
WDBC__22,WDBC,worst perimeter,True,357,212,0.08064604644507599,Observations,569
WDBC__22,WDBC,worst perimeter,True,357,212,0.0918541914405543,Observations,569
WDBC__22,WDBC,worst perimeter,True,357,212,0.10462003851539275,Observations,569
WDBC__22,WDBC,worst perimeter,True,357,212,0.11916007628291865,Observations,569
WDBC__22,WDBC,worst perimeter,True,357,212,0.13572088082974534,Observations,569
WDBC__22,WDBC,worst perimeter,True,357,212,0.15458329725693898,Binned,34
WDBC__22,WDBC,worst perimeter,True,357,212,0.17606720236957066,Binned,34
WDBC__22,WDBC,worst perimeter,True,357,212,0.20053692928235056,Binned,34
WDBC__22,WDBC,worst perimeter,True,357,212,0.2284074459340916,Binned,34
WDBC__22,WDBC,worst perimeter,True,357,212,0.2601513922888541,Binned,34
WDBC__22,WDBC,worst perimeter,True,357,212,0.29630709556359386,Binned,34
WDBC__22,WDBC,worst perimeter,True,357,212,0.33748769940792006,Density,18
WDBC__22,WDBC,worst perimeter,True,357,212,0.38439156185244217,Density,18
WDBC__22,WDBC,worst perimeter,True,357,212,0.4378140983584905,Density,18
WDBC__22,WDBC,worst perimeter,True,357,212,0.4986612708086434,Density,18
WDBC__22,WDBC,worst perimeter,True,357,212,0.5679649511900395,Density,18
WDBC__22,WDBC,worst perimeter,True,357,212,0.6469004205142944,Density,18
WDBC__22,WDBC,worst perimeter,True,357,212,0.7368062997280774,Density,18
WDBC__22,WDBC,worst perimeter,True,357,212,0.8392072506111242,Density,18
WDBC__22,WDBC,worst perimeter,True,357,212,0.9558398316330861,Density,18
WDBC__22,WDBC,worst perimeter,True,357,212,1.0886819472437184,Binned,10
WDBC__22,WDBC,worst perimeter,True,357,212,1.2399863900098937,Binned,10
WDBC__22,WDBC,worst perimeter,True,357,212,1.4123190444211153,Binned,10
WDBC__22,WDBC,worst perimeter,True,357,212,1.6086024002397787,Means,2
WDBC__22,WDBC,worst perimeter,True,357,212,1.8321651133138896,Means,2
WDBC__22,WDBC,worst perimeter,True,357,212,2.0867984543253986,Means,2
WDBC__22,WDBC,worst perimeter,True,357,212,2.376820602755804,Means,2
WDBC__22,WDBC,worst perimeter,True,357,212,2.7071498763931694,Means,2
WDBC__22,WDBC,worst perimeter,True,357,212,3.083388138237417,Means,2
WDBC__22,WDBC,worst perimeter,True,357,212,3.511915795253308,Means,2
WDBC__22,WDBC,worst perimeter,True,357,212,4.0,Means,2
WDBC__23,WDBC,worst area,True,357,212,0.025,Observations,569
WDBC__23,WDBC,worst area,True,357,212,0.02847448681291267,Observations,569
WDBC__23,WDBC,worst area,True,357,212,0.032431855970349484,Observations,569
WDBC__23,WDBC,worst area,True,357,212,0.03693921820583997,Observations,569
WDBC__23,WDBC,worst area,True,357,212,0.04207301126725973,Observations,569
WDBC__23,WDBC,worst area,True,357,212,0.04792029618036453,Observations,569
WDBC__23,WDBC,worst area,True,357,212,0.05458023366634633,Observations,569
WDBC__23,WDBC,worst area,True,357,212,0.06216576575112282,Observations,569
WDBC__23,WDBC,worst area,True,357,212,0.07080553108379858,Observations,569
WDBC__23,WDBC,worst area,True,357,212,0.08064604644507599,Observations,569
WDBC__23,WDBC,worst area,True,357,212,0.0918541914405543,Observations,569
WDBC__23,WDBC,worst area,True,357,212,0.10462003851539275,Observations,569
WDBC__23,WDBC,worst area,True,357,212,0.11916007628291865,Observations,569
WDBC__23,WDBC,worst area,True,357,212,0.13572088082974534,Observations,569
WDBC__23,WDBC,worst area,True,357,212,0.15458329725693898,Observations,569
WDBC__23,WDBC,worst area,True,357,212,0.17606720236957066,Binned,34
WDBC__23,WDBC,worst area,True,357,212,0.20053692928235056,Binned,34
WDBC__23,WDBC,worst area,True,357,212,0.2284074459340916,Binned,34
WDBC__23,WDBC,worst area,True,357,212,0.2601513922888541,Binned,34
WDBC__23,WDBC,worst area,True,357,212,0.29630709556359386,Binned,34
WDBC__23,WDBC,worst area,True,357,212,0.33748769940792006,Binned,34
WDBC__23,WDBC,worst area,True,357,212,0.38439156185244217,Binned,34
WDBC__23,WDBC,worst area,True,357,212,0.4378140983584905,Binned,34
WDBC__23,WDBC,worst area,True,357,212,0.4986612708086434,Binned,34
WDBC__23,WDBC,worst area,True,357,212,0.5679649511900395,Binned,18
WDBC__23,WDBC,worst area,True,357,212,0.6469004205142944,Binned,18
WDBC__23,WDBC,worst area,True,357,212,0.7368062997280774,Binned,18
WDBC__23,WDBC,worst area,True,357,212,0.8392072506111242,Binned,18
WDBC__23,WDBC,worst area,True,357,212,0.9558398316330861,Binned,10
WDBC__23,WDBC,worst area,True,357,212,1.0886819472437184,Binned,10
WDBC__23,WDBC,worst area,True,357,212,1.2399863900098937,Binned,10
WDBC__23,WDBC,worst area,True,357,212,1.4123190444211153,Binned,10
WDBC__23,WDBC,worst area,True,357,212,1.6086024002397787,Binned,10
WDBC__23,WDBC,worst area,True,357,212,1.8321651133138896,Binned,10
WDBC__23,WDBC,worst area,True,357,212,2.0867984543253986,Binned,10
WDBC__23,WDBC,worst area,True,357,212,2.376820602755804,Means,2
WDBC__23,WDBC,worst area,True,357,212,2.7071498763931694,Means,2
WDBC__23,WDBC,worst area,True,357,212,3.083388138237417,Means,2
WDBC__23,WDBC,worst area,True,357,212,3.511915795253308,Means,2
WDBC__23,WDBC,worst area,True,357,212,4.0,Means,2
WDBC__24,WDBC,worst smoothness,True,357,212,0.025,Observations,569
WDBC__24,WDBC,worst smoothness,True,357,212,0.02847448681291267,Observations,569
WDBC__24,WDBC,worst smoothness,True,357,212,0.032431855970349484,Observations,569
WDBC__24,WDBC,worst smoothness,True,357,212,0.03693921820583997,Observations,569
WDBC__24,WDBC,worst smoothness,True,357,212,0.04207301126725973,Observations,569
WDBC__24,WDBC,worst smoothness,True,357,212,0.04792029618036453,Observations,569
WDBC__24,WDBC,worst smoothness,True,357,212,0.05458023366634633,Observations,569
WDBC__24,WDBC,worst smoothness,True,357,212,0.06216576575112282,Observations,569
WDBC__24,WDBC,worst smoothness,True,357,212,0.07080553108379858,Observations,569
WDBC__24,WDBC,worst smoothness,True,357,212,0.08064604644507599,Observations,569
WDBC__24,WDBC,worst smoothness,True,357,212,0.0918541914405543,Observations,569
WDBC__24,WDBC,worst smoothness,True,357,212,0.10462003851539275,Observations,569
WDBC__24,WDBC,worst smoothness,True,357,212,0.11916007628291865,Observations,569
WDBC__24,WDBC,worst smoothness,True,357,212,0.13572088082974534,Density,66
WDBC__24,WDBC,worst smoothness,True,357,212,0.15458329725693898,Density,66
WDBC__24,WDBC,worst smoothness,True,357,212,0.17606720236957066,Density,34
WDBC__24,WDBC,worst smoothness,True,357,212,0.20053692928235056,Binned,18
WDBC__24,WDBC,worst smoothness,True,357,212,0.2284074459340916,Binned,18
WDBC__24,WDBC,worst smoothness,True,357,212,0.2601513922888541,Five-number,10
WDBC__24,WDBC,worst smoothness,True,357,212,0.29630709556359386,Five-number,10
WDBC__24,WDBC,worst smoothness,True,357,212,0.33748769940792006,Means,2
WDBC__24,WDBC,worst smoothness,True,357,212,0.38439156185244217,Means,2
WDBC__24,WDBC,worst smoothness,True,357,212,0.4378140983584905,Means,2
WDBC__24,WDBC,worst smoothness,True,357,212,0.4986612708086434,Means,2
WDBC__24,WDBC,worst smoothness,True,357,212,0.5679649511900395,Means,2
WDBC__24,WDBC,worst smoothness,True,357,212,0.6469004205142944,Means,2
WDBC__24,WDBC,worst smoothness,True,357,212,0.7368062997280774,Means,2
WDBC__24,WDBC,worst smoothness,True,357,212,0.8392072506111242,Means,2
WDBC__24,WDBC,worst smoothness,True,357,212,0.9558398316330861,Means,2
WDBC__24,WDBC,worst smoothness,True,357,212,1.0886819472437184,Means,2
WDBC__24,WDBC,worst smoothness,True,357,212,1.2399863900098937,Means,2
WDBC__24,WDBC,worst smoothness,True,357,212,1.4123190444211153,Means,2
WDBC__24,WDBC,worst smoothness,True,357,212,1.6086024002397787,Means,2
WDBC__24,WDBC,worst smoothness,True,357,212,1.8321651133138896,Means,2
WDBC__24,WDBC,worst smoothness,True,357,212,2.0867984543253986,Means,2
WDBC__24,WDBC,worst smoothness,True,357,212,2.376820602755804,Means,2
WDBC__24,WDBC,worst smoothness,True,357,212,2.7071498763931694,Means,2
WDBC__24,WDBC,worst smoothness,True,357,212,3.083388138237417,Means,2
WDBC__24,WDBC,worst smoothness,True,357,212,3.511915795253308,Means,2
WDBC__24,WDBC,worst smoothness,True,357,212,4.0,Means,2
WDBC__25,WDBC,worst compactness,True,357,212,0.025,Observations,569
WDBC__25,WDBC,worst compactness,True,357,212,0.02847448681291267,Observations,569
WDBC__25,WDBC,worst compactness,True,357,212,0.032431855970349484,Observations,569
WDBC__25,WDBC,worst compactness,True,357,212,0.03693921820583997,Observations,569
WDBC__25,WDBC,worst compactness,True,357,212,0.04207301126725973,Observations,569
WDBC__25,WDBC,worst compactness,True,357,212,0.04792029618036453,Observations,569
WDBC__25,WDBC,worst compactness,True,357,212,0.05458023366634633,Observations,569
WDBC__25,WDBC,worst compactness,True,357,212,0.06216576575112282,Observations,569
WDBC__25,WDBC,worst compactness,True,357,212,0.07080553108379858,Observations,569
WDBC__25,WDBC,worst compactness,True,357,212,0.08064604644507599,Observations,569
WDBC__25,WDBC,worst compactness,True,357,212,0.0918541914405543,Observations,569
WDBC__25,WDBC,worst compactness,True,357,212,0.10462003851539275,Observations,569
WDBC__25,WDBC,worst compactness,True,357,212,0.11916007628291865,Observations,569
WDBC__25,WDBC,worst compactness,True,357,212,0.13572088082974534,Binned,34
WDBC__25,WDBC,worst compactness,True,357,212,0.15458329725693898,Binned,34
WDBC__25,WDBC,worst compactness,True,357,212,0.17606720236957066,Binned,34
WDBC__25,WDBC,worst compactness,True,357,212,0.20053692928235056,Binned,34
WDBC__25,WDBC,worst compactness,True,357,212,0.2284074459340916,Binned,34
WDBC__25,WDBC,worst compactness,True,357,212,0.2601513922888541,Binned,34
WDBC__25,WDBC,worst compactness,True,357,212,0.29630709556359386,Binned,18
WDBC__25,WDBC,worst compactness,True,357,212,0.33748769940792006,Binned,18
WDBC__25,WDBC,worst compactness,True,357,212,0.38439156185244217,Binned,18
WDBC__25,WDBC,worst compactness,True,357,212,0.4378140983584905,Binned,18
WDBC__25,WDBC,worst compactness,True,357,212,0.4986612708086434,Binned,18
WDBC__25,WDBC,worst compactness,True,357,212,0.5679649511900395,Binned,18
WDBC__25,WDBC,worst compactness,True,357,212,0.6469004205142944,Binned,10
WDBC__25,WDBC,worst compactness,True,357,212,0.7368062997280774,Binned,10
WDBC__25,WDBC,worst compactness,True,357,212,0.8392072506111242,Binned,10
WDBC__25,WDBC,worst compactness,True,357,212,0.9558398316330861,Binned,10
WDBC__25,WDBC,worst compactness,True,357,212,1.0886819472437184,Binned,10
WDBC__25,WDBC,worst compactness,True,357,212,1.2399863900098937,Means,2
WDBC__25,WDBC,worst compactness,True,357,212,1.4123190444211153,Means,2
WDBC__25,WDBC,worst compactness,True,357,212,1.6086024002397787,Means,2
WDBC__25,WDBC,worst compactness,True,357,212,1.8321651133138896,Means,2
WDBC__25,WDBC,worst compactness,True,357,212,2.0867984543253986,Means,2
WDBC__25,WDBC,worst compactness,True,357,212,2.376820602755804,Means,2
WDBC__25,WDBC,worst compactness,True,357,212,2.7071498763931694,Means,2
WDBC__25,WDBC,worst compactness,True,357,212,3.083388138237417,Means,2
WDBC__25,WDBC,worst compactness,True,357,212,3.511915795253308,Means,2
WDBC__25,WDBC,worst compactness,True,357,212,4.0,Means,2
WDBC__26,WDBC,worst concavity,True,357,212,0.025,Observations,569
WDBC__26,WDBC,worst concavity,True,357,212,0.02847448681291267,Observations,569
WDBC__26,WDBC,worst concavity,True,357,212,0.032431855970349484,Observations,569
WDBC__26,WDBC,worst concavity,True,357,212,0.03693921820583997,Observations,569
WDBC__26,WDBC,worst concavity,True,357,212,0.04207301126725973,Observations,569
WDBC__26,WDBC,worst concavity,True,357,212,0.04792029618036453,Observations,569
WDBC__26,WDBC,worst concavity,True,357,212,0.05458023366634633,Observations,569
WDBC__26,WDBC,worst concavity,True,357,212,0.06216576575112282,Observations,569
WDBC__26,WDBC,worst concavity,True,357,212,0.07080553108379858,Observations,569
WDBC__26,WDBC,worst concavity,True,357,212,0.08064604644507599,Observations,569
WDBC__26,WDBC,worst concavity,True,357,212,0.0918541914405543,Observations,569
WDBC__26,WDBC,worst concavity,True,357,212,0.10462003851539275,Observations,569
WDBC__26,WDBC,worst concavity,True,357,212,0.11916007628291865,Observations,569
WDBC__26,WDBC,worst concavity,True,357,212,0.13572088082974534,Binned,66
WDBC__26,WDBC,worst concavity,True,357,212,0.15458329725693898,Density,34
WDBC__26,WDBC,worst concavity,True,357,212,0.17606720236957066,Density,34
WDBC__26,WDBC,worst concavity,True,357,212,0.20053692928235056,Density,34
WDBC__26,WDBC,worst concavity,True,357,212,0.2284074459340916,Density,34
WDBC__26,WDBC,worst concavity,True,357,212,0.2601513922888541,Density,34
WDBC__26,WDBC,worst concavity,True,357,212,0.29630709556359386,Density,34
WDBC__26,WDBC,worst concavity,True,357,212,0.33748769940792006,Density,34
WDBC__26,WDBC,worst concavity,True,357,212,0.38439156185244217,Binned,18
WDBC__26,WDBC,worst concavity,True,357,212,0.4378140983584905,Binned,18
WDBC__26,WDBC,worst concavity,True,357,212,0.4986612708086434,Binned,18
WDBC__26,WDBC,worst concavity,True,357,212,0.5679649511900395,Binned,18
WDBC__26,WDBC,worst concavity,True,357,212,0.6469004205142944,Means,2
WDBC__26,WDBC,worst concavity,True,357,212,0.7368062997280774,Means,2
WDBC__26,WDBC,worst concavity,True,357,212,0.8392072506111242,Means,2
WDBC__26,WDBC,worst concavity,True,357,212,0.9558398316330861,Means,2
WDBC__26,WDBC,worst concavity,True,357,212,1.0886819472437184,Means,2
WDBC__26,WDBC,worst concavity,True,357,212,1.2399863900098937,Means,2
WDBC__26,WDBC,worst concavity,True,357,212,1.4123190444211153,Means,2
WDBC__26,WDBC,worst concavity,True,357,212,1.6086024002397787,Means,2
WDBC__26,WDBC,worst concavity,True,357,212,1.8321651133138896,Means,2
WDBC__26,WDBC,worst concavity,True,357,212,2.0867984543253986,Means,2
WDBC__26,WDBC,worst concavity,True,357,212,2.376820602755804,Means,2
WDBC__26,WDBC,worst concavity,True,357,212,2.7071498763931694,Means,2
WDBC__26,WDBC,worst concavity,True,357,212,3.083388138237417,Means,2
WDBC__26,WDBC,worst concavity,True,357,212,3.511915795253308,Means,2
WDBC__26,WDBC,worst concavity,True,357,212,4.0,Means,2
WDBC__27,WDBC,worst concave points,True,357,212,0.025,Observations,569
WDBC__27,WDBC,worst concave points,True,357,212,0.02847448681291267,Observations,569
WDBC__27,WDBC,worst concave points,True,357,212,0.032431855970349484,Observations,569
WDBC__27,WDBC,worst concave points,True,357,212,0.03693921820583997,Observations,569
WDBC__27,WDBC,worst concave points,True,357,212,0.04207301126725973,Observations,569
WDBC__27,WDBC,worst concave points,True,357,212,0.04792029618036453,Observations,569
WDBC__27,WDBC,worst concave points,True,357,212,0.05458023366634633,Observations,569
WDBC__27,WDBC,worst concave points,True,357,212,0.06216576575112282,Observations,569
WDBC__27,WDBC,worst concave points,True,357,212,0.07080553108379858,Observations,569
WDBC__27,WDBC,worst concave points,True,357,212,0.08064604644507599,Observations,569
WDBC__27,WDBC,worst concave points,True,357,212,0.0918541914405543,Binned,130
WDBC__27,WDBC,worst concave points,True,357,212,0.10462003851539275,Binned,130
WDBC__27,WDBC,worst concave points,True,357,212,0.11916007628291865,Binned,66
WDBC__27,WDBC,worst concave points,True,357,212,0.13572088082974534,Binned,34
WDBC__27,WDBC,worst concave points,True,357,212,0.15458329725693898,Binned,34
WDBC__27,WDBC,worst concave points,True,357,212,0.17606720236957066,Binned,34
WDBC__27,WDBC,worst concave points,True,357,212,0.20053692928235056,Binned,18
WDBC__27,WDBC,worst concave points,True,357,212,0.2284074459340916,Binned,18
WDBC__27,WDBC,worst concave points,True,357,212,0.2601513922888541,Binned,18
WDBC__27,WDBC,worst concave points,True,357,212,0.29630709556359386,Binned,18
WDBC__27,WDBC,worst concave points,True,357,212,0.33748769940792006,Binned,18
WDBC__27,WDBC,worst concave points,True,357,212,0.38439156185244217,Binned,18
WDBC__27,WDBC,worst concave points,True,357,212,0.4378140983584905,Binned,18
WDBC__27,WDBC,worst concave points,True,357,212,0.4986612708086434,Means,2
WDBC__27,WDBC,worst concave points,True,357,212,0.5679649511900395,Means,2
WDBC__27,WDBC,worst concave points,True,357,212,0.6469004205142944,Means,2
WDBC__27,WDBC,worst concave points,True,357,212,0.7368062997280774,Means,2
WDBC__27,WDBC,worst concave points,True,357,212,0.8392072506111242,Means,2
WDBC__27,WDBC,worst concave points,True,357,212,0.9558398316330861,Means,2
WDBC__27,WDBC,worst concave points,True,357,212,1.0886819472437184,Means,2
WDBC__27,WDBC,worst concave points,True,357,212,1.2399863900098937,Means,2
WDBC__27,WDBC,worst concave points,True,357,212,1.4123190444211153,Means,2
WDBC__27,WDBC,worst concave points,True,357,212,1.6086024002397787,Means,2
WDBC__27,WDBC,worst concave points,True,357,212,1.8321651133138896,Means,2
WDBC__27,WDBC,worst concave points,True,357,212,2.0867984543253986,Means,2
WDBC__27,WDBC,worst concave points,True,357,212,2.376820602755804,Means,2
WDBC__27,WDBC,worst concave points,True,357,212,2.7071498763931694,Means,2
WDBC__27,WDBC,worst concave points,True,357,212,3.083388138237417,Means,2
WDBC__27,WDBC,worst concave points,True,357,212,3.511915795253308,Means,2
WDBC__27,WDBC,worst concave points,True,357,212,4.0,Means,2
WDBC__28,WDBC,worst symmetry,True,357,212,0.025,Observations,569
WDBC__28,WDBC,worst symmetry,True,357,212,0.02847448681291267,Observations,569
WDBC__28,WDBC,worst symmetry,True,357,212,0.032431855970349484,Observations,569
WDBC__28,WDBC,worst symmetry,True,357,212,0.03693921820583997,Observations,569
WDBC__28,WDBC,worst symmetry,True,357,212,0.04207301126725973,Observations,569
WDBC__28,WDBC,worst symmetry,True,357,212,0.04792029618036453,Observations,569
WDBC__28,WDBC,worst symmetry,True,357,212,0.05458023366634633,Observations,569
WDBC__28,WDBC,worst symmetry,True,357,212,0.06216576575112282,Observations,569
WDBC__28,WDBC,worst symmetry,True,357,212,0.07080553108379858,Observations,569
WDBC__28,WDBC,worst symmetry,True,357,212,0.08064604644507599,Observations,569
WDBC__28,WDBC,worst symmetry,True,357,212,0.0918541914405543,Observations,569
WDBC__28,WDBC,worst symmetry,True,357,212,0.10462003851539275,Observations,569
WDBC__28,WDBC,worst symmetry,True,357,212,0.11916007628291865,Observations,569
WDBC__28,WDBC,worst symmetry,True,357,212,0.13572088082974534,Observations,569
WDBC__28,WDBC,worst symmetry,True,357,212,0.15458329725693898,Observations,569
WDBC__28,WDBC,worst symmetry,True,357,212,0.17606720236957066,Observations,569
WDBC__28,WDBC,worst symmetry,True,357,212,0.20053692928235056,Observations,569
WDBC__28,WDBC,worst symmetry,True,357,212,0.2284074459340916,Density,130
WDBC__28,WDBC,worst symmetry,True,357,212,0.2601513922888541,Binned,66
WDBC__28,WDBC,worst symmetry,True,357,212,0.29630709556359386,Binned,66
WDBC__28,WDBC,worst symmetry,True,357,212,0.33748769940792006,Binned,18
WDBC__28,WDBC,worst symmetry,True,357,212,0.38439156185244217,Binned,18
WDBC__28,WDBC,worst symmetry,True,357,212,0.4378140983584905,Binned,18
WDBC__28,WDBC,worst symmetry,True,357,212,0.4986612708086434,Binned,18
WDBC__28,WDBC,worst symmetry,True,357,212,0.5679649511900395,Binned,18
WDBC__28,WDBC,worst symmetry,True,357,212,0.6469004205142944,Binned,18
WDBC__28,WDBC,worst symmetry,True,357,212,0.7368062997280774,Binned,18
WDBC__28,WDBC,worst symmetry,True,357,212,0.8392072506111242,Binned,18
WDBC__28,WDBC,worst symmetry,True,357,212,0.9558398316330861,Binned,10
WDBC__28,WDBC,worst symmetry,True,357,212,1.0886819472437184,Binned,10
WDBC__28,WDBC,worst symmetry,True,357,212,1.2399863900098937,Binned,10
WDBC__28,WDBC,worst symmetry,True,357,212,1.4123190444211153,Binned,10
WDBC__28,WDBC,worst symmetry,True,357,212,1.6086024002397787,Means,2
WDBC__28,WDBC,worst symmetry,True,357,212,1.8321651133138896,Means,2
WDBC__28,WDBC,worst symmetry,True,357,212,2.0867984543253986,Means,2
WDBC__28,WDBC,worst symmetry,True,357,212,2.376820602755804,Means,2
WDBC__28,WDBC,worst symmetry,True,357,212,2.7071498763931694,Means,2
WDBC__28,WDBC,worst symmetry,True,357,212,3.083388138237417,Means,2
WDBC__28,WDBC,worst symmetry,True,357,212,3.511915795253308,Means,2
WDBC__28,WDBC,worst symmetry,True,357,212,4.0,Means,2
WDBC__29,WDBC,worst fractal dimension,True,357,212,0.025,Observations,569
WDBC__29,WDBC,worst fractal dimension,True,357,212,0.02847448681291267,Observations,569
WDBC__29,WDBC,worst fractal dimension,True,357,212,0.032431855970349484,Observations,569
WDBC__29,WDBC,worst fractal dimension,True,357,212,0.03693921820583997,Observations,569
WDBC__29,WDBC,worst fractal dimension,True,357,212,0.04207301126725973,Observations,569
WDBC__29,WDBC,worst fractal dimension,True,357,212,0.04792029618036453,Observations,569
WDBC__29,WDBC,worst fractal dimension,True,357,212,0.05458023366634633,Observations,569
WDBC__29,WDBC,worst fractal dimension,True,357,212,0.06216576575112282,Observations,569
WDBC__29,WDBC,worst fractal dimension,True,357,212,0.07080553108379858,Observations,569
WDBC__29,WDBC,worst fractal dimension,True,357,212,0.08064604644507599,Observations,569
WDBC__29,WDBC,worst fractal dimension,True,357,212,0.0918541914405543,Binned,66
WDBC__29,WDBC,worst fractal dimension,True,357,212,0.10462003851539275,Binned,66
WDBC__29,WDBC,worst fractal dimension,True,357,212,0.11916007628291865,Binned,66
WDBC__29,WDBC,worst fractal dimension,True,357,212,0.13572088082974534,Binned,66
WDBC__29,WDBC,worst fractal dimension,True,357,212,0.15458329725693898,Binned,66
WDBC__29,WDBC,worst fractal dimension,True,357,212,0.17606720236957066,Density,34
WDBC__29,WDBC,worst fractal dimension,True,357,212,0.20053692928235056,Density,34
WDBC__29,WDBC,worst fractal dimension,True,357,212,0.2284074459340916,Density,34
WDBC__29,WDBC,worst fractal dimension,True,357,212,0.2601513922888541,Density,34
WDBC__29,WDBC,worst fractal dimension,True,357,212,0.29630709556359386,Density,34
WDBC__29,WDBC,worst fractal dimension,True,357,212,0.33748769940792006,Binned,18
WDBC__29,WDBC,worst fractal dimension,True,357,212,0.38439156185244217,Binned,18
WDBC__29,WDBC,worst fractal dimension,True,357,212,0.4378140983584905,Binned,18
WDBC__29,WDBC,worst fractal dimension,True,357,212,0.4986612708086434,Binned,18
WDBC__29,WDBC,worst fractal dimension,True,357,212,0.5679649511900395,Binned,18
WDBC__29,WDBC,worst fractal dimension,True,357,212,0.6469004205142944,Binned,10
WDBC__29,WDBC,worst fractal dimension,True,357,212,0.7368062997280774,Means,2
WDBC__29,WDBC,worst fractal dimension,True,357,212,0.8392072506111242,Means,2
WDBC__29,WDBC,worst fractal dimension,True,357,212,0.9558398316330861,Means,2
WDBC__29,WDBC,worst fractal dimension,True,357,212,1.0886819472437184,Means,2
WDBC__29,WDBC,worst fractal dimension,True,357,212,1.2399863900098937,Means,2
WDBC__29,WDBC,worst fractal dimension,True,357,212,1.4123190444211153,Means,2
WDBC__29,WDBC,worst fractal dimension,True,357,212,1.6086024002397787,Means,2
WDBC__29,WDBC,worst fractal dimension,True,357,212,1.8321651133138896,Means,2
WDBC__29,WDBC,worst fractal dimension,True,357,212,2.0867984543253986,Means,2
WDBC__29,WDBC,worst fractal dimension,True,357,212,2.376820602755804,Means,2
WDBC__29,WDBC,worst fractal dimension,True,357,212,2.7071498763931694,Means,2
WDBC__29,WDBC,worst fractal dimension,True,357,212,3.083388138237417,Means,2
WDBC__29,WDBC,worst fractal dimension,True,357,212,3.511915795253308,Means,2
WDBC__29,WDBC,worst fractal dimension,True,357,212,4.0,Means,2
Cleveland__00,Cleveland,age,True,164,139,0.025,Observations,303
Cleveland__00,Cleveland,age,True,164,139,0.02847448681291267,Observations,303
Cleveland__00,Cleveland,age,True,164,139,0.032431855970349484,Observations,303
Cleveland__00,Cleveland,age,True,164,139,0.03693921820583997,Observations,303
Cleveland__00,Cleveland,age,True,164,139,0.04207301126725973,Observations,303
Cleveland__00,Cleveland,age,True,164,139,0.04792029618036453,Observations,303
Cleveland__00,Cleveland,age,True,164,139,0.05458023366634633,Observations,303
Cleveland__00,Cleveland,age,True,164,139,0.06216576575112282,Observations,303
Cleveland__00,Cleveland,age,True,164,139,0.07080553108379858,Observations,303
Cleveland__00,Cleveland,age,True,164,139,0.08064604644507599,Observations,303
Cleveland__00,Cleveland,age,True,164,139,0.0918541914405543,Observations,303
Cleveland__00,Cleveland,age,True,164,139,0.10462003851539275,Observations,303
Cleveland__00,Cleveland,age,True,164,139,0.11916007628291865,Observations,303
Cleveland__00,Cleveland,age,True,164,139,0.13572088082974534,Binned,130
Cleveland__00,Cleveland,age,True,164,139,0.15458329725693898,Binned,66
Cleveland__00,Cleveland,age,True,164,139,0.17606720236957066,Binned,34
Cleveland__00,Cleveland,age,True,164,139,0.20053692928235056,Binned,34
Cleveland__00,Cleveland,age,True,164,139,0.2284074459340916,Binned,18
Cleveland__00,Cleveland,age,True,164,139,0.2601513922888541,Binned,18
Cleveland__00,Cleveland,age,True,164,139,0.29630709556359386,Binned,10
Cleveland__00,Cleveland,age,True,164,139,0.33748769940792006,Binned,10
Cleveland__00,Cleveland,age,True,164,139,0.38439156185244217,Binned,10
Cleveland__00,Cleveland,age,True,164,139,0.4378140983584905,Binned,10
Cleveland__00,Cleveland,age,True,164,139,0.4986612708086434,Binned,10
Cleveland__00,Cleveland,age,True,164,139,0.5679649511900395,Binned,10
Cleveland__00,Cleveland,age,True,164,139,0.6469004205142944,Means,2
Cleveland__00,Cleveland,age,True,164,139,0.7368062997280774,Means,2
Cleveland__00,Cleveland,age,True,164,139,0.8392072506111242,Means,2
Cleveland__00,Cleveland,age,True,164,139,0.9558398316330861,Means,2
Cleveland__00,Cleveland,age,True,164,139,1.0886819472437184,Means,2
Cleveland__00,Cleveland,age,True,164,139,1.2399863900098937,Means,2
Cleveland__00,Cleveland,age,True,164,139,1.4123190444211153,Means,2
Cleveland__00,Cleveland,age,True,164,139,1.6086024002397787,Means,2
Cleveland__00,Cleveland,age,True,164,139,1.8321651133138896,Means,2
Cleveland__00,Cleveland,age,True,164,139,2.0867984543253986,Means,2
Cleveland__00,Cleveland,age,True,164,139,2.376820602755804,Means,2
Cleveland__00,Cleveland,age,True,164,139,2.7071498763931694,Means,2
Cleveland__00,Cleveland,age,True,164,139,3.083388138237417,Means,2
Cleveland__00,Cleveland,age,True,164,139,3.511915795253308,Means,2
Cleveland__00,Cleveland,age,True,164,139,4.0,Means,2
Cleveland__01,Cleveland,trestbps,True,164,139,0.025,Observations,303
Cleveland__01,Cleveland,trestbps,True,164,139,0.02847448681291267,Observations,303
Cleveland__01,Cleveland,trestbps,True,164,139,0.032431855970349484,Observations,303
Cleveland__01,Cleveland,trestbps,True,164,139,0.03693921820583997,Observations,303
Cleveland__01,Cleveland,trestbps,True,164,139,0.04207301126725973,Observations,303
Cleveland__01,Cleveland,trestbps,True,164,139,0.04792029618036453,Observations,303
Cleveland__01,Cleveland,trestbps,True,164,139,0.05458023366634633,Observations,303
Cleveland__01,Cleveland,trestbps,True,164,139,0.06216576575112282,Observations,303
Cleveland__01,Cleveland,trestbps,True,164,139,0.07080553108379858,Observations,303
Cleveland__01,Cleveland,trestbps,True,164,139,0.08064604644507599,Observations,303
Cleveland__01,Cleveland,trestbps,True,164,139,0.0918541914405543,Observations,303
Cleveland__01,Cleveland,trestbps,True,164,139,0.10462003851539275,Observations,303
Cleveland__01,Cleveland,trestbps,True,164,139,0.11916007628291865,Observations,303
Cleveland__01,Cleveland,trestbps,True,164,139,0.13572088082974534,Observations,303
Cleveland__01,Cleveland,trestbps,True,164,139,0.15458329725693898,Observations,303
Cleveland__01,Cleveland,trestbps,True,164,139,0.17606720236957066,Observations,303
Cleveland__01,Cleveland,trestbps,True,164,139,0.20053692928235056,Binned,130
Cleveland__01,Cleveland,trestbps,True,164,139,0.2284074459340916,Binned,130
Cleveland__01,Cleveland,trestbps,True,164,139,0.2601513922888541,Binned,130
Cleveland__01,Cleveland,trestbps,True,164,139,0.29630709556359386,Binned,18
Cleveland__01,Cleveland,trestbps,True,164,139,0.33748769940792006,Binned,18
Cleveland__01,Cleveland,trestbps,True,164,139,0.38439156185244217,Binned,18
Cleveland__01,Cleveland,trestbps,True,164,139,0.4378140983584905,Binned,10
Cleveland__01,Cleveland,trestbps,True,164,139,0.4986612708086434,Binned,10
Cleveland__01,Cleveland,trestbps,True,164,139,0.5679649511900395,Means,2
Cleveland__01,Cleveland,trestbps,True,164,139,0.6469004205142944,Means,2
Cleveland__01,Cleveland,trestbps,True,164,139,0.7368062997280774,Means,2
Cleveland__01,Cleveland,trestbps,True,164,139,0.8392072506111242,Means,2
Cleveland__01,Cleveland,trestbps,True,164,139,0.9558398316330861,Means,2
Cleveland__01,Cleveland,trestbps,True,164,139,1.0886819472437184,Means,2
Cleveland__01,Cleveland,trestbps,True,164,139,1.2399863900098937,Means,2
Cleveland__01,Cleveland,trestbps,True,164,139,1.4123190444211153,Means,2
Cleveland__01,Cleveland,trestbps,True,164,139,1.6086024002397787,Means,2
Cleveland__01,Cleveland,trestbps,True,164,139,1.8321651133138896,Means,2
Cleveland__01,Cleveland,trestbps,True,164,139,2.0867984543253986,Means,2
Cleveland__01,Cleveland,trestbps,True,164,139,2.376820602755804,Means,2
Cleveland__01,Cleveland,trestbps,True,164,139,2.7071498763931694,Means,2
Cleveland__01,Cleveland,trestbps,True,164,139,3.083388138237417,Means,2
Cleveland__01,Cleveland,trestbps,True,164,139,3.511915795253308,Means,2
Cleveland__01,Cleveland,trestbps,True,164,139,4.0,Means,2
Cleveland__02,Cleveland,chol,True,164,139,0.025,Observations,303
Cleveland__02,Cleveland,chol,True,164,139,0.02847448681291267,Observations,303
Cleveland__02,Cleveland,chol,True,164,139,0.032431855970349484,Observations,303
Cleveland__02,Cleveland,chol,True,164,139,0.03693921820583997,Observations,303
Cleveland__02,Cleveland,chol,True,164,139,0.04207301126725973,Observations,303
Cleveland__02,Cleveland,chol,True,164,139,0.04792029618036453,Observations,303
Cleveland__02,Cleveland,chol,True,164,139,0.05458023366634633,Observations,303
Cleveland__02,Cleveland,chol,True,164,139,0.06216576575112282,Observations,303
Cleveland__02,Cleveland,chol,True,164,139,0.07080553108379858,Observations,303
Cleveland__02,Cleveland,chol,True,164,139,0.08064604644507599,Observations,303
Cleveland__02,Cleveland,chol,True,164,139,0.0918541914405543,Observations,303
Cleveland__02,Cleveland,chol,True,164,139,0.10462003851539275,Binned,130
Cleveland__02,Cleveland,chol,True,164,139,0.11916007628291865,Binned,130
Cleveland__02,Cleveland,chol,True,164,139,0.13572088082974534,Binned,130
Cleveland__02,Cleveland,chol,True,164,139,0.15458329725693898,Binned,66
Cleveland__02,Cleveland,chol,True,164,139,0.17606720236957066,Binned,66
Cleveland__02,Cleveland,chol,True,164,139,0.20053692928235056,Binned,66
Cleveland__02,Cleveland,chol,True,164,139,0.2284074459340916,Density,34
Cleveland__02,Cleveland,chol,True,164,139,0.2601513922888541,Binned,18
Cleveland__02,Cleveland,chol,True,164,139,0.29630709556359386,Means,2
Cleveland__02,Cleveland,chol,True,164,139,0.33748769940792006,Means,2
Cleveland__02,Cleveland,chol,True,164,139,0.38439156185244217,Means,2
Cleveland__02,Cleveland,chol,True,164,139,0.4378140983584905,Means,2
Cleveland__02,Cleveland,chol,True,164,139,0.4986612708086434,Means,2
Cleveland__02,Cleveland,chol,True,164,139,0.5679649511900395,Means,2
Cleveland__02,Cleveland,chol,True,164,139,0.6469004205142944,Means,2
Cleveland__02,Cleveland,chol,True,164,139,0.7368062997280774,Means,2
Cleveland__02,Cleveland,chol,True,164,139,0.8392072506111242,Means,2
Cleveland__02,Cleveland,chol,True,164,139,0.9558398316330861,Means,2
Cleveland__02,Cleveland,chol,True,164,139,1.0886819472437184,Means,2
Cleveland__02,Cleveland,chol,True,164,139,1.2399863900098937,Means,2
Cleveland__02,Cleveland,chol,True,164,139,1.4123190444211153,Means,2
Cleveland__02,Cleveland,chol,True,164,139,1.6086024002397787,Means,2
Cleveland__02,Cleveland,chol,True,164,139,1.8321651133138896,Means,2
Cleveland__02,Cleveland,chol,True,164,139,2.0867984543253986,Means,2
Cleveland__02,Cleveland,chol,True,164,139,2.376820602755804,Means,2
Cleveland__02,Cleveland,chol,True,164,139,2.7071498763931694,Means,2
Cleveland__02,Cleveland,chol,True,164,139,3.083388138237417,Means,2
Cleveland__02,Cleveland,chol,True,164,139,3.511915795253308,Means,2
Cleveland__02,Cleveland,chol,True,164,139,4.0,Means,2
Cleveland__03,Cleveland,thalach,True,164,139,0.025,Observations,303
Cleveland__03,Cleveland,thalach,True,164,139,0.02847448681291267,Observations,303
Cleveland__03,Cleveland,thalach,True,164,139,0.032431855970349484,Observations,303
Cleveland__03,Cleveland,thalach,True,164,139,0.03693921820583997,Observations,303
Cleveland__03,Cleveland,thalach,True,164,139,0.04207301126725973,Observations,303
Cleveland__03,Cleveland,thalach,True,164,139,0.04792029618036453,Observations,303
Cleveland__03,Cleveland,thalach,True,164,139,0.05458023366634633,Observations,303
Cleveland__03,Cleveland,thalach,True,164,139,0.06216576575112282,Observations,303
Cleveland__03,Cleveland,thalach,True,164,139,0.07080553108379858,Observations,303
Cleveland__03,Cleveland,thalach,True,164,139,0.08064604644507599,Observations,303
Cleveland__03,Cleveland,thalach,True,164,139,0.0918541914405543,Observations,303
Cleveland__03,Cleveland,thalach,True,164,139,0.10462003851539275,Observations,303
Cleveland__03,Cleveland,thalach,True,164,139,0.11916007628291865,Binned,66
Cleveland__03,Cleveland,thalach,True,164,139,0.13572088082974534,Binned,66
Cleveland__03,Cleveland,thalach,True,164,139,0.15458329725693898,Binned,66
Cleveland__03,Cleveland,thalach,True,164,139,0.17606720236957066,Binned,34
Cleveland__03,Cleveland,thalach,True,164,139,0.20053692928235056,Binned,34
Cleveland__03,Cleveland,thalach,True,164,139,0.2284074459340916,Binned,18
Cleveland__03,Cleveland,thalach,True,164,139,0.2601513922888541,Binned,18
Cleveland__03,Cleveland,thalach,True,164,139,0.29630709556359386,Binned,18
Cleveland__03,Cleveland,thalach,True,164,139,0.33748769940792006,Binned,18
Cleveland__03,Cleveland,thalach,True,164,139,0.38439156185244217,Five-number,10
Cleveland__03,Cleveland,thalach,True,164,139,0.4378140983584905,Means,2
Cleveland__03,Cleveland,thalach,True,164,139,0.4986612708086434,Means,2
Cleveland__03,Cleveland,thalach,True,164,139,0.5679649511900395,Means,2
Cleveland__03,Cleveland,thalach,True,164,139,0.6469004205142944,Means,2
Cleveland__03,Cleveland,thalach,True,164,139,0.7368062997280774,Means,2
Cleveland__03,Cleveland,thalach,True,164,139,0.8392072506111242,Means,2
Cleveland__03,Cleveland,thalach,True,164,139,0.9558398316330861,Means,2
Cleveland__03,Cleveland,thalach,True,164,139,1.0886819472437184,Means,2
Cleveland__03,Cleveland,thalach,True,164,139,1.2399863900098937,Means,2
Cleveland__03,Cleveland,thalach,True,164,139,1.4123190444211153,Means,2
Cleveland__03,Cleveland,thalach,True,164,139,1.6086024002397787,Means,2
Cleveland__03,Cleveland,thalach,True,164,139,1.8321651133138896,Means,2
Cleveland__03,Cleveland,thalach,True,164,139,2.0867984543253986,Means,2
Cleveland__03,Cleveland,thalach,True,164,139,2.376820602755804,Means,2
Cleveland__03,Cleveland,thalach,True,164,139,2.7071498763931694,Means,2
Cleveland__03,Cleveland,thalach,True,164,139,3.083388138237417,Means,2
Cleveland__03,Cleveland,thalach,True,164,139,3.511915795253308,Means,2
Cleveland__03,Cleveland,thalach,True,164,139,4.0,Means,2
Cleveland__04,Cleveland,oldpeak,True,164,139,0.025,Observations,303
Cleveland__04,Cleveland,oldpeak,True,164,139,0.02847448681291267,Observations,303
Cleveland__04,Cleveland,oldpeak,True,164,139,0.032431855970349484,Observations,303
Cleveland__04,Cleveland,oldpeak,True,164,139,0.03693921820583997,Observations,303
Cleveland__04,Cleveland,oldpeak,True,164,139,0.04207301126725973,Observations,303
Cleveland__04,Cleveland,oldpeak,True,164,139,0.04792029618036453,Observations,303
Cleveland__04,Cleveland,oldpeak,True,164,139,0.05458023366634633,Observations,303
Cleveland__04,Cleveland,oldpeak,True,164,139,0.06216576575112282,Observations,303
Cleveland__04,Cleveland,oldpeak,True,164,139,0.07080553108379858,Observations,303
Cleveland__04,Cleveland,oldpeak,True,164,139,0.08064604644507599,Observations,303
Cleveland__04,Cleveland,oldpeak,True,164,139,0.0918541914405543,Observations,303
Cleveland__04,Cleveland,oldpeak,True,164,139,0.10462003851539275,Observations,303
Cleveland__04,Cleveland,oldpeak,True,164,139,0.11916007628291865,Observations,303
Cleveland__04,Cleveland,oldpeak,True,164,139,0.13572088082974534,Observations,303
Cleveland__04,Cleveland,oldpeak,True,164,139,0.15458329725693898,Observations,303
Cleveland__04,Cleveland,oldpeak,True,164,139,0.17606720236957066,Binned,130
Cleveland__04,Cleveland,oldpeak,True,164,139,0.20053692928235056,Binned,66
Cleveland__04,Cleveland,oldpeak,True,164,139,0.2284074459340916,Binned,66
Cleveland__04,Cleveland,oldpeak,True,164,139,0.2601513922888541,Binned,66
Cleveland__04,Cleveland,oldpeak,True,164,139,0.29630709556359386,Binned,66
Cleveland__04,Cleveland,oldpeak,True,164,139,0.33748769940792006,Binned,34
Cleveland__04,Cleveland,oldpeak,True,164,139,0.38439156185244217,Five-number,10
Cleveland__04,Cleveland,oldpeak,True,164,139,0.4378140983584905,Five-number,10
Cleveland__04,Cleveland,oldpeak,True,164,139,0.4986612708086434,Five-number,10
Cleveland__04,Cleveland,oldpeak,True,164,139,0.5679649511900395,Five-number,10
Cleveland__04,Cleveland,oldpeak,True,164,139,0.6469004205142944,Five-number,10
Cleveland__04,Cleveland,oldpeak,True,164,139,0.7368062997280774,Five-number,10
Cleveland__04,Cleveland,oldpeak,True,164,139,0.8392072506111242,Five-number,10
Cleveland__04,Cleveland,oldpeak,True,164,139,0.9558398316330861,Means,2
Cleveland__04,Cleveland,oldpeak,True,164,139,1.0886819472437184,Means,2
Cleveland__04,Cleveland,oldpeak,True,164,139,1.2399863900098937,Means,2
Cleveland__04,Cleveland,oldpeak,True,164,139,1.4123190444211153,Means,2
Cleveland__04,Cleveland,oldpeak,True,164,139,1.6086024002397787,Means,2
Cleveland__04,Cleveland,oldpeak,True,164,139,1.8321651133138896,Means,2
Cleveland__04,Cleveland,oldpeak,True,164,139,2.0867984543253986,Means,2
Cleveland__04,Cleveland,oldpeak,True,164,139,2.376820602755804,Means,2
Cleveland__04,Cleveland,oldpeak,True,164,139,2.7071498763931694,Means,2
Cleveland__04,Cleveland,oldpeak,True,164,139,3.083388138237417,Means,2
Cleveland__04,Cleveland,oldpeak,True,164,139,3.511915795253308,Means,2
Cleveland__04,Cleveland,oldpeak,True,164,139,4.0,Means,2
HeartFailure__00,HeartFailure,age,True,203,96,0.025,Observations,299
HeartFailure__00,HeartFailure,age,True,203,96,0.02847448681291267,Observations,299
HeartFailure__00,HeartFailure,age,True,203,96,0.032431855970349484,Observations,299
HeartFailure__00,HeartFailure,age,True,203,96,0.03693921820583997,Observations,299
HeartFailure__00,HeartFailure,age,True,203,96,0.04207301126725973,Observations,299
HeartFailure__00,HeartFailure,age,True,203,96,0.04792029618036453,Observations,299
HeartFailure__00,HeartFailure,age,True,203,96,0.05458023366634633,Observations,299
HeartFailure__00,HeartFailure,age,True,203,96,0.06216576575112282,Observations,299
HeartFailure__00,HeartFailure,age,True,203,96,0.07080553108379858,Observations,299
HeartFailure__00,HeartFailure,age,True,203,96,0.08064604644507599,Observations,299
HeartFailure__00,HeartFailure,age,True,203,96,0.0918541914405543,Observations,299
HeartFailure__00,HeartFailure,age,True,203,96,0.10462003851539275,Observations,299
HeartFailure__00,HeartFailure,age,True,203,96,0.11916007628291865,Observations,299
HeartFailure__00,HeartFailure,age,True,203,96,0.13572088082974534,Observations,299
HeartFailure__00,HeartFailure,age,True,203,96,0.15458329725693898,Observations,299
HeartFailure__00,HeartFailure,age,True,203,96,0.17606720236957066,Observations,299
HeartFailure__00,HeartFailure,age,True,203,96,0.20053692928235056,Observations,299
HeartFailure__00,HeartFailure,age,True,203,96,0.2284074459340916,Binned,34
HeartFailure__00,HeartFailure,age,True,203,96,0.2601513922888541,Binned,34
HeartFailure__00,HeartFailure,age,True,203,96,0.29630709556359386,Binned,34
HeartFailure__00,HeartFailure,age,True,203,96,0.33748769940792006,Binned,34
HeartFailure__00,HeartFailure,age,True,203,96,0.38439156185244217,Density,18
HeartFailure__00,HeartFailure,age,True,203,96,0.4378140983584905,Binned,10
HeartFailure__00,HeartFailure,age,True,203,96,0.4986612708086434,Binned,10
HeartFailure__00,HeartFailure,age,True,203,96,0.5679649511900395,Binned,10
HeartFailure__00,HeartFailure,age,True,203,96,0.6469004205142944,Means,2
HeartFailure__00,HeartFailure,age,True,203,96,0.7368062997280774,Means,2
HeartFailure__00,HeartFailure,age,True,203,96,0.8392072506111242,Means,2
HeartFailure__00,HeartFailure,age,True,203,96,0.9558398316330861,Means,2
HeartFailure__00,HeartFailure,age,True,203,96,1.0886819472437184,Means,2
HeartFailure__00,HeartFailure,age,True,203,96,1.2399863900098937,Means,2
HeartFailure__00,HeartFailure,age,True,203,96,1.4123190444211153,Means,2
HeartFailure__00,HeartFailure,age,True,203,96,1.6086024002397787,Means,2
HeartFailure__00,HeartFailure,age,True,203,96,1.8321651133138896,Means,2
HeartFailure__00,HeartFailure,age,True,203,96,2.0867984543253986,Means,2
HeartFailure__00,HeartFailure,age,True,203,96,2.376820602755804,Means,2
HeartFailure__00,HeartFailure,age,True,203,96,2.7071498763931694,Means,2
HeartFailure__00,HeartFailure,age,True,203,96,3.083388138237417,Means,2
HeartFailure__00,HeartFailure,age,True,203,96,3.511915795253308,Means,2
HeartFailure__00,HeartFailure,age,True,203,96,4.0,Means,2
HeartFailure__01,HeartFailure,creatinine_phosphokinase,True,203,96,0.025,Observations,299
HeartFailure__01,HeartFailure,creatinine_phosphokinase,True,203,96,0.02847448681291267,Observations,299
HeartFailure__01,HeartFailure,creatinine_phosphokinase,True,203,96,0.032431855970349484,Observations,299
HeartFailure__01,HeartFailure,creatinine_phosphokinase,True,203,96,0.03693921820583997,Observations,299
HeartFailure__01,HeartFailure,creatinine_phosphokinase,True,203,96,0.04207301126725973,Observations,299
HeartFailure__01,HeartFailure,creatinine_phosphokinase,True,203,96,0.04792029618036453,Observations,299
HeartFailure__01,HeartFailure,creatinine_phosphokinase,True,203,96,0.05458023366634633,Observations,299
HeartFailure__01,HeartFailure,creatinine_phosphokinase,True,203,96,0.06216576575112282,Observations,299
HeartFailure__01,HeartFailure,creatinine_phosphokinase,True,203,96,0.07080553108379858,Observations,299
HeartFailure__01,HeartFailure,creatinine_phosphokinase,True,203,96,0.08064604644507599,Observations,299
HeartFailure__01,HeartFailure,creatinine_phosphokinase,True,203,96,0.0918541914405543,Observations,299
HeartFailure__01,HeartFailure,creatinine_phosphokinase,True,203,96,0.10462003851539275,Observations,299
HeartFailure__01,HeartFailure,creatinine_phosphokinase,True,203,96,0.11916007628291865,Observations,299
HeartFailure__01,HeartFailure,creatinine_phosphokinase,True,203,96,0.13572088082974534,Observations,299
HeartFailure__01,HeartFailure,creatinine_phosphokinase,True,203,96,0.15458329725693898,Observations,299
HeartFailure__01,HeartFailure,creatinine_phosphokinase,True,203,96,0.17606720236957066,Observations,299
HeartFailure__01,HeartFailure,creatinine_phosphokinase,True,203,96,0.20053692928235056,Binned,34
HeartFailure__01,HeartFailure,creatinine_phosphokinase,True,203,96,0.2284074459340916,Binned,34
HeartFailure__01,HeartFailure,creatinine_phosphokinase,True,203,96,0.2601513922888541,Binned,34
HeartFailure__01,HeartFailure,creatinine_phosphokinase,True,203,96,0.29630709556359386,Binned,34
HeartFailure__01,HeartFailure,creatinine_phosphokinase,True,203,96,0.33748769940792006,Binned,18
HeartFailure__01,HeartFailure,creatinine_phosphokinase,True,203,96,0.38439156185244217,Binned,18
HeartFailure__01,HeartFailure,creatinine_phosphokinase,True,203,96,0.4378140983584905,Means,2
HeartFailure__01,HeartFailure,creatinine_phosphokinase,True,203,96,0.4986612708086434,Means,2
HeartFailure__01,HeartFailure,creatinine_phosphokinase,True,203,96,0.5679649511900395,Means,2
HeartFailure__01,HeartFailure,creatinine_phosphokinase,True,203,96,0.6469004205142944,Means,2
HeartFailure__01,HeartFailure,creatinine_phosphokinase,True,203,96,0.7368062997280774,Means,2
HeartFailure__01,HeartFailure,creatinine_phosphokinase,True,203,96,0.8392072506111242,Means,2
HeartFailure__01,HeartFailure,creatinine_phosphokinase,True,203,96,0.9558398316330861,Means,2
HeartFailure__01,HeartFailure,creatinine_phosphokinase,True,203,96,1.0886819472437184,Means,2
HeartFailure__01,HeartFailure,creatinine_phosphokinase,True,203,96,1.2399863900098937,Means,2
HeartFailure__01,HeartFailure,creatinine_phosphokinase,True,203,96,1.4123190444211153,Means,2
HeartFailure__01,HeartFailure,creatinine_phosphokinase,True,203,96,1.6086024002397787,Means,2
HeartFailure__01,HeartFailure,creatinine_phosphokinase,True,203,96,1.8321651133138896,Means,2
HeartFailure__01,HeartFailure,creatinine_phosphokinase,True,203,96,2.0867984543253986,Means,2
HeartFailure__01,HeartFailure,creatinine_phosphokinase,True,203,96,2.376820602755804,Means,2
HeartFailure__01,HeartFailure,creatinine_phosphokinase,True,203,96,2.7071498763931694,Means,2
HeartFailure__01,HeartFailure,creatinine_phosphokinase,True,203,96,3.083388138237417,Means,2
HeartFailure__01,HeartFailure,creatinine_phosphokinase,True,203,96,3.511915795253308,Means,2
HeartFailure__01,HeartFailure,creatinine_phosphokinase,True,203,96,4.0,Means,2
HeartFailure__02,HeartFailure,ejection_fraction,True,203,96,0.025,Observations,299
HeartFailure__02,HeartFailure,ejection_fraction,True,203,96,0.02847448681291267,Observations,299
HeartFailure__02,HeartFailure,ejection_fraction,True,203,96,0.032431855970349484,Observations,299
HeartFailure__02,HeartFailure,ejection_fraction,True,203,96,0.03693921820583997,Observations,299
HeartFailure__02,HeartFailure,ejection_fraction,True,203,96,0.04207301126725973,Observations,299
HeartFailure__02,HeartFailure,ejection_fraction,True,203,96,0.04792029618036453,Observations,299
HeartFailure__02,HeartFailure,ejection_fraction,True,203,96,0.05458023366634633,Observations,299
HeartFailure__02,HeartFailure,ejection_fraction,True,203,96,0.06216576575112282,Observations,299
HeartFailure__02,HeartFailure,ejection_fraction,True,203,96,0.07080553108379858,Observations,299
HeartFailure__02,HeartFailure,ejection_fraction,True,203,96,0.08064604644507599,Observations,299
HeartFailure__02,HeartFailure,ejection_fraction,True,203,96,0.0918541914405543,Observations,299
HeartFailure__02,HeartFailure,ejection_fraction,True,203,96,0.10462003851539275,Observations,299
HeartFailure__02,HeartFailure,ejection_fraction,True,203,96,0.11916007628291865,Observations,299
HeartFailure__02,HeartFailure,ejection_fraction,True,203,96,0.13572088082974534,Observations,299
HeartFailure__02,HeartFailure,ejection_fraction,True,203,96,0.15458329725693898,Observations,299
HeartFailure__02,HeartFailure,ejection_fraction,True,203,96,0.17606720236957066,Observations,299
HeartFailure__02,HeartFailure,ejection_fraction,True,203,96,0.20053692928235056,Observations,299
HeartFailure__02,HeartFailure,ejection_fraction,True,203,96,0.2284074459340916,Observations,299
HeartFailure__02,HeartFailure,ejection_fraction,True,203,96,0.2601513922888541,Observations,299
HeartFailure__02,HeartFailure,ejection_fraction,True,203,96,0.29630709556359386,Observations,299
HeartFailure__02,HeartFailure,ejection_fraction,True,203,96,0.33748769940792006,Observations,299
HeartFailure__02,HeartFailure,ejection_fraction,True,203,96,0.38439156185244217,Binned,66
HeartFailure__02,HeartFailure,ejection_fraction,True,203,96,0.4378140983584905,Binned,66
HeartFailure__02,HeartFailure,ejection_fraction,True,203,96,0.4986612708086434,Binned,34
HeartFailure__02,HeartFailure,ejection_fraction,True,203,96,0.5679649511900395,Binned,18
HeartFailure__02,HeartFailure,ejection_fraction,True,203,96,0.6469004205142944,Means,2
HeartFailure__02,HeartFailure,ejection_fraction,True,203,96,0.7368062997280774,Means,2
HeartFailure__02,HeartFailure,ejection_fraction,True,203,96,0.8392072506111242,Means,2
HeartFailure__02,HeartFailure,ejection_fraction,True,203,96,0.9558398316330861,Means,2
HeartFailure__02,HeartFailure,ejection_fraction,True,203,96,1.0886819472437184,Means,2
HeartFailure__02,HeartFailure,ejection_fraction,True,203,96,1.2399863900098937,Means,2
HeartFailure__02,HeartFailure,ejection_fraction,True,203,96,1.4123190444211153,Means,2
HeartFailure__02,HeartFailure,ejection_fraction,True,203,96,1.6086024002397787,Means,2
HeartFailure__02,HeartFailure,ejection_fraction,True,203,96,1.8321651133138896,Means,2
HeartFailure__02,HeartFailure,ejection_fraction,True,203,96,2.0867984543253986,Means,2
HeartFailure__02,HeartFailure,ejection_fraction,True,203,96,2.376820602755804,Means,2
HeartFailure__02,HeartFailure,ejection_fraction,True,203,96,2.7071498763931694,Means,2
HeartFailure__02,HeartFailure,ejection_fraction,True,203,96,3.083388138237417,Means,2
HeartFailure__02,HeartFailure,ejection_fraction,True,203,96,3.511915795253308,Means,2
HeartFailure__02,HeartFailure,ejection_fraction,True,203,96,4.0,Means,2
HeartFailure__03,HeartFailure,platelets,True,203,96,0.025,Observations,299
HeartFailure__03,HeartFailure,platelets,True,203,96,0.02847448681291267,Observations,299
HeartFailure__03,HeartFailure,platelets,True,203,96,0.032431855970349484,Observations,299
HeartFailure__03,HeartFailure,platelets,True,203,96,0.03693921820583997,Observations,299
HeartFailure__03,HeartFailure,platelets,True,203,96,0.04207301126725973,Observations,299
HeartFailure__03,HeartFailure,platelets,True,203,96,0.04792029618036453,Observations,299
HeartFailure__03,HeartFailure,platelets,True,203,96,0.05458023366634633,Observations,299
HeartFailure__03,HeartFailure,platelets,True,203,96,0.06216576575112282,Observations,299
HeartFailure__03,HeartFailure,platelets,True,203,96,0.07080553108379858,Observations,299
HeartFailure__03,HeartFailure,platelets,True,203,96,0.08064604644507599,Observations,299
HeartFailure__03,HeartFailure,platelets,True,203,96,0.0918541914405543,Observations,299
HeartFailure__03,HeartFailure,platelets,True,203,96,0.10462003851539275,Observations,299
HeartFailure__03,HeartFailure,platelets,True,203,96,0.11916007628291865,Observations,299
HeartFailure__03,HeartFailure,platelets,True,203,96,0.13572088082974534,Observations,299
HeartFailure__03,HeartFailure,platelets,True,203,96,0.15458329725693898,Observations,299
HeartFailure__03,HeartFailure,platelets,True,203,96,0.17606720236957066,Observations,299
HeartFailure__03,HeartFailure,platelets,True,203,96,0.20053692928235056,Density,34
HeartFailure__03,HeartFailure,platelets,True,203,96,0.2284074459340916,Density,34
HeartFailure__03,HeartFailure,platelets,True,203,96,0.2601513922888541,Binned,10
HeartFailure__03,HeartFailure,platelets,True,203,96,0.29630709556359386,Binned,10
HeartFailure__03,HeartFailure,platelets,True,203,96,0.33748769940792006,Means,2
HeartFailure__03,HeartFailure,platelets,True,203,96,0.38439156185244217,Means,2
HeartFailure__03,HeartFailure,platelets,True,203,96,0.4378140983584905,Means,2
HeartFailure__03,HeartFailure,platelets,True,203,96,0.4986612708086434,Means,2
HeartFailure__03,HeartFailure,platelets,True,203,96,0.5679649511900395,Means,2
HeartFailure__03,HeartFailure,platelets,True,203,96,0.6469004205142944,Means,2
HeartFailure__03,HeartFailure,platelets,True,203,96,0.7368062997280774,Means,2
HeartFailure__03,HeartFailure,platelets,True,203,96,0.8392072506111242,Means,2
HeartFailure__03,HeartFailure,platelets,True,203,96,0.9558398316330861,Means,2
HeartFailure__03,HeartFailure,platelets,True,203,96,1.0886819472437184,Means,2
HeartFailure__03,HeartFailure,platelets,True,203,96,1.2399863900098937,Means,2
HeartFailure__03,HeartFailure,platelets,True,203,96,1.4123190444211153,Means,2
HeartFailure__03,HeartFailure,platelets,True,203,96,1.6086024002397787,Means,2
HeartFailure__03,HeartFailure,platelets,True,203,96,1.8321651133138896,Means,2
HeartFailure__03,HeartFailure,platelets,True,203,96,2.0867984543253986,Means,2
HeartFailure__03,HeartFailure,platelets,True,203,96,2.376820602755804,Means,2
HeartFailure__03,HeartFailure,platelets,True,203,96,2.7071498763931694,Means,2
HeartFailure__03,HeartFailure,platelets,True,203,96,3.083388138237417,Means,2
HeartFailure__03,HeartFailure,platelets,True,203,96,3.511915795253308,Means,2
HeartFailure__03,HeartFailure,platelets,True,203,96,4.0,Means,2
HeartFailure__04,HeartFailure,serum_creatinine,True,203,96,0.025,Observations,299
HeartFailure__04,HeartFailure,serum_creatinine,True,203,96,0.02847448681291267,Observations,299
HeartFailure__04,HeartFailure,serum_creatinine,True,203,96,0.032431855970349484,Observations,299
HeartFailure__04,HeartFailure,serum_creatinine,True,203,96,0.03693921820583997,Observations,299
HeartFailure__04,HeartFailure,serum_creatinine,True,203,96,0.04207301126725973,Observations,299
HeartFailure__04,HeartFailure,serum_creatinine,True,203,96,0.04792029618036453,Observations,299
HeartFailure__04,HeartFailure,serum_creatinine,True,203,96,0.05458023366634633,Observations,299
HeartFailure__04,HeartFailure,serum_creatinine,True,203,96,0.06216576575112282,Observations,299
HeartFailure__04,HeartFailure,serum_creatinine,True,203,96,0.07080553108379858,Observations,299
HeartFailure__04,HeartFailure,serum_creatinine,True,203,96,0.08064604644507599,Observations,299
HeartFailure__04,HeartFailure,serum_creatinine,True,203,96,0.0918541914405543,Observations,299
HeartFailure__04,HeartFailure,serum_creatinine,True,203,96,0.10462003851539275,Observations,299
HeartFailure__04,HeartFailure,serum_creatinine,True,203,96,0.11916007628291865,Observations,299
HeartFailure__04,HeartFailure,serum_creatinine,True,203,96,0.13572088082974534,Observations,299
HeartFailure__04,HeartFailure,serum_creatinine,True,203,96,0.15458329725693898,Observations,299
HeartFailure__04,HeartFailure,serum_creatinine,True,203,96,0.17606720236957066,Observations,299
HeartFailure__04,HeartFailure,serum_creatinine,True,203,96,0.20053692928235056,Observations,299
HeartFailure__04,HeartFailure,serum_creatinine,True,203,96,0.2284074459340916,Observations,299
HeartFailure__04,HeartFailure,serum_creatinine,True,203,96,0.2601513922888541,Observations,299
HeartFailure__04,HeartFailure,serum_creatinine,True,203,96,0.29630709556359386,Binned,18
HeartFailure__04,HeartFailure,serum_creatinine,True,203,96,0.33748769940792006,Binned,18
HeartFailure__04,HeartFailure,serum_creatinine,True,203,96,0.38439156185244217,Binned,18
HeartFailure__04,HeartFailure,serum_creatinine,True,203,96,0.4378140983584905,Binned,18
HeartFailure__04,HeartFailure,serum_creatinine,True,203,96,0.4986612708086434,Binned,18
HeartFailure__04,HeartFailure,serum_creatinine,True,203,96,0.5679649511900395,Binned,18
HeartFailure__04,HeartFailure,serum_creatinine,True,203,96,0.6469004205142944,Binned,18
HeartFailure__04,HeartFailure,serum_creatinine,True,203,96,0.7368062997280774,Binned,18
HeartFailure__04,HeartFailure,serum_creatinine,True,203,96,0.8392072506111242,Binned,18
HeartFailure__04,HeartFailure,serum_creatinine,True,203,96,0.9558398316330861,Binned,18
HeartFailure__04,HeartFailure,serum_creatinine,True,203,96,1.0886819472437184,Binned,10
HeartFailure__04,HeartFailure,serum_creatinine,True,203,96,1.2399863900098937,Means,2
HeartFailure__04,HeartFailure,serum_creatinine,True,203,96,1.4123190444211153,Means,2
HeartFailure__04,HeartFailure,serum_creatinine,True,203,96,1.6086024002397787,Means,2
HeartFailure__04,HeartFailure,serum_creatinine,True,203,96,1.8321651133138896,Means,2
HeartFailure__04,HeartFailure,serum_creatinine,True,203,96,2.0867984543253986,Means,2
HeartFailure__04,HeartFailure,serum_creatinine,True,203,96,2.376820602755804,Means,2
HeartFailure__04,HeartFailure,serum_creatinine,True,203,96,2.7071498763931694,Means,2
HeartFailure__04,HeartFailure,serum_creatinine,True,203,96,3.083388138237417,Means,2
HeartFailure__04,HeartFailure,serum_creatinine,True,203,96,3.511915795253308,Means,2
HeartFailure__04,HeartFailure,serum_creatinine,True,203,96,4.0,Means,2
HeartFailure__05,HeartFailure,serum_sodium,True,203,96,0.025,Observations,299
HeartFailure__05,HeartFailure,serum_sodium,True,203,96,0.02847448681291267,Observations,299
HeartFailure__05,HeartFailure,serum_sodium,True,203,96,0.032431855970349484,Observations,299
HeartFailure__05,HeartFailure,serum_sodium,True,203,96,0.03693921820583997,Observations,299
HeartFailure__05,HeartFailure,serum_sodium,True,203,96,0.04207301126725973,Observations,299
HeartFailure__05,HeartFailure,serum_sodium,True,203,96,0.04792029618036453,Observations,299
HeartFailure__05,HeartFailure,serum_sodium,True,203,96,0.05458023366634633,Observations,299
HeartFailure__05,HeartFailure,serum_sodium,True,203,96,0.06216576575112282,Observations,299
HeartFailure__05,HeartFailure,serum_sodium,True,203,96,0.07080553108379858,Observations,299
HeartFailure__05,HeartFailure,serum_sodium,True,203,96,0.08064604644507599,Observations,299
HeartFailure__05,HeartFailure,serum_sodium,True,203,96,0.0918541914405543,Observations,299
HeartFailure__05,HeartFailure,serum_sodium,True,203,96,0.10462003851539275,Observations,299
HeartFailure__05,HeartFailure,serum_sodium,True,203,96,0.11916007628291865,Observations,299
HeartFailure__05,HeartFailure,serum_sodium,True,203,96,0.13572088082974534,Observations,299
HeartFailure__05,HeartFailure,serum_sodium,True,203,96,0.15458329725693898,Observations,299
HeartFailure__05,HeartFailure,serum_sodium,True,203,96,0.17606720236957066,Observations,299
HeartFailure__05,HeartFailure,serum_sodium,True,203,96,0.20053692928235056,Observations,299
HeartFailure__05,HeartFailure,serum_sodium,True,203,96,0.2284074459340916,Density,66
HeartFailure__05,HeartFailure,serum_sodium,True,203,96,0.2601513922888541,Density,34
HeartFailure__05,HeartFailure,serum_sodium,True,203,96,0.29630709556359386,Density,34
HeartFailure__05,HeartFailure,serum_sodium,True,203,96,0.33748769940792006,Density,34
HeartFailure__05,HeartFailure,serum_sodium,True,203,96,0.38439156185244217,Density,34
HeartFailure__05,HeartFailure,serum_sodium,True,203,96,0.4378140983584905,Binned,18
HeartFailure__05,HeartFailure,serum_sodium,True,203,96,0.4986612708086434,Binned,18
HeartFailure__05,HeartFailure,serum_sodium,True,203,96,0.5679649511900395,Binned,18
HeartFailure__05,HeartFailure,serum_sodium,True,203,96,0.6469004205142944,Binned,18
HeartFailure__05,HeartFailure,serum_sodium,True,203,96,0.7368062997280774,Means,2
HeartFailure__05,HeartFailure,serum_sodium,True,203,96,0.8392072506111242,Means,2
HeartFailure__05,HeartFailure,serum_sodium,True,203,96,0.9558398316330861,Means,2
HeartFailure__05,HeartFailure,serum_sodium,True,203,96,1.0886819472437184,Means,2
HeartFailure__05,HeartFailure,serum_sodium,True,203,96,1.2399863900098937,Means,2
HeartFailure__05,HeartFailure,serum_sodium,True,203,96,1.4123190444211153,Means,2
HeartFailure__05,HeartFailure,serum_sodium,True,203,96,1.6086024002397787,Means,2
HeartFailure__05,HeartFailure,serum_sodium,True,203,96,1.8321651133138896,Means,2
HeartFailure__05,HeartFailure,serum_sodium,True,203,96,2.0867984543253986,Means,2
HeartFailure__05,HeartFailure,serum_sodium,True,203,96,2.376820602755804,Means,2
HeartFailure__05,HeartFailure,serum_sodium,True,203,96,2.7071498763931694,Means,2
HeartFailure__05,HeartFailure,serum_sodium,True,203,96,3.083388138237417,Means,2
HeartFailure__05,HeartFailure,serum_sodium,True,203,96,3.511915795253308,Means,2
HeartFailure__05,HeartFailure,serum_sodium,True,203,96,4.0,Means,2
CKD__00,CKD,age,True,149,242,0.025,Observations,391
CKD__00,CKD,age,True,149,242,0.02847448681291267,Observations,391
CKD__00,CKD,age,True,149,242,0.032431855970349484,Observations,391
CKD__00,CKD,age,True,149,242,0.03693921820583997,Observations,391
CKD__00,CKD,age,True,149,242,0.04207301126725973,Observations,391
CKD__00,CKD,age,True,149,242,0.04792029618036453,Observations,391
CKD__00,CKD,age,True,149,242,0.05458023366634633,Observations,391
CKD__00,CKD,age,True,149,242,0.06216576575112282,Observations,391
CKD__00,CKD,age,True,149,242,0.07080553108379858,Observations,391
CKD__00,CKD,age,True,149,242,0.08064604644507599,Observations,391
CKD__00,CKD,age,True,149,242,0.0918541914405543,Observations,391
CKD__00,CKD,age,True,149,242,0.10462003851539275,Observations,391
CKD__00,CKD,age,True,149,242,0.11916007628291865,Observations,391
CKD__00,CKD,age,True,149,242,0.13572088082974534,Observations,391
CKD__00,CKD,age,True,149,242,0.15458329725693898,Observations,391
CKD__00,CKD,age,True,149,242,0.17606720236957066,Binned,66
CKD__00,CKD,age,True,149,242,0.20053692928235056,Binned,66
CKD__00,CKD,age,True,149,242,0.2284074459340916,Binned,34
CKD__00,CKD,age,True,149,242,0.2601513922888541,Binned,34
CKD__00,CKD,age,True,149,242,0.29630709556359386,Binned,18
CKD__00,CKD,age,True,149,242,0.33748769940792006,Binned,18
CKD__00,CKD,age,True,149,242,0.38439156185244217,Binned,18
CKD__00,CKD,age,True,149,242,0.4378140983584905,Binned,18
CKD__00,CKD,age,True,149,242,0.4986612708086434,Binned,10
CKD__00,CKD,age,True,149,242,0.5679649511900395,Binned,10
CKD__00,CKD,age,True,149,242,0.6469004205142944,Binned,10
CKD__00,CKD,age,True,149,242,0.7368062997280774,Binned,10
CKD__00,CKD,age,True,149,242,0.8392072506111242,Binned,10
CKD__00,CKD,age,True,149,242,0.9558398316330861,Binned,10
CKD__00,CKD,age,True,149,242,1.0886819472437184,Means,2
CKD__00,CKD,age,True,149,242,1.2399863900098937,Means,2
CKD__00,CKD,age,True,149,242,1.4123190444211153,Means,2
CKD__00,CKD,age,True,149,242,1.6086024002397787,Means,2
CKD__00,CKD,age,True,149,242,1.8321651133138896,Means,2
CKD__00,CKD,age,True,149,242,2.0867984543253986,Means,2
CKD__00,CKD,age,True,149,242,2.376820602755804,Means,2
CKD__00,CKD,age,True,149,242,2.7071498763931694,Means,2
CKD__00,CKD,age,True,149,242,3.083388138237417,Means,2
CKD__00,CKD,age,True,149,242,3.511915795253308,Means,2
CKD__00,CKD,age,True,149,242,4.0,Means,2
CKD__01,CKD,bp,True,148,240,0.025,Observations,388
CKD__01,CKD,bp,True,148,240,0.02847448681291267,Observations,388
CKD__01,CKD,bp,True,148,240,0.032431855970349484,Observations,388
CKD__01,CKD,bp,True,148,240,0.03693921820583997,Observations,388
CKD__01,CKD,bp,True,148,240,0.04207301126725973,Observations,388
CKD__01,CKD,bp,True,148,240,0.04792029618036453,Observations,388
CKD__01,CKD,bp,True,148,240,0.05458023366634633,Observations,388
CKD__01,CKD,bp,True,148,240,0.06216576575112282,Observations,388
CKD__01,CKD,bp,True,148,240,0.07080553108379858,Observations,388
CKD__01,CKD,bp,True,148,240,0.08064604644507599,Observations,388
CKD__01,CKD,bp,True,148,240,0.0918541914405543,Observations,388
CKD__01,CKD,bp,True,148,240,0.10462003851539275,Observations,388
CKD__01,CKD,bp,True,148,240,0.11916007628291865,Observations,388
CKD__01,CKD,bp,True,148,240,0.13572088082974534,Observations,388
CKD__01,CKD,bp,True,148,240,0.15458329725693898,Observations,388
CKD__01,CKD,bp,True,148,240,0.17606720236957066,Observations,388
CKD__01,CKD,bp,True,148,240,0.20053692928235056,Observations,388
CKD__01,CKD,bp,True,148,240,0.2284074459340916,Observations,388
CKD__01,CKD,bp,True,148,240,0.2601513922888541,Observations,388
CKD__01,CKD,bp,True,148,240,0.29630709556359386,Observations,388
CKD__01,CKD,bp,True,148,240,0.33748769940792006,Observations,388
CKD__01,CKD,bp,True,148,240,0.38439156185244217,Observations,388
CKD__01,CKD,bp,True,148,240,0.4378140983584905,Observations,388
CKD__01,CKD,bp,True,148,240,0.4986612708086434,Binned,66
CKD__01,CKD,bp,True,148,240,0.5679649511900395,Binned,34
CKD__01,CKD,bp,True,148,240,0.6469004205142944,Binned,34
CKD__01,CKD,bp,True,148,240,0.7368062997280774,Binned,18
CKD__01,CKD,bp,True,148,240,0.8392072506111242,Binned,18
CKD__01,CKD,bp,True,148,240,0.9558398316330861,Means,2
CKD__01,CKD,bp,True,148,240,1.0886819472437184,Means,2
CKD__01,CKD,bp,True,148,240,1.2399863900098937,Means,2
CKD__01,CKD,bp,True,148,240,1.4123190444211153,Means,2
CKD__01,CKD,bp,True,148,240,1.6086024002397787,Means,2
CKD__01,CKD,bp,True,148,240,1.8321651133138896,Means,2
CKD__01,CKD,bp,True,148,240,2.0867984543253986,Means,2
CKD__01,CKD,bp,True,148,240,2.376820602755804,Means,2
CKD__01,CKD,bp,True,148,240,2.7071498763931694,Means,2
CKD__01,CKD,bp,True,148,240,3.083388138237417,Means,2
CKD__01,CKD,bp,True,148,240,3.511915795253308,Means,2
CKD__01,CKD,bp,True,148,240,4.0,Means,2
CKD__02,CKD,bgr,True,144,212,0.025,Observations,356
CKD__02,CKD,bgr,True,144,212,0.02847448681291267,Observations,356
CKD__02,CKD,bgr,True,144,212,0.032431855970349484,Observations,356
CKD__02,CKD,bgr,True,144,212,0.03693921820583997,Observations,356
CKD__02,CKD,bgr,True,144,212,0.04207301126725973,Observations,356
CKD__02,CKD,bgr,True,144,212,0.04792029618036453,Observations,356
CKD__02,CKD,bgr,True,144,212,0.05458023366634633,Observations,356
CKD__02,CKD,bgr,True,144,212,0.06216576575112282,Observations,356
CKD__02,CKD,bgr,True,144,212,0.07080553108379858,Observations,356
CKD__02,CKD,bgr,True,144,212,0.08064604644507599,Observations,356
CKD__02,CKD,bgr,True,144,212,0.0918541914405543,Observations,356
CKD__02,CKD,bgr,True,144,212,0.10462003851539275,Observations,356
CKD__02,CKD,bgr,True,144,212,0.11916007628291865,Observations,356
CKD__02,CKD,bgr,True,144,212,0.13572088082974534,Binned,66
CKD__02,CKD,bgr,True,144,212,0.15458329725693898,Binned,66
CKD__02,CKD,bgr,True,144,212,0.17606720236957066,Binned,66
CKD__02,CKD,bgr,True,144,212,0.20053692928235056,Binned,34
CKD__02,CKD,bgr,True,144,212,0.2284074459340916,Binned,34
CKD__02,CKD,bgr,True,144,212,0.2601513922888541,Binned,18
CKD__02,CKD,bgr,True,144,212,0.29630709556359386,Binned,18
CKD__02,CKD,bgr,True,144,212,0.33748769940792006,Binned,18
CKD__02,CKD,bgr,True,144,212,0.38439156185244217,Binned,18
CKD__02,CKD,bgr,True,144,212,0.4378140983584905,Binned,18
CKD__02,CKD,bgr,True,144,212,0.4986612708086434,Binned,18
CKD__02,CKD,bgr,True,144,212,0.5679649511900395,Binned,10
CKD__02,CKD,bgr,True,144,212,0.6469004205142944,Binned,10
CKD__02,CKD,bgr,True,144,212,0.7368062997280774,Binned,10
CKD__02,CKD,bgr,True,144,212,0.8392072506111242,Binned,10
CKD__02,CKD,bgr,True,144,212,0.9558398316330861,Binned,10
CKD__02,CKD,bgr,True,144,212,1.0886819472437184,Binned,10
CKD__02,CKD,bgr,True,144,212,1.2399863900098937,Binned,10
CKD__02,CKD,bgr,True,144,212,1.4123190444211153,Binned,10
CKD__02,CKD,bgr,True,144,212,1.6086024002397787,Binned,10
CKD__02,CKD,bgr,True,144,212,1.8321651133138896,Binned,10
CKD__02,CKD,bgr,True,144,212,2.0867984543253986,Binned,10
CKD__02,CKD,bgr,True,144,212,2.376820602755804,Means,2
CKD__02,CKD,bgr,True,144,212,2.7071498763931694,Means,2
CKD__02,CKD,bgr,True,144,212,3.083388138237417,Means,2
CKD__02,CKD,bgr,True,144,212,3.511915795253308,Means,2
CKD__02,CKD,bgr,True,144,212,4.0,Means,2
CKD__03,CKD,bu,True,144,237,0.025,Observations,381
CKD__03,CKD,bu,True,144,237,0.02847448681291267,Observations,381
CKD__03,CKD,bu,True,144,237,0.032431855970349484,Observations,381
CKD__03,CKD,bu,True,144,237,0.03693921820583997,Observations,381
CKD__03,CKD,bu,True,144,237,0.04207301126725973,Observations,381
CKD__03,CKD,bu,True,144,237,0.04792029618036453,Observations,381
CKD__03,CKD,bu,True,144,237,0.05458023366634633,Observations,381
CKD__03,CKD,bu,True,144,237,0.06216576575112282,Observations,381
CKD__03,CKD,bu,True,144,237,0.07080553108379858,Observations,381
CKD__03,CKD,bu,True,144,237,0.08064604644507599,Observations,381
CKD__03,CKD,bu,True,144,237,0.0918541914405543,Observations,381
CKD__03,CKD,bu,True,144,237,0.10462003851539275,Observations,381
CKD__03,CKD,bu,True,144,237,0.11916007628291865,Observations,381
CKD__03,CKD,bu,True,144,237,0.13572088082974534,Binned,130
CKD__03,CKD,bu,True,144,237,0.15458329725693898,Binned,66
CKD__03,CKD,bu,True,144,237,0.17606720236957066,Binned,34
CKD__03,CKD,bu,True,144,237,0.20053692928235056,Binned,34
CKD__03,CKD,bu,True,144,237,0.2284074459340916,Binned,34
CKD__03,CKD,bu,True,144,237,0.2601513922888541,Binned,34
CKD__03,CKD,bu,True,144,237,0.29630709556359386,Binned,34
CKD__03,CKD,bu,True,144,237,0.33748769940792006,Binned,34
CKD__03,CKD,bu,True,144,237,0.38439156185244217,Binned,34
CKD__03,CKD,bu,True,144,237,0.4378140983584905,Binned,18
CKD__03,CKD,bu,True,144,237,0.4986612708086434,Binned,18
CKD__03,CKD,bu,True,144,237,0.5679649511900395,Binned,18
CKD__03,CKD,bu,True,144,237,0.6469004205142944,Binned,18
CKD__03,CKD,bu,True,144,237,0.7368062997280774,Binned,18
CKD__03,CKD,bu,True,144,237,0.8392072506111242,Binned,10
CKD__03,CKD,bu,True,144,237,0.9558398316330861,Binned,10
CKD__03,CKD,bu,True,144,237,1.0886819472437184,Binned,10
CKD__03,CKD,bu,True,144,237,1.2399863900098937,Binned,10
CKD__03,CKD,bu,True,144,237,1.4123190444211153,Binned,10
CKD__03,CKD,bu,True,144,237,1.6086024002397787,Binned,10
CKD__03,CKD,bu,True,144,237,1.8321651133138896,Binned,10
CKD__03,CKD,bu,True,144,237,2.0867984543253986,Binned,10
CKD__03,CKD,bu,True,144,237,2.376820602755804,Means,2
CKD__03,CKD,bu,True,144,237,2.7071498763931694,Means,2
CKD__03,CKD,bu,True,144,237,3.083388138237417,Means,2
CKD__03,CKD,bu,True,144,237,3.511915795253308,Means,2
CKD__03,CKD,bu,True,144,237,4.0,Means,2
CKD__04,CKD,sc,True,145,238,0.025,Observations,383
CKD__04,CKD,sc,True,145,238,0.02847448681291267,Observations,383
CKD__04,CKD,sc,True,145,238,0.032431855970349484,Observations,383
CKD__04,CKD,sc,True,145,238,0.03693921820583997,Observations,383
CKD__04,CKD,sc,True,145,238,0.04207301126725973,Observations,383
CKD__04,CKD,sc,True,145,238,0.04792029618036453,Observations,383
CKD__04,CKD,sc,True,145,238,0.05458023366634633,Observations,383
CKD__04,CKD,sc,True,145,238,0.06216576575112282,Observations,383
CKD__04,CKD,sc,True,145,238,0.07080553108379858,Observations,383
CKD__04,CKD,sc,True,145,238,0.08064604644507599,Observations,383
CKD__04,CKD,sc,True,145,238,0.0918541914405543,Observations,383
CKD__04,CKD,sc,True,145,238,0.10462003851539275,Observations,383
CKD__04,CKD,sc,True,145,238,0.11916007628291865,Binned,130
CKD__04,CKD,sc,True,145,238,0.13572088082974534,Binned,130
CKD__04,CKD,sc,True,145,238,0.15458329725693898,Binned,130
CKD__04,CKD,sc,True,145,238,0.17606720236957066,Binned,130
CKD__04,CKD,sc,True,145,238,0.20053692928235056,Binned,130
CKD__04,CKD,sc,True,145,238,0.2284074459340916,Binned,130
CKD__04,CKD,sc,True,145,238,0.2601513922888541,Binned,130
CKD__04,CKD,sc,True,145,238,0.29630709556359386,Binned,130
CKD__04,CKD,sc,True,145,238,0.33748769940792006,Density,66
CKD__04,CKD,sc,True,145,238,0.38439156185244217,Density,66
CKD__04,CKD,sc,True,145,238,0.4378140983584905,Density,66
CKD__04,CKD,sc,True,145,238,0.4986612708086434,Density,66
CKD__04,CKD,sc,True,145,238,0.5679649511900395,Density,66
CKD__04,CKD,sc,True,145,238,0.6469004205142944,Density,66
CKD__04,CKD,sc,True,145,238,0.7368062997280774,Density,66
CKD__04,CKD,sc,True,145,238,0.8392072506111242,Binned,34
CKD__04,CKD,sc,True,145,238,0.9558398316330861,Binned,34
CKD__04,CKD,sc,True,145,238,1.0886819472437184,Binned,34
CKD__04,CKD,sc,True,145,238,1.2399863900098937,Binned,34
CKD__04,CKD,sc,True,145,238,1.4123190444211153,Binned,34
CKD__04,CKD,sc,True,145,238,1.6086024002397787,Means,2
CKD__04,CKD,sc,True,145,238,1.8321651133138896,Means,2
CKD__04,CKD,sc,True,145,238,2.0867984543253986,Means,2
CKD__04,CKD,sc,True,145,238,2.376820602755804,Means,2
CKD__04,CKD,sc,True,145,238,2.7071498763931694,Means,2
CKD__04,CKD,sc,True,145,238,3.083388138237417,Means,2
CKD__04,CKD,sc,True,145,238,3.511915795253308,Means,2
CKD__04,CKD,sc,True,145,238,4.0,Means,2
CKD__05,CKD,sod,True,145,168,0.025,Observations,313
CKD__05,CKD,sod,True,145,168,0.02847448681291267,Observations,313
CKD__05,CKD,sod,True,145,168,0.032431855970349484,Observations,313
CKD__05,CKD,sod,True,145,168,0.03693921820583997,Observations,313
CKD__05,CKD,sod,True,145,168,0.04207301126725973,Observations,313
CKD__05,CKD,sod,True,145,168,0.04792029618036453,Observations,313
CKD__05,CKD,sod,True,145,168,0.05458023366634633,Observations,313
CKD__05,CKD,sod,True,145,168,0.06216576575112282,Observations,313
CKD__05,CKD,sod,True,145,168,0.07080553108379858,Observations,313
CKD__05,CKD,sod,True,145,168,0.08064604644507599,Observations,313
CKD__05,CKD,sod,True,145,168,0.0918541914405543,Observations,313
CKD__05,CKD,sod,True,145,168,0.10462003851539275,Observations,313
CKD__05,CKD,sod,True,145,168,0.11916007628291865,Observations,313
CKD__05,CKD,sod,True,145,168,0.13572088082974534,Observations,313
CKD__05,CKD,sod,True,145,168,0.15458329725693898,Observations,313
CKD__05,CKD,sod,True,145,168,0.17606720236957066,Observations,313
CKD__05,CKD,sod,True,145,168,0.20053692928235056,Observations,313
CKD__05,CKD,sod,True,145,168,0.2284074459340916,Observations,313
CKD__05,CKD,sod,True,145,168,0.2601513922888541,Binned,66
CKD__05,CKD,sod,True,145,168,0.29630709556359386,Binned,66
CKD__05,CKD,sod,True,145,168,0.33748769940792006,Binned,66
CKD__05,CKD,sod,True,145,168,0.38439156185244217,Binned,66
CKD__05,CKD,sod,True,145,168,0.4378140983584905,Binned,66
CKD__05,CKD,sod,True,145,168,0.4986612708086434,Binned,34
CKD__05,CKD,sod,True,145,168,0.5679649511900395,Binned,34
CKD__05,CKD,sod,True,145,168,0.6469004205142944,Binned,34
CKD__05,CKD,sod,True,145,168,0.7368062997280774,Binned,34
CKD__05,CKD,sod,True,145,168,0.8392072506111242,Means,2
CKD__05,CKD,sod,True,145,168,0.9558398316330861,Means,2
CKD__05,CKD,sod,True,145,168,1.0886819472437184,Means,2
CKD__05,CKD,sod,True,145,168,1.2399863900098937,Means,2
CKD__05,CKD,sod,True,145,168,1.4123190444211153,Means,2
CKD__05,CKD,sod,True,145,168,1.6086024002397787,Means,2
CKD__05,CKD,sod,True,145,168,1.8321651133138896,Means,2
CKD__05,CKD,sod,True,145,168,2.0867984543253986,Means,2
CKD__05,CKD,sod,True,145,168,2.376820602755804,Means,2
CKD__05,CKD,sod,True,145,168,2.7071498763931694,Means,2
CKD__05,CKD,sod,True,145,168,3.083388138237417,Means,2
CKD__05,CKD,sod,True,145,168,3.511915795253308,Means,2
CKD__05,CKD,sod,True,145,168,4.0,Means,2
CKD__06,CKD,pot,True,145,167,0.025,Observations,312
CKD__06,CKD,pot,True,145,167,0.02847448681291267,Observations,312
CKD__06,CKD,pot,True,145,167,0.032431855970349484,Observations,312
CKD__06,CKD,pot,True,145,167,0.03693921820583997,Observations,312
CKD__06,CKD,pot,True,145,167,0.04207301126725973,Observations,312
CKD__06,CKD,pot,True,145,167,0.04792029618036453,Observations,312
CKD__06,CKD,pot,True,145,167,0.05458023366634633,Observations,312
CKD__06,CKD,pot,True,145,167,0.06216576575112282,Observations,312
CKD__06,CKD,pot,True,145,167,0.07080553108379858,Observations,312
CKD__06,CKD,pot,True,145,167,0.08064604644507599,Observations,312
CKD__06,CKD,pot,True,145,167,0.0918541914405543,Observations,312
CKD__06,CKD,pot,True,145,167,0.10462003851539275,Observations,312
CKD__06,CKD,pot,True,145,167,0.11916007628291865,Observations,312
CKD__06,CKD,pot,True,145,167,0.13572088082974534,Binned,130
CKD__06,CKD,pot,True,145,167,0.15458329725693898,Binned,130
CKD__06,CKD,pot,True,145,167,0.17606720236957066,Binned,66
CKD__06,CKD,pot,True,145,167,0.20053692928235056,Binned,66
CKD__06,CKD,pot,True,145,167,0.2284074459340916,Binned,66
CKD__06,CKD,pot,True,145,167,0.2601513922888541,Binned,66
CKD__06,CKD,pot,True,145,167,0.29630709556359386,Binned,66
CKD__06,CKD,pot,True,145,167,0.33748769940792006,Means,2
CKD__06,CKD,pot,True,145,167,0.38439156185244217,Means,2
CKD__06,CKD,pot,True,145,167,0.4378140983584905,Means,2
CKD__06,CKD,pot,True,145,167,0.4986612708086434,Means,2
CKD__06,CKD,pot,True,145,167,0.5679649511900395,Means,2
CKD__06,CKD,pot,True,145,167,0.6469004205142944,Means,2
CKD__06,CKD,pot,True,145,167,0.7368062997280774,Means,2
CKD__06,CKD,pot,True,145,167,0.8392072506111242,Means,2
CKD__06,CKD,pot,True,145,167,0.9558398316330861,Means,2
CKD__06,CKD,pot,True,145,167,1.0886819472437184,Means,2
CKD__06,CKD,pot,True,145,167,1.2399863900098937,Means,2
CKD__06,CKD,pot,True,145,167,1.4123190444211153,Means,2
CKD__06,CKD,pot,True,145,167,1.6086024002397787,Means,2
CKD__06,CKD,pot,True,145,167,1.8321651133138896,Means,2
CKD__06,CKD,pot,True,145,167,2.0867984543253986,Means,2
CKD__06,CKD,pot,True,145,167,2.376820602755804,Means,2
CKD__06,CKD,pot,True,145,167,2.7071498763931694,Means,2
CKD__06,CKD,pot,True,145,167,3.083388138237417,Means,2
CKD__06,CKD,pot,True,145,167,3.511915795253308,Means,2
CKD__06,CKD,pot,True,145,167,4.0,Means,2
CKD__07,CKD,hemo,True,144,204,0.025,Observations,348
CKD__07,CKD,hemo,True,144,204,0.02847448681291267,Observations,348
CKD__07,CKD,hemo,True,144,204,0.032431855970349484,Observations,348
CKD__07,CKD,hemo,True,144,204,0.03693921820583997,Observations,348
CKD__07,CKD,hemo,True,144,204,0.04207301126725973,Observations,348
CKD__07,CKD,hemo,True,144,204,0.04792029618036453,Observations,348
CKD__07,CKD,hemo,True,144,204,0.05458023366634633,Observations,348
CKD__07,CKD,hemo,True,144,204,0.06216576575112282,Observations,348
CKD__07,CKD,hemo,True,144,204,0.07080553108379858,Observations,348
CKD__07,CKD,hemo,True,144,204,0.08064604644507599,Observations,348
CKD__07,CKD,hemo,True,144,204,0.0918541914405543,Binned,130
CKD__07,CKD,hemo,True,144,204,0.10462003851539275,Binned,66
CKD__07,CKD,hemo,True,144,204,0.11916007628291865,Binned,66
CKD__07,CKD,hemo,True,144,204,0.13572088082974534,Binned,66
CKD__07,CKD,hemo,True,144,204,0.15458329725693898,Binned,66
CKD__07,CKD,hemo,True,144,204,0.17606720236957066,Binned,34
CKD__07,CKD,hemo,True,144,204,0.20053692928235056,Binned,34
CKD__07,CKD,hemo,True,144,204,0.2284074459340916,Binned,34
CKD__07,CKD,hemo,True,144,204,0.2601513922888541,Binned,34
CKD__07,CKD,hemo,True,144,204,0.29630709556359386,Binned,34
CKD__07,CKD,hemo,True,144,204,0.33748769940792006,Binned,34
CKD__07,CKD,hemo,True,144,204,0.38439156185244217,Binned,18
CKD__07,CKD,hemo,True,144,204,0.4378140983584905,Binned,18
CKD__07,CKD,hemo,True,144,204,0.4986612708086434,Binned,18
CKD__07,CKD,hemo,True,144,204,0.5679649511900395,Binned,18
CKD__07,CKD,hemo,True,144,204,0.6469004205142944,Binned,18
CKD__07,CKD,hemo,True,144,204,0.7368062997280774,Binned,18
CKD__07,CKD,hemo,True,144,204,0.8392072506111242,Binned,18
CKD__07,CKD,hemo,True,144,204,0.9558398316330861,Binned,18
CKD__07,CKD,hemo,True,144,204,1.0886819472437184,Binned,18
CKD__07,CKD,hemo,True,144,204,1.2399863900098937,Means,2
CKD__07,CKD,hemo,True,144,204,1.4123190444211153,Means,2
CKD__07,CKD,hemo,True,144,204,1.6086024002397787,Means,2
CKD__07,CKD,hemo,True,144,204,1.8321651133138896,Means,2
CKD__07,CKD,hemo,True,144,204,2.0867984543253986,Means,2
CKD__07,CKD,hemo,True,144,204,2.376820602755804,Means,2
CKD__07,CKD,hemo,True,144,204,2.7071498763931694,Means,2
CKD__07,CKD,hemo,True,144,204,3.083388138237417,Means,2
CKD__07,CKD,hemo,True,144,204,3.511915795253308,Means,2
CKD__07,CKD,hemo,True,144,204,4.0,Means,2
CKD__08,CKD,pcv,True,146,183,0.025,Observations,329
CKD__08,CKD,pcv,True,146,183,0.02847448681291267,Observations,329
CKD__08,CKD,pcv,True,146,183,0.032431855970349484,Observations,329
CKD__08,CKD,pcv,True,146,183,0.03693921820583997,Observations,329
CKD__08,CKD,pcv,True,146,183,0.04207301126725973,Observations,329
CKD__08,CKD,pcv,True,146,183,0.04792029618036453,Observations,329
CKD__08,CKD,pcv,True,146,183,0.05458023366634633,Observations,329
CKD__08,CKD,pcv,True,146,183,0.06216576575112282,Observations,329
CKD__08,CKD,pcv,True,146,183,0.07080553108379858,Observations,329
CKD__08,CKD,pcv,True,146,183,0.08064604644507599,Observations,329
CKD__08,CKD,pcv,True,146,183,0.0918541914405543,Observations,329
CKD__08,CKD,pcv,True,146,183,0.10462003851539275,Observations,329
CKD__08,CKD,pcv,True,146,183,0.11916007628291865,Observations,329
CKD__08,CKD,pcv,True,146,183,0.13572088082974534,Observations,329
CKD__08,CKD,pcv,True,146,183,0.15458329725693898,Observations,329
CKD__08,CKD,pcv,True,146,183,0.17606720236957066,Observations,329
CKD__08,CKD,pcv,True,146,183,0.20053692928235056,Binned,66
CKD__08,CKD,pcv,True,146,183,0.2284074459340916,Binned,34
CKD__08,CKD,pcv,True,146,183,0.2601513922888541,Binned,18
CKD__08,CKD,pcv,True,146,183,0.29630709556359386,Binned,18
CKD__08,CKD,pcv,True,146,183,0.33748769940792006,Binned,18
CKD__08,CKD,pcv,True,146,183,0.38439156185244217,Binned,18
CKD__08,CKD,pcv,True,146,183,0.4378140983584905,Binned,18
CKD__08,CKD,pcv,True,146,183,0.4986612708086434,Binned,18
CKD__08,CKD,pcv,True,146,183,0.5679649511900395,Binned,18
CKD__08,CKD,pcv,True,146,183,0.6469004205142944,Binned,18
CKD__08,CKD,pcv,True,146,183,0.7368062997280774,Binned,18
CKD__08,CKD,pcv,True,146,183,0.8392072506111242,Binned,18
CKD__08,CKD,pcv,True,146,183,0.9558398316330861,Means,2
CKD__08,CKD,pcv,True,146,183,1.0886819472437184,Means,2
CKD__08,CKD,pcv,True,146,183,1.2399863900098937,Means,2
CKD__08,CKD,pcv,True,146,183,1.4123190444211153,Means,2
CKD__08,CKD,pcv,True,146,183,1.6086024002397787,Means,2
CKD__08,CKD,pcv,True,146,183,1.8321651133138896,Means,2
CKD__08,CKD,pcv,True,146,183,2.0867984543253986,Means,2
CKD__08,CKD,pcv,True,146,183,2.376820602755804,Means,2
CKD__08,CKD,pcv,True,146,183,2.7071498763931694,Means,2
CKD__08,CKD,pcv,True,146,183,3.083388138237417,Means,2
CKD__08,CKD,pcv,True,146,183,3.511915795253308,Means,2
CKD__08,CKD,pcv,True,146,183,4.0,Means,2
CKD__09,CKD,wc,True,143,151,0.025,Observations,294
CKD__09,CKD,wc,True,143,151,0.02847448681291267,Observations,294
CKD__09,CKD,wc,True,143,151,0.032431855970349484,Observations,294
CKD__09,CKD,wc,True,143,151,0.03693921820583997,Observations,294
CKD__09,CKD,wc,True,143,151,0.04207301126725973,Observations,294
CKD__09,CKD,wc,True,143,151,0.04792029618036453,Observations,294
CKD__09,CKD,wc,True,143,151,0.05458023366634633,Observations,294
CKD__09,CKD,wc,True,143,151,0.06216576575112282,Observations,294
CKD__09,CKD,wc,True,143,151,0.07080553108379858,Observations,294
CKD__09,CKD,wc,True,143,151,0.08064604644507599,Observations,294
CKD__09,CKD,wc,True,143,151,0.0918541914405543,Observations,294
CKD__09,CKD,wc,True,143,151,0.10462003851539275,Observations,294
CKD__09,CKD,wc,True,143,151,0.11916007628291865,Observations,294
CKD__09,CKD,wc,True,143,151,0.13572088082974534,Observations,294
CKD__09,CKD,wc,True,143,151,0.15458329725693898,Observations,294
CKD__09,CKD,wc,True,143,151,0.17606720236957066,Observations,294
CKD__09,CKD,wc,True,143,151,0.20053692928235056,Observations,294
CKD__09,CKD,wc,True,143,151,0.2284074459340916,Observations,294
CKD__09,CKD,wc,True,143,151,0.2601513922888541,Density,34
CKD__09,CKD,wc,True,143,151,0.29630709556359386,Density,34
CKD__09,CKD,wc,True,143,151,0.33748769940792006,Binned,18
CKD__09,CKD,wc,True,143,151,0.38439156185244217,Binned,18
CKD__09,CKD,wc,True,143,151,0.4378140983584905,Binned,18
CKD__09,CKD,wc,True,143,151,0.4986612708086434,Binned,18
CKD__09,CKD,wc,True,143,151,0.5679649511900395,Binned,18
CKD__09,CKD,wc,True,143,151,0.6469004205142944,Binned,18
CKD__09,CKD,wc,True,143,151,0.7368062997280774,Binned,18
CKD__09,CKD,wc,True,143,151,0.8392072506111242,Binned,10
CKD__09,CKD,wc,True,143,151,0.9558398316330861,Binned,10
CKD__09,CKD,wc,True,143,151,1.0886819472437184,Binned,10
CKD__09,CKD,wc,True,143,151,1.2399863900098937,Means,2
CKD__09,CKD,wc,True,143,151,1.4123190444211153,Means,2
CKD__09,CKD,wc,True,143,151,1.6086024002397787,Means,2
CKD__09,CKD,wc,True,143,151,1.8321651133138896,Means,2
CKD__09,CKD,wc,True,143,151,2.0867984543253986,Means,2
CKD__09,CKD,wc,True,143,151,2.376820602755804,Means,2
CKD__09,CKD,wc,True,143,151,2.7071498763931694,Means,2
CKD__09,CKD,wc,True,143,151,3.083388138237417,Means,2
CKD__09,CKD,wc,True,143,151,3.511915795253308,Means,2
CKD__09,CKD,wc,True,143,151,4.0,Means,2
CKD__10,CKD,rc,True,143,126,0.025,Observations,269
CKD__10,CKD,rc,True,143,126,0.02847448681291267,Observations,269
CKD__10,CKD,rc,True,143,126,0.032431855970349484,Observations,269
CKD__10,CKD,rc,True,143,126,0.03693921820583997,Observations,269
CKD__10,CKD,rc,True,143,126,0.04207301126725973,Observations,269
CKD__10,CKD,rc,True,143,126,0.04792029618036453,Observations,269
CKD__10,CKD,rc,True,143,126,0.05458023366634633,Observations,269
CKD__10,CKD,rc,True,143,126,0.06216576575112282,Observations,269
CKD__10,CKD,rc,True,143,126,0.07080553108379858,Observations,269
CKD__10,CKD,rc,True,143,126,0.08064604644507599,Observations,269
CKD__10,CKD,rc,True,143,126,0.0918541914405543,Observations,269
CKD__10,CKD,rc,True,143,126,0.10462003851539275,Observations,269
CKD__10,CKD,rc,True,143,126,0.11916007628291865,Observations,269
CKD__10,CKD,rc,True,143,126,0.13572088082974534,Observations,269
CKD__10,CKD,rc,True,143,126,0.15458329725693898,Observations,269
CKD__10,CKD,rc,True,143,126,0.17606720236957066,Observations,269
CKD__10,CKD,rc,True,143,126,0.20053692928235056,Binned,130
CKD__10,CKD,rc,True,143,126,0.2284074459340916,Binned,130
CKD__10,CKD,rc,True,143,126,0.2601513922888541,Binned,34
CKD__10,CKD,rc,True,143,126,0.29630709556359386,Binned,34
CKD__10,CKD,rc,True,143,126,0.33748769940792006,Binned,18
CKD__10,CKD,rc,True,143,126,0.38439156185244217,Binned,18
CKD__10,CKD,rc,True,143,126,0.4378140983584905,Binned,18
CKD__10,CKD,rc,True,143,126,0.4986612708086434,Binned,18
CKD__10,CKD,rc,True,143,126,0.5679649511900395,Binned,18
CKD__10,CKD,rc,True,143,126,0.6469004205142944,Means,2
CKD__10,CKD,rc,True,143,126,0.7368062997280774,Means,2
CKD__10,CKD,rc,True,143,126,0.8392072506111242,Means,2
CKD__10,CKD,rc,True,143,126,0.9558398316330861,Means,2
CKD__10,CKD,rc,True,143,126,1.0886819472437184,Means,2
CKD__10,CKD,rc,True,143,126,1.2399863900098937,Means,2
CKD__10,CKD,rc,True,143,126,1.4123190444211153,Means,2
CKD__10,CKD,rc,True,143,126,1.6086024002397787,Means,2
CKD__10,CKD,rc,True,143,126,1.8321651133138896,Means,2
CKD__10,CKD,rc,True,143,126,2.0867984543253986,Means,2
CKD__10,CKD,rc,True,143,126,2.376820602755804,Means,2
CKD__10,CKD,rc,True,143,126,2.7071498763931694,Means,2
CKD__10,CKD,rc,True,143,126,3.083388138237417,Means,2
CKD__10,CKD,rc,True,143,126,3.511915795253308,Means,2
CKD__10,CKD,rc,True,143,126,4.0,Means,2
ILPD__00,ILPD,age,True,167,416,0.025,Observations,583
ILPD__00,ILPD,age,True,167,416,0.02847448681291267,Observations,583
ILPD__00,ILPD,age,True,167,416,0.032431855970349484,Observations,583
ILPD__00,ILPD,age,True,167,416,0.03693921820583997,Observations,583
ILPD__00,ILPD,age,True,167,416,0.04207301126725973,Observations,583
ILPD__00,ILPD,age,True,167,416,0.04792029618036453,Observations,583
ILPD__00,ILPD,age,True,167,416,0.05458023366634633,Observations,583
ILPD__00,ILPD,age,True,167,416,0.06216576575112282,Observations,583
ILPD__00,ILPD,age,True,167,416,0.07080553108379858,Observations,583
ILPD__00,ILPD,age,True,167,416,0.08064604644507599,Observations,583
ILPD__00,ILPD,age,True,167,416,0.0918541914405543,Binned,130
ILPD__00,ILPD,age,True,167,416,0.10462003851539275,Binned,130
ILPD__00,ILPD,age,True,167,416,0.11916007628291865,Binned,130
ILPD__00,ILPD,age,True,167,416,0.13572088082974534,Binned,130
ILPD__00,ILPD,age,True,167,416,0.15458329725693898,Binned,130
ILPD__00,ILPD,age,True,167,416,0.17606720236957066,Binned,18
ILPD__00,ILPD,age,True,167,416,0.20053692928235056,Binned,18
ILPD__00,ILPD,age,True,167,416,0.2284074459340916,Five-number,10
ILPD__00,ILPD,age,True,167,416,0.2601513922888541,Five-number,10
ILPD__00,ILPD,age,True,167,416,0.29630709556359386,Five-number,10
ILPD__00,ILPD,age,True,167,416,0.33748769940792006,Means,2
ILPD__00,ILPD,age,True,167,416,0.38439156185244217,Means,2
ILPD__00,ILPD,age,True,167,416,0.4378140983584905,Means,2
ILPD__00,ILPD,age,True,167,416,0.4986612708086434,Means,2
ILPD__00,ILPD,age,True,167,416,0.5679649511900395,Means,2
ILPD__00,ILPD,age,True,167,416,0.6469004205142944,Means,2
ILPD__00,ILPD,age,True,167,416,0.7368062997280774,Means,2
ILPD__00,ILPD,age,True,167,416,0.8392072506111242,Means,2
ILPD__00,ILPD,age,True,167,416,0.9558398316330861,Means,2
ILPD__00,ILPD,age,True,167,416,1.0886819472437184,Means,2
ILPD__00,ILPD,age,True,167,416,1.2399863900098937,Means,2
ILPD__00,ILPD,age,True,167,416,1.4123190444211153,Means,2
ILPD__00,ILPD,age,True,167,416,1.6086024002397787,Means,2
ILPD__00,ILPD,age,True,167,416,1.8321651133138896,Means,2
ILPD__00,ILPD,age,True,167,416,2.0867984543253986,Means,2
ILPD__00,ILPD,age,True,167,416,2.376820602755804,Means,2
ILPD__00,ILPD,age,True,167,416,2.7071498763931694,Means,2
ILPD__00,ILPD,age,True,167,416,3.083388138237417,Means,2
ILPD__00,ILPD,age,True,167,416,3.511915795253308,Means,2
ILPD__00,ILPD,age,True,167,416,4.0,Means,2
ILPD__01,ILPD,total_bilirubin,True,167,416,0.025,Observations,583
ILPD__01,ILPD,total_bilirubin,True,167,416,0.02847448681291267,Observations,583
ILPD__01,ILPD,total_bilirubin,True,167,416,0.032431855970349484,Observations,583
ILPD__01,ILPD,total_bilirubin,True,167,416,0.03693921820583997,Observations,583
ILPD__01,ILPD,total_bilirubin,True,167,416,0.04207301126725973,Observations,583
ILPD__01,ILPD,total_bilirubin,True,167,416,0.04792029618036453,Observations,583
ILPD__01,ILPD,total_bilirubin,True,167,416,0.05458023366634633,Observations,583
ILPD__01,ILPD,total_bilirubin,True,167,416,0.06216576575112282,Observations,583
ILPD__01,ILPD,total_bilirubin,True,167,416,0.07080553108379858,Observations,583
ILPD__01,ILPD,total_bilirubin,True,167,416,0.08064604644507599,Observations,583
ILPD__01,ILPD,total_bilirubin,True,167,416,0.0918541914405543,Observations,583
ILPD__01,ILPD,total_bilirubin,True,167,416,0.10462003851539275,Binned,130
ILPD__01,ILPD,total_bilirubin,True,167,416,0.11916007628291865,Binned,130
ILPD__01,ILPD,total_bilirubin,True,167,416,0.13572088082974534,Binned,130
ILPD__01,ILPD,total_bilirubin,True,167,416,0.15458329725693898,Binned,130
ILPD__01,ILPD,total_bilirubin,True,167,416,0.17606720236957066,Binned,130
ILPD__01,ILPD,total_bilirubin,True,167,416,0.20053692928235056,Binned,130
ILPD__01,ILPD,total_bilirubin,True,167,416,0.2284074459340916,Binned,66
ILPD__01,ILPD,total_bilirubin,True,167,416,0.2601513922888541,Binned,66
ILPD__01,ILPD,total_bilirubin,True,167,416,0.29630709556359386,Binned,66
ILPD__01,ILPD,total_bilirubin,True,167,416,0.33748769940792006,Binned,66
ILPD__01,ILPD,total_bilirubin,True,167,416,0.38439156185244217,Binned,66
ILPD__01,ILPD,total_bilirubin,True,167,416,0.4378140983584905,Binned,66
ILPD__01,ILPD,total_bilirubin,True,167,416,0.4986612708086434,Binned,66
ILPD__01,ILPD,total_bilirubin,True,167,416,0.5679649511900395,Binned,34
ILPD__01,ILPD,total_bilirubin,True,167,416,0.6469004205142944,Binned,34
ILPD__01,ILPD,total_bilirubin,True,167,416,0.7368062997280774,Binned,34
ILPD__01,ILPD,total_bilirubin,True,167,416,0.8392072506111242,Binned,34
ILPD__01,ILPD,total_bilirubin,True,167,416,0.9558398316330861,Binned,34
ILPD__01,ILPD,total_bilirubin,True,167,416,1.0886819472437184,Binned,34
ILPD__01,ILPD,total_bilirubin,True,167,416,1.2399863900098937,Binned,18
ILPD__01,ILPD,total_bilirubin,True,167,416,1.4123190444211153,Binned,18
ILPD__01,ILPD,total_bilirubin,True,167,416,1.6086024002397787,Binned,18
ILPD__01,ILPD,total_bilirubin,True,167,416,1.8321651133138896,Binned,18
ILPD__01,ILPD,total_bilirubin,True,167,416,2.0867984543253986,Binned,18
ILPD__01,ILPD,total_bilirubin,True,167,416,2.376820602755804,Means,2
ILPD__01,ILPD,total_bilirubin,True,167,416,2.7071498763931694,Means,2
ILPD__01,ILPD,total_bilirubin,True,167,416,3.083388138237417,Means,2
ILPD__01,ILPD,total_bilirubin,True,167,416,3.511915795253308,Means,2
ILPD__01,ILPD,total_bilirubin,True,167,416,4.0,Means,2
ILPD__02,ILPD,direct_bilirubin,True,167,416,0.025,Observations,583
ILPD__02,ILPD,direct_bilirubin,True,167,416,0.02847448681291267,Observations,583
ILPD__02,ILPD,direct_bilirubin,True,167,416,0.032431855970349484,Observations,583
ILPD__02,ILPD,direct_bilirubin,True,167,416,0.03693921820583997,Observations,583
ILPD__02,ILPD,direct_bilirubin,True,167,416,0.04207301126725973,Observations,583
ILPD__02,ILPD,direct_bilirubin,True,167,416,0.04792029618036453,Observations,583
ILPD__02,ILPD,direct_bilirubin,True,167,416,0.05458023366634633,Observations,583
ILPD__02,ILPD,direct_bilirubin,True,167,416,0.06216576575112282,Observations,583
ILPD__02,ILPD,direct_bilirubin,True,167,416,0.07080553108379858,Observations,583
ILPD__02,ILPD,direct_bilirubin,True,167,416,0.08064604644507599,Observations,583
ILPD__02,ILPD,direct_bilirubin,True,167,416,0.0918541914405543,Observations,583
ILPD__02,ILPD,direct_bilirubin,True,167,416,0.10462003851539275,Observations,583
ILPD__02,ILPD,direct_bilirubin,True,167,416,0.11916007628291865,Observations,583
ILPD__02,ILPD,direct_bilirubin,True,167,416,0.13572088082974534,Binned,66
ILPD__02,ILPD,direct_bilirubin,True,167,416,0.15458329725693898,Binned,66
ILPD__02,ILPD,direct_bilirubin,True,167,416,0.17606720236957066,Binned,66
ILPD__02,ILPD,direct_bilirubin,True,167,416,0.20053692928235056,Binned,66
ILPD__02,ILPD,direct_bilirubin,True,167,416,0.2284074459340916,Binned,66
ILPD__02,ILPD,direct_bilirubin,True,167,416,0.2601513922888541,Binned,66
ILPD__02,ILPD,direct_bilirubin,True,167,416,0.29630709556359386,Binned,34
ILPD__02,ILPD,direct_bilirubin,True,167,416,0.33748769940792006,Binned,34
ILPD__02,ILPD,direct_bilirubin,True,167,416,0.38439156185244217,Binned,34
ILPD__02,ILPD,direct_bilirubin,True,167,416,0.4378140983584905,Binned,34
ILPD__02,ILPD,direct_bilirubin,True,167,416,0.4986612708086434,Binned,34
ILPD__02,ILPD,direct_bilirubin,True,167,416,0.5679649511900395,Binned,34
ILPD__02,ILPD,direct_bilirubin,True,167,416,0.6469004205142944,Binned,18
ILPD__02,ILPD,direct_bilirubin,True,167,416,0.7368062997280774,Binned,18
ILPD__02,ILPD,direct_bilirubin,True,167,416,0.8392072506111242,Binned,18
ILPD__02,ILPD,direct_bilirubin,True,167,416,0.9558398316330861,Binned,18
ILPD__02,ILPD,direct_bilirubin,True,167,416,1.0886819472437184,Binned,18
ILPD__02,ILPD,direct_bilirubin,True,167,416,1.2399863900098937,Binned,18
ILPD__02,ILPD,direct_bilirubin,True,167,416,1.4123190444211153,Binned,18
ILPD__02,ILPD,direct_bilirubin,True,167,416,1.6086024002397787,Binned,10
ILPD__02,ILPD,direct_bilirubin,True,167,416,1.8321651133138896,Binned,10
ILPD__02,ILPD,direct_bilirubin,True,167,416,2.0867984543253986,Binned,10
ILPD__02,ILPD,direct_bilirubin,True,167,416,2.376820602755804,Binned,10
ILPD__02,ILPD,direct_bilirubin,True,167,416,2.7071498763931694,Means,2
ILPD__02,ILPD,direct_bilirubin,True,167,416,3.083388138237417,Means,2
ILPD__02,ILPD,direct_bilirubin,True,167,416,3.511915795253308,Means,2
ILPD__02,ILPD,direct_bilirubin,True,167,416,4.0,Means,2
ILPD__03,ILPD,alkaline_phosphatase,True,167,416,0.025,Observations,583
ILPD__03,ILPD,alkaline_phosphatase,True,167,416,0.02847448681291267,Observations,583
ILPD__03,ILPD,alkaline_phosphatase,True,167,416,0.032431855970349484,Observations,583
ILPD__03,ILPD,alkaline_phosphatase,True,167,416,0.03693921820583997,Observations,583
ILPD__03,ILPD,alkaline_phosphatase,True,167,416,0.04207301126725973,Observations,583
ILPD__03,ILPD,alkaline_phosphatase,True,167,416,0.04792029618036453,Observations,583
ILPD__03,ILPD,alkaline_phosphatase,True,167,416,0.05458023366634633,Observations,583
ILPD__03,ILPD,alkaline_phosphatase,True,167,416,0.06216576575112282,Observations,583
ILPD__03,ILPD,alkaline_phosphatase,True,167,416,0.07080553108379858,Observations,583
ILPD__03,ILPD,alkaline_phosphatase,True,167,416,0.08064604644507599,Observations,583
ILPD__03,ILPD,alkaline_phosphatase,True,167,416,0.0918541914405543,Observations,583
ILPD__03,ILPD,alkaline_phosphatase,True,167,416,0.10462003851539275,Observations,583
ILPD__03,ILPD,alkaline_phosphatase,True,167,416,0.11916007628291865,Binned,130
ILPD__03,ILPD,alkaline_phosphatase,True,167,416,0.13572088082974534,Binned,66
ILPD__03,ILPD,alkaline_phosphatase,True,167,416,0.15458329725693898,Binned,66
ILPD__03,ILPD,alkaline_phosphatase,True,167,416,0.17606720236957066,Binned,66
ILPD__03,ILPD,alkaline_phosphatase,True,167,416,0.20053692928235056,Binned,66
ILPD__03,ILPD,alkaline_phosphatase,True,167,416,0.2284074459340916,Binned,34
ILPD__03,ILPD,alkaline_phosphatase,True,167,416,0.2601513922888541,Binned,34
ILPD__03,ILPD,alkaline_phosphatase,True,167,416,0.29630709556359386,Binned,18
ILPD__03,ILPD,alkaline_phosphatase,True,167,416,0.33748769940792006,Binned,18
ILPD__03,ILPD,alkaline_phosphatase,True,167,416,0.38439156185244217,Binned,18
ILPD__03,ILPD,alkaline_phosphatase,True,167,416,0.4378140983584905,Binned,18
ILPD__03,ILPD,alkaline_phosphatase,True,167,416,0.4986612708086434,Five-number,10
ILPD__03,ILPD,alkaline_phosphatase,True,167,416,0.5679649511900395,Five-number,10
ILPD__03,ILPD,alkaline_phosphatase,True,167,416,0.6469004205142944,Five-number,10
ILPD__03,ILPD,alkaline_phosphatase,True,167,416,0.7368062997280774,Five-number,10
ILPD__03,ILPD,alkaline_phosphatase,True,167,416,0.8392072506111242,Five-number,10
ILPD__03,ILPD,alkaline_phosphatase,True,167,416,0.9558398316330861,Five-number,10
ILPD__03,ILPD,alkaline_phosphatase,True,167,416,1.0886819472437184,Five-number,10
ILPD__03,ILPD,alkaline_phosphatase,True,167,416,1.2399863900098937,Five-number,10
ILPD__03,ILPD,alkaline_phosphatase,True,167,416,1.4123190444211153,Means,2
ILPD__03,ILPD,alkaline_phosphatase,True,167,416,1.6086024002397787,Means,2
ILPD__03,ILPD,alkaline_phosphatase,True,167,416,1.8321651133138896,Means,2
ILPD__03,ILPD,alkaline_phosphatase,True,167,416,2.0867984543253986,Means,2
ILPD__03,ILPD,alkaline_phosphatase,True,167,416,2.376820602755804,Means,2
ILPD__03,ILPD,alkaline_phosphatase,True,167,416,2.7071498763931694,Means,2
ILPD__03,ILPD,alkaline_phosphatase,True,167,416,3.083388138237417,Means,2
ILPD__03,ILPD,alkaline_phosphatase,True,167,416,3.511915795253308,Means,2
ILPD__03,ILPD,alkaline_phosphatase,True,167,416,4.0,Means,2
ILPD__04,ILPD,ALT,True,167,416,0.025,Observations,583
ILPD__04,ILPD,ALT,True,167,416,0.02847448681291267,Observations,583
ILPD__04,ILPD,ALT,True,167,416,0.032431855970349484,Observations,583
ILPD__04,ILPD,ALT,True,167,416,0.03693921820583997,Observations,583
ILPD__04,ILPD,ALT,True,167,416,0.04207301126725973,Observations,583
ILPD__04,ILPD,ALT,True,167,416,0.04792029618036453,Observations,583
ILPD__04,ILPD,ALT,True,167,416,0.05458023366634633,Observations,583
ILPD__04,ILPD,ALT,True,167,416,0.06216576575112282,Observations,583
ILPD__04,ILPD,ALT,True,167,416,0.07080553108379858,Observations,583
ILPD__04,ILPD,ALT,True,167,416,0.08064604644507599,Observations,583
ILPD__04,ILPD,ALT,True,167,416,0.0918541914405543,Observations,583
ILPD__04,ILPD,ALT,True,167,416,0.10462003851539275,Binned,130
ILPD__04,ILPD,ALT,True,167,416,0.11916007628291865,Binned,130
ILPD__04,ILPD,ALT,True,167,416,0.13572088082974534,Binned,66
ILPD__04,ILPD,ALT,True,167,416,0.15458329725693898,Binned,66
ILPD__04,ILPD,ALT,True,167,416,0.17606720236957066,Binned,66
ILPD__04,ILPD,ALT,True,167,416,0.20053692928235056,Binned,66
ILPD__04,ILPD,ALT,True,167,416,0.2284074459340916,Binned,66
ILPD__04,ILPD,ALT,True,167,416,0.2601513922888541,Binned,66
ILPD__04,ILPD,ALT,True,167,416,0.29630709556359386,Binned,66
ILPD__04,ILPD,ALT,True,167,416,0.33748769940792006,Binned,66
ILPD__04,ILPD,ALT,True,167,416,0.38439156185244217,Binned,66
ILPD__04,ILPD,ALT,True,167,416,0.4378140983584905,Binned,66
ILPD__04,ILPD,ALT,True,167,416,0.4986612708086434,Binned,34
ILPD__04,ILPD,ALT,True,167,416,0.5679649511900395,Binned,34
ILPD__04,ILPD,ALT,True,167,416,0.6469004205142944,Binned,34
ILPD__04,ILPD,ALT,True,167,416,0.7368062997280774,Binned,34
ILPD__04,ILPD,ALT,True,167,416,0.8392072506111242,Binned,34
ILPD__04,ILPD,ALT,True,167,416,0.9558398316330861,Binned,34
ILPD__04,ILPD,ALT,True,167,416,1.0886819472437184,Binned,34
ILPD__04,ILPD,ALT,True,167,416,1.2399863900098937,Binned,18
ILPD__04,ILPD,ALT,True,167,416,1.4123190444211153,Means,2
ILPD__04,ILPD,ALT,True,167,416,1.6086024002397787,Means,2
ILPD__04,ILPD,ALT,True,167,416,1.8321651133138896,Means,2
ILPD__04,ILPD,ALT,True,167,416,2.0867984543253986,Means,2
ILPD__04,ILPD,ALT,True,167,416,2.376820602755804,Means,2
ILPD__04,ILPD,ALT,True,167,416,2.7071498763931694,Means,2
ILPD__04,ILPD,ALT,True,167,416,3.083388138237417,Means,2
ILPD__04,ILPD,ALT,True,167,416,3.511915795253308,Means,2
ILPD__04,ILPD,ALT,True,167,416,4.0,Means,2
ILPD__05,ILPD,AST,True,167,416,0.025,Observations,583
ILPD__05,ILPD,AST,True,167,416,0.02847448681291267,Observations,583
ILPD__05,ILPD,AST,True,167,416,0.032431855970349484,Observations,583
ILPD__05,ILPD,AST,True,167,416,0.03693921820583997,Observations,583
ILPD__05,ILPD,AST,True,167,416,0.04207301126725973,Observations,583
ILPD__05,ILPD,AST,True,167,416,0.04792029618036453,Observations,583
ILPD__05,ILPD,AST,True,167,416,0.05458023366634633,Observations,583
ILPD__05,ILPD,AST,True,167,416,0.06216576575112282,Observations,583
ILPD__05,ILPD,AST,True,167,416,0.07080553108379858,Observations,583
ILPD__05,ILPD,AST,True,167,416,0.08064604644507599,Observations,583
ILPD__05,ILPD,AST,True,167,416,0.0918541914405543,Observations,583
ILPD__05,ILPD,AST,True,167,416,0.10462003851539275,Observations,583
ILPD__05,ILPD,AST,True,167,416,0.11916007628291865,Observations,583
ILPD__05,ILPD,AST,True,167,416,0.13572088082974534,Binned,130
ILPD__05,ILPD,AST,True,167,416,0.15458329725693898,Binned,130
ILPD__05,ILPD,AST,True,167,416,0.17606720236957066,Binned,130
ILPD__05,ILPD,AST,True,167,416,0.20053692928235056,Binned,130
ILPD__05,ILPD,AST,True,167,416,0.2284074459340916,Binned,130
ILPD__05,ILPD,AST,True,167,416,0.2601513922888541,Binned,130
ILPD__05,ILPD,AST,True,167,416,0.29630709556359386,Binned,130
ILPD__05,ILPD,AST,True,167,416,0.33748769940792006,Binned,66
ILPD__05,ILPD,AST,True,167,416,0.38439156185244217,Binned,66
ILPD__05,ILPD,AST,True,167,416,0.4378140983584905,Binned,66
ILPD__05,ILPD,AST,True,167,416,0.4986612708086434,Binned,66
ILPD__05,ILPD,AST,True,167,416,0.5679649511900395,Binned,66
ILPD__05,ILPD,AST,True,167,416,0.6469004205142944,Binned,66
ILPD__05,ILPD,AST,True,167,416,0.7368062997280774,Density,34
ILPD__05,ILPD,AST,True,167,416,0.8392072506111242,Density,34
ILPD__05,ILPD,AST,True,167,416,0.9558398316330861,Density,34
ILPD__05,ILPD,AST,True,167,416,1.0886819472437184,Density,34
ILPD__05,ILPD,AST,True,167,416,1.2399863900098937,Density,34
ILPD__05,ILPD,AST,True,167,416,1.4123190444211153,Means,2
ILPD__05,ILPD,AST,True,167,416,1.6086024002397787,Means,2
ILPD__05,ILPD,AST,True,167,416,1.8321651133138896,Means,2
ILPD__05,ILPD,AST,True,167,416,2.0867984543253986,Means,2
ILPD__05,ILPD,AST,True,167,416,2.376820602755804,Means,2
ILPD__05,ILPD,AST,True,167,416,2.7071498763931694,Means,2
ILPD__05,ILPD,AST,True,167,416,3.083388138237417,Means,2
ILPD__05,ILPD,AST,True,167,416,3.511915795253308,Means,2
ILPD__05,ILPD,AST,True,167,416,4.0,Means,2
ILPD__06,ILPD,total_protein,True,167,416,0.025,Observations,583
ILPD__06,ILPD,total_protein,True,167,416,0.02847448681291267,Observations,583
ILPD__06,ILPD,total_protein,True,167,416,0.032431855970349484,Observations,583
ILPD__06,ILPD,total_protein,True,167,416,0.03693921820583997,Observations,583
ILPD__06,ILPD,total_protein,True,167,416,0.04207301126725973,Observations,583
ILPD__06,ILPD,total_protein,True,167,416,0.04792029618036453,Observations,583
ILPD__06,ILPD,total_protein,True,167,416,0.05458023366634633,Observations,583
ILPD__06,ILPD,total_protein,True,167,416,0.06216576575112282,Observations,583
ILPD__06,ILPD,total_protein,True,167,416,0.07080553108379858,Observations,583
ILPD__06,ILPD,total_protein,True,167,416,0.08064604644507599,Observations,583
ILPD__06,ILPD,total_protein,True,167,416,0.0918541914405543,Binned,130
ILPD__06,ILPD,total_protein,True,167,416,0.10462003851539275,Binned,130
ILPD__06,ILPD,total_protein,True,167,416,0.11916007628291865,Binned,66
ILPD__06,ILPD,total_protein,True,167,416,0.13572088082974534,Binned,34
ILPD__06,ILPD,total_protein,True,167,416,0.15458329725693898,Binned,34
ILPD__06,ILPD,total_protein,True,167,416,0.17606720236957066,Binned,34
ILPD__06,ILPD,total_protein,True,167,416,0.20053692928235056,Means,2
ILPD__06,ILPD,total_protein,True,167,416,0.2284074459340916,Means,2
ILPD__06,ILPD,total_protein,True,167,416,0.2601513922888541,Means,2
ILPD__06,ILPD,total_protein,True,167,416,0.29630709556359386,Means,2
ILPD__06,ILPD,total_protein,True,167,416,0.33748769940792006,Means,2
ILPD__06,ILPD,total_protein,True,167,416,0.38439156185244217,Means,2
ILPD__06,ILPD,total_protein,True,167,416,0.4378140983584905,Means,2
ILPD__06,ILPD,total_protein,True,167,416,0.4986612708086434,Means,2
ILPD__06,ILPD,total_protein,True,167,416,0.5679649511900395,Means,2
ILPD__06,ILPD,total_protein,True,167,416,0.6469004205142944,Means,2
ILPD__06,ILPD,total_protein,True,167,416,0.7368062997280774,Means,2
ILPD__06,ILPD,total_protein,True,167,416,0.8392072506111242,Means,2
ILPD__06,ILPD,total_protein,True,167,416,0.9558398316330861,Means,2
ILPD__06,ILPD,total_protein,True,167,416,1.0886819472437184,Means,2
ILPD__06,ILPD,total_protein,True,167,416,1.2399863900098937,Means,2
ILPD__06,ILPD,total_protein,True,167,416,1.4123190444211153,Means,2
ILPD__06,ILPD,total_protein,True,167,416,1.6086024002397787,Means,2
ILPD__06,ILPD,total_protein,True,167,416,1.8321651133138896,Means,2
ILPD__06,ILPD,total_protein,True,167,416,2.0867984543253986,Means,2
ILPD__06,ILPD,total_protein,True,167,416,2.376820602755804,Means,2
ILPD__06,ILPD,total_protein,True,167,416,2.7071498763931694,Means,2
ILPD__06,ILPD,total_protein,True,167,416,3.083388138237417,Means,2
ILPD__06,ILPD,total_protein,True,167,416,3.511915795253308,Means,2
ILPD__06,ILPD,total_protein,True,167,416,4.0,Means,2
ILPD__07,ILPD,albumin,True,167,416,0.025,Observations,583
ILPD__07,ILPD,albumin,True,167,416,0.02847448681291267,Observations,583
ILPD__07,ILPD,albumin,True,167,416,0.032431855970349484,Observations,583
ILPD__07,ILPD,albumin,True,167,416,0.03693921820583997,Observations,583
ILPD__07,ILPD,albumin,True,167,416,0.04207301126725973,Observations,583
ILPD__07,ILPD,albumin,True,167,416,0.04792029618036453,Observations,583
ILPD__07,ILPD,albumin,True,167,416,0.05458023366634633,Observations,583
ILPD__07,ILPD,albumin,True,167,416,0.06216576575112282,Observations,583
ILPD__07,ILPD,albumin,True,167,416,0.07080553108379858,Observations,583
ILPD__07,ILPD,albumin,True,167,416,0.08064604644507599,Observations,583
ILPD__07,ILPD,albumin,True,167,416,0.0918541914405543,Observations,583
ILPD__07,ILPD,albumin,True,167,416,0.10462003851539275,Observations,583
ILPD__07,ILPD,albumin,True,167,416,0.11916007628291865,Observations,583
ILPD__07,ILPD,albumin,True,167,416,0.13572088082974534,Observations,583
ILPD__07,ILPD,albumin,True,167,416,0.15458329725693898,Observations,583
ILPD__07,ILPD,albumin,True,167,416,0.17606720236957066,Binned,130
ILPD__07,ILPD,albumin,True,167,416,0.20053692928235056,Density,66
ILPD__07,ILPD,albumin,True,167,416,0.2284074459340916,Density,34
ILPD__07,ILPD,albumin,True,167,416,0.2601513922888541,Binned,18
ILPD__07,ILPD,albumin,True,167,416,0.29630709556359386,Means,2
ILPD__07,ILPD,albumin,True,167,416,0.33748769940792006,Means,2
ILPD__07,ILPD,albumin,True,167,416,0.38439156185244217,Means,2
ILPD__07,ILPD,albumin,True,167,416,0.4378140983584905,Means,2
ILPD__07,ILPD,albumin,True,167,416,0.4986612708086434,Means,2
ILPD__07,ILPD,albumin,True,167,416,0.5679649511900395,Means,2
ILPD__07,ILPD,albumin,True,167,416,0.6469004205142944,Means,2
ILPD__07,ILPD,albumin,True,167,416,0.7368062997280774,Means,2
ILPD__07,ILPD,albumin,True,167,416,0.8392072506111242,Means,2
ILPD__07,ILPD,albumin,True,167,416,0.9558398316330861,Means,2
ILPD__07,ILPD,albumin,True,167,416,1.0886819472437184,Means,2
ILPD__07,ILPD,albumin,True,167,416,1.2399863900098937,Means,2
ILPD__07,ILPD,albumin,True,167,416,1.4123190444211153,Means,2
ILPD__07,ILPD,albumin,True,167,416,1.6086024002397787,Means,2
ILPD__07,ILPD,albumin,True,167,416,1.8321651133138896,Means,2
ILPD__07,ILPD,albumin,True,167,416,2.0867984543253986,Means,2
ILPD__07,ILPD,albumin,True,167,416,2.376820602755804,Means,2
ILPD__07,ILPD,albumin,True,167,416,2.7071498763931694,Means,2
ILPD__07,ILPD,albumin,True,167,416,3.083388138237417,Means,2
ILPD__07,ILPD,albumin,True,167,416,3.511915795253308,Means,2
ILPD__07,ILPD,albumin,True,167,416,4.0,Means,2
ILPD__08,ILPD,albumin_globulin_ratio,True,165,414,0.025,Observations,579
ILPD__08,ILPD,albumin_globulin_ratio,True,165,414,0.02847448681291267,Observations,579
ILPD__08,ILPD,albumin_globulin_ratio,True,165,414,0.032431855970349484,Observations,579
ILPD__08,ILPD,albumin_globulin_ratio,True,165,414,0.03693921820583997,Observations,579
ILPD__08,ILPD,albumin_globulin_ratio,True,165,414,0.04207301126725973,Observations,579
ILPD__08,ILPD,albumin_globulin_ratio,True,165,414,0.04792029618036453,Observations,579
ILPD__08,ILPD,albumin_globulin_ratio,True,165,414,0.05458023366634633,Observations,579
ILPD__08,ILPD,albumin_globulin_ratio,True,165,414,0.06216576575112282,Observations,579
ILPD__08,ILPD,albumin_globulin_ratio,True,165,414,0.07080553108379858,Observations,579
ILPD__08,ILPD,albumin_globulin_ratio,True,165,414,0.08064604644507599,Observations,579
ILPD__08,ILPD,albumin_globulin_ratio,True,165,414,0.0918541914405543,Observations,579
ILPD__08,ILPD,albumin_globulin_ratio,True,165,414,0.10462003851539275,Observations,579
ILPD__08,ILPD,albumin_globulin_ratio,True,165,414,0.11916007628291865,Observations,579
ILPD__08,ILPD,albumin_globulin_ratio,True,165,414,0.13572088082974534,Observations,579
ILPD__08,ILPD,albumin_globulin_ratio,True,165,414,0.15458329725693898,Observations,579
ILPD__08,ILPD,albumin_globulin_ratio,True,165,414,0.17606720236957066,Observations,579
ILPD__08,ILPD,albumin_globulin_ratio,True,165,414,0.20053692928235056,Observations,579
ILPD__08,ILPD,albumin_globulin_ratio,True,165,414,0.2284074459340916,Observations,579
ILPD__08,ILPD,albumin_globulin_ratio,True,165,414,0.2601513922888541,Binned,130
ILPD__08,ILPD,albumin_globulin_ratio,True,165,414,0.29630709556359386,Binned,130
ILPD__08,ILPD,albumin_globulin_ratio,True,165,414,0.33748769940792006,Binned,66
ILPD__08,ILPD,albumin_globulin_ratio,True,165,414,0.38439156185244217,Means,2
ILPD__08,ILPD,albumin_globulin_ratio,True,165,414,0.4378140983584905,Means,2
ILPD__08,ILPD,albumin_globulin_ratio,True,165,414,0.4986612708086434,Means,2
ILPD__08,ILPD,albumin_globulin_ratio,True,165,414,0.5679649511900395,Means,2
ILPD__08,ILPD,albumin_globulin_ratio,True,165,414,0.6469004205142944,Means,2
ILPD__08,ILPD,albumin_globulin_ratio,True,165,414,0.7368062997280774,Means,2
ILPD__08,ILPD,albumin_globulin_ratio,True,165,414,0.8392072506111242,Means,2
ILPD__08,ILPD,albumin_globulin_ratio,True,165,414,0.9558398316330861,Means,2
ILPD__08,ILPD,albumin_globulin_ratio,True,165,414,1.0886819472437184,Means,2
ILPD__08,ILPD,albumin_globulin_ratio,True,165,414,1.2399863900098937,Means,2
ILPD__08,ILPD,albumin_globulin_ratio,True,165,414,1.4123190444211153,Means,2
ILPD__08,ILPD,albumin_globulin_ratio,True,165,414,1.6086024002397787,Means,2
ILPD__08,ILPD,albumin_globulin_ratio,True,165,414,1.8321651133138896,Means,2
ILPD__08,ILPD,albumin_globulin_ratio,True,165,414,2.0867984543253986,Means,2
ILPD__08,ILPD,albumin_globulin_ratio,True,165,414,2.376820602755804,Means,2
ILPD__08,ILPD,albumin_globulin_ratio,True,165,414,2.7071498763931694,Means,2
ILPD__08,ILPD,albumin_globulin_ratio,True,165,414,3.083388138237417,Means,2
ILPD__08,ILPD,albumin_globulin_ratio,True,165,414,3.511915795253308,Means,2
ILPD__08,ILPD,albumin_globulin_ratio,True,165,414,4.0,Means,2
Parkinsons__00,Parkinsons,MDVP:Fo(Hz),False,8,24,0.025,Observations,32
Parkinsons__00,Parkinsons,MDVP:Fo(Hz),False,8,24,0.02847448681291267,Observations,32
Parkinsons__00,Parkinsons,MDVP:Fo(Hz),False,8,24,0.032431855970349484,Observations,32
Parkinsons__00,Parkinsons,MDVP:Fo(Hz),False,8,24,0.03693921820583997,Observations,32
Parkinsons__00,Parkinsons,MDVP:Fo(Hz),False,8,24,0.04207301126725973,Observations,32
Parkinsons__00,Parkinsons,MDVP:Fo(Hz),False,8,24,0.04792029618036453,Observations,32
Parkinsons__00,Parkinsons,MDVP:Fo(Hz),False,8,24,0.05458023366634633,Observations,32
Parkinsons__00,Parkinsons,MDVP:Fo(Hz),False,8,24,0.06216576575112282,Observations,32
Parkinsons__00,Parkinsons,MDVP:Fo(Hz),False,8,24,0.07080553108379858,Observations,32
Parkinsons__00,Parkinsons,MDVP:Fo(Hz),False,8,24,0.08064604644507599,Observations,32
Parkinsons__00,Parkinsons,MDVP:Fo(Hz),False,8,24,0.0918541914405543,Observations,32
Parkinsons__00,Parkinsons,MDVP:Fo(Hz),False,8,24,0.10462003851539275,Observations,32
Parkinsons__00,Parkinsons,MDVP:Fo(Hz),False,8,24,0.11916007628291865,Observations,32
Parkinsons__00,Parkinsons,MDVP:Fo(Hz),False,8,24,0.13572088082974534,Observations,32
Parkinsons__00,Parkinsons,MDVP:Fo(Hz),False,8,24,0.15458329725693898,Observations,32
Parkinsons__00,Parkinsons,MDVP:Fo(Hz),False,8,24,0.17606720236957066,Observations,32
Parkinsons__00,Parkinsons,MDVP:Fo(Hz),False,8,24,0.20053692928235056,Observations,32
Parkinsons__00,Parkinsons,MDVP:Fo(Hz),False,8,24,0.2284074459340916,Observations,32
Parkinsons__00,Parkinsons,MDVP:Fo(Hz),False,8,24,0.2601513922888541,Observations,32
Parkinsons__00,Parkinsons,MDVP:Fo(Hz),False,8,24,0.29630709556359386,Observations,32
Parkinsons__00,Parkinsons,MDVP:Fo(Hz),False,8,24,0.33748769940792006,Observations,32
Parkinsons__00,Parkinsons,MDVP:Fo(Hz),False,8,24,0.38439156185244217,Observations,32
Parkinsons__00,Parkinsons,MDVP:Fo(Hz),False,8,24,0.4378140983584905,Observations,32
Parkinsons__00,Parkinsons,MDVP:Fo(Hz),False,8,24,0.4986612708086434,Observations,32
Parkinsons__00,Parkinsons,MDVP:Fo(Hz),False,8,24,0.5679649511900395,Five-number,10
Parkinsons__00,Parkinsons,MDVP:Fo(Hz),False,8,24,0.6469004205142944,Five-number,10
Parkinsons__00,Parkinsons,MDVP:Fo(Hz),False,8,24,0.7368062997280774,Five-number,10
Parkinsons__00,Parkinsons,MDVP:Fo(Hz),False,8,24,0.8392072506111242,Five-number,10
Parkinsons__00,Parkinsons,MDVP:Fo(Hz),False,8,24,0.9558398316330861,Means,2
Parkinsons__00,Parkinsons,MDVP:Fo(Hz),False,8,24,1.0886819472437184,Means,2
Parkinsons__00,Parkinsons,MDVP:Fo(Hz),False,8,24,1.2399863900098937,Means,2
Parkinsons__00,Parkinsons,MDVP:Fo(Hz),False,8,24,1.4123190444211153,Means,2
Parkinsons__00,Parkinsons,MDVP:Fo(Hz),False,8,24,1.6086024002397787,Means,2
Parkinsons__00,Parkinsons,MDVP:Fo(Hz),False,8,24,1.8321651133138896,Means,2
Parkinsons__00,Parkinsons,MDVP:Fo(Hz),False,8,24,2.0867984543253986,Means,2
Parkinsons__00,Parkinsons,MDVP:Fo(Hz),False,8,24,2.376820602755804,Means,2
Parkinsons__00,Parkinsons,MDVP:Fo(Hz),False,8,24,2.7071498763931694,Means,2
Parkinsons__00,Parkinsons,MDVP:Fo(Hz),False,8,24,3.083388138237417,Means,2
Parkinsons__00,Parkinsons,MDVP:Fo(Hz),False,8,24,3.511915795253308,Means,2
Parkinsons__00,Parkinsons,MDVP:Fo(Hz),False,8,24,4.0,Means,2
Parkinsons__01,Parkinsons,MDVP:Fhi(Hz),False,8,24,0.025,Observations,32
Parkinsons__01,Parkinsons,MDVP:Fhi(Hz),False,8,24,0.02847448681291267,Observations,32
Parkinsons__01,Parkinsons,MDVP:Fhi(Hz),False,8,24,0.032431855970349484,Observations,32
Parkinsons__01,Parkinsons,MDVP:Fhi(Hz),False,8,24,0.03693921820583997,Observations,32
Parkinsons__01,Parkinsons,MDVP:Fhi(Hz),False,8,24,0.04207301126725973,Observations,32
Parkinsons__01,Parkinsons,MDVP:Fhi(Hz),False,8,24,0.04792029618036453,Observations,32
Parkinsons__01,Parkinsons,MDVP:Fhi(Hz),False,8,24,0.05458023366634633,Observations,32
Parkinsons__01,Parkinsons,MDVP:Fhi(Hz),False,8,24,0.06216576575112282,Observations,32
Parkinsons__01,Parkinsons,MDVP:Fhi(Hz),False,8,24,0.07080553108379858,Observations,32
Parkinsons__01,Parkinsons,MDVP:Fhi(Hz),False,8,24,0.08064604644507599,Observations,32
Parkinsons__01,Parkinsons,MDVP:Fhi(Hz),False,8,24,0.0918541914405543,Observations,32
Parkinsons__01,Parkinsons,MDVP:Fhi(Hz),False,8,24,0.10462003851539275,Observations,32
Parkinsons__01,Parkinsons,MDVP:Fhi(Hz),False,8,24,0.11916007628291865,Observations,32
Parkinsons__01,Parkinsons,MDVP:Fhi(Hz),False,8,24,0.13572088082974534,Observations,32
Parkinsons__01,Parkinsons,MDVP:Fhi(Hz),False,8,24,0.15458329725693898,Observations,32
Parkinsons__01,Parkinsons,MDVP:Fhi(Hz),False,8,24,0.17606720236957066,Observations,32
Parkinsons__01,Parkinsons,MDVP:Fhi(Hz),False,8,24,0.20053692928235056,Observations,32
Parkinsons__01,Parkinsons,MDVP:Fhi(Hz),False,8,24,0.2284074459340916,Observations,32
Parkinsons__01,Parkinsons,MDVP:Fhi(Hz),False,8,24,0.2601513922888541,Observations,32
Parkinsons__01,Parkinsons,MDVP:Fhi(Hz),False,8,24,0.29630709556359386,Observations,32
Parkinsons__01,Parkinsons,MDVP:Fhi(Hz),False,8,24,0.33748769940792006,Observations,32
Parkinsons__01,Parkinsons,MDVP:Fhi(Hz),False,8,24,0.38439156185244217,Observations,32
Parkinsons__01,Parkinsons,MDVP:Fhi(Hz),False,8,24,0.4378140983584905,Observations,32
Parkinsons__01,Parkinsons,MDVP:Fhi(Hz),False,8,24,0.4986612708086434,Binned,10
Parkinsons__01,Parkinsons,MDVP:Fhi(Hz),False,8,24,0.5679649511900395,Binned,10
Parkinsons__01,Parkinsons,MDVP:Fhi(Hz),False,8,24,0.6469004205142944,Binned,10
Parkinsons__01,Parkinsons,MDVP:Fhi(Hz),False,8,24,0.7368062997280774,Means,2
Parkinsons__01,Parkinsons,MDVP:Fhi(Hz),False,8,24,0.8392072506111242,Means,2
Parkinsons__01,Parkinsons,MDVP:Fhi(Hz),False,8,24,0.9558398316330861,Means,2
Parkinsons__01,Parkinsons,MDVP:Fhi(Hz),False,8,24,1.0886819472437184,Means,2
Parkinsons__01,Parkinsons,MDVP:Fhi(Hz),False,8,24,1.2399863900098937,Means,2
Parkinsons__01,Parkinsons,MDVP:Fhi(Hz),False,8,24,1.4123190444211153,Means,2
Parkinsons__01,Parkinsons,MDVP:Fhi(Hz),False,8,24,1.6086024002397787,Means,2
Parkinsons__01,Parkinsons,MDVP:Fhi(Hz),False,8,24,1.8321651133138896,Means,2
Parkinsons__01,Parkinsons,MDVP:Fhi(Hz),False,8,24,2.0867984543253986,Means,2
Parkinsons__01,Parkinsons,MDVP:Fhi(Hz),False,8,24,2.376820602755804,Means,2
Parkinsons__01,Parkinsons,MDVP:Fhi(Hz),False,8,24,2.7071498763931694,Means,2
Parkinsons__01,Parkinsons,MDVP:Fhi(Hz),False,8,24,3.083388138237417,Means,2
Parkinsons__01,Parkinsons,MDVP:Fhi(Hz),False,8,24,3.511915795253308,Means,2
Parkinsons__01,Parkinsons,MDVP:Fhi(Hz),False,8,24,4.0,Means,2
Parkinsons__02,Parkinsons,MDVP:Flo(Hz),False,8,24,0.025,Observations,32
Parkinsons__02,Parkinsons,MDVP:Flo(Hz),False,8,24,0.02847448681291267,Observations,32
Parkinsons__02,Parkinsons,MDVP:Flo(Hz),False,8,24,0.032431855970349484,Observations,32
Parkinsons__02,Parkinsons,MDVP:Flo(Hz),False,8,24,0.03693921820583997,Observations,32
Parkinsons__02,Parkinsons,MDVP:Flo(Hz),False,8,24,0.04207301126725973,Observations,32
Parkinsons__02,Parkinsons,MDVP:Flo(Hz),False,8,24,0.04792029618036453,Observations,32
Parkinsons__02,Parkinsons,MDVP:Flo(Hz),False,8,24,0.05458023366634633,Observations,32
Parkinsons__02,Parkinsons,MDVP:Flo(Hz),False,8,24,0.06216576575112282,Observations,32
Parkinsons__02,Parkinsons,MDVP:Flo(Hz),False,8,24,0.07080553108379858,Observations,32
Parkinsons__02,Parkinsons,MDVP:Flo(Hz),False,8,24,0.08064604644507599,Observations,32
Parkinsons__02,Parkinsons,MDVP:Flo(Hz),False,8,24,0.0918541914405543,Observations,32
Parkinsons__02,Parkinsons,MDVP:Flo(Hz),False,8,24,0.10462003851539275,Observations,32
Parkinsons__02,Parkinsons,MDVP:Flo(Hz),False,8,24,0.11916007628291865,Observations,32
Parkinsons__02,Parkinsons,MDVP:Flo(Hz),False,8,24,0.13572088082974534,Observations,32
Parkinsons__02,Parkinsons,MDVP:Flo(Hz),False,8,24,0.15458329725693898,Observations,32
Parkinsons__02,Parkinsons,MDVP:Flo(Hz),False,8,24,0.17606720236957066,Observations,32
Parkinsons__02,Parkinsons,MDVP:Flo(Hz),False,8,24,0.20053692928235056,Observations,32
Parkinsons__02,Parkinsons,MDVP:Flo(Hz),False,8,24,0.2284074459340916,Observations,32
Parkinsons__02,Parkinsons,MDVP:Flo(Hz),False,8,24,0.2601513922888541,Observations,32
Parkinsons__02,Parkinsons,MDVP:Flo(Hz),False,8,24,0.29630709556359386,Observations,32
Parkinsons__02,Parkinsons,MDVP:Flo(Hz),False,8,24,0.33748769940792006,Observations,32
Parkinsons__02,Parkinsons,MDVP:Flo(Hz),False,8,24,0.38439156185244217,Observations,32
Parkinsons__02,Parkinsons,MDVP:Flo(Hz),False,8,24,0.4378140983584905,Binned,10
Parkinsons__02,Parkinsons,MDVP:Flo(Hz),False,8,24,0.4986612708086434,Binned,10
Parkinsons__02,Parkinsons,MDVP:Flo(Hz),False,8,24,0.5679649511900395,Binned,10
Parkinsons__02,Parkinsons,MDVP:Flo(Hz),False,8,24,0.6469004205142944,Binned,10
Parkinsons__02,Parkinsons,MDVP:Flo(Hz),False,8,24,0.7368062997280774,Binned,10
Parkinsons__02,Parkinsons,MDVP:Flo(Hz),False,8,24,0.8392072506111242,Binned,10
Parkinsons__02,Parkinsons,MDVP:Flo(Hz),False,8,24,0.9558398316330861,Binned,10
Parkinsons__02,Parkinsons,MDVP:Flo(Hz),False,8,24,1.0886819472437184,Means,2
Parkinsons__02,Parkinsons,MDVP:Flo(Hz),False,8,24,1.2399863900098937,Means,2
Parkinsons__02,Parkinsons,MDVP:Flo(Hz),False,8,24,1.4123190444211153,Means,2
Parkinsons__02,Parkinsons,MDVP:Flo(Hz),False,8,24,1.6086024002397787,Means,2
Parkinsons__02,Parkinsons,MDVP:Flo(Hz),False,8,24,1.8321651133138896,Means,2
Parkinsons__02,Parkinsons,MDVP:Flo(Hz),False,8,24,2.0867984543253986,Means,2
Parkinsons__02,Parkinsons,MDVP:Flo(Hz),False,8,24,2.376820602755804,Means,2
Parkinsons__02,Parkinsons,MDVP:Flo(Hz),False,8,24,2.7071498763931694,Means,2
Parkinsons__02,Parkinsons,MDVP:Flo(Hz),False,8,24,3.083388138237417,Means,2
Parkinsons__02,Parkinsons,MDVP:Flo(Hz),False,8,24,3.511915795253308,Means,2
Parkinsons__02,Parkinsons,MDVP:Flo(Hz),False,8,24,4.0,Means,2
Parkinsons__03,Parkinsons,MDVP:Jitter(%),False,8,24,0.025,Observations,32
Parkinsons__03,Parkinsons,MDVP:Jitter(%),False,8,24,0.02847448681291267,Observations,32
Parkinsons__03,Parkinsons,MDVP:Jitter(%),False,8,24,0.032431855970349484,Observations,32
Parkinsons__03,Parkinsons,MDVP:Jitter(%),False,8,24,0.03693921820583997,Observations,32
Parkinsons__03,Parkinsons,MDVP:Jitter(%),False,8,24,0.04207301126725973,Observations,32
Parkinsons__03,Parkinsons,MDVP:Jitter(%),False,8,24,0.04792029618036453,Observations,32
Parkinsons__03,Parkinsons,MDVP:Jitter(%),False,8,24,0.05458023366634633,Observations,32
Parkinsons__03,Parkinsons,MDVP:Jitter(%),False,8,24,0.06216576575112282,Observations,32
Parkinsons__03,Parkinsons,MDVP:Jitter(%),False,8,24,0.07080553108379858,Observations,32
Parkinsons__03,Parkinsons,MDVP:Jitter(%),False,8,24,0.08064604644507599,Observations,32
Parkinsons__03,Parkinsons,MDVP:Jitter(%),False,8,24,0.0918541914405543,Observations,32
Parkinsons__03,Parkinsons,MDVP:Jitter(%),False,8,24,0.10462003851539275,Observations,32
Parkinsons__03,Parkinsons,MDVP:Jitter(%),False,8,24,0.11916007628291865,Observations,32
Parkinsons__03,Parkinsons,MDVP:Jitter(%),False,8,24,0.13572088082974534,Observations,32
Parkinsons__03,Parkinsons,MDVP:Jitter(%),False,8,24,0.15458329725693898,Observations,32
Parkinsons__03,Parkinsons,MDVP:Jitter(%),False,8,24,0.17606720236957066,Observations,32
Parkinsons__03,Parkinsons,MDVP:Jitter(%),False,8,24,0.20053692928235056,Observations,32
Parkinsons__03,Parkinsons,MDVP:Jitter(%),False,8,24,0.2284074459340916,Observations,32
Parkinsons__03,Parkinsons,MDVP:Jitter(%),False,8,24,0.2601513922888541,Observations,32
Parkinsons__03,Parkinsons,MDVP:Jitter(%),False,8,24,0.29630709556359386,Observations,32
Parkinsons__03,Parkinsons,MDVP:Jitter(%),False,8,24,0.33748769940792006,Observations,32
Parkinsons__03,Parkinsons,MDVP:Jitter(%),False,8,24,0.38439156185244217,Observations,32
Parkinsons__03,Parkinsons,MDVP:Jitter(%),False,8,24,0.4378140983584905,Observations,32
Parkinsons__03,Parkinsons,MDVP:Jitter(%),False,8,24,0.4986612708086434,Density,18
Parkinsons__03,Parkinsons,MDVP:Jitter(%),False,8,24,0.5679649511900395,Density,18
Parkinsons__03,Parkinsons,MDVP:Jitter(%),False,8,24,0.6469004205142944,Density,18
Parkinsons__03,Parkinsons,MDVP:Jitter(%),False,8,24,0.7368062997280774,Density,18
Parkinsons__03,Parkinsons,MDVP:Jitter(%),False,8,24,0.8392072506111242,Density,18
Parkinsons__03,Parkinsons,MDVP:Jitter(%),False,8,24,0.9558398316330861,Density,18
Parkinsons__03,Parkinsons,MDVP:Jitter(%),False,8,24,1.0886819472437184,Binned,10
Parkinsons__03,Parkinsons,MDVP:Jitter(%),False,8,24,1.2399863900098937,Binned,10
Parkinsons__03,Parkinsons,MDVP:Jitter(%),False,8,24,1.4123190444211153,Binned,10
Parkinsons__03,Parkinsons,MDVP:Jitter(%),False,8,24,1.6086024002397787,Binned,10
Parkinsons__03,Parkinsons,MDVP:Jitter(%),False,8,24,1.8321651133138896,Binned,10
Parkinsons__03,Parkinsons,MDVP:Jitter(%),False,8,24,2.0867984543253986,Binned,10
Parkinsons__03,Parkinsons,MDVP:Jitter(%),False,8,24,2.376820602755804,Means,2
Parkinsons__03,Parkinsons,MDVP:Jitter(%),False,8,24,2.7071498763931694,Means,2
Parkinsons__03,Parkinsons,MDVP:Jitter(%),False,8,24,3.083388138237417,Means,2
Parkinsons__03,Parkinsons,MDVP:Jitter(%),False,8,24,3.511915795253308,Means,2
Parkinsons__03,Parkinsons,MDVP:Jitter(%),False,8,24,4.0,Means,2
Parkinsons__04,Parkinsons,MDVP:Jitter(Abs),False,8,24,0.025,Observations,32
Parkinsons__04,Parkinsons,MDVP:Jitter(Abs),False,8,24,0.02847448681291267,Observations,32
Parkinsons__04,Parkinsons,MDVP:Jitter(Abs),False,8,24,0.032431855970349484,Observations,32
Parkinsons__04,Parkinsons,MDVP:Jitter(Abs),False,8,24,0.03693921820583997,Observations,32
Parkinsons__04,Parkinsons,MDVP:Jitter(Abs),False,8,24,0.04207301126725973,Observations,32
Parkinsons__04,Parkinsons,MDVP:Jitter(Abs),False,8,24,0.04792029618036453,Observations,32
Parkinsons__04,Parkinsons,MDVP:Jitter(Abs),False,8,24,0.05458023366634633,Observations,32
Parkinsons__04,Parkinsons,MDVP:Jitter(Abs),False,8,24,0.06216576575112282,Observations,32
Parkinsons__04,Parkinsons,MDVP:Jitter(Abs),False,8,24,0.07080553108379858,Observations,32
Parkinsons__04,Parkinsons,MDVP:Jitter(Abs),False,8,24,0.08064604644507599,Observations,32
Parkinsons__04,Parkinsons,MDVP:Jitter(Abs),False,8,24,0.0918541914405543,Observations,32
Parkinsons__04,Parkinsons,MDVP:Jitter(Abs),False,8,24,0.10462003851539275,Observations,32
Parkinsons__04,Parkinsons,MDVP:Jitter(Abs),False,8,24,0.11916007628291865,Observations,32
Parkinsons__04,Parkinsons,MDVP:Jitter(Abs),False,8,24,0.13572088082974534,Observations,32
Parkinsons__04,Parkinsons,MDVP:Jitter(Abs),False,8,24,0.15458329725693898,Observations,32
Parkinsons__04,Parkinsons,MDVP:Jitter(Abs),False,8,24,0.17606720236957066,Observations,32
Parkinsons__04,Parkinsons,MDVP:Jitter(Abs),False,8,24,0.20053692928235056,Observations,32
Parkinsons__04,Parkinsons,MDVP:Jitter(Abs),False,8,24,0.2284074459340916,Observations,32
Parkinsons__04,Parkinsons,MDVP:Jitter(Abs),False,8,24,0.2601513922888541,Observations,32
Parkinsons__04,Parkinsons,MDVP:Jitter(Abs),False,8,24,0.29630709556359386,Observations,32
Parkinsons__04,Parkinsons,MDVP:Jitter(Abs),False,8,24,0.33748769940792006,Observations,32
Parkinsons__04,Parkinsons,MDVP:Jitter(Abs),False,8,24,0.38439156185244217,Observations,32
Parkinsons__04,Parkinsons,MDVP:Jitter(Abs),False,8,24,0.4378140983584905,Binned,18
Parkinsons__04,Parkinsons,MDVP:Jitter(Abs),False,8,24,0.4986612708086434,Binned,18
Parkinsons__04,Parkinsons,MDVP:Jitter(Abs),False,8,24,0.5679649511900395,Binned,18
Parkinsons__04,Parkinsons,MDVP:Jitter(Abs),False,8,24,0.6469004205142944,Binned,10
Parkinsons__04,Parkinsons,MDVP:Jitter(Abs),False,8,24,0.7368062997280774,Binned,10
Parkinsons__04,Parkinsons,MDVP:Jitter(Abs),False,8,24,0.8392072506111242,Binned,10
Parkinsons__04,Parkinsons,MDVP:Jitter(Abs),False,8,24,0.9558398316330861,Binned,10
Parkinsons__04,Parkinsons,MDVP:Jitter(Abs),False,8,24,1.0886819472437184,Binned,10
Parkinsons__04,Parkinsons,MDVP:Jitter(Abs),False,8,24,1.2399863900098937,Means,2
Parkinsons__04,Parkinsons,MDVP:Jitter(Abs),False,8,24,1.4123190444211153,Means,2
Parkinsons__04,Parkinsons,MDVP:Jitter(Abs),False,8,24,1.6086024002397787,Means,2
Parkinsons__04,Parkinsons,MDVP:Jitter(Abs),False,8,24,1.8321651133138896,Means,2
Parkinsons__04,Parkinsons,MDVP:Jitter(Abs),False,8,24,2.0867984543253986,Means,2
Parkinsons__04,Parkinsons,MDVP:Jitter(Abs),False,8,24,2.376820602755804,Means,2
Parkinsons__04,Parkinsons,MDVP:Jitter(Abs),False,8,24,2.7071498763931694,Means,2
Parkinsons__04,Parkinsons,MDVP:Jitter(Abs),False,8,24,3.083388138237417,Means,2
Parkinsons__04,Parkinsons,MDVP:Jitter(Abs),False,8,24,3.511915795253308,Means,2
Parkinsons__04,Parkinsons,MDVP:Jitter(Abs),False,8,24,4.0,Means,2
Parkinsons__05,Parkinsons,MDVP:RAP,False,8,24,0.025,Observations,32
Parkinsons__05,Parkinsons,MDVP:RAP,False,8,24,0.02847448681291267,Observations,32
Parkinsons__05,Parkinsons,MDVP:RAP,False,8,24,0.032431855970349484,Observations,32
Parkinsons__05,Parkinsons,MDVP:RAP,False,8,24,0.03693921820583997,Observations,32
Parkinsons__05,Parkinsons,MDVP:RAP,False,8,24,0.04207301126725973,Observations,32
Parkinsons__05,Parkinsons,MDVP:RAP,False,8,24,0.04792029618036453,Observations,32
Parkinsons__05,Parkinsons,MDVP:RAP,False,8,24,0.05458023366634633,Observations,32
Parkinsons__05,Parkinsons,MDVP:RAP,False,8,24,0.06216576575112282,Observations,32
Parkinsons__05,Parkinsons,MDVP:RAP,False,8,24,0.07080553108379858,Observations,32
Parkinsons__05,Parkinsons,MDVP:RAP,False,8,24,0.08064604644507599,Observations,32
Parkinsons__05,Parkinsons,MDVP:RAP,False,8,24,0.0918541914405543,Observations,32
Parkinsons__05,Parkinsons,MDVP:RAP,False,8,24,0.10462003851539275,Observations,32
Parkinsons__05,Parkinsons,MDVP:RAP,False,8,24,0.11916007628291865,Observations,32
Parkinsons__05,Parkinsons,MDVP:RAP,False,8,24,0.13572088082974534,Observations,32
Parkinsons__05,Parkinsons,MDVP:RAP,False,8,24,0.15458329725693898,Observations,32
Parkinsons__05,Parkinsons,MDVP:RAP,False,8,24,0.17606720236957066,Observations,32
Parkinsons__05,Parkinsons,MDVP:RAP,False,8,24,0.20053692928235056,Observations,32
Parkinsons__05,Parkinsons,MDVP:RAP,False,8,24,0.2284074459340916,Observations,32
Parkinsons__05,Parkinsons,MDVP:RAP,False,8,24,0.2601513922888541,Observations,32
Parkinsons__05,Parkinsons,MDVP:RAP,False,8,24,0.29630709556359386,Observations,32
Parkinsons__05,Parkinsons,MDVP:RAP,False,8,24,0.33748769940792006,Observations,32
Parkinsons__05,Parkinsons,MDVP:RAP,False,8,24,0.38439156185244217,Observations,32
Parkinsons__05,Parkinsons,MDVP:RAP,False,8,24,0.4378140983584905,Observations,32
Parkinsons__05,Parkinsons,MDVP:RAP,False,8,24,0.4986612708086434,Observations,32
Parkinsons__05,Parkinsons,MDVP:RAP,False,8,24,0.5679649511900395,Observations,32
Parkinsons__05,Parkinsons,MDVP:RAP,False,8,24,0.6469004205142944,Observations,32
Parkinsons__05,Parkinsons,MDVP:RAP,False,8,24,0.7368062997280774,Density,18
Parkinsons__05,Parkinsons,MDVP:RAP,False,8,24,0.8392072506111242,Density,18
Parkinsons__05,Parkinsons,MDVP:RAP,False,8,24,0.9558398316330861,Binned,10
Parkinsons__05,Parkinsons,MDVP:RAP,False,8,24,1.0886819472437184,Binned,10
Parkinsons__05,Parkinsons,MDVP:RAP,False,8,24,1.2399863900098937,Binned,10
Parkinsons__05,Parkinsons,MDVP:RAP,False,8,24,1.4123190444211153,Binned,10
Parkinsons__05,Parkinsons,MDVP:RAP,False,8,24,1.6086024002397787,Binned,10
Parkinsons__05,Parkinsons,MDVP:RAP,False,8,24,1.8321651133138896,Binned,10
Parkinsons__05,Parkinsons,MDVP:RAP,False,8,24,2.0867984543253986,Binned,10
Parkinsons__05,Parkinsons,MDVP:RAP,False,8,24,2.376820602755804,Means,2
Parkinsons__05,Parkinsons,MDVP:RAP,False,8,24,2.7071498763931694,Means,2
Parkinsons__05,Parkinsons,MDVP:RAP,False,8,24,3.083388138237417,Means,2
Parkinsons__05,Parkinsons,MDVP:RAP,False,8,24,3.511915795253308,Means,2
Parkinsons__05,Parkinsons,MDVP:RAP,False,8,24,4.0,Means,2
Parkinsons__06,Parkinsons,MDVP:PPQ,False,8,24,0.025,Observations,32
Parkinsons__06,Parkinsons,MDVP:PPQ,False,8,24,0.02847448681291267,Observations,32
Parkinsons__06,Parkinsons,MDVP:PPQ,False,8,24,0.032431855970349484,Observations,32
Parkinsons__06,Parkinsons,MDVP:PPQ,False,8,24,0.03693921820583997,Observations,32
Parkinsons__06,Parkinsons,MDVP:PPQ,False,8,24,0.04207301126725973,Observations,32
Parkinsons__06,Parkinsons,MDVP:PPQ,False,8,24,0.04792029618036453,Observations,32
Parkinsons__06,Parkinsons,MDVP:PPQ,False,8,24,0.05458023366634633,Observations,32
Parkinsons__06,Parkinsons,MDVP:PPQ,False,8,24,0.06216576575112282,Observations,32
Parkinsons__06,Parkinsons,MDVP:PPQ,False,8,24,0.07080553108379858,Observations,32
Parkinsons__06,Parkinsons,MDVP:PPQ,False,8,24,0.08064604644507599,Observations,32
Parkinsons__06,Parkinsons,MDVP:PPQ,False,8,24,0.0918541914405543,Observations,32
Parkinsons__06,Parkinsons,MDVP:PPQ,False,8,24,0.10462003851539275,Observations,32
Parkinsons__06,Parkinsons,MDVP:PPQ,False,8,24,0.11916007628291865,Observations,32
Parkinsons__06,Parkinsons,MDVP:PPQ,False,8,24,0.13572088082974534,Observations,32
Parkinsons__06,Parkinsons,MDVP:PPQ,False,8,24,0.15458329725693898,Observations,32
Parkinsons__06,Parkinsons,MDVP:PPQ,False,8,24,0.17606720236957066,Observations,32
Parkinsons__06,Parkinsons,MDVP:PPQ,False,8,24,0.20053692928235056,Observations,32
Parkinsons__06,Parkinsons,MDVP:PPQ,False,8,24,0.2284074459340916,Observations,32
Parkinsons__06,Parkinsons,MDVP:PPQ,False,8,24,0.2601513922888541,Observations,32
Parkinsons__06,Parkinsons,MDVP:PPQ,False,8,24,0.29630709556359386,Observations,32
Parkinsons__06,Parkinsons,MDVP:PPQ,False,8,24,0.33748769940792006,Observations,32
Parkinsons__06,Parkinsons,MDVP:PPQ,False,8,24,0.38439156185244217,Density,18
Parkinsons__06,Parkinsons,MDVP:PPQ,False,8,24,0.4378140983584905,Density,18
Parkinsons__06,Parkinsons,MDVP:PPQ,False,8,24,0.4986612708086434,Density,18
Parkinsons__06,Parkinsons,MDVP:PPQ,False,8,24,0.5679649511900395,Density,18
Parkinsons__06,Parkinsons,MDVP:PPQ,False,8,24,0.6469004205142944,Density,18
Parkinsons__06,Parkinsons,MDVP:PPQ,False,8,24,0.7368062997280774,Five-number,10
Parkinsons__06,Parkinsons,MDVP:PPQ,False,8,24,0.8392072506111242,Five-number,10
Parkinsons__06,Parkinsons,MDVP:PPQ,False,8,24,0.9558398316330861,Five-number,10
Parkinsons__06,Parkinsons,MDVP:PPQ,False,8,24,1.0886819472437184,Five-number,10
Parkinsons__06,Parkinsons,MDVP:PPQ,False,8,24,1.2399863900098937,Five-number,10
Parkinsons__06,Parkinsons,MDVP:PPQ,False,8,24,1.4123190444211153,Five-number,10
Parkinsons__06,Parkinsons,MDVP:PPQ,False,8,24,1.6086024002397787,Five-number,10
Parkinsons__06,Parkinsons,MDVP:PPQ,False,8,24,1.8321651133138896,Five-number,10
Parkinsons__06,Parkinsons,MDVP:PPQ,False,8,24,2.0867984543253986,Five-number,10
Parkinsons__06,Parkinsons,MDVP:PPQ,False,8,24,2.376820602755804,Means,2
Parkinsons__06,Parkinsons,MDVP:PPQ,False,8,24,2.7071498763931694,Means,2
Parkinsons__06,Parkinsons,MDVP:PPQ,False,8,24,3.083388138237417,Means,2
Parkinsons__06,Parkinsons,MDVP:PPQ,False,8,24,3.511915795253308,Means,2
Parkinsons__06,Parkinsons,MDVP:PPQ,False,8,24,4.0,Means,2
Parkinsons__07,Parkinsons,Jitter:DDP,False,8,24,0.025,Observations,32
Parkinsons__07,Parkinsons,Jitter:DDP,False,8,24,0.02847448681291267,Observations,32
Parkinsons__07,Parkinsons,Jitter:DDP,False,8,24,0.032431855970349484,Observations,32
Parkinsons__07,Parkinsons,Jitter:DDP,False,8,24,0.03693921820583997,Observations,32
Parkinsons__07,Parkinsons,Jitter:DDP,False,8,24,0.04207301126725973,Observations,32
Parkinsons__07,Parkinsons,Jitter:DDP,False,8,24,0.04792029618036453,Observations,32
Parkinsons__07,Parkinsons,Jitter:DDP,False,8,24,0.05458023366634633,Observations,32
Parkinsons__07,Parkinsons,Jitter:DDP,False,8,24,0.06216576575112282,Observations,32
Parkinsons__07,Parkinsons,Jitter:DDP,False,8,24,0.07080553108379858,Observations,32
Parkinsons__07,Parkinsons,Jitter:DDP,False,8,24,0.08064604644507599,Observations,32
Parkinsons__07,Parkinsons,Jitter:DDP,False,8,24,0.0918541914405543,Observations,32
Parkinsons__07,Parkinsons,Jitter:DDP,False,8,24,0.10462003851539275,Observations,32
Parkinsons__07,Parkinsons,Jitter:DDP,False,8,24,0.11916007628291865,Observations,32
Parkinsons__07,Parkinsons,Jitter:DDP,False,8,24,0.13572088082974534,Observations,32
Parkinsons__07,Parkinsons,Jitter:DDP,False,8,24,0.15458329725693898,Observations,32
Parkinsons__07,Parkinsons,Jitter:DDP,False,8,24,0.17606720236957066,Observations,32
Parkinsons__07,Parkinsons,Jitter:DDP,False,8,24,0.20053692928235056,Observations,32
Parkinsons__07,Parkinsons,Jitter:DDP,False,8,24,0.2284074459340916,Observations,32
Parkinsons__07,Parkinsons,Jitter:DDP,False,8,24,0.2601513922888541,Observations,32
Parkinsons__07,Parkinsons,Jitter:DDP,False,8,24,0.29630709556359386,Observations,32
Parkinsons__07,Parkinsons,Jitter:DDP,False,8,24,0.33748769940792006,Observations,32
Parkinsons__07,Parkinsons,Jitter:DDP,False,8,24,0.38439156185244217,Observations,32
Parkinsons__07,Parkinsons,Jitter:DDP,False,8,24,0.4378140983584905,Observations,32
Parkinsons__07,Parkinsons,Jitter:DDP,False,8,24,0.4986612708086434,Observations,32
Parkinsons__07,Parkinsons,Jitter:DDP,False,8,24,0.5679649511900395,Observations,32
Parkinsons__07,Parkinsons,Jitter:DDP,False,8,24,0.6469004205142944,Observations,32
Parkinsons__07,Parkinsons,Jitter:DDP,False,8,24,0.7368062997280774,Density,18
Parkinsons__07,Parkinsons,Jitter:DDP,False,8,24,0.8392072506111242,Density,18
Parkinsons__07,Parkinsons,Jitter:DDP,False,8,24,0.9558398316330861,Binned,10
Parkinsons__07,Parkinsons,Jitter:DDP,False,8,24,1.0886819472437184,Binned,10
Parkinsons__07,Parkinsons,Jitter:DDP,False,8,24,1.2399863900098937,Binned,10
Parkinsons__07,Parkinsons,Jitter:DDP,False,8,24,1.4123190444211153,Binned,10
Parkinsons__07,Parkinsons,Jitter:DDP,False,8,24,1.6086024002397787,Binned,10
Parkinsons__07,Parkinsons,Jitter:DDP,False,8,24,1.8321651133138896,Binned,10
Parkinsons__07,Parkinsons,Jitter:DDP,False,8,24,2.0867984543253986,Binned,10
Parkinsons__07,Parkinsons,Jitter:DDP,False,8,24,2.376820602755804,Means,2
Parkinsons__07,Parkinsons,Jitter:DDP,False,8,24,2.7071498763931694,Means,2
Parkinsons__07,Parkinsons,Jitter:DDP,False,8,24,3.083388138237417,Means,2
Parkinsons__07,Parkinsons,Jitter:DDP,False,8,24,3.511915795253308,Means,2
Parkinsons__07,Parkinsons,Jitter:DDP,False,8,24,4.0,Means,2
Parkinsons__08,Parkinsons,MDVP:Shimmer,False,8,24,0.025,Observations,32
Parkinsons__08,Parkinsons,MDVP:Shimmer,False,8,24,0.02847448681291267,Observations,32
Parkinsons__08,Parkinsons,MDVP:Shimmer,False,8,24,0.032431855970349484,Observations,32
Parkinsons__08,Parkinsons,MDVP:Shimmer,False,8,24,0.03693921820583997,Observations,32
Parkinsons__08,Parkinsons,MDVP:Shimmer,False,8,24,0.04207301126725973,Observations,32
Parkinsons__08,Parkinsons,MDVP:Shimmer,False,8,24,0.04792029618036453,Observations,32
Parkinsons__08,Parkinsons,MDVP:Shimmer,False,8,24,0.05458023366634633,Observations,32
Parkinsons__08,Parkinsons,MDVP:Shimmer,False,8,24,0.06216576575112282,Observations,32
Parkinsons__08,Parkinsons,MDVP:Shimmer,False,8,24,0.07080553108379858,Observations,32
Parkinsons__08,Parkinsons,MDVP:Shimmer,False,8,24,0.08064604644507599,Observations,32
Parkinsons__08,Parkinsons,MDVP:Shimmer,False,8,24,0.0918541914405543,Observations,32
Parkinsons__08,Parkinsons,MDVP:Shimmer,False,8,24,0.10462003851539275,Observations,32
Parkinsons__08,Parkinsons,MDVP:Shimmer,False,8,24,0.11916007628291865,Observations,32
Parkinsons__08,Parkinsons,MDVP:Shimmer,False,8,24,0.13572088082974534,Observations,32
Parkinsons__08,Parkinsons,MDVP:Shimmer,False,8,24,0.15458329725693898,Observations,32
Parkinsons__08,Parkinsons,MDVP:Shimmer,False,8,24,0.17606720236957066,Observations,32
Parkinsons__08,Parkinsons,MDVP:Shimmer,False,8,24,0.20053692928235056,Observations,32
Parkinsons__08,Parkinsons,MDVP:Shimmer,False,8,24,0.2284074459340916,Observations,32
Parkinsons__08,Parkinsons,MDVP:Shimmer,False,8,24,0.2601513922888541,Observations,32
Parkinsons__08,Parkinsons,MDVP:Shimmer,False,8,24,0.29630709556359386,Binned,10
Parkinsons__08,Parkinsons,MDVP:Shimmer,False,8,24,0.33748769940792006,Binned,10
Parkinsons__08,Parkinsons,MDVP:Shimmer,False,8,24,0.38439156185244217,Binned,10
Parkinsons__08,Parkinsons,MDVP:Shimmer,False,8,24,0.4378140983584905,Binned,10
Parkinsons__08,Parkinsons,MDVP:Shimmer,False,8,24,0.4986612708086434,Binned,10
Parkinsons__08,Parkinsons,MDVP:Shimmer,False,8,24,0.5679649511900395,Binned,10
Parkinsons__08,Parkinsons,MDVP:Shimmer,False,8,24,0.6469004205142944,Binned,10
Parkinsons__08,Parkinsons,MDVP:Shimmer,False,8,24,0.7368062997280774,Binned,10
Parkinsons__08,Parkinsons,MDVP:Shimmer,False,8,24,0.8392072506111242,Binned,10
Parkinsons__08,Parkinsons,MDVP:Shimmer,False,8,24,0.9558398316330861,Binned,10
Parkinsons__08,Parkinsons,MDVP:Shimmer,False,8,24,1.0886819472437184,Binned,10
Parkinsons__08,Parkinsons,MDVP:Shimmer,False,8,24,1.2399863900098937,Binned,10
Parkinsons__08,Parkinsons,MDVP:Shimmer,False,8,24,1.4123190444211153,Binned,10
Parkinsons__08,Parkinsons,MDVP:Shimmer,False,8,24,1.6086024002397787,Binned,10
Parkinsons__08,Parkinsons,MDVP:Shimmer,False,8,24,1.8321651133138896,Means,2
Parkinsons__08,Parkinsons,MDVP:Shimmer,False,8,24,2.0867984543253986,Means,2
Parkinsons__08,Parkinsons,MDVP:Shimmer,False,8,24,2.376820602755804,Means,2
Parkinsons__08,Parkinsons,MDVP:Shimmer,False,8,24,2.7071498763931694,Means,2
Parkinsons__08,Parkinsons,MDVP:Shimmer,False,8,24,3.083388138237417,Means,2
Parkinsons__08,Parkinsons,MDVP:Shimmer,False,8,24,3.511915795253308,Means,2
Parkinsons__08,Parkinsons,MDVP:Shimmer,False,8,24,4.0,Means,2
Parkinsons__09,Parkinsons,MDVP:Shimmer(dB),False,8,24,0.025,Observations,32
Parkinsons__09,Parkinsons,MDVP:Shimmer(dB),False,8,24,0.02847448681291267,Observations,32
Parkinsons__09,Parkinsons,MDVP:Shimmer(dB),False,8,24,0.032431855970349484,Observations,32
Parkinsons__09,Parkinsons,MDVP:Shimmer(dB),False,8,24,0.03693921820583997,Observations,32
Parkinsons__09,Parkinsons,MDVP:Shimmer(dB),False,8,24,0.04207301126725973,Observations,32
Parkinsons__09,Parkinsons,MDVP:Shimmer(dB),False,8,24,0.04792029618036453,Observations,32
Parkinsons__09,Parkinsons,MDVP:Shimmer(dB),False,8,24,0.05458023366634633,Observations,32
Parkinsons__09,Parkinsons,MDVP:Shimmer(dB),False,8,24,0.06216576575112282,Observations,32
Parkinsons__09,Parkinsons,MDVP:Shimmer(dB),False,8,24,0.07080553108379858,Observations,32
Parkinsons__09,Parkinsons,MDVP:Shimmer(dB),False,8,24,0.08064604644507599,Observations,32
Parkinsons__09,Parkinsons,MDVP:Shimmer(dB),False,8,24,0.0918541914405543,Observations,32
Parkinsons__09,Parkinsons,MDVP:Shimmer(dB),False,8,24,0.10462003851539275,Observations,32
Parkinsons__09,Parkinsons,MDVP:Shimmer(dB),False,8,24,0.11916007628291865,Observations,32
Parkinsons__09,Parkinsons,MDVP:Shimmer(dB),False,8,24,0.13572088082974534,Observations,32
Parkinsons__09,Parkinsons,MDVP:Shimmer(dB),False,8,24,0.15458329725693898,Observations,32
Parkinsons__09,Parkinsons,MDVP:Shimmer(dB),False,8,24,0.17606720236957066,Observations,32
Parkinsons__09,Parkinsons,MDVP:Shimmer(dB),False,8,24,0.20053692928235056,Observations,32
Parkinsons__09,Parkinsons,MDVP:Shimmer(dB),False,8,24,0.2284074459340916,Observations,32
Parkinsons__09,Parkinsons,MDVP:Shimmer(dB),False,8,24,0.2601513922888541,Observations,32
Parkinsons__09,Parkinsons,MDVP:Shimmer(dB),False,8,24,0.29630709556359386,Observations,32
Parkinsons__09,Parkinsons,MDVP:Shimmer(dB),False,8,24,0.33748769940792006,Binned,18
Parkinsons__09,Parkinsons,MDVP:Shimmer(dB),False,8,24,0.38439156185244217,Binned,10
Parkinsons__09,Parkinsons,MDVP:Shimmer(dB),False,8,24,0.4378140983584905,Binned,10
Parkinsons__09,Parkinsons,MDVP:Shimmer(dB),False,8,24,0.4986612708086434,Binned,10
Parkinsons__09,Parkinsons,MDVP:Shimmer(dB),False,8,24,0.5679649511900395,Binned,10
Parkinsons__09,Parkinsons,MDVP:Shimmer(dB),False,8,24,0.6469004205142944,Binned,10
Parkinsons__09,Parkinsons,MDVP:Shimmer(dB),False,8,24,0.7368062997280774,Binned,10
Parkinsons__09,Parkinsons,MDVP:Shimmer(dB),False,8,24,0.8392072506111242,Binned,10
Parkinsons__09,Parkinsons,MDVP:Shimmer(dB),False,8,24,0.9558398316330861,Binned,10
Parkinsons__09,Parkinsons,MDVP:Shimmer(dB),False,8,24,1.0886819472437184,Binned,10
Parkinsons__09,Parkinsons,MDVP:Shimmer(dB),False,8,24,1.2399863900098937,Binned,10
Parkinsons__09,Parkinsons,MDVP:Shimmer(dB),False,8,24,1.4123190444211153,Binned,10
Parkinsons__09,Parkinsons,MDVP:Shimmer(dB),False,8,24,1.6086024002397787,Means,2
Parkinsons__09,Parkinsons,MDVP:Shimmer(dB),False,8,24,1.8321651133138896,Means,2
Parkinsons__09,Parkinsons,MDVP:Shimmer(dB),False,8,24,2.0867984543253986,Means,2
Parkinsons__09,Parkinsons,MDVP:Shimmer(dB),False,8,24,2.376820602755804,Means,2
Parkinsons__09,Parkinsons,MDVP:Shimmer(dB),False,8,24,2.7071498763931694,Means,2
Parkinsons__09,Parkinsons,MDVP:Shimmer(dB),False,8,24,3.083388138237417,Means,2
Parkinsons__09,Parkinsons,MDVP:Shimmer(dB),False,8,24,3.511915795253308,Means,2
Parkinsons__09,Parkinsons,MDVP:Shimmer(dB),False,8,24,4.0,Means,2
Parkinsons__10,Parkinsons,Shimmer:APQ3,False,8,24,0.025,Observations,32
Parkinsons__10,Parkinsons,Shimmer:APQ3,False,8,24,0.02847448681291267,Observations,32
Parkinsons__10,Parkinsons,Shimmer:APQ3,False,8,24,0.032431855970349484,Observations,32
Parkinsons__10,Parkinsons,Shimmer:APQ3,False,8,24,0.03693921820583997,Observations,32
Parkinsons__10,Parkinsons,Shimmer:APQ3,False,8,24,0.04207301126725973,Observations,32
Parkinsons__10,Parkinsons,Shimmer:APQ3,False,8,24,0.04792029618036453,Observations,32
Parkinsons__10,Parkinsons,Shimmer:APQ3,False,8,24,0.05458023366634633,Observations,32
Parkinsons__10,Parkinsons,Shimmer:APQ3,False,8,24,0.06216576575112282,Observations,32
Parkinsons__10,Parkinsons,Shimmer:APQ3,False,8,24,0.07080553108379858,Observations,32
Parkinsons__10,Parkinsons,Shimmer:APQ3,False,8,24,0.08064604644507599,Observations,32
Parkinsons__10,Parkinsons,Shimmer:APQ3,False,8,24,0.0918541914405543,Observations,32
Parkinsons__10,Parkinsons,Shimmer:APQ3,False,8,24,0.10462003851539275,Observations,32
Parkinsons__10,Parkinsons,Shimmer:APQ3,False,8,24,0.11916007628291865,Observations,32
Parkinsons__10,Parkinsons,Shimmer:APQ3,False,8,24,0.13572088082974534,Observations,32
Parkinsons__10,Parkinsons,Shimmer:APQ3,False,8,24,0.15458329725693898,Observations,32
Parkinsons__10,Parkinsons,Shimmer:APQ3,False,8,24,0.17606720236957066,Observations,32
Parkinsons__10,Parkinsons,Shimmer:APQ3,False,8,24,0.20053692928235056,Observations,32
Parkinsons__10,Parkinsons,Shimmer:APQ3,False,8,24,0.2284074459340916,Observations,32
Parkinsons__10,Parkinsons,Shimmer:APQ3,False,8,24,0.2601513922888541,Five-number,10
Parkinsons__10,Parkinsons,Shimmer:APQ3,False,8,24,0.29630709556359386,Five-number,10
Parkinsons__10,Parkinsons,Shimmer:APQ3,False,8,24,0.33748769940792006,Five-number,10
Parkinsons__10,Parkinsons,Shimmer:APQ3,False,8,24,0.38439156185244217,Five-number,10
Parkinsons__10,Parkinsons,Shimmer:APQ3,False,8,24,0.4378140983584905,Five-number,10
Parkinsons__10,Parkinsons,Shimmer:APQ3,False,8,24,0.4986612708086434,Five-number,10
Parkinsons__10,Parkinsons,Shimmer:APQ3,False,8,24,0.5679649511900395,Five-number,10
Parkinsons__10,Parkinsons,Shimmer:APQ3,False,8,24,0.6469004205142944,Five-number,10
Parkinsons__10,Parkinsons,Shimmer:APQ3,False,8,24,0.7368062997280774,Five-number,10
Parkinsons__10,Parkinsons,Shimmer:APQ3,False,8,24,0.8392072506111242,Five-number,10
Parkinsons__10,Parkinsons,Shimmer:APQ3,False,8,24,0.9558398316330861,Five-number,10
Parkinsons__10,Parkinsons,Shimmer:APQ3,False,8,24,1.0886819472437184,Five-number,10
Parkinsons__10,Parkinsons,Shimmer:APQ3,False,8,24,1.2399863900098937,Five-number,10
Parkinsons__10,Parkinsons,Shimmer:APQ3,False,8,24,1.4123190444211153,Five-number,10
Parkinsons__10,Parkinsons,Shimmer:APQ3,False,8,24,1.6086024002397787,Five-number,10
Parkinsons__10,Parkinsons,Shimmer:APQ3,False,8,24,1.8321651133138896,Means,2
Parkinsons__10,Parkinsons,Shimmer:APQ3,False,8,24,2.0867984543253986,Means,2
Parkinsons__10,Parkinsons,Shimmer:APQ3,False,8,24,2.376820602755804,Means,2
Parkinsons__10,Parkinsons,Shimmer:APQ3,False,8,24,2.7071498763931694,Means,2
Parkinsons__10,Parkinsons,Shimmer:APQ3,False,8,24,3.083388138237417,Means,2
Parkinsons__10,Parkinsons,Shimmer:APQ3,False,8,24,3.511915795253308,Means,2
Parkinsons__10,Parkinsons,Shimmer:APQ3,False,8,24,4.0,Means,2
Parkinsons__11,Parkinsons,Shimmer:APQ5,False,8,24,0.025,Observations,32
Parkinsons__11,Parkinsons,Shimmer:APQ5,False,8,24,0.02847448681291267,Observations,32
Parkinsons__11,Parkinsons,Shimmer:APQ5,False,8,24,0.032431855970349484,Observations,32
Parkinsons__11,Parkinsons,Shimmer:APQ5,False,8,24,0.03693921820583997,Observations,32
Parkinsons__11,Parkinsons,Shimmer:APQ5,False,8,24,0.04207301126725973,Observations,32
Parkinsons__11,Parkinsons,Shimmer:APQ5,False,8,24,0.04792029618036453,Observations,32
Parkinsons__11,Parkinsons,Shimmer:APQ5,False,8,24,0.05458023366634633,Observations,32
Parkinsons__11,Parkinsons,Shimmer:APQ5,False,8,24,0.06216576575112282,Observations,32
Parkinsons__11,Parkinsons,Shimmer:APQ5,False,8,24,0.07080553108379858,Observations,32
Parkinsons__11,Parkinsons,Shimmer:APQ5,False,8,24,0.08064604644507599,Observations,32
Parkinsons__11,Parkinsons,Shimmer:APQ5,False,8,24,0.0918541914405543,Observations,32
Parkinsons__11,Parkinsons,Shimmer:APQ5,False,8,24,0.10462003851539275,Observations,32
Parkinsons__11,Parkinsons,Shimmer:APQ5,False,8,24,0.11916007628291865,Observations,32
Parkinsons__11,Parkinsons,Shimmer:APQ5,False,8,24,0.13572088082974534,Observations,32
Parkinsons__11,Parkinsons,Shimmer:APQ5,False,8,24,0.15458329725693898,Observations,32
Parkinsons__11,Parkinsons,Shimmer:APQ5,False,8,24,0.17606720236957066,Observations,32
Parkinsons__11,Parkinsons,Shimmer:APQ5,False,8,24,0.20053692928235056,Observations,32
Parkinsons__11,Parkinsons,Shimmer:APQ5,False,8,24,0.2284074459340916,Observations,32
Parkinsons__11,Parkinsons,Shimmer:APQ5,False,8,24,0.2601513922888541,Observations,32
Parkinsons__11,Parkinsons,Shimmer:APQ5,False,8,24,0.29630709556359386,Binned,10
Parkinsons__11,Parkinsons,Shimmer:APQ5,False,8,24,0.33748769940792006,Binned,10
Parkinsons__11,Parkinsons,Shimmer:APQ5,False,8,24,0.38439156185244217,Binned,10
Parkinsons__11,Parkinsons,Shimmer:APQ5,False,8,24,0.4378140983584905,Binned,10
Parkinsons__11,Parkinsons,Shimmer:APQ5,False,8,24,0.4986612708086434,Binned,10
Parkinsons__11,Parkinsons,Shimmer:APQ5,False,8,24,0.5679649511900395,Binned,10
Parkinsons__11,Parkinsons,Shimmer:APQ5,False,8,24,0.6469004205142944,Binned,10
Parkinsons__11,Parkinsons,Shimmer:APQ5,False,8,24,0.7368062997280774,Binned,10
Parkinsons__11,Parkinsons,Shimmer:APQ5,False,8,24,0.8392072506111242,Binned,10
Parkinsons__11,Parkinsons,Shimmer:APQ5,False,8,24,0.9558398316330861,Binned,10
Parkinsons__11,Parkinsons,Shimmer:APQ5,False,8,24,1.0886819472437184,Binned,10
Parkinsons__11,Parkinsons,Shimmer:APQ5,False,8,24,1.2399863900098937,Binned,10
Parkinsons__11,Parkinsons,Shimmer:APQ5,False,8,24,1.4123190444211153,Binned,10
Parkinsons__11,Parkinsons,Shimmer:APQ5,False,8,24,1.6086024002397787,Binned,10
Parkinsons__11,Parkinsons,Shimmer:APQ5,False,8,24,1.8321651133138896,Means,2
Parkinsons__11,Parkinsons,Shimmer:APQ5,False,8,24,2.0867984543253986,Means,2
Parkinsons__11,Parkinsons,Shimmer:APQ5,False,8,24,2.376820602755804,Means,2
Parkinsons__11,Parkinsons,Shimmer:APQ5,False,8,24,2.7071498763931694,Means,2
Parkinsons__11,Parkinsons,Shimmer:APQ5,False,8,24,3.083388138237417,Means,2
Parkinsons__11,Parkinsons,Shimmer:APQ5,False,8,24,3.511915795253308,Means,2
Parkinsons__11,Parkinsons,Shimmer:APQ5,False,8,24,4.0,Means,2
Parkinsons__12,Parkinsons,MDVP:APQ,False,8,24,0.025,Observations,32
Parkinsons__12,Parkinsons,MDVP:APQ,False,8,24,0.02847448681291267,Observations,32
Parkinsons__12,Parkinsons,MDVP:APQ,False,8,24,0.032431855970349484,Observations,32
Parkinsons__12,Parkinsons,MDVP:APQ,False,8,24,0.03693921820583997,Observations,32
Parkinsons__12,Parkinsons,MDVP:APQ,False,8,24,0.04207301126725973,Observations,32
Parkinsons__12,Parkinsons,MDVP:APQ,False,8,24,0.04792029618036453,Observations,32
Parkinsons__12,Parkinsons,MDVP:APQ,False,8,24,0.05458023366634633,Observations,32
Parkinsons__12,Parkinsons,MDVP:APQ,False,8,24,0.06216576575112282,Observations,32
Parkinsons__12,Parkinsons,MDVP:APQ,False,8,24,0.07080553108379858,Observations,32
Parkinsons__12,Parkinsons,MDVP:APQ,False,8,24,0.08064604644507599,Observations,32
Parkinsons__12,Parkinsons,MDVP:APQ,False,8,24,0.0918541914405543,Observations,32
Parkinsons__12,Parkinsons,MDVP:APQ,False,8,24,0.10462003851539275,Observations,32
Parkinsons__12,Parkinsons,MDVP:APQ,False,8,24,0.11916007628291865,Observations,32
Parkinsons__12,Parkinsons,MDVP:APQ,False,8,24,0.13572088082974534,Observations,32
Parkinsons__12,Parkinsons,MDVP:APQ,False,8,24,0.15458329725693898,Observations,32
Parkinsons__12,Parkinsons,MDVP:APQ,False,8,24,0.17606720236957066,Observations,32
Parkinsons__12,Parkinsons,MDVP:APQ,False,8,24,0.20053692928235056,Observations,32
Parkinsons__12,Parkinsons,MDVP:APQ,False,8,24,0.2284074459340916,Observations,32
Parkinsons__12,Parkinsons,MDVP:APQ,False,8,24,0.2601513922888541,Observations,32
Parkinsons__12,Parkinsons,MDVP:APQ,False,8,24,0.29630709556359386,Observations,32
Parkinsons__12,Parkinsons,MDVP:APQ,False,8,24,0.33748769940792006,Observations,32
Parkinsons__12,Parkinsons,MDVP:APQ,False,8,24,0.38439156185244217,Binned,18
Parkinsons__12,Parkinsons,MDVP:APQ,False,8,24,0.4378140983584905,Binned,10
Parkinsons__12,Parkinsons,MDVP:APQ,False,8,24,0.4986612708086434,Binned,10
Parkinsons__12,Parkinsons,MDVP:APQ,False,8,24,0.5679649511900395,Binned,10
Parkinsons__12,Parkinsons,MDVP:APQ,False,8,24,0.6469004205142944,Binned,10
Parkinsons__12,Parkinsons,MDVP:APQ,False,8,24,0.7368062997280774,Binned,10
Parkinsons__12,Parkinsons,MDVP:APQ,False,8,24,0.8392072506111242,Binned,10
Parkinsons__12,Parkinsons,MDVP:APQ,False,8,24,0.9558398316330861,Binned,10
Parkinsons__12,Parkinsons,MDVP:APQ,False,8,24,1.0886819472437184,Binned,10
Parkinsons__12,Parkinsons,MDVP:APQ,False,8,24,1.2399863900098937,Binned,10
Parkinsons__12,Parkinsons,MDVP:APQ,False,8,24,1.4123190444211153,Binned,10
Parkinsons__12,Parkinsons,MDVP:APQ,False,8,24,1.6086024002397787,Binned,10
Parkinsons__12,Parkinsons,MDVP:APQ,False,8,24,1.8321651133138896,Binned,10
Parkinsons__12,Parkinsons,MDVP:APQ,False,8,24,2.0867984543253986,Means,2
Parkinsons__12,Parkinsons,MDVP:APQ,False,8,24,2.376820602755804,Means,2
Parkinsons__12,Parkinsons,MDVP:APQ,False,8,24,2.7071498763931694,Means,2
Parkinsons__12,Parkinsons,MDVP:APQ,False,8,24,3.083388138237417,Means,2
Parkinsons__12,Parkinsons,MDVP:APQ,False,8,24,3.511915795253308,Means,2
Parkinsons__12,Parkinsons,MDVP:APQ,False,8,24,4.0,Means,2
Parkinsons__13,Parkinsons,Shimmer:DDA,False,8,24,0.025,Observations,32
Parkinsons__13,Parkinsons,Shimmer:DDA,False,8,24,0.02847448681291267,Observations,32
Parkinsons__13,Parkinsons,Shimmer:DDA,False,8,24,0.032431855970349484,Observations,32
Parkinsons__13,Parkinsons,Shimmer:DDA,False,8,24,0.03693921820583997,Observations,32
Parkinsons__13,Parkinsons,Shimmer:DDA,False,8,24,0.04207301126725973,Observations,32
Parkinsons__13,Parkinsons,Shimmer:DDA,False,8,24,0.04792029618036453,Observations,32
Parkinsons__13,Parkinsons,Shimmer:DDA,False,8,24,0.05458023366634633,Observations,32
Parkinsons__13,Parkinsons,Shimmer:DDA,False,8,24,0.06216576575112282,Observations,32
Parkinsons__13,Parkinsons,Shimmer:DDA,False,8,24,0.07080553108379858,Observations,32
Parkinsons__13,Parkinsons,Shimmer:DDA,False,8,24,0.08064604644507599,Observations,32
Parkinsons__13,Parkinsons,Shimmer:DDA,False,8,24,0.0918541914405543,Observations,32
Parkinsons__13,Parkinsons,Shimmer:DDA,False,8,24,0.10462003851539275,Observations,32
Parkinsons__13,Parkinsons,Shimmer:DDA,False,8,24,0.11916007628291865,Observations,32
Parkinsons__13,Parkinsons,Shimmer:DDA,False,8,24,0.13572088082974534,Observations,32
Parkinsons__13,Parkinsons,Shimmer:DDA,False,8,24,0.15458329725693898,Observations,32
Parkinsons__13,Parkinsons,Shimmer:DDA,False,8,24,0.17606720236957066,Observations,32
Parkinsons__13,Parkinsons,Shimmer:DDA,False,8,24,0.20053692928235056,Observations,32
Parkinsons__13,Parkinsons,Shimmer:DDA,False,8,24,0.2284074459340916,Observations,32
Parkinsons__13,Parkinsons,Shimmer:DDA,False,8,24,0.2601513922888541,Five-number,10
Parkinsons__13,Parkinsons,Shimmer:DDA,False,8,24,0.29630709556359386,Five-number,10
Parkinsons__13,Parkinsons,Shimmer:DDA,False,8,24,0.33748769940792006,Five-number,10
Parkinsons__13,Parkinsons,Shimmer:DDA,False,8,24,0.38439156185244217,Five-number,10
Parkinsons__13,Parkinsons,Shimmer:DDA,False,8,24,0.4378140983584905,Five-number,10
Parkinsons__13,Parkinsons,Shimmer:DDA,False,8,24,0.4986612708086434,Five-number,10
Parkinsons__13,Parkinsons,Shimmer:DDA,False,8,24,0.5679649511900395,Five-number,10
Parkinsons__13,Parkinsons,Shimmer:DDA,False,8,24,0.6469004205142944,Five-number,10
Parkinsons__13,Parkinsons,Shimmer:DDA,False,8,24,0.7368062997280774,Five-number,10
Parkinsons__13,Parkinsons,Shimmer:DDA,False,8,24,0.8392072506111242,Five-number,10
Parkinsons__13,Parkinsons,Shimmer:DDA,False,8,24,0.9558398316330861,Five-number,10
Parkinsons__13,Parkinsons,Shimmer:DDA,False,8,24,1.0886819472437184,Five-number,10
Parkinsons__13,Parkinsons,Shimmer:DDA,False,8,24,1.2399863900098937,Five-number,10
Parkinsons__13,Parkinsons,Shimmer:DDA,False,8,24,1.4123190444211153,Five-number,10
Parkinsons__13,Parkinsons,Shimmer:DDA,False,8,24,1.6086024002397787,Five-number,10
Parkinsons__13,Parkinsons,Shimmer:DDA,False,8,24,1.8321651133138896,Means,2
Parkinsons__13,Parkinsons,Shimmer:DDA,False,8,24,2.0867984543253986,Means,2
Parkinsons__13,Parkinsons,Shimmer:DDA,False,8,24,2.376820602755804,Means,2
Parkinsons__13,Parkinsons,Shimmer:DDA,False,8,24,2.7071498763931694,Means,2
Parkinsons__13,Parkinsons,Shimmer:DDA,False,8,24,3.083388138237417,Means,2
Parkinsons__13,Parkinsons,Shimmer:DDA,False,8,24,3.511915795253308,Means,2
Parkinsons__13,Parkinsons,Shimmer:DDA,False,8,24,4.0,Means,2
Parkinsons__14,Parkinsons,NHR,False,8,24,0.025,Observations,32
Parkinsons__14,Parkinsons,NHR,False,8,24,0.02847448681291267,Observations,32
Parkinsons__14,Parkinsons,NHR,False,8,24,0.032431855970349484,Observations,32
Parkinsons__14,Parkinsons,NHR,False,8,24,0.03693921820583997,Observations,32
Parkinsons__14,Parkinsons,NHR,False,8,24,0.04207301126725973,Observations,32
Parkinsons__14,Parkinsons,NHR,False,8,24,0.04792029618036453,Observations,32
Parkinsons__14,Parkinsons,NHR,False,8,24,0.05458023366634633,Observations,32
Parkinsons__14,Parkinsons,NHR,False,8,24,0.06216576575112282,Observations,32
Parkinsons__14,Parkinsons,NHR,False,8,24,0.07080553108379858,Observations,32
Parkinsons__14,Parkinsons,NHR,False,8,24,0.08064604644507599,Observations,32
Parkinsons__14,Parkinsons,NHR,False,8,24,0.0918541914405543,Observations,32
Parkinsons__14,Parkinsons,NHR,False,8,24,0.10462003851539275,Observations,32
Parkinsons__14,Parkinsons,NHR,False,8,24,0.11916007628291865,Observations,32
Parkinsons__14,Parkinsons,NHR,False,8,24,0.13572088082974534,Observations,32
Parkinsons__14,Parkinsons,NHR,False,8,24,0.15458329725693898,Observations,32
Parkinsons__14,Parkinsons,NHR,False,8,24,0.17606720236957066,Observations,32
Parkinsons__14,Parkinsons,NHR,False,8,24,0.20053692928235056,Observations,32
Parkinsons__14,Parkinsons,NHR,False,8,24,0.2284074459340916,Observations,32
Parkinsons__14,Parkinsons,NHR,False,8,24,0.2601513922888541,Observations,32
Parkinsons__14,Parkinsons,NHR,False,8,24,0.29630709556359386,Observations,32
Parkinsons__14,Parkinsons,NHR,False,8,24,0.33748769940792006,Observations,32
Parkinsons__14,Parkinsons,NHR,False,8,24,0.38439156185244217,Observations,32
Parkinsons__14,Parkinsons,NHR,False,8,24,0.4378140983584905,Observations,32
Parkinsons__14,Parkinsons,NHR,False,8,24,0.4986612708086434,Observations,32
Parkinsons__14,Parkinsons,NHR,False,8,24,0.5679649511900395,Observations,32
Parkinsons__14,Parkinsons,NHR,False,8,24,0.6469004205142944,Observations,32
Parkinsons__14,Parkinsons,NHR,False,8,24,0.7368062997280774,Binned,10
Parkinsons__14,Parkinsons,NHR,False,8,24,0.8392072506111242,Binned,10
Parkinsons__14,Parkinsons,NHR,False,8,24,0.9558398316330861,Binned,10
Parkinsons__14,Parkinsons,NHR,False,8,24,1.0886819472437184,Means,2
Parkinsons__14,Parkinsons,NHR,False,8,24,1.2399863900098937,Means,2
Parkinsons__14,Parkinsons,NHR,False,8,24,1.4123190444211153,Means,2
Parkinsons__14,Parkinsons,NHR,False,8,24,1.6086024002397787,Means,2
Parkinsons__14,Parkinsons,NHR,False,8,24,1.8321651133138896,Means,2
Parkinsons__14,Parkinsons,NHR,False,8,24,2.0867984543253986,Means,2
Parkinsons__14,Parkinsons,NHR,False,8,24,2.376820602755804,Means,2
Parkinsons__14,Parkinsons,NHR,False,8,24,2.7071498763931694,Means,2
Parkinsons__14,Parkinsons,NHR,False,8,24,3.083388138237417,Means,2
Parkinsons__14,Parkinsons,NHR,False,8,24,3.511915795253308,Means,2
Parkinsons__14,Parkinsons,NHR,False,8,24,4.0,Means,2
Parkinsons__15,Parkinsons,HNR,False,8,24,0.025,Observations,32
Parkinsons__15,Parkinsons,HNR,False,8,24,0.02847448681291267,Observations,32
Parkinsons__15,Parkinsons,HNR,False,8,24,0.032431855970349484,Observations,32
Parkinsons__15,Parkinsons,HNR,False,8,24,0.03693921820583997,Observations,32
Parkinsons__15,Parkinsons,HNR,False,8,24,0.04207301126725973,Observations,32
Parkinsons__15,Parkinsons,HNR,False,8,24,0.04792029618036453,Observations,32
Parkinsons__15,Parkinsons,HNR,False,8,24,0.05458023366634633,Observations,32
Parkinsons__15,Parkinsons,HNR,False,8,24,0.06216576575112282,Observations,32
Parkinsons__15,Parkinsons,HNR,False,8,24,0.07080553108379858,Observations,32
Parkinsons__15,Parkinsons,HNR,False,8,24,0.08064604644507599,Observations,32
Parkinsons__15,Parkinsons,HNR,False,8,24,0.0918541914405543,Observations,32
Parkinsons__15,Parkinsons,HNR,False,8,24,0.10462003851539275,Observations,32
Parkinsons__15,Parkinsons,HNR,False,8,24,0.11916007628291865,Observations,32
Parkinsons__15,Parkinsons,HNR,False,8,24,0.13572088082974534,Observations,32
Parkinsons__15,Parkinsons,HNR,False,8,24,0.15458329725693898,Observations,32
Parkinsons__15,Parkinsons,HNR,False,8,24,0.17606720236957066,Observations,32
Parkinsons__15,Parkinsons,HNR,False,8,24,0.20053692928235056,Observations,32
Parkinsons__15,Parkinsons,HNR,False,8,24,0.2284074459340916,Observations,32
Parkinsons__15,Parkinsons,HNR,False,8,24,0.2601513922888541,Observations,32
Parkinsons__15,Parkinsons,HNR,False,8,24,0.29630709556359386,Observations,32
Parkinsons__15,Parkinsons,HNR,False,8,24,0.33748769940792006,Observations,32
Parkinsons__15,Parkinsons,HNR,False,8,24,0.38439156185244217,Observations,32
Parkinsons__15,Parkinsons,HNR,False,8,24,0.4378140983584905,Observations,32
Parkinsons__15,Parkinsons,HNR,False,8,24,0.4986612708086434,Binned,18
Parkinsons__15,Parkinsons,HNR,False,8,24,0.5679649511900395,Five-number,10
Parkinsons__15,Parkinsons,HNR,False,8,24,0.6469004205142944,Five-number,10
Parkinsons__15,Parkinsons,HNR,False,8,24,0.7368062997280774,Means,2
Parkinsons__15,Parkinsons,HNR,False,8,24,0.8392072506111242,Means,2
Parkinsons__15,Parkinsons,HNR,False,8,24,0.9558398316330861,Means,2
Parkinsons__15,Parkinsons,HNR,False,8,24,1.0886819472437184,Means,2
Parkinsons__15,Parkinsons,HNR,False,8,24,1.2399863900098937,Means,2
Parkinsons__15,Parkinsons,HNR,False,8,24,1.4123190444211153,Means,2
Parkinsons__15,Parkinsons,HNR,False,8,24,1.6086024002397787,Means,2
Parkinsons__15,Parkinsons,HNR,False,8,24,1.8321651133138896,Means,2
Parkinsons__15,Parkinsons,HNR,False,8,24,2.0867984543253986,Means,2
Parkinsons__15,Parkinsons,HNR,False,8,24,2.376820602755804,Means,2
Parkinsons__15,Parkinsons,HNR,False,8,24,2.7071498763931694,Means,2
Parkinsons__15,Parkinsons,HNR,False,8,24,3.083388138237417,Means,2
Parkinsons__15,Parkinsons,HNR,False,8,24,3.511915795253308,Means,2
Parkinsons__15,Parkinsons,HNR,False,8,24,4.0,Means,2
Parkinsons__16,Parkinsons,RPDE,False,8,24,0.025,Observations,32
Parkinsons__16,Parkinsons,RPDE,False,8,24,0.02847448681291267,Observations,32
Parkinsons__16,Parkinsons,RPDE,False,8,24,0.032431855970349484,Observations,32
Parkinsons__16,Parkinsons,RPDE,False,8,24,0.03693921820583997,Observations,32
Parkinsons__16,Parkinsons,RPDE,False,8,24,0.04207301126725973,Observations,32
Parkinsons__16,Parkinsons,RPDE,False,8,24,0.04792029618036453,Observations,32
Parkinsons__16,Parkinsons,RPDE,False,8,24,0.05458023366634633,Observations,32
Parkinsons__16,Parkinsons,RPDE,False,8,24,0.06216576575112282,Observations,32
Parkinsons__16,Parkinsons,RPDE,False,8,24,0.07080553108379858,Observations,32
Parkinsons__16,Parkinsons,RPDE,False,8,24,0.08064604644507599,Observations,32
Parkinsons__16,Parkinsons,RPDE,False,8,24,0.0918541914405543,Observations,32
Parkinsons__16,Parkinsons,RPDE,False,8,24,0.10462003851539275,Observations,32
Parkinsons__16,Parkinsons,RPDE,False,8,24,0.11916007628291865,Observations,32
Parkinsons__16,Parkinsons,RPDE,False,8,24,0.13572088082974534,Observations,32
Parkinsons__16,Parkinsons,RPDE,False,8,24,0.15458329725693898,Observations,32
Parkinsons__16,Parkinsons,RPDE,False,8,24,0.17606720236957066,Observations,32
Parkinsons__16,Parkinsons,RPDE,False,8,24,0.20053692928235056,Observations,32
Parkinsons__16,Parkinsons,RPDE,False,8,24,0.2284074459340916,Five-number,10
Parkinsons__16,Parkinsons,RPDE,False,8,24,0.2601513922888541,Five-number,10
Parkinsons__16,Parkinsons,RPDE,False,8,24,0.29630709556359386,Five-number,10
Parkinsons__16,Parkinsons,RPDE,False,8,24,0.33748769940792006,Five-number,10
Parkinsons__16,Parkinsons,RPDE,False,8,24,0.38439156185244217,Five-number,10
Parkinsons__16,Parkinsons,RPDE,False,8,24,0.4378140983584905,Five-number,10
Parkinsons__16,Parkinsons,RPDE,False,8,24,0.4986612708086434,Five-number,10
Parkinsons__16,Parkinsons,RPDE,False,8,24,0.5679649511900395,Five-number,10
Parkinsons__16,Parkinsons,RPDE,False,8,24,0.6469004205142944,Five-number,10
Parkinsons__16,Parkinsons,RPDE,False,8,24,0.7368062997280774,Five-number,10
Parkinsons__16,Parkinsons,RPDE,False,8,24,0.8392072506111242,Means,2
Parkinsons__16,Parkinsons,RPDE,False,8,24,0.9558398316330861,Means,2
Parkinsons__16,Parkinsons,RPDE,False,8,24,1.0886819472437184,Means,2
Parkinsons__16,Parkinsons,RPDE,False,8,24,1.2399863900098937,Means,2
Parkinsons__16,Parkinsons,RPDE,False,8,24,1.4123190444211153,Means,2
Parkinsons__16,Parkinsons,RPDE,False,8,24,1.6086024002397787,Means,2
Parkinsons__16,Parkinsons,RPDE,False,8,24,1.8321651133138896,Means,2
Parkinsons__16,Parkinsons,RPDE,False,8,24,2.0867984543253986,Means,2
Parkinsons__16,Parkinsons,RPDE,False,8,24,2.376820602755804,Means,2
Parkinsons__16,Parkinsons,RPDE,False,8,24,2.7071498763931694,Means,2
Parkinsons__16,Parkinsons,RPDE,False,8,24,3.083388138237417,Means,2
Parkinsons__16,Parkinsons,RPDE,False,8,24,3.511915795253308,Means,2
Parkinsons__16,Parkinsons,RPDE,False,8,24,4.0,Means,2
Parkinsons__17,Parkinsons,DFA,False,8,24,0.025,Observations,32
Parkinsons__17,Parkinsons,DFA,False,8,24,0.02847448681291267,Observations,32
Parkinsons__17,Parkinsons,DFA,False,8,24,0.032431855970349484,Observations,32
Parkinsons__17,Parkinsons,DFA,False,8,24,0.03693921820583997,Observations,32
Parkinsons__17,Parkinsons,DFA,False,8,24,0.04207301126725973,Observations,32
Parkinsons__17,Parkinsons,DFA,False,8,24,0.04792029618036453,Observations,32
Parkinsons__17,Parkinsons,DFA,False,8,24,0.05458023366634633,Observations,32
Parkinsons__17,Parkinsons,DFA,False,8,24,0.06216576575112282,Observations,32
Parkinsons__17,Parkinsons,DFA,False,8,24,0.07080553108379858,Observations,32
Parkinsons__17,Parkinsons,DFA,False,8,24,0.08064604644507599,Observations,32
Parkinsons__17,Parkinsons,DFA,False,8,24,0.0918541914405543,Observations,32
Parkinsons__17,Parkinsons,DFA,False,8,24,0.10462003851539275,Observations,32
Parkinsons__17,Parkinsons,DFA,False,8,24,0.11916007628291865,Observations,32
Parkinsons__17,Parkinsons,DFA,False,8,24,0.13572088082974534,Observations,32
Parkinsons__17,Parkinsons,DFA,False,8,24,0.15458329725693898,Observations,32
Parkinsons__17,Parkinsons,DFA,False,8,24,0.17606720236957066,Observations,32
Parkinsons__17,Parkinsons,DFA,False,8,24,0.20053692928235056,Observations,32
Parkinsons__17,Parkinsons,DFA,False,8,24,0.2284074459340916,Observations,32
Parkinsons__17,Parkinsons,DFA,False,8,24,0.2601513922888541,Observations,32
Parkinsons__17,Parkinsons,DFA,False,8,24,0.29630709556359386,Observations,32
Parkinsons__17,Parkinsons,DFA,False,8,24,0.33748769940792006,Observations,32
Parkinsons__17,Parkinsons,DFA,False,8,24,0.38439156185244217,Binned,18
Parkinsons__17,Parkinsons,DFA,False,8,24,0.4378140983584905,Five-number,10
Parkinsons__17,Parkinsons,DFA,False,8,24,0.4986612708086434,Five-number,10
Parkinsons__17,Parkinsons,DFA,False,8,24,0.5679649511900395,Means,2
Parkinsons__17,Parkinsons,DFA,False,8,24,0.6469004205142944,Means,2
Parkinsons__17,Parkinsons,DFA,False,8,24,0.7368062997280774,Means,2
Parkinsons__17,Parkinsons,DFA,False,8,24,0.8392072506111242,Means,2
Parkinsons__17,Parkinsons,DFA,False,8,24,0.9558398316330861,Means,2
Parkinsons__17,Parkinsons,DFA,False,8,24,1.0886819472437184,Means,2
Parkinsons__17,Parkinsons,DFA,False,8,24,1.2399863900098937,Means,2
Parkinsons__17,Parkinsons,DFA,False,8,24,1.4123190444211153,Means,2
Parkinsons__17,Parkinsons,DFA,False,8,24,1.6086024002397787,Means,2
Parkinsons__17,Parkinsons,DFA,False,8,24,1.8321651133138896,Means,2
Parkinsons__17,Parkinsons,DFA,False,8,24,2.0867984543253986,Means,2
Parkinsons__17,Parkinsons,DFA,False,8,24,2.376820602755804,Means,2
Parkinsons__17,Parkinsons,DFA,False,8,24,2.7071498763931694,Means,2
Parkinsons__17,Parkinsons,DFA,False,8,24,3.083388138237417,Means,2
Parkinsons__17,Parkinsons,DFA,False,8,24,3.511915795253308,Means,2
Parkinsons__17,Parkinsons,DFA,False,8,24,4.0,Means,2
Parkinsons__18,Parkinsons,spread1,False,8,24,0.025,Observations,32
Parkinsons__18,Parkinsons,spread1,False,8,24,0.02847448681291267,Observations,32
Parkinsons__18,Parkinsons,spread1,False,8,24,0.032431855970349484,Observations,32
Parkinsons__18,Parkinsons,spread1,False,8,24,0.03693921820583997,Observations,32
Parkinsons__18,Parkinsons,spread1,False,8,24,0.04207301126725973,Observations,32
Parkinsons__18,Parkinsons,spread1,False,8,24,0.04792029618036453,Observations,32
Parkinsons__18,Parkinsons,spread1,False,8,24,0.05458023366634633,Observations,32
Parkinsons__18,Parkinsons,spread1,False,8,24,0.06216576575112282,Observations,32
Parkinsons__18,Parkinsons,spread1,False,8,24,0.07080553108379858,Observations,32
Parkinsons__18,Parkinsons,spread1,False,8,24,0.08064604644507599,Observations,32
Parkinsons__18,Parkinsons,spread1,False,8,24,0.0918541914405543,Observations,32
Parkinsons__18,Parkinsons,spread1,False,8,24,0.10462003851539275,Observations,32
Parkinsons__18,Parkinsons,spread1,False,8,24,0.11916007628291865,Observations,32
Parkinsons__18,Parkinsons,spread1,False,8,24,0.13572088082974534,Observations,32
Parkinsons__18,Parkinsons,spread1,False,8,24,0.15458329725693898,Observations,32
Parkinsons__18,Parkinsons,spread1,False,8,24,0.17606720236957066,Observations,32
Parkinsons__18,Parkinsons,spread1,False,8,24,0.20053692928235056,Observations,32
Parkinsons__18,Parkinsons,spread1,False,8,24,0.2284074459340916,Observations,32
Parkinsons__18,Parkinsons,spread1,False,8,24,0.2601513922888541,Observations,32
Parkinsons__18,Parkinsons,spread1,False,8,24,0.29630709556359386,Observations,32
Parkinsons__18,Parkinsons,spread1,False,8,24,0.33748769940792006,Observations,32
Parkinsons__18,Parkinsons,spread1,False,8,24,0.38439156185244217,Density,18
Parkinsons__18,Parkinsons,spread1,False,8,24,0.4378140983584905,Density,18
Parkinsons__18,Parkinsons,spread1,False,8,24,0.4986612708086434,Density,18
Parkinsons__18,Parkinsons,spread1,False,8,24,0.5679649511900395,Density,18
Parkinsons__18,Parkinsons,spread1,False,8,24,0.6469004205142944,Binned,10
Parkinsons__18,Parkinsons,spread1,False,8,24,0.7368062997280774,Binned,10
Parkinsons__18,Parkinsons,spread1,False,8,24,0.8392072506111242,Means,2
Parkinsons__18,Parkinsons,spread1,False,8,24,0.9558398316330861,Means,2
Parkinsons__18,Parkinsons,spread1,False,8,24,1.0886819472437184,Means,2
Parkinsons__18,Parkinsons,spread1,False,8,24,1.2399863900098937,Means,2
Parkinsons__18,Parkinsons,spread1,False,8,24,1.4123190444211153,Means,2
Parkinsons__18,Parkinsons,spread1,False,8,24,1.6086024002397787,Means,2
Parkinsons__18,Parkinsons,spread1,False,8,24,1.8321651133138896,Means,2
Parkinsons__18,Parkinsons,spread1,False,8,24,2.0867984543253986,Means,2
Parkinsons__18,Parkinsons,spread1,False,8,24,2.376820602755804,Means,2
Parkinsons__18,Parkinsons,spread1,False,8,24,2.7071498763931694,Means,2
Parkinsons__18,Parkinsons,spread1,False,8,24,3.083388138237417,Means,2
Parkinsons__18,Parkinsons,spread1,False,8,24,3.511915795253308,Means,2
Parkinsons__18,Parkinsons,spread1,False,8,24,4.0,Means,2
Parkinsons__19,Parkinsons,spread2,False,8,24,0.025,Observations,32
Parkinsons__19,Parkinsons,spread2,False,8,24,0.02847448681291267,Observations,32
Parkinsons__19,Parkinsons,spread2,False,8,24,0.032431855970349484,Observations,32
Parkinsons__19,Parkinsons,spread2,False,8,24,0.03693921820583997,Observations,32
Parkinsons__19,Parkinsons,spread2,False,8,24,0.04207301126725973,Observations,32
Parkinsons__19,Parkinsons,spread2,False,8,24,0.04792029618036453,Observations,32
Parkinsons__19,Parkinsons,spread2,False,8,24,0.05458023366634633,Observations,32
Parkinsons__19,Parkinsons,spread2,False,8,24,0.06216576575112282,Observations,32
Parkinsons__19,Parkinsons,spread2,False,8,24,0.07080553108379858,Observations,32
Parkinsons__19,Parkinsons,spread2,False,8,24,0.08064604644507599,Observations,32
Parkinsons__19,Parkinsons,spread2,False,8,24,0.0918541914405543,Observations,32
Parkinsons__19,Parkinsons,spread2,False,8,24,0.10462003851539275,Observations,32
Parkinsons__19,Parkinsons,spread2,False,8,24,0.11916007628291865,Observations,32
Parkinsons__19,Parkinsons,spread2,False,8,24,0.13572088082974534,Observations,32
Parkinsons__19,Parkinsons,spread2,False,8,24,0.15458329725693898,Observations,32
Parkinsons__19,Parkinsons,spread2,False,8,24,0.17606720236957066,Observations,32
Parkinsons__19,Parkinsons,spread2,False,8,24,0.20053692928235056,Observations,32
Parkinsons__19,Parkinsons,spread2,False,8,24,0.2284074459340916,Observations,32
Parkinsons__19,Parkinsons,spread2,False,8,24,0.2601513922888541,Observations,32
Parkinsons__19,Parkinsons,spread2,False,8,24,0.29630709556359386,Observations,32
Parkinsons__19,Parkinsons,spread2,False,8,24,0.33748769940792006,Observations,32
Parkinsons__19,Parkinsons,spread2,False,8,24,0.38439156185244217,Observations,32
Parkinsons__19,Parkinsons,spread2,False,8,24,0.4378140983584905,Five-number,10
Parkinsons__19,Parkinsons,spread2,False,8,24,0.4986612708086434,Five-number,10
Parkinsons__19,Parkinsons,spread2,False,8,24,0.5679649511900395,Five-number,10
Parkinsons__19,Parkinsons,spread2,False,8,24,0.6469004205142944,Means,2
Parkinsons__19,Parkinsons,spread2,False,8,24,0.7368062997280774,Means,2
Parkinsons__19,Parkinsons,spread2,False,8,24,0.8392072506111242,Means,2
Parkinsons__19,Parkinsons,spread2,False,8,24,0.9558398316330861,Means,2
Parkinsons__19,Parkinsons,spread2,False,8,24,1.0886819472437184,Means,2
Parkinsons__19,Parkinsons,spread2,False,8,24,1.2399863900098937,Means,2
Parkinsons__19,Parkinsons,spread2,False,8,24,1.4123190444211153,Means,2
Parkinsons__19,Parkinsons,spread2,False,8,24,1.6086024002397787,Means,2
Parkinsons__19,Parkinsons,spread2,False,8,24,1.8321651133138896,Means,2
Parkinsons__19,Parkinsons,spread2,False,8,24,2.0867984543253986,Means,2
Parkinsons__19,Parkinsons,spread2,False,8,24,2.376820602755804,Means,2
Parkinsons__19,Parkinsons,spread2,False,8,24,2.7071498763931694,Means,2
Parkinsons__19,Parkinsons,spread2,False,8,24,3.083388138237417,Means,2
Parkinsons__19,Parkinsons,spread2,False,8,24,3.511915795253308,Means,2
Parkinsons__19,Parkinsons,spread2,False,8,24,4.0,Means,2
Parkinsons__20,Parkinsons,D2,False,8,24,0.025,Observations,32
Parkinsons__20,Parkinsons,D2,False,8,24,0.02847448681291267,Observations,32
Parkinsons__20,Parkinsons,D2,False,8,24,0.032431855970349484,Observations,32
Parkinsons__20,Parkinsons,D2,False,8,24,0.03693921820583997,Observations,32
Parkinsons__20,Parkinsons,D2,False,8,24,0.04207301126725973,Observations,32
Parkinsons__20,Parkinsons,D2,False,8,24,0.04792029618036453,Observations,32
Parkinsons__20,Parkinsons,D2,False,8,24,0.05458023366634633,Observations,32
Parkinsons__20,Parkinsons,D2,False,8,24,0.06216576575112282,Observations,32
Parkinsons__20,Parkinsons,D2,False,8,24,0.07080553108379858,Observations,32
Parkinsons__20,Parkinsons,D2,False,8,24,0.08064604644507599,Observations,32
Parkinsons__20,Parkinsons,D2,False,8,24,0.0918541914405543,Observations,32
Parkinsons__20,Parkinsons,D2,False,8,24,0.10462003851539275,Observations,32
Parkinsons__20,Parkinsons,D2,False,8,24,0.11916007628291865,Observations,32
Parkinsons__20,Parkinsons,D2,False,8,24,0.13572088082974534,Observations,32
Parkinsons__20,Parkinsons,D2,False,8,24,0.15458329725693898,Observations,32
Parkinsons__20,Parkinsons,D2,False,8,24,0.17606720236957066,Observations,32
Parkinsons__20,Parkinsons,D2,False,8,24,0.20053692928235056,Observations,32
Parkinsons__20,Parkinsons,D2,False,8,24,0.2284074459340916,Observations,32
Parkinsons__20,Parkinsons,D2,False,8,24,0.2601513922888541,Observations,32
Parkinsons__20,Parkinsons,D2,False,8,24,0.29630709556359386,Observations,32
Parkinsons__20,Parkinsons,D2,False,8,24,0.33748769940792006,Observations,32
Parkinsons__20,Parkinsons,D2,False,8,24,0.38439156185244217,Observations,32
Parkinsons__20,Parkinsons,D2,False,8,24,0.4378140983584905,Observations,32
Parkinsons__20,Parkinsons,D2,False,8,24,0.4986612708086434,Five-number,10
Parkinsons__20,Parkinsons,D2,False,8,24,0.5679649511900395,Five-number,10
Parkinsons__20,Parkinsons,D2,False,8,24,0.6469004205142944,Five-number,10
Parkinsons__20,Parkinsons,D2,False,8,24,0.7368062997280774,Five-number,10
Parkinsons__20,Parkinsons,D2,False,8,24,0.8392072506111242,Means,2
Parkinsons__20,Parkinsons,D2,False,8,24,0.9558398316330861,Means,2
Parkinsons__20,Parkinsons,D2,False,8,24,1.0886819472437184,Means,2
Parkinsons__20,Parkinsons,D2,False,8,24,1.2399863900098937,Means,2
Parkinsons__20,Parkinsons,D2,False,8,24,1.4123190444211153,Means,2
Parkinsons__20,Parkinsons,D2,False,8,24,1.6086024002397787,Means,2
Parkinsons__20,Parkinsons,D2,False,8,24,1.8321651133138896,Means,2
Parkinsons__20,Parkinsons,D2,False,8,24,2.0867984543253986,Means,2
Parkinsons__20,Parkinsons,D2,False,8,24,2.376820602755804,Means,2
Parkinsons__20,Parkinsons,D2,False,8,24,2.7071498763931694,Means,2
Parkinsons__20,Parkinsons,D2,False,8,24,3.083388138237417,Means,2
Parkinsons__20,Parkinsons,D2,False,8,24,3.511915795253308,Means,2
Parkinsons__20,Parkinsons,D2,False,8,24,4.0,Means,2
Parkinsons__21,Parkinsons,PPE,False,8,24,0.025,Observations,32
Parkinsons__21,Parkinsons,PPE,False,8,24,0.02847448681291267,Observations,32
Parkinsons__21,Parkinsons,PPE,False,8,24,0.032431855970349484,Observations,32
Parkinsons__21,Parkinsons,PPE,False,8,24,0.03693921820583997,Observations,32
Parkinsons__21,Parkinsons,PPE,False,8,24,0.04207301126725973,Observations,32
Parkinsons__21,Parkinsons,PPE,False,8,24,0.04792029618036453,Observations,32
Parkinsons__21,Parkinsons,PPE,False,8,24,0.05458023366634633,Observations,32
Parkinsons__21,Parkinsons,PPE,False,8,24,0.06216576575112282,Observations,32
Parkinsons__21,Parkinsons,PPE,False,8,24,0.07080553108379858,Observations,32
Parkinsons__21,Parkinsons,PPE,False,8,24,0.08064604644507599,Observations,32
Parkinsons__21,Parkinsons,PPE,False,8,24,0.0918541914405543,Observations,32
Parkinsons__21,Parkinsons,PPE,False,8,24,0.10462003851539275,Observations,32
Parkinsons__21,Parkinsons,PPE,False,8,24,0.11916007628291865,Observations,32
Parkinsons__21,Parkinsons,PPE,False,8,24,0.13572088082974534,Observations,32
Parkinsons__21,Parkinsons,PPE,False,8,24,0.15458329725693898,Observations,32
Parkinsons__21,Parkinsons,PPE,False,8,24,0.17606720236957066,Observations,32
Parkinsons__21,Parkinsons,PPE,False,8,24,0.20053692928235056,Observations,32
Parkinsons__21,Parkinsons,PPE,False,8,24,0.2284074459340916,Observations,32
Parkinsons__21,Parkinsons,PPE,False,8,24,0.2601513922888541,Observations,32
Parkinsons__21,Parkinsons,PPE,False,8,24,0.29630709556359386,Observations,32
Parkinsons__21,Parkinsons,PPE,False,8,24,0.33748769940792006,Observations,32
Parkinsons__21,Parkinsons,PPE,False,8,24,0.38439156185244217,Five-number,10
Parkinsons__21,Parkinsons,PPE,False,8,24,0.4378140983584905,Five-number,10
Parkinsons__21,Parkinsons,PPE,False,8,24,0.4986612708086434,Five-number,10
Parkinsons__21,Parkinsons,PPE,False,8,24,0.5679649511900395,Five-number,10
Parkinsons__21,Parkinsons,PPE,False,8,24,0.6469004205142944,Five-number,10
Parkinsons__21,Parkinsons,PPE,False,8,24,0.7368062997280774,Five-number,10
Parkinsons__21,Parkinsons,PPE,False,8,24,0.8392072506111242,Five-number,10
Parkinsons__21,Parkinsons,PPE,False,8,24,0.9558398316330861,Five-number,10
Parkinsons__21,Parkinsons,PPE,False,8,24,1.0886819472437184,Five-number,10
Parkinsons__21,Parkinsons,PPE,False,8,24,1.2399863900098937,Means,2
Parkinsons__21,Parkinsons,PPE,False,8,24,1.4123190444211153,Means,2
Parkinsons__21,Parkinsons,PPE,False,8,24,1.6086024002397787,Means,2
Parkinsons__21,Parkinsons,PPE,False,8,24,1.8321651133138896,Means,2
Parkinsons__21,Parkinsons,PPE,False,8,24,2.0867984543253986,Means,2
Parkinsons__21,Parkinsons,PPE,False,8,24,2.376820602755804,Means,2
Parkinsons__21,Parkinsons,PPE,False,8,24,2.7071498763931694,Means,2
Parkinsons__21,Parkinsons,PPE,False,8,24,3.083388138237417,Means,2
Parkinsons__21,Parkinsons,PPE,False,8,24,3.511915795253308,Means,2
Parkinsons__21,Parkinsons,PPE,False,8,24,4.0,Means,2
Retinopathy__00,Retinopathy,feature_2,True,540,611,0.025,Observations,1151
Retinopathy__00,Retinopathy,feature_2,True,540,611,0.02847448681291267,Observations,1151
Retinopathy__00,Retinopathy,feature_2,True,540,611,0.032431855970349484,Observations,1151
Retinopathy__00,Retinopathy,feature_2,True,540,611,0.03693921820583997,Observations,1151
Retinopathy__00,Retinopathy,feature_2,True,540,611,0.04207301126725973,Observations,1151
Retinopathy__00,Retinopathy,feature_2,True,540,611,0.04792029618036453,Observations,1151
Retinopathy__00,Retinopathy,feature_2,True,540,611,0.05458023366634633,Observations,1151
Retinopathy__00,Retinopathy,feature_2,True,540,611,0.06216576575112282,Observations,1151
Retinopathy__00,Retinopathy,feature_2,True,540,611,0.07080553108379858,Observations,1151
Retinopathy__00,Retinopathy,feature_2,True,540,611,0.08064604644507599,Binned,130
Retinopathy__00,Retinopathy,feature_2,True,540,611,0.0918541914405543,Binned,130
Retinopathy__00,Retinopathy,feature_2,True,540,611,0.10462003851539275,Binned,130
Retinopathy__00,Retinopathy,feature_2,True,540,611,0.11916007628291865,Binned,66
Retinopathy__00,Retinopathy,feature_2,True,540,611,0.13572088082974534,Binned,34
Retinopathy__00,Retinopathy,feature_2,True,540,611,0.15458329725693898,Binned,34
Retinopathy__00,Retinopathy,feature_2,True,540,611,0.17606720236957066,Binned,18
Retinopathy__00,Retinopathy,feature_2,True,540,611,0.20053692928235056,Binned,18
Retinopathy__00,Retinopathy,feature_2,True,540,611,0.2284074459340916,Binned,18
Retinopathy__00,Retinopathy,feature_2,True,540,611,0.2601513922888541,Binned,18
Retinopathy__00,Retinopathy,feature_2,True,540,611,0.29630709556359386,Binned,18
Retinopathy__00,Retinopathy,feature_2,True,540,611,0.33748769940792006,Binned,18
Retinopathy__00,Retinopathy,feature_2,True,540,611,0.38439156185244217,Binned,10
Retinopathy__00,Retinopathy,feature_2,True,540,611,0.4378140983584905,Binned,10
Retinopathy__00,Retinopathy,feature_2,True,540,611,0.4986612708086434,Binned,10
Retinopathy__00,Retinopathy,feature_2,True,540,611,0.5679649511900395,Means,2
Retinopathy__00,Retinopathy,feature_2,True,540,611,0.6469004205142944,Means,2
Retinopathy__00,Retinopathy,feature_2,True,540,611,0.7368062997280774,Means,2
Retinopathy__00,Retinopathy,feature_2,True,540,611,0.8392072506111242,Means,2
Retinopathy__00,Retinopathy,feature_2,True,540,611,0.9558398316330861,Means,2
Retinopathy__00,Retinopathy,feature_2,True,540,611,1.0886819472437184,Means,2
Retinopathy__00,Retinopathy,feature_2,True,540,611,1.2399863900098937,Means,2
Retinopathy__00,Retinopathy,feature_2,True,540,611,1.4123190444211153,Means,2
Retinopathy__00,Retinopathy,feature_2,True,540,611,1.6086024002397787,Means,2
Retinopathy__00,Retinopathy,feature_2,True,540,611,1.8321651133138896,Means,2
Retinopathy__00,Retinopathy,feature_2,True,540,611,2.0867984543253986,Means,2
Retinopathy__00,Retinopathy,feature_2,True,540,611,2.376820602755804,Means,2
Retinopathy__00,Retinopathy,feature_2,True,540,611,2.7071498763931694,Means,2
Retinopathy__00,Retinopathy,feature_2,True,540,611,3.083388138237417,Means,2
Retinopathy__00,Retinopathy,feature_2,True,540,611,3.511915795253308,Means,2
Retinopathy__00,Retinopathy,feature_2,True,540,611,4.0,Means,2
Retinopathy__01,Retinopathy,feature_3,True,540,611,0.025,Observations,1151
Retinopathy__01,Retinopathy,feature_3,True,540,611,0.02847448681291267,Observations,1151
Retinopathy__01,Retinopathy,feature_3,True,540,611,0.032431855970349484,Observations,1151
Retinopathy__01,Retinopathy,feature_3,True,540,611,0.03693921820583997,Observations,1151
Retinopathy__01,Retinopathy,feature_3,True,540,611,0.04207301126725973,Observations,1151
Retinopathy__01,Retinopathy,feature_3,True,540,611,0.04792029618036453,Observations,1151
Retinopathy__01,Retinopathy,feature_3,True,540,611,0.05458023366634633,Observations,1151
Retinopathy__01,Retinopathy,feature_3,True,540,611,0.06216576575112282,Observations,1151
Retinopathy__01,Retinopathy,feature_3,True,540,611,0.07080553108379858,Binned,130
Retinopathy__01,Retinopathy,feature_3,True,540,611,0.08064604644507599,Binned,66
Retinopathy__01,Retinopathy,feature_3,True,540,611,0.0918541914405543,Binned,66
Retinopathy__01,Retinopathy,feature_3,True,540,611,0.10462003851539275,Binned,34
Retinopathy__01,Retinopathy,feature_3,True,540,611,0.11916007628291865,Binned,34
Retinopathy__01,Retinopathy,feature_3,True,540,611,0.13572088082974534,Binned,34
Retinopathy__01,Retinopathy,feature_3,True,540,611,0.15458329725693898,Binned,34
Retinopathy__01,Retinopathy,feature_3,True,540,611,0.17606720236957066,Binned,34
Retinopathy__01,Retinopathy,feature_3,True,540,611,0.20053692928235056,Binned,18
Retinopathy__01,Retinopathy,feature_3,True,540,611,0.2284074459340916,Binned,18
Retinopathy__01,Retinopathy,feature_3,True,540,611,0.2601513922888541,Binned,18
Retinopathy__01,Retinopathy,feature_3,True,540,611,0.29630709556359386,Binned,10
Retinopathy__01,Retinopathy,feature_3,True,540,611,0.33748769940792006,Binned,10
Retinopathy__01,Retinopathy,feature_3,True,540,611,0.38439156185244217,Binned,10
Retinopathy__01,Retinopathy,feature_3,True,540,611,0.4378140983584905,Means,2
Retinopathy__01,Retinopathy,feature_3,True,540,611,0.4986612708086434,Means,2
Retinopathy__01,Retinopathy,feature_3,True,540,611,0.5679649511900395,Means,2
Retinopathy__01,Retinopathy,feature_3,True,540,611,0.6469004205142944,Means,2
Retinopathy__01,Retinopathy,feature_3,True,540,611,0.7368062997280774,Means,2
Retinopathy__01,Retinopathy,feature_3,True,540,611,0.8392072506111242,Means,2
Retinopathy__01,Retinopathy,feature_3,True,540,611,0.9558398316330861,Means,2
Retinopathy__01,Retinopathy,feature_3,True,540,611,1.0886819472437184,Means,2
Retinopathy__01,Retinopathy,feature_3,True,540,611,1.2399863900098937,Means,2
Retinopathy__01,Retinopathy,feature_3,True,540,611,1.4123190444211153,Means,2
Retinopathy__01,Retinopathy,feature_3,True,540,611,1.6086024002397787,Means,2
Retinopathy__01,Retinopathy,feature_3,True,540,611,1.8321651133138896,Means,2
Retinopathy__01,Retinopathy,feature_3,True,540,611,2.0867984543253986,Means,2
Retinopathy__01,Retinopathy,feature_3,True,540,611,2.376820602755804,Means,2
Retinopathy__01,Retinopathy,feature_3,True,540,611,2.7071498763931694,Means,2
Retinopathy__01,Retinopathy,feature_3,True,540,611,3.083388138237417,Means,2
Retinopathy__01,Retinopathy,feature_3,True,540,611,3.511915795253308,Means,2
Retinopathy__01,Retinopathy,feature_3,True,540,611,4.0,Means,2
Retinopathy__02,Retinopathy,feature_4,True,540,611,0.025,Observations,1151
Retinopathy__02,Retinopathy,feature_4,True,540,611,0.02847448681291267,Observations,1151
Retinopathy__02,Retinopathy,feature_4,True,540,611,0.032431855970349484,Observations,1151
Retinopathy__02,Retinopathy,feature_4,True,540,611,0.03693921820583997,Observations,1151
Retinopathy__02,Retinopathy,feature_4,True,540,611,0.04207301126725973,Observations,1151
Retinopathy__02,Retinopathy,feature_4,True,540,611,0.04792029618036453,Observations,1151
Retinopathy__02,Retinopathy,feature_4,True,540,611,0.05458023366634633,Observations,1151
Retinopathy__02,Retinopathy,feature_4,True,540,611,0.06216576575112282,Observations,1151
Retinopathy__02,Retinopathy,feature_4,True,540,611,0.07080553108379858,Observations,1151
Retinopathy__02,Retinopathy,feature_4,True,540,611,0.08064604644507599,Binned,130
Retinopathy__02,Retinopathy,feature_4,True,540,611,0.0918541914405543,Binned,66
Retinopathy__02,Retinopathy,feature_4,True,540,611,0.10462003851539275,Binned,66
Retinopathy__02,Retinopathy,feature_4,True,540,611,0.11916007628291865,Binned,34
Retinopathy__02,Retinopathy,feature_4,True,540,611,0.13572088082974534,Binned,34
Retinopathy__02,Retinopathy,feature_4,True,540,611,0.15458329725693898,Binned,34
Retinopathy__02,Retinopathy,feature_4,True,540,611,0.17606720236957066,Binned,18
Retinopathy__02,Retinopathy,feature_4,True,540,611,0.20053692928235056,Binned,18
Retinopathy__02,Retinopathy,feature_4,True,540,611,0.2284074459340916,Binned,18
Retinopathy__02,Retinopathy,feature_4,True,540,611,0.2601513922888541,Binned,18
Retinopathy__02,Retinopathy,feature_4,True,540,611,0.29630709556359386,Binned,10
Retinopathy__02,Retinopathy,feature_4,True,540,611,0.33748769940792006,Binned,10
Retinopathy__02,Retinopathy,feature_4,True,540,611,0.38439156185244217,Means,2
Retinopathy__02,Retinopathy,feature_4,True,540,611,0.4378140983584905,Means,2
Retinopathy__02,Retinopathy,feature_4,True,540,611,0.4986612708086434,Means,2
Retinopathy__02,Retinopathy,feature_4,True,540,611,0.5679649511900395,Means,2
Retinopathy__02,Retinopathy,feature_4,True,540,611,0.6469004205142944,Means,2
Retinopathy__02,Retinopathy,feature_4,True,540,611,0.7368062997280774,Means,2
Retinopathy__02,Retinopathy,feature_4,True,540,611,0.8392072506111242,Means,2
Retinopathy__02,Retinopathy,feature_4,True,540,611,0.9558398316330861,Means,2
Retinopathy__02,Retinopathy,feature_4,True,540,611,1.0886819472437184,Means,2
Retinopathy__02,Retinopathy,feature_4,True,540,611,1.2399863900098937,Means,2
Retinopathy__02,Retinopathy,feature_4,True,540,611,1.4123190444211153,Means,2
Retinopathy__02,Retinopathy,feature_4,True,540,611,1.6086024002397787,Means,2
Retinopathy__02,Retinopathy,feature_4,True,540,611,1.8321651133138896,Means,2
Retinopathy__02,Retinopathy,feature_4,True,540,611,2.0867984543253986,Means,2
Retinopathy__02,Retinopathy,feature_4,True,540,611,2.376820602755804,Means,2
Retinopathy__02,Retinopathy,feature_4,True,540,611,2.7071498763931694,Means,2
Retinopathy__02,Retinopathy,feature_4,True,540,611,3.083388138237417,Means,2
Retinopathy__02,Retinopathy,feature_4,True,540,611,3.511915795253308,Means,2
Retinopathy__02,Retinopathy,feature_4,True,540,611,4.0,Means,2
Retinopathy__03,Retinopathy,feature_5,True,540,611,0.025,Observations,1151
Retinopathy__03,Retinopathy,feature_5,True,540,611,0.02847448681291267,Observations,1151
Retinopathy__03,Retinopathy,feature_5,True,540,611,0.032431855970349484,Observations,1151
Retinopathy__03,Retinopathy,feature_5,True,540,611,0.03693921820583997,Observations,1151
Retinopathy__03,Retinopathy,feature_5,True,540,611,0.04207301126725973,Observations,1151
Retinopathy__03,Retinopathy,feature_5,True,540,611,0.04792029618036453,Observations,1151
Retinopathy__03,Retinopathy,feature_5,True,540,611,0.05458023366634633,Observations,1151
Retinopathy__03,Retinopathy,feature_5,True,540,611,0.06216576575112282,Observations,1151
Retinopathy__03,Retinopathy,feature_5,True,540,611,0.07080553108379858,Observations,1151
Retinopathy__03,Retinopathy,feature_5,True,540,611,0.08064604644507599,Binned,130
Retinopathy__03,Retinopathy,feature_5,True,540,611,0.0918541914405543,Binned,66
Retinopathy__03,Retinopathy,feature_5,True,540,611,0.10462003851539275,Binned,34
Retinopathy__03,Retinopathy,feature_5,True,540,611,0.11916007628291865,Binned,34
Retinopathy__03,Retinopathy,feature_5,True,540,611,0.13572088082974534,Binned,34
Retinopathy__03,Retinopathy,feature_5,True,540,611,0.15458329725693898,Binned,18
Retinopathy__03,Retinopathy,feature_5,True,540,611,0.17606720236957066,Binned,18
Retinopathy__03,Retinopathy,feature_5,True,540,611,0.20053692928235056,Five-number,10
Retinopathy__03,Retinopathy,feature_5,True,540,611,0.2284074459340916,Five-number,10
Retinopathy__03,Retinopathy,feature_5,True,540,611,0.2601513922888541,Five-number,10
Retinopathy__03,Retinopathy,feature_5,True,540,611,0.29630709556359386,Five-number,10
Retinopathy__03,Retinopathy,feature_5,True,540,611,0.33748769940792006,Means,2
Retinopathy__03,Retinopathy,feature_5,True,540,611,0.38439156185244217,Means,2
Retinopathy__03,Retinopathy,feature_5,True,540,611,0.4378140983584905,Means,2
Retinopathy__03,Retinopathy,feature_5,True,540,611,0.4986612708086434,Means,2
Retinopathy__03,Retinopathy,feature_5,True,540,611,0.5679649511900395,Means,2
Retinopathy__03,Retinopathy,feature_5,True,540,611,0.6469004205142944,Means,2
Retinopathy__03,Retinopathy,feature_5,True,540,611,0.7368062997280774,Means,2
Retinopathy__03,Retinopathy,feature_5,True,540,611,0.8392072506111242,Means,2
Retinopathy__03,Retinopathy,feature_5,True,540,611,0.9558398316330861,Means,2
Retinopathy__03,Retinopathy,feature_5,True,540,611,1.0886819472437184,Means,2
Retinopathy__03,Retinopathy,feature_5,True,540,611,1.2399863900098937,Means,2
Retinopathy__03,Retinopathy,feature_5,True,540,611,1.4123190444211153,Means,2
Retinopathy__03,Retinopathy,feature_5,True,540,611,1.6086024002397787,Means,2
Retinopathy__03,Retinopathy,feature_5,True,540,611,1.8321651133138896,Means,2
Retinopathy__03,Retinopathy,feature_5,True,540,611,2.0867984543253986,Means,2
Retinopathy__03,Retinopathy,feature_5,True,540,611,2.376820602755804,Means,2
Retinopathy__03,Retinopathy,feature_5,True,540,611,2.7071498763931694,Means,2
Retinopathy__03,Retinopathy,feature_5,True,540,611,3.083388138237417,Means,2
Retinopathy__03,Retinopathy,feature_5,True,540,611,3.511915795253308,Means,2
Retinopathy__03,Retinopathy,feature_5,True,540,611,4.0,Means,2
Retinopathy__04,Retinopathy,feature_6,True,540,611,0.025,Observations,1151
Retinopathy__04,Retinopathy,feature_6,True,540,611,0.02847448681291267,Observations,1151
Retinopathy__04,Retinopathy,feature_6,True,540,611,0.032431855970349484,Observations,1151
Retinopathy__04,Retinopathy,feature_6,True,540,611,0.03693921820583997,Observations,1151
Retinopathy__04,Retinopathy,feature_6,True,540,611,0.04207301126725973,Observations,1151
Retinopathy__04,Retinopathy,feature_6,True,540,611,0.04792029618036453,Observations,1151
Retinopathy__04,Retinopathy,feature_6,True,540,611,0.05458023366634633,Observations,1151
Retinopathy__04,Retinopathy,feature_6,True,540,611,0.06216576575112282,Observations,1151
Retinopathy__04,Retinopathy,feature_6,True,540,611,0.07080553108379858,Observations,1151
Retinopathy__04,Retinopathy,feature_6,True,540,611,0.08064604644507599,Observations,1151
Retinopathy__04,Retinopathy,feature_6,True,540,611,0.0918541914405543,Binned,34
Retinopathy__04,Retinopathy,feature_6,True,540,611,0.10462003851539275,Binned,34
Retinopathy__04,Retinopathy,feature_6,True,540,611,0.11916007628291865,Binned,34
Retinopathy__04,Retinopathy,feature_6,True,540,611,0.13572088082974534,Binned,34
Retinopathy__04,Retinopathy,feature_6,True,540,611,0.15458329725693898,Binned,18
Retinopathy__04,Retinopathy,feature_6,True,540,611,0.17606720236957066,Binned,18
Retinopathy__04,Retinopathy,feature_6,True,540,611,0.20053692928235056,Five-number,10
Retinopathy__04,Retinopathy,feature_6,True,540,611,0.2284074459340916,Five-number,10
Retinopathy__04,Retinopathy,feature_6,True,540,611,0.2601513922888541,Means,2
Retinopathy__04,Retinopathy,feature_6,True,540,611,0.29630709556359386,Means,2
Retinopathy__04,Retinopathy,feature_6,True,540,611,0.33748769940792006,Means,2
Retinopathy__04,Retinopathy,feature_6,True,540,611,0.38439156185244217,Means,2
Retinopathy__04,Retinopathy,feature_6,True,540,611,0.4378140983584905,Means,2
Retinopathy__04,Retinopathy,feature_6,True,540,611,0.4986612708086434,Means,2
Retinopathy__04,Retinopathy,feature_6,True,540,611,0.5679649511900395,Means,2
Retinopathy__04,Retinopathy,feature_6,True,540,611,0.6469004205142944,Means,2
Retinopathy__04,Retinopathy,feature_6,True,540,611,0.7368062997280774,Means,2
Retinopathy__04,Retinopathy,feature_6,True,540,611,0.8392072506111242,Means,2
Retinopathy__04,Retinopathy,feature_6,True,540,611,0.9558398316330861,Means,2
Retinopathy__04,Retinopathy,feature_6,True,540,611,1.0886819472437184,Means,2
Retinopathy__04,Retinopathy,feature_6,True,540,611,1.2399863900098937,Means,2
Retinopathy__04,Retinopathy,feature_6,True,540,611,1.4123190444211153,Means,2
Retinopathy__04,Retinopathy,feature_6,True,540,611,1.6086024002397787,Means,2
Retinopathy__04,Retinopathy,feature_6,True,540,611,1.8321651133138896,Means,2
Retinopathy__04,Retinopathy,feature_6,True,540,611,2.0867984543253986,Means,2
Retinopathy__04,Retinopathy,feature_6,True,540,611,2.376820602755804,Means,2
Retinopathy__04,Retinopathy,feature_6,True,540,611,2.7071498763931694,Means,2
Retinopathy__04,Retinopathy,feature_6,True,540,611,3.083388138237417,Means,2
Retinopathy__04,Retinopathy,feature_6,True,540,611,3.511915795253308,Means,2
Retinopathy__04,Retinopathy,feature_6,True,540,611,4.0,Means,2
Retinopathy__05,Retinopathy,feature_7,True,540,611,0.025,Observations,1151
Retinopathy__05,Retinopathy,feature_7,True,540,611,0.02847448681291267,Observations,1151
Retinopathy__05,Retinopathy,feature_7,True,540,611,0.032431855970349484,Observations,1151
Retinopathy__05,Retinopathy,feature_7,True,540,611,0.03693921820583997,Observations,1151
Retinopathy__05,Retinopathy,feature_7,True,540,611,0.04207301126725973,Observations,1151
Retinopathy__05,Retinopathy,feature_7,True,540,611,0.04792029618036453,Observations,1151
Retinopathy__05,Retinopathy,feature_7,True,540,611,0.05458023366634633,Observations,1151
Retinopathy__05,Retinopathy,feature_7,True,540,611,0.06216576575112282,Observations,1151
Retinopathy__05,Retinopathy,feature_7,True,540,611,0.07080553108379858,Observations,1151
Retinopathy__05,Retinopathy,feature_7,True,540,611,0.08064604644507599,Observations,1151
Retinopathy__05,Retinopathy,feature_7,True,540,611,0.0918541914405543,Observations,1151
Retinopathy__05,Retinopathy,feature_7,True,540,611,0.10462003851539275,Binned,130
Retinopathy__05,Retinopathy,feature_7,True,540,611,0.11916007628291865,Binned,130
Retinopathy__05,Retinopathy,feature_7,True,540,611,0.13572088082974534,Binned,34
Retinopathy__05,Retinopathy,feature_7,True,540,611,0.15458329725693898,Binned,18
Retinopathy__05,Retinopathy,feature_7,True,540,611,0.17606720236957066,Binned,18
Retinopathy__05,Retinopathy,feature_7,True,540,611,0.20053692928235056,Binned,18
Retinopathy__05,Retinopathy,feature_7,True,540,611,0.2284074459340916,Binned,18
Retinopathy__05,Retinopathy,feature_7,True,540,611,0.2601513922888541,Binned,18
Retinopathy__05,Retinopathy,feature_7,True,540,611,0.29630709556359386,Means,2
Retinopathy__05,Retinopathy,feature_7,True,540,611,0.33748769940792006,Means,2
Retinopathy__05,Retinopathy,feature_7,True,540,611,0.38439156185244217,Means,2
Retinopathy__05,Retinopathy,feature_7,True,540,611,0.4378140983584905,Means,2
Retinopathy__05,Retinopathy,feature_7,True,540,611,0.4986612708086434,Means,2
Retinopathy__05,Retinopathy,feature_7,True,540,611,0.5679649511900395,Means,2
Retinopathy__05,Retinopathy,feature_7,True,540,611,0.6469004205142944,Means,2
Retinopathy__05,Retinopathy,feature_7,True,540,611,0.7368062997280774,Means,2
Retinopathy__05,Retinopathy,feature_7,True,540,611,0.8392072506111242,Means,2
Retinopathy__05,Retinopathy,feature_7,True,540,611,0.9558398316330861,Means,2
Retinopathy__05,Retinopathy,feature_7,True,540,611,1.0886819472437184,Means,2
Retinopathy__05,Retinopathy,feature_7,True,540,611,1.2399863900098937,Means,2
Retinopathy__05,Retinopathy,feature_7,True,540,611,1.4123190444211153,Means,2
Retinopathy__05,Retinopathy,feature_7,True,540,611,1.6086024002397787,Means,2
Retinopathy__05,Retinopathy,feature_7,True,540,611,1.8321651133138896,Means,2
Retinopathy__05,Retinopathy,feature_7,True,540,611,2.0867984543253986,Means,2
Retinopathy__05,Retinopathy,feature_7,True,540,611,2.376820602755804,Means,2
Retinopathy__05,Retinopathy,feature_7,True,540,611,2.7071498763931694,Means,2
Retinopathy__05,Retinopathy,feature_7,True,540,611,3.083388138237417,Means,2
Retinopathy__05,Retinopathy,feature_7,True,540,611,3.511915795253308,Means,2
Retinopathy__05,Retinopathy,feature_7,True,540,611,4.0,Means,2
Retinopathy__06,Retinopathy,feature_8,True,540,611,0.025,Observations,1151
Retinopathy__06,Retinopathy,feature_8,True,540,611,0.02847448681291267,Observations,1151
Retinopathy__06,Retinopathy,feature_8,True,540,611,0.032431855970349484,Observations,1151
Retinopathy__06,Retinopathy,feature_8,True,540,611,0.03693921820583997,Observations,1151
Retinopathy__06,Retinopathy,feature_8,True,540,611,0.04207301126725973,Observations,1151
Retinopathy__06,Retinopathy,feature_8,True,540,611,0.04792029618036453,Observations,1151
Retinopathy__06,Retinopathy,feature_8,True,540,611,0.05458023366634633,Observations,1151
Retinopathy__06,Retinopathy,feature_8,True,540,611,0.06216576575112282,Observations,1151
Retinopathy__06,Retinopathy,feature_8,True,540,611,0.07080553108379858,Observations,1151
Retinopathy__06,Retinopathy,feature_8,True,540,611,0.08064604644507599,Observations,1151
Retinopathy__06,Retinopathy,feature_8,True,540,611,0.0918541914405543,Binned,130
Retinopathy__06,Retinopathy,feature_8,True,540,611,0.10462003851539275,Binned,130
Retinopathy__06,Retinopathy,feature_8,True,540,611,0.11916007628291865,Binned,34
Retinopathy__06,Retinopathy,feature_8,True,540,611,0.13572088082974534,Binned,34
Retinopathy__06,Retinopathy,feature_8,True,540,611,0.15458329725693898,Binned,18
Retinopathy__06,Retinopathy,feature_8,True,540,611,0.17606720236957066,Binned,18
Retinopathy__06,Retinopathy,feature_8,True,540,611,0.20053692928235056,Binned,18
Retinopathy__06,Retinopathy,feature_8,True,540,611,0.2284074459340916,Binned,18
Retinopathy__06,Retinopathy,feature_8,True,540,611,0.2601513922888541,Binned,18
Retinopathy__06,Retinopathy,feature_8,True,540,611,0.29630709556359386,Binned,18
Retinopathy__06,Retinopathy,feature_8,True,540,611,0.33748769940792006,Binned,18
Retinopathy__06,Retinopathy,feature_8,True,540,611,0.38439156185244217,Binned,18
Retinopathy__06,Retinopathy,feature_8,True,540,611,0.4378140983584905,Binned,18
Retinopathy__06,Retinopathy,feature_8,True,540,611,0.4986612708086434,Binned,18
Retinopathy__06,Retinopathy,feature_8,True,540,611,0.5679649511900395,Binned,10
Retinopathy__06,Retinopathy,feature_8,True,540,611,0.6469004205142944,Binned,10
Retinopathy__06,Retinopathy,feature_8,True,540,611,0.7368062997280774,Binned,10
Retinopathy__06,Retinopathy,feature_8,True,540,611,0.8392072506111242,Means,2
Retinopathy__06,Retinopathy,feature_8,True,540,611,0.9558398316330861,Means,2
Retinopathy__06,Retinopathy,feature_8,True,540,611,1.0886819472437184,Means,2
Retinopathy__06,Retinopathy,feature_8,True,540,611,1.2399863900098937,Means,2
Retinopathy__06,Retinopathy,feature_8,True,540,611,1.4123190444211153,Means,2
Retinopathy__06,Retinopathy,feature_8,True,540,611,1.6086024002397787,Means,2
Retinopathy__06,Retinopathy,feature_8,True,540,611,1.8321651133138896,Means,2
Retinopathy__06,Retinopathy,feature_8,True,540,611,2.0867984543253986,Means,2
Retinopathy__06,Retinopathy,feature_8,True,540,611,2.376820602755804,Means,2
Retinopathy__06,Retinopathy,feature_8,True,540,611,2.7071498763931694,Means,2
Retinopathy__06,Retinopathy,feature_8,True,540,611,3.083388138237417,Means,2
Retinopathy__06,Retinopathy,feature_8,True,540,611,3.511915795253308,Means,2
Retinopathy__06,Retinopathy,feature_8,True,540,611,4.0,Means,2
Retinopathy__07,Retinopathy,feature_9,True,540,611,0.025,Observations,1151
Retinopathy__07,Retinopathy,feature_9,True,540,611,0.02847448681291267,Observations,1151
Retinopathy__07,Retinopathy,feature_9,True,540,611,0.032431855970349484,Observations,1151
Retinopathy__07,Retinopathy,feature_9,True,540,611,0.03693921820583997,Observations,1151
Retinopathy__07,Retinopathy,feature_9,True,540,611,0.04207301126725973,Observations,1151
Retinopathy__07,Retinopathy,feature_9,True,540,611,0.04792029618036453,Observations,1151
Retinopathy__07,Retinopathy,feature_9,True,540,611,0.05458023366634633,Observations,1151
Retinopathy__07,Retinopathy,feature_9,True,540,611,0.06216576575112282,Observations,1151
Retinopathy__07,Retinopathy,feature_9,True,540,611,0.07080553108379858,Observations,1151
Retinopathy__07,Retinopathy,feature_9,True,540,611,0.08064604644507599,Observations,1151
Retinopathy__07,Retinopathy,feature_9,True,540,611,0.0918541914405543,Observations,1151
Retinopathy__07,Retinopathy,feature_9,True,540,611,0.10462003851539275,Observations,1151
Retinopathy__07,Retinopathy,feature_9,True,540,611,0.11916007628291865,Observations,1151
Retinopathy__07,Retinopathy,feature_9,True,540,611,0.13572088082974534,Observations,1151
Retinopathy__07,Retinopathy,feature_9,True,540,611,0.15458329725693898,Observations,1151
Retinopathy__07,Retinopathy,feature_9,True,540,611,0.17606720236957066,Observations,1151
Retinopathy__07,Retinopathy,feature_9,True,540,611,0.20053692928235056,Binned,66
Retinopathy__07,Retinopathy,feature_9,True,540,611,0.2284074459340916,Binned,66
Retinopathy__07,Retinopathy,feature_9,True,540,611,0.2601513922888541,Binned,66
Retinopathy__07,Retinopathy,feature_9,True,540,611,0.29630709556359386,Binned,66
Retinopathy__07,Retinopathy,feature_9,True,540,611,0.33748769940792006,Density,34
Retinopathy__07,Retinopathy,feature_9,True,540,611,0.38439156185244217,Density,34
Retinopathy__07,Retinopathy,feature_9,True,540,611,0.4378140983584905,Binned,18
Retinopathy__07,Retinopathy,feature_9,True,540,611,0.4986612708086434,Binned,18
Retinopathy__07,Retinopathy,feature_9,True,540,611,0.5679649511900395,Binned,10
Retinopathy__07,Retinopathy,feature_9,True,540,611,0.6469004205142944,Binned,10
Retinopathy__07,Retinopathy,feature_9,True,540,611,0.7368062997280774,Means,2
Retinopathy__07,Retinopathy,feature_9,True,540,611,0.8392072506111242,Means,2
Retinopathy__07,Retinopathy,feature_9,True,540,611,0.9558398316330861,Means,2
Retinopathy__07,Retinopathy,feature_9,True,540,611,1.0886819472437184,Means,2
Retinopathy__07,Retinopathy,feature_9,True,540,611,1.2399863900098937,Means,2
Retinopathy__07,Retinopathy,feature_9,True,540,611,1.4123190444211153,Means,2
Retinopathy__07,Retinopathy,feature_9,True,540,611,1.6086024002397787,Means,2
Retinopathy__07,Retinopathy,feature_9,True,540,611,1.8321651133138896,Means,2
Retinopathy__07,Retinopathy,feature_9,True,540,611,2.0867984543253986,Means,2
Retinopathy__07,Retinopathy,feature_9,True,540,611,2.376820602755804,Means,2
Retinopathy__07,Retinopathy,feature_9,True,540,611,2.7071498763931694,Means,2
Retinopathy__07,Retinopathy,feature_9,True,540,611,3.083388138237417,Means,2
Retinopathy__07,Retinopathy,feature_9,True,540,611,3.511915795253308,Means,2
Retinopathy__07,Retinopathy,feature_9,True,540,611,4.0,Means,2
Retinopathy__08,Retinopathy,feature_10,True,540,611,0.025,Observations,1151
Retinopathy__08,Retinopathy,feature_10,True,540,611,0.02847448681291267,Observations,1151
Retinopathy__08,Retinopathy,feature_10,True,540,611,0.032431855970349484,Observations,1151
Retinopathy__08,Retinopathy,feature_10,True,540,611,0.03693921820583997,Observations,1151
Retinopathy__08,Retinopathy,feature_10,True,540,611,0.04207301126725973,Observations,1151
Retinopathy__08,Retinopathy,feature_10,True,540,611,0.04792029618036453,Observations,1151
Retinopathy__08,Retinopathy,feature_10,True,540,611,0.05458023366634633,Observations,1151
Retinopathy__08,Retinopathy,feature_10,True,540,611,0.06216576575112282,Observations,1151
Retinopathy__08,Retinopathy,feature_10,True,540,611,0.07080553108379858,Observations,1151
Retinopathy__08,Retinopathy,feature_10,True,540,611,0.08064604644507599,Observations,1151
Retinopathy__08,Retinopathy,feature_10,True,540,611,0.0918541914405543,Binned,34
Retinopathy__08,Retinopathy,feature_10,True,540,611,0.10462003851539275,Binned,34
Retinopathy__08,Retinopathy,feature_10,True,540,611,0.11916007628291865,Binned,34
Retinopathy__08,Retinopathy,feature_10,True,540,611,0.13572088082974534,Binned,34
Retinopathy__08,Retinopathy,feature_10,True,540,611,0.15458329725693898,Binned,34
Retinopathy__08,Retinopathy,feature_10,True,540,611,0.17606720236957066,Binned,18
Retinopathy__08,Retinopathy,feature_10,True,540,611,0.20053692928235056,Binned,18
Retinopathy__08,Retinopathy,feature_10,True,540,611,0.2284074459340916,Binned,18
Retinopathy__08,Retinopathy,feature_10,True,540,611,0.2601513922888541,Binned,18
Retinopathy__08,Retinopathy,feature_10,True,540,611,0.29630709556359386,Binned,18
Retinopathy__08,Retinopathy,feature_10,True,540,611,0.33748769940792006,Binned,18
Retinopathy__08,Retinopathy,feature_10,True,540,611,0.38439156185244217,Binned,10
Retinopathy__08,Retinopathy,feature_10,True,540,611,0.4378140983584905,Binned,10
Retinopathy__08,Retinopathy,feature_10,True,540,611,0.4986612708086434,Binned,10
Retinopathy__08,Retinopathy,feature_10,True,540,611,0.5679649511900395,Binned,10
Retinopathy__08,Retinopathy,feature_10,True,540,611,0.6469004205142944,Binned,10
Retinopathy__08,Retinopathy,feature_10,True,540,611,0.7368062997280774,Means,2
Retinopathy__08,Retinopathy,feature_10,True,540,611,0.8392072506111242,Means,2
Retinopathy__08,Retinopathy,feature_10,True,540,611,0.9558398316330861,Means,2
Retinopathy__08,Retinopathy,feature_10,True,540,611,1.0886819472437184,Means,2
Retinopathy__08,Retinopathy,feature_10,True,540,611,1.2399863900098937,Means,2
Retinopathy__08,Retinopathy,feature_10,True,540,611,1.4123190444211153,Means,2
Retinopathy__08,Retinopathy,feature_10,True,540,611,1.6086024002397787,Means,2
Retinopathy__08,Retinopathy,feature_10,True,540,611,1.8321651133138896,Means,2
Retinopathy__08,Retinopathy,feature_10,True,540,611,2.0867984543253986,Means,2
Retinopathy__08,Retinopathy,feature_10,True,540,611,2.376820602755804,Means,2
Retinopathy__08,Retinopathy,feature_10,True,540,611,2.7071498763931694,Means,2
Retinopathy__08,Retinopathy,feature_10,True,540,611,3.083388138237417,Means,2
Retinopathy__08,Retinopathy,feature_10,True,540,611,3.511915795253308,Means,2
Retinopathy__08,Retinopathy,feature_10,True,540,611,4.0,Means,2
Retinopathy__09,Retinopathy,feature_11,True,540,611,0.025,Observations,1151
Retinopathy__09,Retinopathy,feature_11,True,540,611,0.02847448681291267,Observations,1151
Retinopathy__09,Retinopathy,feature_11,True,540,611,0.032431855970349484,Observations,1151
Retinopathy__09,Retinopathy,feature_11,True,540,611,0.03693921820583997,Observations,1151
Retinopathy__09,Retinopathy,feature_11,True,540,611,0.04207301126725973,Observations,1151
Retinopathy__09,Retinopathy,feature_11,True,540,611,0.04792029618036453,Observations,1151
Retinopathy__09,Retinopathy,feature_11,True,540,611,0.05458023366634633,Observations,1151
Retinopathy__09,Retinopathy,feature_11,True,540,611,0.06216576575112282,Observations,1151
Retinopathy__09,Retinopathy,feature_11,True,540,611,0.07080553108379858,Observations,1151
Retinopathy__09,Retinopathy,feature_11,True,540,611,0.08064604644507599,Observations,1151
Retinopathy__09,Retinopathy,feature_11,True,540,611,0.0918541914405543,Observations,1151
Retinopathy__09,Retinopathy,feature_11,True,540,611,0.10462003851539275,Observations,1151
Retinopathy__09,Retinopathy,feature_11,True,540,611,0.11916007628291865,Observations,1151
Retinopathy__09,Retinopathy,feature_11,True,540,611,0.13572088082974534,Binned,130
Retinopathy__09,Retinopathy,feature_11,True,540,611,0.15458329725693898,Binned,130
Retinopathy__09,Retinopathy,feature_11,True,540,611,0.17606720236957066,Binned,66
Retinopathy__09,Retinopathy,feature_11,True,540,611,0.20053692928235056,Binned,66
Retinopathy__09,Retinopathy,feature_11,True,540,611,0.2284074459340916,Binned,66
Retinopathy__09,Retinopathy,feature_11,True,540,611,0.2601513922888541,Binned,66
Retinopathy__09,Retinopathy,feature_11,True,540,611,0.29630709556359386,Density,34
Retinopathy__09,Retinopathy,feature_11,True,540,611,0.33748769940792006,Density,34
Retinopathy__09,Retinopathy,feature_11,True,540,611,0.38439156185244217,Density,34
Retinopathy__09,Retinopathy,feature_11,True,540,611,0.4378140983584905,Density,34
Retinopathy__09,Retinopathy,feature_11,True,540,611,0.4986612708086434,Density,34
Retinopathy__09,Retinopathy,feature_11,True,540,611,0.5679649511900395,Density,34
Retinopathy__09,Retinopathy,feature_11,True,540,611,0.6469004205142944,Means,2
Retinopathy__09,Retinopathy,feature_11,True,540,611,0.7368062997280774,Means,2
Retinopathy__09,Retinopathy,feature_11,True,540,611,0.8392072506111242,Means,2
Retinopathy__09,Retinopathy,feature_11,True,540,611,0.9558398316330861,Means,2
Retinopathy__09,Retinopathy,feature_11,True,540,611,1.0886819472437184,Means,2
Retinopathy__09,Retinopathy,feature_11,True,540,611,1.2399863900098937,Means,2
Retinopathy__09,Retinopathy,feature_11,True,540,611,1.4123190444211153,Means,2
Retinopathy__09,Retinopathy,feature_11,True,540,611,1.6086024002397787,Means,2
Retinopathy__09,Retinopathy,feature_11,True,540,611,1.8321651133138896,Means,2
Retinopathy__09,Retinopathy,feature_11,True,540,611,2.0867984543253986,Means,2
Retinopathy__09,Retinopathy,feature_11,True,540,611,2.376820602755804,Means,2
Retinopathy__09,Retinopathy,feature_11,True,540,611,2.7071498763931694,Means,2
Retinopathy__09,Retinopathy,feature_11,True,540,611,3.083388138237417,Means,2
Retinopathy__09,Retinopathy,feature_11,True,540,611,3.511915795253308,Means,2
Retinopathy__09,Retinopathy,feature_11,True,540,611,4.0,Means,2
Retinopathy__10,Retinopathy,feature_12,True,540,611,0.025,Observations,1151
Retinopathy__10,Retinopathy,feature_12,True,540,611,0.02847448681291267,Observations,1151
Retinopathy__10,Retinopathy,feature_12,True,540,611,0.032431855970349484,Observations,1151
Retinopathy__10,Retinopathy,feature_12,True,540,611,0.03693921820583997,Observations,1151
Retinopathy__10,Retinopathy,feature_12,True,540,611,0.04207301126725973,Observations,1151
Retinopathy__10,Retinopathy,feature_12,True,540,611,0.04792029618036453,Observations,1151
Retinopathy__10,Retinopathy,feature_12,True,540,611,0.05458023366634633,Observations,1151
Retinopathy__10,Retinopathy,feature_12,True,540,611,0.06216576575112282,Observations,1151
Retinopathy__10,Retinopathy,feature_12,True,540,611,0.07080553108379858,Observations,1151
Retinopathy__10,Retinopathy,feature_12,True,540,611,0.08064604644507599,Observations,1151
Retinopathy__10,Retinopathy,feature_12,True,540,611,0.0918541914405543,Observations,1151
Retinopathy__10,Retinopathy,feature_12,True,540,611,0.10462003851539275,Observations,1151
Retinopathy__10,Retinopathy,feature_12,True,540,611,0.11916007628291865,Observations,1151
Retinopathy__10,Retinopathy,feature_12,True,540,611,0.13572088082974534,Observations,1151
Retinopathy__10,Retinopathy,feature_12,True,540,611,0.15458329725693898,Observations,1151
Retinopathy__10,Retinopathy,feature_12,True,540,611,0.17606720236957066,Observations,1151
Retinopathy__10,Retinopathy,feature_12,True,540,611,0.20053692928235056,Observations,1151
Retinopathy__10,Retinopathy,feature_12,True,540,611,0.2284074459340916,Binned,130
Retinopathy__10,Retinopathy,feature_12,True,540,611,0.2601513922888541,Binned,130
Retinopathy__10,Retinopathy,feature_12,True,540,611,0.29630709556359386,Binned,130
Retinopathy__10,Retinopathy,feature_12,True,540,611,0.33748769940792006,Binned,130
Retinopathy__10,Retinopathy,feature_12,True,540,611,0.38439156185244217,Density,66
Retinopathy__10,Retinopathy,feature_12,True,540,611,0.4378140983584905,Density,66
Retinopathy__10,Retinopathy,feature_12,True,540,611,0.4986612708086434,Density,18
Retinopathy__10,Retinopathy,feature_12,True,540,611,0.5679649511900395,Density,18
Retinopathy__10,Retinopathy,feature_12,True,540,611,0.6469004205142944,Density,18
Retinopathy__10,Retinopathy,feature_12,True,540,611,0.7368062997280774,Density,18
Retinopathy__10,Retinopathy,feature_12,True,540,611,0.8392072506111242,Density,18
Retinopathy__10,Retinopathy,feature_12,True,540,611,0.9558398316330861,Density,18
Retinopathy__10,Retinopathy,feature_12,True,540,611,1.0886819472437184,Means,2
Retinopathy__10,Retinopathy,feature_12,True,540,611,1.2399863900098937,Means,2
Retinopathy__10,Retinopathy,feature_12,True,540,611,1.4123190444211153,Means,2
Retinopathy__10,Retinopathy,feature_12,True,540,611,1.6086024002397787,Means,2
Retinopathy__10,Retinopathy,feature_12,True,540,611,1.8321651133138896,Means,2
Retinopathy__10,Retinopathy,feature_12,True,540,611,2.0867984543253986,Means,2
Retinopathy__10,Retinopathy,feature_12,True,540,611,2.376820602755804,Means,2
Retinopathy__10,Retinopathy,feature_12,True,540,611,2.7071498763931694,Means,2
Retinopathy__10,Retinopathy,feature_12,True,540,611,3.083388138237417,Means,2
Retinopathy__10,Retinopathy,feature_12,True,540,611,3.511915795253308,Means,2
Retinopathy__10,Retinopathy,feature_12,True,540,611,4.0,Means,2
Retinopathy__11,Retinopathy,feature_13,True,540,611,0.025,Observations,1151
Retinopathy__11,Retinopathy,feature_13,True,540,611,0.02847448681291267,Observations,1151
Retinopathy__11,Retinopathy,feature_13,True,540,611,0.032431855970349484,Observations,1151
Retinopathy__11,Retinopathy,feature_13,True,540,611,0.03693921820583997,Observations,1151
Retinopathy__11,Retinopathy,feature_13,True,540,611,0.04207301126725973,Observations,1151
Retinopathy__11,Retinopathy,feature_13,True,540,611,0.04792029618036453,Observations,1151
Retinopathy__11,Retinopathy,feature_13,True,540,611,0.05458023366634633,Observations,1151
Retinopathy__11,Retinopathy,feature_13,True,540,611,0.06216576575112282,Observations,1151
Retinopathy__11,Retinopathy,feature_13,True,540,611,0.07080553108379858,Observations,1151
Retinopathy__11,Retinopathy,feature_13,True,540,611,0.08064604644507599,Observations,1151
Retinopathy__11,Retinopathy,feature_13,True,540,611,0.0918541914405543,Observations,1151
Retinopathy__11,Retinopathy,feature_13,True,540,611,0.10462003851539275,Observations,1151
Retinopathy__11,Retinopathy,feature_13,True,540,611,0.11916007628291865,Observations,1151
Retinopathy__11,Retinopathy,feature_13,True,540,611,0.13572088082974534,Observations,1151
Retinopathy__11,Retinopathy,feature_13,True,540,611,0.15458329725693898,Observations,1151
Retinopathy__11,Retinopathy,feature_13,True,540,611,0.17606720236957066,Observations,1151
Retinopathy__11,Retinopathy,feature_13,True,540,611,0.20053692928235056,Observations,1151
Retinopathy__11,Retinopathy,feature_13,True,540,611,0.2284074459340916,Observations,1151
Retinopathy__11,Retinopathy,feature_13,True,540,611,0.2601513922888541,Binned,130
Retinopathy__11,Retinopathy,feature_13,True,540,611,0.29630709556359386,Binned,130
Retinopathy__11,Retinopathy,feature_13,True,540,611,0.33748769940792006,Binned,130
Retinopathy__11,Retinopathy,feature_13,True,540,611,0.38439156185244217,Density,66
Retinopathy__11,Retinopathy,feature_13,True,540,611,0.4378140983584905,Density,66
Retinopathy__11,Retinopathy,feature_13,True,540,611,0.4986612708086434,Density,66
Retinopathy__11,Retinopathy,feature_13,True,540,611,0.5679649511900395,Density,66
Retinopathy__11,Retinopathy,feature_13,True,540,611,0.6469004205142944,Density,66
Retinopathy__11,Retinopathy,feature_13,True,540,611,0.7368062997280774,Density,66
Retinopathy__11,Retinopathy,feature_13,True,540,611,0.8392072506111242,Density,66
Retinopathy__11,Retinopathy,feature_13,True,540,611,0.9558398316330861,Density,66
Retinopathy__11,Retinopathy,feature_13,True,540,611,1.0886819472437184,Binned,34
Retinopathy__11,Retinopathy,feature_13,True,540,611,1.2399863900098937,Binned,34
Retinopathy__11,Retinopathy,feature_13,True,540,611,1.4123190444211153,Means,2
Retinopathy__11,Retinopathy,feature_13,True,540,611,1.6086024002397787,Means,2
Retinopathy__11,Retinopathy,feature_13,True,540,611,1.8321651133138896,Means,2
Retinopathy__11,Retinopathy,feature_13,True,540,611,2.0867984543253986,Means,2
Retinopathy__11,Retinopathy,feature_13,True,540,611,2.376820602755804,Means,2
Retinopathy__11,Retinopathy,feature_13,True,540,611,2.7071498763931694,Means,2
Retinopathy__11,Retinopathy,feature_13,True,540,611,3.083388138237417,Means,2
Retinopathy__11,Retinopathy,feature_13,True,540,611,3.511915795253308,Means,2
Retinopathy__11,Retinopathy,feature_13,True,540,611,4.0,Means,2
Retinopathy__12,Retinopathy,feature_14,True,540,611,0.025,Observations,1151
Retinopathy__12,Retinopathy,feature_14,True,540,611,0.02847448681291267,Observations,1151
Retinopathy__12,Retinopathy,feature_14,True,540,611,0.032431855970349484,Observations,1151
Retinopathy__12,Retinopathy,feature_14,True,540,611,0.03693921820583997,Observations,1151
Retinopathy__12,Retinopathy,feature_14,True,540,611,0.04207301126725973,Observations,1151
Retinopathy__12,Retinopathy,feature_14,True,540,611,0.04792029618036453,Observations,1151
Retinopathy__12,Retinopathy,feature_14,True,540,611,0.05458023366634633,Observations,1151
Retinopathy__12,Retinopathy,feature_14,True,540,611,0.06216576575112282,Observations,1151
Retinopathy__12,Retinopathy,feature_14,True,540,611,0.07080553108379858,Observations,1151
Retinopathy__12,Retinopathy,feature_14,True,540,611,0.08064604644507599,Observations,1151
Retinopathy__12,Retinopathy,feature_14,True,540,611,0.0918541914405543,Observations,1151
Retinopathy__12,Retinopathy,feature_14,True,540,611,0.10462003851539275,Observations,1151
Retinopathy__12,Retinopathy,feature_14,True,540,611,0.11916007628291865,Observations,1151
Retinopathy__12,Retinopathy,feature_14,True,540,611,0.13572088082974534,Observations,1151
Retinopathy__12,Retinopathy,feature_14,True,540,611,0.15458329725693898,Observations,1151
Retinopathy__12,Retinopathy,feature_14,True,540,611,0.17606720236957066,Observations,1151
Retinopathy__12,Retinopathy,feature_14,True,540,611,0.20053692928235056,Observations,1151
Retinopathy__12,Retinopathy,feature_14,True,540,611,0.2284074459340916,Observations,1151
Retinopathy__12,Retinopathy,feature_14,True,540,611,0.2601513922888541,Observations,1151
Retinopathy__12,Retinopathy,feature_14,True,540,611,0.29630709556359386,Observations,1151
Retinopathy__12,Retinopathy,feature_14,True,540,611,0.33748769940792006,Binned,130
Retinopathy__12,Retinopathy,feature_14,True,540,611,0.38439156185244217,Binned,130
Retinopathy__12,Retinopathy,feature_14,True,540,611,0.4378140983584905,Binned,130
Retinopathy__12,Retinopathy,feature_14,True,540,611,0.4986612708086434,Binned,130
Retinopathy__12,Retinopathy,feature_14,True,540,611,0.5679649511900395,Binned,66
Retinopathy__12,Retinopathy,feature_14,True,540,611,0.6469004205142944,Binned,66
Retinopathy__12,Retinopathy,feature_14,True,540,611,0.7368062997280774,Binned,66
Retinopathy__12,Retinopathy,feature_14,True,540,611,0.8392072506111242,Binned,66
Retinopathy__12,Retinopathy,feature_14,True,540,611,0.9558398316330861,Binned,34
Retinopathy__12,Retinopathy,feature_14,True,540,611,1.0886819472437184,Binned,34
Retinopathy__12,Retinopathy,feature_14,True,540,611,1.2399863900098937,Binned,34
Retinopathy__12,Retinopathy,feature_14,True,540,611,1.4123190444211153,Binned,34
Retinopathy__12,Retinopathy,feature_14,True,540,611,1.6086024002397787,Binned,34
Retinopathy__12,Retinopathy,feature_14,True,540,611,1.8321651133138896,Density,18
Retinopathy__12,Retinopathy,feature_14,True,540,611,2.0867984543253986,Means,2
Retinopathy__12,Retinopathy,feature_14,True,540,611,2.376820602755804,Means,2
Retinopathy__12,Retinopathy,feature_14,True,540,611,2.7071498763931694,Means,2
Retinopathy__12,Retinopathy,feature_14,True,540,611,3.083388138237417,Means,2
Retinopathy__12,Retinopathy,feature_14,True,540,611,3.511915795253308,Means,2
Retinopathy__12,Retinopathy,feature_14,True,540,611,4.0,Means,2
Retinopathy__13,Retinopathy,feature_15,True,540,611,0.025,Observations,1151
Retinopathy__13,Retinopathy,feature_15,True,540,611,0.02847448681291267,Observations,1151
Retinopathy__13,Retinopathy,feature_15,True,540,611,0.032431855970349484,Observations,1151
Retinopathy__13,Retinopathy,feature_15,True,540,611,0.03693921820583997,Observations,1151
Retinopathy__13,Retinopathy,feature_15,True,540,611,0.04207301126725973,Observations,1151
Retinopathy__13,Retinopathy,feature_15,True,540,611,0.04792029618036453,Observations,1151
Retinopathy__13,Retinopathy,feature_15,True,540,611,0.05458023366634633,Observations,1151
Retinopathy__13,Retinopathy,feature_15,True,540,611,0.06216576575112282,Observations,1151
Retinopathy__13,Retinopathy,feature_15,True,540,611,0.07080553108379858,Observations,1151
Retinopathy__13,Retinopathy,feature_15,True,540,611,0.08064604644507599,Observations,1151
Retinopathy__13,Retinopathy,feature_15,True,540,611,0.0918541914405543,Observations,1151
Retinopathy__13,Retinopathy,feature_15,True,540,611,0.10462003851539275,Observations,1151
Retinopathy__13,Retinopathy,feature_15,True,540,611,0.11916007628291865,Observations,1151
Retinopathy__13,Retinopathy,feature_15,True,540,611,0.13572088082974534,Observations,1151
Retinopathy__13,Retinopathy,feature_15,True,540,611,0.15458329725693898,Observations,1151
Retinopathy__13,Retinopathy,feature_15,True,540,611,0.17606720236957066,Observations,1151
Retinopathy__13,Retinopathy,feature_15,True,540,611,0.20053692928235056,Observations,1151
Retinopathy__13,Retinopathy,feature_15,True,540,611,0.2284074459340916,Observations,1151
Retinopathy__13,Retinopathy,feature_15,True,540,611,0.2601513922888541,Observations,1151
Retinopathy__13,Retinopathy,feature_15,True,540,611,0.29630709556359386,Binned,130
Retinopathy__13,Retinopathy,feature_15,True,540,611,0.33748769940792006,Binned,130
Retinopathy__13,Retinopathy,feature_15,True,540,611,0.38439156185244217,Binned,130
Retinopathy__13,Retinopathy,feature_15,True,540,611,0.4378140983584905,Binned,130
Retinopathy__13,Retinopathy,feature_15,True,540,611,0.4986612708086434,Binned,66
Retinopathy__13,Retinopathy,feature_15,True,540,611,0.5679649511900395,Binned,66
Retinopathy__13,Retinopathy,feature_15,True,540,611,0.6469004205142944,Binned,66
Retinopathy__13,Retinopathy,feature_15,True,540,611,0.7368062997280774,Binned,66
Retinopathy__13,Retinopathy,feature_15,True,540,611,0.8392072506111242,Binned,66
Retinopathy__13,Retinopathy,feature_15,True,540,611,0.9558398316330861,Binned,66
Retinopathy__13,Retinopathy,feature_15,True,540,611,1.0886819472437184,Binned,66
Retinopathy__13,Retinopathy,feature_15,True,540,611,1.2399863900098937,Binned,34
Retinopathy__13,Retinopathy,feature_15,True,540,611,1.4123190444211153,Binned,34
Retinopathy__13,Retinopathy,feature_15,True,540,611,1.6086024002397787,Binned,34
Retinopathy__13,Retinopathy,feature_15,True,540,611,1.8321651133138896,Means,2
Retinopathy__13,Retinopathy,feature_15,True,540,611,2.0867984543253986,Means,2
Retinopathy__13,Retinopathy,feature_15,True,540,611,2.376820602755804,Means,2
Retinopathy__13,Retinopathy,feature_15,True,540,611,2.7071498763931694,Means,2
Retinopathy__13,Retinopathy,feature_15,True,540,611,3.083388138237417,Means,2
Retinopathy__13,Retinopathy,feature_15,True,540,611,3.511915795253308,Means,2
Retinopathy__13,Retinopathy,feature_15,True,540,611,4.0,Means,2
Retinopathy__14,Retinopathy,feature_16,True,540,611,0.025,Observations,1151
Retinopathy__14,Retinopathy,feature_16,True,540,611,0.02847448681291267,Observations,1151
Retinopathy__14,Retinopathy,feature_16,True,540,611,0.032431855970349484,Observations,1151
Retinopathy__14,Retinopathy,feature_16,True,540,611,0.03693921820583997,Observations,1151
Retinopathy__14,Retinopathy,feature_16,True,540,611,0.04207301126725973,Observations,1151
Retinopathy__14,Retinopathy,feature_16,True,540,611,0.04792029618036453,Observations,1151
Retinopathy__14,Retinopathy,feature_16,True,540,611,0.05458023366634633,Observations,1151
Retinopathy__14,Retinopathy,feature_16,True,540,611,0.06216576575112282,Observations,1151
Retinopathy__14,Retinopathy,feature_16,True,540,611,0.07080553108379858,Binned,130
Retinopathy__14,Retinopathy,feature_16,True,540,611,0.08064604644507599,Binned,130
Retinopathy__14,Retinopathy,feature_16,True,540,611,0.0918541914405543,Binned,66
Retinopathy__14,Retinopathy,feature_16,True,540,611,0.10462003851539275,Binned,66
Retinopathy__14,Retinopathy,feature_16,True,540,611,0.11916007628291865,Binned,34
Retinopathy__14,Retinopathy,feature_16,True,540,611,0.13572088082974534,Binned,34
Retinopathy__14,Retinopathy,feature_16,True,540,611,0.15458329725693898,Binned,34
Retinopathy__14,Retinopathy,feature_16,True,540,611,0.17606720236957066,Binned,34
Retinopathy__14,Retinopathy,feature_16,True,540,611,0.20053692928235056,Binned,10
Retinopathy__14,Retinopathy,feature_16,True,540,611,0.2284074459340916,Binned,10
Retinopathy__14,Retinopathy,feature_16,True,540,611,0.2601513922888541,Means,2
Retinopathy__14,Retinopathy,feature_16,True,540,611,0.29630709556359386,Means,2
Retinopathy__14,Retinopathy,feature_16,True,540,611,0.33748769940792006,Means,2
Retinopathy__14,Retinopathy,feature_16,True,540,611,0.38439156185244217,Means,2
Retinopathy__14,Retinopathy,feature_16,True,540,611,0.4378140983584905,Means,2
Retinopathy__14,Retinopathy,feature_16,True,540,611,0.4986612708086434,Means,2
Retinopathy__14,Retinopathy,feature_16,True,540,611,0.5679649511900395,Means,2
Retinopathy__14,Retinopathy,feature_16,True,540,611,0.6469004205142944,Means,2
Retinopathy__14,Retinopathy,feature_16,True,540,611,0.7368062997280774,Means,2
Retinopathy__14,Retinopathy,feature_16,True,540,611,0.8392072506111242,Means,2
Retinopathy__14,Retinopathy,feature_16,True,540,611,0.9558398316330861,Means,2
Retinopathy__14,Retinopathy,feature_16,True,540,611,1.0886819472437184,Means,2
Retinopathy__14,Retinopathy,feature_16,True,540,611,1.2399863900098937,Means,2
Retinopathy__14,Retinopathy,feature_16,True,540,611,1.4123190444211153,Means,2
Retinopathy__14,Retinopathy,feature_16,True,540,611,1.6086024002397787,Means,2
Retinopathy__14,Retinopathy,feature_16,True,540,611,1.8321651133138896,Means,2
Retinopathy__14,Retinopathy,feature_16,True,540,611,2.0867984543253986,Means,2
Retinopathy__14,Retinopathy,feature_16,True,540,611,2.376820602755804,Means,2
Retinopathy__14,Retinopathy,feature_16,True,540,611,2.7071498763931694,Means,2
Retinopathy__14,Retinopathy,feature_16,True,540,611,3.083388138237417,Means,2
Retinopathy__14,Retinopathy,feature_16,True,540,611,3.511915795253308,Means,2
Retinopathy__14,Retinopathy,feature_16,True,540,611,4.0,Means,2
Retinopathy__15,Retinopathy,feature_17,True,540,611,0.025,Observations,1151
Retinopathy__15,Retinopathy,feature_17,True,540,611,0.02847448681291267,Observations,1151
Retinopathy__15,Retinopathy,feature_17,True,540,611,0.032431855970349484,Observations,1151
Retinopathy__15,Retinopathy,feature_17,True,540,611,0.03693921820583997,Observations,1151
Retinopathy__15,Retinopathy,feature_17,True,540,611,0.04207301126725973,Observations,1151
Retinopathy__15,Retinopathy,feature_17,True,540,611,0.04792029618036453,Observations,1151
Retinopathy__15,Retinopathy,feature_17,True,540,611,0.05458023366634633,Observations,1151
Retinopathy__15,Retinopathy,feature_17,True,540,611,0.06216576575112282,Observations,1151
Retinopathy__15,Retinopathy,feature_17,True,540,611,0.07080553108379858,Binned,130
Retinopathy__15,Retinopathy,feature_17,True,540,611,0.08064604644507599,Binned,66
Retinopathy__15,Retinopathy,feature_17,True,540,611,0.0918541914405543,Binned,34
Retinopathy__15,Retinopathy,feature_17,True,540,611,0.10462003851539275,Binned,34
Retinopathy__15,Retinopathy,feature_17,True,540,611,0.11916007628291865,Binned,18
Retinopathy__15,Retinopathy,feature_17,True,540,611,0.13572088082974534,Binned,18
Retinopathy__15,Retinopathy,feature_17,True,540,611,0.15458329725693898,Binned,18
Retinopathy__15,Retinopathy,feature_17,True,540,611,0.17606720236957066,Binned,18
Retinopathy__15,Retinopathy,feature_17,True,540,611,0.20053692928235056,Means,2
Retinopathy__15,Retinopathy,feature_17,True,540,611,0.2284074459340916,Means,2
Retinopathy__15,Retinopathy,feature_17,True,540,611,0.2601513922888541,Means,2
Retinopathy__15,Retinopathy,feature_17,True,540,611,0.29630709556359386,Means,2
Retinopathy__15,Retinopathy,feature_17,True,540,611,0.33748769940792006,Means,2
Retinopathy__15,Retinopathy,feature_17,True,540,611,0.38439156185244217,Means,2
Retinopathy__15,Retinopathy,feature_17,True,540,611,0.4378140983584905,Means,2
Retinopathy__15,Retinopathy,feature_17,True,540,611,0.4986612708086434,Means,2
Retinopathy__15,Retinopathy,feature_17,True,540,611,0.5679649511900395,Means,2
Retinopathy__15,Retinopathy,feature_17,True,540,611,0.6469004205142944,Means,2
Retinopathy__15,Retinopathy,feature_17,True,540,611,0.7368062997280774,Means,2
Retinopathy__15,Retinopathy,feature_17,True,540,611,0.8392072506111242,Means,2
Retinopathy__15,Retinopathy,feature_17,True,540,611,0.9558398316330861,Means,2
Retinopathy__15,Retinopathy,feature_17,True,540,611,1.0886819472437184,Means,2
Retinopathy__15,Retinopathy,feature_17,True,540,611,1.2399863900098937,Means,2
Retinopathy__15,Retinopathy,feature_17,True,540,611,1.4123190444211153,Means,2
Retinopathy__15,Retinopathy,feature_17,True,540,611,1.6086024002397787,Means,2
Retinopathy__15,Retinopathy,feature_17,True,540,611,1.8321651133138896,Means,2
Retinopathy__15,Retinopathy,feature_17,True,540,611,2.0867984543253986,Means,2
Retinopathy__15,Retinopathy,feature_17,True,540,611,2.376820602755804,Means,2
Retinopathy__15,Retinopathy,feature_17,True,540,611,2.7071498763931694,Means,2
Retinopathy__15,Retinopathy,feature_17,True,540,611,3.083388138237417,Means,2
Retinopathy__15,Retinopathy,feature_17,True,540,611,3.511915795253308,Means,2
Retinopathy__15,Retinopathy,feature_17,True,540,611,4.0,Means,2
HAR__00,HAR,tBodyAcc-mean()-X,True,30,30,0.025,Observations,60
HAR__00,HAR,tBodyAcc-mean()-X,True,30,30,0.02847448681291267,Observations,60
HAR__00,HAR,tBodyAcc-mean()-X,True,30,30,0.032431855970349484,Observations,60
HAR__00,HAR,tBodyAcc-mean()-X,True,30,30,0.03693921820583997,Observations,60
HAR__00,HAR,tBodyAcc-mean()-X,True,30,30,0.04207301126725973,Observations,60
HAR__00,HAR,tBodyAcc-mean()-X,True,30,30,0.04792029618036453,Observations,60
HAR__00,HAR,tBodyAcc-mean()-X,True,30,30,0.05458023366634633,Observations,60
HAR__00,HAR,tBodyAcc-mean()-X,True,30,30,0.06216576575112282,Observations,60
HAR__00,HAR,tBodyAcc-mean()-X,True,30,30,0.07080553108379858,Observations,60
HAR__00,HAR,tBodyAcc-mean()-X,True,30,30,0.08064604644507599,Observations,60
HAR__00,HAR,tBodyAcc-mean()-X,True,30,30,0.0918541914405543,Observations,60
HAR__00,HAR,tBodyAcc-mean()-X,True,30,30,0.10462003851539275,Observations,60
HAR__00,HAR,tBodyAcc-mean()-X,True,30,30,0.11916007628291865,Observations,60
HAR__00,HAR,tBodyAcc-mean()-X,True,30,30,0.13572088082974534,Observations,60
HAR__00,HAR,tBodyAcc-mean()-X,True,30,30,0.15458329725693898,Observations,60
HAR__00,HAR,tBodyAcc-mean()-X,True,30,30,0.17606720236957066,Observations,60
HAR__00,HAR,tBodyAcc-mean()-X,True,30,30,0.20053692928235056,Observations,60
HAR__00,HAR,tBodyAcc-mean()-X,True,30,30,0.2284074459340916,Observations,60
HAR__00,HAR,tBodyAcc-mean()-X,True,30,30,0.2601513922888541,Observations,60
HAR__00,HAR,tBodyAcc-mean()-X,True,30,30,0.29630709556359386,Observations,60
HAR__00,HAR,tBodyAcc-mean()-X,True,30,30,0.33748769940792006,Observations,60
HAR__00,HAR,tBodyAcc-mean()-X,True,30,30,0.38439156185244217,Observations,60
HAR__00,HAR,tBodyAcc-mean()-X,True,30,30,0.4378140983584905,Observations,60
HAR__00,HAR,tBodyAcc-mean()-X,True,30,30,0.4986612708086434,Binned,18
HAR__00,HAR,tBodyAcc-mean()-X,True,30,30,0.5679649511900395,Binned,18
HAR__00,HAR,tBodyAcc-mean()-X,True,30,30,0.6469004205142944,Binned,18
HAR__00,HAR,tBodyAcc-mean()-X,True,30,30,0.7368062997280774,Binned,18
HAR__00,HAR,tBodyAcc-mean()-X,True,30,30,0.8392072506111242,Binned,18
HAR__00,HAR,tBodyAcc-mean()-X,True,30,30,0.9558398316330861,Binned,18
HAR__00,HAR,tBodyAcc-mean()-X,True,30,30,1.0886819472437184,Five-number,10
HAR__00,HAR,tBodyAcc-mean()-X,True,30,30,1.2399863900098937,Five-number,10
HAR__00,HAR,tBodyAcc-mean()-X,True,30,30,1.4123190444211153,Five-number,10
HAR__00,HAR,tBodyAcc-mean()-X,True,30,30,1.6086024002397787,Five-number,10
HAR__00,HAR,tBodyAcc-mean()-X,True,30,30,1.8321651133138896,Five-number,10
HAR__00,HAR,tBodyAcc-mean()-X,True,30,30,2.0867984543253986,Five-number,10
HAR__00,HAR,tBodyAcc-mean()-X,True,30,30,2.376820602755804,Means,2
HAR__00,HAR,tBodyAcc-mean()-X,True,30,30,2.7071498763931694,Means,2
HAR__00,HAR,tBodyAcc-mean()-X,True,30,30,3.083388138237417,Means,2
HAR__00,HAR,tBodyAcc-mean()-X,True,30,30,3.511915795253308,Means,2
HAR__00,HAR,tBodyAcc-mean()-X,True,30,30,4.0,Means,2
HAR__01,HAR,tBodyAcc-mean()-Y,True,30,30,0.025,Observations,60
HAR__01,HAR,tBodyAcc-mean()-Y,True,30,30,0.02847448681291267,Observations,60
HAR__01,HAR,tBodyAcc-mean()-Y,True,30,30,0.032431855970349484,Observations,60
HAR__01,HAR,tBodyAcc-mean()-Y,True,30,30,0.03693921820583997,Observations,60
HAR__01,HAR,tBodyAcc-mean()-Y,True,30,30,0.04207301126725973,Observations,60
HAR__01,HAR,tBodyAcc-mean()-Y,True,30,30,0.04792029618036453,Observations,60
HAR__01,HAR,tBodyAcc-mean()-Y,True,30,30,0.05458023366634633,Observations,60
HAR__01,HAR,tBodyAcc-mean()-Y,True,30,30,0.06216576575112282,Observations,60
HAR__01,HAR,tBodyAcc-mean()-Y,True,30,30,0.07080553108379858,Observations,60
HAR__01,HAR,tBodyAcc-mean()-Y,True,30,30,0.08064604644507599,Observations,60
HAR__01,HAR,tBodyAcc-mean()-Y,True,30,30,0.0918541914405543,Observations,60
HAR__01,HAR,tBodyAcc-mean()-Y,True,30,30,0.10462003851539275,Observations,60
HAR__01,HAR,tBodyAcc-mean()-Y,True,30,30,0.11916007628291865,Observations,60
HAR__01,HAR,tBodyAcc-mean()-Y,True,30,30,0.13572088082974534,Observations,60
HAR__01,HAR,tBodyAcc-mean()-Y,True,30,30,0.15458329725693898,Observations,60
HAR__01,HAR,tBodyAcc-mean()-Y,True,30,30,0.17606720236957066,Observations,60
HAR__01,HAR,tBodyAcc-mean()-Y,True,30,30,0.20053692928235056,Observations,60
HAR__01,HAR,tBodyAcc-mean()-Y,True,30,30,0.2284074459340916,Observations,60
HAR__01,HAR,tBodyAcc-mean()-Y,True,30,30,0.2601513922888541,Observations,60
HAR__01,HAR,tBodyAcc-mean()-Y,True,30,30,0.29630709556359386,Binned,18
HAR__01,HAR,tBodyAcc-mean()-Y,True,30,30,0.33748769940792006,Binned,18
HAR__01,HAR,tBodyAcc-mean()-Y,True,30,30,0.38439156185244217,Binned,18
HAR__01,HAR,tBodyAcc-mean()-Y,True,30,30,0.4378140983584905,Binned,18
HAR__01,HAR,tBodyAcc-mean()-Y,True,30,30,0.4986612708086434,Five-number,10
HAR__01,HAR,tBodyAcc-mean()-Y,True,30,30,0.5679649511900395,Five-number,10
HAR__01,HAR,tBodyAcc-mean()-Y,True,30,30,0.6469004205142944,Five-number,10
HAR__01,HAR,tBodyAcc-mean()-Y,True,30,30,0.7368062997280774,Five-number,10
HAR__01,HAR,tBodyAcc-mean()-Y,True,30,30,0.8392072506111242,Five-number,10
HAR__01,HAR,tBodyAcc-mean()-Y,True,30,30,0.9558398316330861,Five-number,10
HAR__01,HAR,tBodyAcc-mean()-Y,True,30,30,1.0886819472437184,Means,2
HAR__01,HAR,tBodyAcc-mean()-Y,True,30,30,1.2399863900098937,Means,2
HAR__01,HAR,tBodyAcc-mean()-Y,True,30,30,1.4123190444211153,Means,2
HAR__01,HAR,tBodyAcc-mean()-Y,True,30,30,1.6086024002397787,Means,2
HAR__01,HAR,tBodyAcc-mean()-Y,True,30,30,1.8321651133138896,Means,2
HAR__01,HAR,tBodyAcc-mean()-Y,True,30,30,2.0867984543253986,Means,2
HAR__01,HAR,tBodyAcc-mean()-Y,True,30,30,2.376820602755804,Means,2
HAR__01,HAR,tBodyAcc-mean()-Y,True,30,30,2.7071498763931694,Means,2
HAR__01,HAR,tBodyAcc-mean()-Y,True,30,30,3.083388138237417,Means,2
HAR__01,HAR,tBodyAcc-mean()-Y,True,30,30,3.511915795253308,Means,2
HAR__01,HAR,tBodyAcc-mean()-Y,True,30,30,4.0,Means,2
HAR__02,HAR,tBodyAcc-mean()-Z,True,30,30,0.025,Observations,60
HAR__02,HAR,tBodyAcc-mean()-Z,True,30,30,0.02847448681291267,Observations,60
HAR__02,HAR,tBodyAcc-mean()-Z,True,30,30,0.032431855970349484,Observations,60
HAR__02,HAR,tBodyAcc-mean()-Z,True,30,30,0.03693921820583997,Observations,60
HAR__02,HAR,tBodyAcc-mean()-Z,True,30,30,0.04207301126725973,Observations,60
HAR__02,HAR,tBodyAcc-mean()-Z,True,30,30,0.04792029618036453,Observations,60
HAR__02,HAR,tBodyAcc-mean()-Z,True,30,30,0.05458023366634633,Observations,60
HAR__02,HAR,tBodyAcc-mean()-Z,True,30,30,0.06216576575112282,Observations,60
HAR__02,HAR,tBodyAcc-mean()-Z,True,30,30,0.07080553108379858,Observations,60
HAR__02,HAR,tBodyAcc-mean()-Z,True,30,30,0.08064604644507599,Observations,60
HAR__02,HAR,tBodyAcc-mean()-Z,True,30,30,0.0918541914405543,Observations,60
HAR__02,HAR,tBodyAcc-mean()-Z,True,30,30,0.10462003851539275,Observations,60
HAR__02,HAR,tBodyAcc-mean()-Z,True,30,30,0.11916007628291865,Observations,60
HAR__02,HAR,tBodyAcc-mean()-Z,True,30,30,0.13572088082974534,Observations,60
HAR__02,HAR,tBodyAcc-mean()-Z,True,30,30,0.15458329725693898,Observations,60
HAR__02,HAR,tBodyAcc-mean()-Z,True,30,30,0.17606720236957066,Observations,60
HAR__02,HAR,tBodyAcc-mean()-Z,True,30,30,0.20053692928235056,Observations,60
HAR__02,HAR,tBodyAcc-mean()-Z,True,30,30,0.2284074459340916,Observations,60
HAR__02,HAR,tBodyAcc-mean()-Z,True,30,30,0.2601513922888541,Observations,60
HAR__02,HAR,tBodyAcc-mean()-Z,True,30,30,0.29630709556359386,Observations,60
HAR__02,HAR,tBodyAcc-mean()-Z,True,30,30,0.33748769940792006,Observations,60
HAR__02,HAR,tBodyAcc-mean()-Z,True,30,30,0.38439156185244217,Observations,60
HAR__02,HAR,tBodyAcc-mean()-Z,True,30,30,0.4378140983584905,Binned,18
HAR__02,HAR,tBodyAcc-mean()-Z,True,30,30,0.4986612708086434,Binned,18
HAR__02,HAR,tBodyAcc-mean()-Z,True,30,30,0.5679649511900395,Binned,18
HAR__02,HAR,tBodyAcc-mean()-Z,True,30,30,0.6469004205142944,Binned,18
HAR__02,HAR,tBodyAcc-mean()-Z,True,30,30,0.7368062997280774,Binned,18
HAR__02,HAR,tBodyAcc-mean()-Z,True,30,30,0.8392072506111242,Binned,18
HAR__02,HAR,tBodyAcc-mean()-Z,True,30,30,0.9558398316330861,Binned,18
HAR__02,HAR,tBodyAcc-mean()-Z,True,30,30,1.0886819472437184,Five-number,10
HAR__02,HAR,tBodyAcc-mean()-Z,True,30,30,1.2399863900098937,Five-number,10
HAR__02,HAR,tBodyAcc-mean()-Z,True,30,30,1.4123190444211153,Five-number,10
HAR__02,HAR,tBodyAcc-mean()-Z,True,30,30,1.6086024002397787,Five-number,10
HAR__02,HAR,tBodyAcc-mean()-Z,True,30,30,1.8321651133138896,Means,2
HAR__02,HAR,tBodyAcc-mean()-Z,True,30,30,2.0867984543253986,Means,2
HAR__02,HAR,tBodyAcc-mean()-Z,True,30,30,2.376820602755804,Means,2
HAR__02,HAR,tBodyAcc-mean()-Z,True,30,30,2.7071498763931694,Means,2
HAR__02,HAR,tBodyAcc-mean()-Z,True,30,30,3.083388138237417,Means,2
HAR__02,HAR,tBodyAcc-mean()-Z,True,30,30,3.511915795253308,Means,2
HAR__02,HAR,tBodyAcc-mean()-Z,True,30,30,4.0,Means,2
HAR__03,HAR,tBodyAcc-std()-X,True,30,30,0.025,Observations,60
HAR__03,HAR,tBodyAcc-std()-X,True,30,30,0.02847448681291267,Observations,60
HAR__03,HAR,tBodyAcc-std()-X,True,30,30,0.032431855970349484,Observations,60
HAR__03,HAR,tBodyAcc-std()-X,True,30,30,0.03693921820583997,Observations,60
HAR__03,HAR,tBodyAcc-std()-X,True,30,30,0.04207301126725973,Observations,60
HAR__03,HAR,tBodyAcc-std()-X,True,30,30,0.04792029618036453,Observations,60
HAR__03,HAR,tBodyAcc-std()-X,True,30,30,0.05458023366634633,Observations,60
HAR__03,HAR,tBodyAcc-std()-X,True,30,30,0.06216576575112282,Observations,60
HAR__03,HAR,tBodyAcc-std()-X,True,30,30,0.07080553108379858,Observations,60
HAR__03,HAR,tBodyAcc-std()-X,True,30,30,0.08064604644507599,Observations,60
HAR__03,HAR,tBodyAcc-std()-X,True,30,30,0.0918541914405543,Observations,60
HAR__03,HAR,tBodyAcc-std()-X,True,30,30,0.10462003851539275,Observations,60
HAR__03,HAR,tBodyAcc-std()-X,True,30,30,0.11916007628291865,Observations,60
HAR__03,HAR,tBodyAcc-std()-X,True,30,30,0.13572088082974534,Observations,60
HAR__03,HAR,tBodyAcc-std()-X,True,30,30,0.15458329725693898,Observations,60
HAR__03,HAR,tBodyAcc-std()-X,True,30,30,0.17606720236957066,Observations,60
HAR__03,HAR,tBodyAcc-std()-X,True,30,30,0.20053692928235056,Observations,60
HAR__03,HAR,tBodyAcc-std()-X,True,30,30,0.2284074459340916,Observations,60
HAR__03,HAR,tBodyAcc-std()-X,True,30,30,0.2601513922888541,Observations,60
HAR__03,HAR,tBodyAcc-std()-X,True,30,30,0.29630709556359386,Observations,60
HAR__03,HAR,tBodyAcc-std()-X,True,30,30,0.33748769940792006,Observations,60
HAR__03,HAR,tBodyAcc-std()-X,True,30,30,0.38439156185244217,Observations,60
HAR__03,HAR,tBodyAcc-std()-X,True,30,30,0.4378140983584905,Observations,60
HAR__03,HAR,tBodyAcc-std()-X,True,30,30,0.4986612708086434,Observations,60
HAR__03,HAR,tBodyAcc-std()-X,True,30,30,0.5679649511900395,Observations,60
HAR__03,HAR,tBodyAcc-std()-X,True,30,30,0.6469004205142944,Observations,60
HAR__03,HAR,tBodyAcc-std()-X,True,30,30,0.7368062997280774,Observations,60
HAR__03,HAR,tBodyAcc-std()-X,True,30,30,0.8392072506111242,Binned,34
HAR__03,HAR,tBodyAcc-std()-X,True,30,30,0.9558398316330861,Binned,34
HAR__03,HAR,tBodyAcc-std()-X,True,30,30,1.0886819472437184,Binned,34
HAR__03,HAR,tBodyAcc-std()-X,True,30,30,1.2399863900098937,Five-number,10
HAR__03,HAR,tBodyAcc-std()-X,True,30,30,1.4123190444211153,Five-number,10
HAR__03,HAR,tBodyAcc-std()-X,True,30,30,1.6086024002397787,Five-number,10
HAR__03,HAR,tBodyAcc-std()-X,True,30,30,1.8321651133138896,Five-number,10
HAR__03,HAR,tBodyAcc-std()-X,True,30,30,2.0867984543253986,Five-number,10
HAR__03,HAR,tBodyAcc-std()-X,True,30,30,2.376820602755804,Five-number,10
HAR__03,HAR,tBodyAcc-std()-X,True,30,30,2.7071498763931694,Means,2
HAR__03,HAR,tBodyAcc-std()-X,True,30,30,3.083388138237417,Means,2
HAR__03,HAR,tBodyAcc-std()-X,True,30,30,3.511915795253308,Means,2
HAR__03,HAR,tBodyAcc-std()-X,True,30,30,4.0,Means,2
HAR__04,HAR,tBodyAcc-std()-Y,True,30,30,0.025,Observations,60
HAR__04,HAR,tBodyAcc-std()-Y,True,30,30,0.02847448681291267,Observations,60
HAR__04,HAR,tBodyAcc-std()-Y,True,30,30,0.032431855970349484,Observations,60
HAR__04,HAR,tBodyAcc-std()-Y,True,30,30,0.03693921820583997,Observations,60
HAR__04,HAR,tBodyAcc-std()-Y,True,30,30,0.04207301126725973,Observations,60
HAR__04,HAR,tBodyAcc-std()-Y,True,30,30,0.04792029618036453,Observations,60
HAR__04,HAR,tBodyAcc-std()-Y,True,30,30,0.05458023366634633,Observations,60
HAR__04,HAR,tBodyAcc-std()-Y,True,30,30,0.06216576575112282,Observations,60
HAR__04,HAR,tBodyAcc-std()-Y,True,30,30,0.07080553108379858,Observations,60
HAR__04,HAR,tBodyAcc-std()-Y,True,30,30,0.08064604644507599,Observations,60
HAR__04,HAR,tBodyAcc-std()-Y,True,30,30,0.0918541914405543,Observations,60
HAR__04,HAR,tBodyAcc-std()-Y,True,30,30,0.10462003851539275,Observations,60
HAR__04,HAR,tBodyAcc-std()-Y,True,30,30,0.11916007628291865,Observations,60
HAR__04,HAR,tBodyAcc-std()-Y,True,30,30,0.13572088082974534,Observations,60
HAR__04,HAR,tBodyAcc-std()-Y,True,30,30,0.15458329725693898,Observations,60
HAR__04,HAR,tBodyAcc-std()-Y,True,30,30,0.17606720236957066,Observations,60
HAR__04,HAR,tBodyAcc-std()-Y,True,30,30,0.20053692928235056,Observations,60
HAR__04,HAR,tBodyAcc-std()-Y,True,30,30,0.2284074459340916,Observations,60
HAR__04,HAR,tBodyAcc-std()-Y,True,30,30,0.2601513922888541,Observations,60
HAR__04,HAR,tBodyAcc-std()-Y,True,30,30,0.29630709556359386,Observations,60
HAR__04,HAR,tBodyAcc-std()-Y,True,30,30,0.33748769940792006,Observations,60
HAR__04,HAR,tBodyAcc-std()-Y,True,30,30,0.38439156185244217,Observations,60
HAR__04,HAR,tBodyAcc-std()-Y,True,30,30,0.4378140983584905,Binned,34
HAR__04,HAR,tBodyAcc-std()-Y,True,30,30,0.4986612708086434,Binned,34
HAR__04,HAR,tBodyAcc-std()-Y,True,30,30,0.5679649511900395,Binned,34
HAR__04,HAR,tBodyAcc-std()-Y,True,30,30,0.6469004205142944,Binned,34
HAR__04,HAR,tBodyAcc-std()-Y,True,30,30,0.7368062997280774,Binned,34
HAR__04,HAR,tBodyAcc-std()-Y,True,30,30,0.8392072506111242,Binned,34
HAR__04,HAR,tBodyAcc-std()-Y,True,30,30,0.9558398316330861,Five-number,10
HAR__04,HAR,tBodyAcc-std()-Y,True,30,30,1.0886819472437184,Five-number,10
HAR__04,HAR,tBodyAcc-std()-Y,True,30,30,1.2399863900098937,Five-number,10
HAR__04,HAR,tBodyAcc-std()-Y,True,30,30,1.4123190444211153,Five-number,10
HAR__04,HAR,tBodyAcc-std()-Y,True,30,30,1.6086024002397787,Five-number,10
HAR__04,HAR,tBodyAcc-std()-Y,True,30,30,1.8321651133138896,Five-number,10
HAR__04,HAR,tBodyAcc-std()-Y,True,30,30,2.0867984543253986,Five-number,10
HAR__04,HAR,tBodyAcc-std()-Y,True,30,30,2.376820602755804,Five-number,10
HAR__04,HAR,tBodyAcc-std()-Y,True,30,30,2.7071498763931694,Means,2
HAR__04,HAR,tBodyAcc-std()-Y,True,30,30,3.083388138237417,Means,2
HAR__04,HAR,tBodyAcc-std()-Y,True,30,30,3.511915795253308,Means,2
HAR__04,HAR,tBodyAcc-std()-Y,True,30,30,4.0,Means,2
HAR__05,HAR,tBodyAcc-std()-Z,True,30,30,0.025,Observations,60
HAR__05,HAR,tBodyAcc-std()-Z,True,30,30,0.02847448681291267,Observations,60
HAR__05,HAR,tBodyAcc-std()-Z,True,30,30,0.032431855970349484,Observations,60
HAR__05,HAR,tBodyAcc-std()-Z,True,30,30,0.03693921820583997,Observations,60
HAR__05,HAR,tBodyAcc-std()-Z,True,30,30,0.04207301126725973,Observations,60
HAR__05,HAR,tBodyAcc-std()-Z,True,30,30,0.04792029618036453,Observations,60
HAR__05,HAR,tBodyAcc-std()-Z,True,30,30,0.05458023366634633,Observations,60
HAR__05,HAR,tBodyAcc-std()-Z,True,30,30,0.06216576575112282,Observations,60
HAR__05,HAR,tBodyAcc-std()-Z,True,30,30,0.07080553108379858,Observations,60
HAR__05,HAR,tBodyAcc-std()-Z,True,30,30,0.08064604644507599,Observations,60
HAR__05,HAR,tBodyAcc-std()-Z,True,30,30,0.0918541914405543,Observations,60
HAR__05,HAR,tBodyAcc-std()-Z,True,30,30,0.10462003851539275,Observations,60
HAR__05,HAR,tBodyAcc-std()-Z,True,30,30,0.11916007628291865,Observations,60
HAR__05,HAR,tBodyAcc-std()-Z,True,30,30,0.13572088082974534,Observations,60
HAR__05,HAR,tBodyAcc-std()-Z,True,30,30,0.15458329725693898,Observations,60
HAR__05,HAR,tBodyAcc-std()-Z,True,30,30,0.17606720236957066,Observations,60
HAR__05,HAR,tBodyAcc-std()-Z,True,30,30,0.20053692928235056,Observations,60
HAR__05,HAR,tBodyAcc-std()-Z,True,30,30,0.2284074459340916,Observations,60
HAR__05,HAR,tBodyAcc-std()-Z,True,30,30,0.2601513922888541,Observations,60
HAR__05,HAR,tBodyAcc-std()-Z,True,30,30,0.29630709556359386,Observations,60
HAR__05,HAR,tBodyAcc-std()-Z,True,30,30,0.33748769940792006,Observations,60
HAR__05,HAR,tBodyAcc-std()-Z,True,30,30,0.38439156185244217,Observations,60
HAR__05,HAR,tBodyAcc-std()-Z,True,30,30,0.4378140983584905,Observations,60
HAR__05,HAR,tBodyAcc-std()-Z,True,30,30,0.4986612708086434,Binned,34
HAR__05,HAR,tBodyAcc-std()-Z,True,30,30,0.5679649511900395,Five-number,10
HAR__05,HAR,tBodyAcc-std()-Z,True,30,30,0.6469004205142944,Five-number,10
HAR__05,HAR,tBodyAcc-std()-Z,True,30,30,0.7368062997280774,Five-number,10
HAR__05,HAR,tBodyAcc-std()-Z,True,30,30,0.8392072506111242,Five-number,10
HAR__05,HAR,tBodyAcc-std()-Z,True,30,30,0.9558398316330861,Five-number,10
HAR__05,HAR,tBodyAcc-std()-Z,True,30,30,1.0886819472437184,Five-number,10
HAR__05,HAR,tBodyAcc-std()-Z,True,30,30,1.2399863900098937,Five-number,10
HAR__05,HAR,tBodyAcc-std()-Z,True,30,30,1.4123190444211153,Five-number,10
HAR__05,HAR,tBodyAcc-std()-Z,True,30,30,1.6086024002397787,Five-number,10
HAR__05,HAR,tBodyAcc-std()-Z,True,30,30,1.8321651133138896,Five-number,10
HAR__05,HAR,tBodyAcc-std()-Z,True,30,30,2.0867984543253986,Five-number,10
HAR__05,HAR,tBodyAcc-std()-Z,True,30,30,2.376820602755804,Five-number,10
HAR__05,HAR,tBodyAcc-std()-Z,True,30,30,2.7071498763931694,Means,2
HAR__05,HAR,tBodyAcc-std()-Z,True,30,30,3.083388138237417,Means,2
HAR__05,HAR,tBodyAcc-std()-Z,True,30,30,3.511915795253308,Means,2
HAR__05,HAR,tBodyAcc-std()-Z,True,30,30,4.0,Means,2
HAR__06,HAR,tGravityAcc-mean()-X,True,30,30,0.025,Observations,60
HAR__06,HAR,tGravityAcc-mean()-X,True,30,30,0.02847448681291267,Observations,60
HAR__06,HAR,tGravityAcc-mean()-X,True,30,30,0.032431855970349484,Observations,60
HAR__06,HAR,tGravityAcc-mean()-X,True,30,30,0.03693921820583997,Observations,60
HAR__06,HAR,tGravityAcc-mean()-X,True,30,30,0.04207301126725973,Observations,60
HAR__06,HAR,tGravityAcc-mean()-X,True,30,30,0.04792029618036453,Observations,60
HAR__06,HAR,tGravityAcc-mean()-X,True,30,30,0.05458023366634633,Observations,60
HAR__06,HAR,tGravityAcc-mean()-X,True,30,30,0.06216576575112282,Observations,60
HAR__06,HAR,tGravityAcc-mean()-X,True,30,30,0.07080553108379858,Observations,60
HAR__06,HAR,tGravityAcc-mean()-X,True,30,30,0.08064604644507599,Observations,60
HAR__06,HAR,tGravityAcc-mean()-X,True,30,30,0.0918541914405543,Observations,60
HAR__06,HAR,tGravityAcc-mean()-X,True,30,30,0.10462003851539275,Observations,60
HAR__06,HAR,tGravityAcc-mean()-X,True,30,30,0.11916007628291865,Observations,60
HAR__06,HAR,tGravityAcc-mean()-X,True,30,30,0.13572088082974534,Observations,60
HAR__06,HAR,tGravityAcc-mean()-X,True,30,30,0.15458329725693898,Observations,60
HAR__06,HAR,tGravityAcc-mean()-X,True,30,30,0.17606720236957066,Observations,60
HAR__06,HAR,tGravityAcc-mean()-X,True,30,30,0.20053692928235056,Observations,60
HAR__06,HAR,tGravityAcc-mean()-X,True,30,30,0.2284074459340916,Observations,60
HAR__06,HAR,tGravityAcc-mean()-X,True,30,30,0.2601513922888541,Observations,60
HAR__06,HAR,tGravityAcc-mean()-X,True,30,30,0.29630709556359386,Observations,60
HAR__06,HAR,tGravityAcc-mean()-X,True,30,30,0.33748769940792006,Observations,60
HAR__06,HAR,tGravityAcc-mean()-X,True,30,30,0.38439156185244217,Density,34
HAR__06,HAR,tGravityAcc-mean()-X,True,30,30,0.4378140983584905,Density,34
HAR__06,HAR,tGravityAcc-mean()-X,True,30,30,0.4986612708086434,Density,18
HAR__06,HAR,tGravityAcc-mean()-X,True,30,30,0.5679649511900395,Density,18
HAR__06,HAR,tGravityAcc-mean()-X,True,30,30,0.6469004205142944,Binned,10
HAR__06,HAR,tGravityAcc-mean()-X,True,30,30,0.7368062997280774,Binned,10
HAR__06,HAR,tGravityAcc-mean()-X,True,30,30,0.8392072506111242,Binned,10
HAR__06,HAR,tGravityAcc-mean()-X,True,30,30,0.9558398316330861,Binned,10
HAR__06,HAR,tGravityAcc-mean()-X,True,30,30,1.0886819472437184,Binned,10
HAR__06,HAR,tGravityAcc-mean()-X,True,30,30,1.2399863900098937,Binned,10
HAR__06,HAR,tGravityAcc-mean()-X,True,30,30,1.4123190444211153,Binned,10
HAR__06,HAR,tGravityAcc-mean()-X,True,30,30,1.6086024002397787,Means,2
HAR__06,HAR,tGravityAcc-mean()-X,True,30,30,1.8321651133138896,Means,2
HAR__06,HAR,tGravityAcc-mean()-X,True,30,30,2.0867984543253986,Means,2
HAR__06,HAR,tGravityAcc-mean()-X,True,30,30,2.376820602755804,Means,2
HAR__06,HAR,tGravityAcc-mean()-X,True,30,30,2.7071498763931694,Means,2
HAR__06,HAR,tGravityAcc-mean()-X,True,30,30,3.083388138237417,Means,2
HAR__06,HAR,tGravityAcc-mean()-X,True,30,30,3.511915795253308,Means,2
HAR__06,HAR,tGravityAcc-mean()-X,True,30,30,4.0,Means,2
HAR__07,HAR,tGravityAcc-mean()-Y,True,30,30,0.025,Observations,60
HAR__07,HAR,tGravityAcc-mean()-Y,True,30,30,0.02847448681291267,Observations,60
HAR__07,HAR,tGravityAcc-mean()-Y,True,30,30,0.032431855970349484,Observations,60
HAR__07,HAR,tGravityAcc-mean()-Y,True,30,30,0.03693921820583997,Observations,60
HAR__07,HAR,tGravityAcc-mean()-Y,True,30,30,0.04207301126725973,Observations,60
HAR__07,HAR,tGravityAcc-mean()-Y,True,30,30,0.04792029618036453,Observations,60
HAR__07,HAR,tGravityAcc-mean()-Y,True,30,30,0.05458023366634633,Observations,60
HAR__07,HAR,tGravityAcc-mean()-Y,True,30,30,0.06216576575112282,Observations,60
HAR__07,HAR,tGravityAcc-mean()-Y,True,30,30,0.07080553108379858,Observations,60
HAR__07,HAR,tGravityAcc-mean()-Y,True,30,30,0.08064604644507599,Observations,60
HAR__07,HAR,tGravityAcc-mean()-Y,True,30,30,0.0918541914405543,Observations,60
HAR__07,HAR,tGravityAcc-mean()-Y,True,30,30,0.10462003851539275,Observations,60
HAR__07,HAR,tGravityAcc-mean()-Y,True,30,30,0.11916007628291865,Observations,60
HAR__07,HAR,tGravityAcc-mean()-Y,True,30,30,0.13572088082974534,Observations,60
HAR__07,HAR,tGravityAcc-mean()-Y,True,30,30,0.15458329725693898,Observations,60
HAR__07,HAR,tGravityAcc-mean()-Y,True,30,30,0.17606720236957066,Observations,60
HAR__07,HAR,tGravityAcc-mean()-Y,True,30,30,0.20053692928235056,Five-number,10
HAR__07,HAR,tGravityAcc-mean()-Y,True,30,30,0.2284074459340916,Five-number,10
HAR__07,HAR,tGravityAcc-mean()-Y,True,30,30,0.2601513922888541,Five-number,10
HAR__07,HAR,tGravityAcc-mean()-Y,True,30,30,0.29630709556359386,Five-number,10
HAR__07,HAR,tGravityAcc-mean()-Y,True,30,30,0.33748769940792006,Five-number,10
HAR__07,HAR,tGravityAcc-mean()-Y,True,30,30,0.38439156185244217,Five-number,10
HAR__07,HAR,tGravityAcc-mean()-Y,True,30,30,0.4378140983584905,Five-number,10
HAR__07,HAR,tGravityAcc-mean()-Y,True,30,30,0.4986612708086434,Five-number,10
HAR__07,HAR,tGravityAcc-mean()-Y,True,30,30,0.5679649511900395,Five-number,10
HAR__07,HAR,tGravityAcc-mean()-Y,True,30,30,0.6469004205142944,Five-number,10
HAR__07,HAR,tGravityAcc-mean()-Y,True,30,30,0.7368062997280774,Five-number,10
HAR__07,HAR,tGravityAcc-mean()-Y,True,30,30,0.8392072506111242,Means,2
HAR__07,HAR,tGravityAcc-mean()-Y,True,30,30,0.9558398316330861,Means,2
HAR__07,HAR,tGravityAcc-mean()-Y,True,30,30,1.0886819472437184,Means,2
HAR__07,HAR,tGravityAcc-mean()-Y,True,30,30,1.2399863900098937,Means,2
HAR__07,HAR,tGravityAcc-mean()-Y,True,30,30,1.4123190444211153,Means,2
HAR__07,HAR,tGravityAcc-mean()-Y,True,30,30,1.6086024002397787,Means,2
HAR__07,HAR,tGravityAcc-mean()-Y,True,30,30,1.8321651133138896,Means,2
HAR__07,HAR,tGravityAcc-mean()-Y,True,30,30,2.0867984543253986,Means,2
HAR__07,HAR,tGravityAcc-mean()-Y,True,30,30,2.376820602755804,Means,2
HAR__07,HAR,tGravityAcc-mean()-Y,True,30,30,2.7071498763931694,Means,2
HAR__07,HAR,tGravityAcc-mean()-Y,True,30,30,3.083388138237417,Means,2
HAR__07,HAR,tGravityAcc-mean()-Y,True,30,30,3.511915795253308,Means,2
HAR__07,HAR,tGravityAcc-mean()-Y,True,30,30,4.0,Means,2
HAR__08,HAR,tGravityAcc-mean()-Z,True,30,30,0.025,Observations,60
HAR__08,HAR,tGravityAcc-mean()-Z,True,30,30,0.02847448681291267,Observations,60
HAR__08,HAR,tGravityAcc-mean()-Z,True,30,30,0.032431855970349484,Observations,60
HAR__08,HAR,tGravityAcc-mean()-Z,True,30,30,0.03693921820583997,Observations,60
HAR__08,HAR,tGravityAcc-mean()-Z,True,30,30,0.04207301126725973,Observations,60
HAR__08,HAR,tGravityAcc-mean()-Z,True,30,30,0.04792029618036453,Observations,60
HAR__08,HAR,tGravityAcc-mean()-Z,True,30,30,0.05458023366634633,Observations,60
HAR__08,HAR,tGravityAcc-mean()-Z,True,30,30,0.06216576575112282,Observations,60
HAR__08,HAR,tGravityAcc-mean()-Z,True,30,30,0.07080553108379858,Observations,60
HAR__08,HAR,tGravityAcc-mean()-Z,True,30,30,0.08064604644507599,Observations,60
HAR__08,HAR,tGravityAcc-mean()-Z,True,30,30,0.0918541914405543,Observations,60
HAR__08,HAR,tGravityAcc-mean()-Z,True,30,30,0.10462003851539275,Observations,60
HAR__08,HAR,tGravityAcc-mean()-Z,True,30,30,0.11916007628291865,Observations,60
HAR__08,HAR,tGravityAcc-mean()-Z,True,30,30,0.13572088082974534,Observations,60
HAR__08,HAR,tGravityAcc-mean()-Z,True,30,30,0.15458329725693898,Observations,60
HAR__08,HAR,tGravityAcc-mean()-Z,True,30,30,0.17606720236957066,Observations,60
HAR__08,HAR,tGravityAcc-mean()-Z,True,30,30,0.20053692928235056,Observations,60
HAR__08,HAR,tGravityAcc-mean()-Z,True,30,30,0.2284074459340916,Binned,34
HAR__08,HAR,tGravityAcc-mean()-Z,True,30,30,0.2601513922888541,Binned,18
HAR__08,HAR,tGravityAcc-mean()-Z,True,30,30,0.29630709556359386,Means,2
HAR__08,HAR,tGravityAcc-mean()-Z,True,30,30,0.33748769940792006,Means,2
HAR__08,HAR,tGravityAcc-mean()-Z,True,30,30,0.38439156185244217,Means,2
HAR__08,HAR,tGravityAcc-mean()-Z,True,30,30,0.4378140983584905,Means,2
HAR__08,HAR,tGravityAcc-mean()-Z,True,30,30,0.4986612708086434,Means,2
HAR__08,HAR,tGravityAcc-mean()-Z,True,30,30,0.5679649511900395,Means,2
HAR__08,HAR,tGravityAcc-mean()-Z,True,30,30,0.6469004205142944,Means,2
HAR__08,HAR,tGravityAcc-mean()-Z,True,30,30,0.7368062997280774,Means,2
HAR__08,HAR,tGravityAcc-mean()-Z,True,30,30,0.8392072506111242,Means,2
HAR__08,HAR,tGravityAcc-mean()-Z,True,30,30,0.9558398316330861,Means,2
HAR__08,HAR,tGravityAcc-mean()-Z,True,30,30,1.0886819472437184,Means,2
HAR__08,HAR,tGravityAcc-mean()-Z,True,30,30,1.2399863900098937,Means,2
HAR__08,HAR,tGravityAcc-mean()-Z,True,30,30,1.4123190444211153,Means,2
HAR__08,HAR,tGravityAcc-mean()-Z,True,30,30,1.6086024002397787,Means,2
HAR__08,HAR,tGravityAcc-mean()-Z,True,30,30,1.8321651133138896,Means,2
HAR__08,HAR,tGravityAcc-mean()-Z,True,30,30,2.0867984543253986,Means,2
HAR__08,HAR,tGravityAcc-mean()-Z,True,30,30,2.376820602755804,Means,2
HAR__08,HAR,tGravityAcc-mean()-Z,True,30,30,2.7071498763931694,Means,2
HAR__08,HAR,tGravityAcc-mean()-Z,True,30,30,3.083388138237417,Means,2
HAR__08,HAR,tGravityAcc-mean()-Z,True,30,30,3.511915795253308,Means,2
HAR__08,HAR,tGravityAcc-mean()-Z,True,30,30,4.0,Means,2
HAR__09,HAR,tGravityAcc-std()-X,True,30,30,0.025,Observations,60
HAR__09,HAR,tGravityAcc-std()-X,True,30,30,0.02847448681291267,Observations,60
HAR__09,HAR,tGravityAcc-std()-X,True,30,30,0.032431855970349484,Observations,60
HAR__09,HAR,tGravityAcc-std()-X,True,30,30,0.03693921820583997,Observations,60
HAR__09,HAR,tGravityAcc-std()-X,True,30,30,0.04207301126725973,Observations,60
HAR__09,HAR,tGravityAcc-std()-X,True,30,30,0.04792029618036453,Observations,60
HAR__09,HAR,tGravityAcc-std()-X,True,30,30,0.05458023366634633,Observations,60
HAR__09,HAR,tGravityAcc-std()-X,True,30,30,0.06216576575112282,Observations,60
HAR__09,HAR,tGravityAcc-std()-X,True,30,30,0.07080553108379858,Observations,60
HAR__09,HAR,tGravityAcc-std()-X,True,30,30,0.08064604644507599,Observations,60
HAR__09,HAR,tGravityAcc-std()-X,True,30,30,0.0918541914405543,Observations,60
HAR__09,HAR,tGravityAcc-std()-X,True,30,30,0.10462003851539275,Observations,60
HAR__09,HAR,tGravityAcc-std()-X,True,30,30,0.11916007628291865,Observations,60
HAR__09,HAR,tGravityAcc-std()-X,True,30,30,0.13572088082974534,Observations,60
HAR__09,HAR,tGravityAcc-std()-X,True,30,30,0.15458329725693898,Observations,60
HAR__09,HAR,tGravityAcc-std()-X,True,30,30,0.17606720236957066,Observations,60
HAR__09,HAR,tGravityAcc-std()-X,True,30,30,0.20053692928235056,Observations,60
HAR__09,HAR,tGravityAcc-std()-X,True,30,30,0.2284074459340916,Observations,60
HAR__09,HAR,tGravityAcc-std()-X,True,30,30,0.2601513922888541,Observations,60
HAR__09,HAR,tGravityAcc-std()-X,True,30,30,0.29630709556359386,Observations,60
HAR__09,HAR,tGravityAcc-std()-X,True,30,30,0.33748769940792006,Binned,18
HAR__09,HAR,tGravityAcc-std()-X,True,30,30,0.38439156185244217,Binned,18
HAR__09,HAR,tGravityAcc-std()-X,True,30,30,0.4378140983584905,Binned,18
HAR__09,HAR,tGravityAcc-std()-X,True,30,30,0.4986612708086434,Binned,18
HAR__09,HAR,tGravityAcc-std()-X,True,30,30,0.5679649511900395,Binned,18
HAR__09,HAR,tGravityAcc-std()-X,True,30,30,0.6469004205142944,Binned,18
HAR__09,HAR,tGravityAcc-std()-X,True,30,30,0.7368062997280774,Binned,18
HAR__09,HAR,tGravityAcc-std()-X,True,30,30,0.8392072506111242,Binned,10
HAR__09,HAR,tGravityAcc-std()-X,True,30,30,0.9558398316330861,Binned,10
HAR__09,HAR,tGravityAcc-std()-X,True,30,30,1.0886819472437184,Means,2
HAR__09,HAR,tGravityAcc-std()-X,True,30,30,1.2399863900098937,Means,2
HAR__09,HAR,tGravityAcc-std()-X,True,30,30,1.4123190444211153,Means,2
HAR__09,HAR,tGravityAcc-std()-X,True,30,30,1.6086024002397787,Means,2
HAR__09,HAR,tGravityAcc-std()-X,True,30,30,1.8321651133138896,Means,2
HAR__09,HAR,tGravityAcc-std()-X,True,30,30,2.0867984543253986,Means,2
HAR__09,HAR,tGravityAcc-std()-X,True,30,30,2.376820602755804,Means,2
HAR__09,HAR,tGravityAcc-std()-X,True,30,30,2.7071498763931694,Means,2
HAR__09,HAR,tGravityAcc-std()-X,True,30,30,3.083388138237417,Means,2
HAR__09,HAR,tGravityAcc-std()-X,True,30,30,3.511915795253308,Means,2
HAR__09,HAR,tGravityAcc-std()-X,True,30,30,4.0,Means,2
HAR__10,HAR,tGravityAcc-std()-Y,True,30,30,0.025,Observations,60
HAR__10,HAR,tGravityAcc-std()-Y,True,30,30,0.02847448681291267,Observations,60
HAR__10,HAR,tGravityAcc-std()-Y,True,30,30,0.032431855970349484,Observations,60
HAR__10,HAR,tGravityAcc-std()-Y,True,30,30,0.03693921820583997,Observations,60
HAR__10,HAR,tGravityAcc-std()-Y,True,30,30,0.04207301126725973,Observations,60
HAR__10,HAR,tGravityAcc-std()-Y,True,30,30,0.04792029618036453,Observations,60
HAR__10,HAR,tGravityAcc-std()-Y,True,30,30,0.05458023366634633,Observations,60
HAR__10,HAR,tGravityAcc-std()-Y,True,30,30,0.06216576575112282,Observations,60
HAR__10,HAR,tGravityAcc-std()-Y,True,30,30,0.07080553108379858,Observations,60
HAR__10,HAR,tGravityAcc-std()-Y,True,30,30,0.08064604644507599,Observations,60
HAR__10,HAR,tGravityAcc-std()-Y,True,30,30,0.0918541914405543,Observations,60
HAR__10,HAR,tGravityAcc-std()-Y,True,30,30,0.10462003851539275,Observations,60
HAR__10,HAR,tGravityAcc-std()-Y,True,30,30,0.11916007628291865,Observations,60
HAR__10,HAR,tGravityAcc-std()-Y,True,30,30,0.13572088082974534,Observations,60
HAR__10,HAR,tGravityAcc-std()-Y,True,30,30,0.15458329725693898,Observations,60
HAR__10,HAR,tGravityAcc-std()-Y,True,30,30,0.17606720236957066,Observations,60
HAR__10,HAR,tGravityAcc-std()-Y,True,30,30,0.20053692928235056,Observations,60
HAR__10,HAR,tGravityAcc-std()-Y,True,30,30,0.2284074459340916,Observations,60
HAR__10,HAR,tGravityAcc-std()-Y,True,30,30,0.2601513922888541,Observations,60
HAR__10,HAR,tGravityAcc-std()-Y,True,30,30,0.29630709556359386,Observations,60
HAR__10,HAR,tGravityAcc-std()-Y,True,30,30,0.33748769940792006,Observations,60
HAR__10,HAR,tGravityAcc-std()-Y,True,30,30,0.38439156185244217,Binned,18
HAR__10,HAR,tGravityAcc-std()-Y,True,30,30,0.4378140983584905,Binned,18
HAR__10,HAR,tGravityAcc-std()-Y,True,30,30,0.4986612708086434,Binned,18
HAR__10,HAR,tGravityAcc-std()-Y,True,30,30,0.5679649511900395,Binned,18
HAR__10,HAR,tGravityAcc-std()-Y,True,30,30,0.6469004205142944,Means,2
HAR__10,HAR,tGravityAcc-std()-Y,True,30,30,0.7368062997280774,Means,2
HAR__10,HAR,tGravityAcc-std()-Y,True,30,30,0.8392072506111242,Means,2
HAR__10,HAR,tGravityAcc-std()-Y,True,30,30,0.9558398316330861,Means,2
HAR__10,HAR,tGravityAcc-std()-Y,True,30,30,1.0886819472437184,Means,2
HAR__10,HAR,tGravityAcc-std()-Y,True,30,30,1.2399863900098937,Means,2
HAR__10,HAR,tGravityAcc-std()-Y,True,30,30,1.4123190444211153,Means,2
HAR__10,HAR,tGravityAcc-std()-Y,True,30,30,1.6086024002397787,Means,2
HAR__10,HAR,tGravityAcc-std()-Y,True,30,30,1.8321651133138896,Means,2
HAR__10,HAR,tGravityAcc-std()-Y,True,30,30,2.0867984543253986,Means,2
HAR__10,HAR,tGravityAcc-std()-Y,True,30,30,2.376820602755804,Means,2
HAR__10,HAR,tGravityAcc-std()-Y,True,30,30,2.7071498763931694,Means,2
HAR__10,HAR,tGravityAcc-std()-Y,True,30,30,3.083388138237417,Means,2
HAR__10,HAR,tGravityAcc-std()-Y,True,30,30,3.511915795253308,Means,2
HAR__10,HAR,tGravityAcc-std()-Y,True,30,30,4.0,Means,2
HAR__11,HAR,tGravityAcc-std()-Z,True,30,30,0.025,Observations,60
HAR__11,HAR,tGravityAcc-std()-Z,True,30,30,0.02847448681291267,Observations,60
HAR__11,HAR,tGravityAcc-std()-Z,True,30,30,0.032431855970349484,Observations,60
HAR__11,HAR,tGravityAcc-std()-Z,True,30,30,0.03693921820583997,Observations,60
HAR__11,HAR,tGravityAcc-std()-Z,True,30,30,0.04207301126725973,Observations,60
HAR__11,HAR,tGravityAcc-std()-Z,True,30,30,0.04792029618036453,Observations,60
HAR__11,HAR,tGravityAcc-std()-Z,True,30,30,0.05458023366634633,Observations,60
HAR__11,HAR,tGravityAcc-std()-Z,True,30,30,0.06216576575112282,Observations,60
HAR__11,HAR,tGravityAcc-std()-Z,True,30,30,0.07080553108379858,Observations,60
HAR__11,HAR,tGravityAcc-std()-Z,True,30,30,0.08064604644507599,Observations,60
HAR__11,HAR,tGravityAcc-std()-Z,True,30,30,0.0918541914405543,Observations,60
HAR__11,HAR,tGravityAcc-std()-Z,True,30,30,0.10462003851539275,Observations,60
HAR__11,HAR,tGravityAcc-std()-Z,True,30,30,0.11916007628291865,Observations,60
HAR__11,HAR,tGravityAcc-std()-Z,True,30,30,0.13572088082974534,Observations,60
HAR__11,HAR,tGravityAcc-std()-Z,True,30,30,0.15458329725693898,Observations,60
HAR__11,HAR,tGravityAcc-std()-Z,True,30,30,0.17606720236957066,Observations,60
HAR__11,HAR,tGravityAcc-std()-Z,True,30,30,0.20053692928235056,Binned,34
HAR__11,HAR,tGravityAcc-std()-Z,True,30,30,0.2284074459340916,Binned,34
HAR__11,HAR,tGravityAcc-std()-Z,True,30,30,0.2601513922888541,Binned,34
HAR__11,HAR,tGravityAcc-std()-Z,True,30,30,0.29630709556359386,Binned,18
HAR__11,HAR,tGravityAcc-std()-Z,True,30,30,0.33748769940792006,Binned,18
HAR__11,HAR,tGravityAcc-std()-Z,True,30,30,0.38439156185244217,Binned,18
HAR__11,HAR,tGravityAcc-std()-Z,True,30,30,0.4378140983584905,Binned,18
HAR__11,HAR,tGravityAcc-std()-Z,True,30,30,0.4986612708086434,Means,2
HAR__11,HAR,tGravityAcc-std()-Z,True,30,30,0.5679649511900395,Means,2
HAR__11,HAR,tGravityAcc-std()-Z,True,30,30,0.6469004205142944,Means,2
HAR__11,HAR,tGravityAcc-std()-Z,True,30,30,0.7368062997280774,Means,2
HAR__11,HAR,tGravityAcc-std()-Z,True,30,30,0.8392072506111242,Means,2
HAR__11,HAR,tGravityAcc-std()-Z,True,30,30,0.9558398316330861,Means,2
HAR__11,HAR,tGravityAcc-std()-Z,True,30,30,1.0886819472437184,Means,2
HAR__11,HAR,tGravityAcc-std()-Z,True,30,30,1.2399863900098937,Means,2
HAR__11,HAR,tGravityAcc-std()-Z,True,30,30,1.4123190444211153,Means,2
HAR__11,HAR,tGravityAcc-std()-Z,True,30,30,1.6086024002397787,Means,2
HAR__11,HAR,tGravityAcc-std()-Z,True,30,30,1.8321651133138896,Means,2
HAR__11,HAR,tGravityAcc-std()-Z,True,30,30,2.0867984543253986,Means,2
HAR__11,HAR,tGravityAcc-std()-Z,True,30,30,2.376820602755804,Means,2
HAR__11,HAR,tGravityAcc-std()-Z,True,30,30,2.7071498763931694,Means,2
HAR__11,HAR,tGravityAcc-std()-Z,True,30,30,3.083388138237417,Means,2
HAR__11,HAR,tGravityAcc-std()-Z,True,30,30,3.511915795253308,Means,2
HAR__11,HAR,tGravityAcc-std()-Z,True,30,30,4.0,Means,2
HAR__12,HAR,tBodyAccJerk-mean()-X,True,30,30,0.025,Observations,60
HAR__12,HAR,tBodyAccJerk-mean()-X,True,30,30,0.02847448681291267,Observations,60
HAR__12,HAR,tBodyAccJerk-mean()-X,True,30,30,0.032431855970349484,Observations,60
HAR__12,HAR,tBodyAccJerk-mean()-X,True,30,30,0.03693921820583997,Observations,60
HAR__12,HAR,tBodyAccJerk-mean()-X,True,30,30,0.04207301126725973,Observations,60
HAR__12,HAR,tBodyAccJerk-mean()-X,True,30,30,0.04792029618036453,Observations,60
HAR__12,HAR,tBodyAccJerk-mean()-X,True,30,30,0.05458023366634633,Observations,60
HAR__12,HAR,tBodyAccJerk-mean()-X,True,30,30,0.06216576575112282,Observations,60
HAR__12,HAR,tBodyAccJerk-mean()-X,True,30,30,0.07080553108379858,Observations,60
HAR__12,HAR,tBodyAccJerk-mean()-X,True,30,30,0.08064604644507599,Observations,60
HAR__12,HAR,tBodyAccJerk-mean()-X,True,30,30,0.0918541914405543,Observations,60
HAR__12,HAR,tBodyAccJerk-mean()-X,True,30,30,0.10462003851539275,Observations,60
HAR__12,HAR,tBodyAccJerk-mean()-X,True,30,30,0.11916007628291865,Observations,60
HAR__12,HAR,tBodyAccJerk-mean()-X,True,30,30,0.13572088082974534,Observations,60
HAR__12,HAR,tBodyAccJerk-mean()-X,True,30,30,0.15458329725693898,Observations,60
HAR__12,HAR,tBodyAccJerk-mean()-X,True,30,30,0.17606720236957066,Observations,60
HAR__12,HAR,tBodyAccJerk-mean()-X,True,30,30,0.20053692928235056,Observations,60
HAR__12,HAR,tBodyAccJerk-mean()-X,True,30,30,0.2284074459340916,Observations,60
HAR__12,HAR,tBodyAccJerk-mean()-X,True,30,30,0.2601513922888541,Binned,34
HAR__12,HAR,tBodyAccJerk-mean()-X,True,30,30,0.29630709556359386,Binned,34
HAR__12,HAR,tBodyAccJerk-mean()-X,True,30,30,0.33748769940792006,Binned,34
HAR__12,HAR,tBodyAccJerk-mean()-X,True,30,30,0.38439156185244217,Binned,34
HAR__12,HAR,tBodyAccJerk-mean()-X,True,30,30,0.4378140983584905,Binned,34
HAR__12,HAR,tBodyAccJerk-mean()-X,True,30,30,0.4986612708086434,Binned,18
HAR__12,HAR,tBodyAccJerk-mean()-X,True,30,30,0.5679649511900395,Binned,18
HAR__12,HAR,tBodyAccJerk-mean()-X,True,30,30,0.6469004205142944,Binned,18
HAR__12,HAR,tBodyAccJerk-mean()-X,True,30,30,0.7368062997280774,Binned,18
HAR__12,HAR,tBodyAccJerk-mean()-X,True,30,30,0.8392072506111242,Binned,18
HAR__12,HAR,tBodyAccJerk-mean()-X,True,30,30,0.9558398316330861,Binned,18
HAR__12,HAR,tBodyAccJerk-mean()-X,True,30,30,1.0886819472437184,Binned,10
HAR__12,HAR,tBodyAccJerk-mean()-X,True,30,30,1.2399863900098937,Binned,10
HAR__12,HAR,tBodyAccJerk-mean()-X,True,30,30,1.4123190444211153,Binned,10
HAR__12,HAR,tBodyAccJerk-mean()-X,True,30,30,1.6086024002397787,Binned,10
HAR__12,HAR,tBodyAccJerk-mean()-X,True,30,30,1.8321651133138896,Means,2
HAR__12,HAR,tBodyAccJerk-mean()-X,True,30,30,2.0867984543253986,Means,2
HAR__12,HAR,tBodyAccJerk-mean()-X,True,30,30,2.376820602755804,Means,2
HAR__12,HAR,tBodyAccJerk-mean()-X,True,30,30,2.7071498763931694,Means,2
HAR__12,HAR,tBodyAccJerk-mean()-X,True,30,30,3.083388138237417,Means,2
HAR__12,HAR,tBodyAccJerk-mean()-X,True,30,30,3.511915795253308,Means,2
HAR__12,HAR,tBodyAccJerk-mean()-X,True,30,30,4.0,Means,2
HAR__13,HAR,tBodyAccJerk-mean()-Y,True,30,30,0.025,Observations,60
HAR__13,HAR,tBodyAccJerk-mean()-Y,True,30,30,0.02847448681291267,Observations,60
HAR__13,HAR,tBodyAccJerk-mean()-Y,True,30,30,0.032431855970349484,Observations,60
HAR__13,HAR,tBodyAccJerk-mean()-Y,True,30,30,0.03693921820583997,Observations,60
HAR__13,HAR,tBodyAccJerk-mean()-Y,True,30,30,0.04207301126725973,Observations,60
HAR__13,HAR,tBodyAccJerk-mean()-Y,True,30,30,0.04792029618036453,Observations,60
HAR__13,HAR,tBodyAccJerk-mean()-Y,True,30,30,0.05458023366634633,Observations,60
HAR__13,HAR,tBodyAccJerk-mean()-Y,True,30,30,0.06216576575112282,Observations,60
HAR__13,HAR,tBodyAccJerk-mean()-Y,True,30,30,0.07080553108379858,Observations,60
HAR__13,HAR,tBodyAccJerk-mean()-Y,True,30,30,0.08064604644507599,Observations,60
HAR__13,HAR,tBodyAccJerk-mean()-Y,True,30,30,0.0918541914405543,Observations,60
HAR__13,HAR,tBodyAccJerk-mean()-Y,True,30,30,0.10462003851539275,Observations,60
HAR__13,HAR,tBodyAccJerk-mean()-Y,True,30,30,0.11916007628291865,Observations,60
HAR__13,HAR,tBodyAccJerk-mean()-Y,True,30,30,0.13572088082974534,Observations,60
HAR__13,HAR,tBodyAccJerk-mean()-Y,True,30,30,0.15458329725693898,Observations,60
HAR__13,HAR,tBodyAccJerk-mean()-Y,True,30,30,0.17606720236957066,Observations,60
HAR__13,HAR,tBodyAccJerk-mean()-Y,True,30,30,0.20053692928235056,Observations,60
HAR__13,HAR,tBodyAccJerk-mean()-Y,True,30,30,0.2284074459340916,Observations,60
HAR__13,HAR,tBodyAccJerk-mean()-Y,True,30,30,0.2601513922888541,Observations,60
HAR__13,HAR,tBodyAccJerk-mean()-Y,True,30,30,0.29630709556359386,Observations,60
HAR__13,HAR,tBodyAccJerk-mean()-Y,True,30,30,0.33748769940792006,Binned,18
HAR__13,HAR,tBodyAccJerk-mean()-Y,True,30,30,0.38439156185244217,Binned,18
HAR__13,HAR,tBodyAccJerk-mean()-Y,True,30,30,0.4378140983584905,Binned,18
HAR__13,HAR,tBodyAccJerk-mean()-Y,True,30,30,0.4986612708086434,Five-number,10
HAR__13,HAR,tBodyAccJerk-mean()-Y,True,30,30,0.5679649511900395,Five-number,10
HAR__13,HAR,tBodyAccJerk-mean()-Y,True,30,30,0.6469004205142944,Five-number,10
HAR__13,HAR,tBodyAccJerk-mean()-Y,True,30,30,0.7368062997280774,Five-number,10
HAR__13,HAR,tBodyAccJerk-mean()-Y,True,30,30,0.8392072506111242,Five-number,10
HAR__13,HAR,tBodyAccJerk-mean()-Y,True,30,30,0.9558398316330861,Five-number,10
HAR__13,HAR,tBodyAccJerk-mean()-Y,True,30,30,1.0886819472437184,Five-number,10
HAR__13,HAR,tBodyAccJerk-mean()-Y,True,30,30,1.2399863900098937,Five-number,10
HAR__13,HAR,tBodyAccJerk-mean()-Y,True,30,30,1.4123190444211153,Five-number,10
HAR__13,HAR,tBodyAccJerk-mean()-Y,True,30,30,1.6086024002397787,Five-number,10
HAR__13,HAR,tBodyAccJerk-mean()-Y,True,30,30,1.8321651133138896,Five-number,10
HAR__13,HAR,tBodyAccJerk-mean()-Y,True,30,30,2.0867984543253986,Five-number,10
HAR__13,HAR,tBodyAccJerk-mean()-Y,True,30,30,2.376820602755804,Five-number,10
HAR__13,HAR,tBodyAccJerk-mean()-Y,True,30,30,2.7071498763931694,Means,2
HAR__13,HAR,tBodyAccJerk-mean()-Y,True,30,30,3.083388138237417,Means,2
HAR__13,HAR,tBodyAccJerk-mean()-Y,True,30,30,3.511915795253308,Means,2
HAR__13,HAR,tBodyAccJerk-mean()-Y,True,30,30,4.0,Means,2
HAR__14,HAR,tBodyAccJerk-mean()-Z,True,30,30,0.025,Observations,60
HAR__14,HAR,tBodyAccJerk-mean()-Z,True,30,30,0.02847448681291267,Observations,60
HAR__14,HAR,tBodyAccJerk-mean()-Z,True,30,30,0.032431855970349484,Observations,60
HAR__14,HAR,tBodyAccJerk-mean()-Z,True,30,30,0.03693921820583997,Observations,60
HAR__14,HAR,tBodyAccJerk-mean()-Z,True,30,30,0.04207301126725973,Observations,60
HAR__14,HAR,tBodyAccJerk-mean()-Z,True,30,30,0.04792029618036453,Observations,60
HAR__14,HAR,tBodyAccJerk-mean()-Z,True,30,30,0.05458023366634633,Observations,60
HAR__14,HAR,tBodyAccJerk-mean()-Z,True,30,30,0.06216576575112282,Observations,60
HAR__14,HAR,tBodyAccJerk-mean()-Z,True,30,30,0.07080553108379858,Observations,60
HAR__14,HAR,tBodyAccJerk-mean()-Z,True,30,30,0.08064604644507599,Observations,60
HAR__14,HAR,tBodyAccJerk-mean()-Z,True,30,30,0.0918541914405543,Observations,60
HAR__14,HAR,tBodyAccJerk-mean()-Z,True,30,30,0.10462003851539275,Observations,60
HAR__14,HAR,tBodyAccJerk-mean()-Z,True,30,30,0.11916007628291865,Observations,60
HAR__14,HAR,tBodyAccJerk-mean()-Z,True,30,30,0.13572088082974534,Observations,60
HAR__14,HAR,tBodyAccJerk-mean()-Z,True,30,30,0.15458329725693898,Observations,60
HAR__14,HAR,tBodyAccJerk-mean()-Z,True,30,30,0.17606720236957066,Observations,60
HAR__14,HAR,tBodyAccJerk-mean()-Z,True,30,30,0.20053692928235056,Observations,60
HAR__14,HAR,tBodyAccJerk-mean()-Z,True,30,30,0.2284074459340916,Observations,60
HAR__14,HAR,tBodyAccJerk-mean()-Z,True,30,30,0.2601513922888541,Observations,60
HAR__14,HAR,tBodyAccJerk-mean()-Z,True,30,30,0.29630709556359386,Observations,60
HAR__14,HAR,tBodyAccJerk-mean()-Z,True,30,30,0.33748769940792006,Observations,60
HAR__14,HAR,tBodyAccJerk-mean()-Z,True,30,30,0.38439156185244217,Observations,60
HAR__14,HAR,tBodyAccJerk-mean()-Z,True,30,30,0.4378140983584905,Observations,60
HAR__14,HAR,tBodyAccJerk-mean()-Z,True,30,30,0.4986612708086434,Observations,60
HAR__14,HAR,tBodyAccJerk-mean()-Z,True,30,30,0.5679649511900395,Binned,18
HAR__14,HAR,tBodyAccJerk-mean()-Z,True,30,30,0.6469004205142944,Binned,18
HAR__14,HAR,tBodyAccJerk-mean()-Z,True,30,30,0.7368062997280774,Binned,18
HAR__14,HAR,tBodyAccJerk-mean()-Z,True,30,30,0.8392072506111242,Binned,18
HAR__14,HAR,tBodyAccJerk-mean()-Z,True,30,30,0.9558398316330861,Binned,18
HAR__14,HAR,tBodyAccJerk-mean()-Z,True,30,30,1.0886819472437184,Binned,18
HAR__14,HAR,tBodyAccJerk-mean()-Z,True,30,30,1.2399863900098937,Five-number,10
HAR__14,HAR,tBodyAccJerk-mean()-Z,True,30,30,1.4123190444211153,Five-number,10
HAR__14,HAR,tBodyAccJerk-mean()-Z,True,30,30,1.6086024002397787,Five-number,10
HAR__14,HAR,tBodyAccJerk-mean()-Z,True,30,30,1.8321651133138896,Five-number,10
HAR__14,HAR,tBodyAccJerk-mean()-Z,True,30,30,2.0867984543253986,Five-number,10
HAR__14,HAR,tBodyAccJerk-mean()-Z,True,30,30,2.376820602755804,Five-number,10
HAR__14,HAR,tBodyAccJerk-mean()-Z,True,30,30,2.7071498763931694,Means,2
HAR__14,HAR,tBodyAccJerk-mean()-Z,True,30,30,3.083388138237417,Means,2
HAR__14,HAR,tBodyAccJerk-mean()-Z,True,30,30,3.511915795253308,Means,2
HAR__14,HAR,tBodyAccJerk-mean()-Z,True,30,30,4.0,Means,2
HAR__15,HAR,tBodyAccJerk-std()-X,True,30,30,0.025,Observations,60
HAR__15,HAR,tBodyAccJerk-std()-X,True,30,30,0.02847448681291267,Observations,60
HAR__15,HAR,tBodyAccJerk-std()-X,True,30,30,0.032431855970349484,Observations,60
HAR__15,HAR,tBodyAccJerk-std()-X,True,30,30,0.03693921820583997,Observations,60
HAR__15,HAR,tBodyAccJerk-std()-X,True,30,30,0.04207301126725973,Observations,60
HAR__15,HAR,tBodyAccJerk-std()-X,True,30,30,0.04792029618036453,Observations,60
HAR__15,HAR,tBodyAccJerk-std()-X,True,30,30,0.05458023366634633,Observations,60
HAR__15,HAR,tBodyAccJerk-std()-X,True,30,30,0.06216576575112282,Observations,60
HAR__15,HAR,tBodyAccJerk-std()-X,True,30,30,0.07080553108379858,Observations,60
HAR__15,HAR,tBodyAccJerk-std()-X,True,30,30,0.08064604644507599,Observations,60
HAR__15,HAR,tBodyAccJerk-std()-X,True,30,30,0.0918541914405543,Observations,60
HAR__15,HAR,tBodyAccJerk-std()-X,True,30,30,0.10462003851539275,Observations,60
HAR__15,HAR,tBodyAccJerk-std()-X,True,30,30,0.11916007628291865,Observations,60
HAR__15,HAR,tBodyAccJerk-std()-X,True,30,30,0.13572088082974534,Observations,60
HAR__15,HAR,tBodyAccJerk-std()-X,True,30,30,0.15458329725693898,Observations,60
HAR__15,HAR,tBodyAccJerk-std()-X,True,30,30,0.17606720236957066,Observations,60
HAR__15,HAR,tBodyAccJerk-std()-X,True,30,30,0.20053692928235056,Observations,60
HAR__15,HAR,tBodyAccJerk-std()-X,True,30,30,0.2284074459340916,Observations,60
HAR__15,HAR,tBodyAccJerk-std()-X,True,30,30,0.2601513922888541,Observations,60
HAR__15,HAR,tBodyAccJerk-std()-X,True,30,30,0.29630709556359386,Observations,60
HAR__15,HAR,tBodyAccJerk-std()-X,True,30,30,0.33748769940792006,Observations,60
HAR__15,HAR,tBodyAccJerk-std()-X,True,30,30,0.38439156185244217,Observations,60
HAR__15,HAR,tBodyAccJerk-std()-X,True,30,30,0.4378140983584905,Observations,60
HAR__15,HAR,tBodyAccJerk-std()-X,True,30,30,0.4986612708086434,Binned,34
HAR__15,HAR,tBodyAccJerk-std()-X,True,30,30,0.5679649511900395,Binned,34
HAR__15,HAR,tBodyAccJerk-std()-X,True,30,30,0.6469004205142944,Binned,34
HAR__15,HAR,tBodyAccJerk-std()-X,True,30,30,0.7368062997280774,Binned,34
HAR__15,HAR,tBodyAccJerk-std()-X,True,30,30,0.8392072506111242,Binned,34
HAR__15,HAR,tBodyAccJerk-std()-X,True,30,30,0.9558398316330861,Five-number,10
HAR__15,HAR,tBodyAccJerk-std()-X,True,30,30,1.0886819472437184,Five-number,10
HAR__15,HAR,tBodyAccJerk-std()-X,True,30,30,1.2399863900098937,Five-number,10
HAR__15,HAR,tBodyAccJerk-std()-X,True,30,30,1.4123190444211153,Five-number,10
HAR__15,HAR,tBodyAccJerk-std()-X,True,30,30,1.6086024002397787,Five-number,10
HAR__15,HAR,tBodyAccJerk-std()-X,True,30,30,1.8321651133138896,Five-number,10
HAR__15,HAR,tBodyAccJerk-std()-X,True,30,30,2.0867984543253986,Five-number,10
HAR__15,HAR,tBodyAccJerk-std()-X,True,30,30,2.376820602755804,Means,2
HAR__15,HAR,tBodyAccJerk-std()-X,True,30,30,2.7071498763931694,Means,2
HAR__15,HAR,tBodyAccJerk-std()-X,True,30,30,3.083388138237417,Means,2
HAR__15,HAR,tBodyAccJerk-std()-X,True,30,30,3.511915795253308,Means,2
HAR__15,HAR,tBodyAccJerk-std()-X,True,30,30,4.0,Means,2
HAR__16,HAR,tBodyAccJerk-std()-Y,True,30,30,0.025,Observations,60
HAR__16,HAR,tBodyAccJerk-std()-Y,True,30,30,0.02847448681291267,Observations,60
HAR__16,HAR,tBodyAccJerk-std()-Y,True,30,30,0.032431855970349484,Observations,60
HAR__16,HAR,tBodyAccJerk-std()-Y,True,30,30,0.03693921820583997,Observations,60
HAR__16,HAR,tBodyAccJerk-std()-Y,True,30,30,0.04207301126725973,Observations,60
HAR__16,HAR,tBodyAccJerk-std()-Y,True,30,30,0.04792029618036453,Observations,60
HAR__16,HAR,tBodyAccJerk-std()-Y,True,30,30,0.05458023366634633,Observations,60
HAR__16,HAR,tBodyAccJerk-std()-Y,True,30,30,0.06216576575112282,Observations,60
HAR__16,HAR,tBodyAccJerk-std()-Y,True,30,30,0.07080553108379858,Observations,60
HAR__16,HAR,tBodyAccJerk-std()-Y,True,30,30,0.08064604644507599,Observations,60
HAR__16,HAR,tBodyAccJerk-std()-Y,True,30,30,0.0918541914405543,Observations,60
HAR__16,HAR,tBodyAccJerk-std()-Y,True,30,30,0.10462003851539275,Observations,60
HAR__16,HAR,tBodyAccJerk-std()-Y,True,30,30,0.11916007628291865,Observations,60
HAR__16,HAR,tBodyAccJerk-std()-Y,True,30,30,0.13572088082974534,Observations,60
HAR__16,HAR,tBodyAccJerk-std()-Y,True,30,30,0.15458329725693898,Observations,60
HAR__16,HAR,tBodyAccJerk-std()-Y,True,30,30,0.17606720236957066,Observations,60
HAR__16,HAR,tBodyAccJerk-std()-Y,True,30,30,0.20053692928235056,Observations,60
HAR__16,HAR,tBodyAccJerk-std()-Y,True,30,30,0.2284074459340916,Observations,60
HAR__16,HAR,tBodyAccJerk-std()-Y,True,30,30,0.2601513922888541,Observations,60
HAR__16,HAR,tBodyAccJerk-std()-Y,True,30,30,0.29630709556359386,Observations,60
HAR__16,HAR,tBodyAccJerk-std()-Y,True,30,30,0.33748769940792006,Observations,60
HAR__16,HAR,tBodyAccJerk-std()-Y,True,30,30,0.38439156185244217,Observations,60
HAR__16,HAR,tBodyAccJerk-std()-Y,True,30,30,0.4378140983584905,Observations,60
HAR__16,HAR,tBodyAccJerk-std()-Y,True,30,30,0.4986612708086434,Binned,34
HAR__16,HAR,tBodyAccJerk-std()-Y,True,30,30,0.5679649511900395,Five-number,10
HAR__16,HAR,tBodyAccJerk-std()-Y,True,30,30,0.6469004205142944,Five-number,10
HAR__16,HAR,tBodyAccJerk-std()-Y,True,30,30,0.7368062997280774,Five-number,10
HAR__16,HAR,tBodyAccJerk-std()-Y,True,30,30,0.8392072506111242,Five-number,10
HAR__16,HAR,tBodyAccJerk-std()-Y,True,30,30,0.9558398316330861,Five-number,10
HAR__16,HAR,tBodyAccJerk-std()-Y,True,30,30,1.0886819472437184,Five-number,10
HAR__16,HAR,tBodyAccJerk-std()-Y,True,30,30,1.2399863900098937,Five-number,10
HAR__16,HAR,tBodyAccJerk-std()-Y,True,30,30,1.4123190444211153,Five-number,10
HAR__16,HAR,tBodyAccJerk-std()-Y,True,30,30,1.6086024002397787,Five-number,10
HAR__16,HAR,tBodyAccJerk-std()-Y,True,30,30,1.8321651133138896,Five-number,10
HAR__16,HAR,tBodyAccJerk-std()-Y,True,30,30,2.0867984543253986,Five-number,10
HAR__16,HAR,tBodyAccJerk-std()-Y,True,30,30,2.376820602755804,Means,2
HAR__16,HAR,tBodyAccJerk-std()-Y,True,30,30,2.7071498763931694,Means,2
HAR__16,HAR,tBodyAccJerk-std()-Y,True,30,30,3.083388138237417,Means,2
HAR__16,HAR,tBodyAccJerk-std()-Y,True,30,30,3.511915795253308,Means,2
HAR__16,HAR,tBodyAccJerk-std()-Y,True,30,30,4.0,Means,2
HAR__17,HAR,tBodyAccJerk-std()-Z,True,30,30,0.025,Observations,60
HAR__17,HAR,tBodyAccJerk-std()-Z,True,30,30,0.02847448681291267,Observations,60
HAR__17,HAR,tBodyAccJerk-std()-Z,True,30,30,0.032431855970349484,Observations,60
HAR__17,HAR,tBodyAccJerk-std()-Z,True,30,30,0.03693921820583997,Observations,60
HAR__17,HAR,tBodyAccJerk-std()-Z,True,30,30,0.04207301126725973,Observations,60
HAR__17,HAR,tBodyAccJerk-std()-Z,True,30,30,0.04792029618036453,Observations,60
HAR__17,HAR,tBodyAccJerk-std()-Z,True,30,30,0.05458023366634633,Observations,60
HAR__17,HAR,tBodyAccJerk-std()-Z,True,30,30,0.06216576575112282,Observations,60
HAR__17,HAR,tBodyAccJerk-std()-Z,True,30,30,0.07080553108379858,Observations,60
HAR__17,HAR,tBodyAccJerk-std()-Z,True,30,30,0.08064604644507599,Observations,60
HAR__17,HAR,tBodyAccJerk-std()-Z,True,30,30,0.0918541914405543,Observations,60
HAR__17,HAR,tBodyAccJerk-std()-Z,True,30,30,0.10462003851539275,Observations,60
HAR__17,HAR,tBodyAccJerk-std()-Z,True,30,30,0.11916007628291865,Observations,60
HAR__17,HAR,tBodyAccJerk-std()-Z,True,30,30,0.13572088082974534,Observations,60
HAR__17,HAR,tBodyAccJerk-std()-Z,True,30,30,0.15458329725693898,Observations,60
HAR__17,HAR,tBodyAccJerk-std()-Z,True,30,30,0.17606720236957066,Observations,60
HAR__17,HAR,tBodyAccJerk-std()-Z,True,30,30,0.20053692928235056,Observations,60
HAR__17,HAR,tBodyAccJerk-std()-Z,True,30,30,0.2284074459340916,Observations,60
HAR__17,HAR,tBodyAccJerk-std()-Z,True,30,30,0.2601513922888541,Observations,60
HAR__17,HAR,tBodyAccJerk-std()-Z,True,30,30,0.29630709556359386,Observations,60
HAR__17,HAR,tBodyAccJerk-std()-Z,True,30,30,0.33748769940792006,Observations,60
HAR__17,HAR,tBodyAccJerk-std()-Z,True,30,30,0.38439156185244217,Observations,60
HAR__17,HAR,tBodyAccJerk-std()-Z,True,30,30,0.4378140983584905,Binned,34
HAR__17,HAR,tBodyAccJerk-std()-Z,True,30,30,0.4986612708086434,Binned,34
HAR__17,HAR,tBodyAccJerk-std()-Z,True,30,30,0.5679649511900395,Binned,34
HAR__17,HAR,tBodyAccJerk-std()-Z,True,30,30,0.6469004205142944,Binned,34
HAR__17,HAR,tBodyAccJerk-std()-Z,True,30,30,0.7368062997280774,Binned,34
HAR__17,HAR,tBodyAccJerk-std()-Z,True,30,30,0.8392072506111242,Binned,18
HAR__17,HAR,tBodyAccJerk-std()-Z,True,30,30,0.9558398316330861,Binned,18
HAR__17,HAR,tBodyAccJerk-std()-Z,True,30,30,1.0886819472437184,Five-number,10
HAR__17,HAR,tBodyAccJerk-std()-Z,True,30,30,1.2399863900098937,Five-number,10
HAR__17,HAR,tBodyAccJerk-std()-Z,True,30,30,1.4123190444211153,Five-number,10
HAR__17,HAR,tBodyAccJerk-std()-Z,True,30,30,1.6086024002397787,Five-number,10
HAR__17,HAR,tBodyAccJerk-std()-Z,True,30,30,1.8321651133138896,Five-number,10
HAR__17,HAR,tBodyAccJerk-std()-Z,True,30,30,2.0867984543253986,Five-number,10
HAR__17,HAR,tBodyAccJerk-std()-Z,True,30,30,2.376820602755804,Five-number,10
HAR__17,HAR,tBodyAccJerk-std()-Z,True,30,30,2.7071498763931694,Means,2
HAR__17,HAR,tBodyAccJerk-std()-Z,True,30,30,3.083388138237417,Means,2
HAR__17,HAR,tBodyAccJerk-std()-Z,True,30,30,3.511915795253308,Means,2
HAR__17,HAR,tBodyAccJerk-std()-Z,True,30,30,4.0,Means,2
HAR__18,HAR,tBodyGyro-mean()-X,True,30,30,0.025,Observations,60
HAR__18,HAR,tBodyGyro-mean()-X,True,30,30,0.02847448681291267,Observations,60
HAR__18,HAR,tBodyGyro-mean()-X,True,30,30,0.032431855970349484,Observations,60
HAR__18,HAR,tBodyGyro-mean()-X,True,30,30,0.03693921820583997,Observations,60
HAR__18,HAR,tBodyGyro-mean()-X,True,30,30,0.04207301126725973,Observations,60
HAR__18,HAR,tBodyGyro-mean()-X,True,30,30,0.04792029618036453,Observations,60
HAR__18,HAR,tBodyGyro-mean()-X,True,30,30,0.05458023366634633,Observations,60
HAR__18,HAR,tBodyGyro-mean()-X,True,30,30,0.06216576575112282,Observations,60
HAR__18,HAR,tBodyGyro-mean()-X,True,30,30,0.07080553108379858,Observations,60
HAR__18,HAR,tBodyGyro-mean()-X,True,30,30,0.08064604644507599,Observations,60
HAR__18,HAR,tBodyGyro-mean()-X,True,30,30,0.0918541914405543,Observations,60
HAR__18,HAR,tBodyGyro-mean()-X,True,30,30,0.10462003851539275,Observations,60
HAR__18,HAR,tBodyGyro-mean()-X,True,30,30,0.11916007628291865,Observations,60
HAR__18,HAR,tBodyGyro-mean()-X,True,30,30,0.13572088082974534,Observations,60
HAR__18,HAR,tBodyGyro-mean()-X,True,30,30,0.15458329725693898,Observations,60
HAR__18,HAR,tBodyGyro-mean()-X,True,30,30,0.17606720236957066,Observations,60
HAR__18,HAR,tBodyGyro-mean()-X,True,30,30,0.20053692928235056,Observations,60
HAR__18,HAR,tBodyGyro-mean()-X,True,30,30,0.2284074459340916,Observations,60
HAR__18,HAR,tBodyGyro-mean()-X,True,30,30,0.2601513922888541,Observations,60
HAR__18,HAR,tBodyGyro-mean()-X,True,30,30,0.29630709556359386,Observations,60
HAR__18,HAR,tBodyGyro-mean()-X,True,30,30,0.33748769940792006,Observations,60
HAR__18,HAR,tBodyGyro-mean()-X,True,30,30,0.38439156185244217,Density,34
HAR__18,HAR,tBodyGyro-mean()-X,True,30,30,0.4378140983584905,Density,34
HAR__18,HAR,tBodyGyro-mean()-X,True,30,30,0.4986612708086434,Density,34
HAR__18,HAR,tBodyGyro-mean()-X,True,30,30,0.5679649511900395,Density,34
HAR__18,HAR,tBodyGyro-mean()-X,True,30,30,0.6469004205142944,Binned,18
HAR__18,HAR,tBodyGyro-mean()-X,True,30,30,0.7368062997280774,Binned,18
HAR__18,HAR,tBodyGyro-mean()-X,True,30,30,0.8392072506111242,Binned,18
HAR__18,HAR,tBodyGyro-mean()-X,True,30,30,0.9558398316330861,Binned,10
HAR__18,HAR,tBodyGyro-mean()-X,True,30,30,1.0886819472437184,Binned,10
HAR__18,HAR,tBodyGyro-mean()-X,True,30,30,1.2399863900098937,Binned,10
HAR__18,HAR,tBodyGyro-mean()-X,True,30,30,1.4123190444211153,Binned,10
HAR__18,HAR,tBodyGyro-mean()-X,True,30,30,1.6086024002397787,Binned,10
HAR__18,HAR,tBodyGyro-mean()-X,True,30,30,1.8321651133138896,Binned,10
HAR__18,HAR,tBodyGyro-mean()-X,True,30,30,2.0867984543253986,Means,2
HAR__18,HAR,tBodyGyro-mean()-X,True,30,30,2.376820602755804,Means,2
HAR__18,HAR,tBodyGyro-mean()-X,True,30,30,2.7071498763931694,Means,2
HAR__18,HAR,tBodyGyro-mean()-X,True,30,30,3.083388138237417,Means,2
HAR__18,HAR,tBodyGyro-mean()-X,True,30,30,3.511915795253308,Means,2
HAR__18,HAR,tBodyGyro-mean()-X,True,30,30,4.0,Means,2
HAR__19,HAR,tBodyGyro-mean()-Y,True,30,30,0.025,Observations,60
HAR__19,HAR,tBodyGyro-mean()-Y,True,30,30,0.02847448681291267,Observations,60
HAR__19,HAR,tBodyGyro-mean()-Y,True,30,30,0.032431855970349484,Observations,60
HAR__19,HAR,tBodyGyro-mean()-Y,True,30,30,0.03693921820583997,Observations,60
HAR__19,HAR,tBodyGyro-mean()-Y,True,30,30,0.04207301126725973,Observations,60
HAR__19,HAR,tBodyGyro-mean()-Y,True,30,30,0.04792029618036453,Observations,60
HAR__19,HAR,tBodyGyro-mean()-Y,True,30,30,0.05458023366634633,Observations,60
HAR__19,HAR,tBodyGyro-mean()-Y,True,30,30,0.06216576575112282,Observations,60
HAR__19,HAR,tBodyGyro-mean()-Y,True,30,30,0.07080553108379858,Observations,60
HAR__19,HAR,tBodyGyro-mean()-Y,True,30,30,0.08064604644507599,Observations,60
HAR__19,HAR,tBodyGyro-mean()-Y,True,30,30,0.0918541914405543,Observations,60
HAR__19,HAR,tBodyGyro-mean()-Y,True,30,30,0.10462003851539275,Observations,60
HAR__19,HAR,tBodyGyro-mean()-Y,True,30,30,0.11916007628291865,Observations,60
HAR__19,HAR,tBodyGyro-mean()-Y,True,30,30,0.13572088082974534,Observations,60
HAR__19,HAR,tBodyGyro-mean()-Y,True,30,30,0.15458329725693898,Observations,60
HAR__19,HAR,tBodyGyro-mean()-Y,True,30,30,0.17606720236957066,Observations,60
HAR__19,HAR,tBodyGyro-mean()-Y,True,30,30,0.20053692928235056,Observations,60
HAR__19,HAR,tBodyGyro-mean()-Y,True,30,30,0.2284074459340916,Observations,60
HAR__19,HAR,tBodyGyro-mean()-Y,True,30,30,0.2601513922888541,Observations,60
HAR__19,HAR,tBodyGyro-mean()-Y,True,30,30,0.29630709556359386,Observations,60
HAR__19,HAR,tBodyGyro-mean()-Y,True,30,30,0.33748769940792006,Observations,60
HAR__19,HAR,tBodyGyro-mean()-Y,True,30,30,0.38439156185244217,Observations,60
HAR__19,HAR,tBodyGyro-mean()-Y,True,30,30,0.4378140983584905,Binned,18
HAR__19,HAR,tBodyGyro-mean()-Y,True,30,30,0.4986612708086434,Binned,18
HAR__19,HAR,tBodyGyro-mean()-Y,True,30,30,0.5679649511900395,Binned,18
HAR__19,HAR,tBodyGyro-mean()-Y,True,30,30,0.6469004205142944,Binned,18
HAR__19,HAR,tBodyGyro-mean()-Y,True,30,30,0.7368062997280774,Binned,18
HAR__19,HAR,tBodyGyro-mean()-Y,True,30,30,0.8392072506111242,Binned,18
HAR__19,HAR,tBodyGyro-mean()-Y,True,30,30,0.9558398316330861,Binned,18
HAR__19,HAR,tBodyGyro-mean()-Y,True,30,30,1.0886819472437184,Five-number,10
HAR__19,HAR,tBodyGyro-mean()-Y,True,30,30,1.2399863900098937,Five-number,10
HAR__19,HAR,tBodyGyro-mean()-Y,True,30,30,1.4123190444211153,Five-number,10
HAR__19,HAR,tBodyGyro-mean()-Y,True,30,30,1.6086024002397787,Five-number,10
HAR__19,HAR,tBodyGyro-mean()-Y,True,30,30,1.8321651133138896,Five-number,10
HAR__19,HAR,tBodyGyro-mean()-Y,True,30,30,2.0867984543253986,Five-number,10
HAR__19,HAR,tBodyGyro-mean()-Y,True,30,30,2.376820602755804,Means,2
HAR__19,HAR,tBodyGyro-mean()-Y,True,30,30,2.7071498763931694,Means,2
HAR__19,HAR,tBodyGyro-mean()-Y,True,30,30,3.083388138237417,Means,2
HAR__19,HAR,tBodyGyro-mean()-Y,True,30,30,3.511915795253308,Means,2
HAR__19,HAR,tBodyGyro-mean()-Y,True,30,30,4.0,Means,2
HAR__20,HAR,tBodyGyro-mean()-Z,True,30,30,0.025,Observations,60
HAR__20,HAR,tBodyGyro-mean()-Z,True,30,30,0.02847448681291267,Observations,60
HAR__20,HAR,tBodyGyro-mean()-Z,True,30,30,0.032431855970349484,Observations,60
HAR__20,HAR,tBodyGyro-mean()-Z,True,30,30,0.03693921820583997,Observations,60
HAR__20,HAR,tBodyGyro-mean()-Z,True,30,30,0.04207301126725973,Observations,60
HAR__20,HAR,tBodyGyro-mean()-Z,True,30,30,0.04792029618036453,Observations,60
HAR__20,HAR,tBodyGyro-mean()-Z,True,30,30,0.05458023366634633,Observations,60
HAR__20,HAR,tBodyGyro-mean()-Z,True,30,30,0.06216576575112282,Observations,60
HAR__20,HAR,tBodyGyro-mean()-Z,True,30,30,0.07080553108379858,Observations,60
HAR__20,HAR,tBodyGyro-mean()-Z,True,30,30,0.08064604644507599,Observations,60
HAR__20,HAR,tBodyGyro-mean()-Z,True,30,30,0.0918541914405543,Observations,60
HAR__20,HAR,tBodyGyro-mean()-Z,True,30,30,0.10462003851539275,Observations,60
HAR__20,HAR,tBodyGyro-mean()-Z,True,30,30,0.11916007628291865,Observations,60
HAR__20,HAR,tBodyGyro-mean()-Z,True,30,30,0.13572088082974534,Observations,60
HAR__20,HAR,tBodyGyro-mean()-Z,True,30,30,0.15458329725693898,Observations,60
HAR__20,HAR,tBodyGyro-mean()-Z,True,30,30,0.17606720236957066,Observations,60
HAR__20,HAR,tBodyGyro-mean()-Z,True,30,30,0.20053692928235056,Observations,60
HAR__20,HAR,tBodyGyro-mean()-Z,True,30,30,0.2284074459340916,Observations,60
HAR__20,HAR,tBodyGyro-mean()-Z,True,30,30,0.2601513922888541,Observations,60
HAR__20,HAR,tBodyGyro-mean()-Z,True,30,30,0.29630709556359386,Observations,60
HAR__20,HAR,tBodyGyro-mean()-Z,True,30,30,0.33748769940792006,Binned,34
HAR__20,HAR,tBodyGyro-mean()-Z,True,30,30,0.38439156185244217,Binned,34
HAR__20,HAR,tBodyGyro-mean()-Z,True,30,30,0.4378140983584905,Binned,34
HAR__20,HAR,tBodyGyro-mean()-Z,True,30,30,0.4986612708086434,Binned,18
HAR__20,HAR,tBodyGyro-mean()-Z,True,30,30,0.5679649511900395,Binned,18
HAR__20,HAR,tBodyGyro-mean()-Z,True,30,30,0.6469004205142944,Binned,18
HAR__20,HAR,tBodyGyro-mean()-Z,True,30,30,0.7368062997280774,Binned,18
HAR__20,HAR,tBodyGyro-mean()-Z,True,30,30,0.8392072506111242,Five-number,10
HAR__20,HAR,tBodyGyro-mean()-Z,True,30,30,0.9558398316330861,Five-number,10
HAR__20,HAR,tBodyGyro-mean()-Z,True,30,30,1.0886819472437184,Five-number,10
HAR__20,HAR,tBodyGyro-mean()-Z,True,30,30,1.2399863900098937,Five-number,10
HAR__20,HAR,tBodyGyro-mean()-Z,True,30,30,1.4123190444211153,Five-number,10
HAR__20,HAR,tBodyGyro-mean()-Z,True,30,30,1.6086024002397787,Five-number,10
HAR__20,HAR,tBodyGyro-mean()-Z,True,30,30,1.8321651133138896,Means,2
HAR__20,HAR,tBodyGyro-mean()-Z,True,30,30,2.0867984543253986,Means,2
HAR__20,HAR,tBodyGyro-mean()-Z,True,30,30,2.376820602755804,Means,2
HAR__20,HAR,tBodyGyro-mean()-Z,True,30,30,2.7071498763931694,Means,2
HAR__20,HAR,tBodyGyro-mean()-Z,True,30,30,3.083388138237417,Means,2
HAR__20,HAR,tBodyGyro-mean()-Z,True,30,30,3.511915795253308,Means,2
HAR__20,HAR,tBodyGyro-mean()-Z,True,30,30,4.0,Means,2
HAR__21,HAR,tBodyGyro-std()-X,True,30,30,0.025,Observations,60
HAR__21,HAR,tBodyGyro-std()-X,True,30,30,0.02847448681291267,Observations,60
HAR__21,HAR,tBodyGyro-std()-X,True,30,30,0.032431855970349484,Observations,60
HAR__21,HAR,tBodyGyro-std()-X,True,30,30,0.03693921820583997,Observations,60
HAR__21,HAR,tBodyGyro-std()-X,True,30,30,0.04207301126725973,Observations,60
HAR__21,HAR,tBodyGyro-std()-X,True,30,30,0.04792029618036453,Observations,60
HAR__21,HAR,tBodyGyro-std()-X,True,30,30,0.05458023366634633,Observations,60
HAR__21,HAR,tBodyGyro-std()-X,True,30,30,0.06216576575112282,Observations,60
HAR__21,HAR,tBodyGyro-std()-X,True,30,30,0.07080553108379858,Observations,60
HAR__21,HAR,tBodyGyro-std()-X,True,30,30,0.08064604644507599,Observations,60
HAR__21,HAR,tBodyGyro-std()-X,True,30,30,0.0918541914405543,Observations,60
HAR__21,HAR,tBodyGyro-std()-X,True,30,30,0.10462003851539275,Observations,60
HAR__21,HAR,tBodyGyro-std()-X,True,30,30,0.11916007628291865,Observations,60
HAR__21,HAR,tBodyGyro-std()-X,True,30,30,0.13572088082974534,Observations,60
HAR__21,HAR,tBodyGyro-std()-X,True,30,30,0.15458329725693898,Observations,60
HAR__21,HAR,tBodyGyro-std()-X,True,30,30,0.17606720236957066,Observations,60
HAR__21,HAR,tBodyGyro-std()-X,True,30,30,0.20053692928235056,Observations,60
HAR__21,HAR,tBodyGyro-std()-X,True,30,30,0.2284074459340916,Observations,60
HAR__21,HAR,tBodyGyro-std()-X,True,30,30,0.2601513922888541,Observations,60
HAR__21,HAR,tBodyGyro-std()-X,True,30,30,0.29630709556359386,Observations,60
HAR__21,HAR,tBodyGyro-std()-X,True,30,30,0.33748769940792006,Observations,60
HAR__21,HAR,tBodyGyro-std()-X,True,30,30,0.38439156185244217,Observations,60
HAR__21,HAR,tBodyGyro-std()-X,True,30,30,0.4378140983584905,Observations,60
HAR__21,HAR,tBodyGyro-std()-X,True,30,30,0.4986612708086434,Binned,34
HAR__21,HAR,tBodyGyro-std()-X,True,30,30,0.5679649511900395,Binned,34
HAR__21,HAR,tBodyGyro-std()-X,True,30,30,0.6469004205142944,Binned,34
HAR__21,HAR,tBodyGyro-std()-X,True,30,30,0.7368062997280774,Binned,34
HAR__21,HAR,tBodyGyro-std()-X,True,30,30,0.8392072506111242,Binned,34
HAR__21,HAR,tBodyGyro-std()-X,True,30,30,0.9558398316330861,Binned,34
HAR__21,HAR,tBodyGyro-std()-X,True,30,30,1.0886819472437184,Five-number,10
HAR__21,HAR,tBodyGyro-std()-X,True,30,30,1.2399863900098937,Five-number,10
HAR__21,HAR,tBodyGyro-std()-X,True,30,30,1.4123190444211153,Five-number,10
HAR__21,HAR,tBodyGyro-std()-X,True,30,30,1.6086024002397787,Five-number,10
HAR__21,HAR,tBodyGyro-std()-X,True,30,30,1.8321651133138896,Five-number,10
HAR__21,HAR,tBodyGyro-std()-X,True,30,30,2.0867984543253986,Five-number,10
HAR__21,HAR,tBodyGyro-std()-X,True,30,30,2.376820602755804,Five-number,10
HAR__21,HAR,tBodyGyro-std()-X,True,30,30,2.7071498763931694,Means,2
HAR__21,HAR,tBodyGyro-std()-X,True,30,30,3.083388138237417,Means,2
HAR__21,HAR,tBodyGyro-std()-X,True,30,30,3.511915795253308,Means,2
HAR__21,HAR,tBodyGyro-std()-X,True,30,30,4.0,Means,2
HAR__22,HAR,tBodyGyro-std()-Y,True,30,30,0.025,Observations,60
HAR__22,HAR,tBodyGyro-std()-Y,True,30,30,0.02847448681291267,Observations,60
HAR__22,HAR,tBodyGyro-std()-Y,True,30,30,0.032431855970349484,Observations,60
HAR__22,HAR,tBodyGyro-std()-Y,True,30,30,0.03693921820583997,Observations,60
HAR__22,HAR,tBodyGyro-std()-Y,True,30,30,0.04207301126725973,Observations,60
HAR__22,HAR,tBodyGyro-std()-Y,True,30,30,0.04792029618036453,Observations,60
HAR__22,HAR,tBodyGyro-std()-Y,True,30,30,0.05458023366634633,Observations,60
HAR__22,HAR,tBodyGyro-std()-Y,True,30,30,0.06216576575112282,Observations,60
HAR__22,HAR,tBodyGyro-std()-Y,True,30,30,0.07080553108379858,Observations,60
HAR__22,HAR,tBodyGyro-std()-Y,True,30,30,0.08064604644507599,Observations,60
HAR__22,HAR,tBodyGyro-std()-Y,True,30,30,0.0918541914405543,Observations,60
HAR__22,HAR,tBodyGyro-std()-Y,True,30,30,0.10462003851539275,Observations,60
HAR__22,HAR,tBodyGyro-std()-Y,True,30,30,0.11916007628291865,Observations,60
HAR__22,HAR,tBodyGyro-std()-Y,True,30,30,0.13572088082974534,Observations,60
HAR__22,HAR,tBodyGyro-std()-Y,True,30,30,0.15458329725693898,Observations,60
HAR__22,HAR,tBodyGyro-std()-Y,True,30,30,0.17606720236957066,Observations,60
HAR__22,HAR,tBodyGyro-std()-Y,True,30,30,0.20053692928235056,Observations,60
HAR__22,HAR,tBodyGyro-std()-Y,True,30,30,0.2284074459340916,Observations,60
HAR__22,HAR,tBodyGyro-std()-Y,True,30,30,0.2601513922888541,Observations,60
HAR__22,HAR,tBodyGyro-std()-Y,True,30,30,0.29630709556359386,Observations,60
HAR__22,HAR,tBodyGyro-std()-Y,True,30,30,0.33748769940792006,Observations,60
HAR__22,HAR,tBodyGyro-std()-Y,True,30,30,0.38439156185244217,Observations,60
HAR__22,HAR,tBodyGyro-std()-Y,True,30,30,0.4378140983584905,Binned,34
HAR__22,HAR,tBodyGyro-std()-Y,True,30,30,0.4986612708086434,Binned,34
HAR__22,HAR,tBodyGyro-std()-Y,True,30,30,0.5679649511900395,Binned,34
HAR__22,HAR,tBodyGyro-std()-Y,True,30,30,0.6469004205142944,Binned,34
HAR__22,HAR,tBodyGyro-std()-Y,True,30,30,0.7368062997280774,Binned,34
HAR__22,HAR,tBodyGyro-std()-Y,True,30,30,0.8392072506111242,Five-number,10
HAR__22,HAR,tBodyGyro-std()-Y,True,30,30,0.9558398316330861,Five-number,10
HAR__22,HAR,tBodyGyro-std()-Y,True,30,30,1.0886819472437184,Five-number,10
HAR__22,HAR,tBodyGyro-std()-Y,True,30,30,1.2399863900098937,Five-number,10
HAR__22,HAR,tBodyGyro-std()-Y,True,30,30,1.4123190444211153,Five-number,10
HAR__22,HAR,tBodyGyro-std()-Y,True,30,30,1.6086024002397787,Five-number,10
HAR__22,HAR,tBodyGyro-std()-Y,True,30,30,1.8321651133138896,Five-number,10
HAR__22,HAR,tBodyGyro-std()-Y,True,30,30,2.0867984543253986,Five-number,10
HAR__22,HAR,tBodyGyro-std()-Y,True,30,30,2.376820602755804,Means,2
HAR__22,HAR,tBodyGyro-std()-Y,True,30,30,2.7071498763931694,Means,2
HAR__22,HAR,tBodyGyro-std()-Y,True,30,30,3.083388138237417,Means,2
HAR__22,HAR,tBodyGyro-std()-Y,True,30,30,3.511915795253308,Means,2
HAR__22,HAR,tBodyGyro-std()-Y,True,30,30,4.0,Means,2
HAR__23,HAR,tBodyGyro-std()-Z,True,30,30,0.025,Observations,60
HAR__23,HAR,tBodyGyro-std()-Z,True,30,30,0.02847448681291267,Observations,60
HAR__23,HAR,tBodyGyro-std()-Z,True,30,30,0.032431855970349484,Observations,60
HAR__23,HAR,tBodyGyro-std()-Z,True,30,30,0.03693921820583997,Observations,60
HAR__23,HAR,tBodyGyro-std()-Z,True,30,30,0.04207301126725973,Observations,60
HAR__23,HAR,tBodyGyro-std()-Z,True,30,30,0.04792029618036453,Observations,60
HAR__23,HAR,tBodyGyro-std()-Z,True,30,30,0.05458023366634633,Observations,60
HAR__23,HAR,tBodyGyro-std()-Z,True,30,30,0.06216576575112282,Observations,60
HAR__23,HAR,tBodyGyro-std()-Z,True,30,30,0.07080553108379858,Observations,60
HAR__23,HAR,tBodyGyro-std()-Z,True,30,30,0.08064604644507599,Observations,60
HAR__23,HAR,tBodyGyro-std()-Z,True,30,30,0.0918541914405543,Observations,60
HAR__23,HAR,tBodyGyro-std()-Z,True,30,30,0.10462003851539275,Observations,60
HAR__23,HAR,tBodyGyro-std()-Z,True,30,30,0.11916007628291865,Observations,60
HAR__23,HAR,tBodyGyro-std()-Z,True,30,30,0.13572088082974534,Observations,60
HAR__23,HAR,tBodyGyro-std()-Z,True,30,30,0.15458329725693898,Observations,60
HAR__23,HAR,tBodyGyro-std()-Z,True,30,30,0.17606720236957066,Observations,60
HAR__23,HAR,tBodyGyro-std()-Z,True,30,30,0.20053692928235056,Observations,60
HAR__23,HAR,tBodyGyro-std()-Z,True,30,30,0.2284074459340916,Observations,60
HAR__23,HAR,tBodyGyro-std()-Z,True,30,30,0.2601513922888541,Observations,60
HAR__23,HAR,tBodyGyro-std()-Z,True,30,30,0.29630709556359386,Observations,60
HAR__23,HAR,tBodyGyro-std()-Z,True,30,30,0.33748769940792006,Observations,60
HAR__23,HAR,tBodyGyro-std()-Z,True,30,30,0.38439156185244217,Binned,34
HAR__23,HAR,tBodyGyro-std()-Z,True,30,30,0.4378140983584905,Binned,34
HAR__23,HAR,tBodyGyro-std()-Z,True,30,30,0.4986612708086434,Binned,34
HAR__23,HAR,tBodyGyro-std()-Z,True,30,30,0.5679649511900395,Binned,34
HAR__23,HAR,tBodyGyro-std()-Z,True,30,30,0.6469004205142944,Binned,34
HAR__23,HAR,tBodyGyro-std()-Z,True,30,30,0.7368062997280774,Binned,18
HAR__23,HAR,tBodyGyro-std()-Z,True,30,30,0.8392072506111242,Binned,18
HAR__23,HAR,tBodyGyro-std()-Z,True,30,30,0.9558398316330861,Five-number,10
HAR__23,HAR,tBodyGyro-std()-Z,True,30,30,1.0886819472437184,Five-number,10
HAR__23,HAR,tBodyGyro-std()-Z,True,30,30,1.2399863900098937,Five-number,10
HAR__23,HAR,tBodyGyro-std()-Z,True,30,30,1.4123190444211153,Five-number,10
HAR__23,HAR,tBodyGyro-std()-Z,True,30,30,1.6086024002397787,Five-number,10
HAR__23,HAR,tBodyGyro-std()-Z,True,30,30,1.8321651133138896,Five-number,10
HAR__23,HAR,tBodyGyro-std()-Z,True,30,30,2.0867984543253986,Means,2
HAR__23,HAR,tBodyGyro-std()-Z,True,30,30,2.376820602755804,Means,2
HAR__23,HAR,tBodyGyro-std()-Z,True,30,30,2.7071498763931694,Means,2
HAR__23,HAR,tBodyGyro-std()-Z,True,30,30,3.083388138237417,Means,2
HAR__23,HAR,tBodyGyro-std()-Z,True,30,30,3.511915795253308,Means,2
HAR__23,HAR,tBodyGyro-std()-Z,True,30,30,4.0,Means,2
HAR__24,HAR,tBodyGyroJerk-mean()-X,True,30,30,0.025,Observations,60
HAR__24,HAR,tBodyGyroJerk-mean()-X,True,30,30,0.02847448681291267,Observations,60
HAR__24,HAR,tBodyGyroJerk-mean()-X,True,30,30,0.032431855970349484,Observations,60
HAR__24,HAR,tBodyGyroJerk-mean()-X,True,30,30,0.03693921820583997,Observations,60
HAR__24,HAR,tBodyGyroJerk-mean()-X,True,30,30,0.04207301126725973,Observations,60
HAR__24,HAR,tBodyGyroJerk-mean()-X,True,30,30,0.04792029618036453,Observations,60
HAR__24,HAR,tBodyGyroJerk-mean()-X,True,30,30,0.05458023366634633,Observations,60
HAR__24,HAR,tBodyGyroJerk-mean()-X,True,30,30,0.06216576575112282,Observations,60
HAR__24,HAR,tBodyGyroJerk-mean()-X,True,30,30,0.07080553108379858,Observations,60
HAR__24,HAR,tBodyGyroJerk-mean()-X,True,30,30,0.08064604644507599,Observations,60
HAR__24,HAR,tBodyGyroJerk-mean()-X,True,30,30,0.0918541914405543,Observations,60
HAR__24,HAR,tBodyGyroJerk-mean()-X,True,30,30,0.10462003851539275,Observations,60
HAR__24,HAR,tBodyGyroJerk-mean()-X,True,30,30,0.11916007628291865,Observations,60
HAR__24,HAR,tBodyGyroJerk-mean()-X,True,30,30,0.13572088082974534,Observations,60
HAR__24,HAR,tBodyGyroJerk-mean()-X,True,30,30,0.15458329725693898,Observations,60
HAR__24,HAR,tBodyGyroJerk-mean()-X,True,30,30,0.17606720236957066,Observations,60
HAR__24,HAR,tBodyGyroJerk-mean()-X,True,30,30,0.20053692928235056,Observations,60
HAR__24,HAR,tBodyGyroJerk-mean()-X,True,30,30,0.2284074459340916,Observations,60
HAR__24,HAR,tBodyGyroJerk-mean()-X,True,30,30,0.2601513922888541,Observations,60
HAR__24,HAR,tBodyGyroJerk-mean()-X,True,30,30,0.29630709556359386,Observations,60
HAR__24,HAR,tBodyGyroJerk-mean()-X,True,30,30,0.33748769940792006,Binned,34
HAR__24,HAR,tBodyGyroJerk-mean()-X,True,30,30,0.38439156185244217,Binned,34
HAR__24,HAR,tBodyGyroJerk-mean()-X,True,30,30,0.4378140983584905,Binned,34
HAR__24,HAR,tBodyGyroJerk-mean()-X,True,30,30,0.4986612708086434,Binned,34
HAR__24,HAR,tBodyGyroJerk-mean()-X,True,30,30,0.5679649511900395,Binned,34
HAR__24,HAR,tBodyGyroJerk-mean()-X,True,30,30,0.6469004205142944,Binned,18
HAR__24,HAR,tBodyGyroJerk-mean()-X,True,30,30,0.7368062997280774,Binned,18
HAR__24,HAR,tBodyGyroJerk-mean()-X,True,30,30,0.8392072506111242,Binned,18
HAR__24,HAR,tBodyGyroJerk-mean()-X,True,30,30,0.9558398316330861,Binned,18
HAR__24,HAR,tBodyGyroJerk-mean()-X,True,30,30,1.0886819472437184,Binned,18
HAR__24,HAR,tBodyGyroJerk-mean()-X,True,30,30,1.2399863900098937,Binned,18
HAR__24,HAR,tBodyGyroJerk-mean()-X,True,30,30,1.4123190444211153,Five-number,10
HAR__24,HAR,tBodyGyroJerk-mean()-X,True,30,30,1.6086024002397787,Five-number,10
HAR__24,HAR,tBodyGyroJerk-mean()-X,True,30,30,1.8321651133138896,Five-number,10
HAR__24,HAR,tBodyGyroJerk-mean()-X,True,30,30,2.0867984543253986,Means,2
HAR__24,HAR,tBodyGyroJerk-mean()-X,True,30,30,2.376820602755804,Means,2
HAR__24,HAR,tBodyGyroJerk-mean()-X,True,30,30,2.7071498763931694,Means,2
HAR__24,HAR,tBodyGyroJerk-mean()-X,True,30,30,3.083388138237417,Means,2
HAR__24,HAR,tBodyGyroJerk-mean()-X,True,30,30,3.511915795253308,Means,2
HAR__24,HAR,tBodyGyroJerk-mean()-X,True,30,30,4.0,Means,2
HAR__25,HAR,tBodyGyroJerk-mean()-Y,True,30,30,0.025,Observations,60
HAR__25,HAR,tBodyGyroJerk-mean()-Y,True,30,30,0.02847448681291267,Observations,60
HAR__25,HAR,tBodyGyroJerk-mean()-Y,True,30,30,0.032431855970349484,Observations,60
HAR__25,HAR,tBodyGyroJerk-mean()-Y,True,30,30,0.03693921820583997,Observations,60
HAR__25,HAR,tBodyGyroJerk-mean()-Y,True,30,30,0.04207301126725973,Observations,60
HAR__25,HAR,tBodyGyroJerk-mean()-Y,True,30,30,0.04792029618036453,Observations,60
HAR__25,HAR,tBodyGyroJerk-mean()-Y,True,30,30,0.05458023366634633,Observations,60
HAR__25,HAR,tBodyGyroJerk-mean()-Y,True,30,30,0.06216576575112282,Observations,60
HAR__25,HAR,tBodyGyroJerk-mean()-Y,True,30,30,0.07080553108379858,Observations,60
HAR__25,HAR,tBodyGyroJerk-mean()-Y,True,30,30,0.08064604644507599,Observations,60
HAR__25,HAR,tBodyGyroJerk-mean()-Y,True,30,30,0.0918541914405543,Observations,60
HAR__25,HAR,tBodyGyroJerk-mean()-Y,True,30,30,0.10462003851539275,Observations,60
HAR__25,HAR,tBodyGyroJerk-mean()-Y,True,30,30,0.11916007628291865,Observations,60
HAR__25,HAR,tBodyGyroJerk-mean()-Y,True,30,30,0.13572088082974534,Observations,60
HAR__25,HAR,tBodyGyroJerk-mean()-Y,True,30,30,0.15458329725693898,Observations,60
HAR__25,HAR,tBodyGyroJerk-mean()-Y,True,30,30,0.17606720236957066,Observations,60
HAR__25,HAR,tBodyGyroJerk-mean()-Y,True,30,30,0.20053692928235056,Binned,34
HAR__25,HAR,tBodyGyroJerk-mean()-Y,True,30,30,0.2284074459340916,Binned,34
HAR__25,HAR,tBodyGyroJerk-mean()-Y,True,30,30,0.2601513922888541,Binned,34
HAR__25,HAR,tBodyGyroJerk-mean()-Y,True,30,30,0.29630709556359386,Binned,34
HAR__25,HAR,tBodyGyroJerk-mean()-Y,True,30,30,0.33748769940792006,Binned,34
HAR__25,HAR,tBodyGyroJerk-mean()-Y,True,30,30,0.38439156185244217,Five-number,10
HAR__25,HAR,tBodyGyroJerk-mean()-Y,True,30,30,0.4378140983584905,Five-number,10
HAR__25,HAR,tBodyGyroJerk-mean()-Y,True,30,30,0.4986612708086434,Five-number,10
HAR__25,HAR,tBodyGyroJerk-mean()-Y,True,30,30,0.5679649511900395,Five-number,10
HAR__25,HAR,tBodyGyroJerk-mean()-Y,True,30,30,0.6469004205142944,Five-number,10
HAR__25,HAR,tBodyGyroJerk-mean()-Y,True,30,30,0.7368062997280774,Five-number,10
HAR__25,HAR,tBodyGyroJerk-mean()-Y,True,30,30,0.8392072506111242,Five-number,10
HAR__25,HAR,tBodyGyroJerk-mean()-Y,True,30,30,0.9558398316330861,Five-number,10
HAR__25,HAR,tBodyGyroJerk-mean()-Y,True,30,30,1.0886819472437184,Five-number,10
HAR__25,HAR,tBodyGyroJerk-mean()-Y,True,30,30,1.2399863900098937,Five-number,10
HAR__25,HAR,tBodyGyroJerk-mean()-Y,True,30,30,1.4123190444211153,Five-number,10
HAR__25,HAR,tBodyGyroJerk-mean()-Y,True,30,30,1.6086024002397787,Five-number,10
HAR__25,HAR,tBodyGyroJerk-mean()-Y,True,30,30,1.8321651133138896,Five-number,10
HAR__25,HAR,tBodyGyroJerk-mean()-Y,True,30,30,2.0867984543253986,Means,2
HAR__25,HAR,tBodyGyroJerk-mean()-Y,True,30,30,2.376820602755804,Means,2
HAR__25,HAR,tBodyGyroJerk-mean()-Y,True,30,30,2.7071498763931694,Means,2
HAR__25,HAR,tBodyGyroJerk-mean()-Y,True,30,30,3.083388138237417,Means,2
HAR__25,HAR,tBodyGyroJerk-mean()-Y,True,30,30,3.511915795253308,Means,2
HAR__25,HAR,tBodyGyroJerk-mean()-Y,True,30,30,4.0,Means,2
HAR__26,HAR,tBodyGyroJerk-mean()-Z,True,30,30,0.025,Observations,60
HAR__26,HAR,tBodyGyroJerk-mean()-Z,True,30,30,0.02847448681291267,Observations,60
HAR__26,HAR,tBodyGyroJerk-mean()-Z,True,30,30,0.032431855970349484,Observations,60
HAR__26,HAR,tBodyGyroJerk-mean()-Z,True,30,30,0.03693921820583997,Observations,60
HAR__26,HAR,tBodyGyroJerk-mean()-Z,True,30,30,0.04207301126725973,Observations,60
HAR__26,HAR,tBodyGyroJerk-mean()-Z,True,30,30,0.04792029618036453,Observations,60
HAR__26,HAR,tBodyGyroJerk-mean()-Z,True,30,30,0.05458023366634633,Observations,60
HAR__26,HAR,tBodyGyroJerk-mean()-Z,True,30,30,0.06216576575112282,Observations,60
HAR__26,HAR,tBodyGyroJerk-mean()-Z,True,30,30,0.07080553108379858,Observations,60
HAR__26,HAR,tBodyGyroJerk-mean()-Z,True,30,30,0.08064604644507599,Observations,60
HAR__26,HAR,tBodyGyroJerk-mean()-Z,True,30,30,0.0918541914405543,Observations,60
HAR__26,HAR,tBodyGyroJerk-mean()-Z,True,30,30,0.10462003851539275,Observations,60
HAR__26,HAR,tBodyGyroJerk-mean()-Z,True,30,30,0.11916007628291865,Observations,60
HAR__26,HAR,tBodyGyroJerk-mean()-Z,True,30,30,0.13572088082974534,Observations,60
HAR__26,HAR,tBodyGyroJerk-mean()-Z,True,30,30,0.15458329725693898,Observations,60
HAR__26,HAR,tBodyGyroJerk-mean()-Z,True,30,30,0.17606720236957066,Observations,60
HAR__26,HAR,tBodyGyroJerk-mean()-Z,True,30,30,0.20053692928235056,Observations,60
HAR__26,HAR,tBodyGyroJerk-mean()-Z,True,30,30,0.2284074459340916,Binned,34
HAR__26,HAR,tBodyGyroJerk-mean()-Z,True,30,30,0.2601513922888541,Binned,34
HAR__26,HAR,tBodyGyroJerk-mean()-Z,True,30,30,0.29630709556359386,Binned,34
HAR__26,HAR,tBodyGyroJerk-mean()-Z,True,30,30,0.33748769940792006,Binned,34
HAR__26,HAR,tBodyGyroJerk-mean()-Z,True,30,30,0.38439156185244217,Binned,34
HAR__26,HAR,tBodyGyroJerk-mean()-Z,True,30,30,0.4378140983584905,Binned,34
HAR__26,HAR,tBodyGyroJerk-mean()-Z,True,30,30,0.4986612708086434,Binned,34
HAR__26,HAR,tBodyGyroJerk-mean()-Z,True,30,30,0.5679649511900395,Binned,34
HAR__26,HAR,tBodyGyroJerk-mean()-Z,True,30,30,0.6469004205142944,Binned,18
HAR__26,HAR,tBodyGyroJerk-mean()-Z,True,30,30,0.7368062997280774,Binned,18
HAR__26,HAR,tBodyGyroJerk-mean()-Z,True,30,30,0.8392072506111242,Binned,10
HAR__26,HAR,tBodyGyroJerk-mean()-Z,True,30,30,0.9558398316330861,Binned,10
HAR__26,HAR,tBodyGyroJerk-mean()-Z,True,30,30,1.0886819472437184,Binned,10
HAR__26,HAR,tBodyGyroJerk-mean()-Z,True,30,30,1.2399863900098937,Binned,10
HAR__26,HAR,tBodyGyroJerk-mean()-Z,True,30,30,1.4123190444211153,Binned,10
HAR__26,HAR,tBodyGyroJerk-mean()-Z,True,30,30,1.6086024002397787,Binned,10
HAR__26,HAR,tBodyGyroJerk-mean()-Z,True,30,30,1.8321651133138896,Binned,10
HAR__26,HAR,tBodyGyroJerk-mean()-Z,True,30,30,2.0867984543253986,Means,2
HAR__26,HAR,tBodyGyroJerk-mean()-Z,True,30,30,2.376820602755804,Means,2
HAR__26,HAR,tBodyGyroJerk-mean()-Z,True,30,30,2.7071498763931694,Means,2
HAR__26,HAR,tBodyGyroJerk-mean()-Z,True,30,30,3.083388138237417,Means,2
HAR__26,HAR,tBodyGyroJerk-mean()-Z,True,30,30,3.511915795253308,Means,2
HAR__26,HAR,tBodyGyroJerk-mean()-Z,True,30,30,4.0,Means,2
HAR__27,HAR,tBodyGyroJerk-std()-X,True,30,30,0.025,Observations,60
HAR__27,HAR,tBodyGyroJerk-std()-X,True,30,30,0.02847448681291267,Observations,60
HAR__27,HAR,tBodyGyroJerk-std()-X,True,30,30,0.032431855970349484,Observations,60
HAR__27,HAR,tBodyGyroJerk-std()-X,True,30,30,0.03693921820583997,Observations,60
HAR__27,HAR,tBodyGyroJerk-std()-X,True,30,30,0.04207301126725973,Observations,60
HAR__27,HAR,tBodyGyroJerk-std()-X,True,30,30,0.04792029618036453,Observations,60
HAR__27,HAR,tBodyGyroJerk-std()-X,True,30,30,0.05458023366634633,Observations,60
HAR__27,HAR,tBodyGyroJerk-std()-X,True,30,30,0.06216576575112282,Observations,60
HAR__27,HAR,tBodyGyroJerk-std()-X,True,30,30,0.07080553108379858,Observations,60
HAR__27,HAR,tBodyGyroJerk-std()-X,True,30,30,0.08064604644507599,Observations,60
HAR__27,HAR,tBodyGyroJerk-std()-X,True,30,30,0.0918541914405543,Observations,60
HAR__27,HAR,tBodyGyroJerk-std()-X,True,30,30,0.10462003851539275,Observations,60
HAR__27,HAR,tBodyGyroJerk-std()-X,True,30,30,0.11916007628291865,Observations,60
HAR__27,HAR,tBodyGyroJerk-std()-X,True,30,30,0.13572088082974534,Observations,60
HAR__27,HAR,tBodyGyroJerk-std()-X,True,30,30,0.15458329725693898,Observations,60
HAR__27,HAR,tBodyGyroJerk-std()-X,True,30,30,0.17606720236957066,Observations,60
HAR__27,HAR,tBodyGyroJerk-std()-X,True,30,30,0.20053692928235056,Observations,60
HAR__27,HAR,tBodyGyroJerk-std()-X,True,30,30,0.2284074459340916,Observations,60
HAR__27,HAR,tBodyGyroJerk-std()-X,True,30,30,0.2601513922888541,Observations,60
HAR__27,HAR,tBodyGyroJerk-std()-X,True,30,30,0.29630709556359386,Observations,60
HAR__27,HAR,tBodyGyroJerk-std()-X,True,30,30,0.33748769940792006,Observations,60
HAR__27,HAR,tBodyGyroJerk-std()-X,True,30,30,0.38439156185244217,Observations,60
HAR__27,HAR,tBodyGyroJerk-std()-X,True,30,30,0.4378140983584905,Observations,60
HAR__27,HAR,tBodyGyroJerk-std()-X,True,30,30,0.4986612708086434,Observations,60
HAR__27,HAR,tBodyGyroJerk-std()-X,True,30,30,0.5679649511900395,Observations,60
HAR__27,HAR,tBodyGyroJerk-std()-X,True,30,30,0.6469004205142944,Binned,34
HAR__27,HAR,tBodyGyroJerk-std()-X,True,30,30,0.7368062997280774,Binned,34
HAR__27,HAR,tBodyGyroJerk-std()-X,True,30,30,0.8392072506111242,Binned,34
HAR__27,HAR,tBodyGyroJerk-std()-X,True,30,30,0.9558398316330861,Binned,34
HAR__27,HAR,tBodyGyroJerk-std()-X,True,30,30,1.0886819472437184,Binned,34
HAR__27,HAR,tBodyGyroJerk-std()-X,True,30,30,1.2399863900098937,Binned,18
HAR__27,HAR,tBodyGyroJerk-std()-X,True,30,30,1.4123190444211153,Binned,18
HAR__27,HAR,tBodyGyroJerk-std()-X,True,30,30,1.6086024002397787,Binned,18
HAR__27,HAR,tBodyGyroJerk-std()-X,True,30,30,1.8321651133138896,Means,2
HAR__27,HAR,tBodyGyroJerk-std()-X,True,30,30,2.0867984543253986,Means,2
HAR__27,HAR,tBodyGyroJerk-std()-X,True,30,30,2.376820602755804,Means,2
HAR__27,HAR,tBodyGyroJerk-std()-X,True,30,30,2.7071498763931694,Means,2
HAR__27,HAR,tBodyGyroJerk-std()-X,True,30,30,3.083388138237417,Means,2
HAR__27,HAR,tBodyGyroJerk-std()-X,True,30,30,3.511915795253308,Means,2
HAR__27,HAR,tBodyGyroJerk-std()-X,True,30,30,4.0,Means,2
HAR__28,HAR,tBodyGyroJerk-std()-Y,True,30,30,0.025,Observations,60
HAR__28,HAR,tBodyGyroJerk-std()-Y,True,30,30,0.02847448681291267,Observations,60
HAR__28,HAR,tBodyGyroJerk-std()-Y,True,30,30,0.032431855970349484,Observations,60
HAR__28,HAR,tBodyGyroJerk-std()-Y,True,30,30,0.03693921820583997,Observations,60
HAR__28,HAR,tBodyGyroJerk-std()-Y,True,30,30,0.04207301126725973,Observations,60
HAR__28,HAR,tBodyGyroJerk-std()-Y,True,30,30,0.04792029618036453,Observations,60
HAR__28,HAR,tBodyGyroJerk-std()-Y,True,30,30,0.05458023366634633,Observations,60
HAR__28,HAR,tBodyGyroJerk-std()-Y,True,30,30,0.06216576575112282,Observations,60
HAR__28,HAR,tBodyGyroJerk-std()-Y,True,30,30,0.07080553108379858,Observations,60
HAR__28,HAR,tBodyGyroJerk-std()-Y,True,30,30,0.08064604644507599,Observations,60
HAR__28,HAR,tBodyGyroJerk-std()-Y,True,30,30,0.0918541914405543,Observations,60
HAR__28,HAR,tBodyGyroJerk-std()-Y,True,30,30,0.10462003851539275,Observations,60
HAR__28,HAR,tBodyGyroJerk-std()-Y,True,30,30,0.11916007628291865,Observations,60
HAR__28,HAR,tBodyGyroJerk-std()-Y,True,30,30,0.13572088082974534,Observations,60
HAR__28,HAR,tBodyGyroJerk-std()-Y,True,30,30,0.15458329725693898,Observations,60
HAR__28,HAR,tBodyGyroJerk-std()-Y,True,30,30,0.17606720236957066,Observations,60
HAR__28,HAR,tBodyGyroJerk-std()-Y,True,30,30,0.20053692928235056,Observations,60
HAR__28,HAR,tBodyGyroJerk-std()-Y,True,30,30,0.2284074459340916,Observations,60
HAR__28,HAR,tBodyGyroJerk-std()-Y,True,30,30,0.2601513922888541,Observations,60
HAR__28,HAR,tBodyGyroJerk-std()-Y,True,30,30,0.29630709556359386,Observations,60
HAR__28,HAR,tBodyGyroJerk-std()-Y,True,30,30,0.33748769940792006,Observations,60
HAR__28,HAR,tBodyGyroJerk-std()-Y,True,30,30,0.38439156185244217,Binned,34
HAR__28,HAR,tBodyGyroJerk-std()-Y,True,30,30,0.4378140983584905,Binned,34
HAR__28,HAR,tBodyGyroJerk-std()-Y,True,30,30,0.4986612708086434,Binned,34
HAR__28,HAR,tBodyGyroJerk-std()-Y,True,30,30,0.5679649511900395,Binned,34
HAR__28,HAR,tBodyGyroJerk-std()-Y,True,30,30,0.6469004205142944,Binned,34
HAR__28,HAR,tBodyGyroJerk-std()-Y,True,30,30,0.7368062997280774,Binned,18
HAR__28,HAR,tBodyGyroJerk-std()-Y,True,30,30,0.8392072506111242,Binned,18
HAR__28,HAR,tBodyGyroJerk-std()-Y,True,30,30,0.9558398316330861,Binned,18
HAR__28,HAR,tBodyGyroJerk-std()-Y,True,30,30,1.0886819472437184,Binned,18
HAR__28,HAR,tBodyGyroJerk-std()-Y,True,30,30,1.2399863900098937,Binned,18
HAR__28,HAR,tBodyGyroJerk-std()-Y,True,30,30,1.4123190444211153,Binned,18
HAR__28,HAR,tBodyGyroJerk-std()-Y,True,30,30,1.6086024002397787,Binned,10
HAR__28,HAR,tBodyGyroJerk-std()-Y,True,30,30,1.8321651133138896,Binned,10
HAR__28,HAR,tBodyGyroJerk-std()-Y,True,30,30,2.0867984543253986,Binned,10
HAR__28,HAR,tBodyGyroJerk-std()-Y,True,30,30,2.376820602755804,Means,2
HAR__28,HAR,tBodyGyroJerk-std()-Y,True,30,30,2.7071498763931694,Means,2
HAR__28,HAR,tBodyGyroJerk-std()-Y,True,30,30,3.083388138237417,Means,2
HAR__28,HAR,tBodyGyroJerk-std()-Y,True,30,30,3.511915795253308,Means,2
HAR__28,HAR,tBodyGyroJerk-std()-Y,True,30,30,4.0,Means,2
HAR__29,HAR,tBodyGyroJerk-std()-Z,True,30,30,0.025,Observations,60
HAR__29,HAR,tBodyGyroJerk-std()-Z,True,30,30,0.02847448681291267,Observations,60
HAR__29,HAR,tBodyGyroJerk-std()-Z,True,30,30,0.032431855970349484,Observations,60
HAR__29,HAR,tBodyGyroJerk-std()-Z,True,30,30,0.03693921820583997,Observations,60
HAR__29,HAR,tBodyGyroJerk-std()-Z,True,30,30,0.04207301126725973,Observations,60
HAR__29,HAR,tBodyGyroJerk-std()-Z,True,30,30,0.04792029618036453,Observations,60
HAR__29,HAR,tBodyGyroJerk-std()-Z,True,30,30,0.05458023366634633,Observations,60
HAR__29,HAR,tBodyGyroJerk-std()-Z,True,30,30,0.06216576575112282,Observations,60
HAR__29,HAR,tBodyGyroJerk-std()-Z,True,30,30,0.07080553108379858,Observations,60
HAR__29,HAR,tBodyGyroJerk-std()-Z,True,30,30,0.08064604644507599,Observations,60
HAR__29,HAR,tBodyGyroJerk-std()-Z,True,30,30,0.0918541914405543,Observations,60
HAR__29,HAR,tBodyGyroJerk-std()-Z,True,30,30,0.10462003851539275,Observations,60
HAR__29,HAR,tBodyGyroJerk-std()-Z,True,30,30,0.11916007628291865,Observations,60
HAR__29,HAR,tBodyGyroJerk-std()-Z,True,30,30,0.13572088082974534,Observations,60
HAR__29,HAR,tBodyGyroJerk-std()-Z,True,30,30,0.15458329725693898,Observations,60
HAR__29,HAR,tBodyGyroJerk-std()-Z,True,30,30,0.17606720236957066,Observations,60
HAR__29,HAR,tBodyGyroJerk-std()-Z,True,30,30,0.20053692928235056,Observations,60
HAR__29,HAR,tBodyGyroJerk-std()-Z,True,30,30,0.2284074459340916,Observations,60
HAR__29,HAR,tBodyGyroJerk-std()-Z,True,30,30,0.2601513922888541,Observations,60
HAR__29,HAR,tBodyGyroJerk-std()-Z,True,30,30,0.29630709556359386,Five-number,10
HAR__29,HAR,tBodyGyroJerk-std()-Z,True,30,30,0.33748769940792006,Five-number,10
HAR__29,HAR,tBodyGyroJerk-std()-Z,True,30,30,0.38439156185244217,Five-number,10
HAR__29,HAR,tBodyGyroJerk-std()-Z,True,30,30,0.4378140983584905,Five-number,10
HAR__29,HAR,tBodyGyroJerk-std()-Z,True,30,30,0.4986612708086434,Five-number,10
HAR__29,HAR,tBodyGyroJerk-std()-Z,True,30,30,0.5679649511900395,Five-number,10
HAR__29,HAR,tBodyGyroJerk-std()-Z,True,30,30,0.6469004205142944,Five-number,10
HAR__29,HAR,tBodyGyroJerk-std()-Z,True,30,30,0.7368062997280774,Five-number,10
HAR__29,HAR,tBodyGyroJerk-std()-Z,True,30,30,0.8392072506111242,Five-number,10
HAR__29,HAR,tBodyGyroJerk-std()-Z,True,30,30,0.9558398316330861,Five-number,10
HAR__29,HAR,tBodyGyroJerk-std()-Z,True,30,30,1.0886819472437184,Five-number,10
HAR__29,HAR,tBodyGyroJerk-std()-Z,True,30,30,1.2399863900098937,Five-number,10
HAR__29,HAR,tBodyGyroJerk-std()-Z,True,30,30,1.4123190444211153,Five-number,10
HAR__29,HAR,tBodyGyroJerk-std()-Z,True,30,30,1.6086024002397787,Five-number,10
HAR__29,HAR,tBodyGyroJerk-std()-Z,True,30,30,1.8321651133138896,Five-number,10
HAR__29,HAR,tBodyGyroJerk-std()-Z,True,30,30,2.0867984543253986,Five-number,10
HAR__29,HAR,tBodyGyroJerk-std()-Z,True,30,30,2.376820602755804,Five-number,10
HAR__29,HAR,tBodyGyroJerk-std()-Z,True,30,30,2.7071498763931694,Means,2
HAR__29,HAR,tBodyGyroJerk-std()-Z,True,30,30,3.083388138237417,Means,2
HAR__29,HAR,tBodyGyroJerk-std()-Z,True,30,30,3.511915795253308,Means,2
HAR__29,HAR,tBodyGyroJerk-std()-Z,True,30,30,4.0,Means,2
HAR__30,HAR,tBodyAccMag-mean(),True,30,30,0.025,Observations,60
HAR__30,HAR,tBodyAccMag-mean(),True,30,30,0.02847448681291267,Observations,60
HAR__30,HAR,tBodyAccMag-mean(),True,30,30,0.032431855970349484,Observations,60
HAR__30,HAR,tBodyAccMag-mean(),True,30,30,0.03693921820583997,Observations,60
HAR__30,HAR,tBodyAccMag-mean(),True,30,30,0.04207301126725973,Observations,60
HAR__30,HAR,tBodyAccMag-mean(),True,30,30,0.04792029618036453,Observations,60
HAR__30,HAR,tBodyAccMag-mean(),True,30,30,0.05458023366634633,Observations,60
HAR__30,HAR,tBodyAccMag-mean(),True,30,30,0.06216576575112282,Observations,60
HAR__30,HAR,tBodyAccMag-mean(),True,30,30,0.07080553108379858,Observations,60
HAR__30,HAR,tBodyAccMag-mean(),True,30,30,0.08064604644507599,Observations,60
HAR__30,HAR,tBodyAccMag-mean(),True,30,30,0.0918541914405543,Observations,60
HAR__30,HAR,tBodyAccMag-mean(),True,30,30,0.10462003851539275,Observations,60
HAR__30,HAR,tBodyAccMag-mean(),True,30,30,0.11916007628291865,Observations,60
HAR__30,HAR,tBodyAccMag-mean(),True,30,30,0.13572088082974534,Observations,60
HAR__30,HAR,tBodyAccMag-mean(),True,30,30,0.15458329725693898,Observations,60
HAR__30,HAR,tBodyAccMag-mean(),True,30,30,0.17606720236957066,Observations,60
HAR__30,HAR,tBodyAccMag-mean(),True,30,30,0.20053692928235056,Observations,60
HAR__30,HAR,tBodyAccMag-mean(),True,30,30,0.2284074459340916,Observations,60
HAR__30,HAR,tBodyAccMag-mean(),True,30,30,0.2601513922888541,Observations,60
HAR__30,HAR,tBodyAccMag-mean(),True,30,30,0.29630709556359386,Observations,60
HAR__30,HAR,tBodyAccMag-mean(),True,30,30,0.33748769940792006,Observations,60
HAR__30,HAR,tBodyAccMag-mean(),True,30,30,0.38439156185244217,Observations,60
HAR__30,HAR,tBodyAccMag-mean(),True,30,30,0.4378140983584905,Observations,60
HAR__30,HAR,tBodyAccMag-mean(),True,30,30,0.4986612708086434,Binned,34
HAR__30,HAR,tBodyAccMag-mean(),True,30,30,0.5679649511900395,Binned,34
HAR__30,HAR,tBodyAccMag-mean(),True,30,30,0.6469004205142944,Binned,34
HAR__30,HAR,tBodyAccMag-mean(),True,30,30,0.7368062997280774,Binned,34
HAR__30,HAR,tBodyAccMag-mean(),True,30,30,0.8392072506111242,Five-number,10
HAR__30,HAR,tBodyAccMag-mean(),True,30,30,0.9558398316330861,Five-number,10
HAR__30,HAR,tBodyAccMag-mean(),True,30,30,1.0886819472437184,Five-number,10
HAR__30,HAR,tBodyAccMag-mean(),True,30,30,1.2399863900098937,Five-number,10
HAR__30,HAR,tBodyAccMag-mean(),True,30,30,1.4123190444211153,Five-number,10
HAR__30,HAR,tBodyAccMag-mean(),True,30,30,1.6086024002397787,Five-number,10
HAR__30,HAR,tBodyAccMag-mean(),True,30,30,1.8321651133138896,Five-number,10
HAR__30,HAR,tBodyAccMag-mean(),True,30,30,2.0867984543253986,Five-number,10
HAR__30,HAR,tBodyAccMag-mean(),True,30,30,2.376820602755804,Five-number,10
HAR__30,HAR,tBodyAccMag-mean(),True,30,30,2.7071498763931694,Means,2
HAR__30,HAR,tBodyAccMag-mean(),True,30,30,3.083388138237417,Means,2
HAR__30,HAR,tBodyAccMag-mean(),True,30,30,3.511915795253308,Means,2
HAR__30,HAR,tBodyAccMag-mean(),True,30,30,4.0,Means,2
HAR__31,HAR,tBodyAccMag-std(),True,30,30,0.025,Observations,60
HAR__31,HAR,tBodyAccMag-std(),True,30,30,0.02847448681291267,Observations,60
HAR__31,HAR,tBodyAccMag-std(),True,30,30,0.032431855970349484,Observations,60
HAR__31,HAR,tBodyAccMag-std(),True,30,30,0.03693921820583997,Observations,60
HAR__31,HAR,tBodyAccMag-std(),True,30,30,0.04207301126725973,Observations,60
HAR__31,HAR,tBodyAccMag-std(),True,30,30,0.04792029618036453,Observations,60
HAR__31,HAR,tBodyAccMag-std(),True,30,30,0.05458023366634633,Observations,60
HAR__31,HAR,tBodyAccMag-std(),True,30,30,0.06216576575112282,Observations,60
HAR__31,HAR,tBodyAccMag-std(),True,30,30,0.07080553108379858,Observations,60
HAR__31,HAR,tBodyAccMag-std(),True,30,30,0.08064604644507599,Observations,60
HAR__31,HAR,tBodyAccMag-std(),True,30,30,0.0918541914405543,Observations,60
HAR__31,HAR,tBodyAccMag-std(),True,30,30,0.10462003851539275,Observations,60
HAR__31,HAR,tBodyAccMag-std(),True,30,30,0.11916007628291865,Observations,60
HAR__31,HAR,tBodyAccMag-std(),True,30,30,0.13572088082974534,Observations,60
HAR__31,HAR,tBodyAccMag-std(),True,30,30,0.15458329725693898,Observations,60
HAR__31,HAR,tBodyAccMag-std(),True,30,30,0.17606720236957066,Observations,60
HAR__31,HAR,tBodyAccMag-std(),True,30,30,0.20053692928235056,Observations,60
HAR__31,HAR,tBodyAccMag-std(),True,30,30,0.2284074459340916,Observations,60
HAR__31,HAR,tBodyAccMag-std(),True,30,30,0.2601513922888541,Observations,60
HAR__31,HAR,tBodyAccMag-std(),True,30,30,0.29630709556359386,Observations,60
HAR__31,HAR,tBodyAccMag-std(),True,30,30,0.33748769940792006,Binned,34
HAR__31,HAR,tBodyAccMag-std(),True,30,30,0.38439156185244217,Binned,34
HAR__31,HAR,tBodyAccMag-std(),True,30,30,0.4378140983584905,Binned,34
HAR__31,HAR,tBodyAccMag-std(),True,30,30,0.4986612708086434,Five-number,10
HAR__31,HAR,tBodyAccMag-std(),True,30,30,0.5679649511900395,Five-number,10
HAR__31,HAR,tBodyAccMag-std(),True,30,30,0.6469004205142944,Five-number,10
HAR__31,HAR,tBodyAccMag-std(),True,30,30,0.7368062997280774,Five-number,10
HAR__31,HAR,tBodyAccMag-std(),True,30,30,0.8392072506111242,Five-number,10
HAR__31,HAR,tBodyAccMag-std(),True,30,30,0.9558398316330861,Five-number,10
HAR__31,HAR,tBodyAccMag-std(),True,30,30,1.0886819472437184,Five-number,10
HAR__31,HAR,tBodyAccMag-std(),True,30,30,1.2399863900098937,Five-number,10
HAR__31,HAR,tBodyAccMag-std(),True,30,30,1.4123190444211153,Five-number,10
HAR__31,HAR,tBodyAccMag-std(),True,30,30,1.6086024002397787,Five-number,10
HAR__31,HAR,tBodyAccMag-std(),True,30,30,1.8321651133138896,Five-number,10
HAR__31,HAR,tBodyAccMag-std(),True,30,30,2.0867984543253986,Means,2
HAR__31,HAR,tBodyAccMag-std(),True,30,30,2.376820602755804,Means,2
HAR__31,HAR,tBodyAccMag-std(),True,30,30,2.7071498763931694,Means,2
HAR__31,HAR,tBodyAccMag-std(),True,30,30,3.083388138237417,Means,2
HAR__31,HAR,tBodyAccMag-std(),True,30,30,3.511915795253308,Means,2
HAR__31,HAR,tBodyAccMag-std(),True,30,30,4.0,Means,2
HAR__32,HAR,tGravityAccMag-mean(),True,30,30,0.025,Observations,60
HAR__32,HAR,tGravityAccMag-mean(),True,30,30,0.02847448681291267,Observations,60
HAR__32,HAR,tGravityAccMag-mean(),True,30,30,0.032431855970349484,Observations,60
HAR__32,HAR,tGravityAccMag-mean(),True,30,30,0.03693921820583997,Observations,60
HAR__32,HAR,tGravityAccMag-mean(),True,30,30,0.04207301126725973,Observations,60
HAR__32,HAR,tGravityAccMag-mean(),True,30,30,0.04792029618036453,Observations,60
HAR__32,HAR,tGravityAccMag-mean(),True,30,30,0.05458023366634633,Observations,60
HAR__32,HAR,tGravityAccMag-mean(),True,30,30,0.06216576575112282,Observations,60
HAR__32,HAR,tGravityAccMag-mean(),True,30,30,0.07080553108379858,Observations,60
HAR__32,HAR,tGravityAccMag-mean(),True,30,30,0.08064604644507599,Observations,60
HAR__32,HAR,tGravityAccMag-mean(),True,30,30,0.0918541914405543,Observations,60
HAR__32,HAR,tGravityAccMag-mean(),True,30,30,0.10462003851539275,Observations,60
HAR__32,HAR,tGravityAccMag-mean(),True,30,30,0.11916007628291865,Observations,60
HAR__32,HAR,tGravityAccMag-mean(),True,30,30,0.13572088082974534,Observations,60
HAR__32,HAR,tGravityAccMag-mean(),True,30,30,0.15458329725693898,Observations,60
HAR__32,HAR,tGravityAccMag-mean(),True,30,30,0.17606720236957066,Observations,60
HAR__32,HAR,tGravityAccMag-mean(),True,30,30,0.20053692928235056,Observations,60
HAR__32,HAR,tGravityAccMag-mean(),True,30,30,0.2284074459340916,Observations,60
HAR__32,HAR,tGravityAccMag-mean(),True,30,30,0.2601513922888541,Observations,60
HAR__32,HAR,tGravityAccMag-mean(),True,30,30,0.29630709556359386,Observations,60
HAR__32,HAR,tGravityAccMag-mean(),True,30,30,0.33748769940792006,Observations,60
HAR__32,HAR,tGravityAccMag-mean(),True,30,30,0.38439156185244217,Observations,60
HAR__32,HAR,tGravityAccMag-mean(),True,30,30,0.4378140983584905,Observations,60
HAR__32,HAR,tGravityAccMag-mean(),True,30,30,0.4986612708086434,Binned,34
HAR__32,HAR,tGravityAccMag-mean(),True,30,30,0.5679649511900395,Binned,34
HAR__32,HAR,tGravityAccMag-mean(),True,30,30,0.6469004205142944,Binned,34
HAR__32,HAR,tGravityAccMag-mean(),True,30,30,0.7368062997280774,Binned,34
HAR__32,HAR,tGravityAccMag-mean(),True,30,30,0.8392072506111242,Five-number,10
HAR__32,HAR,tGravityAccMag-mean(),True,30,30,0.9558398316330861,Five-number,10
HAR__32,HAR,tGravityAccMag-mean(),True,30,30,1.0886819472437184,Five-number,10
HAR__32,HAR,tGravityAccMag-mean(),True,30,30,1.2399863900098937,Five-number,10
HAR__32,HAR,tGravityAccMag-mean(),True,30,30,1.4123190444211153,Five-number,10
HAR__32,HAR,tGravityAccMag-mean(),True,30,30,1.6086024002397787,Five-number,10
HAR__32,HAR,tGravityAccMag-mean(),True,30,30,1.8321651133138896,Five-number,10
HAR__32,HAR,tGravityAccMag-mean(),True,30,30,2.0867984543253986,Five-number,10
HAR__32,HAR,tGravityAccMag-mean(),True,30,30,2.376820602755804,Five-number,10
HAR__32,HAR,tGravityAccMag-mean(),True,30,30,2.7071498763931694,Means,2
HAR__32,HAR,tGravityAccMag-mean(),True,30,30,3.083388138237417,Means,2
HAR__32,HAR,tGravityAccMag-mean(),True,30,30,3.511915795253308,Means,2
HAR__32,HAR,tGravityAccMag-mean(),True,30,30,4.0,Means,2
HAR__33,HAR,tGravityAccMag-std(),True,30,30,0.025,Observations,60
HAR__33,HAR,tGravityAccMag-std(),True,30,30,0.02847448681291267,Observations,60
HAR__33,HAR,tGravityAccMag-std(),True,30,30,0.032431855970349484,Observations,60
HAR__33,HAR,tGravityAccMag-std(),True,30,30,0.03693921820583997,Observations,60
HAR__33,HAR,tGravityAccMag-std(),True,30,30,0.04207301126725973,Observations,60
HAR__33,HAR,tGravityAccMag-std(),True,30,30,0.04792029618036453,Observations,60
HAR__33,HAR,tGravityAccMag-std(),True,30,30,0.05458023366634633,Observations,60
HAR__33,HAR,tGravityAccMag-std(),True,30,30,0.06216576575112282,Observations,60
HAR__33,HAR,tGravityAccMag-std(),True,30,30,0.07080553108379858,Observations,60
HAR__33,HAR,tGravityAccMag-std(),True,30,30,0.08064604644507599,Observations,60
HAR__33,HAR,tGravityAccMag-std(),True,30,30,0.0918541914405543,Observations,60
HAR__33,HAR,tGravityAccMag-std(),True,30,30,0.10462003851539275,Observations,60
HAR__33,HAR,tGravityAccMag-std(),True,30,30,0.11916007628291865,Observations,60
HAR__33,HAR,tGravityAccMag-std(),True,30,30,0.13572088082974534,Observations,60
HAR__33,HAR,tGravityAccMag-std(),True,30,30,0.15458329725693898,Observations,60
HAR__33,HAR,tGravityAccMag-std(),True,30,30,0.17606720236957066,Observations,60
HAR__33,HAR,tGravityAccMag-std(),True,30,30,0.20053692928235056,Observations,60
HAR__33,HAR,tGravityAccMag-std(),True,30,30,0.2284074459340916,Observations,60
HAR__33,HAR,tGravityAccMag-std(),True,30,30,0.2601513922888541,Observations,60
HAR__33,HAR,tGravityAccMag-std(),True,30,30,0.29630709556359386,Observations,60
HAR__33,HAR,tGravityAccMag-std(),True,30,30,0.33748769940792006,Binned,34
HAR__33,HAR,tGravityAccMag-std(),True,30,30,0.38439156185244217,Binned,34
HAR__33,HAR,tGravityAccMag-std(),True,30,30,0.4378140983584905,Binned,34
HAR__33,HAR,tGravityAccMag-std(),True,30,30,0.4986612708086434,Five-number,10
HAR__33,HAR,tGravityAccMag-std(),True,30,30,0.5679649511900395,Five-number,10
HAR__33,HAR,tGravityAccMag-std(),True,30,30,0.6469004205142944,Five-number,10
HAR__33,HAR,tGravityAccMag-std(),True,30,30,0.7368062997280774,Five-number,10
HAR__33,HAR,tGravityAccMag-std(),True,30,30,0.8392072506111242,Five-number,10
HAR__33,HAR,tGravityAccMag-std(),True,30,30,0.9558398316330861,Five-number,10
HAR__33,HAR,tGravityAccMag-std(),True,30,30,1.0886819472437184,Five-number,10
HAR__33,HAR,tGravityAccMag-std(),True,30,30,1.2399863900098937,Five-number,10
HAR__33,HAR,tGravityAccMag-std(),True,30,30,1.4123190444211153,Five-number,10
HAR__33,HAR,tGravityAccMag-std(),True,30,30,1.6086024002397787,Five-number,10
HAR__33,HAR,tGravityAccMag-std(),True,30,30,1.8321651133138896,Five-number,10
HAR__33,HAR,tGravityAccMag-std(),True,30,30,2.0867984543253986,Means,2
HAR__33,HAR,tGravityAccMag-std(),True,30,30,2.376820602755804,Means,2
HAR__33,HAR,tGravityAccMag-std(),True,30,30,2.7071498763931694,Means,2
HAR__33,HAR,tGravityAccMag-std(),True,30,30,3.083388138237417,Means,2
HAR__33,HAR,tGravityAccMag-std(),True,30,30,3.511915795253308,Means,2
HAR__33,HAR,tGravityAccMag-std(),True,30,30,4.0,Means,2
HAR__34,HAR,tBodyAccJerkMag-mean(),True,30,30,0.025,Observations,60
HAR__34,HAR,tBodyAccJerkMag-mean(),True,30,30,0.02847448681291267,Observations,60
HAR__34,HAR,tBodyAccJerkMag-mean(),True,30,30,0.032431855970349484,Observations,60
HAR__34,HAR,tBodyAccJerkMag-mean(),True,30,30,0.03693921820583997,Observations,60
HAR__34,HAR,tBodyAccJerkMag-mean(),True,30,30,0.04207301126725973,Observations,60
HAR__34,HAR,tBodyAccJerkMag-mean(),True,30,30,0.04792029618036453,Observations,60
HAR__34,HAR,tBodyAccJerkMag-mean(),True,30,30,0.05458023366634633,Observations,60
HAR__34,HAR,tBodyAccJerkMag-mean(),True,30,30,0.06216576575112282,Observations,60
HAR__34,HAR,tBodyAccJerkMag-mean(),True,30,30,0.07080553108379858,Observations,60
HAR__34,HAR,tBodyAccJerkMag-mean(),True,30,30,0.08064604644507599,Observations,60
HAR__34,HAR,tBodyAccJerkMag-mean(),True,30,30,0.0918541914405543,Observations,60
HAR__34,HAR,tBodyAccJerkMag-mean(),True,30,30,0.10462003851539275,Observations,60
HAR__34,HAR,tBodyAccJerkMag-mean(),True,30,30,0.11916007628291865,Observations,60
HAR__34,HAR,tBodyAccJerkMag-mean(),True,30,30,0.13572088082974534,Observations,60
HAR__34,HAR,tBodyAccJerkMag-mean(),True,30,30,0.15458329725693898,Observations,60
HAR__34,HAR,tBodyAccJerkMag-mean(),True,30,30,0.17606720236957066,Observations,60
HAR__34,HAR,tBodyAccJerkMag-mean(),True,30,30,0.20053692928235056,Observations,60
HAR__34,HAR,tBodyAccJerkMag-mean(),True,30,30,0.2284074459340916,Observations,60
HAR__34,HAR,tBodyAccJerkMag-mean(),True,30,30,0.2601513922888541,Observations,60
HAR__34,HAR,tBodyAccJerkMag-mean(),True,30,30,0.29630709556359386,Observations,60
HAR__34,HAR,tBodyAccJerkMag-mean(),True,30,30,0.33748769940792006,Observations,60
HAR__34,HAR,tBodyAccJerkMag-mean(),True,30,30,0.38439156185244217,Observations,60
HAR__34,HAR,tBodyAccJerkMag-mean(),True,30,30,0.4378140983584905,Observations,60
HAR__34,HAR,tBodyAccJerkMag-mean(),True,30,30,0.4986612708086434,Binned,34
HAR__34,HAR,tBodyAccJerkMag-mean(),True,30,30,0.5679649511900395,Binned,34
HAR__34,HAR,tBodyAccJerkMag-mean(),True,30,30,0.6469004205142944,Binned,34
HAR__34,HAR,tBodyAccJerkMag-mean(),True,30,30,0.7368062997280774,Binned,34
HAR__34,HAR,tBodyAccJerkMag-mean(),True,30,30,0.8392072506111242,Binned,34
HAR__34,HAR,tBodyAccJerkMag-mean(),True,30,30,0.9558398316330861,Binned,18
HAR__34,HAR,tBodyAccJerkMag-mean(),True,30,30,1.0886819472437184,Five-number,10
HAR__34,HAR,tBodyAccJerkMag-mean(),True,30,30,1.2399863900098937,Five-number,10
HAR__34,HAR,tBodyAccJerkMag-mean(),True,30,30,1.4123190444211153,Five-number,10
HAR__34,HAR,tBodyAccJerkMag-mean(),True,30,30,1.6086024002397787,Five-number,10
HAR__34,HAR,tBodyAccJerkMag-mean(),True,30,30,1.8321651133138896,Five-number,10
HAR__34,HAR,tBodyAccJerkMag-mean(),True,30,30,2.0867984543253986,Means,2
HAR__34,HAR,tBodyAccJerkMag-mean(),True,30,30,2.376820602755804,Means,2
HAR__34,HAR,tBodyAccJerkMag-mean(),True,30,30,2.7071498763931694,Means,2
HAR__34,HAR,tBodyAccJerkMag-mean(),True,30,30,3.083388138237417,Means,2
HAR__34,HAR,tBodyAccJerkMag-mean(),True,30,30,3.511915795253308,Means,2
HAR__34,HAR,tBodyAccJerkMag-mean(),True,30,30,4.0,Means,2
HAR__35,HAR,tBodyAccJerkMag-std(),True,30,30,0.025,Observations,60
HAR__35,HAR,tBodyAccJerkMag-std(),True,30,30,0.02847448681291267,Observations,60
HAR__35,HAR,tBodyAccJerkMag-std(),True,30,30,0.032431855970349484,Observations,60
HAR__35,HAR,tBodyAccJerkMag-std(),True,30,30,0.03693921820583997,Observations,60
HAR__35,HAR,tBodyAccJerkMag-std(),True,30,30,0.04207301126725973,Observations,60
HAR__35,HAR,tBodyAccJerkMag-std(),True,30,30,0.04792029618036453,Observations,60
HAR__35,HAR,tBodyAccJerkMag-std(),True,30,30,0.05458023366634633,Observations,60
HAR__35,HAR,tBodyAccJerkMag-std(),True,30,30,0.06216576575112282,Observations,60
HAR__35,HAR,tBodyAccJerkMag-std(),True,30,30,0.07080553108379858,Observations,60
HAR__35,HAR,tBodyAccJerkMag-std(),True,30,30,0.08064604644507599,Observations,60
HAR__35,HAR,tBodyAccJerkMag-std(),True,30,30,0.0918541914405543,Observations,60
HAR__35,HAR,tBodyAccJerkMag-std(),True,30,30,0.10462003851539275,Observations,60
HAR__35,HAR,tBodyAccJerkMag-std(),True,30,30,0.11916007628291865,Observations,60
HAR__35,HAR,tBodyAccJerkMag-std(),True,30,30,0.13572088082974534,Observations,60
HAR__35,HAR,tBodyAccJerkMag-std(),True,30,30,0.15458329725693898,Observations,60
HAR__35,HAR,tBodyAccJerkMag-std(),True,30,30,0.17606720236957066,Observations,60
HAR__35,HAR,tBodyAccJerkMag-std(),True,30,30,0.20053692928235056,Observations,60
HAR__35,HAR,tBodyAccJerkMag-std(),True,30,30,0.2284074459340916,Observations,60
HAR__35,HAR,tBodyAccJerkMag-std(),True,30,30,0.2601513922888541,Observations,60
HAR__35,HAR,tBodyAccJerkMag-std(),True,30,30,0.29630709556359386,Observations,60
HAR__35,HAR,tBodyAccJerkMag-std(),True,30,30,0.33748769940792006,Observations,60
HAR__35,HAR,tBodyAccJerkMag-std(),True,30,30,0.38439156185244217,Observations,60
HAR__35,HAR,tBodyAccJerkMag-std(),True,30,30,0.4378140983584905,Observations,60
HAR__35,HAR,tBodyAccJerkMag-std(),True,30,30,0.4986612708086434,Binned,34
HAR__35,HAR,tBodyAccJerkMag-std(),True,30,30,0.5679649511900395,Binned,34
HAR__35,HAR,tBodyAccJerkMag-std(),True,30,30,0.6469004205142944,Five-number,10
HAR__35,HAR,tBodyAccJerkMag-std(),True,30,30,0.7368062997280774,Five-number,10
HAR__35,HAR,tBodyAccJerkMag-std(),True,30,30,0.8392072506111242,Five-number,10
HAR__35,HAR,tBodyAccJerkMag-std(),True,30,30,0.9558398316330861,Five-number,10
HAR__35,HAR,tBodyAccJerkMag-std(),True,30,30,1.0886819472437184,Five-number,10
HAR__35,HAR,tBodyAccJerkMag-std(),True,30,30,1.2399863900098937,Five-number,10
HAR__35,HAR,tBodyAccJerkMag-std(),True,30,30,1.4123190444211153,Five-number,10
HAR__35,HAR,tBodyAccJerkMag-std(),True,30,30,1.6086024002397787,Five-number,10
HAR__35,HAR,tBodyAccJerkMag-std(),True,30,30,1.8321651133138896,Five-number,10
HAR__35,HAR,tBodyAccJerkMag-std(),True,30,30,2.0867984543253986,Means,2
HAR__35,HAR,tBodyAccJerkMag-std(),True,30,30,2.376820602755804,Means,2
HAR__35,HAR,tBodyAccJerkMag-std(),True,30,30,2.7071498763931694,Means,2
HAR__35,HAR,tBodyAccJerkMag-std(),True,30,30,3.083388138237417,Means,2
HAR__35,HAR,tBodyAccJerkMag-std(),True,30,30,3.511915795253308,Means,2
HAR__35,HAR,tBodyAccJerkMag-std(),True,30,30,4.0,Means,2
HAR__36,HAR,tBodyGyroMag-mean(),True,30,30,0.025,Observations,60
HAR__36,HAR,tBodyGyroMag-mean(),True,30,30,0.02847448681291267,Observations,60
HAR__36,HAR,tBodyGyroMag-mean(),True,30,30,0.032431855970349484,Observations,60
HAR__36,HAR,tBodyGyroMag-mean(),True,30,30,0.03693921820583997,Observations,60
HAR__36,HAR,tBodyGyroMag-mean(),True,30,30,0.04207301126725973,Observations,60
HAR__36,HAR,tBodyGyroMag-mean(),True,30,30,0.04792029618036453,Observations,60
HAR__36,HAR,tBodyGyroMag-mean(),True,30,30,0.05458023366634633,Observations,60
HAR__36,HAR,tBodyGyroMag-mean(),True,30,30,0.06216576575112282,Observations,60
HAR__36,HAR,tBodyGyroMag-mean(),True,30,30,0.07080553108379858,Observations,60
HAR__36,HAR,tBodyGyroMag-mean(),True,30,30,0.08064604644507599,Observations,60
HAR__36,HAR,tBodyGyroMag-mean(),True,30,30,0.0918541914405543,Observations,60
HAR__36,HAR,tBodyGyroMag-mean(),True,30,30,0.10462003851539275,Observations,60
HAR__36,HAR,tBodyGyroMag-mean(),True,30,30,0.11916007628291865,Observations,60
HAR__36,HAR,tBodyGyroMag-mean(),True,30,30,0.13572088082974534,Observations,60
HAR__36,HAR,tBodyGyroMag-mean(),True,30,30,0.15458329725693898,Observations,60
HAR__36,HAR,tBodyGyroMag-mean(),True,30,30,0.17606720236957066,Observations,60
HAR__36,HAR,tBodyGyroMag-mean(),True,30,30,0.20053692928235056,Observations,60
HAR__36,HAR,tBodyGyroMag-mean(),True,30,30,0.2284074459340916,Observations,60
HAR__36,HAR,tBodyGyroMag-mean(),True,30,30,0.2601513922888541,Observations,60
HAR__36,HAR,tBodyGyroMag-mean(),True,30,30,0.29630709556359386,Observations,60
HAR__36,HAR,tBodyGyroMag-mean(),True,30,30,0.33748769940792006,Observations,60
HAR__36,HAR,tBodyGyroMag-mean(),True,30,30,0.38439156185244217,Observations,60
HAR__36,HAR,tBodyGyroMag-mean(),True,30,30,0.4378140983584905,Observations,60
HAR__36,HAR,tBodyGyroMag-mean(),True,30,30,0.4986612708086434,Five-number,10
HAR__36,HAR,tBodyGyroMag-mean(),True,30,30,0.5679649511900395,Five-number,10
HAR__36,HAR,tBodyGyroMag-mean(),True,30,30,0.6469004205142944,Five-number,10
HAR__36,HAR,tBodyGyroMag-mean(),True,30,30,0.7368062997280774,Five-number,10
HAR__36,HAR,tBodyGyroMag-mean(),True,30,30,0.8392072506111242,Five-number,10
HAR__36,HAR,tBodyGyroMag-mean(),True,30,30,0.9558398316330861,Five-number,10
HAR__36,HAR,tBodyGyroMag-mean(),True,30,30,1.0886819472437184,Five-number,10
HAR__36,HAR,tBodyGyroMag-mean(),True,30,30,1.2399863900098937,Five-number,10
HAR__36,HAR,tBodyGyroMag-mean(),True,30,30,1.4123190444211153,Five-number,10
HAR__36,HAR,tBodyGyroMag-mean(),True,30,30,1.6086024002397787,Five-number,10
HAR__36,HAR,tBodyGyroMag-mean(),True,30,30,1.8321651133138896,Five-number,10
HAR__36,HAR,tBodyGyroMag-mean(),True,30,30,2.0867984543253986,Five-number,10
HAR__36,HAR,tBodyGyroMag-mean(),True,30,30,2.376820602755804,Five-number,10
HAR__36,HAR,tBodyGyroMag-mean(),True,30,30,2.7071498763931694,Means,2
HAR__36,HAR,tBodyGyroMag-mean(),True,30,30,3.083388138237417,Means,2
HAR__36,HAR,tBodyGyroMag-mean(),True,30,30,3.511915795253308,Means,2
HAR__36,HAR,tBodyGyroMag-mean(),True,30,30,4.0,Means,2
HAR__37,HAR,tBodyGyroMag-std(),True,30,30,0.025,Observations,60
HAR__37,HAR,tBodyGyroMag-std(),True,30,30,0.02847448681291267,Observations,60
HAR__37,HAR,tBodyGyroMag-std(),True,30,30,0.032431855970349484,Observations,60
HAR__37,HAR,tBodyGyroMag-std(),True,30,30,0.03693921820583997,Observations,60
HAR__37,HAR,tBodyGyroMag-std(),True,30,30,0.04207301126725973,Observations,60
HAR__37,HAR,tBodyGyroMag-std(),True,30,30,0.04792029618036453,Observations,60
HAR__37,HAR,tBodyGyroMag-std(),True,30,30,0.05458023366634633,Observations,60
HAR__37,HAR,tBodyGyroMag-std(),True,30,30,0.06216576575112282,Observations,60
HAR__37,HAR,tBodyGyroMag-std(),True,30,30,0.07080553108379858,Observations,60
HAR__37,HAR,tBodyGyroMag-std(),True,30,30,0.08064604644507599,Observations,60
HAR__37,HAR,tBodyGyroMag-std(),True,30,30,0.0918541914405543,Observations,60
HAR__37,HAR,tBodyGyroMag-std(),True,30,30,0.10462003851539275,Observations,60
HAR__37,HAR,tBodyGyroMag-std(),True,30,30,0.11916007628291865,Observations,60
HAR__37,HAR,tBodyGyroMag-std(),True,30,30,0.13572088082974534,Observations,60
HAR__37,HAR,tBodyGyroMag-std(),True,30,30,0.15458329725693898,Observations,60
HAR__37,HAR,tBodyGyroMag-std(),True,30,30,0.17606720236957066,Observations,60
HAR__37,HAR,tBodyGyroMag-std(),True,30,30,0.20053692928235056,Observations,60
HAR__37,HAR,tBodyGyroMag-std(),True,30,30,0.2284074459340916,Observations,60
HAR__37,HAR,tBodyGyroMag-std(),True,30,30,0.2601513922888541,Observations,60
HAR__37,HAR,tBodyGyroMag-std(),True,30,30,0.29630709556359386,Observations,60
HAR__37,HAR,tBodyGyroMag-std(),True,30,30,0.33748769940792006,Observations,60
HAR__37,HAR,tBodyGyroMag-std(),True,30,30,0.38439156185244217,Observations,60
HAR__37,HAR,tBodyGyroMag-std(),True,30,30,0.4378140983584905,Observations,60
HAR__37,HAR,tBodyGyroMag-std(),True,30,30,0.4986612708086434,Observations,60
HAR__37,HAR,tBodyGyroMag-std(),True,30,30,0.5679649511900395,Density,34
HAR__37,HAR,tBodyGyroMag-std(),True,30,30,0.6469004205142944,Density,34
HAR__37,HAR,tBodyGyroMag-std(),True,30,30,0.7368062997280774,Density,34
HAR__37,HAR,tBodyGyroMag-std(),True,30,30,0.8392072506111242,Binned,18
HAR__37,HAR,tBodyGyroMag-std(),True,30,30,0.9558398316330861,Binned,18
HAR__37,HAR,tBodyGyroMag-std(),True,30,30,1.0886819472437184,Binned,18
HAR__37,HAR,tBodyGyroMag-std(),True,30,30,1.2399863900098937,Binned,18
HAR__37,HAR,tBodyGyroMag-std(),True,30,30,1.4123190444211153,Five-number,10
HAR__37,HAR,tBodyGyroMag-std(),True,30,30,1.6086024002397787,Five-number,10
HAR__37,HAR,tBodyGyroMag-std(),True,30,30,1.8321651133138896,Five-number,10
HAR__37,HAR,tBodyGyroMag-std(),True,30,30,2.0867984543253986,Five-number,10
HAR__37,HAR,tBodyGyroMag-std(),True,30,30,2.376820602755804,Means,2
HAR__37,HAR,tBodyGyroMag-std(),True,30,30,2.7071498763931694,Means,2
HAR__37,HAR,tBodyGyroMag-std(),True,30,30,3.083388138237417,Means,2
HAR__37,HAR,tBodyGyroMag-std(),True,30,30,3.511915795253308,Means,2
HAR__37,HAR,tBodyGyroMag-std(),True,30,30,4.0,Means,2
HAR__38,HAR,tBodyGyroJerkMag-mean(),True,30,30,0.025,Observations,60
HAR__38,HAR,tBodyGyroJerkMag-mean(),True,30,30,0.02847448681291267,Observations,60
HAR__38,HAR,tBodyGyroJerkMag-mean(),True,30,30,0.032431855970349484,Observations,60
HAR__38,HAR,tBodyGyroJerkMag-mean(),True,30,30,0.03693921820583997,Observations,60
HAR__38,HAR,tBodyGyroJerkMag-mean(),True,30,30,0.04207301126725973,Observations,60
HAR__38,HAR,tBodyGyroJerkMag-mean(),True,30,30,0.04792029618036453,Observations,60
HAR__38,HAR,tBodyGyroJerkMag-mean(),True,30,30,0.05458023366634633,Observations,60
HAR__38,HAR,tBodyGyroJerkMag-mean(),True,30,30,0.06216576575112282,Observations,60
HAR__38,HAR,tBodyGyroJerkMag-mean(),True,30,30,0.07080553108379858,Observations,60
HAR__38,HAR,tBodyGyroJerkMag-mean(),True,30,30,0.08064604644507599,Observations,60
HAR__38,HAR,tBodyGyroJerkMag-mean(),True,30,30,0.0918541914405543,Observations,60
HAR__38,HAR,tBodyGyroJerkMag-mean(),True,30,30,0.10462003851539275,Observations,60
HAR__38,HAR,tBodyGyroJerkMag-mean(),True,30,30,0.11916007628291865,Observations,60
HAR__38,HAR,tBodyGyroJerkMag-mean(),True,30,30,0.13572088082974534,Observations,60
HAR__38,HAR,tBodyGyroJerkMag-mean(),True,30,30,0.15458329725693898,Observations,60
HAR__38,HAR,tBodyGyroJerkMag-mean(),True,30,30,0.17606720236957066,Observations,60
HAR__38,HAR,tBodyGyroJerkMag-mean(),True,30,30,0.20053692928235056,Observations,60
HAR__38,HAR,tBodyGyroJerkMag-mean(),True,30,30,0.2284074459340916,Observations,60
HAR__38,HAR,tBodyGyroJerkMag-mean(),True,30,30,0.2601513922888541,Observations,60
HAR__38,HAR,tBodyGyroJerkMag-mean(),True,30,30,0.29630709556359386,Observations,60
HAR__38,HAR,tBodyGyroJerkMag-mean(),True,30,30,0.33748769940792006,Observations,60
HAR__38,HAR,tBodyGyroJerkMag-mean(),True,30,30,0.38439156185244217,Observations,60
HAR__38,HAR,tBodyGyroJerkMag-mean(),True,30,30,0.4378140983584905,Observations,60
HAR__38,HAR,tBodyGyroJerkMag-mean(),True,30,30,0.4986612708086434,Observations,60
HAR__38,HAR,tBodyGyroJerkMag-mean(),True,30,30,0.5679649511900395,Observations,60
HAR__38,HAR,tBodyGyroJerkMag-mean(),True,30,30,0.6469004205142944,Binned,34
HAR__38,HAR,tBodyGyroJerkMag-mean(),True,30,30,0.7368062997280774,Binned,34
HAR__38,HAR,tBodyGyroJerkMag-mean(),True,30,30,0.8392072506111242,Binned,34
HAR__38,HAR,tBodyGyroJerkMag-mean(),True,30,30,0.9558398316330861,Binned,34
HAR__38,HAR,tBodyGyroJerkMag-mean(),True,30,30,1.0886819472437184,Binned,18
HAR__38,HAR,tBodyGyroJerkMag-mean(),True,30,30,1.2399863900098937,Binned,18
HAR__38,HAR,tBodyGyroJerkMag-mean(),True,30,30,1.4123190444211153,Five-number,10
HAR__38,HAR,tBodyGyroJerkMag-mean(),True,30,30,1.6086024002397787,Five-number,10
HAR__38,HAR,tBodyGyroJerkMag-mean(),True,30,30,1.8321651133138896,Five-number,10
HAR__38,HAR,tBodyGyroJerkMag-mean(),True,30,30,2.0867984543253986,Five-number,10
HAR__38,HAR,tBodyGyroJerkMag-mean(),True,30,30,2.376820602755804,Means,2
HAR__38,HAR,tBodyGyroJerkMag-mean(),True,30,30,2.7071498763931694,Means,2
HAR__38,HAR,tBodyGyroJerkMag-mean(),True,30,30,3.083388138237417,Means,2
HAR__38,HAR,tBodyGyroJerkMag-mean(),True,30,30,3.511915795253308,Means,2
HAR__38,HAR,tBodyGyroJerkMag-mean(),True,30,30,4.0,Means,2
HAR__39,HAR,tBodyGyroJerkMag-std(),True,30,30,0.025,Observations,60
HAR__39,HAR,tBodyGyroJerkMag-std(),True,30,30,0.02847448681291267,Observations,60
HAR__39,HAR,tBodyGyroJerkMag-std(),True,30,30,0.032431855970349484,Observations,60
HAR__39,HAR,tBodyGyroJerkMag-std(),True,30,30,0.03693921820583997,Observations,60
HAR__39,HAR,tBodyGyroJerkMag-std(),True,30,30,0.04207301126725973,Observations,60
HAR__39,HAR,tBodyGyroJerkMag-std(),True,30,30,0.04792029618036453,Observations,60
HAR__39,HAR,tBodyGyroJerkMag-std(),True,30,30,0.05458023366634633,Observations,60
HAR__39,HAR,tBodyGyroJerkMag-std(),True,30,30,0.06216576575112282,Observations,60
HAR__39,HAR,tBodyGyroJerkMag-std(),True,30,30,0.07080553108379858,Observations,60
HAR__39,HAR,tBodyGyroJerkMag-std(),True,30,30,0.08064604644507599,Observations,60
HAR__39,HAR,tBodyGyroJerkMag-std(),True,30,30,0.0918541914405543,Observations,60
HAR__39,HAR,tBodyGyroJerkMag-std(),True,30,30,0.10462003851539275,Observations,60
HAR__39,HAR,tBodyGyroJerkMag-std(),True,30,30,0.11916007628291865,Observations,60
HAR__39,HAR,tBodyGyroJerkMag-std(),True,30,30,0.13572088082974534,Observations,60
HAR__39,HAR,tBodyGyroJerkMag-std(),True,30,30,0.15458329725693898,Observations,60
HAR__39,HAR,tBodyGyroJerkMag-std(),True,30,30,0.17606720236957066,Observations,60
HAR__39,HAR,tBodyGyroJerkMag-std(),True,30,30,0.20053692928235056,Observations,60
HAR__39,HAR,tBodyGyroJerkMag-std(),True,30,30,0.2284074459340916,Observations,60
HAR__39,HAR,tBodyGyroJerkMag-std(),True,30,30,0.2601513922888541,Observations,60
HAR__39,HAR,tBodyGyroJerkMag-std(),True,30,30,0.29630709556359386,Observations,60
HAR__39,HAR,tBodyGyroJerkMag-std(),True,30,30,0.33748769940792006,Observations,60
HAR__39,HAR,tBodyGyroJerkMag-std(),True,30,30,0.38439156185244217,Observations,60
HAR__39,HAR,tBodyGyroJerkMag-std(),True,30,30,0.4378140983584905,Observations,60
HAR__39,HAR,tBodyGyroJerkMag-std(),True,30,30,0.4986612708086434,Observations,60
HAR__39,HAR,tBodyGyroJerkMag-std(),True,30,30,0.5679649511900395,Observations,60
HAR__39,HAR,tBodyGyroJerkMag-std(),True,30,30,0.6469004205142944,Density,34
HAR__39,HAR,tBodyGyroJerkMag-std(),True,30,30,0.7368062997280774,Density,34
HAR__39,HAR,tBodyGyroJerkMag-std(),True,30,30,0.8392072506111242,Density,34
HAR__39,HAR,tBodyGyroJerkMag-std(),True,30,30,0.9558398316330861,Density,34
HAR__39,HAR,tBodyGyroJerkMag-std(),True,30,30,1.0886819472437184,Binned,18
HAR__39,HAR,tBodyGyroJerkMag-std(),True,30,30,1.2399863900098937,Binned,18
HAR__39,HAR,tBodyGyroJerkMag-std(),True,30,30,1.4123190444211153,Binned,18
HAR__39,HAR,tBodyGyroJerkMag-std(),True,30,30,1.6086024002397787,Binned,18
HAR__39,HAR,tBodyGyroJerkMag-std(),True,30,30,1.8321651133138896,Five-number,10
HAR__39,HAR,tBodyGyroJerkMag-std(),True,30,30,2.0867984543253986,Five-number,10
HAR__39,HAR,tBodyGyroJerkMag-std(),True,30,30,2.376820602755804,Five-number,10
HAR__39,HAR,tBodyGyroJerkMag-std(),True,30,30,2.7071498763931694,Means,2
HAR__39,HAR,tBodyGyroJerkMag-std(),True,30,30,3.083388138237417,Means,2
HAR__39,HAR,tBodyGyroJerkMag-std(),True,30,30,3.511915795253308,Means,2
HAR__39,HAR,tBodyGyroJerkMag-std(),True,30,30,4.0,Means,2
BIDMC__00,BIDMC,mean,True,46,46,0.025,Observations,92
BIDMC__00,BIDMC,mean,True,46,46,0.02847448681291267,Observations,92
BIDMC__00,BIDMC,mean,True,46,46,0.032431855970349484,Observations,92
BIDMC__00,BIDMC,mean,True,46,46,0.03693921820583997,Observations,92
BIDMC__00,BIDMC,mean,True,46,46,0.04207301126725973,Observations,92
BIDMC__00,BIDMC,mean,True,46,46,0.04792029618036453,Observations,92
BIDMC__00,BIDMC,mean,True,46,46,0.05458023366634633,Observations,92
BIDMC__00,BIDMC,mean,True,46,46,0.06216576575112282,Observations,92
BIDMC__00,BIDMC,mean,True,46,46,0.07080553108379858,Observations,92
BIDMC__00,BIDMC,mean,True,46,46,0.08064604644507599,Observations,92
BIDMC__00,BIDMC,mean,True,46,46,0.0918541914405543,Observations,92
BIDMC__00,BIDMC,mean,True,46,46,0.10462003851539275,Observations,92
BIDMC__00,BIDMC,mean,True,46,46,0.11916007628291865,Observations,92
BIDMC__00,BIDMC,mean,True,46,46,0.13572088082974534,Observations,92
BIDMC__00,BIDMC,mean,True,46,46,0.15458329725693898,Binned,18
BIDMC__00,BIDMC,mean,True,46,46,0.17606720236957066,Binned,18
BIDMC__00,BIDMC,mean,True,46,46,0.20053692928235056,Binned,18
BIDMC__00,BIDMC,mean,True,46,46,0.2284074459340916,Binned,18
BIDMC__00,BIDMC,mean,True,46,46,0.2601513922888541,Binned,18
BIDMC__00,BIDMC,mean,True,46,46,0.29630709556359386,Means,2
BIDMC__00,BIDMC,mean,True,46,46,0.33748769940792006,Means,2
BIDMC__00,BIDMC,mean,True,46,46,0.38439156185244217,Means,2
BIDMC__00,BIDMC,mean,True,46,46,0.4378140983584905,Means,2
BIDMC__00,BIDMC,mean,True,46,46,0.4986612708086434,Means,2
BIDMC__00,BIDMC,mean,True,46,46,0.5679649511900395,Means,2
BIDMC__00,BIDMC,mean,True,46,46,0.6469004205142944,Means,2
BIDMC__00,BIDMC,mean,True,46,46,0.7368062997280774,Means,2
BIDMC__00,BIDMC,mean,True,46,46,0.8392072506111242,Means,2
BIDMC__00,BIDMC,mean,True,46,46,0.9558398316330861,Means,2
BIDMC__00,BIDMC,mean,True,46,46,1.0886819472437184,Means,2
BIDMC__00,BIDMC,mean,True,46,46,1.2399863900098937,Means,2
BIDMC__00,BIDMC,mean,True,46,46,1.4123190444211153,Means,2
BIDMC__00,BIDMC,mean,True,46,46,1.6086024002397787,Means,2
BIDMC__00,BIDMC,mean,True,46,46,1.8321651133138896,Means,2
BIDMC__00,BIDMC,mean,True,46,46,2.0867984543253986,Means,2
BIDMC__00,BIDMC,mean,True,46,46,2.376820602755804,Means,2
BIDMC__00,BIDMC,mean,True,46,46,2.7071498763931694,Means,2
BIDMC__00,BIDMC,mean,True,46,46,3.083388138237417,Means,2
BIDMC__00,BIDMC,mean,True,46,46,3.511915795253308,Means,2
BIDMC__00,BIDMC,mean,True,46,46,4.0,Means,2
BIDMC__01,BIDMC,median,True,46,46,0.025,Observations,92
BIDMC__01,BIDMC,median,True,46,46,0.02847448681291267,Observations,92
BIDMC__01,BIDMC,median,True,46,46,0.032431855970349484,Observations,92
BIDMC__01,BIDMC,median,True,46,46,0.03693921820583997,Observations,92
BIDMC__01,BIDMC,median,True,46,46,0.04207301126725973,Observations,92
BIDMC__01,BIDMC,median,True,46,46,0.04792029618036453,Observations,92
BIDMC__01,BIDMC,median,True,46,46,0.05458023366634633,Observations,92
BIDMC__01,BIDMC,median,True,46,46,0.06216576575112282,Observations,92
BIDMC__01,BIDMC,median,True,46,46,0.07080553108379858,Observations,92
BIDMC__01,BIDMC,median,True,46,46,0.08064604644507599,Observations,92
BIDMC__01,BIDMC,median,True,46,46,0.0918541914405543,Observations,92
BIDMC__01,BIDMC,median,True,46,46,0.10462003851539275,Observations,92
BIDMC__01,BIDMC,median,True,46,46,0.11916007628291865,Observations,92
BIDMC__01,BIDMC,median,True,46,46,0.13572088082974534,Means,2
BIDMC__01,BIDMC,median,True,46,46,0.15458329725693898,Means,2
BIDMC__01,BIDMC,median,True,46,46,0.17606720236957066,Means,2
BIDMC__01,BIDMC,median,True,46,46,0.20053692928235056,Means,2
BIDMC__01,BIDMC,median,True,46,46,0.2284074459340916,Means,2
BIDMC__01,BIDMC,median,True,46,46,0.2601513922888541,Means,2
BIDMC__01,BIDMC,median,True,46,46,0.29630709556359386,Means,2
BIDMC__01,BIDMC,median,True,46,46,0.33748769940792006,Means,2
BIDMC__01,BIDMC,median,True,46,46,0.38439156185244217,Means,2
BIDMC__01,BIDMC,median,True,46,46,0.4378140983584905,Means,2
BIDMC__01,BIDMC,median,True,46,46,0.4986612708086434,Means,2
BIDMC__01,BIDMC,median,True,46,46,0.5679649511900395,Means,2
BIDMC__01,BIDMC,median,True,46,46,0.6469004205142944,Means,2
BIDMC__01,BIDMC,median,True,46,46,0.7368062997280774,Means,2
BIDMC__01,BIDMC,median,True,46,46,0.8392072506111242,Means,2
BIDMC__01,BIDMC,median,True,46,46,0.9558398316330861,Means,2
BIDMC__01,BIDMC,median,True,46,46,1.0886819472437184,Means,2
BIDMC__01,BIDMC,median,True,46,46,1.2399863900098937,Means,2
BIDMC__01,BIDMC,median,True,46,46,1.4123190444211153,Means,2
BIDMC__01,BIDMC,median,True,46,46,1.6086024002397787,Means,2
BIDMC__01,BIDMC,median,True,46,46,1.8321651133138896,Means,2
BIDMC__01,BIDMC,median,True,46,46,2.0867984543253986,Means,2
BIDMC__01,BIDMC,median,True,46,46,2.376820602755804,Means,2
BIDMC__01,BIDMC,median,True,46,46,2.7071498763931694,Means,2
BIDMC__01,BIDMC,median,True,46,46,3.083388138237417,Means,2
BIDMC__01,BIDMC,median,True,46,46,3.511915795253308,Means,2
BIDMC__01,BIDMC,median,True,46,46,4.0,Means,2
BIDMC__02,BIDMC,q10,True,46,46,0.025,Observations,92
BIDMC__02,BIDMC,q10,True,46,46,0.02847448681291267,Observations,92
BIDMC__02,BIDMC,q10,True,46,46,0.032431855970349484,Observations,92
BIDMC__02,BIDMC,q10,True,46,46,0.03693921820583997,Observations,92
BIDMC__02,BIDMC,q10,True,46,46,0.04207301126725973,Observations,92
BIDMC__02,BIDMC,q10,True,46,46,0.04792029618036453,Observations,92
BIDMC__02,BIDMC,q10,True,46,46,0.05458023366634633,Observations,92
BIDMC__02,BIDMC,q10,True,46,46,0.06216576575112282,Observations,92
BIDMC__02,BIDMC,q10,True,46,46,0.07080553108379858,Observations,92
BIDMC__02,BIDMC,q10,True,46,46,0.08064604644507599,Observations,92
BIDMC__02,BIDMC,q10,True,46,46,0.0918541914405543,Observations,92
BIDMC__02,BIDMC,q10,True,46,46,0.10462003851539275,Observations,92
BIDMC__02,BIDMC,q10,True,46,46,0.11916007628291865,Observations,92
BIDMC__02,BIDMC,q10,True,46,46,0.13572088082974534,Observations,92
BIDMC__02,BIDMC,q10,True,46,46,0.15458329725693898,Binned,18
BIDMC__02,BIDMC,q10,True,46,46,0.17606720236957066,Binned,18
BIDMC__02,BIDMC,q10,True,46,46,0.20053692928235056,Means,2
BIDMC__02,BIDMC,q10,True,46,46,0.2284074459340916,Means,2
BIDMC__02,BIDMC,q10,True,46,46,0.2601513922888541,Means,2
BIDMC__02,BIDMC,q10,True,46,46,0.29630709556359386,Means,2
BIDMC__02,BIDMC,q10,True,46,46,0.33748769940792006,Means,2
BIDMC__02,BIDMC,q10,True,46,46,0.38439156185244217,Means,2
BIDMC__02,BIDMC,q10,True,46,46,0.4378140983584905,Means,2
BIDMC__02,BIDMC,q10,True,46,46,0.4986612708086434,Means,2
BIDMC__02,BIDMC,q10,True,46,46,0.5679649511900395,Means,2
BIDMC__02,BIDMC,q10,True,46,46,0.6469004205142944,Means,2
BIDMC__02,BIDMC,q10,True,46,46,0.7368062997280774,Means,2
BIDMC__02,BIDMC,q10,True,46,46,0.8392072506111242,Means,2
BIDMC__02,BIDMC,q10,True,46,46,0.9558398316330861,Means,2
BIDMC__02,BIDMC,q10,True,46,46,1.0886819472437184,Means,2
BIDMC__02,BIDMC,q10,True,46,46,1.2399863900098937,Means,2
BIDMC__02,BIDMC,q10,True,46,46,1.4123190444211153,Means,2
BIDMC__02,BIDMC,q10,True,46,46,1.6086024002397787,Means,2
BIDMC__02,BIDMC,q10,True,46,46,1.8321651133138896,Means,2
BIDMC__02,BIDMC,q10,True,46,46,2.0867984543253986,Means,2
BIDMC__02,BIDMC,q10,True,46,46,2.376820602755804,Means,2
BIDMC__02,BIDMC,q10,True,46,46,2.7071498763931694,Means,2
BIDMC__02,BIDMC,q10,True,46,46,3.083388138237417,Means,2
BIDMC__02,BIDMC,q10,True,46,46,3.511915795253308,Means,2
BIDMC__02,BIDMC,q10,True,46,46,4.0,Means,2
BIDMC__03,BIDMC,q90,True,46,46,0.025,Observations,92
BIDMC__03,BIDMC,q90,True,46,46,0.02847448681291267,Observations,92
BIDMC__03,BIDMC,q90,True,46,46,0.032431855970349484,Observations,92
BIDMC__03,BIDMC,q90,True,46,46,0.03693921820583997,Observations,92
BIDMC__03,BIDMC,q90,True,46,46,0.04207301126725973,Observations,92
BIDMC__03,BIDMC,q90,True,46,46,0.04792029618036453,Observations,92
BIDMC__03,BIDMC,q90,True,46,46,0.05458023366634633,Observations,92
BIDMC__03,BIDMC,q90,True,46,46,0.06216576575112282,Observations,92
BIDMC__03,BIDMC,q90,True,46,46,0.07080553108379858,Observations,92
BIDMC__03,BIDMC,q90,True,46,46,0.08064604644507599,Observations,92
BIDMC__03,BIDMC,q90,True,46,46,0.0918541914405543,Observations,92
BIDMC__03,BIDMC,q90,True,46,46,0.10462003851539275,Observations,92
BIDMC__03,BIDMC,q90,True,46,46,0.11916007628291865,Observations,92
BIDMC__03,BIDMC,q90,True,46,46,0.13572088082974534,Observations,92
BIDMC__03,BIDMC,q90,True,46,46,0.15458329725693898,Observations,92
BIDMC__03,BIDMC,q90,True,46,46,0.17606720236957066,Binned,66
BIDMC__03,BIDMC,q90,True,46,46,0.20053692928235056,Means,2
BIDMC__03,BIDMC,q90,True,46,46,0.2284074459340916,Means,2
BIDMC__03,BIDMC,q90,True,46,46,0.2601513922888541,Means,2
BIDMC__03,BIDMC,q90,True,46,46,0.29630709556359386,Means,2
BIDMC__03,BIDMC,q90,True,46,46,0.33748769940792006,Means,2
BIDMC__03,BIDMC,q90,True,46,46,0.38439156185244217,Means,2
BIDMC__03,BIDMC,q90,True,46,46,0.4378140983584905,Means,2
BIDMC__03,BIDMC,q90,True,46,46,0.4986612708086434,Means,2
BIDMC__03,BIDMC,q90,True,46,46,0.5679649511900395,Means,2
BIDMC__03,BIDMC,q90,True,46,46,0.6469004205142944,Means,2
BIDMC__03,BIDMC,q90,True,46,46,0.7368062997280774,Means,2
BIDMC__03,BIDMC,q90,True,46,46,0.8392072506111242,Means,2
BIDMC__03,BIDMC,q90,True,46,46,0.9558398316330861,Means,2
BIDMC__03,BIDMC,q90,True,46,46,1.0886819472437184,Means,2
BIDMC__03,BIDMC,q90,True,46,46,1.2399863900098937,Means,2
BIDMC__03,BIDMC,q90,True,46,46,1.4123190444211153,Means,2
BIDMC__03,BIDMC,q90,True,46,46,1.6086024002397787,Means,2
BIDMC__03,BIDMC,q90,True,46,46,1.8321651133138896,Means,2
BIDMC__03,BIDMC,q90,True,46,46,2.0867984543253986,Means,2
BIDMC__03,BIDMC,q90,True,46,46,2.376820602755804,Means,2
BIDMC__03,BIDMC,q90,True,46,46,2.7071498763931694,Means,2
BIDMC__03,BIDMC,q90,True,46,46,3.083388138237417,Means,2
BIDMC__03,BIDMC,q90,True,46,46,3.511915795253308,Means,2
BIDMC__03,BIDMC,q90,True,46,46,4.0,Means,2
BIDMC__04,BIDMC,SD,True,46,46,0.025,Observations,92
BIDMC__04,BIDMC,SD,True,46,46,0.02847448681291267,Observations,92
BIDMC__04,BIDMC,SD,True,46,46,0.032431855970349484,Observations,92
BIDMC__04,BIDMC,SD,True,46,46,0.03693921820583997,Observations,92
BIDMC__04,BIDMC,SD,True,46,46,0.04207301126725973,Observations,92
BIDMC__04,BIDMC,SD,True,46,46,0.04792029618036453,Observations,92
BIDMC__04,BIDMC,SD,True,46,46,0.05458023366634633,Observations,92
BIDMC__04,BIDMC,SD,True,46,46,0.06216576575112282,Observations,92
BIDMC__04,BIDMC,SD,True,46,46,0.07080553108379858,Observations,92
BIDMC__04,BIDMC,SD,True,46,46,0.08064604644507599,Observations,92
BIDMC__04,BIDMC,SD,True,46,46,0.0918541914405543,Observations,92
BIDMC__04,BIDMC,SD,True,46,46,0.10462003851539275,Observations,92
BIDMC__04,BIDMC,SD,True,46,46,0.11916007628291865,Observations,92
BIDMC__04,BIDMC,SD,True,46,46,0.13572088082974534,Observations,92
BIDMC__04,BIDMC,SD,True,46,46,0.15458329725693898,Observations,92
BIDMC__04,BIDMC,SD,True,46,46,0.17606720236957066,Observations,92
BIDMC__04,BIDMC,SD,True,46,46,0.20053692928235056,Observations,92
BIDMC__04,BIDMC,SD,True,46,46,0.2284074459340916,Observations,92
BIDMC__04,BIDMC,SD,True,46,46,0.2601513922888541,Observations,92
BIDMC__04,BIDMC,SD,True,46,46,0.29630709556359386,Binned,10
BIDMC__04,BIDMC,SD,True,46,46,0.33748769940792006,Binned,10
BIDMC__04,BIDMC,SD,True,46,46,0.38439156185244217,Binned,10
BIDMC__04,BIDMC,SD,True,46,46,0.4378140983584905,Binned,10
BIDMC__04,BIDMC,SD,True,46,46,0.4986612708086434,Binned,10
BIDMC__04,BIDMC,SD,True,46,46,0.5679649511900395,Binned,10
BIDMC__04,BIDMC,SD,True,46,46,0.6469004205142944,Binned,10
BIDMC__04,BIDMC,SD,True,46,46,0.7368062997280774,Binned,10
BIDMC__04,BIDMC,SD,True,46,46,0.8392072506111242,Binned,10
BIDMC__04,BIDMC,SD,True,46,46,0.9558398316330861,Binned,10
BIDMC__04,BIDMC,SD,True,46,46,1.0886819472437184,Means,2
BIDMC__04,BIDMC,SD,True,46,46,1.2399863900098937,Means,2
BIDMC__04,BIDMC,SD,True,46,46,1.4123190444211153,Means,2
BIDMC__04,BIDMC,SD,True,46,46,1.6086024002397787,Means,2
BIDMC__04,BIDMC,SD,True,46,46,1.8321651133138896,Means,2
BIDMC__04,BIDMC,SD,True,46,46,2.0867984543253986,Means,2
BIDMC__04,BIDMC,SD,True,46,46,2.376820602755804,Means,2
BIDMC__04,BIDMC,SD,True,46,46,2.7071498763931694,Means,2
BIDMC__04,BIDMC,SD,True,46,46,3.083388138237417,Means,2
BIDMC__04,BIDMC,SD,True,46,46,3.511915795253308,Means,2
BIDMC__04,BIDMC,SD,True,46,46,4.0,Means,2
Wrist__00,Wrist,mean,True,8,8,0.025,Observations,16
Wrist__00,Wrist,mean,True,8,8,0.02847448681291267,Observations,16
Wrist__00,Wrist,mean,True,8,8,0.032431855970349484,Observations,16
Wrist__00,Wrist,mean,True,8,8,0.03693921820583997,Observations,16
Wrist__00,Wrist,mean,True,8,8,0.04207301126725973,Observations,16
Wrist__00,Wrist,mean,True,8,8,0.04792029618036453,Observations,16
Wrist__00,Wrist,mean,True,8,8,0.05458023366634633,Observations,16
Wrist__00,Wrist,mean,True,8,8,0.06216576575112282,Observations,16
Wrist__00,Wrist,mean,True,8,8,0.07080553108379858,Observations,16
Wrist__00,Wrist,mean,True,8,8,0.08064604644507599,Observations,16
Wrist__00,Wrist,mean,True,8,8,0.0918541914405543,Observations,16
Wrist__00,Wrist,mean,True,8,8,0.10462003851539275,Observations,16
Wrist__00,Wrist,mean,True,8,8,0.11916007628291865,Observations,16
Wrist__00,Wrist,mean,True,8,8,0.13572088082974534,Observations,16
Wrist__00,Wrist,mean,True,8,8,0.15458329725693898,Observations,16
Wrist__00,Wrist,mean,True,8,8,0.17606720236957066,Observations,16
Wrist__00,Wrist,mean,True,8,8,0.20053692928235056,Observations,16
Wrist__00,Wrist,mean,True,8,8,0.2284074459340916,Means,2
Wrist__00,Wrist,mean,True,8,8,0.2601513922888541,Means,2
Wrist__00,Wrist,mean,True,8,8,0.29630709556359386,Means,2
Wrist__00,Wrist,mean,True,8,8,0.33748769940792006,Means,2
Wrist__00,Wrist,mean,True,8,8,0.38439156185244217,Means,2
Wrist__00,Wrist,mean,True,8,8,0.4378140983584905,Means,2
Wrist__00,Wrist,mean,True,8,8,0.4986612708086434,Means,2
Wrist__00,Wrist,mean,True,8,8,0.5679649511900395,Means,2
Wrist__00,Wrist,mean,True,8,8,0.6469004205142944,Means,2
Wrist__00,Wrist,mean,True,8,8,0.7368062997280774,Means,2
Wrist__00,Wrist,mean,True,8,8,0.8392072506111242,Means,2
Wrist__00,Wrist,mean,True,8,8,0.9558398316330861,Means,2
Wrist__00,Wrist,mean,True,8,8,1.0886819472437184,Means,2
Wrist__00,Wrist,mean,True,8,8,1.2399863900098937,Means,2
Wrist__00,Wrist,mean,True,8,8,1.4123190444211153,Means,2
Wrist__00,Wrist,mean,True,8,8,1.6086024002397787,Means,2
Wrist__00,Wrist,mean,True,8,8,1.8321651133138896,Means,2
Wrist__00,Wrist,mean,True,8,8,2.0867984543253986,Means,2
Wrist__00,Wrist,mean,True,8,8,2.376820602755804,Means,2
Wrist__00,Wrist,mean,True,8,8,2.7071498763931694,Means,2
Wrist__00,Wrist,mean,True,8,8,3.083388138237417,Means,2
Wrist__00,Wrist,mean,True,8,8,3.511915795253308,Means,2
Wrist__00,Wrist,mean,True,8,8,4.0,Means,2
Wrist__01,Wrist,median,True,8,8,0.025,Observations,16
Wrist__01,Wrist,median,True,8,8,0.02847448681291267,Observations,16
Wrist__01,Wrist,median,True,8,8,0.032431855970349484,Observations,16
Wrist__01,Wrist,median,True,8,8,0.03693921820583997,Observations,16
Wrist__01,Wrist,median,True,8,8,0.04207301126725973,Observations,16
Wrist__01,Wrist,median,True,8,8,0.04792029618036453,Observations,16
Wrist__01,Wrist,median,True,8,8,0.05458023366634633,Observations,16
Wrist__01,Wrist,median,True,8,8,0.06216576575112282,Observations,16
Wrist__01,Wrist,median,True,8,8,0.07080553108379858,Observations,16
Wrist__01,Wrist,median,True,8,8,0.08064604644507599,Observations,16
Wrist__01,Wrist,median,True,8,8,0.0918541914405543,Observations,16
Wrist__01,Wrist,median,True,8,8,0.10462003851539275,Observations,16
Wrist__01,Wrist,median,True,8,8,0.11916007628291865,Observations,16
Wrist__01,Wrist,median,True,8,8,0.13572088082974534,Observations,16
Wrist__01,Wrist,median,True,8,8,0.15458329725693898,Observations,16
Wrist__01,Wrist,median,True,8,8,0.17606720236957066,Observations,16
Wrist__01,Wrist,median,True,8,8,0.20053692928235056,Observations,16
Wrist__01,Wrist,median,True,8,8,0.2284074459340916,Means,2
Wrist__01,Wrist,median,True,8,8,0.2601513922888541,Means,2
Wrist__01,Wrist,median,True,8,8,0.29630709556359386,Means,2
Wrist__01,Wrist,median,True,8,8,0.33748769940792006,Means,2
Wrist__01,Wrist,median,True,8,8,0.38439156185244217,Means,2
Wrist__01,Wrist,median,True,8,8,0.4378140983584905,Means,2
Wrist__01,Wrist,median,True,8,8,0.4986612708086434,Means,2
Wrist__01,Wrist,median,True,8,8,0.5679649511900395,Means,2
Wrist__01,Wrist,median,True,8,8,0.6469004205142944,Means,2
Wrist__01,Wrist,median,True,8,8,0.7368062997280774,Means,2
Wrist__01,Wrist,median,True,8,8,0.8392072506111242,Means,2
Wrist__01,Wrist,median,True,8,8,0.9558398316330861,Means,2
Wrist__01,Wrist,median,True,8,8,1.0886819472437184,Means,2
Wrist__01,Wrist,median,True,8,8,1.2399863900098937,Means,2
Wrist__01,Wrist,median,True,8,8,1.4123190444211153,Means,2
Wrist__01,Wrist,median,True,8,8,1.6086024002397787,Means,2
Wrist__01,Wrist,median,True,8,8,1.8321651133138896,Means,2
Wrist__01,Wrist,median,True,8,8,2.0867984543253986,Means,2
Wrist__01,Wrist,median,True,8,8,2.376820602755804,Means,2
Wrist__01,Wrist,median,True,8,8,2.7071498763931694,Means,2
Wrist__01,Wrist,median,True,8,8,3.083388138237417,Means,2
Wrist__01,Wrist,median,True,8,8,3.511915795253308,Means,2
Wrist__01,Wrist,median,True,8,8,4.0,Means,2
Wrist__02,Wrist,q10,True,8,8,0.025,Observations,16
Wrist__02,Wrist,q10,True,8,8,0.02847448681291267,Observations,16
Wrist__02,Wrist,q10,True,8,8,0.032431855970349484,Observations,16
Wrist__02,Wrist,q10,True,8,8,0.03693921820583997,Observations,16
Wrist__02,Wrist,q10,True,8,8,0.04207301126725973,Observations,16
Wrist__02,Wrist,q10,True,8,8,0.04792029618036453,Observations,16
Wrist__02,Wrist,q10,True,8,8,0.05458023366634633,Observations,16
Wrist__02,Wrist,q10,True,8,8,0.06216576575112282,Observations,16
Wrist__02,Wrist,q10,True,8,8,0.07080553108379858,Observations,16
Wrist__02,Wrist,q10,True,8,8,0.08064604644507599,Observations,16
Wrist__02,Wrist,q10,True,8,8,0.0918541914405543,Observations,16
Wrist__02,Wrist,q10,True,8,8,0.10462003851539275,Observations,16
Wrist__02,Wrist,q10,True,8,8,0.11916007628291865,Observations,16
Wrist__02,Wrist,q10,True,8,8,0.13572088082974534,Observations,16
Wrist__02,Wrist,q10,True,8,8,0.15458329725693898,Observations,16
Wrist__02,Wrist,q10,True,8,8,0.17606720236957066,Observations,16
Wrist__02,Wrist,q10,True,8,8,0.20053692928235056,Observations,16
Wrist__02,Wrist,q10,True,8,8,0.2284074459340916,Means,2
Wrist__02,Wrist,q10,True,8,8,0.2601513922888541,Means,2
Wrist__02,Wrist,q10,True,8,8,0.29630709556359386,Means,2
Wrist__02,Wrist,q10,True,8,8,0.33748769940792006,Means,2
Wrist__02,Wrist,q10,True,8,8,0.38439156185244217,Means,2
Wrist__02,Wrist,q10,True,8,8,0.4378140983584905,Means,2
Wrist__02,Wrist,q10,True,8,8,0.4986612708086434,Means,2
Wrist__02,Wrist,q10,True,8,8,0.5679649511900395,Means,2
Wrist__02,Wrist,q10,True,8,8,0.6469004205142944,Means,2
Wrist__02,Wrist,q10,True,8,8,0.7368062997280774,Means,2
Wrist__02,Wrist,q10,True,8,8,0.8392072506111242,Means,2
Wrist__02,Wrist,q10,True,8,8,0.9558398316330861,Means,2
Wrist__02,Wrist,q10,True,8,8,1.0886819472437184,Means,2
Wrist__02,Wrist,q10,True,8,8,1.2399863900098937,Means,2
Wrist__02,Wrist,q10,True,8,8,1.4123190444211153,Means,2
Wrist__02,Wrist,q10,True,8,8,1.6086024002397787,Means,2
Wrist__02,Wrist,q10,True,8,8,1.8321651133138896,Means,2
Wrist__02,Wrist,q10,True,8,8,2.0867984543253986,Means,2
Wrist__02,Wrist,q10,True,8,8,2.376820602755804,Means,2
Wrist__02,Wrist,q10,True,8,8,2.7071498763931694,Means,2
Wrist__02,Wrist,q10,True,8,8,3.083388138237417,Means,2
Wrist__02,Wrist,q10,True,8,8,3.511915795253308,Means,2
Wrist__02,Wrist,q10,True,8,8,4.0,Means,2
Wrist__03,Wrist,q90,True,8,8,0.025,Observations,16
Wrist__03,Wrist,q90,True,8,8,0.02847448681291267,Observations,16
Wrist__03,Wrist,q90,True,8,8,0.032431855970349484,Observations,16
Wrist__03,Wrist,q90,True,8,8,0.03693921820583997,Observations,16
Wrist__03,Wrist,q90,True,8,8,0.04207301126725973,Observations,16
Wrist__03,Wrist,q90,True,8,8,0.04792029618036453,Observations,16
Wrist__03,Wrist,q90,True,8,8,0.05458023366634633,Observations,16
Wrist__03,Wrist,q90,True,8,8,0.06216576575112282,Observations,16
Wrist__03,Wrist,q90,True,8,8,0.07080553108379858,Observations,16
Wrist__03,Wrist,q90,True,8,8,0.08064604644507599,Observations,16
Wrist__03,Wrist,q90,True,8,8,0.0918541914405543,Observations,16
Wrist__03,Wrist,q90,True,8,8,0.10462003851539275,Observations,16
Wrist__03,Wrist,q90,True,8,8,0.11916007628291865,Observations,16
Wrist__03,Wrist,q90,True,8,8,0.13572088082974534,Observations,16
Wrist__03,Wrist,q90,True,8,8,0.15458329725693898,Observations,16
Wrist__03,Wrist,q90,True,8,8,0.17606720236957066,Observations,16
Wrist__03,Wrist,q90,True,8,8,0.20053692928235056,Means,2
Wrist__03,Wrist,q90,True,8,8,0.2284074459340916,Means,2
Wrist__03,Wrist,q90,True,8,8,0.2601513922888541,Means,2
Wrist__03,Wrist,q90,True,8,8,0.29630709556359386,Means,2
Wrist__03,Wrist,q90,True,8,8,0.33748769940792006,Means,2
Wrist__03,Wrist,q90,True,8,8,0.38439156185244217,Means,2
Wrist__03,Wrist,q90,True,8,8,0.4378140983584905,Means,2
Wrist__03,Wrist,q90,True,8,8,0.4986612708086434,Means,2
Wrist__03,Wrist,q90,True,8,8,0.5679649511900395,Means,2
Wrist__03,Wrist,q90,True,8,8,0.6469004205142944,Means,2
Wrist__03,Wrist,q90,True,8,8,0.7368062997280774,Means,2
Wrist__03,Wrist,q90,True,8,8,0.8392072506111242,Means,2
Wrist__03,Wrist,q90,True,8,8,0.9558398316330861,Means,2
Wrist__03,Wrist,q90,True,8,8,1.0886819472437184,Means,2
Wrist__03,Wrist,q90,True,8,8,1.2399863900098937,Means,2
Wrist__03,Wrist,q90,True,8,8,1.4123190444211153,Means,2
Wrist__03,Wrist,q90,True,8,8,1.6086024002397787,Means,2
Wrist__03,Wrist,q90,True,8,8,1.8321651133138896,Means,2
Wrist__03,Wrist,q90,True,8,8,2.0867984543253986,Means,2
Wrist__03,Wrist,q90,True,8,8,2.376820602755804,Means,2
Wrist__03,Wrist,q90,True,8,8,2.7071498763931694,Means,2
Wrist__03,Wrist,q90,True,8,8,3.083388138237417,Means,2
Wrist__03,Wrist,q90,True,8,8,3.511915795253308,Means,2
Wrist__03,Wrist,q90,True,8,8,4.0,Means,2
Wrist__04,Wrist,SD,True,8,8,0.025,Observations,16
Wrist__04,Wrist,SD,True,8,8,0.02847448681291267,Observations,16
Wrist__04,Wrist,SD,True,8,8,0.032431855970349484,Observations,16
Wrist__04,Wrist,SD,True,8,8,0.03693921820583997,Observations,16
Wrist__04,Wrist,SD,True,8,8,0.04207301126725973,Observations,16
Wrist__04,Wrist,SD,True,8,8,0.04792029618036453,Observations,16
Wrist__04,Wrist,SD,True,8,8,0.05458023366634633,Observations,16
Wrist__04,Wrist,SD,True,8,8,0.06216576575112282,Observations,16
Wrist__04,Wrist,SD,True,8,8,0.07080553108379858,Observations,16
Wrist__04,Wrist,SD,True,8,8,0.08064604644507599,Observations,16
Wrist__04,Wrist,SD,True,8,8,0.0918541914405543,Observations,16
Wrist__04,Wrist,SD,True,8,8,0.10462003851539275,Observations,16
Wrist__04,Wrist,SD,True,8,8,0.11916007628291865,Observations,16
Wrist__04,Wrist,SD,True,8,8,0.13572088082974534,Observations,16
Wrist__04,Wrist,SD,True,8,8,0.15458329725693898,Observations,16
Wrist__04,Wrist,SD,True,8,8,0.17606720236957066,Observations,16
Wrist__04,Wrist,SD,True,8,8,0.20053692928235056,Observations,16
Wrist__04,Wrist,SD,True,8,8,0.2284074459340916,Five-number,10
Wrist__04,Wrist,SD,True,8,8,0.2601513922888541,Five-number,10
Wrist__04,Wrist,SD,True,8,8,0.29630709556359386,Five-number,10
Wrist__04,Wrist,SD,True,8,8,0.33748769940792006,Five-number,10
Wrist__04,Wrist,SD,True,8,8,0.38439156185244217,Five-number,10
Wrist__04,Wrist,SD,True,8,8,0.4378140983584905,Five-number,10
Wrist__04,Wrist,SD,True,8,8,0.4986612708086434,Five-number,10
Wrist__04,Wrist,SD,True,8,8,0.5679649511900395,Five-number,10
Wrist__04,Wrist,SD,True,8,8,0.6469004205142944,Five-number,10
Wrist__04,Wrist,SD,True,8,8,0.7368062997280774,Five-number,10
Wrist__04,Wrist,SD,True,8,8,0.8392072506111242,Five-number,10
Wrist__04,Wrist,SD,True,8,8,0.9558398316330861,Five-number,10
Wrist__04,Wrist,SD,True,8,8,1.0886819472437184,Five-number,10
Wrist__04,Wrist,SD,True,8,8,1.2399863900098937,Means,2
Wrist__04,Wrist,SD,True,8,8,1.4123190444211153,Means,2
Wrist__04,Wrist,SD,True,8,8,1.6086024002397787,Means,2
Wrist__04,Wrist,SD,True,8,8,1.8321651133138896,Means,2
Wrist__04,Wrist,SD,True,8,8,2.0867984543253986,Means,2
Wrist__04,Wrist,SD,True,8,8,2.376820602755804,Means,2
Wrist__04,Wrist,SD,True,8,8,2.7071498763931694,Means,2
Wrist__04,Wrist,SD,True,8,8,3.083388138237417,Means,2
Wrist__04,Wrist,SD,True,8,8,3.511915795253308,Means,2
Wrist__04,Wrist,SD,True,8,8,4.0,Means,2
