key,dataset,feature,family,configuration,retained_values,error,error_ratio,qualifies,retention_cost,score,selected,status
WDBC__00,WDBC,mean radius,Heatmap,10 common bins,22.0,0.6993396024177958,0.39334928149340626,True,22.196674640746703,0.04505179339630847,True,qualified
WDBC__00,WDBC,mean radius,Histogram,10 common bins,22.0,0.6993396024177958,0.39334928149340626,True,22.196674640746703,0.04505179339630847,True,qualified
WDBC__00,WDBC,mean radius,Violin,64-point density per group,130.0,0.5670808384925365,0.31895925756033155,True,130.15947962878016,0.00768288259028108,False,qualified
WDBC__00,WDBC,mean radius,Dot,Individual observations,569.0,0.0,0.0,True,569.0,0.0017574692442882249,False,qualified
WDBC__00,WDBC,mean radius,Raincloud,Individual observations,569.0,0.0,0.0,True,569.0,0.0017574692442882249,False,qualified
WDBC__00,WDBC,mean radius,Area,No configuration for this input schema,,,,False,,0.0,False,input mismatch
WDBC__00,WDBC,mean radius,Bar,Mean bars,2.0,2.9016936208445614,1.6320813191862285,False,,0.0,False,exceeds tolerance
WDBC__00,WDBC,mean radius,Box,Min-max box with mean markers,12.0,2.1853554502369654,1.2291710539293428,False,,0.0,False,exceeds tolerance
WDBC__00,WDBC,mean radius,Bubble,No configuration for this input schema,,,,False,,0.0,False,input mismatch
WDBC__00,WDBC,mean radius,Forest,Mean contrast with interval,3.0,2.9016936208445614,1.6320813191862285,False,,0.0,False,exceeds tolerance
WDBC__00,WDBC,mean radius,Interval,Means with intervals,6.0,2.9016936208445614,1.6320813191862285,False,,0.0,False,exceeds tolerance
WDBC__00,WDBC,mean radius,Line,No configuration for this input schema,,,,False,,0.0,False,input mismatch
WDBC__00,WDBC,mean radius,Pie / donut,No configuration for this input schema,,,,False,,0.0,False,input mismatch
WDBC__00,WDBC,mean radius,Scatter,No configuration for this input schema,,,,False,,0.0,False,input mismatch
WDBC__00,WDBC,mean radius,Stacked bar,No configuration for this input schema,,,,False,,0.0,False,input mismatch
WDBC__01,WDBC,mean texture,Bar,Mean bars,2.0,1.7636830814581508,0.6168873199259871,True,2.3084436599629936,0.43319229199469866,True,qualified
WDBC__01,WDBC,mean texture,Dot,Mean dots,2.0,1.7636830814581508,0.6168873199259871,True,2.3084436599629936,0.43319229199469866,True,qualified
WDBC__01,WDBC,mean texture,Forest,Mean contrast with interval,3.0,1.7636830814581508,0.6168873199259871,True,3.3084436599629936,0.3022569228249108,False,qualified
WDBC__01,WDBC,mean texture,Interval,Means with intervals,6.0,1.7636830814581508,0.6168873199259871,True,6.308443659962993,0.15851770324059075,False,qualified
WDBC__01,WDBC,mean texture,Heatmap,10 common bins,22.0,0.7981348314606684,0.27916537970772276,True,22.13958268985386,0.04516796969521384,False,qualified
WDBC__01,WDBC,mean texture,Histogram,10 common bins,22.0,0.7981348314606684,0.27916537970772276,True,22.13958268985386,0.04516796969521384,False,qualified
WDBC__01,WDBC,mean texture,Violin,64-point density per group,130.0,0.5571179114878113,0.19486436022073625,True,130.09743218011036,0.007686546792219337,False,qualified
WDBC__01,WDBC,mean texture,Raincloud,Individual observations,569.0,0.0,0.0,True,569.0,0.0017574692442882249,False,qualified
WDBC__01,WDBC,mean texture,Area,No configuration for this input schema,,,,False,,0.0,False,input mismatch
WDBC__01,WDBC,mean texture,Box,Min-max box with mean markers,12.0,3.181404494382022,1.1127668642811008,False,,0.0,False,exceeds tolerance
WDBC__01,WDBC,mean texture,Bubble,No configuration for this input schema,,,,False,,0.0,False,input mismatch
WDBC__01,WDBC,mean texture,Line,No configuration for this input schema,,,,False,,0.0,False,input mismatch
WDBC__01,WDBC,mean texture,Pie / donut,No configuration for this input schema,,,,False,,0.0,False,input mismatch
WDBC__01,WDBC,mean texture,Scatter,No configuration for this input schema,,,,False,,0.0,False,input mismatch
WDBC__01,WDBC,mean texture,Stacked bar,No configuration for this input schema,,,,False,,0.0,False,input mismatch
WDBC__02,WDBC,mean perimeter,Heatmap,10 common bins,22.0,4.695098012111643,0.37250884980968135,True,22.186254424904842,0.045072952867495526,True,qualified
WDBC__02,WDBC,mean perimeter,Histogram,10 common bins,22.0,4.695098012111643,0.37250884980968135,True,22.186254424904842,0.045072952867495526,True,qualified
WDBC__02,WDBC,mean perimeter,Violin,64-point density per group,130.0,3.7453863742538402,0.2971587742720322,True,130.148579387136,0.007683526049296553,False,qualified
WDBC__02,WDBC,mean perimeter,Dot,Individual observations,569.0,0.0,0.0,True,569.0,0.0017574692442882249,False,qualified
WDBC__02,WDBC,mean perimeter,Raincloud,Individual observations,569.0,0.0,0.0,True,569.0,0.0017574692442882249,False,qualified
WDBC__02,WDBC,mean perimeter,Area,No configuration for this input schema,,,,False,,0.0,False,input mismatch
WDBC__02,WDBC,mean perimeter,Bar,Mean bars,2.0,18.614673353737473,1.4768872859940598,False,,0.0,False,exceeds tolerance
WDBC__02,WDBC,mean perimeter,Box,Min-max box with mean markers,12.0,16.63469194312799,1.3197956563820579,False,,0.0,False,exceeds tolerance
WDBC__02,WDBC,mean perimeter,Bubble,No configuration for this input schema,,,,False,,0.0,False,input mismatch
WDBC__02,WDBC,mean perimeter,Forest,Mean contrast with interval,3.0,18.614673353737473,1.4768872859940598,False,,0.0,False,exceeds tolerance
WDBC__02,WDBC,mean perimeter,Interval,Means with intervals,6.0,18.614673353737473,1.4768872859940598,False,,0.0,False,exceeds tolerance
WDBC__02,WDBC,mean perimeter,Line,No configuration for this input schema,,,,False,,0.0,False,input mismatch
WDBC__02,WDBC,mean perimeter,Pie / donut,No configuration for this input schema,,,,False,,0.0,False,input mismatch
WDBC__02,WDBC,mean perimeter,Scatter,No configuration for this input schema,,,,False,,0.0,False,input mismatch
WDBC__02,WDBC,mean perimeter,Stacked bar,No configuration for this input schema,,,,False,,0.0,False,input mismatch
WDBC__03,WDBC,mean area,Heatmap,10 common bins,22.0,157.69341758820417,0.5729342474191008,True,22.28646712370955,0.04487027910027722,True,qualified
WDBC__03,WDBC,mean area,Histogram,10 common bins,22.0,157.69341758820417,0.5729342474191008,True,22.28646712370955,0.04487027910027722,True,qualified
WDBC__03,WDBC,mean area,Violin,64-point density per group,130.0,69.71927168119953,0.2533051731784131,True,130.12665258658922,0.0076848207505728116,False,qualified
WDBC__03,WDBC,mean area,Dot,Individual observations,569.0,0.0,0.0,True,569.0,0.0017574692442882249,False,qualified
WDBC__03,WDBC,mean area,Raincloud,Individual observations,569.0,0.0,0.0,True,569.0,0.0017574692442882249,False,qualified
WDBC__03,WDBC,mean area,Area,No configuration for this input schema,,,,False,,0.0,False,input mismatch
WDBC__03,WDBC,mean area,Bar,Mean bars,2.0,478.1937809840915,1.7373812947859444,False,,0.0,False,exceeds tolerance
WDBC__03,WDBC,mean area,Box,Min-max box with mean markers,12.0,473.0379146919431,1.7186489188943934,False,,0.0,False,exceeds tolerance
WDBC__03,WDBC,mean area,Bubble,No configuration for this input schema,,,,False,,0.0,False,input mismatch
WDBC__03,WDBC,mean area,Forest,Mean contrast with interval,3.0,478.1937809840915,1.7373812947859444,False,,0.0,False,exceeds tolerance
WDBC__03,WDBC,mean area,Interval,Means with intervals,6.0,478.1937809840915,1.7373812947859444,False,,0.0,False,exceeds tolerance
WDBC__03,WDBC,mean area,Line,No configuration for this input schema,,,,False,,0.0,False,input mismatch
WDBC__03,WDBC,mean area,Pie / donut,No configuration for this input schema,,,,False,,0.0,False,input mismatch
WDBC__03,WDBC,mean area,Scatter,No configuration for this input schema,,,,False,,0.0,False,input mismatch
WDBC__03,WDBC,mean area,Stacked bar,No configuration for this input schema,,,,False,,0.0,False,input mismatch
WDBC__04,WDBC,mean smoothness,Bar,Mean bars,2.0,0.00312842644560285,0.4049315968406705,True,2.2024657984203353,0.45403656243707646,True,qualified
WDBC__04,WDBC,mean smoothness,Dot,Mean dots,2.0,0.00312842644560285,0.4049315968406705,True,2.2024657984203353,0.45403656243707646,True,qualified
WDBC__04,WDBC,mean smoothness,Forest,Mean contrast with interval,3.0,0.00312842644560285,0.4049315968406705,True,3.2024657984203353,0.3122593847819593,False,qualified
WDBC__04,WDBC,mean smoothness,Interval,Means with intervals,6.0,0.00312842644560285,0.4049315968406705,True,6.202465798420335,0.1612262014011723,False,qualified
WDBC__04,WDBC,mean smoothness,Heatmap,10 common bins,22.0,0.0019390353130015886,0.2509813413474321,True,22.125490670673717,0.04519673777564862,False,qualified
WDBC__04,WDBC,mean smoothness,Histogram,10 common bins,22.0,0.0019390353130015886,0.2509813413474321,True,22.125490670673717,0.04519673777564862,False,qualified
WDBC__04,WDBC,mean smoothness,Violin,64-point density per group,130.0,0.002082344743036868,0.26953076782606217,True,130.13476538391302,0.007684341667269935,False,qualified
WDBC__04,WDBC,mean smoothness,Raincloud,Individual observations,569.0,0.0,0.0,True,569.0,0.0017574692442882249,False,qualified
WDBC__04,WDBC,mean smoothness,Area,No configuration for this input schema,,,,False,,0.0,False,input mismatch
WDBC__04,WDBC,mean smoothness,Box,Min-max box with mean markers,12.0,0.02149999999999999,2.782878064565381,False,,0.0,False,exceeds tolerance
WDBC__04,WDBC,mean smoothness,Bubble,No configuration for this input schema,,,,False,,0.0,False,input mismatch
WDBC__04,WDBC,mean smoothness,Line,No configuration for this input schema,,,,False,,0.0,False,input mismatch
WDBC__04,WDBC,mean smoothness,Pie / donut,No configuration for this input schema,,,,False,,0.0,False,input mismatch
WDBC__04,WDBC,mean smoothness,Scatter,No configuration for this input schema,,,,False,,0.0,False,input mismatch
WDBC__04,WDBC,mean smoothness,Stacked bar,No configuration for this input schema,,,,False,,0.0,False,input mismatch
WDBC__05,WDBC,mean compactness,Box,Min-max box with mean markers,12.0,0.011507582938388633,0.296330920150161,True,12.14816546007508,0.08231695586354153,True,qualified
WDBC__05,WDBC,mean compactness,Heatmap,10 common bins,22.0,0.009655070990806952,0.24862702151609087,True,22.124313510758046,0.04519914254124746,False,qualified
WDBC__05,WDBC,mean compactness,Histogram,10 common bins,22.0,0.009655070990806952,0.24862702151609087,True,22.124313510758046,0.04519914254124746,False,qualified
WDBC__05,WDBC,mean compactness,Violin,64-point density per group,130.0,0.006484980105313121,0.16699424475597255,True,130.083497122378,0.007687370205455309,False,qualified
WDBC__05,WDBC,mean compactness,Dot,Individual observations,569.0,0.0,0.0,True,569.0,0.0017574692442882249,False,qualified
WDBC__05,WDBC,mean compactness,Raincloud,Individual observations,569.0,0.0,0.0,True,569.0,0.0017574692442882249,False,qualified
WDBC__05,WDBC,mean compactness,Area,No configuration for this input schema,,,,False,,0.0,False,input mismatch
WDBC__05,WDBC,mean compactness,Bar,Mean bars,2.0,0.0412884118635795,1.0632148509882098,False,,0.0,False,exceeds tolerance
WDBC__05,WDBC,mean compactness,Bubble,No configuration for this input schema,,,,False,,0.0,False,input mismatch
WDBC__05,WDBC,mean compactness,Forest,Mean contrast with interval,3.0,0.0412884118635795,1.0632148509882098,False,,0.0,False,exceeds tolerance
WDBC__05,WDBC,mean compactness,Interval,Means with intervals,6.0,0.0412884118635795,1.0632148509882098,False,,0.0,False,exceeds tolerance
WDBC__05,WDBC,mean compactness,Line,No configuration for this input schema,,,,False,,0.0,False,input mismatch
WDBC__05,WDBC,mean compactness,Pie / donut,No configuration for this input schema,,,,False,,0.0,False,input mismatch
WDBC__05,WDBC,mean compactness,Scatter,No configuration for this input schema,,,,False,,0.0,False,input mismatch
WDBC__05,WDBC,mean compactness,Stacked bar,No configuration for this input schema,,,,False,,0.0,False,input mismatch
WDBC__06,WDBC,mean concavity,Heatmap,10 common bins,22.0,0.01669228926878802,0.2701537693580698,True,22.135076884679034,0.045177164064524114,True,qualified
WDBC__06,WDBC,mean concavity,Histogram,10 common bins,22.0,0.01669228926878802,0.2701537693580698,True,22.135076884679034,0.045177164064524114,True,qualified
WDBC__06,WDBC,mean concavity,Violin,64-point density per group,130.0,0.014380427332189805,0.2327377980463767,True,130.1163688990232,0.0076854281168578405,False,qualified
WDBC__06,WDBC,mean concavity,Dot,Individual observations,569.0,0.0,0.0,True,569.0,0.0017574692442882249,False,qualified
WDBC__06,WDBC,mean concavity,Raincloud,Individual observations,569.0,0.0,0.0,True,569.0,0.0017574692442882249,False,qualified
WDBC__06,WDBC,mean concavity,Area,No configuration for this input schema,,,,False,,0.0,False,input mismatch
WDBC__06,WDBC,mean concavity,Bar,Mean bars,2.0,0.09338953909836131,1.511448525710038,False,,0.0,False,exceeds tolerance
WDBC__06,WDBC,mean concavity,Box,Min-max box with mean markers,12.0,0.16561071090047394,2.680300890752601,False,,0.0,False,exceeds tolerance
WDBC__06,WDBC,mean concavity,Bubble,No configuration for this input schema,,,,False,,0.0,False,input mismatch
WDBC__06,WDBC,mean concavity,Forest,Mean contrast with interval,3.0,0.09338953909836131,1.511448525710038,False,,0.0,False,exceeds tolerance
WDBC__06,WDBC,mean concavity,Interval,Means with intervals,6.0,0.09338953909836131,1.511448525710038,False,,0.0,False,exceeds tolerance
WDBC__06,WDBC,mean concavity,Line,No configuration for this input schema,,,,False,,0.0,False,input mismatch
WDBC__06,WDBC,mean concavity,Pie / donut,No configuration for this input schema,,,,False,,0.0,False,input mismatch
WDBC__06,WDBC,mean concavity,Scatter,No configuration for this input schema,,,,False,,0.0,False,input mismatch
WDBC__06,WDBC,mean concavity,Stacked bar,No configuration for this input schema,,,,False,,0.0,False,input mismatch
WDBC__07,WDBC,mean concave points,Box,Min-max box with mean markers,12.0,0.0139736018957346,0.6769363226228609,True,12.33846816131143,0.08104733804278927,True,qualified
WDBC__07,WDBC,mean concave points,Heatmap,10 common bins,22.0,0.005721259690222837,0.27716035739160816,True,22.138580178695804,0.04517001505644481,False,qualified
WDBC__07,WDBC,mean concave points,Histogram,10 common bins,22.0,0.005721259690222837,0.27716035739160816,True,22.138580178695804,0.04517001505644481,False,qualified
WDBC__07,WDBC,mean concave points,Violin,64-point density per group,130.0,0.006819257874840716,0.33035171484459863,True,130.1651758574223,0.007682546375501845,False,qualified
WDBC__07,WDBC,mean concave points,Dot,Individual observations,569.0,0.0,0.0,True,569.0,0.0017574692442882249,False,qualified
WDBC__07,WDBC,mean concave points,Raincloud,Individual observations,569.0,0.0,0.0,True,569.0,0.0017574692442882249,False,qualified
WDBC__07,WDBC,mean concave points,Area,No configuration for this input schema,,,,False,,0.0,False,input mismatch
WDBC__07,WDBC,mean concave points,Bar,Mean bars,2.0,0.03379849620985835,1.6373323002330622,False,,0.0,False,exceeds tolerance
WDBC__07,WDBC,mean concave points,Bubble,No configuration for this input schema,,,,False,,0.0,False,input mismatch
WDBC__07,WDBC,mean concave points,Forest,Mean contrast with interval,3.0,0.03379849620985835,1.6373323002330622,False,,0.0,False,exceeds tolerance
WDBC__07,WDBC,mean concave points,Interval,Means with intervals,6.0,0.03379849620985835,1.6373323002330622,False,,0.0,False,exceeds tolerance
WDBC__07,WDBC,mean concave points,Line,No configuration for this input schema,,,,False,,0.0,False,input mismatch
WDBC__07,WDBC,mean concave points,Pie / donut,No configuration for this input schema,,,,False,,0.0,False,input mismatch
WDBC__07,WDBC,mean concave points,Scatter,No configuration for this input schema,,,,False,,0.0,False,input mismatch
WDBC__07,WDBC,mean concave points,Stacked bar,No configuration for this input schema,,,,False,,0.0,False,input mismatch
WDBC__08,WDBC,mean symmetry,Bar,Mean bars,2.0,0.010874784942596943,0.5802562822343659,True,2.290128141117183,0.4366567887822096,True,qualified
WDBC__08,WDBC,mean symmetry,Dot,Mean dots,2.0,0.010874784942596943,0.5802562822343659,True,2.290128141117183,0.4366567887822096,True,qualified
WDBC__08,WDBC,mean symmetry,Forest,Mean contrast with interval,3.0,0.010874784942596943,0.5802562822343659,True,3.290128141117183,0.3039395297413687,False,qualified
WDBC__08,WDBC,mean symmetry,Interval,Means with intervals,6.0,0.010874784942596943,0.5802562822343659,True,6.290128141117183,0.15897927316666574,False,qualified
WDBC__08,WDBC,mean symmetry,Box,Min-max box with mean markers,12.0,0.00809662921348317,0.4320195747175825,True,12.216009787358791,0.0818597903412624,False,qualified
WDBC__08,WDBC,mean symmetry,Heatmap,10 common bins,22.0,0.0034100280898876623,0.18195212431303964,True,22.09097606215652,0.04526735247851153,False,qualified
WDBC__08,WDBC,mean symmetry,Histogram,10 common bins,22.0,0.0034100280898876623,0.18195212431303964,True,22.09097606215652,0.04526735247851153,False,qualified
WDBC__08,WDBC,mean symmetry,Violin,64-point density per group,130.0,0.0031276926538312544,0.1668872829084622,True,130.08344364145424,0.007687373365947131,False,qualified
WDBC__08,WDBC,mean symmetry,Raincloud,Individual observations,569.0,0.0,0.0,True,569.0,0.0017574692442882249,False,qualified
WDBC__08,WDBC,mean symmetry,Area,No configuration for this input schema,,,,False,,0.0,False,input mismatch
WDBC__08,WDBC,mean symmetry,Bubble,No configuration for this input schema,,,,False,,0.0,False,input mismatch
WDBC__08,WDBC,mean symmetry,Line,No configuration for this input schema,,,,False,,0.0,False,input mismatch
WDBC__08,WDBC,mean symmetry,Pie / donut,No configuration for this input schema,,,,False,,0.0,False,input mismatch
WDBC__08,WDBC,mean symmetry,Scatter,No configuration for this input schema,,,,False,,0.0,False,input mismatch
WDBC__08,WDBC,mean symmetry,Stacked bar,No configuration for this input schema,,,,False,,0.0,False,input mismatch
WDBC__09,WDBC,mean fractal dimension,Bar,Mean bars,2.0,0.0037081152251021293,0.7845903883082282,True,2.392295194154114,0.41800861467415507,True,qualified
WDBC__09,WDBC,mean fractal dimension,Dot,Mean dots,2.0,0.0037081152251021293,0.7845903883082282,True,2.392295194154114,0.41800861467415507,True,qualified
WDBC__09,WDBC,mean fractal dimension,Forest,Mean contrast with interval,3.0,0.0037081152251021293,0.7845903883082282,True,3.392295194154114,0.29478566656677857,False,qualified
WDBC__09,WDBC,mean fractal dimension,Interval,Means with intervals,6.0,0.0037081152251021293,0.7845903883082282,True,6.392295194154114,0.15643833234023996,False,qualified
WDBC__09,WDBC,mean fractal dimension,Box,Min-max box with mean markers,12.0,0.002003567415730337,0.4239295818177502,True,12.211964790908874,0.08188690494296579,False,qualified
WDBC__09,WDBC,mean fractal dimension,Heatmap,10 common bins,22.0,0.001286105925285698,0.2721237842056613,True,22.13606189210283,0.04517515377731916,False,qualified
WDBC__09,WDBC,mean fractal dimension,Histogram,10 common bins,22.0,0.001286105925285698,0.2721237842056613,True,22.13606189210283,0.04517515377731916,False,qualified
WDBC__09,WDBC,mean fractal dimension,Violin,64-point density per group,130.0,0.0010273783486621085,0.21738029391847422,True,130.10869014695925,0.007685881695300203,False,qualified
WDBC__09,WDBC,mean fractal dimension,Raincloud,Individual observations,569.0,0.0,0.0,True,569.0,0.0017574692442882249,False,qualified
WDBC__09,WDBC,mean fractal dimension,Area,No configuration for this input schema,,,,False,,0.0,False,input mismatch
WDBC__09,WDBC,mean fractal dimension,Bubble,No configuration for this input schema,,,,False,,0.0,False,input mismatch
WDBC__09,WDBC,mean fractal dimension,Line,No configuration for this input schema,,,,False,,0.0,False,input mismatch
WDBC__09,WDBC,mean fractal dimension,Pie / donut,No configuration for this input schema,,,,False,,0.0,False,input mismatch
WDBC__09,WDBC,mean fractal dimension,Scatter,No configuration for this input schema,,,,False,,0.0,False,input mismatch
WDBC__09,WDBC,mean fractal dimension,Stacked bar,No configuration for this input schema,,,,False,,0.0,False,input mismatch
WDBC__10,WDBC,radius error,Heatmap,10 common bins,22.0,0.09327923578199071,0.5245446251452364,True,22.26227231257262,0.04491904446947448,True,qualified
WDBC__10,WDBC,radius error,Histogram,10 common bins,22.0,0.09327923578199071,0.5245446251452364,True,22.26227231257262,0.04491904446947448,True,qualified
WDBC__10,WDBC,radius error,Violin,64-point density per group,130.0,0.04139515080240197,0.23278067919879641,True,130.1163903395994,0.007685426850453149,False,qualified
WDBC__10,WDBC,radius error,Dot,Individual observations,569.0,0.0,0.0,True,569.0,0.0017574692442882249,False,qualified
WDBC__10,WDBC,radius error,Raincloud,Individual observations,569.0,0.0,0.0,True,569.0,0.0017574692442882249,False,qualified
WDBC__10,WDBC,radius error,Area,No configuration for this input schema,,,,False,,0.0,False,input mismatch
WDBC__10,WDBC,radius error,Bar,Mean bars,2.0,0.35618843136378253,2.0029830395207564,False,,0.0,False,exceeds tolerance
WDBC__10,WDBC,radius error,Box,Min-max box with mean markers,12.0,1.0058799999999999,5.656445865125311,False,,0.0,False,exceeds tolerance
WDBC__10,WDBC,radius error,Bubble,No configuration for this input schema,,,,False,,0.0,False,input mismatch
WDBC__10,WDBC,radius error,Forest,Mean contrast with interval,3.0,0.35618843136378253,2.0029830395207564,False,,0.0,False,exceeds tolerance
WDBC__10,WDBC,radius error,Interval,Means with intervals,6.0,0.35618843136378253,2.0029830395207564,False,,0.0,False,exceeds tolerance
WDBC__10,WDBC,radius error,Line,No configuration for this input schema,,,,False,,0.0,False,input mismatch
WDBC__10,WDBC,radius error,Pie / donut,No configuration for this input schema,,,,False,,0.0,False,input mismatch
WDBC__10,WDBC,radius error,Scatter,No configuration for this input schema,,,,False,,0.0,False,input mismatch
WDBC__10,WDBC,radius error,Stacked bar,No configuration for this input schema,,,,False,,0.0,False,input mismatch
WDBC__11,WDBC,texture error,Bar,Mean bars,2.0,0.21747833082141077,0.4934033359021725,True,2.2467016679510863,0.4450969233097891,True,qualified
WDBC__11,WDBC,texture error,Dot,Mean dots,2.0,0.21747833082141077,0.4934033359021725,True,2.2467016679510863,0.4450969233097891,True,qualified
WDBC__11,WDBC,texture error,Forest,Mean contrast with interval,3.0,0.21747833082141077,0.4934033359021725,True,3.2467016679510863,0.30800489304922046,False,qualified
WDBC__11,WDBC,texture error,Interval,Means with intervals,6.0,0.21747833082141077,0.4934033359021725,True,6.246701667951086,0.16008448188434127,False,qualified
WDBC__11,WDBC,texture error,Heatmap,10 common bins,22.0,0.08779945030491437,0.19919474968931872,True,22.09959737484466,0.04524969315225043,False,qualified
WDBC__11,WDBC,texture error,Histogram,10 common bins,22.0,0.08779945030491437,0.19919474968931872,True,22.09959737484466,0.04524969315225043,False,qualified
WDBC__11,WDBC,texture error,Violin,64-point density per group,130.0,0.09600127162430483,0.21780260815584324,True,130.10890130407793,0.007685869221682971,False,qualified
WDBC__11,WDBC,texture error,Raincloud,Individual observations,569.0,0.0,0.0,True,569.0,0.0017574692442882249,False,qualified
WDBC__11,WDBC,texture error,Area,No configuration for this input schema,,,,False,,0.0,False,input mismatch
WDBC__11,WDBC,texture error,Box,Min-max box with mean markers,12.0,0.9089943820224722,2.0622783829186284,False,,0.0,False,exceeds tolerance
WDBC__11,WDBC,texture error,Bubble,No configuration for this input schema,,,,False,,0.0,False,input mismatch
WDBC__11,WDBC,texture error,Line,No configuration for this input schema,,,,False,,0.0,False,input mismatch
WDBC__11,WDBC,texture error,Pie / donut,No configuration for this input schema,,,,False,,0.0,False,input mismatch
WDBC__11,WDBC,texture error,Scatter,No configuration for this input schema,,,,False,,0.0,False,input mismatch
WDBC__11,WDBC,texture error,Stacked bar,No configuration for this input schema,,,,False,,0.0,False,input mismatch
WDBC__12,WDBC,perimeter error,Heatmap,10 common bins,22.0,0.4936821997662262,0.3587097255490703,True,22.179354862774534,0.04508697417878387,True,qualified
WDBC__12,WDBC,perimeter error,Histogram,10 common bins,22.0,0.4936821997662262,0.3587097255490703,True,22.179354862774534,0.04508697417878387,True,qualified
WDBC__12,WDBC,perimeter error,Violin,64-point density per group,130.0,0.3720896714028814,0.27036053552624456,True,130.13518026776313,0.007684317168827239,False,qualified
WDBC__12,WDBC,perimeter error,Dot,Individual observations,569.0,0.0,0.0,True,569.0,0.0017574692442882249,False,qualified
WDBC__12,WDBC,perimeter error,Raincloud,Individual observations,569.0,0.0,0.0,True,569.0,0.0017574692442882249,False,qualified
WDBC__12,WDBC,perimeter error,Area,No configuration for this input schema,,,,False,,0.0,False,input mismatch
WDBC__12,WDBC,perimeter error,Bar,Mean bars,2.0,2.9346420432323863,2.1323123305055987,False,,0.0,False,exceeds tolerance
WDBC__12,WDBC,perimeter error,Box,Min-max box with mean markers,12.0,8.795,6.3904512613539515,False,,0.0,False,exceeds tolerance
WDBC__12,WDBC,perimeter error,Bubble,No configuration for this input schema,,,,False,,0.0,False,input mismatch
WDBC__12,WDBC,perimeter error,Forest,Mean contrast with interval,3.0,2.9346420432323863,2.1323123305055987,False,,0.0,False,exceeds tolerance
WDBC__12,WDBC,perimeter error,Interval,Means with intervals,6.0,2.9346420432323863,2.1323123305055987,False,,0.0,False,exceeds tolerance
WDBC__12,WDBC,perimeter error,Line,No configuration for this input schema,,,,False,,0.0,False,input mismatch
WDBC__12,WDBC,perimeter error,Pie / donut,No configuration for this input schema,,,,False,,0.0,False,input mismatch
WDBC__12,WDBC,perimeter error,Scatter,No configuration for this input schema,,,,False,,0.0,False,input mismatch
WDBC__12,WDBC,perimeter error,Stacked bar,No configuration for this input schema,,,,False,,0.0,False,input mismatch
WDBC__13,WDBC,area error,Heatmap,10 common bins,22.0,23.075826100237705,0.7018609057005493,True,22.350930452850275,0.04474086669946558,True,qualified
WDBC__13,WDBC,area error,Histogram,10 common bins,22.0,23.075826100237705,0.7018609057005493,True,22.350930452850275,0.04474086669946558,True,qualified
WDBC__13,WDBC,area error,Violin,64-point density per group,130.0,9.790916548088871,0.297794823302528,True,130.14889741165126,0.007683507274265064,False,qualified
WDBC__13,WDBC,area error,Dot,Individual observations,569.0,0.0,0.0,True,569.0,0.0017574692442882249,False,qualified
WDBC__13,WDBC,area error,Raincloud,Individual observations,569.0,0.0,0.0,True,569.0,0.0017574692442882249,False,qualified
WDBC__13,WDBC,area error,Area,No configuration for this input schema,,,,False,,0.0,False,input mismatch
WDBC__13,WDBC,area error,Bar,Mean bars,2.0,67.57776649568889,2.0554060423169793,False,,0.0,False,exceeds tolerance
WDBC__13,WDBC,area error,Box,Min-max box with mean markers,12.0,266.87,8.116962707669916,False,,0.0,False,exceeds tolerance
WDBC__13,WDBC,area error,Bubble,No configuration for this input schema,,,,False,,0.0,False,input mismatch
WDBC__13,WDBC,area error,Forest,Mean contrast with interval,3.0,67.57776649568889,2.0554060423169793,False,,0.0,False,exceeds tolerance
WDBC__13,WDBC,area error,Interval,Means with intervals,6.0,67.57776649568889,2.0554060423169793,False,,0.0,False,exceeds tolerance
WDBC__13,WDBC,area error,Line,No configuration for this input schema,,,,False,,0.0,False,input mismatch
WDBC__13,WDBC,area error,Pie / donut,No configuration for this input schema,,,,False,,0.0,False,input mismatch
WDBC__13,WDBC,area error,Scatter,No configuration for this input schema,,,,False,,0.0,False,input mismatch
WDBC__13,WDBC,area error,Stacked bar,No configuration for this input schema,,,,False,,0.0,False,input mismatch
WDBC__14,WDBC,smoothness error,Heatmap,10 common bins,22.0,0.0006426764864232212,0.3152724369485897,True,22.157636218474295,0.04513116788000308,True,qualified
WDBC__14,WDBC,smoothness error,Histogram,10 common bins,22.0,0.0006426764864232212,0.3152724369485897,True,22.157636218474295,0.04513116788000308,True,qualified
WDBC__14,WDBC,smoothness error,Violin,64-point density per group,130.0,0.0003515649347118552,0.1724642741002475,True,130.08623213705013,0.007687208581354459,False,qualified
WDBC__14,WDBC,smoothness error,Dot,Individual observations,569.0,0.0,0.0,True,569.0,0.0017574692442882249,False,qualified
WDBC__14,WDBC,smoothness error,Raincloud,Individual observations,569.0,0.0,0.0,True,569.0,0.0017574692442882249,False,qualified
WDBC__14,WDBC,smoothness error,Area,No configuration for this input schema,,,,False,,0.0,False,input mismatch
WDBC__14,WDBC,smoothness error,Bar,Mean bars,2.0,0.002047192378838327,1.0042740691681533,False,,0.0,False,exceeds tolerance
WDBC__14,WDBC,smoothness error,Box,Min-max box with mean markers,12.0,0.009838399999999995,4.826341727449467,False,,0.0,False,exceeds tolerance
WDBC__14,WDBC,smoothness error,Bubble,No configuration for this input schema,,,,False,,0.0,False,input mismatch
WDBC__14,WDBC,smoothness error,Forest,Mean contrast with interval,3.0,0.002047192378838327,1.0042740691681533,False,,0.0,False,exceeds tolerance
WDBC__14,WDBC,smoothness error,Interval,Means with intervals,6.0,0.002047192378838327,1.0042740691681533,False,,0.0,False,exceeds tolerance
WDBC__14,WDBC,smoothness error,Line,No configuration for this input schema,,,,False,,0.0,False,input mismatch
WDBC__14,WDBC,smoothness error,Pie / donut,No configuration for this input schema,,,,False,,0.0,False,input mismatch
WDBC__14,WDBC,smoothness error,Scatter,No configuration for this input schema,,,,False,,0.0,False,input mismatch
WDBC__14,WDBC,smoothness error,Stacked bar,No configuration for this input schema,,,,False,,0.0,False,input mismatch
WDBC__15,WDBC,compactness error,Bar,Mean bars,2.0,0.006328300618212098,0.34100208591687514,True,2.1705010429584375,0.46072311425244905,True,qualified
WDBC__15,WDBC,compactness error,Dot,Mean dots,2.0,0.006328300618212098,0.34100208591687514,True,2.1705010429584375,0.46072311425244905,True,qualified
WDBC__15,WDBC,compactness error,Forest,Mean contrast with interval,3.0,0.006328300618212098,0.34100208591687514,True,3.1705010429584375,0.31540756065069336,False,qualified
WDBC__15,WDBC,compactness error,Interval,Means with intervals,6.0,0.006328300618212098,0.34100208591687514,True,6.1705010429584375,0.1620613938865087,False,qualified
WDBC__15,WDBC,compactness error,Box,Min-max box with mean markers,12.0,0.012462415730337177,0.6715404365238424,True,12.33577021826192,0.08106506381900631,False,qualified
WDBC__15,WDBC,compactness error,Heatmap,10 common bins,22.0,0.002901173663799302,0.15633047964181077,True,22.078165239820905,0.04529361879203472,False,qualified
WDBC__15,WDBC,compactness error,Histogram,10 common bins,22.0,0.002901173663799302,0.15633047964181077,True,22.078165239820905,0.04529361879203472,False,qualified
WDBC__15,WDBC,compactness error,Violin,64-point density per group,130.0,0.002993717281608542,0.16131721598938978,True,130.0806586079947,0.007687537952998497,False,qualified
WDBC__15,WDBC,compactness error,Raincloud,Individual observations,569.0,0.0,0.0,True,569.0,0.0017574692442882249,False,qualified
WDBC__15,WDBC,compactness error,Area,No configuration for this input schema,,,,False,,0.0,False,input mismatch
WDBC__15,WDBC,compactness error,Bubble,No configuration for this input schema,,,,False,,0.0,False,input mismatch
WDBC__15,WDBC,compactness error,Line,No configuration for this input schema,,,,False,,0.0,False,input mismatch
WDBC__15,WDBC,compactness error,Pie / donut,No configuration for this input schema,,,,False,,0.0,False,input mismatch
WDBC__15,WDBC,compactness error,Scatter,No configuration for this input schema,,,,False,,0.0,False,input mismatch
WDBC__15,WDBC,compactness error,Stacked bar,No configuration for this input schema,,,,False,,0.0,False,input mismatch
WDBC__16,WDBC,concavity error,Bar,Mean bars,2.0,0.006560816027907895,0.2547613753561122,True,2.1273806876780563,0.4700616141681048,True,qualified
WDBC__16,WDBC,concavity error,Dot,Mean dots,2.0,0.006560816027907895,0.2547613753561122,True,2.1273806876780563,0.4700616141681048,True,qualified
WDBC__16,WDBC,concavity error,Forest,Mean contrast with interval,3.0,0.006560816027907895,0.2547613753561122,True,3.1273806876780563,0.31975640315872655,False,qualified
WDBC__16,WDBC,concavity error,Interval,Means with intervals,6.0,0.006560816027907895,0.2547613753561122,True,6.127380687678056,0.16320187221449522,False,qualified
WDBC__16,WDBC,concavity error,Heatmap,10 common bins,22.0,0.014880437086168714,0.5778184606681156,True,22.288909230334056,0.04486536284328582,False,qualified
WDBC__16,WDBC,concavity error,Histogram,10 common bins,22.0,0.014880437086168714,0.5778184606681156,True,22.288909230334056,0.04486536284328582,False,qualified
WDBC__16,WDBC,concavity error,Violin,64-point density per group,130.0,0.005556138352964778,0.21574899257181585,True,130.10787449628592,0.007685929878352952,False,qualified
WDBC__16,WDBC,concavity error,Raincloud,Individual observations,569.0,0.0,0.0,True,569.0,0.0017574692442882249,False,qualified
WDBC__16,WDBC,concavity error,Area,No configuration for this input schema,,,,False,,0.0,False,input mismatch
WDBC__16,WDBC,concavity error,Box,Min-max box with mean markers,12.0,0.21183921348314605,8.225874518010643,False,,0.0,False,exceeds tolerance
WDBC__16,WDBC,concavity error,Bubble,No configuration for this input schema,,,,False,,0.0,False,input mismatch
WDBC__16,WDBC,concavity error,Line,No configuration for this input schema,,,,False,,0.0,False,input mismatch
WDBC__16,WDBC,concavity error,Pie / donut,No configuration for this input schema,,,,False,,0.0,False,input mismatch
WDBC__16,WDBC,concavity error,Scatter,No configuration for this input schema,,,,False,,0.0,False,input mismatch
WDBC__16,WDBC,concavity error,Stacked bar,No configuration for this input schema,,,,False,,0.0,False,input mismatch
WDBC__17,WDBC,concave points error,Bar,Mean bars,2.0,0.001702855120254589,0.38844668518923636,True,2.194223342594618,0.45574212095361416,True,qualified
WDBC__17,WDBC,concave points error,Dot,Mean dots,2.0,0.001702855120254589,0.38844668518923636,True,2.194223342594618,0.45574212095361416,True,qualified
WDBC__17,WDBC,concave points error,Forest,Mean contrast with interval,3.0,0.001702855120254589,0.38844668518923636,True,3.194223342594618,0.313065146906013,False,qualified
WDBC__17,WDBC,concave points error,Interval,Means with intervals,6.0,0.001702855120254589,0.38844668518923636,True,6.1942233425946185,0.1614407399751787,False,qualified
WDBC__17,WDBC,concave points error,Heatmap,10 common bins,22.0,0.001641474999999993,0.3744449630428157,True,22.18722248152141,0.045070986277477874,False,qualified
WDBC__17,WDBC,concave points error,Histogram,10 common bins,22.0,0.001641474999999993,0.3744449630428157,True,22.18722248152141,0.045070986277477874,False,qualified
WDBC__17,WDBC,concave points error,Violin,64-point density per group,130.0,0.000769646349441086,0.17556782702904808,True,130.08778391351453,0.007687116883048941,False,qualified
WDBC__17,WDBC,concave points error,Raincloud,Individual observations,569.0,0.0,0.0,True,569.0,0.0017574692442882249,False,qualified
WDBC__17,WDBC,concave points error,Area,No configuration for this input schema,,,,False,,0.0,False,input mismatch
WDBC__17,WDBC,concave points error,Box,Min-max box with mean markers,12.0,0.015174999999999998,3.461644139676055,False,,0.0,False,exceeds tolerance
WDBC__17,WDBC,concave points error,Bubble,No configuration for this input schema,,,,False,,0.0,False,input mismatch
WDBC__17,WDBC,concave points error,Line,No configuration for this input schema,,,,False,,0.0,False,input mismatch
WDBC__17,WDBC,concave points error,Pie / donut,No configuration for this input schema,,,,False,,0.0,False,input mismatch
WDBC__17,WDBC,concave points error,Scatter,No configuration for this input schema,,,,False,,0.0,False,input mismatch
WDBC__17,WDBC,concave points error,Stacked bar,No configuration for this input schema,,,,False,,0.0,False,input mismatch
WDBC__18,WDBC,symmetry error,Bar,Mean bars,2.0,0.010897661703463464,0.7873487667661347,True,2.3936743833830674,0.4177677661347838,True,qualified
WDBC__18,WDBC,symmetry error,Dot,Mean dots,2.0,0.010897661703463464,0.7873487667661347,True,2.3936743833830674,0.4177677661347838,True,qualified
WDBC__18,WDBC,symmetry error,Forest,Mean contrast with interval,3.0,0.010897661703463464,0.7873487667661347,True,3.3936743833830674,0.29466586567539976,False,qualified
WDBC__18,WDBC,symmetry error,Interval,Means with intervals,6.0,0.010897661703463464,0.7873487667661347,True,6.393674383383067,0.15640458678955632,False,qualified
WDBC__18,WDBC,symmetry error,Box,Min-max box with mean markers,12.0,0.011571469194312803,0.8360309071549672,True,12.418015453577484,0.0805281652079046,False,qualified
WDBC__18,WDBC,symmetry error,Heatmap,10 common bins,22.0,0.00382600252764613,0.27642612275520567,True,22.138213061377602,0.045170764109439494,False,qualified
WDBC__18,WDBC,symmetry error,Histogram,10 common bins,22.0,0.00382600252764613,0.27642612275520567,True,22.138213061377602,0.045170764109439494,False,qualified
WDBC__18,WDBC,symmetry error,Violin,64-point density per group,130.0,0.003150583823397786,0.22762757327631125,True,130.11381378663816,0.007685579039592286,False,qualified
WDBC__18,WDBC,symmetry error,Raincloud,Individual observations,569.0,0.0,0.0,True,569.0,0.0017574692442882249,False,qualified
WDBC__18,WDBC,symmetry error,Area,No configuration for this input schema,,,,False,,0.0,False,input mismatch
WDBC__18,WDBC,symmetry error,Bubble,No configuration for this input schema,,,,False,,0.0,False,input mismatch
WDBC__18,WDBC,symmetry error,Line,No configuration for this input schema,,,,False,,0.0,False,input mismatch
WDBC__18,WDBC,symmetry error,Pie / donut,No configuration for this input schema,,,,False,,0.0,False,input mismatch
WDBC__18,WDBC,symmetry error,Scatter,No configuration for this input schema,,,,False,,0.0,False,input mismatch
WDBC__18,WDBC,symmetry error,Stacked bar,No configuration for this input schema,,,,False,,0.0,False,input mismatch
WDBC__19,WDBC,fractal dimension error,Bar,Mean bars,2.0,0.000930399343693386,0.37705437779655027,True,2.1885271888982754,0.4569282963778984,True,qualified
WDBC__19,WDBC,fractal dimension error,Dot,Mean dots,2.0,0.000930399343693386,0.37705437779655027,True,2.1885271888982754,0.4569282963778984,True,qualified
WDBC__19,WDBC,fractal dimension error,Forest,Mean contrast with interval,3.0,0.000930399343693386,0.37705437779655027,True,3.1885271888982754,0.31362442305079663,False,qualified
WDBC__19,WDBC,fractal dimension error,Interval,Means with intervals,6.0,0.000930399343693386,0.37705437779655027,True,6.188527188898275,0.16158933611763399,False,qualified
WDBC__19,WDBC,fractal dimension error,Heatmap,10 common bins,22.0,0.0006355013873330442,0.25754379752515394,True,22.128771898762576,0.04519003605690017,False,qualified
WDBC__19,WDBC,fractal dimension error,Histogram,10 common bins,22.0,0.0006355013873330442,0.25754379752515394,True,22.128771898762576,0.04519003605690017,False,qualified
WDBC__19,WDBC,fractal dimension error,Violin,64-point density per group,130.0,0.0005241260881399552,0.2124077552183634,True,130.10620387760918,0.007686028568942795,False,qualified
WDBC__19,WDBC,fractal dimension error,Raincloud,Individual observations,569.0,0.0,0.0,True,569.0,0.0017574692442882249,False,qualified
WDBC__19,WDBC,fractal dimension error,Area,No configuration for this input schema,,,,False,,0.0,False,input mismatch
WDBC__19,WDBC,fractal dimension error,Box,Min-max box with mean markers,12.0,0.012952649999999996,5.24920123780307,False,,0.0,False,exceeds tolerance
WDBC__19,WDBC,fractal dimension error,Bubble,No configuration for this input schema,,,,False,,0.0,False,input mismatch
WDBC__19,WDBC,fractal dimension error,Line,No configuration for this input schema,,,,False,,0.0,False,input mismatch
WDBC__19,WDBC,fractal dimension error,Pie / donut,No configuration for this input schema,,,,False,,0.0,False,input mismatch
WDBC__19,WDBC,fractal dimension error,Scatter,No configuration for this input schema,,,,False,,0.0,False,input mismatch
WDBC__19,WDBC,fractal dimension error,Stacked bar,No configuration for this input schema,,,,False,,0.0,False,input mismatch
WDBC__20,WDBC,worst radius,Heatmap,10 common bins,22.0,0.7939157716986323,0.3345620613984959,True,22.167281030699247,0.045111531658533585,True,qualified
WDBC__20,WDBC,worst radius,Histogram,10 common bins,22.0,0.7939157716986323,0.3345620613984959,True,22.167281030699247,0.045111531658533585,True,qualified
WDBC__20,WDBC,worst radius,Violin,64-point density per group,130.0,0.7361642931424477,0.3102251551379884,True,130.15511257756899,0.007683140371485804,False,qualified
WDBC__20,WDBC,worst radius,Dot,Individual observations,569.0,0.0,0.0,True,569.0,0.0017574692442882249,False,qualified
WDBC__20,WDBC,worst radius,Raincloud,Individual observations,569.0,0.0,0.0,True,569.0,0.0017574692442882249,False,qualified
WDBC__20,WDBC,worst radius,Area,No configuration for this input schema,,,,False,,0.0,False,input mismatch
WDBC__20,WDBC,worst radius,Bar,Mean bars,2.0,4.531489799693452,1.9096037925383242,False,,0.0,False,exceeds tolerance
WDBC__20,WDBC,worst radius,Box,Min-max box with mean markers,12.0,3.2488625592417044,1.3690950523563838,False,,0.0,False,exceeds tolerance
WDBC__20,WDBC,worst radius,Bubble,No configuration for this input schema,,,,False,,0.0,False,input mismatch
WDBC__20,WDBC,worst radius,Forest,Mean contrast with interval,3.0,4.531489799693452,1.9096037925383242,False,,0.0,False,exceeds tolerance
WDBC__20,WDBC,worst radius,Interval,Means with intervals,6.0,4.531489799693452,1.9096037925383242,False,,0.0,False,exceeds tolerance
WDBC__20,WDBC,worst radius,Line,No configuration for this input schema,,,,False,,0.0,False,input mismatch
WDBC__20,WDBC,worst radius,Pie / donut,No configuration for this input schema,,,,False,,0.0,False,input mismatch
WDBC__20,WDBC,worst radius,Scatter,No configuration for this input schema,,,,False,,0.0,False,input mismatch
WDBC__20,WDBC,worst radius,Stacked bar,No configuration for this input schema,,,,False,,0.0,False,input mismatch
WDBC__21,WDBC,worst texture,Bar,Mean bars,2.0,1.7207217888215247,0.48008848307542706,True,2.2400442415377135,0.44641975433196546,True,qualified
WDBC__21,WDBC,worst texture,Dot,Mean dots,2.0,1.7207217888215247,0.48008848307542706,True,2.2400442415377135,0.44641975433196546,True,qualified
WDBC__21,WDBC,worst texture,Forest,Mean contrast with interval,3.0,1.7207217888215247,0.48008848307542706,True,3.2400442415377135,0.308637760923105,False,qualified
WDBC__21,WDBC,worst texture,Interval,Means with intervals,6.0,1.7207217888215247,0.48008848307542706,True,6.2400442415377135,0.1602552740481169,False,qualified
WDBC__21,WDBC,worst texture,Box,Min-max box with mean markers,12.0,3.1092417061611357,0.867491272513071,True,12.433745636256536,0.08042628739999486,False,qualified
WDBC__21,WDBC,worst texture,Heatmap,10 common bins,22.0,1.098058888888886,0.30636296333249513,True,22.15318148166625,0.045140243211910215,False,qualified
WDBC__21,WDBC,worst texture,Histogram,10 common bins,22.0,1.098058888888886,0.30636296333249513,True,22.15318148166625,0.045140243211910215,False,qualified
WDBC__21,WDBC,worst texture,Violin,64-point density per group,130.0,0.8840917476884229,0.2466652475749302,True,130.12333262378746,0.007685016820858713,False,qualified
WDBC__21,WDBC,worst texture,Raincloud,Individual observations,569.0,0.0,0.0,True,569.0,0.0017574692442882249,False,qualified
WDBC__21,WDBC,worst texture,Area,No configuration for this input schema,,,,False,,0.0,False,input mismatch
WDBC__21,WDBC,worst texture,Bubble,No configuration for this input schema,,,,False,,0.0,False,input mismatch
WDBC__21,WDBC,worst texture,Line,No configuration for this input schema,,,,False,,0.0,False,input mismatch
WDBC__21,WDBC,worst texture,Pie / donut,No configuration for this input schema,,,,False,,0.0,False,input mismatch
WDBC__21,WDBC,worst texture,Scatter,No configuration for this input schema,,,,False,,0.0,False,input mismatch
WDBC__21,WDBC,worst texture,Stacked bar,No configuration for this input schema,,,,False,,0.0,False,input mismatch
WDBC__22,WDBC,worst perimeter,Heatmap,10 common bins,22.0,3.88967962862246,0.22078514230510404,True,22.110392571152552,0.04522760040473912,True,qualified
WDBC__22,WDBC,worst perimeter,Histogram,10 common bins,22.0,3.88967962862246,0.22078514230510404,True,22.110392571152552,0.04522760040473912,True,qualified
WDBC__22,WDBC,worst perimeter,Violin,64-point density per group,130.0,4.778707819246534,0.2712479655504467,True,130.13562398277523,0.007684290968108473,False,qualified
WDBC__22,WDBC,worst perimeter,Dot,Individual observations,569.0,0.0,0.0,True,569.0,0.0017574692442882249,False,qualified
WDBC__22,WDBC,worst perimeter,Raincloud,Individual observations,569.0,0.0,0.0,True,569.0,0.0017574692442882249,False,qualified
WDBC__22,WDBC,worst perimeter,Area,No configuration for this input schema,,,,False,,0.0,False,input mismatch
WDBC__22,WDBC,worst perimeter,Bar,Mean bars,2.0,33.27560818667084,1.888782776535475,False,,0.0,False,exceeds tolerance
WDBC__22,WDBC,worst perimeter,Box,Min-max box with mean markers,12.0,29.227109004739347,1.6589827535651,False,,0.0,False,exceeds tolerance
WDBC__22,WDBC,worst perimeter,Bubble,No configuration for this input schema,,,,False,,0.0,False,input mismatch
WDBC__22,WDBC,worst perimeter,Forest,Mean contrast with interval,3.0,33.27560818667084,1.888782776535475,False,,0.0,False,exceeds tolerance
WDBC__22,WDBC,worst perimeter,Interval,Means with intervals,6.0,33.27560818667084,1.888782776535475,False,,0.0,False,exceeds tolerance
WDBC__22,WDBC,worst perimeter,Line,No configuration for this input schema,,,,False,,0.0,False,input mismatch
WDBC__22,WDBC,worst perimeter,Pie / donut,No configuration for this input schema,,,,False,,0.0,False,input mismatch
WDBC__22,WDBC,worst perimeter,Scatter,No configuration for this input schema,,,,False,,0.0,False,input mismatch
WDBC__22,WDBC,worst perimeter,Stacked bar,No configuration for this input schema,,,,False,,0.0,False,input mismatch
WDBC__23,WDBC,worst area,Heatmap,10 common bins,22.0,138.66583440200702,0.3612255032810694,True,22.180612751640535,0.0450844172429834,True,qualified
WDBC__23,WDBC,worst area,Histogram,10 common bins,22.0,138.66583440200702,0.3612255032810694,True,22.180612751640535,0.0450844172429834,True,qualified
WDBC__23,WDBC,worst area,Violin,64-point density per group,130.0,124.0477980909223,0.32314541277987163,True,130.16157270638993,0.007682759044835263,False,qualified
WDBC__23,WDBC,worst area,Dot,Individual observations,569.0,0.0,0.0,True,569.0,0.0017574692442882249,False,qualified
WDBC__23,WDBC,worst area,Raincloud,Individual observations,569.0,0.0,0.0,True,569.0,0.0017574692442882249,False,qualified
WDBC__23,WDBC,worst area,Area,No configuration for this input schema,,,,False,,0.0,False,input mismatch
WDBC__23,WDBC,worst area,Bar,Mean bars,2.0,833.2831190211924,2.170708562365906,False,,0.0,False,exceeds tolerance
WDBC__23,WDBC,worst area,Box,Min-max box with mean markers,12.0,976.3672985781989,2.5434438867876112,False,,0.0,False,exceeds tolerance
WDBC__23,WDBC,worst area,Bubble,No configuration for this input schema,,,,False,,0.0,False,input mismatch
WDBC__23,WDBC,worst area,Forest,Mean contrast with interval,3.0,833.2831190211924,2.170708562365906,False,,0.0,False,exceeds tolerance
WDBC__23,WDBC,worst area,Interval,Means with intervals,6.0,833.2831190211924,2.170708562365906,False,,0.0,False,exceeds tolerance
WDBC__23,WDBC,worst area,Line,No configuration for this input schema,,,,False,,0.0,False,input mismatch
WDBC__23,WDBC,worst area,Pie / donut,No configuration for this input schema,,,,False,,0.0,False,input mismatch
WDBC__23,WDBC,worst area,Scatter,No configuration for this input schema,,,,False,,0.0,False,input mismatch
WDBC__23,WDBC,worst area,Stacked bar,No configuration for this input schema,,,,False,,0.0,False,input mismatch
WDBC__24,WDBC,worst smoothness,Bar,Mean bars,2.0,0.0063642599492626795,0.5035431147563106,True,2.2517715573781554,0.44409478249398776,True,qualified
WDBC__24,WDBC,worst smoothness,Dot,Mean dots,2.0,0.0063642599492626795,0.5035431147563106,True,2.2517715573781554,0.44409478249398776,True,qualified
WDBC__24,WDBC,worst smoothness,Forest,Mean contrast with interval,3.0,0.0063642599492626795,0.5035431147563106,True,3.2517715573781554,0.3075246776579478,False,qualified
WDBC__24,WDBC,worst smoothness,Interval,Means with intervals,6.0,0.0063642599492626795,0.5035431147563106,True,6.251771557378155,0.1599546609824266,False,qualified
WDBC__24,WDBC,worst smoothness,Box,Min-max box with mean markers,12.0,0.004974999999999952,0.39362424160610354,True,12.196812120803052,0.0819886368745802,False,qualified
WDBC__24,WDBC,worst smoothness,Heatmap,10 common bins,22.0,0.003957161282771543,0.3130923836872361,True,22.156546191843617,0.04513338817979335,False,qualified
WDBC__24,WDBC,worst smoothness,Histogram,10 common bins,22.0,0.003957161282771543,0.3130923836872361,True,22.156546191843617,0.04513338817979335,False,qualified
WDBC__24,WDBC,worst smoothness,Violin,64-point density per group,130.0,0.002663010227239762,0.2106985690626249,True,130.10534928453131,0.00768607905439053,False,qualified
WDBC__24,WDBC,worst smoothness,Raincloud,Individual observations,569.0,0.0,0.0,True,569.0,0.0017574692442882249,False,qualified
WDBC__24,WDBC,worst smoothness,Area,No configuration for this input schema,,,,False,,0.0,False,input mismatch
WDBC__24,WDBC,worst smoothness,Bubble,No configuration for this input schema,,,,False,,0.0,False,input mismatch
WDBC__24,WDBC,worst smoothness,Line,No configuration for this input schema,,,,False,,0.0,False,input mismatch
WDBC__24,WDBC,worst smoothness,Pie / donut,No configuration for this input schema,,,,False,,0.0,False,input mismatch
WDBC__24,WDBC,worst smoothness,Scatter,No configuration for this input schema,,,,False,,0.0,False,input mismatch
WDBC__24,WDBC,worst smoothness,Stacked bar,No configuration for this input schema,,,,False,,0.0,False,input mismatch
WDBC__25,WDBC,worst compactness,Box,Min-max box with mean markers,12.0,0.09807640449438215,0.8775038798519029,True,12.438751939925952,0.08039391772016904,True,qualified
WDBC__25,WDBC,worst compactness,Heatmap,10 common bins,22.0,0.026912162085308056,0.2407870350346479,True,22.120393517517325,0.04520715235956773,False,qualified
WDBC__25,WDBC,worst compactness,Histogram,10 common bins,22.0,0.026912162085308056,0.2407870350346479,True,22.120393517517325,0.04520715235956773,False,qualified
WDBC__25,WDBC,worst compactness,Violin,64-point density per group,130.0,0.023124033865456,0.20689409995578228,True,130.1034470499779,0.007686191432082967,False,qualified
WDBC__25,WDBC,worst compactness,Dot,Individual observations,569.0,0.0,0.0,True,569.0,0.0017574692442882249,False,qualified
WDBC__25,WDBC,worst compactness,Raincloud,Individual observations,569.0,0.0,0.0,True,569.0,0.0017574692442882249,False,qualified
WDBC__25,WDBC,worst compactness,Area,No configuration for this input schema,,,,False,,0.0,False,input mismatch
WDBC__25,WDBC,worst compactness,Bar,Mean bars,2.0,0.15191344524602282,1.3591917270243157,False,,0.0,False,exceeds tolerance
WDBC__25,WDBC,worst compactness,Bubble,No configuration for this input schema,,,,False,,0.0,False,input mismatch
WDBC__25,WDBC,worst compactness,Forest,Mean contrast with interval,3.0,0.15191344524602282,1.3591917270243157,False,,0.0,False,exceeds tolerance
WDBC__25,WDBC,worst compactness,Interval,Means with intervals,6.0,0.15191344524602282,1.3591917270243157,False,,0.0,False,exceeds tolerance
WDBC__25,WDBC,worst compactness,Line,No configuration for this input schema,,,,False,,0.0,False,input mismatch
WDBC__25,WDBC,worst compactness,Pie / donut,No configuration for this input schema,,,,False,,0.0,False,input mismatch
WDBC__25,WDBC,worst compactness,Scatter,No configuration for this input schema,,,,False,,0.0,False,input mismatch
WDBC__25,WDBC,worst compactness,Stacked bar,No configuration for this input schema,,,,False,,0.0,False,input mismatch
WDBC__26,WDBC,worst concavity,Bar,Mean bars,2.0,0.09011754990976684,0.7121688927413902,True,2.356084446370695,0.424433004317989,True,qualified
WDBC__26,WDBC,worst concavity,Dot,Mean dots,2.0,0.09011754990976684,0.7121688927413902,True,2.356084446370695,0.424433004317989,True,qualified
WDBC__26,WDBC,worst concavity,Forest,Mean contrast with interval,3.0,0.09011754990976684,0.7121688927413902,True,3.356084446370695,0.29796628064034875,False,qualified
WDBC__26,WDBC,worst concavity,Interval,Means with intervals,6.0,0.09011754990976684,0.7121688927413902,True,6.356084446370695,0.15732956483468324,False,qualified
WDBC__26,WDBC,worst concavity,Heatmap,10 common bins,22.0,0.052193253475935814,0.41246584681614207,True,22.20623292340807,0.045032401643678985,False,qualified
WDBC__26,WDBC,worst concavity,Histogram,10 common bins,22.0,0.052193253475935814,0.41246584681614207,True,22.20623292340807,0.045032401643678985,False,qualified
WDBC__26,WDBC,worst concavity,Violin,64-point density per group,130.0,0.025417500174954866,0.20086601304603235,True,130.10043300652302,0.007686369498477085,False,qualified
WDBC__26,WDBC,worst concavity,Raincloud,Individual observations,569.0,0.0,0.0,True,569.0,0.0017574692442882249,False,qualified
WDBC__26,WDBC,worst concavity,Area,No configuration for this input schema,,,,False,,0.0,False,input mismatch
WDBC__26,WDBC,worst concavity,Box,Min-max box with mean markers,12.0,0.37292999999999976,2.94714121096253,False,,0.0,False,exceeds tolerance
WDBC__26,WDBC,worst concavity,Bubble,No configuration for this input schema,,,,False,,0.0,False,input mismatch
WDBC__26,WDBC,worst concavity,Line,No configuration for this input schema,,,,False,,0.0,False,input mismatch
WDBC__26,WDBC,worst concavity,Pie / donut,No configuration for this input schema,,,,False,,0.0,False,input mismatch
WDBC__26,WDBC,worst concavity,Scatter,No configuration for this input schema,,,,False,,0.0,False,input mismatch
WDBC__26,WDBC,worst concavity,Stacked bar,No configuration for this input schema,,,,False,,0.0,False,input mismatch
WDBC__27,WDBC,worst concave points,Bar,Mean bars,2.0,0.01899242647548738,0.8178335766491789,True,2.408916788324589,0.41512434337572274,True,qualified
WDBC__27,WDBC,worst concave points,Dot,Mean dots,2.0,0.01899242647548738,0.8178335766491789,True,2.408916788324589,0.41512434337572274,True,qualified
WDBC__27,WDBC,worst concave points,Forest,Mean contrast with interval,3.0,0.01899242647548738,0.8178335766491789,True,3.408916788324589,0.293348316223195,False,qualified
WDBC__27,WDBC,worst concave points,Interval,Means with intervals,6.0,0.01899242647548738,0.8178335766491789,True,6.408916788324589,0.1560326078537554,False,qualified
WDBC__27,WDBC,worst concave points,Heatmap,10 common bins,22.0,0.007918500000000009,0.3409788204290176,True,22.170489410214508,0.0451050033897436,False,qualified
WDBC__27,WDBC,worst concave points,Histogram,10 common bins,22.0,0.007918500000000009,0.3409788204290176,True,22.170489410214508,0.0451050033897436,False,qualified
WDBC__27,WDBC,worst concave points,Violin,64-point density per group,130.0,0.006531343310808346,0.2812464150958366,True,130.14062320754792,0.0076839957835855965,False,qualified
WDBC__27,WDBC,worst concave points,Raincloud,Individual observations,569.0,0.0,0.0,True,569.0,0.0017574692442882249,False,qualified
WDBC__27,WDBC,worst concave points,Area,No configuration for this input schema,,,,False,,0.0,False,input mismatch
WDBC__27,WDBC,worst concave points,Box,Min-max box with mean markers,12.0,0.052897000000000007,2.277799667138186,False,,0.0,False,exceeds tolerance
WDBC__27,WDBC,worst concave points,Bubble,No configuration for this input schema,,,,False,,0.0,False,input mismatch
WDBC__27,WDBC,worst concave points,Line,No configuration for this input schema,,,,False,,0.0,False,input mismatch
WDBC__27,WDBC,worst concave points,Pie / donut,No configuration for this input schema,,,,False,,0.0,False,input mismatch
WDBC__27,WDBC,worst concave points,Scatter,No configuration for this input schema,,,,False,,0.0,False,input mismatch
WDBC__27,WDBC,worst concave points,Stacked bar,No configuration for this input schema,,,,False,,0.0,False,input mismatch
WDBC__28,WDBC,worst symmetry,Heatmap,10 common bins,22.0,0.015065488151658812,0.3311241156323705,True,22.165562057816185,0.04511503012608573,True,qualified
WDBC__28,WDBC,worst symmetry,Histogram,10 common bins,22.0,0.015065488151658812,0.3311241156323705,True,22.165562057816185,0.04511503012608573,True,qualified
WDBC__28,WDBC,worst symmetry,Violin,64-point density per group,130.0,0.01211742587195147,0.26632870340473813,True,130.13316435170236,0.00768443620795515,False,qualified
WDBC__28,WDBC,worst symmetry,Dot,Individual observations,569.0,0.0,0.0,True,569.0,0.0017574692442882249,False,qualified
WDBC__28,WDBC,worst symmetry,Raincloud,Individual observations,569.0,0.0,0.0,True,569.0,0.0017574692442882249,False,qualified
WDBC__28,WDBC,worst symmetry,Area,No configuration for this input schema,,,,False,,0.0,False,input mismatch
WDBC__28,WDBC,worst symmetry,Bar,Mean bars,2.0,0.08134402508300337,1.7878589858119618,False,,0.0,False,exceeds tolerance
WDBC__28,WDBC,worst symmetry,Box,Min-max box with mean markers,12.0,0.07944170616113738,1.7460479496004175,False,,0.0,False,exceeds tolerance
WDBC__28,WDBC,worst symmetry,Bubble,No configuration for this input schema,,,,False,,0.0,False,input mismatch
WDBC__28,WDBC,worst symmetry,Forest,Mean contrast with interval,3.0,0.08134402508300337,1.7878589858119618,False,,0.0,False,exceeds tolerance
WDBC__28,WDBC,worst symmetry,Interval,Means with intervals,6.0,0.08134402508300337,1.7878589858119618,False,,0.0,False,exceeds tolerance
WDBC__28,WDBC,worst symmetry,Line,No configuration for this input schema,,,,False,,0.0,False,input mismatch
WDBC__28,WDBC,worst symmetry,Pie / donut,No configuration for this input schema,,,,False,,0.0,False,input mismatch
WDBC__28,WDBC,worst symmetry,Scatter,No configuration for this input schema,,,,False,,0.0,False,input mismatch
WDBC__28,WDBC,worst symmetry,Stacked bar,No configuration for this input schema,,,,False,,0.0,False,input mismatch
WDBC__29,WDBC,worst fractal dimension,Bar,Mean bars,2.0,0.012271895279841863,0.809120055992017,True,2.4045600279960087,0.41587649647216873,True,qualified
WDBC__29,WDBC,worst fractal dimension,Dot,Mean dots,2.0,0.012271895279841863,0.809120055992017,True,2.4045600279960087,0.41587649647216873,True,qualified
WDBC__29,WDBC,worst fractal dimension,Forest,Mean contrast with interval,3.0,0.012271895279841863,0.809120055992017,True,3.4045600279960087,0.2937237093124834,False,qualified
WDBC__29,WDBC,worst fractal dimension,Interval,Means with intervals,6.0,0.012271895279841863,0.809120055992017,True,6.404560027996008,0.15613875045728953,False,qualified
WDBC__29,WDBC,worst fractal dimension,Heatmap,10 common bins,22.0,0.004354665639810448,0.28711517055541125,True,22.143557585277705,0.045159861785933474,False,qualified
WDBC__29,WDBC,worst fractal dimension,Histogram,10 common bins,22.0,0.004354665639810448,0.28711517055541125,True,22.143557585277705,0.045159861785933474,False,qualified
WDBC__29,WDBC,worst fractal dimension,Violin,64-point density per group,130.0,0.003470040309955,0.22878937163824345,True,130.11439468581912,0.0076855447271199405,False,qualified
WDBC__29,WDBC,worst fractal dimension,Raincloud,Individual observations,569.0,0.0,0.0,True,569.0,0.0017574692442882249,False,qualified
WDBC__29,WDBC,worst fractal dimension,Area,No configuration for this input schema,,,,False,,0.0,False,input mismatch
WDBC__29,WDBC,worst fractal dimension,Box,Min-max box with mean markers,12.0,0.026733554502369666,1.7626173156280158,False,,0.0,False,exceeds tolerance
WDBC__29,WDBC,worst fractal dimension,Bubble,No configuration for this input schema,,,,False,,0.0,False,input mismatch
WDBC__29,WDBC,worst fractal dimension,Line,No configuration for this input schema,,,,False,,0.0,False,input mismatch
WDBC__29,WDBC,worst fractal dimension,Pie / donut,No configuration for this input schema,,,,False,,0.0,False,input mismatch
WDBC__29,WDBC,worst fractal dimension,Scatter,No configuration for this input schema,,,,False,,0.0,False,input mismatch
WDBC__29,WDBC,worst fractal dimension,Stacked bar,No configuration for this input schema,,,,False,,0.0,False,input mismatch
Cleveland__00,Cleveland,age,Bar,Mean bars,2.0,5.040533426917001,0.9808789440884411,True,2.4904394720442204,0.40153555676628144,True,qualified
Cleveland__00,Cleveland,age,Dot,Mean dots,2.0,5.040533426917001,0.9808789440884411,True,2.4904394720442204,0.40153555676628144,True,qualified
Cleveland__00,Cleveland,age,Forest,Mean contrast with interval,3.0,5.040533426917001,0.9808789440884411,True,3.4904394720442204,0.2864968746798916,False,qualified
Cleveland__00,Cleveland,age,Interval,Means with intervals,6.0,5.040533426917001,0.9808789440884411,True,6.490439472044221,0.15407277185269572,False,qualified
Cleveland__00,Cleveland,age,Box,Min-max box with mean markers,12.0,4.208588957055213,0.8189840127344453,True,12.409492006367223,0.08058347589787777,False,qualified
Cleveland__00,Cleveland,age,Heatmap,10 common bins,22.0,1.4160609265919177,0.27556296701119987,True,22.1377814835056,0.045171644717203446,False,qualified
Cleveland__00,Cleveland,age,Histogram,10 common bins,22.0,1.4160609265919177,0.27556296701119987,True,22.1377814835056,0.045171644717203446,False,qualified
Cleveland__00,Cleveland,age,Violin,64-point density per group,130.0,2.183987211705464,0.42500007215121055,True,130.2125000360756,0.00767975424573638,False,qualified
Cleveland__00,Cleveland,age,Raincloud,Individual observations,303.0,0.0,0.0,True,303.0,0.0033003300330033004,False,qualified
Cleveland__00,Cleveland,age,Area,No configuration for this input schema,,,,False,,0.0,False,input mismatch
Cleveland__00,Cleveland,age,Bubble,No configuration for this input schema,,,,False,,0.0,False,input mismatch
Cleveland__00,Cleveland,age,Line,No configuration for this input schema,,,,False,,0.0,False,input mismatch
Cleveland__00,Cleveland,age,Pie / donut,No configuration for this input schema,,,,False,,0.0,False,input mismatch
Cleveland__00,Cleveland,age,Scatter,No configuration for this input schema,,,,False,,0.0,False,input mismatch
Cleveland__00,Cleveland,age,Stacked bar,No configuration for this input schema,,,,False,,0.0,False,input mismatch
Cleveland__01,Cleveland,trestbps,Bar,Mean bars,2.0,9.130930038577844,0.5890757366898276,True,2.294537868344914,0.43581760571304745,True,qualified
Cleveland__01,Cleveland,trestbps,Dot,Mean dots,2.0,9.130930038577844,0.5890757366898276,True,2.294537868344914,0.43581760571304745,True,qualified
Cleveland__01,Cleveland,trestbps,Forest,Mean contrast with interval,3.0,9.130930038577844,0.5890757366898276,True,3.294537868344914,0.303532707761035,False,qualified
Cleveland__01,Cleveland,trestbps,Interval,Means with intervals,6.0,9.130930038577844,0.5890757366898276,True,6.294537868344914,0.15886789799597154,False,qualified
Cleveland__01,Cleveland,trestbps,Box,Min-max box with mean markers,12.0,7.65217391304347,0.4936747917309467,True,12.246837395865473,0.08165373374987403,False,qualified
Cleveland__01,Cleveland,trestbps,Heatmap,10 common bins,22.0,4.939222903885479,0.3186506038803008,True,22.15932530194015,0.045127727779349196,False,qualified
Cleveland__01,Cleveland,trestbps,Histogram,10 common bins,22.0,4.939222903885479,0.3186506038803008,True,22.15932530194015,0.045127727779349196,False,qualified
Cleveland__01,Cleveland,trestbps,Violin,64-point density per group,130.0,4.849374470277169,0.31285409333924685,True,130.15642704666962,0.0076830627783093216,False,qualified
Cleveland__01,Cleveland,trestbps,Raincloud,Individual observations,303.0,0.0,0.0,True,303.0,0.0033003300330033004,False,qualified
Cleveland__01,Cleveland,trestbps,Area,No configuration for this input schema,,,,False,,0.0,False,input mismatch
Cleveland__01,Cleveland,trestbps,Bubble,No configuration for this input schema,,,,False,,0.0,False,input mismatch
Cleveland__01,Cleveland,trestbps,Line,No configuration for this input schema,,,,False,,0.0,False,input mismatch
Cleveland__01,Cleveland,trestbps,Pie / donut,No configuration for this input schema,,,,False,,0.0,False,input mismatch
Cleveland__01,Cleveland,trestbps,Scatter,No configuration for this input schema,,,,False,,0.0,False,input mismatch
Cleveland__01,Cleveland,trestbps,Stacked bar,No configuration for this input schema,,,,False,,0.0,False,input mismatch
Cleveland__02,Cleveland,chol,Bar,Mean bars,2.0,15.269358850141543,0.43767901603296727,True,2.2188395080164836,0.4506860439374199,True,qualified
Cleveland__02,Cleveland,chol,Dot,Mean dots,2.0,15.269358850141543,0.43767901603296727,True,2.2188395080164836,0.4506860439374199,True,qualified
Cleveland__02,Cleveland,chol,Forest,Mean contrast with interval,3.0,15.269358850141543,0.43767901603296727,True,3.2188395080164836,0.31067097241397446,False,qualified
Cleveland__02,Cleveland,chol,Interval,Means with intervals,6.0,15.269358850141543,0.43767901603296727,True,6.218839508016484,0.1608017056415326,False,qualified
Cleveland__02,Cleveland,chol,Heatmap,10 common bins,22.0,12.545047598899998,0.3595896948300742,True,22.17979484741504,0.04508607978024404,False,qualified
Cleveland__02,Cleveland,chol,Histogram,10 common bins,22.0,12.545047598899998,0.3595896948300742,True,22.17979484741504,0.04508607978024404,False,qualified
Cleveland__02,Cleveland,chol,Violin,64-point density per group,130.0,9.35282010426036,0.2680880802227058,True,130.13404404011135,0.007684384262213268,False,qualified
Cleveland__02,Cleveland,chol,Raincloud,Individual observations,303.0,0.0,0.0,True,303.0,0.0033003300330033004,False,qualified
Cleveland__02,Cleveland,chol,Area,No configuration for this input schema,,,,False,,0.0,False,input mismatch
Cleveland__02,Cleveland,chol,Box,Min-max box with mean markers,12.0,126.35000000000002,3.621680793444238,False,,0.0,False,exceeds tolerance
Cleveland__02,Cleveland,chol,Bubble,No configuration for this input schema,,,,False,,0.0,False,input mismatch
Cleveland__02,Cleveland,chol,Line,No configuration for this input schema,,,,False,,0.0,False,input mismatch
Cleveland__02,Cleveland,chol,Pie / donut,No configuration for this input schema,,,,False,,0.0,False,input mismatch
Cleveland__02,Cleveland,chol,Scatter,No configuration for this input schema,,,,False,,0.0,False,input mismatch
Cleveland__02,Cleveland,chol,Stacked bar,No configuration for this input schema,,,,False,,0.0,False,input mismatch
Cleveland__03,Cleveland,thalach,Bar,Mean bars,2.0,8.868674086617276,0.524145712878396,True,2.262072856439198,0.44207241033524103,True,qualified
Cleveland__03,Cleveland,thalach,Dot,Mean dots,2.0,8.868674086617276,0.524145712878396,True,2.262072856439198,0.44207241033524103,True,qualified
Cleveland__03,Cleveland,thalach,Forest,Mean contrast with interval,3.0,8.868674086617276,0.524145712878396,True,3.262072856439198,0.3065535455549501,False,qualified
Cleveland__03,Cleveland,thalach,Interval,Means with intervals,6.0,8.868674086617276,0.524145712878396,True,6.262072856439198,0.15969153073198672,False,qualified
Cleveland__03,Cleveland,thalach,Box,Min-max box with mean markers,12.0,7.043478260869577,0.41627518365545363,True,12.208137591827727,0.08191257613851043,False,qualified
Cleveland__03,Cleveland,thalach,Heatmap,10 common bins,22.0,3.5415337423312963,0.2093074691805661,True,22.104653734590283,0.0452393424482899,False,qualified
Cleveland__03,Cleveland,thalach,Histogram,10 common bins,22.0,3.5415337423312963,0.2093074691805661,True,22.104653734590283,0.0452393424482899,False,qualified
Cleveland__03,Cleveland,thalach,Violin,64-point density per group,130.0,3.9906479451842074,0.235850476818356,True,130.11792523840919,0.007685336191518157,False,qualified
Cleveland__03,Cleveland,thalach,Raincloud,Individual observations,303.0,0.0,0.0,True,303.0,0.0033003300330033004,False,qualified
Cleveland__03,Cleveland,thalach,Area,No configuration for this input schema,,,,False,,0.0,False,input mismatch
Cleveland__03,Cleveland,thalach,Bubble,No configuration for this input schema,,,,False,,0.0,False,input mismatch
Cleveland__03,Cleveland,thalach,Line,No configuration for this input schema,,,,False,,0.0,False,input mismatch
Cleveland__03,Cleveland,thalach,Pie / donut,No configuration for this input schema,,,,False,,0.0,False,input mismatch
Cleveland__03,Cleveland,thalach,Scatter,No configuration for this input schema,,,,False,,0.0,False,input mismatch
Cleveland__03,Cleveland,thalach,Stacked bar,No configuration for this input schema,,,,False,,0.0,False,input mismatch
Cleveland__04,Cleveland,oldpeak,Box,Min-max box with mean markers,12.0,0.3985507246376812,0.5693581780538303,True,12.284679089026914,0.0814022078031516,True,qualified
Cleveland__04,Cleveland,oldpeak,Heatmap,10 common bins,22.0,0.5540849802371541,0.791549971767363,True,22.39577498588368,0.044651279119847904,False,qualified
Cleveland__04,Cleveland,oldpeak,Histogram,10 common bins,22.0,0.5540849802371541,0.791549971767363,True,22.39577498588368,0.044651279119847904,False,qualified
Cleveland__04,Cleveland,oldpeak,Violin,64-point density per group,130.0,0.3421785556560415,0.48882650808005923,True,130.24441325404004,0.0076778725091994,False,qualified
Cleveland__04,Cleveland,oldpeak,Dot,Individual observations,303.0,0.0,0.0,True,303.0,0.0033003300330033004,False,qualified
Cleveland__04,Cleveland,oldpeak,Raincloud,Individual observations,303.0,0.0,0.0,True,303.0,0.0033003300330033004,False,qualified
Cleveland__04,Cleveland,oldpeak,Area,No configuration for this input schema,,,,False,,0.0,False,input mismatch
Cleveland__04,Cleveland,oldpeak,Bar,Mean bars,2.0,0.987515353570802,1.4107362193868598,False,,0.0,False,exceeds tolerance
Cleveland__04,Cleveland,oldpeak,Bubble,No configuration for this input schema,,,,False,,0.0,False,input mismatch
Cleveland__04,Cleveland,oldpeak,Forest,Mean contrast with interval,3.0,0.987515353570802,1.4107362193868598,False,,0.0,False,exceeds tolerance
Cleveland__04,Cleveland,oldpeak,Interval,Means with intervals,6.0,0.987515353570802,1.4107362193868598,False,,0.0,False,exceeds tolerance
Cleveland__04,Cleveland,oldpeak,Line,No configuration for this input schema,,,,False,,0.0,False,input mismatch
Cleveland__04,Cleveland,oldpeak,Pie / donut,No configuration for this input schema,,,,False,,0.0,False,input mismatch
Cleveland__04,Cleveland,oldpeak,Scatter,No configuration for this input schema,,,,False,,0.0,False,input mismatch
Cleveland__04,Cleveland,oldpeak,Stacked bar,No configuration for this input schema,,,,False,,0.0,False,input mismatch
HeartFailure__00,HeartFailure,age,Bar,Mean bars,2.0,6.546625153940894,0.64818070831098,True,2.32409035415549,0.43027587039031984,True,qualified
HeartFailure__00,HeartFailure,age,Dot,Mean dots,2.0,6.546625153940894,0.64818070831098,True,2.32409035415549,0.43027587039031984,True,qualified
HeartFailure__00,HeartFailure,age,Forest,Mean contrast with interval,3.0,6.546625153940894,0.64818070831098,True,3.32409035415549,0.3008341812219053,False,qualified
HeartFailure__00,HeartFailure,age,Interval,Means with intervals,6.0,6.546625153940894,0.64818070831098,True,6.32409035415549,0.15812550801759356,False,qualified
HeartFailure__00,HeartFailure,age,Box,Min-max box with mean markers,12.0,6.1188118811881225,0.6058229585334778,True,12.302911479266738,0.08128157320202069,False,qualified
HeartFailure__00,HeartFailure,age,Heatmap,10 common bins,22.0,3.2740429042904324,0.3241626637911321,True,22.162081331895568,0.045122115789765854,False,qualified
HeartFailure__00,HeartFailure,age,Histogram,10 common bins,22.0,3.2740429042904324,0.3241626637911321,True,22.162081331895568,0.045122115789765854,False,qualified
HeartFailure__00,HeartFailure,age,Violin,64-point density per group,130.0,3.657035244642138,0.3620826974893208,True,130.18104134874466,0.007681610084229389,False,qualified
HeartFailure__00,HeartFailure,age,Raincloud,Individual observations,299.0,0.0,0.0,True,299.0,0.0033444816053511705,False,qualified
HeartFailure__00,HeartFailure,age,Area,No configuration for this input schema,,,,False,,0.0,False,input mismatch
HeartFailure__00,HeartFailure,age,Bubble,No configuration for this input schema,,,,False,,0.0,False,input mismatch
HeartFailure__00,HeartFailure,age,Line,No configuration for this input schema,,,,False,,0.0,False,input mismatch
HeartFailure__00,HeartFailure,age,Pie / donut,No configuration for this input schema,,,,False,,0.0,False,input mismatch
HeartFailure__00,HeartFailure,age,Scatter,No configuration for this input schema,,,,False,,0.0,False,input mismatch
HeartFailure__00,HeartFailure,age,Stacked bar,No configuration for this input schema,,,,False,,0.0,False,input mismatch
HeartFailure__01,HeartFailure,creatinine_phosphokinase,Bar,Mean bars,2.0,382.37145224682524,0.1025111518647242,True,2.051255575932362,0.4875062921135352,True,qualified
HeartFailure__01,HeartFailure,creatinine_phosphokinase,Dot,Mean dots,2.0,382.37145224682524,0.1025111518647242,True,2.051255575932362,0.4875062921135352,True,qualified
HeartFailure__01,HeartFailure,creatinine_phosphokinase,Forest,Mean contrast with interval,3.0,382.37145224682524,0.1025111518647242,True,3.051255575932362,0.32773393611724355,False,qualified
HeartFailure__01,HeartFailure,creatinine_phosphokinase,Interval,Means with intervals,6.0,382.37145224682524,0.1025111518647242,True,6.0512555759323625,0.16525496030564243,False,qualified
HeartFailure__01,HeartFailure,creatinine_phosphokinase,Box,Min-max box with mean markers,12.0,1988.0421052631589,0.5329803911055178,True,12.266490195552759,0.08152291193796837,False,qualified
HeartFailure__01,HeartFailure,creatinine_phosphokinase,Heatmap,10 common bins,22.0,223.16240924092335,0.05982830436155807,True,22.02991415218078,0.04539282328074838,False,qualified
HeartFailure__01,HeartFailure,creatinine_phosphokinase,Histogram,10 common bins,22.0,223.16240924092335,0.05982830436155807,True,22.02991415218078,0.04539282328074838,False,qualified
HeartFailure__01,HeartFailure,creatinine_phosphokinase,Violin,64-point density per group,130.0,425.36398740401023,0.11403715432816851,True,130.0570185771641,0.007688935291152245,False,qualified
HeartFailure__01,HeartFailure,creatinine_phosphokinase,Raincloud,Individual observations,299.0,0.0,0.0,True,299.0,0.0033444816053511705,False,qualified
HeartFailure__01,HeartFailure,creatinine_phosphokinase,Area,No configuration for this input schema,,,,False,,0.0,False,input mismatch
HeartFailure__01,HeartFailure,creatinine_phosphokinase,Bubble,No configuration for this input schema,,,,False,,0.0,False,input mismatch
HeartFailure__01,HeartFailure,creatinine_phosphokinase,Line,No configuration for this input schema,,,,False,,0.0,False,input mismatch
HeartFailure__01,HeartFailure,creatinine_phosphokinase,Pie / donut,No configuration for this input schema,,,,False,,0.0,False,input mismatch
HeartFailure__01,HeartFailure,creatinine_phosphokinase,Scatter,No configuration for this input schema,,,,False,,0.0,False,input mismatch
HeartFailure__01,HeartFailure,creatinine_phosphokinase,Stacked bar,No configuration for this input schema,,,,False,,0.0,False,input mismatch
HeartFailure__02,HeartFailure,ejection_fraction,Bar,Mean bars,2.0,6.797259852216747,0.45450065877119633,True,2.227250329385598,0.448984106908116,True,qualified
HeartFailure__02,HeartFailure,ejection_fraction,Dot,Mean dots,2.0,6.797259852216747,0.45450065877119633,True,2.227250329385598,0.448984106908116,True,qualified
HeartFailure__02,HeartFailure,ejection_fraction,Forest,Mean contrast with interval,3.0,6.797259852216747,0.45450065877119633,True,3.227250329385598,0.3098613054260279,False,qualified
HeartFailure__02,HeartFailure,ejection_fraction,Interval,Means with intervals,6.0,6.797259852216747,0.45450065877119633,True,6.2272503293855985,0.16058451918676334,False,qualified
HeartFailure__02,HeartFailure,ejection_fraction,Box,Min-max box with mean markers,12.0,9.400000000000006,0.62853359814631,True,12.314266799073154,0.08120662125618928,False,qualified
HeartFailure__02,HeartFailure,ejection_fraction,Heatmap,10 common bins,22.0,6.7427223230490085,0.4508539918093018,True,22.22542699590465,0.044993511269064215,False,qualified
HeartFailure__02,HeartFailure,ejection_fraction,Histogram,10 common bins,22.0,6.7427223230490085,0.4508539918093018,True,22.22542699590465,0.044993511269064215,False,qualified
HeartFailure__02,HeartFailure,ejection_fraction,Violin,64-point density per group,130.0,5.1950264078559485,0.347366876659021,True,130.1736834383295,0.0076820442779723256,False,qualified
HeartFailure__02,HeartFailure,ejection_fraction,Raincloud,Individual observations,299.0,0.0,0.0,True,299.0,0.0033444816053511705,False,qualified
HeartFailure__02,HeartFailure,ejection_fraction,Area,No configuration for this input schema,,,,False,,0.0,False,input mismatch
HeartFailure__02,HeartFailure,ejection_fraction,Bubble,No configuration for this input schema,,,,False,,0.0,False,input mismatch
HeartFailure__02,HeartFailure,ejection_fraction,Line,No configuration for this input schema,,,,False,,0.0,False,input mismatch
HeartFailure__02,HeartFailure,ejection_fraction,Pie / donut,No configuration for this input schema,,,,False,,0.0,False,input mismatch
HeartFailure__02,HeartFailure,ejection_fraction,Scatter,No configuration for this input schema,,,,False,,0.0,False,input mismatch
HeartFailure__02,HeartFailure,ejection_fraction,Stacked bar,No configuration for this input schema,,,,False,,0.0,False,input mismatch
HeartFailure__03,HeartFailure,platelets,Bar,Mean bars,2.0,30855.392478232214,0.3053525444218572,True,2.1526762722109285,0.46453803245247816,True,qualified
HeartFailure__03,HeartFailure,platelets,Dot,Mean dots,2.0,30855.392478232214,0.3053525444218572,True,2.1526762722109285,0.46453803245247816,True,qualified
HeartFailure__03,HeartFailure,platelets,Forest,Mean contrast with interval,3.0,30855.392478232214,0.3053525444218572,True,3.1526762722109285,0.3171908288885981,False,qualified
HeartFailure__03,HeartFailure,platelets,Interval,Means with intervals,6.0,30855.392478232214,0.3053525444218572,True,6.152676272210929,0.16253089806082968,False,qualified
HeartFailure__03,HeartFailure,platelets,Heatmap,10 common bins,22.0,18815.335958944925,0.18620118714319012,True,22.093100593571595,0.04526299944929273,False,qualified
HeartFailure__03,HeartFailure,platelets,Histogram,10 common bins,22.0,18815.335958944925,0.18620118714319012,True,22.093100593571595,0.04526299944929273,False,qualified
HeartFailure__03,HeartFailure,platelets,Violin,64-point density per group,130.0,18874.782649052446,0.1867894861931729,True,130.09339474309658,0.007686785343520026,False,qualified
HeartFailure__03,HeartFailure,platelets,Raincloud,Individual observations,299.0,0.0,0.0,True,299.0,0.0033444816053511705,False,qualified
HeartFailure__03,HeartFailure,platelets,Area,No configuration for this input schema,,,,False,,0.0,False,input mismatch
HeartFailure__03,HeartFailure,platelets,Box,Min-max box with mean markers,12.0,187250.00000000023,1.8530720030001275,False,,0.0,False,exceeds tolerance
HeartFailure__03,HeartFailure,platelets,Bubble,No configuration for this input schema,,,,False,,0.0,False,input mismatch
HeartFailure__03,HeartFailure,platelets,Line,No configuration for this input schema,,,,False,,0.0,False,input mismatch
HeartFailure__03,HeartFailure,platelets,Pie / donut,No configuration for this input schema,,,,False,,0.0,False,input mismatch
HeartFailure__03,HeartFailure,platelets,Scatter,No configuration for this input schema,,,,False,,0.0,False,input mismatch
HeartFailure__03,HeartFailure,platelets,Stacked bar,No configuration for this input schema,,,,False,,0.0,False,input mismatch
HeartFailure__04,HeartFailure,serum_creatinine,Bar,Mean bars,2.0,1.2262712367295852,0.5047258242247332,True,2.2523629121123667,0.4439781860296018,True,qualified
HeartFailure__04,HeartFailure,serum_creatinine,Dot,Mean dots,2.0,1.2262712367295852,0.5047258242247332,True,2.2523629121123667,0.4439781860296018,True,qualified
HeartFailure__04,HeartFailure,serum_creatinine,Forest,Mean contrast with interval,3.0,1.2262712367295852,0.5047258242247332,True,3.2523629121123667,0.30746876256515704,False,qualified
HeartFailure__04,HeartFailure,serum_creatinine,Interval,Means with intervals,6.0,1.2262712367295852,0.5047258242247332,True,6.252362912112367,0.15993953231069707,False,qualified
HeartFailure__04,HeartFailure,serum_creatinine,Box,Min-max box with mean markers,12.0,1.1242105263157904,0.46271825310861825,True,12.23135912655431,0.08175706310748392,False,qualified
HeartFailure__04,HeartFailure,serum_creatinine,Heatmap,10 common bins,22.0,0.38203966437833725,0.157245215181067,True,22.078622607590532,0.04529268051604834,False,qualified
HeartFailure__04,HeartFailure,serum_creatinine,Histogram,10 common bins,22.0,0.38203966437833725,0.157245215181067,True,22.078622607590532,0.04529268051604834,False,qualified
HeartFailure__04,HeartFailure,serum_creatinine,Violin,64-point density per group,130.0,0.4634520289909003,0.19075405205205825,True,130.09537702602603,0.0076866682188095475,False,qualified
HeartFailure__04,HeartFailure,serum_creatinine,Raincloud,Individual observations,299.0,0.0,0.0,True,299.0,0.0033444816053511705,False,qualified
HeartFailure__04,HeartFailure,serum_creatinine,Area,No configuration for this input schema,,,,False,,0.0,False,input mismatch
HeartFailure__04,HeartFailure,serum_creatinine,Bubble,No configuration for this input schema,,,,False,,0.0,False,input mismatch
HeartFailure__04,HeartFailure,serum_creatinine,Line,No configuration for this input schema,,,,False,,0.0,False,input mismatch
HeartFailure__04,HeartFailure,serum_creatinine,Pie / donut,No configuration for this input schema,,,,False,,0.0,False,input mismatch
HeartFailure__04,HeartFailure,serum_creatinine,Scatter,No configuration for this input schema,,,,False,,0.0,False,input mismatch
HeartFailure__04,HeartFailure,serum_creatinine,Stacked bar,No configuration for this input schema,,,,False,,0.0,False,input mismatch
HeartFailure__05,HeartFailure,serum_sodium,Bar,Mean bars,2.0,2.841748768472911,0.5963795946427939,True,2.298189797321397,0.4351250715521961,True,qualified
HeartFailure__05,HeartFailure,serum_sodium,Dot,Mean dots,2.0,2.841748768472911,0.5963795946427939,True,2.298189797321397,0.4351250715521961,True,qualified
HeartFailure__05,HeartFailure,serum_sodium,Forest,Mean contrast with interval,3.0,2.841748768472911,0.5963795946427939,True,3.298189797321397,0.3031966204043634,False,qualified
HeartFailure__05,HeartFailure,serum_sodium,Interval,Means with intervals,6.0,2.841748768472911,0.5963795946427939,True,6.298189797321397,0.15877578037189308,False,qualified
HeartFailure__05,HeartFailure,serum_sodium,Heatmap,10 common bins,22.0,1.8716095856357526,0.39278270422576156,True,22.19639135211288,0.045052368384413524,False,qualified
HeartFailure__05,HeartFailure,serum_sodium,Histogram,10 common bins,22.0,1.8716095856357526,0.39278270422576156,True,22.19639135211288,0.045052368384413524,False,qualified
HeartFailure__05,HeartFailure,serum_sodium,Violin,64-point density per group,130.0,0.9525759704510222,0.19991101163715064,True,130.09995550581857,0.007686397709454068,False,qualified
HeartFailure__05,HeartFailure,serum_sodium,Raincloud,Individual observations,299.0,0.0,0.0,True,299.0,0.0033444816053511705,False,qualified
HeartFailure__05,HeartFailure,serum_sodium,Area,No configuration for this input schema,,,,False,,0.0,False,input mismatch
HeartFailure__05,HeartFailure,serum_sodium,Box,Min-max box with mean markers,12.0,6.049504950495049,1.2695708185718892,False,,0.0,False,exceeds tolerance
HeartFailure__05,HeartFailure,serum_sodium,Bubble,No configuration for this input schema,,,,False,,0.0,False,input mismatch
HeartFailure__05,HeartFailure,serum_sodium,Line,No configuration for this input schema,,,,False,,0.0,False,input mismatch
HeartFailure__05,HeartFailure,serum_sodium,Pie / donut,No configuration for this input schema,,,,False,,0.0,False,input mismatch
HeartFailure__05,HeartFailure,serum_sodium,Scatter,No configuration for this input schema,,,,False,,0.0,False,input mismatch
HeartFailure__05,HeartFailure,serum_sodium,Stacked bar,No configuration for this input schema,,,,False,,0.0,False,input mismatch
CKD__00,CKD,age,Box,Min-max box with mean markers,12.0,9.456431535269711,0.6216415264177195,True,12.31082076320886,0.08122935255369167,True,qualified
CKD__00,CKD,age,Heatmap,10 common bins,22.0,4.6450345781466105,0.305352645408836,True,22.15267632270442,0.04514127256827626,False,qualified
CKD__00,CKD,age,Histogram,10 common bins,22.0,4.6450345781466105,0.305352645408836,True,22.15267632270442,0.04514127256827626,False,qualified
CKD__00,CKD,age,Violin,64-point density per group,130.0,4.011943173158588,0.263734842129571,True,130.13186742106478,0.0076845127931986276,False,qualified
CKD__00,CKD,age,Dot,Individual observations,391.0,0.0,0.0,True,391.0,0.0025575447570332483,False,qualified
CKD__00,CKD,age,Raincloud,Individual observations,391.0,0.0,0.0,True,391.0,0.0025575447570332483,False,qualified
CKD__00,CKD,age,Area,No configuration for this input schema,,,,False,,0.0,False,input mismatch
CKD__00,CKD,age,Bar,Mean bars,2.0,16.974543790559654,1.1158629206854365,False,,0.0,False,exceeds tolerance
CKD__00,CKD,age,Bubble,No configuration for this input schema,,,,False,,0.0,False,input mismatch
CKD__00,CKD,age,Forest,Mean contrast with interval,3.0,16.974543790559654,1.1158629206854365,False,,0.0,False,exceeds tolerance
CKD__00,CKD,age,Interval,Means with intervals,6.0,16.974543790559654,1.1158629206854365,False,,0.0,False,exceeds tolerance
CKD__00,CKD,age,Line,No configuration for this input schema,,,,False,,0.0,False,input mismatch
CKD__00,CKD,age,Pie / donut,No configuration for this input schema,,,,False,,0.0,False,input mismatch
CKD__00,CKD,age,Scatter,No configuration for this input schema,,,,False,,0.0,False,input mismatch
CKD__00,CKD,age,Stacked bar,No configuration for this input schema,,,,False,,0.0,False,input mismatch
CKD__01,CKD,bp,Bar,Mean bars,2.0,11.726351351351354,0.5863175675675677,True,2.2931587837837837,0.436079702405068,True,qualified
CKD__01,CKD,bp,Dot,Mean dots,2.0,11.726351351351354,0.5863175675675677,True,2.2931587837837837,0.436079702405068,True,qualified
CKD__01,CKD,bp,Forest,Mean contrast with interval,3.0,11.726351351351354,0.5863175675675677,True,3.2931587837837837,0.3036598189325742,False,qualified
CKD__01,CKD,bp,Interval,Means with intervals,6.0,11.726351351351354,0.5863175675675677,True,6.293158783783784,0.15890271235119646,False,qualified
CKD__01,CKD,bp,Heatmap,10 common bins,22.0,10.313758306669953,0.5156879153334977,True,22.25784395766675,0.04492798142991511,False,qualified
CKD__01,CKD,bp,Histogram,10 common bins,22.0,10.313758306669953,0.5156879153334977,True,22.25784395766675,0.04492798142991511,False,qualified
CKD__01,CKD,bp,Violin,64-point density per group,130.0,7.770498420963065,0.3885249210481533,True,130.19426246052407,0.007680830023544301,False,qualified
CKD__01,CKD,bp,Raincloud,Individual observations,388.0,0.0,0.0,True,388.0,0.002577319587628866,False,qualified
CKD__01,CKD,bp,Area,No configuration for this input schema,,,,False,,0.0,False,input mismatch
CKD__01,CKD,bp,Box,Min-max box with mean markers,12.0,62.0,3.1,False,,0.0,False,exceeds tolerance
CKD__01,CKD,bp,Bubble,No configuration for this input schema,,,,False,,0.0,False,input mismatch
CKD__01,CKD,bp,Line,No configuration for this input schema,,,,False,,0.0,False,input mismatch
CKD__01,CKD,bp,Pie / donut,No configuration for this input schema,,,,False,,0.0,False,input mismatch
CKD__01,CKD,bp,Scatter,No configuration for this input schema,,,,False,,0.0,False,input mismatch
CKD__01,CKD,bp,Stacked bar,No configuration for this input schema,,,,False,,0.0,False,input mismatch
CKD__02,CKD,bgr,Heatmap,10 common bins,22.0,19.32051455653354,0.24994197356447015,True,22.124970986782234,0.045197799382309424,True,qualified
CKD__02,CKD,bgr,Histogram,10 common bins,22.0,19.32051455653354,0.24994197356447015,True,22.124970986782234,0.045197799382309424,True,qualified
CKD__02,CKD,bgr,Violin,64-point density per group,130.0,19.285495708166536,0.24948894835920493,True,130.1247444741796,0.007684933438608427,False,qualified
CKD__02,CKD,bgr,Dot,Individual observations,356.0,0.0,0.0,True,356.0,0.0028089887640449437,False,qualified
CKD__02,CKD,bgr,Raincloud,Individual observations,356.0,0.0,0.0,True,356.0,0.0028089887640449437,False,qualified
CKD__02,CKD,bgr,Area,No configuration for this input schema,,,,False,,0.0,False,input mismatch
CKD__02,CKD,bgr,Bar,Mean bars,2.0,167.4524109014673,2.166266635206563,False,,0.0,False,exceeds tolerance
CKD__02,CKD,bgr,Box,Min-max box with mean markers,12.0,96.1137440758294,1.2433860811879616,False,,0.0,False,exceeds tolerance
CKD__02,CKD,bgr,Bubble,No configuration for this input schema,,,,False,,0.0,False,input mismatch
CKD__02,CKD,bgr,Forest,Mean contrast with interval,3.0,167.4524109014673,2.166266635206563,False,,0.0,False,exceeds tolerance
CKD__02,CKD,bgr,Interval,Means with intervals,6.0,167.4524109014673,2.166266635206563,False,,0.0,False,exceeds tolerance
CKD__02,CKD,bgr,Line,No configuration for this input schema,,,,False,,0.0,False,input mismatch
CKD__02,CKD,bgr,Pie / donut,No configuration for this input schema,,,,False,,0.0,False,input mismatch
CKD__02,CKD,bgr,Scatter,No configuration for this input schema,,,,False,,0.0,False,input mismatch
CKD__02,CKD,bgr,Stacked bar,No configuration for this input schema,,,,False,,0.0,False,input mismatch
CKD__03,CKD,bu,Heatmap,10 common bins,22.0,21.909848714725385,0.5803086648794307,True,22.290154332439716,0.044862856716279514,True,qualified
CKD__03,CKD,bu,Histogram,10 common bins,22.0,21.909848714725385,0.5803086648794307,True,22.290154332439716,0.044862856716279514,True,qualified
CKD__03,CKD,bu,Violin,64-point density per group,130.0,11.103370158246092,0.2940860978133259,True,130.14704304890665,0.007683616750510575,False,qualified
CKD__03,CKD,bu,Dot,Individual observations,381.0,0.0,0.0,True,381.0,0.0026246719160104987,False,qualified
CKD__03,CKD,bu,Raincloud,Individual observations,381.0,0.0,0.0,True,381.0,0.0026246719160104987,False,qualified
CKD__03,CKD,bu,Area,No configuration for this input schema,,,,False,,0.0,False,input mismatch
CKD__03,CKD,bu,Bar,Mean bars,2.0,98.40958157524608,2.606495993598204,False,,0.0,False,exceeds tolerance
CKD__03,CKD,bu,Box,Min-max box with mean markers,12.0,149.76271186440687,3.9666453430299793,False,,0.0,False,exceeds tolerance
CKD__03,CKD,bu,Bubble,No configuration for this input schema,,,,False,,0.0,False,input mismatch
CKD__03,CKD,bu,Forest,Mean contrast with interval,3.0,98.40958157524608,2.606495993598204,False,,0.0,False,exceeds tolerance
CKD__03,CKD,bu,Interval,Means with intervals,6.0,98.40958157524608,2.606495993598204,False,,0.0,False,exceeds tolerance
CKD__03,CKD,bu,Line,No configuration for this input schema,,,,False,,0.0,False,input mismatch
CKD__03,CKD,bu,Pie / donut,No configuration for this input schema,,,,False,,0.0,False,input mismatch
CKD__03,CKD,bu,Scatter,No configuration for this input schema,,,,False,,0.0,False,input mismatch
CKD__03,CKD,bu,Stacked bar,No configuration for this input schema,,,,False,,0.0,False,input mismatch
CKD__04,CKD,sc,Heatmap,20 common bins,42.0,2.898196202531649,0.7209443289879724,True,42.360472164493984,0.02360691344791448,True,qualified
CKD__04,CKD,sc,Histogram,20 common bins,42.0,2.898196202531649,0.7209443289879724,True,42.360472164493984,0.02360691344791448,True,qualified
CKD__04,CKD,sc,Violin,64-point density per group,130.0,2.194459497027874,0.5458854470218593,True,130.27294272351094,0.007676191073094763,False,qualified
CKD__04,CKD,sc,Dot,Individual observations,383.0,0.0,0.0,True,383.0,0.0026109660574412533,False,qualified
CKD__04,CKD,sc,Raincloud,Individual observations,383.0,0.0,0.0,True,383.0,0.0026109660574412533,False,qualified
CKD__04,CKD,sc,Area,No configuration for this input schema,,,,False,,0.0,False,input mismatch
CKD__04,CKD,sc,Bar,Mean bars,2.0,8.799049550854818,2.188818296232542,False,,0.0,False,exceeds tolerance
CKD__04,CKD,sc,Box,Min-max box with mean markers,12.0,48.184999999999995,11.9863184079602,False,,0.0,False,exceeds tolerance
CKD__04,CKD,sc,Bubble,No configuration for this input schema,,,,False,,0.0,False,input mismatch
CKD__04,CKD,sc,Forest,Mean contrast with interval,3.0,8.799049550854818,2.188818296232542,False,,0.0,False,exceeds tolerance
CKD__04,CKD,sc,Interval,Means with intervals,6.0,8.799049550854818,2.188818296232542,False,,0.0,False,exceeds tolerance
CKD__04,CKD,sc,Line,No configuration for this input schema,,,,False,,0.0,False,input mismatch
CKD__04,CKD,sc,Pie / donut,No configuration for this input schema,,,,False,,0.0,False,input mismatch
CKD__04,CKD,sc,Scatter,No configuration for this input schema,,,,False,,0.0,False,input mismatch
CKD__04,CKD,sc,Stacked bar,No configuration for this input schema,,,,False,,0.0,False,input mismatch
CKD__05,CKD,sod,Bar,Mean bars,2.0,7.170751231527106,0.8963439039408883,True,2.448171951970444,0.4084680404883883,True,qualified
CKD__05,CKD,sod,Dot,Mean dots,2.0,7.170751231527106,0.8963439039408883,True,2.448171951970444,0.4084680404883883,True,qualified
CKD__05,CKD,sod,Forest,Mean contrast with interval,3.0,7.170751231527106,0.8963439039408883,True,3.448171951970444,0.29000873910262914,False,qualified
CKD__05,CKD,sod,Interval,Means with intervals,6.0,7.170751231527106,0.8963439039408883,True,6.448171951970444,0.15508271296866055,False,qualified
CKD__05,CKD,sod,Heatmap,10 common bins,22.0,5.966386187020731,0.7457982733775914,True,22.372899136688794,0.0446969341742628,False,qualified
CKD__05,CKD,sod,Histogram,10 common bins,22.0,5.966386187020731,0.7457982733775914,True,22.372899136688794,0.0446969341742628,False,qualified
CKD__05,CKD,sod,Violin,64-point density per group,130.0,4.300422152022037,0.5375527690027546,True,130.26877638450136,0.0076764365779286945,False,qualified
CKD__05,CKD,sod,Raincloud,Individual observations,313.0,0.0,0.0,True,313.0,0.003194888178913738,False,qualified
CKD__05,CKD,sod,Area,No configuration for this input schema,,,,False,,0.0,False,input mismatch
CKD__05,CKD,sod,Box,Min-max box with mean markers,12.0,90.6,11.325,False,,0.0,False,exceeds tolerance
CKD__05,CKD,sod,Bubble,No configuration for this input schema,,,,False,,0.0,False,input mismatch
CKD__05,CKD,sod,Line,No configuration for this input schema,,,,False,,0.0,False,input mismatch
CKD__05,CKD,sod,Pie / donut,No configuration for this input schema,,,,False,,0.0,False,input mismatch
CKD__05,CKD,sod,Scatter,No configuration for this input schema,,,,False,,0.0,False,input mismatch
CKD__05,CKD,sod,Stacked bar,No configuration for this input schema,,,,False,,0.0,False,input mismatch
CKD__06,CKD,pot,Dot,Individual observations,312.0,0.0,0.0,True,312.0,0.003205128205128205,True,qualified
CKD__06,CKD,pot,Raincloud,Individual observations,312.0,0.0,0.0,True,312.0,0.003205128205128205,True,qualified
CKD__06,CKD,pot,Area,No configuration for this input schema,,,,False,,0.0,False,input mismatch
CKD__06,CKD,pot,Bar,Mean bars,2.0,0.9805120792896962,1.6341867988161614,False,,0.0,False,exceeds tolerance
CKD__06,CKD,pot,Box,Min-max box with mean markers,12.0,32.3,53.83333333333336,False,,0.0,False,exceeds tolerance
CKD__06,CKD,pot,Bubble,No configuration for this input schema,,,,False,,0.0,False,input mismatch
CKD__06,CKD,pot,Forest,Mean contrast with interval,3.0,0.9805120792896962,1.6341867988161614,False,,0.0,False,exceeds tolerance
CKD__06,CKD,pot,Heatmap,40 common bins,82.0,0.7768528660094924,1.294754776682488,False,,0.0,False,exceeds tolerance
CKD__06,CKD,pot,Histogram,40 common bins,82.0,0.7768528660094924,1.294754776682488,False,,0.0,False,exceeds tolerance
CKD__06,CKD,pot,Interval,Means with intervals,6.0,0.9805120792896962,1.6341867988161614,False,,0.0,False,exceeds tolerance
CKD__06,CKD,pot,Line,No configuration for this input schema,,,,False,,0.0,False,input mismatch
CKD__06,CKD,pot,Pie / donut,No configuration for this input schema,,,,False,,0.0,False,input mismatch
CKD__06,CKD,pot,Scatter,No configuration for this input schema,,,,False,,0.0,False,input mismatch
CKD__06,CKD,pot,Stacked bar,No configuration for this input schema,,,,False,,0.0,False,input mismatch
CKD__06,CKD,pot,Violin,64-point density per group,130.0,1.1384767742025428,1.8974612903375725,False,,0.0,False,exceeds tolerance
CKD__07,CKD,hemo,Heatmap,10 common bins,22.0,0.3857423371647517,0.2755302408319656,True,22.13776512041598,0.0451716781057441,True,qualified
CKD__07,CKD,hemo,Histogram,10 common bins,22.0,0.3857423371647517,0.2755302408319656,True,22.13776512041598,0.0451716781057441,True,qualified
CKD__07,CKD,hemo,Violin,64-point density per group,130.0,0.33759839112132717,0.2411417079438052,True,130.1205708539719,0.0076851799330196,False,qualified
CKD__07,CKD,hemo,Dot,Individual observations,348.0,0.0,0.0,True,348.0,0.0028735632183908046,False,qualified
CKD__07,CKD,hemo,Raincloud,Individual observations,348.0,0.0,0.0,True,348.0,0.0028735632183908046,False,qualified
CKD__07,CKD,hemo,Area,No configuration for this input schema,,,,False,,0.0,False,input mismatch
CKD__07,CKD,hemo,Bar,Mean bars,2.0,2.1443545751633986,1.531681839402428,False,,0.0,False,exceeds tolerance
CKD__07,CKD,hemo,Box,Min-max box with mean markers,12.0,2.544827586206896,1.8177339901477836,False,,0.0,False,exceeds tolerance
CKD__07,CKD,hemo,Bubble,No configuration for this input schema,,,,False,,0.0,False,input mismatch
CKD__07,CKD,hemo,Forest,Mean contrast with interval,3.0,2.1443545751633986,1.531681839402428,False,,0.0,False,exceeds tolerance
CKD__07,CKD,hemo,Interval,Means with intervals,6.0,2.1443545751633986,1.531681839402428,False,,0.0,False,exceeds tolerance
CKD__07,CKD,hemo,Line,No configuration for this input schema,,,,False,,0.0,False,input mismatch
CKD__07,CKD,hemo,Pie / donut,No configuration for this input schema,,,,False,,0.0,False,input mismatch
CKD__07,CKD,hemo,Scatter,No configuration for this input schema,,,,False,,0.0,False,input mismatch
CKD__07,CKD,hemo,Stacked bar,No configuration for this input schema,,,,False,,0.0,False,input mismatch
CKD__08,CKD,pcv,Heatmap,10 common bins,22.0,1.4335414585414625,0.35838536463536563,True,22.179192682317684,0.04508730386734265,True,qualified
CKD__08,CKD,pcv,Histogram,10 common bins,22.0,1.4335414585414625,0.35838536463536563,True,22.179192682317684,0.04508730386734265,True,qualified
CKD__08,CKD,pcv,Violin,64-point density per group,130.0,1.3521907096801407,0.33804767742003516,True,130.16902383871002,0.007682319268515689,False,qualified
CKD__08,CKD,pcv,Dot,Individual observations,329.0,0.0,0.0,True,329.0,0.00303951367781155,False,qualified
CKD__08,CKD,pcv,Raincloud,Individual observations,329.0,0.0,0.0,True,329.0,0.00303951367781155,False,qualified
CKD__08,CKD,pcv,Area,No configuration for this input schema,,,,False,,0.0,False,input mismatch
CKD__08,CKD,pcv,Bar,Mean bars,2.0,5.7542742720263504,1.4385685680065876,False,,0.0,False,exceeds tolerance
CKD__08,CKD,pcv,Box,Min-max box with mean markers,12.0,8.560439560439562,2.1401098901098905,False,,0.0,False,exceeds tolerance
CKD__08,CKD,pcv,Bubble,No configuration for this input schema,,,,False,,0.0,False,input mismatch
CKD__08,CKD,pcv,Forest,Mean contrast with interval,3.0,5.7542742720263504,1.4385685680065876,False,,0.0,False,exceeds tolerance
CKD__08,CKD,pcv,Interval,Means with intervals,6.0,5.7542742720263504,1.4385685680065876,False,,0.0,False,exceeds tolerance
CKD__08,CKD,pcv,Line,No configuration for this input schema,,,,False,,0.0,False,input mismatch
CKD__08,CKD,pcv,Pie / donut,No configuration for this input schema,,,,False,,0.0,False,input mismatch
CKD__08,CKD,pcv,Scatter,No configuration for this input schema,,,,False,,0.0,False,input mismatch
CKD__08,CKD,pcv,Stacked bar,No configuration for this input schema,,,,False,,0.0,False,input mismatch
CKD__09,CKD,wc,Heatmap,10 common bins,22.0,796.4553846153813,0.284448351648351,True,22.142224175824175,0.04516258132242391,True,qualified
CKD__09,CKD,wc,Histogram,10 common bins,22.0,796.4553846153813,0.284448351648351,True,22.142224175824175,0.04516258132242391,True,qualified
CKD__09,CKD,wc,Violin,64-point density per group,130.0,751.0495291156603,0.26823197468416493,True,130.13411598734208,0.007684380013748803,False,qualified
CKD__09,CKD,wc,Dot,Individual observations,294.0,0.0,0.0,True,294.0,0.003401360544217687,False,qualified
CKD__09,CKD,wc,Raincloud,Individual observations,294.0,0.0,0.0,True,294.0,0.003401360544217687,False,qualified
CKD__09,CKD,wc,Area,No configuration for this input schema,,,,False,,0.0,False,input mismatch
CKD__09,CKD,wc,Bar,Mean bars,2.0,3136.0579817533453,1.120020707769054,False,,0.0,False,exceeds tolerance
CKD__09,CKD,wc,Box,Min-max box with mean markers,12.0,8089.999999999996,2.8892857142857187,False,,0.0,False,exceeds tolerance
CKD__09,CKD,wc,Bubble,No configuration for this input schema,,,,False,,0.0,False,input mismatch
CKD__09,CKD,wc,Forest,Mean contrast with interval,3.0,3136.0579817533453,1.120020707769054,False,,0.0,False,exceeds tolerance
CKD__09,CKD,wc,Interval,Means with intervals,6.0,3136.0579817533453,1.120020707769054,False,,0.0,False,exceeds tolerance
CKD__09,CKD,wc,Line,No configuration for this input schema,,,,False,,0.0,False,input mismatch
CKD__09,CKD,wc,Pie / donut,No configuration for this input schema,,,,False,,0.0,False,input mismatch
CKD__09,CKD,wc,Scatter,No configuration for this input schema,,,,False,,0.0,False,input mismatch
CKD__09,CKD,wc,Stacked bar,No configuration for this input schema,,,,False,,0.0,False,input mismatch
CKD__10,CKD,rc,Bar,Mean bars,2.0,0.4662171162171158,0.9324342324342316,True,2.466217116217116,0.4054793040824732,True,qualified
CKD__10,CKD,rc,Dot,Mean dots,2.0,0.4662171162171158,0.9324342324342316,True,2.466217116217116,0.4054793040824732,True,qualified
CKD__10,CKD,rc,Forest,Mean contrast with interval,3.0,0.4662171162171158,0.9324342324342316,True,3.466217116217116,0.2884989504325563,False,qualified
CKD__10,CKD,rc,Interval,Means with intervals,6.0,0.4662171162171158,0.9324342324342316,True,6.466217116217116,0.1546499262284318,False,qualified
CKD__10,CKD,rc,Heatmap,10 common bins,22.0,0.1661729523809532,0.3323459047619064,True,22.166172952380954,0.04511378676636132,False,qualified
CKD__10,CKD,rc,Histogram,10 common bins,22.0,0.1661729523809532,0.3323459047619064,True,22.166172952380954,0.04511378676636132,False,qualified
CKD__10,CKD,rc,Violin,64-point density per group,130.0,0.16137599881075904,0.32275199762151807,True,130.16137599881077,0.007682770655475681,False,qualified
CKD__10,CKD,rc,Raincloud,Individual observations,269.0,0.0,0.0,True,269.0,0.0037174721189591076,False,qualified
CKD__10,CKD,rc,Area,No configuration for this input schema,,,,False,,0.0,False,input mismatch
CKD__10,CKD,rc,Box,Min-max box with mean markers,12.0,2.0999999999999996,4.199999999999999,False,,0.0,False,exceeds tolerance
CKD__10,CKD,rc,Bubble,No configuration for this input schema,,,,False,,0.0,False,input mismatch
CKD__10,CKD,rc,Line,No configuration for this input schema,,,,False,,0.0,False,input mismatch
CKD__10,CKD,rc,Pie / donut,No configuration for this input schema,,,,False,,0.0,False,input mismatch
CKD__10,CKD,rc,Scatter,No configuration for this input schema,,,,False,,0.0,False,input mismatch
CKD__10,CKD,rc,Stacked bar,No configuration for this input schema,,,,False,,0.0,False,input mismatch
ILPD__00,ILPD,age,Bar,Mean bars,2.0,4.9143251957623235,0.5460361328624804,True,2.27301806643124,0.43994370954123274,True,qualified
ILPD__00,ILPD,age,Dot,Mean dots,2.0,4.9143251957623235,0.5460361328624804,True,2.27301806643124,0.43994370954123274,True,qualified
ILPD__00,ILPD,age,Forest,Mean contrast with interval,3.0,4.9143251957623235,0.5460361328624804,True,3.27301806643124,0.3055284082468746,False,qualified
ILPD__00,ILPD,age,Interval,Means with intervals,6.0,4.9143251957623235,0.5460361328624804,True,6.2730180664312405,0.15941289972545963,False,qualified
ILPD__00,ILPD,age,Box,Min-max box with mean markers,12.0,3.612048192771084,0.401338688085676,True,12.200669344042838,0.08196271629050132,False,qualified
ILPD__00,ILPD,age,Heatmap,10 common bins,22.0,4.144000286861711,0.4604444763179679,True,22.230222238158984,0.044983805797652515,False,qualified
ILPD__00,ILPD,age,Histogram,10 common bins,22.0,4.144000286861711,0.4604444763179679,True,22.230222238158984,0.044983805797652515,False,qualified
ILPD__00,ILPD,age,Violin,64-point density per group,130.0,4.7051531956948764,0.522794799521653,True,130.26139739976082,0.007676871429001238,False,qualified
ILPD__00,ILPD,age,Raincloud,Individual observations,583.0,0.0,0.0,True,583.0,0.0017152658662092624,False,qualified
ILPD__00,ILPD,age,Area,No configuration for this input schema,,,,False,,0.0,False,input mismatch
ILPD__00,ILPD,age,Bubble,No configuration for this input schema,,,,False,,0.0,False,input mismatch
ILPD__00,ILPD,age,Line,No configuration for this input schema,,,,False,,0.0,False,input mismatch
ILPD__00,ILPD,age,Pie / donut,No configuration for this input schema,,,,False,,0.0,False,input mismatch
ILPD__00,ILPD,age,Scatter,No configuration for this input schema,,,,False,,0.0,False,input mismatch
ILPD__00,ILPD,age,Stacked bar,No configuration for this input schema,,,,False,,0.0,False,input mismatch
ILPD__01,ILPD,total_bilirubin,Heatmap,10 common bins,22.0,5.517803521779425,0.9849702823597687,True,22.492485141179884,0.04445929356952965,True,qualified
ILPD__01,ILPD,total_bilirubin,Histogram,10 common bins,22.0,5.517803521779425,0.9849702823597687,True,22.492485141179884,0.04445929356952965,True,qualified
ILPD__01,ILPD,total_bilirubin,Violin,64-point density per group,130.0,1.5410655136191482,0.2750920231380129,True,130.13754601156901,0.007684177477198638,False,qualified
ILPD__01,ILPD,total_bilirubin,Dot,Individual observations,583.0,0.0,0.0,True,583.0,0.0017152658662092624,False,qualified
ILPD__01,ILPD,total_bilirubin,Raincloud,Individual observations,583.0,0.0,0.0,True,583.0,0.0017152658662092624,False,qualified
ILPD__01,ILPD,total_bilirubin,Area,No configuration for this input schema,,,,False,,0.0,False,input mismatch
ILPD__01,ILPD,total_bilirubin,Bar,Mean bars,2.0,13.1530918931368,2.347927863823063,False,,0.0,False,exceeds tolerance
ILPD__01,ILPD,total_bilirubin,Box,Min-max box with mean markers,12.0,38.607951807228915,6.891815745667425,False,,0.0,False,exceeds tolerance
ILPD__01,ILPD,total_bilirubin,Bubble,No configuration for this input schema,,,,False,,0.0,False,input mismatch
ILPD__01,ILPD,total_bilirubin,Forest,Mean contrast with interval,3.0,13.1530918931368,2.347927863823063,False,,0.0,False,exceeds tolerance
ILPD__01,ILPD,total_bilirubin,Interval,Means with intervals,6.0,13.1530918931368,2.347927863823063,False,,0.0,False,exceeds tolerance
ILPD__01,ILPD,total_bilirubin,Line,No configuration for this input schema,,,,False,,0.0,False,input mismatch
ILPD__01,ILPD,total_bilirubin,Pie / donut,No configuration for this input schema,,,,False,,0.0,False,input mismatch
ILPD__01,ILPD,total_bilirubin,Scatter,No configuration for this input schema,,,,False,,0.0,False,input mismatch
ILPD__01,ILPD,total_bilirubin,Stacked bar,No configuration for this input schema,,,,False,,0.0,False,input mismatch
ILPD__02,ILPD,direct_bilirubin,Heatmap,10 common bins,22.0,1.355224264059605,0.4715463688446784,True,22.23577318442234,0.044972576024501255,True,qualified
ILPD__02,ILPD,direct_bilirubin,Histogram,10 common bins,22.0,1.355224264059605,0.4715463688446784,True,22.23577318442234,0.044972576024501255,True,qualified
ILPD__02,ILPD,direct_bilirubin,Violin,64-point density per group,130.0,0.8649733154656368,0.30096496710704146,True,130.15048248355353,0.007683413698649676,False,qualified
ILPD__02,ILPD,direct_bilirubin,Dot,Individual observations,583.0,0.0,0.0,True,583.0,0.0017152658662092624,False,qualified
ILPD__02,ILPD,direct_bilirubin,Raincloud,Individual observations,583.0,0.0,0.0,True,583.0,0.0017152658662092624,False,qualified
ILPD__02,ILPD,direct_bilirubin,Area,No configuration for this input schema,,,,False,,0.0,False,input mismatch
ILPD__02,ILPD,direct_bilirubin,Bar,Mean bars,2.0,6.81284949332105,2.370511305957221,False,,0.0,False,exceeds tolerance
ILPD__02,ILPD,direct_bilirubin,Box,Min-max box with mean markers,12.0,5.204578313253013,1.8109179934770407,False,,0.0,False,exceeds tolerance
ILPD__02,ILPD,direct_bilirubin,Bubble,No configuration for this input schema,,,,False,,0.0,False,input mismatch
ILPD__02,ILPD,direct_bilirubin,Forest,Mean contrast with interval,3.0,6.81284949332105,2.370511305957221,False,,0.0,False,exceeds tolerance
ILPD__02,ILPD,direct_bilirubin,Interval,Means with intervals,6.0,6.81284949332105,2.370511305957221,False,,0.0,False,exceeds tolerance
ILPD__02,ILPD,direct_bilirubin,Line,No configuration for this input schema,,,,False,,0.0,False,input mismatch
ILPD__02,ILPD,direct_bilirubin,Pie / donut,No configuration for this input schema,,,,False,,0.0,False,input mismatch
ILPD__02,ILPD,direct_bilirubin,Scatter,No configuration for this input schema,,,,False,,0.0,False,input mismatch
ILPD__02,ILPD,direct_bilirubin,Stacked bar,No configuration for this input schema,,,,False,,0.0,False,input mismatch
ILPD__03,ILPD,alkaline_phosphatase,Box,Min-max box with mean markers,12.0,113.6204819277109,0.5520246905269559,True,12.276012345263478,0.08145967695982609,True,qualified
ILPD__03,ILPD,alkaline_phosphatase,Heatmap,10 common bins,22.0,55.69853479853515,0.27061112497769974,True,22.13530556248885,0.045176697343389284,False,qualified
ILPD__03,ILPD,alkaline_phosphatase,Histogram,10 common bins,22.0,55.69853479853515,0.27061112497769974,True,22.13530556248885,0.045176697343389284,False,qualified
ILPD__03,ILPD,alkaline_phosphatase,Violin,64-point density per group,130.0,28.748199260841716,0.13967301960812178,True,130.06983650980405,0.007688177573165664,False,qualified
ILPD__03,ILPD,alkaline_phosphatase,Dot,Individual observations,583.0,0.0,0.0,True,583.0,0.0017152658662092624,False,qualified
ILPD__03,ILPD,alkaline_phosphatase,Raincloud,Individual observations,583.0,0.0,0.0,True,583.0,0.0017152658662092624,False,qualified
ILPD__03,ILPD,alkaline_phosphatase,Area,No configuration for this input schema,,,,False,,0.0,False,input mismatch
ILPD__03,ILPD,alkaline_phosphatase,Bar,Mean bars,2.0,301.39727947950263,1.464337565793767,False,,0.0,False,exceeds tolerance
ILPD__03,ILPD,alkaline_phosphatase,Bubble,No configuration for this input schema,,,,False,,0.0,False,input mismatch
ILPD__03,ILPD,alkaline_phosphatase,Forest,Mean contrast with interval,3.0,301.39727947950263,1.464337565793767,False,,0.0,False,exceeds tolerance
ILPD__03,ILPD,alkaline_phosphatase,Interval,Means with intervals,6.0,301.39727947950263,1.464337565793767,False,,0.0,False,exceeds tolerance
ILPD__03,ILPD,alkaline_phosphatase,Line,No configuration for this input schema,,,,False,,0.0,False,input mismatch
ILPD__03,ILPD,alkaline_phosphatase,Pie / donut,No configuration for this input schema,,,,False,,0.0,False,input mismatch
ILPD__03,ILPD,alkaline_phosphatase,Scatter,No configuration for this input schema,,,,False,,0.0,False,input mismatch
ILPD__03,ILPD,alkaline_phosphatase,Stacked bar,No configuration for this input schema,,,,False,,0.0,False,input mismatch
ILPD__04,ILPD,ALT,Heatmap,10 common bins,22.0,151.2599397590358,0.9086864097022461,True,22.454343204851124,0.04453481408371616,True,qualified
ILPD__04,ILPD,ALT,Histogram,10 common bins,22.0,151.2599397590358,0.9086864097022461,True,22.454343204851124,0.04453481408371616,True,qualified
ILPD__04,ILPD,ALT,Violin,64-point density per group,130.0,70.75156489322067,0.4250364345381516,True,130.21251821726906,0.007679753173434733,False,qualified
ILPD__04,ILPD,ALT,Dot,Individual observations,583.0,0.0,0.0,True,583.0,0.0017152658662092624,False,qualified
ILPD__04,ILPD,ALT,Raincloud,Individual observations,583.0,0.0,0.0,True,583.0,0.0017152658662092624,False,qualified
ILPD__04,ILPD,ALT,Area,No configuration for this input schema,,,,False,,0.0,False,input mismatch
ILPD__04,ILPD,ALT,Bar,Mean bars,2.0,244.44692538000913,1.46850249537432,False,,0.0,False,exceeds tolerance
ILPD__04,ILPD,ALT,Box,Min-max box with mean markers,12.0,1166.6144578313254,7.0083771346349035,False,,0.0,False,exceeds tolerance
ILPD__04,ILPD,ALT,Bubble,No configuration for this input schema,,,,False,,0.0,False,input mismatch
ILPD__04,ILPD,ALT,Forest,Mean contrast with interval,3.0,244.44692538000913,1.46850249537432,False,,0.0,False,exceeds tolerance
ILPD__04,ILPD,ALT,Interval,Means with intervals,6.0,244.44692538000913,1.46850249537432,False,,0.0,False,exceeds tolerance
ILPD__04,ILPD,ALT,Line,No configuration for this input schema,,,,False,,0.0,False,input mismatch
ILPD__04,ILPD,ALT,Pie / donut,No configuration for this input schema,,,,False,,0.0,False,input mismatch
ILPD__04,ILPD,ALT,Scatter,No configuration for this input schema,,,,False,,0.0,False,input mismatch
ILPD__04,ILPD,ALT,Stacked bar,No configuration for this input schema,,,,False,,0.0,False,input mismatch
ILPD__05,ILPD,AST,Heatmap,20 common bins,42.0,186.64075576579873,0.7827577410073759,True,42.39137887050369,0.023589702119734757,True,qualified
ILPD__05,ILPD,AST,Histogram,20 common bins,42.0,186.64075576579873,0.7827577410073759,True,42.39137887050369,0.023589702119734757,True,qualified
ILPD__05,ILPD,AST,Violin,64-point density per group,130.0,103.23561148256414,0.4329626383264726,True,130.21648131916325,0.007679519442312218,False,qualified
ILPD__05,ILPD,AST,Dot,Individual observations,583.0,0.0,0.0,True,583.0,0.0017152658662092624,False,qualified
ILPD__05,ILPD,AST,Raincloud,Individual observations,583.0,0.0,0.0,True,583.0,0.0017152658662092624,False,qualified
ILPD__05,ILPD,AST,Area,No configuration for this input schema,,,,False,,0.0,False,input mismatch
ILPD__05,ILPD,AST,Bar,Mean bars,2.0,361.98910352372184,1.5181559449912843,False,,0.0,False,exceeds tolerance
ILPD__05,ILPD,AST,Box,Min-max box with mean markers,12.0,3269.2499999999995,13.710996477101155,False,,0.0,False,exceeds tolerance
ILPD__05,ILPD,AST,Bubble,No configuration for this input schema,,,,False,,0.0,False,input mismatch
ILPD__05,ILPD,AST,Forest,Mean contrast with interval,3.0,361.98910352372184,1.5181559449912843,False,,0.0,False,exceeds tolerance
ILPD__05,ILPD,AST,Interval,Means with intervals,6.0,361.98910352372184,1.5181559449912843,False,,0.0,False,exceeds tolerance
ILPD__05,ILPD,AST,Line,No configuration for this input schema,,,,False,,0.0,False,input mismatch
ILPD__05,ILPD,AST,Pie / donut,No configuration for this input schema,,,,False,,0.0,False,input mismatch
ILPD__05,ILPD,AST,Scatter,No configuration for this input schema,,,,False,,0.0,False,input mismatch
ILPD__05,ILPD,AST,Stacked bar,No configuration for this input schema,,,,False,,0.0,False,input mismatch
ILPD__06,ILPD,total_protein,Bar,Mean bars,2.0,0.2160208429295274,0.30860120418503867,True,2.1543006020925195,0.46418777353015545,True,qualified
ILPD__06,ILPD,total_protein,Dot,Mean dots,2.0,0.2160208429295274,0.30860120418503867,True,2.1543006020925195,0.46418777353015545,True,qualified
ILPD__06,ILPD,total_protein,Forest,Mean contrast with interval,3.0,0.2160208429295274,0.30860120418503867,True,3.1543006020925195,0.3170274891798879,False,qualified
ILPD__06,ILPD,total_protein,Interval,Means with intervals,6.0,0.2160208429295274,0.30860120418503867,True,6.154300602092519,0.1624880006121233,False,qualified
ILPD__06,ILPD,total_protein,Heatmap,10 common bins,22.0,0.18191807995096454,0.2598829713585204,True,22.12994148567926,0.04518764772365623,False,qualified
ILPD__06,ILPD,total_protein,Histogram,10 common bins,22.0,0.18191807995096454,0.2598829713585204,True,22.12994148567926,0.04518764772365623,False,qualified
ILPD__06,ILPD,total_protein,Violin,64-point density per group,130.0,0.1802407064399425,0.25748672348563173,True,130.1287433617428,0.007684697278756593,False,qualified
ILPD__06,ILPD,total_protein,Raincloud,Individual observations,583.0,0.0,0.0,True,583.0,0.0017152658662092624,False,qualified
ILPD__06,ILPD,total_protein,Area,No configuration for this input schema,,,,False,,0.0,False,input mismatch
ILPD__06,ILPD,total_protein,Box,Min-max box with mean markers,12.0,0.7118072289156636,1.016867469879518,False,,0.0,False,exceeds tolerance
ILPD__06,ILPD,total_protein,Bubble,No configuration for this input schema,,,,False,,0.0,False,input mismatch
ILPD__06,ILPD,total_protein,Line,No configuration for this input schema,,,,False,,0.0,False,input mismatch
ILPD__06,ILPD,total_protein,Pie / donut,No configuration for this input schema,,,,False,,0.0,False,input mismatch
ILPD__06,ILPD,total_protein,Scatter,No configuration for this input schema,,,,False,,0.0,False,input mismatch
ILPD__06,ILPD,total_protein,Stacked bar,No configuration for this input schema,,,,False,,0.0,False,input mismatch
ILPD__07,ILPD,albumin,Bar,Mean bars,2.0,0.21626554583141422,0.4325310916628288,True,2.216265545831414,0.4512094689559676,True,qualified
ILPD__07,ILPD,albumin,Dot,Mean dots,2.0,0.21626554583141422,0.4325310916628288,True,2.216265545831414,0.4512094689559676,True,qualified
ILPD__07,ILPD,albumin,Forest,Mean contrast with interval,3.0,0.21626554583141422,0.4325310916628288,True,3.216265545831414,0.3109196009316131,False,qualified
ILPD__07,ILPD,albumin,Interval,Means with intervals,6.0,0.21626554583141422,0.4325310916628288,True,6.216265545831415,0.1608682886255709,False,qualified
ILPD__07,ILPD,albumin,Heatmap,10 common bins,22.0,0.16022357097563145,0.32044714195126317,True,22.16022357097563,0.04512589851799829,False,qualified
ILPD__07,ILPD,albumin,Histogram,10 common bins,22.0,0.16022357097563145,0.32044714195126317,True,22.16022357097563,0.04512589851799829,False,qualified
ILPD__07,ILPD,albumin,Violin,64-point density per group,130.0,0.15452097595457026,0.3090419519091408,True,130.15452097595457,0.007683175294269995,False,qualified
ILPD__07,ILPD,albumin,Raincloud,Individual observations,583.0,0.0,0.0,True,583.0,0.0017152658662092624,False,qualified
ILPD__07,ILPD,albumin,Area,No configuration for this input schema,,,,False,,0.0,False,input mismatch
ILPD__07,ILPD,albumin,Box,Min-max box with mean markers,12.0,0.555421686746989,1.1108433734939789,False,,0.0,False,exceeds tolerance
ILPD__07,ILPD,albumin,Bubble,No configuration for this input schema,,,,False,,0.0,False,input mismatch
ILPD__07,ILPD,albumin,Line,No configuration for this input schema,,,,False,,0.0,False,input mismatch
ILPD__07,ILPD,albumin,Pie / donut,No configuration for this input schema,,,,False,,0.0,False,input mismatch
ILPD__07,ILPD,albumin,Scatter,No configuration for this input schema,,,,False,,0.0,False,input mismatch
ILPD__07,ILPD,albumin,Stacked bar,No configuration for this input schema,,,,False,,0.0,False,input mismatch
ILPD__08,ILPD,albumin_globulin_ratio,Bar,Mean bars,2.0,0.11539701361440491,0.3846567120480163,True,2.1923283560240083,0.456136051541838,True,qualified
ILPD__08,ILPD,albumin_globulin_ratio,Dot,Mean dots,2.0,0.11539701361440491,0.3846567120480163,True,2.1923283560240083,0.456136051541838,True,qualified
ILPD__08,ILPD,albumin_globulin_ratio,Forest,Mean contrast with interval,3.0,0.11539701361440491,0.3846567120480163,True,3.1923283560240083,0.3132509843835373,False,qualified
ILPD__08,ILPD,albumin_globulin_ratio,Interval,Means with intervals,6.0,0.11539701361440491,0.3846567120480163,True,6.192328356024008,0.16149014433757894,False,qualified
ILPD__08,ILPD,albumin_globulin_ratio,Heatmap,10 common bins,22.0,0.11380664130058804,0.3793554710019601,True,22.18967773550098,0.04506599924162544,False,qualified
ILPD__08,ILPD,albumin_globulin_ratio,Histogram,10 common bins,22.0,0.11380664130058804,0.3793554710019601,True,22.18967773550098,0.04506599924162544,False,qualified
ILPD__08,ILPD,albumin_globulin_ratio,Violin,64-point density per group,130.0,0.11029069393773805,0.3676356464591268,True,130.18381782322956,0.007681446255922934,False,qualified
ILPD__08,ILPD,albumin_globulin_ratio,Raincloud,Individual observations,579.0,0.0,0.0,True,579.0,0.0017271157167530224,False,qualified
ILPD__08,ILPD,albumin_globulin_ratio,Area,No configuration for this input schema,,,,False,,0.0,False,input mismatch
ILPD__08,ILPD,albumin_globulin_ratio,Box,Min-max box with mean markers,12.0,0.7869249394673123,2.6230831315577072,False,,0.0,False,exceeds tolerance
ILPD__08,ILPD,albumin_globulin_ratio,Bubble,No configuration for this input schema,,,,False,,0.0,False,input mismatch
ILPD__08,ILPD,albumin_globulin_ratio,Line,No configuration for this input schema,,,,False,,0.0,False,input mismatch
ILPD__08,ILPD,albumin_globulin_ratio,Pie / donut,No configuration for this input schema,,,,False,,0.0,False,input mismatch
ILPD__08,ILPD,albumin_globulin_ratio,Scatter,No configuration for this input schema,,,,False,,0.0,False,input mismatch
ILPD__08,ILPD,albumin_globulin_ratio,Stacked bar,No configuration for this input schema,,,,False,,0.0,False,input mismatch
Parkinsons__00,Parkinsons,MDVP:Fo(Hz),Bar,Mean bars,2.0,35.30020199275363,0.35226508137729495,True,2.1761325406886476,0.4595308333947091,True,qualified
Parkinsons__00,Parkinsons,MDVP:Fo(Hz),Dot,Mean dots,2.0,35.30020199275363,0.35226508137729495,True,2.1761325406886476,0.4595308333947091,True,qualified
Parkinsons__00,Parkinsons,MDVP:Fo(Hz),Forest,Mean contrast with interval,3.0,35.30020199275363,0.35226508137729495,True,3.1761325406886476,0.3148483217212278,False,qualified
Parkinsons__00,Parkinsons,MDVP:Fo(Hz),Interval,Means with intervals,6.0,35.30020199275363,0.35226508137729495,True,6.176132540688648,0.16191362368147924,False,qualified
Parkinsons__00,Parkinsons,MDVP:Fo(Hz),Box,Min-max box with mean markers,12.0,21.50104347826087,0.21456157197403897,True,12.107280785987019,0.082594929255907,False,qualified
Parkinsons__00,Parkinsons,MDVP:Fo(Hz),Heatmap,10 common bins,22.0,33.487687499999964,0.3341777750945019,True,22.16708888754725,0.045111922682899847,False,qualified
Parkinsons__00,Parkinsons,MDVP:Fo(Hz),Histogram,10 common bins,22.0,33.487687499999964,0.3341777750945019,True,22.16708888754725,0.045111922682899847,False,qualified
Parkinsons__00,Parkinsons,MDVP:Fo(Hz),Raincloud,Individual observations,32.0,0.0,0.0,True,32.0,0.03125,False,qualified
Parkinsons__00,Parkinsons,MDVP:Fo(Hz),Violin,64-point density per group,130.0,32.152460702998724,0.320853381755355,True,130.16042669087767,0.007682826688751822,False,qualified
Parkinsons__00,Parkinsons,MDVP:Fo(Hz),Area,No configuration for this input schema,,,,False,,0.0,False,input mismatch
Parkinsons__00,Parkinsons,MDVP:Fo(Hz),Bubble,No configuration for this input schema,,,,False,,0.0,False,input mismatch
Parkinsons__00,Parkinsons,MDVP:Fo(Hz),Line,No configuration for this input schema,,,,False,,0.0,False,input mismatch
Parkinsons__00,Parkinsons,MDVP:Fo(Hz),Pie / donut,No configuration for this input schema,,,,False,,0.0,False,input mismatch
Parkinsons__00,Parkinsons,MDVP:Fo(Hz),Scatter,No configuration for this input schema,,,,False,,0.0,False,input mismatch
Parkinsons__00,Parkinsons,MDVP:Fo(Hz),Stacked bar,No configuration for this input schema,,,,False,,0.0,False,input mismatch
Parkinsons__01,Parkinsons,MDVP:Fhi(Hz),Bar,Mean bars,2.0,42.92535869565222,0.19695351255682253,True,2.0984767562784112,0.4765361336541423,True,qualified
Parkinsons__01,Parkinsons,MDVP:Fhi(Hz),Dot,Mean dots,2.0,42.92535869565222,0.19695351255682253,True,2.0984767562784112,0.4765361336541423,True,qualified
Parkinsons__01,Parkinsons,MDVP:Fhi(Hz),Forest,Mean contrast with interval,3.0,42.92535869565222,0.19695351255682253,True,3.0984767562784112,0.32273922919502634,False,qualified
Parkinsons__01,Parkinsons,MDVP:Fhi(Hz),Interval,Means with intervals,6.0,42.92535869565222,0.19695351255682253,True,6.098476756278411,0.16397537286183722,False,qualified
Parkinsons__01,Parkinsons,MDVP:Fhi(Hz),Box,Min-max box with mean markers,12.0,151.13264999999998,0.6934387314167227,True,12.346719365708362,0.08099317481673624,False,qualified
Parkinsons__01,Parkinsons,MDVP:Fhi(Hz),Heatmap,10 common bins,22.0,36.719141666666616,0.1684776586399049,True,22.084238829319954,0.04528116217763224,False,qualified
Parkinsons__01,Parkinsons,MDVP:Fhi(Hz),Histogram,10 common bins,22.0,36.719141666666616,0.1684776586399049,True,22.084238829319954,0.04528116217763224,False,qualified
Parkinsons__01,Parkinsons,MDVP:Fhi(Hz),Raincloud,Individual observations,32.0,0.0,0.0,True,32.0,0.03125,False,qualified
Parkinsons__01,Parkinsons,MDVP:Fhi(Hz),Violin,64-point density per group,130.0,23.940045578358024,0.1098436031917333,True,130.05492180159587,0.0076890592539476605,False,qualified
Parkinsons__01,Parkinsons,MDVP:Fhi(Hz),Area,No configuration for this input schema,,,,False,,0.0,False,input mismatch
Parkinsons__01,Parkinsons,MDVP:Fhi(Hz),Bubble,No configuration for this input schema,,,,False,,0.0,False,input mismatch
Parkinsons__01,Parkinsons,MDVP:Fhi(Hz),Line,No configuration for this input schema,,,,False,,0.0,False,input mismatch
Parkinsons__01,Parkinsons,MDVP:Fhi(Hz),Pie / donut,No configuration for this input schema,,,,False,,0.0,False,input mismatch
Parkinsons__01,Parkinsons,MDVP:Fhi(Hz),Scatter,No configuration for this input schema,,,,False,,0.0,False,input mismatch
Parkinsons__01,Parkinsons,MDVP:Fhi(Hz),Stacked bar,No configuration for this input schema,,,,False,,0.0,False,input mismatch
Parkinsons__02,Parkinsons,MDVP:Flo(Hz),Bar,Mean bars,2.0,41.59172916666667,0.4065815010824119,True,2.203290750541206,0.453866562892058,True,qualified
Parkinsons__02,Parkinsons,MDVP:Flo(Hz),Dot,Mean dots,2.0,41.59172916666667,0.4065815010824119,True,2.203290750541206,0.453866562892058,True,qualified
Parkinsons__02,Parkinsons,MDVP:Flo(Hz),Forest,Mean contrast with interval,3.0,41.59172916666667,0.4065815010824119,True,3.203290750541206,0.3121789677790088,False,qualified
Parkinsons__02,Parkinsons,MDVP:Flo(Hz),Interval,Means with intervals,6.0,41.59172916666667,0.4065815010824119,True,6.203290750541206,0.1612047605398401,False,qualified
Parkinsons__02,Parkinsons,MDVP:Flo(Hz),Box,Min-max box with mean markers,12.0,18.460478260869564,0.18046109436630373,True,12.090230547183152,0.08271140869459974,False,qualified
Parkinsons__02,Parkinsons,MDVP:Flo(Hz),Heatmap,10 common bins,22.0,21.205483333333348,0.207294993922844,True,22.103647496961422,0.04524140190606413,False,qualified
Parkinsons__02,Parkinsons,MDVP:Flo(Hz),Histogram,10 common bins,22.0,21.205483333333348,0.207294993922844,True,22.103647496961422,0.04524140190606413,False,qualified
Parkinsons__02,Parkinsons,MDVP:Flo(Hz),Raincloud,Individual observations,32.0,0.0,0.0,True,32.0,0.03125,False,qualified
Parkinsons__02,Parkinsons,MDVP:Flo(Hz),Violin,64-point density per group,130.0,31.595592243915434,0.3088638914396089,True,130.1544319457198,0.007683180549833636,False,qualified
Parkinsons__02,Parkinsons,MDVP:Flo(Hz),Area,No configuration for this input schema,,,,False,,0.0,False,input mismatch
Parkinsons__02,Parkinsons,MDVP:Flo(Hz),Bubble,No configuration for this input schema,,,,False,,0.0,False,input mismatch
Parkinsons__02,Parkinsons,MDVP:Flo(Hz),Line,No configuration for this input schema,,,,False,,0.0,False,input mismatch
Parkinsons__02,Parkinsons,MDVP:Flo(Hz),Pie / donut,No configuration for this input schema,,,,False,,0.0,False,input mismatch
Parkinsons__02,Parkinsons,MDVP:Flo(Hz),Scatter,No configuration for this input schema,,,,False,,0.0,False,input mismatch
Parkinsons__02,Parkinsons,MDVP:Flo(Hz),Stacked bar,No configuration for this input schema,,,,False,,0.0,False,input mismatch
Parkinsons__03,Parkinsons,MDVP:Jitter(%),Bar,Mean bars,2.0,0.007640624999999989,0.7838286128456723,True,2.3919143064228363,0.4180751782431217,True,qualified
Parkinsons__03,Parkinsons,MDVP:Jitter(%),Dot,Mean dots,2.0,0.007640624999999989,0.7838286128456723,True,2.3919143064228363,0.4180751782431217,True,qualified
Parkinsons__03,Parkinsons,MDVP:Jitter(%),Forest,Mean contrast with interval,3.0,0.007640624999999989,0.7838286128456723,True,3.3919143064228363,0.29481876889001213,False,qualified
Parkinsons__03,Parkinsons,MDVP:Jitter(%),Interval,Means with intervals,6.0,0.007640624999999989,0.7838286128456723,True,6.391914306422836,0.15644765434279403,False,qualified
Parkinsons__03,Parkinsons,MDVP:Jitter(%),Box,Min-max box with mean markers,12.0,0.003616956521739132,0.37105263157894747,True,12.185526315789474,0.08206457186049022,False,qualified
Parkinsons__03,Parkinsons,MDVP:Jitter(%),Heatmap,10 common bins,22.0,0.0050233333333333414,0.51532857567648,True,22.25766428783824,0.04492834410061652,False,qualified
Parkinsons__03,Parkinsons,MDVP:Jitter(%),Histogram,10 common bins,22.0,0.0050233333333333414,0.51532857567648,True,22.25766428783824,0.04492834410061652,False,qualified
Parkinsons__03,Parkinsons,MDVP:Jitter(%),Raincloud,Individual observations,32.0,0.0,0.0,True,32.0,0.03125,False,qualified
Parkinsons__03,Parkinsons,MDVP:Jitter(%),Violin,64-point density per group,130.0,0.002160931059706035,0.2216833825746601,True,130.11084169128733,0.007685754599702689,False,qualified
Parkinsons__03,Parkinsons,MDVP:Jitter(%),Area,No configuration for this input schema,,,,False,,0.0,False,input mismatch
Parkinsons__03,Parkinsons,MDVP:Jitter(%),Bubble,No configuration for this input schema,,,,False,,0.0,False,input mismatch
Parkinsons__03,Parkinsons,MDVP:Jitter(%),Line,No configuration for this input schema,,,,False,,0.0,False,input mismatch
Parkinsons__03,Parkinsons,MDVP:Jitter(%),Pie / donut,No configuration for this input schema,,,,False,,0.0,False,input mismatch
Parkinsons__03,Parkinsons,MDVP:Jitter(%),Scatter,No configuration for this input schema,,,,False,,0.0,False,input mismatch
Parkinsons__03,Parkinsons,MDVP:Jitter(%),Stacked bar,No configuration for this input schema,,,,False,,0.0,False,input mismatch
Parkinsons__04,Parkinsons,MDVP:Jitter(Abs),Bar,Mean bars,2.0,2.897916666666667e-05,0.6497571001494784,True,2.324878550074739,0.43012999537883495,True,qualified
Parkinsons__04,Parkinsons,MDVP:Jitter(Abs),Dot,Mean dots,2.0,2.897916666666667e-05,0.6497571001494784,True,2.324878550074739,0.43012999537883495,True,qualified
Parkinsons__04,Parkinsons,MDVP:Jitter(Abs),Forest,Mean contrast with interval,3.0,2.897916666666667e-05,0.6497571001494784,True,3.324878550074739,0.30076286545188885,False,qualified
Parkinsons__04,Parkinsons,MDVP:Jitter(Abs),Interval,Means with intervals,6.0,2.897916666666667e-05,0.6497571001494784,True,6.3248785500747395,0.15810580267793178,False,qualified
Parkinsons__04,Parkinsons,MDVP:Jitter(Abs),Box,Min-max box with mean markers,12.0,3.174999999999999e-05,0.7118834080717503,True,12.355941704035875,0.08093272240620605,False,qualified
Parkinsons__04,Parkinsons,MDVP:Jitter(Abs),Heatmap,10 common bins,22.0,9.427989130434782e-06,0.21138989081692383,True,22.105694945408462,0.04523721160857277,False,qualified
Parkinsons__04,Parkinsons,MDVP:Jitter(Abs),Histogram,10 common bins,22.0,9.427989130434782e-06,0.21138989081692383,True,22.105694945408462,0.04523721160857277,False,qualified
Parkinsons__04,Parkinsons,MDVP:Jitter(Abs),Raincloud,Individual observations,32.0,0.0,0.0,True,32.0,0.03125,False,qualified
Parkinsons__04,Parkinsons,MDVP:Jitter(Abs),Violin,64-point density per group,130.0,1.120230435683496e-05,0.2511727434267934,True,130.1255863717134,0.007684883717975538,False,qualified
Parkinsons__04,Parkinsons,MDVP:Jitter(Abs),Area,No configuration for this input schema,,,,False,,0.0,False,input mismatch
Parkinsons__04,Parkinsons,MDVP:Jitter(Abs),Bubble,No configuration for this input schema,,,,False,,0.0,False,input mismatch
Parkinsons__04,Parkinsons,MDVP:Jitter(Abs),Line,No configuration for this input schema,,,,False,,0.0,False,input mismatch
Parkinsons__04,Parkinsons,MDVP:Jitter(Abs),Pie / donut,No configuration for this input schema,,,,False,,0.0,False,input mismatch
Parkinsons__04,Parkinsons,MDVP:Jitter(Abs),Scatter,No configuration for this input schema,,,,False,,0.0,False,input mismatch
Parkinsons__04,Parkinsons,MDVP:Jitter(Abs),Stacked bar,No configuration for this input schema,,,,False,,0.0,False,input mismatch
Parkinsons__05,Parkinsons,MDVP:RAP,Bar,Mean bars,2.0,0.0044462916666666566,0.7451252018895631,True,2.3725626009447813,0.42148519057064654,True,qualified
Parkinsons__05,Parkinsons,MDVP:RAP,Dot,Mean dots,2.0,0.0044462916666666566,0.7451252018895631,True,2.3725626009447813,0.42148519057064654,True,qualified
Parkinsons__05,Parkinsons,MDVP:RAP,Forest,Mean contrast with interval,3.0,0.0044462916666666566,0.7451252018895631,True,3.3725626009447813,0.29651043385224707,False,qualified
Parkinsons__05,Parkinsons,MDVP:RAP,Interval,Means with intervals,6.0,0.0044462916666666566,0.7451252018895631,True,6.372562600944781,0.15692274248537666,False,qualified
Parkinsons__05,Parkinsons,MDVP:RAP,Box,Min-max box with mean markers,12.0,0.003073043478260872,0.5149914386680757,True,12.257495719334038,0.08158273295765271,False,qualified
Parkinsons__05,Parkinsons,MDVP:RAP,Heatmap,10 common bins,22.0,0.003845416666666672,0.6444284551956971,True,22.322214227597847,0.044798423212140843,False,qualified
Parkinsons__05,Parkinsons,MDVP:RAP,Histogram,10 common bins,22.0,0.003845416666666672,0.6444284551956971,True,22.322214227597847,0.044798423212140843,False,qualified
Parkinsons__05,Parkinsons,MDVP:RAP,Raincloud,Individual observations,32.0,0.0,0.0,True,32.0,0.03125,False,qualified
Parkinsons__05,Parkinsons,MDVP:RAP,Violin,64-point density per group,130.0,0.0018825029180821475,0.31547646264628504,True,130.15773823132315,0.00768298538057528,False,qualified
Parkinsons__05,Parkinsons,MDVP:RAP,Area,No configuration for this input schema,,,,False,,0.0,False,input mismatch
Parkinsons__05,Parkinsons,MDVP:RAP,Bubble,No configuration for this input schema,,,,False,,0.0,False,input mismatch
Parkinsons__05,Parkinsons,MDVP:RAP,Line,No configuration for this input schema,,,,False,,0.0,False,input mismatch
Parkinsons__05,Parkinsons,MDVP:RAP,Pie / donut,No configuration for this input schema,,,,False,,0.0,False,input mismatch
Parkinsons__05,Parkinsons,MDVP:RAP,Scatter,No configuration for this input schema,,,,False,,0.0,False,input mismatch
Parkinsons__05,Parkinsons,MDVP:RAP,Stacked bar,No configuration for this input schema,,,,False,,0.0,False,input mismatch
Parkinsons__06,Parkinsons,MDVP:PPQ,Bar,Mean bars,2.0,0.004380249999999997,0.8406286498746621,True,2.420314324937331,0.4131694754258387,True,qualified
Parkinsons__06,Parkinsons,MDVP:PPQ,Dot,Mean dots,2.0,0.004380249999999997,0.8406286498746621,True,2.420314324937331,0.4131694754258387,True,qualified
Parkinsons__06,Parkinsons,MDVP:PPQ,Forest,Mean contrast with interval,3.0,0.004380249999999997,0.8406286498746621,True,3.420314324937331,0.29237078964031255,False,qualified
Parkinsons__06,Parkinsons,MDVP:PPQ,Interval,Means with intervals,6.0,0.004380249999999997,0.8406286498746621,True,6.420314324937331,0.1557556140383767,False,qualified
Parkinsons__06,Parkinsons,MDVP:PPQ,Box,Min-max box with mean markers,12.0,0.0013702173913043474,0.26296307189931073,True,12.131481535949655,0.08243016296374553,False,qualified
Parkinsons__06,Parkinsons,MDVP:PPQ,Heatmap,10 common bins,22.0,0.0014787500000000018,0.28379193333763114,True,22.141895966668816,0.04516325076702305,False,qualified
Parkinsons__06,Parkinsons,MDVP:PPQ,Histogram,10 common bins,22.0,0.0014787500000000018,0.28379193333763114,True,22.141895966668816,0.04516325076702305,False,qualified
Parkinsons__06,Parkinsons,MDVP:PPQ,Raincloud,Individual observations,32.0,0.0,0.0,True,32.0,0.03125,False,qualified
Parkinsons__06,Parkinsons,MDVP:PPQ,Violin,64-point density per group,130.0,0.0007658380368852774,0.1469745779280938,True,130.07348728896406,0.007687961788696073,False,qualified
Parkinsons__06,Parkinsons,MDVP:PPQ,Area,No configuration for this input schema,,,,False,,0.0,False,input mismatch
Parkinsons__06,Parkinsons,MDVP:PPQ,Bubble,No configuration for this input schema,,,,False,,0.0,False,input mismatch
Parkinsons__06,Parkinsons,MDVP:PPQ,Line,No configuration for this input schema,,,,False,,0.0,False,input mismatch
Parkinsons__06,Parkinsons,MDVP:PPQ,Pie / donut,No configuration for this input schema,,,,False,,0.0,False,input mismatch
Parkinsons__06,Parkinsons,MDVP:PPQ,Scatter,No configuration for this input schema,,,,False,,0.0,False,input mismatch
Parkinsons__06,Parkinsons,MDVP:PPQ,Stacked bar,No configuration for this input schema,,,,False,,0.0,False,input mismatch
Parkinsons__07,Parkinsons,Jitter:DDP,Bar,Mean bars,2.0,0.013327874999999975,0.7437845303867391,True,2.3718922651933694,0.42160430921531533,True,qualified
Parkinsons__07,Parkinsons,Jitter:DDP,Dot,Mean dots,2.0,0.013327874999999975,0.7437845303867391,True,2.3718922651933694,0.42160430921531533,True,qualified
Parkinsons__07,Parkinsons,Jitter:DDP,Forest,Mean contrast with interval,3.0,0.013327874999999975,0.7437845303867391,True,3.3718922651933694,0.29656938044034825,False,qualified
Parkinsons__07,Parkinsons,Jitter:DDP,Interval,Means with intervals,6.0,0.013327874999999975,0.7437845303867391,True,6.371892265193369,0.1569392510702867,False,qualified
Parkinsons__07,Parkinsons,Jitter:DDP,Box,Min-max box with mean markers,12.0,0.009228478260869572,0.515010785248595,True,12.257505392624298,0.0815826685747762,False,qualified
Parkinsons__07,Parkinsons,Jitter:DDP,Heatmap,10 common bins,22.0,0.011541250000000019,0.6440789106534974,True,22.32203945532675,0.04479877396513463,False,qualified
Parkinsons__07,Parkinsons,Jitter:DDP,Histogram,10 common bins,22.0,0.011541250000000019,0.6440789106534974,True,22.32203945532675,0.04479877396513463,False,qualified
Parkinsons__07,Parkinsons,Jitter:DDP,Raincloud,Individual observations,32.0,0.0,0.0,True,32.0,0.03125,False,qualified
Parkinsons__07,Parkinsons,Jitter:DDP,Violin,64-point density per group,130.0,0.0056500397279553565,0.31530999095682555,True,130.15765499547842,0.007682990293845869,False,qualified
Parkinsons__07,Parkinsons,Jitter:DDP,Area,No configuration for this input schema,,,,False,,0.0,False,input mismatch
Parkinsons__07,Parkinsons,Jitter:DDP,Bubble,No configuration for this input schema,,,,False,,0.0,False,input mismatch
Parkinsons__07,Parkinsons,Jitter:DDP,Line,No configuration for this input schema,,,,False,,0.0,False,input mismatch
Parkinsons__07,Parkinsons,Jitter:DDP,Pie / donut,No configuration for this input schema,,,,False,,0.0,False,input mismatch
Parkinsons__07,Parkinsons,Jitter:DDP,Scatter,No configuration for this input schema,,,,False,,0.0,False,input mismatch
Parkinsons__07,Parkinsons,Jitter:DDP,Stacked bar,No configuration for this input schema,,,,False,,0.0,False,input mismatch
Parkinsons__08,Parkinsons,MDVP:Shimmer,Box,Min-max box with mean markers,12.0,0.0070323913043478375,0.3389125547148548,True,12.169456277357428,0.08217293995793441,True,qualified
Parkinsons__08,Parkinsons,MDVP:Shimmer,Heatmap,10 common bins,22.0,0.003624844202898554,0.17469238500538878,True,22.087346192502693,0.045274791787319336,False,qualified
Parkinsons__08,Parkinsons,MDVP:Shimmer,Histogram,10 common bins,22.0,0.003624844202898554,0.17469238500538878,True,22.087346192502693,0.045274791787319336,False,qualified
Parkinsons__08,Parkinsons,MDVP:Shimmer,Dot,Individual observations,32.0,0.0,0.0,True,32.0,0.03125,False,qualified
Parkinsons__08,Parkinsons,MDVP:Shimmer,Raincloud,Individual observations,32.0,0.0,0.0,True,32.0,0.03125,False,qualified
Parkinsons__08,Parkinsons,MDVP:Shimmer,Violin,64-point density per group,130.0,0.004147819794657406,0.19989618641315793,True,130.0999480932066,0.00768639814739647,False,qualified
Parkinsons__08,Parkinsons,MDVP:Shimmer,Area,No configuration for this input schema,,,,False,,0.0,False,input mismatch
Parkinsons__08,Parkinsons,MDVP:Shimmer,Bar,Mean bars,2.0,0.02546449999999998,1.227212533551808,False,,0.0,False,exceeds tolerance
Parkinsons__08,Parkinsons,MDVP:Shimmer,Bubble,No configuration for this input schema,,,,False,,0.0,False,input mismatch
Parkinsons__08,Parkinsons,MDVP:Shimmer,Forest,Mean contrast with interval,3.0,0.02546449999999998,1.227212533551808,False,,0.0,False,exceeds tolerance
Parkinsons__08,Parkinsons,MDVP:Shimmer,Interval,Means with intervals,6.0,0.02546449999999998,1.227212533551808,False,,0.0,False,exceeds tolerance
Parkinsons__08,Parkinsons,MDVP:Shimmer,Line,No configuration for this input schema,,,,False,,0.0,False,input mismatch
Parkinsons__08,Parkinsons,MDVP:Shimmer,Pie / donut,No configuration for this input schema,,,,False,,0.0,False,input mismatch
Parkinsons__08,Parkinsons,MDVP:Shimmer,Scatter,No configuration for this input schema,,,,False,,0.0,False,input mismatch
Parkinsons__08,Parkinsons,MDVP:Shimmer,Stacked bar,No configuration for this input schema,,,,False,,0.0,False,input mismatch
Parkinsons__09,Parkinsons,MDVP:Shimmer(dB),Box,Min-max box with mean markers,12.0,0.15254347826086967,0.6609837325658137,True,12.330491866282907,0.08109976559284292,True,qualified
Parkinsons__09,Parkinsons,MDVP:Shimmer(dB),Heatmap,10 common bins,22.0,0.04910833333333353,0.21279054232159544,True,22.106395271160796,0.045235778503633466,False,qualified
Parkinsons__09,Parkinsons,MDVP:Shimmer(dB),Histogram,10 common bins,22.0,0.04910833333333353,0.21279054232159544,True,22.106395271160796,0.045235778503633466,False,qualified
Parkinsons__09,Parkinsons,MDVP:Shimmer(dB),Dot,Individual observations,32.0,0.0,0.0,True,32.0,0.03125,False,qualified
Parkinsons__09,Parkinsons,MDVP:Shimmer(dB),Raincloud,Individual observations,32.0,0.0,0.0,True,32.0,0.03125,False,qualified
Parkinsons__09,Parkinsons,MDVP:Shimmer(dB),Violin,64-point density per group,130.0,0.04933899629203986,0.21379002433910688,True,130.10689501216956,0.007685987740361223,False,qualified
Parkinsons__09,Parkinsons,MDVP:Shimmer(dB),Area,No configuration for this input schema,,,,False,,0.0,False,input mismatch
Parkinsons__09,Parkinsons,MDVP:Shimmer(dB),Bar,Mean bars,2.0,0.2323249999999999,1.0066837823491825,False,,0.0,False,exceeds tolerance
Parkinsons__09,Parkinsons,MDVP:Shimmer(dB),Bubble,No configuration for this input schema,,,,False,,0.0,False,input mismatch
Parkinsons__09,Parkinsons,MDVP:Shimmer(dB),Forest,Mean contrast with interval,3.0,0.2323249999999999,1.0066837823491825,False,,0.0,False,exceeds tolerance
Parkinsons__09,Parkinsons,MDVP:Shimmer(dB),Interval,Means with intervals,6.0,0.2323249999999999,1.0066837823491825,False,,0.0,False,exceeds tolerance
Parkinsons__09,Parkinsons,MDVP:Shimmer(dB),Line,No configuration for this input schema,,,,False,,0.0,False,input mismatch
Parkinsons__09,Parkinsons,MDVP:Shimmer(dB),Pie / donut,No configuration for this input schema,,,,False,,0.0,False,input mismatch
Parkinsons__09,Parkinsons,MDVP:Shimmer(dB),Scatter,No configuration for this input schema,,,,False,,0.0,False,input mismatch
Parkinsons__09,Parkinsons,MDVP:Shimmer(dB),Stacked bar,No configuration for this input schema,,,,False,,0.0,False,input mismatch
Parkinsons__10,Parkinsons,Shimmer:APQ3,Box,Min-max box with mean markers,12.0,0.0019119565217391374,0.17648825299606188,True,12.088244126498031,0.08272500038346764,True,qualified
Parkinsons__10,Parkinsons,Shimmer:APQ3,Heatmap,10 common bins,22.0,0.0023618611111111167,0.21801789767696994,True,22.109008948838486,0.04523043083089148,False,qualified
Parkinsons__10,Parkinsons,Shimmer:APQ3,Histogram,10 common bins,22.0,0.0023618611111111167,0.21801789767696994,True,22.109008948838486,0.04523043083089148,False,qualified
Parkinsons__10,Parkinsons,Shimmer:APQ3,Dot,Individual observations,32.0,0.0,0.0,True,32.0,0.03125,False,qualified
Parkinsons__10,Parkinsons,Shimmer:APQ3,Raincloud,Individual observations,32.0,0.0,0.0,True,32.0,0.03125,False,qualified
Parkinsons__10,Parkinsons,Shimmer:APQ3,Violin,64-point density per group,130.0,0.0016829309538381344,0.15534743629301667,True,130.0776737181465,0.007687714358782347,False,qualified
Parkinsons__10,Parkinsons,Shimmer:APQ3,Area,No configuration for this input schema,,,,False,,0.0,False,input mismatch
Parkinsons__10,Parkinsons,Shimmer:APQ3,Bar,Mean bars,2.0,0.013143208333333333,1.2132189467380396,False,,0.0,False,exceeds tolerance
Parkinsons__10,Parkinsons,Shimmer:APQ3,Bubble,No configuration for this input schema,,,,False,,0.0,False,input mismatch
Parkinsons__10,Parkinsons,Shimmer:APQ3,Forest,Mean contrast with interval,3.0,0.013143208333333333,1.2132189467380396,False,,0.0,False,exceeds tolerance
Parkinsons__10,Parkinsons,Shimmer:APQ3,Interval,Means with intervals,6.0,0.013143208333333333,1.2132189467380396,False,,0.0,False,exceeds tolerance
Parkinsons__10,Parkinsons,Shimmer:APQ3,Line,No configuration for this input schema,,,,False,,0.0,False,input mismatch
Parkinsons__10,Parkinsons,Shimmer:APQ3,Pie / donut,No configuration for this input schema,,,,False,,0.0,False,input mismatch
Parkinsons__10,Parkinsons,Shimmer:APQ3,Scatter,No configuration for this input schema,,,,False,,0.0,False,input mismatch
Parkinsons__10,Parkinsons,Shimmer:APQ3,Stacked bar,No configuration for this input schema,,,,False,,0.0,False,input mismatch
Parkinsons__11,Parkinsons,Shimmer:APQ5,Box,Min-max box with mean markers,12.0,0.0034904347826086868,0.22664713006801052,True,12.113323565034005,0.08255372645097776,True,qualified
Parkinsons__11,Parkinsons,Shimmer:APQ5,Heatmap,10 common bins,22.0,0.004647000000000002,0.3017472833682001,True,22.1508736416841,0.04514494625251139,False,qualified
Parkinsons__11,Parkinsons,Shimmer:APQ5,Histogram,10 common bins,22.0,0.004647000000000002,0.3017472833682001,True,22.1508736416841,0.04514494625251139,False,qualified
Parkinsons__11,Parkinsons,Shimmer:APQ5,Dot,Individual observations,32.0,0.0,0.0,True,32.0,0.03125,False,qualified
Parkinsons__11,Parkinsons,Shimmer:APQ5,Raincloud,Individual observations,32.0,0.0,0.0,True,32.0,0.03125,False,qualified
Parkinsons__11,Parkinsons,Shimmer:APQ5,Violin,64-point density per group,130.0,0.002942874989977832,0.1910920020482095,True,130.0955460010241,0.007686658234957007,False,qualified
Parkinsons__11,Parkinsons,Shimmer:APQ5,Area,No configuration for this input schema,,,,False,,0.0,False,input mismatch
Parkinsons__11,Parkinsons,Shimmer:APQ5,Bar,Mean bars,2.0,0.016667833333333337,1.0823054503910616,False,,0.0,False,exceeds tolerance
Parkinsons__11,Parkinsons,Shimmer:APQ5,Bubble,No configuration for this input schema,,,,False,,0.0,False,input mismatch
Parkinsons__11,Parkinsons,Shimmer:APQ5,Forest,Mean contrast with interval,3.0,0.016667833333333337,1.0823054503910616,False,,0.0,False,exceeds tolerance
Parkinsons__11,Parkinsons,Shimmer:APQ5,Interval,Means with intervals,6.0,0.016667833333333337,1.0823054503910616,False,,0.0,False,exceeds tolerance
Parkinsons__11,Parkinsons,Shimmer:APQ5,Line,No configuration for this input schema,,,,False,,0.0,False,input mismatch
Parkinsons__11,Parkinsons,Shimmer:APQ5,Pie / donut,No configuration for this input schema,,,,False,,0.0,False,input mismatch
Parkinsons__11,Parkinsons,Shimmer:APQ5,Scatter,No configuration for this input schema,,,,False,,0.0,False,input mismatch
Parkinsons__11,Parkinsons,Shimmer:APQ5,Stacked bar,No configuration for this input schema,,,,False,,0.0,False,input mismatch
Parkinsons__12,Parkinsons,MDVP:APQ,Bar,Mean bars,2.0,0.02339749999999998,0.9084521070339121,True,2.454226053516956,0.4074604287437091,True,qualified
Parkinsons__12,Parkinsons,MDVP:APQ,Dot,Mean dots,2.0,0.02339749999999998,0.9084521070339121,True,2.454226053516956,0.4074604287437091,True,qualified
Parkinsons__12,Parkinsons,MDVP:APQ,Forest,Mean contrast with interval,3.0,0.02339749999999998,0.9084521070339121,True,3.454226053516956,0.28950045089893284,False,qualified
Parkinsons__12,Parkinsons,MDVP:APQ,Interval,Means with intervals,6.0,0.02339749999999998,0.9084521070339121,True,6.454226053516956,0.15493724448264287,False,qualified
Parkinsons__12,Parkinsons,MDVP:APQ,Box,Min-max box with mean markers,12.0,0.013014782608695655,0.5053235039409293,True,12.252661751970464,0.08161491929206163,False,qualified
Parkinsons__12,Parkinsons,MDVP:APQ,Heatmap,10 common bins,22.0,0.004506416666666686,0.17497013424537208,True,22.087485067122685,0.045274507122972735,False,qualified
Parkinsons__12,Parkinsons,MDVP:APQ,Histogram,10 common bins,22.0,0.004506416666666686,0.17497013424537208,True,22.087485067122685,0.045274507122972735,False,qualified
Parkinsons__12,Parkinsons,MDVP:APQ,Raincloud,Individual observations,32.0,0.0,0.0,True,32.0,0.03125,False,qualified
Parkinsons__12,Parkinsons,MDVP:APQ,Violin,64-point density per group,130.0,0.0053665942412781005,0.20836815241308487,True,130.10418407620654,0.007686147890634058,False,qualified
Parkinsons__12,Parkinsons,MDVP:APQ,Area,No configuration for this input schema,,,,False,,0.0,False,input mismatch
Parkinsons__12,Parkinsons,MDVP:APQ,Bubble,No configuration for this input schema,,,,False,,0.0,False,input mismatch
Parkinsons__12,Parkinsons,MDVP:APQ,Line,No configuration for this input schema,,,,False,,0.0,False,input mismatch
Parkinsons__12,Parkinsons,MDVP:APQ,Pie / donut,No configuration for this input schema,,,,False,,0.0,False,input mismatch
Parkinsons__12,Parkinsons,MDVP:APQ,Scatter,No configuration for this input schema,,,,False,,0.0,False,input mismatch
Parkinsons__12,Parkinsons,MDVP:APQ,Stacked bar,No configuration for this input schema,,,,False,,0.0,False,input mismatch
Parkinsons__13,Parkinsons,Shimmer:DDA,Box,Min-max box with mean markers,12.0,0.005754130434782609,0.19022684348058566,True,12.095113421740292,0.0826780175705137,True,qualified
Parkinsons__13,Parkinsons,Shimmer:DDA,Heatmap,10 common bins,22.0,0.007099750000000023,0.23471192516551226,True,22.117355962582756,0.04521336102252726,False,qualified
Parkinsons__13,Parkinsons,Shimmer:DDA,Histogram,10 common bins,22.0,0.007099750000000023,0.23471192516551226,True,22.117355962582756,0.04521336102252726,False,qualified
Parkinsons__13,Parkinsons,Shimmer:DDA,Dot,Individual observations,32.0,0.0,0.0,True,32.0,0.03125,False,qualified
Parkinsons__13,Parkinsons,Shimmer:DDA,Raincloud,Individual observations,32.0,0.0,0.0,True,32.0,0.03125,False,qualified
Parkinsons__13,Parkinsons,Shimmer:DDA,Violin,64-point density per group,130.0,0.005039110178111851,0.16658885890711028,True,130.08329442945356,0.007687382183746257,False,qualified
Parkinsons__13,Parkinsons,Shimmer:DDA,Area,No configuration for this input schema,,,,False,,0.0,False,input mismatch
Parkinsons__13,Parkinsons,Shimmer:DDA,Bar,Mean bars,2.0,0.0394252083333333,1.3033651252463858,False,,0.0,False,exceeds tolerance
Parkinsons__13,Parkinsons,Shimmer:DDA,Bubble,No configuration for this input schema,,,,False,,0.0,False,input mismatch
Parkinsons__13,Parkinsons,Shimmer:DDA,Forest,Mean contrast with interval,3.0,0.0394252083333333,1.3033651252463858,False,,0.0,False,exceeds tolerance
Parkinsons__13,Parkinsons,Shimmer:DDA,Interval,Means with intervals,6.0,0.0394252083333333,1.3033651252463858,False,,0.0,False,exceeds tolerance
Parkinsons__13,Parkinsons,Shimmer:DDA,Line,No configuration for this input schema,,,,False,,0.0,False,input mismatch
Parkinsons__13,Parkinsons,Shimmer:DDA,Pie / donut,No configuration for this input schema,,,,False,,0.0,False,input mismatch
Parkinsons__13,Parkinsons,Shimmer:DDA,Scatter,No configuration for this input schema,,,,False,,0.0,False,input mismatch
Parkinsons__13,Parkinsons,Shimmer:DDA,Stacked bar,No configuration for this input schema,,,,False,,0.0,False,input mismatch
Parkinsons__14,Parkinsons,NHR,Bar,Mean bars,2.0,0.02938137499999998,0.3102737736944926,True,2.1551368868472465,0.4640076489354241,True,qualified
Parkinsons__14,Parkinsons,NHR,Dot,Mean dots,2.0,0.02938137499999998,0.3102737736944926,True,2.1551368868472465,0.4640076489354241,True,qualified
Parkinsons__14,Parkinsons,NHR,Forest,Mean contrast with interval,3.0,0.02938137499999998,0.3102737736944926,True,3.1551368868472465,0.3169434594640503,False,qualified
Parkinsons__14,Parkinsons,NHR,Interval,Means with intervals,6.0,0.02938137499999998,0.3102737736944926,True,6.155136886847246,0.16246592372898713,False,qualified
Parkinsons__14,Parkinsons,NHR,Box,Min-max box with mean markers,12.0,0.04514760869565222,0.4767686646143114,True,12.238384332307156,0.0817101320605023,False,qualified
Parkinsons__14,Parkinsons,NHR,Heatmap,10 common bins,22.0,0.027333125000000003,0.28864380379111887,True,22.14432190189556,0.04515830308239873,False,qualified
Parkinsons__14,Parkinsons,NHR,Histogram,10 common bins,22.0,0.027333125000000003,0.28864380379111887,True,22.14432190189556,0.04515830308239873,False,qualified
Parkinsons__14,Parkinsons,NHR,Raincloud,Individual observations,32.0,0.0,0.0,True,32.0,0.03125,False,qualified
Parkinsons__14,Parkinsons,NHR,Violin,64-point density per group,130.0,0.00533451543642903,0.05633365474870932,True,130.02816682737435,0.007690641377168702,False,qualified
Parkinsons__14,Parkinsons,NHR,Area,No configuration for this input schema,,,,False,,0.0,False,input mismatch
Parkinsons__14,Parkinsons,NHR,Bubble,No configuration for this input schema,,,,False,,0.0,False,input mismatch
Parkinsons__14,Parkinsons,NHR,Line,No configuration for this input schema,,,,False,,0.0,False,input mismatch
Parkinsons__14,Parkinsons,NHR,Pie / donut,No configuration for this input schema,,,,False,,0.0,False,input mismatch
Parkinsons__14,Parkinsons,NHR,Scatter,No configuration for this input schema,,,,False,,0.0,False,input mismatch
Parkinsons__14,Parkinsons,NHR,Stacked bar,No configuration for this input schema,,,,False,,0.0,False,input mismatch
Parkinsons__15,Parkinsons,HNR,Bar,Mean bars,2.0,2.9344420289855044,0.42006609599510214,True,2.210033047997551,0.45248192143826627,True,qualified
Parkinsons__15,Parkinsons,HNR,Dot,Mean dots,2.0,2.9344420289855044,0.42006609599510214,True,2.210033047997551,0.45248192143826627,True,qualified
Parkinsons__15,Parkinsons,HNR,Forest,Mean contrast with interval,3.0,2.9344420289855044,0.42006609599510214,True,3.210033047997551,0.3115232725170258,False,qualified
Parkinsons__15,Parkinsons,HNR,Interval,Means with intervals,6.0,2.9344420289855044,0.42006609599510214,True,6.210033047997551,0.1610297388550056,False,qualified
Parkinsons__15,Parkinsons,HNR,Box,Min-max box with mean markers,12.0,2.1736521739130445,0.31115884169045543,True,12.155579420845228,0.08226674890422178,False,qualified
Parkinsons__15,Parkinsons,HNR,Heatmap,10 common bins,22.0,2.326024999999998,0.3329710491076916,True,22.166485524553845,0.04511315061164291,False,qualified
Parkinsons__15,Parkinsons,HNR,Histogram,10 common bins,22.0,2.326024999999998,0.3329710491076916,True,22.166485524553845,0.04511315061164291,False,qualified
Parkinsons__15,Parkinsons,HNR,Raincloud,Individual observations,32.0,0.0,0.0,True,32.0,0.03125,False,qualified
Parkinsons__15,Parkinsons,HNR,Violin,64-point density per group,130.0,2.0916684290657273,0.299422848512571,True,130.14971142425628,0.007683459218286272,False,qualified
Parkinsons__15,Parkinsons,HNR,Area,No configuration for this input schema,,,,False,,0.0,False,input mismatch
Parkinsons__15,Parkinsons,HNR,Bubble,No configuration for this input schema,,,,False,,0.0,False,input mismatch
Parkinsons__15,Parkinsons,HNR,Line,No configuration for this input schema,,,,False,,0.0,False,input mismatch
Parkinsons__15,Parkinsons,HNR,Pie / donut,No configuration for this input schema,,,,False,,0.0,False,input mismatch
Parkinsons__15,Parkinsons,HNR,Scatter,No configuration for this input schema,,,,False,,0.0,False,input mismatch
Parkinsons__15,Parkinsons,HNR,Stacked bar,No configuration for this input schema,,,,False,,0.0,False,input mismatch
Parkinsons__16,Parkinsons,RPDE,Bar,Mean bars,2.0,0.0704567797619049,0.4992782517910044,True,2.249639125895502,0.4445157396531033,True,qualified
Parkinsons__16,Parkinsons,RPDE,Dot,Mean dots,2.0,0.0704567797619049,0.4992782517910044,True,2.249639125895502,0.4445157396531033,True,qualified
Parkinsons__16,Parkinsons,RPDE,Forest,Mean contrast with interval,3.0,0.0704567797619049,0.4992782517910044,True,3.249639125895502,0.3077264770821069,False,qualified
Parkinsons__16,Parkinsons,RPDE,Interval,Means with intervals,6.0,0.0704567797619049,0.4992782517910044,True,6.249639125895502,0.1600092389105285,False,qualified
Parkinsons__16,Parkinsons,RPDE,Box,Min-max box with mean markers,12.0,0.021206989130434728,0.15027919945497117,True,12.075139599727486,0.08281477756352963,False,qualified
Parkinsons__16,Parkinsons,RPDE,Heatmap,10 common bins,22.0,0.04728305000000016,0.33506212777710503,True,22.167531063888553,0.04511102283415875,False,qualified
Parkinsons__16,Parkinsons,RPDE,Histogram,10 common bins,22.0,0.04728305000000016,0.33506212777710503,True,22.167531063888553,0.04511102283415875,False,qualified
Parkinsons__16,Parkinsons,RPDE,Raincloud,Individual observations,32.0,0.0,0.0,True,32.0,0.03125,False,qualified
Parkinsons__16,Parkinsons,RPDE,Violin,64-point density per group,130.0,0.04464795707260638,0.31638905480184315,True,130.15819452740092,0.0076829584463041995,False,qualified
Parkinsons__16,Parkinsons,RPDE,Area,No configuration for this input schema,,,,False,,0.0,False,input mismatch
Parkinsons__16,Parkinsons,RPDE,Bubble,No configuration for this input schema,,,,False,,0.0,False,input mismatch
Parkinsons__16,Parkinsons,RPDE,Line,No configuration for this input schema,,,,False,,0.0,False,input mismatch
Parkinsons__16,Parkinsons,RPDE,Pie / donut,No configuration for this input schema,,,,False,,0.0,False,input mismatch
Parkinsons__16,Parkinsons,RPDE,Scatter,No configuration for this input schema,,,,False,,0.0,False,input mismatch
Parkinsons__16,Parkinsons,RPDE,Stacked bar,No configuration for this input schema,,,,False,,0.0,False,input mismatch
Parkinsons__17,Parkinsons,DFA,Bar,Mean bars,2.0,0.02747410326086941,0.2802012100360456,True,2.1401006050180227,0.46726775257912634,True,qualified
Parkinsons__17,Parkinsons,DFA,Dot,Mean dots,2.0,0.02747410326086941,0.2802012100360456,True,2.1401006050180227,0.46726775257912634,True,qualified
Parkinsons__17,Parkinsons,DFA,Forest,Mean contrast with interval,3.0,0.02747410326086941,0.2802012100360456,True,3.1401006050180227,0.3184611341439044,False,qualified
Parkinsons__17,Parkinsons,DFA,Interval,Means with intervals,6.0,0.02747410326086941,0.2802012100360456,True,6.140100605018023,0.16286378095869403,False,qualified
Parkinsons__17,Parkinsons,DFA,Box,Min-max box with mean markers,12.0,0.021162630434782614,0.2158321456051806,True,12.10791607280259,0.08259059560598131,False,qualified
Parkinsons__17,Parkinsons,DFA,Heatmap,10 common bins,22.0,0.02018236250000005,0.20583464873048488,True,22.102917324365244,0.045242896461348374,False,qualified
Parkinsons__17,Parkinsons,DFA,Histogram,10 common bins,22.0,0.02018236250000005,0.20583464873048488,True,22.102917324365244,0.045242896461348374,False,qualified
Parkinsons__17,Parkinsons,DFA,Raincloud,Individual observations,32.0,0.0,0.0,True,32.0,0.03125,False,qualified
Parkinsons__17,Parkinsons,DFA,Violin,64-point density per group,130.0,0.02499152428118745,0.2548820348290538,True,130.12744101741453,0.007684774188913569,False,qualified
Parkinsons__17,Parkinsons,DFA,Area,No configuration for this input schema,,,,False,,0.0,False,input mismatch
Parkinsons__17,Parkinsons,DFA,Bubble,No configuration for this input schema,,,,False,,0.0,False,input mismatch
Parkinsons__17,Parkinsons,DFA,Line,No configuration for this input schema,,,,False,,0.0,False,input mismatch
Parkinsons__17,Parkinsons,DFA,Pie / donut,No configuration for this input schema,,,,False,,0.0,False,input mismatch
Parkinsons__17,Parkinsons,DFA,Scatter,No configuration for this input schema,,,,False,,0.0,False,input mismatch
Parkinsons__17,Parkinsons,DFA,Stacked bar,No configuration for this input schema,,,,False,,0.0,False,input mismatch
Parkinsons__18,Parkinsons,spread1,Bar,Mean bars,2.0,0.5969473541666646,0.5076916182514429,True,2.2538458091257216,0.44368607468667304,True,qualified
Parkinsons__18,Parkinsons,spread1,Dot,Mean dots,2.0,0.5969473541666646,0.5076916182514429,True,2.2538458091257216,0.44368607468667304,True,qualified
Parkinsons__18,Parkinsons,spread1,Forest,Mean contrast with interval,3.0,0.5969473541666646,0.5076916182514429,True,3.2538458091257216,0.30732863776009434,False,qualified
Parkinsons__18,Parkinsons,spread1,Interval,Means with intervals,6.0,0.5969473541666646,0.5076916182514429,True,6.253845809125721,0.1599016078299824,False,qualified
Parkinsons__18,Parkinsons,spread1,Box,Min-max box with mean markers,12.0,0.546425717391303,0.4647239907845261,True,12.232361995392264,0.08175036026375643,False,qualified
Parkinsons__18,Parkinsons,spread1,Heatmap,10 common bins,22.0,0.36602643571428395,0.3112980603289687,True,22.155649030164483,0.045135215792528556,False,qualified
Parkinsons__18,Parkinsons,spread1,Histogram,10 common bins,22.0,0.36602643571428395,0.3112980603289687,True,22.155649030164483,0.045135215792528556,False,qualified
Parkinsons__18,Parkinsons,spread1,Raincloud,Individual observations,32.0,0.0,0.0,True,32.0,0.03125,False,qualified
Parkinsons__18,Parkinsons,spread1,Violin,64-point density per group,130.0,0.24235664484590647,0.2061194112964536,True,130.10305970564823,0.0076862143155007326,False,qualified
Parkinsons__18,Parkinsons,spread1,Area,No configuration for this input schema,,,,False,,0.0,False,input mismatch
Parkinsons__18,Parkinsons,spread1,Bubble,No configuration for this input schema,,,,False,,0.0,False,input mismatch
Parkinsons__18,Parkinsons,spread1,Line,No configuration for this input schema,,,,False,,0.0,False,input mismatch
Parkinsons__18,Parkinsons,spread1,Pie / donut,No configuration for this input schema,,,,False,,0.0,False,input mismatch
Parkinsons__18,Parkinsons,spread1,Scatter,No configuration for this input schema,,,,False,,0.0,False,input mismatch
Parkinsons__18,Parkinsons,spread1,Stacked bar,No configuration for this input schema,,,,False,,0.0,False,input mismatch
Parkinsons__19,Parkinsons,spread2,Bar,Mean bars,2.0,0.0379418786231884,0.3041991883961377,True,2.1520995941980687,0.46466251036705736,True,qualified
Parkinsons__19,Parkinsons,spread2,Dot,Mean dots,2.0,0.0379418786231884,0.3041991883961377,True,2.1520995941980687,0.46466251036705736,True,qualified
Parkinsons__19,Parkinsons,spread2,Forest,Mean contrast with interval,3.0,0.0379418786231884,0.3041991883961377,True,3.1520995941980687,0.31724885909082823,False,qualified
Parkinsons__19,Parkinsons,spread2,Interval,Means with intervals,6.0,0.0379418786231884,0.3041991883961377,True,6.152099594198069,0.16254613318404035,False,qualified
Parkinsons__19,Parkinsons,spread2,Box,Min-max box with mean markers,12.0,0.023951175000000005,0.19202865700173916,True,12.09601432850087,0.08267185974174816,False,qualified
Parkinsons__19,Parkinsons,spread2,Heatmap,10 common bins,22.0,0.02582906521739131,0.20708465055705977,True,22.10354232527853,0.04524161717085313,False,qualified
Parkinsons__19,Parkinsons,spread2,Histogram,10 common bins,22.0,0.02582906521739131,0.20708465055705977,True,22.10354232527853,0.04524161717085313,False,qualified
Parkinsons__19,Parkinsons,spread2,Raincloud,Individual observations,32.0,0.0,0.0,True,32.0,0.03125,False,qualified
Parkinsons__19,Parkinsons,spread2,Violin,64-point density per group,130.0,0.030818412855041888,0.24708676845619582,True,130.1235433842281,0.0076850043734761,False,qualified
Parkinsons__19,Parkinsons,spread2,Area,No configuration for this input schema,,,,False,,0.0,False,input mismatch
Parkinsons__19,Parkinsons,spread2,Bubble,No configuration for this input schema,,,,False,,0.0,False,input mismatch
Parkinsons__19,Parkinsons,spread2,Line,No configuration for this input schema,,,,False,,0.0,False,input mismatch
Parkinsons__19,Parkinsons,spread2,Pie / donut,No configuration for this input schema,,,,False,,0.0,False,input mismatch
Parkinsons__19,Parkinsons,spread2,Scatter,No configuration for this input schema,,,,False,,0.0,False,input mismatch
Parkinsons__19,Parkinsons,spread2,Stacked bar,No configuration for this input schema,,,,False,,0.0,False,input mismatch
Parkinsons__20,Parkinsons,D2,Bar,Mean bars,2.0,0.25211546249999994,0.5089640131582731,True,2.2544820065791367,0.44356086989461546,True,qualified
Parkinsons__20,Parkinsons,D2,Dot,Mean dots,2.0,0.25211546249999994,0.5089640131582731,True,2.2544820065791367,0.44356086989461546,True,qualified
Parkinsons__20,Parkinsons,D2,Forest,Mean contrast with interval,3.0,0.25211546249999994,0.5089640131582731,True,3.2544820065791367,0.3072685600898816,False,qualified
Parkinsons__20,Parkinsons,D2,Interval,Means with intervals,6.0,0.25211546249999994,0.5089640131582731,True,6.254482006579137,0.15988534285462688,False,qualified
Parkinsons__20,Parkinsons,D2,Box,Min-max box with mean markers,12.0,0.1406740869565215,0.28398911806040883,True,12.141994559030204,0.08235879164154981,False,qualified
Parkinsons__20,Parkinsons,D2,Heatmap,10 common bins,22.0,0.1506642652173915,0.30415702513520376,True,22.152078512567602,0.04514249077948451,False,qualified
Parkinsons__20,Parkinsons,D2,Histogram,10 common bins,22.0,0.1506642652173915,0.30415702513520376,True,22.152078512567602,0.04514249077948451,False,qualified
Parkinsons__20,Parkinsons,D2,Raincloud,Individual observations,32.0,0.0,0.0,True,32.0,0.03125,False,qualified
Parkinsons__20,Parkinsons,D2,Violin,64-point density per group,130.0,0.1573035315384259,0.31756020000465557,True,130.15878010000233,0.0076829238813677396,False,qualified
Parkinsons__20,Parkinsons,D2,Area,No configuration for this input schema,,,,False,,0.0,False,input mismatch
Parkinsons__20,Parkinsons,D2,Bubble,No configuration for this input schema,,,,False,,0.0,False,input mismatch
Parkinsons__20,Parkinsons,D2,Line,No configuration for this input schema,,,,False,,0.0,False,input mismatch
Parkinsons__20,Parkinsons,D2,Pie / donut,No configuration for this input schema,,,,False,,0.0,False,input mismatch
Parkinsons__20,Parkinsons,D2,Scatter,No configuration for this input schema,,,,False,,0.0,False,input mismatch
Parkinsons__20,Parkinsons,D2,Stacked bar,No configuration for this input schema,,,,False,,0.0,False,input mismatch
Parkinsons__21,Parkinsons,PPE,Bar,Mean bars,2.0,0.0750795018115942,0.6051108566340643,True,2.302555428317032,0.4343000770804085,True,qualified
Parkinsons__21,Parkinsons,PPE,Dot,Mean dots,2.0,0.0750795018115942,0.6051108566340643,True,2.302555428317032,0.4343000770804085,True,qualified
Parkinsons__21,Parkinsons,PPE,Forest,Mean contrast with interval,3.0,0.0750795018115942,0.6051108566340643,True,3.302555428317032,0.30279582635486474,False,qualified
Parkinsons__21,Parkinsons,PPE,Interval,Means with intervals,6.0,0.0750795018115942,0.6051108566340643,True,6.302555428317032,0.15866580014624787,False,qualified
Parkinsons__21,Parkinsons,PPE,Box,Min-max box with mean markers,12.0,0.026268824999999968,0.21171625829922094,True,12.10585812914961,0.08260463565090913,False,qualified
Parkinsons__21,Parkinsons,PPE,Heatmap,10 common bins,22.0,0.03217152499999995,0.25928966738252823,True,22.129644833691263,0.04518825347244393,False,qualified
Parkinsons__21,Parkinsons,PPE,Histogram,10 common bins,22.0,0.03217152499999995,0.25928966738252823,True,22.129644833691263,0.04518825347244393,False,qualified
Parkinsons__21,Parkinsons,PPE,Raincloud,Individual observations,32.0,0.0,0.0,True,32.0,0.03125,False,qualified
Parkinsons__21,Parkinsons,PPE,Violin,64-point density per group,130.0,0.022757595719960694,0.18341714993786168,True,130.09170857496892,0.0076868849748692675,False,qualified
Parkinsons__21,Parkinsons,PPE,Area,No configuration for this input schema,,,,False,,0.0,False,input mismatch
Parkinsons__21,Parkinsons,PPE,Bubble,No configuration for this input schema,,,,False,,0.0,False,input mismatch
Parkinsons__21,Parkinsons,PPE,Line,No configuration for this input schema,,,,False,,0.0,False,input mismatch
Parkinsons__21,Parkinsons,PPE,Pie / donut,No configuration for this input schema,,,,False,,0.0,False,input mismatch
Parkinsons__21,Parkinsons,PPE,Scatter,No configuration for this input schema,,,,False,,0.0,False,input mismatch
Parkinsons__21,Parkinsons,PPE,Stacked bar,No configuration for this input schema,,,,False,,0.0,False,input mismatch
Retinopathy__00,Retinopathy,feature_2,Heatmap,10 common bins,22.0,3.858261794518839,0.40288609388645197,True,22.201443046943226,0.04504211721218201,True,qualified
Retinopathy__00,Retinopathy,feature_2,Histogram,10 common bins,22.0,3.858261794518839,0.40288609388645197,True,22.201443046943226,0.04504211721218201,True,qualified
Retinopathy__00,Retinopathy,feature_2,Violin,64-point density per group,130.0,3.061016009017006,0.31963636706786885,True,130.15981818353393,0.007682862606568288,False,qualified
Retinopathy__00,Retinopathy,feature_2,Dot,Individual observations,1151.0,0.0,0.0,True,1151.0,0.0008688097306689834,False,qualified
Retinopathy__00,Retinopathy,feature_2,Raincloud,Individual observations,1151.0,0.0,0.0,True,1151.0,0.0008688097306689834,False,qualified
Retinopathy__00,Retinopathy,feature_2,Area,No configuration for this input schema,,,,False,,0.0,False,input mismatch
Retinopathy__00,Retinopathy,feature_2,Bar,Mean bars,2.0,12.513920514112378,1.3067243291522217,False,,0.0,False,exceeds tolerance
Retinopathy__00,Retinopathy,feature_2,Box,Min-max box with mean markers,12.0,19.543599257885006,2.0407750393395463,False,,0.0,False,exceeds tolerance
Retinopathy__00,Retinopathy,feature_2,Bubble,No configuration for this input schema,,,,False,,0.0,False,input mismatch
Retinopathy__00,Retinopathy,feature_2,Forest,Mean contrast with interval,3.0,12.513920514112378,1.3067243291522217,False,,0.0,False,exceeds tolerance
Retinopathy__00,Retinopathy,feature_2,Interval,Means with intervals,6.0,12.513920514112378,1.3067243291522217,False,,0.0,False,exceeds tolerance
Retinopathy__00,Retinopathy,feature_2,Line,No configuration for this input schema,,,,False,,0.0,False,input mismatch
Retinopathy__00,Retinopathy,feature_2,Pie / donut,No configuration for this input schema,,,,False,,0.0,False,input mismatch
Retinopathy__00,Retinopathy,feature_2,Scatter,No configuration for this input schema,,,,False,,0.0,False,input mismatch
Retinopathy__00,Retinopathy,feature_2,Stacked bar,No configuration for this input schema,,,,False,,0.0,False,input mismatch
Retinopathy__01,Retinopathy,feature_3,Heatmap,10 common bins,22.0,3.7201488103966227,0.41334986782184696,True,22.206674933910925,0.04503150530082016,True,qualified
Retinopathy__01,Retinopathy,feature_3,Histogram,10 common bins,22.0,3.7201488103966227,0.41334986782184696,True,22.206674933910925,0.04503150530082016,True,qualified
Retinopathy__01,Retinopathy,feature_3,Violin,64-point density per group,130.0,3.228878587879244,0.3587642875421382,True,130.17938214377108,0.007681707990406596,False,qualified
Retinopathy__01,Retinopathy,feature_3,Dot,Individual observations,1151.0,0.0,0.0,True,1151.0,0.0008688097306689834,False,qualified
Retinopathy__01,Retinopathy,feature_3,Raincloud,Individual observations,1151.0,0.0,0.0,True,1151.0,0.0008688097306689834,False,qualified
Retinopathy__01,Retinopathy,feature_3,Area,No configuration for this input schema,,,,False,,0.0,False,input mismatch
Retinopathy__01,Retinopathy,feature_3,Bar,Mean bars,2.0,9.140616475722855,1.0156240528580949,False,,0.0,False,exceeds tolerance
Retinopathy__01,Retinopathy,feature_3,Box,Min-max box with mean markers,12.0,9.409836065573785,1.0455373406193094,False,,0.0,False,exceeds tolerance
Retinopathy__01,Retinopathy,feature_3,Bubble,No configuration for this input schema,,,,False,,0.0,False,input mismatch
Retinopathy__01,Retinopathy,feature_3,Forest,Mean contrast with interval,3.0,9.140616475722855,1.0156240528580949,False,,0.0,False,exceeds tolerance
Retinopathy__01,Retinopathy,feature_3,Interval,Means with intervals,6.0,9.140616475722855,1.0156240528580949,False,,0.0,False,exceeds tolerance
Retinopathy__01,Retinopathy,feature_3,Line,No configuration for this input schema,,,,False,,0.0,False,input mismatch
Retinopathy__01,Retinopathy,feature_3,Pie / donut,No configuration for this input schema,,,,False,,0.0,False,input mismatch
Retinopathy__01,Retinopathy,feature_3,Scatter,No configuration for this input schema,,,,False,,0.0,False,input mismatch
Retinopathy__01,Retinopathy,feature_3,Stacked bar,No configuration for this input schema,,,,False,,0.0,False,input mismatch
Retinopathy__02,Retinopathy,feature_4,Bar,Mean bars,2.0,7.720212765957445,0.9650265957446806,True,2.48251329787234,0.4028175804162092,True,qualified
Retinopathy__02,Retinopathy,feature_4,Dot,Mean dots,2.0,7.720212765957445,0.9650265957446806,True,2.48251329787234,0.4028175804162092,True,qualified
Retinopathy__02,Retinopathy,feature_4,Forest,Mean contrast with interval,3.0,7.720212765957445,0.9650265957446806,True,3.48251329787234,0.28714893941997444,False,qualified
Retinopathy__02,Retinopathy,feature_4,Interval,Means with intervals,6.0,7.720212765957445,0.9650265957446806,True,6.48251329787234,0.15426115675354113,False,qualified
Retinopathy__02,Retinopathy,feature_4,Heatmap,10 common bins,22.0,3.566365697794268,0.4457957122242835,True,22.22289785611214,0.044998631882968494,False,qualified
Retinopathy__02,Retinopathy,feature_4,Histogram,10 common bins,22.0,3.566365697794268,0.4457957122242835,True,22.22289785611214,0.044998631882968494,False,qualified
Retinopathy__02,Retinopathy,feature_4,Violin,64-point density per group,130.0,2.7952341388555553,0.3494042673569444,True,130.17470213367847,0.007681984161354824,False,qualified
Retinopathy__02,Retinopathy,feature_4,Raincloud,Individual observations,1151.0,0.0,0.0,True,1151.0,0.0008688097306689834,False,qualified
Retinopathy__02,Retinopathy,feature_4,Area,No configuration for this input schema,,,,False,,0.0,False,input mismatch
Retinopathy__02,Retinopathy,feature_4,Box,Min-max box with mean markers,12.0,8.747540983606541,1.0934426229508176,False,,0.0,False,exceeds tolerance
Retinopathy__02,Retinopathy,feature_4,Bubble,No configuration for this input schema,,,,False,,0.0,False,input mismatch
Retinopathy__02,Retinopathy,feature_4,Line,No configuration for this input schema,,,,False,,0.0,False,input mismatch
Retinopathy__02,Retinopathy,feature_4,Pie / donut,No configuration for this input schema,,,,False,,0.0,False,input mismatch
Retinopathy__02,Retinopathy,feature_4,Scatter,No configuration for this input schema,,,,False,,0.0,False,input mismatch
Retinopathy__02,Retinopathy,feature_4,Stacked bar,No configuration for this input schema,,,,False,,0.0,False,input mismatch
Retinopathy__03,Retinopathy,feature_5,Bar,Mean bars,2.0,6.353076316906101,0.7941345396132626,True,2.397067269806631,0.41717644414738053,True,qualified
Retinopathy__03,Retinopathy,feature_5,Dot,Mean dots,2.0,6.353076316906101,0.7941345396132626,True,2.397067269806631,0.41717644414738053,True,qualified
Retinopathy__03,Retinopathy,feature_5,Forest,Mean contrast with interval,3.0,6.353076316906101,0.7941345396132626,True,3.397067269806631,0.2943715624615589,False,qualified
Retinopathy__03,Retinopathy,feature_5,Interval,Means with intervals,6.0,6.353076316906101,0.7941345396132626,True,6.397067269806631,0.15632163268313226,False,qualified
Retinopathy__03,Retinopathy,feature_5,Box,Min-max box with mean markers,12.0,3.849721706864564,0.4812152133580705,True,12.240607606679035,0.08169529096368994,False,qualified
Retinopathy__03,Retinopathy,feature_5,Heatmap,10 common bins,22.0,2.5945398536773254,0.3243174817096657,True,22.16215874085483,0.045121958185262434,False,qualified
Retinopathy__03,Retinopathy,feature_5,Histogram,10 common bins,22.0,2.5945398536773254,0.3243174817096657,True,22.16215874085483,0.045121958185262434,False,qualified
Retinopathy__03,Retinopathy,feature_5,Violin,64-point density per group,130.0,2.4058275902177115,0.30072844877721394,True,130.1503642243886,0.0076834206800676175,False,qualified
Retinopathy__03,Retinopathy,feature_5,Raincloud,Individual observations,1151.0,0.0,0.0,True,1151.0,0.0008688097306689834,False,qualified
Retinopathy__03,Retinopathy,feature_5,Area,No configuration for this input schema,,,,False,,0.0,False,input mismatch
Retinopathy__03,Retinopathy,feature_5,Bubble,No configuration for this input schema,,,,False,,0.0,False,input mismatch
Retinopathy__03,Retinopathy,feature_5,Line,No configuration for this input schema,,,,False,,0.0,False,input mismatch
Retinopathy__03,Retinopathy,feature_5,Pie / donut,No configuration for this input schema,,,,False,,0.0,False,input mismatch
Retinopathy__03,Retinopathy,feature_5,Scatter,No configuration for this input schema,,,,False,,0.0,False,input mismatch
Retinopathy__03,Retinopathy,feature_5,Stacked bar,No configuration for this input schema,,,,False,,0.0,False,input mismatch
Retinopathy__04,Retinopathy,feature_6,Bar,Mean bars,2.0,4.684133478814331,0.6553790132750932,True,2.3276895066375465,0.42961056324240837,True,qualified
Retinopathy__04,Retinopathy,feature_6,Dot,Mean dots,2.0,4.684133478814331,0.6553790132750932,True,2.3276895066375465,0.42961056324240837,True,qualified
Retinopathy__04,Retinopathy,feature_6,Forest,Mean contrast with interval,3.0,4.684133478814331,0.6553790132750932,True,3.3276895066375465,0.30050880588629403,False,qualified
Retinopathy__04,Retinopathy,feature_6,Interval,Means with intervals,6.0,4.684133478814331,0.6553790132750932,True,6.3276895066375465,0.15803556716097267,False,qualified
Retinopathy__04,Retinopathy,feature_6,Box,Min-max box with mean markers,12.0,3.4672131147541023,0.485113996054867,True,12.242556998027434,0.08168228256246826,False,qualified
Retinopathy__04,Retinopathy,feature_6,Heatmap,10 common bins,22.0,2.614591677175291,0.3658197447307061,True,22.182909872365354,0.04507974858815808,False,qualified
Retinopathy__04,Retinopathy,feature_6,Histogram,10 common bins,22.0,2.614591677175291,0.3658197447307061,True,22.182909872365354,0.04507974858815808,False,qualified
Retinopathy__04,Retinopathy,feature_6,Violin,64-point density per group,130.0,2.2693556670663355,0.31751616058316184,True,130.1587580802916,0.007682925181132457,False,qualified
Retinopathy__04,Retinopathy,feature_6,Raincloud,Individual observations,1151.0,0.0,0.0,True,1151.0,0.0008688097306689834,False,qualified
Retinopathy__04,Retinopathy,feature_6,Area,No configuration for this input schema,,,,False,,0.0,False,input mismatch
Retinopathy__04,Retinopathy,feature_6,Bubble,No configuration for this input schema,,,,False,,0.0,False,input mismatch
Retinopathy__04,Retinopathy,feature_6,Line,No configuration for this input schema,,,,False,,0.0,False,input mismatch
Retinopathy__04,Retinopathy,feature_6,Pie / donut,No configuration for this input schema,,,,False,,0.0,False,input mismatch
Retinopathy__04,Retinopathy,feature_6,Scatter,No configuration for this input schema,,,,False,,0.0,False,input mismatch
Retinopathy__04,Retinopathy,feature_6,Stacked bar,No configuration for this input schema,,,,False,,0.0,False,input mismatch
Retinopathy__05,Retinopathy,feature_7,Bar,Mean bars,2.0,4.132518033581864,0.6887530055969773,True,2.3443765027984886,0.42655264579144914,True,qualified
Retinopathy__05,Retinopathy,feature_7,Dot,Mean dots,2.0,4.132518033581864,0.6887530055969773,True,2.3443765027984886,0.42655264579144914,True,qualified
Retinopathy__05,Retinopathy,feature_7,Forest,Mean contrast with interval,3.0,4.132518033581864,0.6887530055969773,True,3.3443765027984886,0.2990093965686057,False,qualified
Retinopathy__05,Retinopathy,feature_7,Interval,Means with intervals,6.0,4.132518033581864,0.6887530055969773,True,6.344376502798489,0.157619901586689,False,qualified
Retinopathy__05,Retinopathy,feature_7,Box,Min-max box with mean markers,12.0,5.268852459016401,0.8781420765027335,True,12.439071038251367,0.08039185538252026,False,qualified
Retinopathy__05,Retinopathy,feature_7,Heatmap,10 common bins,22.0,2.3750659380692163,0.39584432301153605,True,22.19792216150577,0.0450492614905253,False,qualified
Retinopathy__05,Retinopathy,feature_7,Histogram,10 common bins,22.0,2.3750659380692163,0.39584432301153605,True,22.19792216150577,0.0450492614905253,False,qualified
Retinopathy__05,Retinopathy,feature_7,Violin,64-point density per group,130.0,1.9954364651769865,0.3325727441961644,True,130.16628637209809,0.0076824808317982095,False,qualified
Retinopathy__05,Retinopathy,feature_7,Raincloud,Individual observations,1151.0,0.0,0.0,True,1151.0,0.0008688097306689834,False,qualified
Retinopathy__05,Retinopathy,feature_7,Area,No configuration for this input schema,,,,False,,0.0,False,input mismatch
Retinopathy__05,Retinopathy,feature_7,Bubble,No configuration for this input schema,,,,False,,0.0,False,input mismatch
Retinopathy__05,Retinopathy,feature_7,Line,No configuration for this input schema,,,,False,,0.0,False,input mismatch
Retinopathy__05,Retinopathy,feature_7,Pie / donut,No configuration for this input schema,,,,False,,0.0,False,input mismatch
Retinopathy__05,Retinopathy,feature_7,Scatter,No configuration for this input schema,,,,False,,0.0,False,input mismatch
Retinopathy__05,Retinopathy,feature_7,Stacked bar,No configuration for this input schema,,,,False,,0.0,False,input mismatch
Retinopathy__06,Retinopathy,feature_8,Heatmap,10 common bins,22.0,8.746818489744982,0.2733203470541273,True,22.136660173527062,0.045173932840866696,True,qualified
Retinopathy__06,Retinopathy,feature_8,Histogram,10 common bins,22.0,8.746818489744982,0.2733203470541273,True,22.136660173527062,0.045173932840866696,True,qualified
Retinopathy__06,Retinopathy,feature_8,Violin,64-point density per group,130.0,6.329392775104935,0.1977806938559216,True,130.09889034692796,0.0076864606403125495,False,qualified
Retinopathy__06,Retinopathy,feature_8,Dot,Individual observations,1151.0,0.0,0.0,True,1151.0,0.0008688097306689834,False,qualified
Retinopathy__06,Retinopathy,feature_8,Raincloud,Individual observations,1151.0,0.0,0.0,True,1151.0,0.0008688097306689834,False,qualified
Retinopathy__06,Retinopathy,feature_8,Area,No configuration for this input schema,,,,False,,0.0,False,input mismatch
Retinopathy__06,Retinopathy,feature_8,Bar,Mean bars,2.0,44.621784410914586,1.3943403096411118,False,,0.0,False,exceeds tolerance
Retinopathy__06,Retinopathy,feature_8,Box,Min-max box with mean markers,12.0,101.20050503606552,3.162310637969673,False,,0.0,False,exceeds tolerance
Retinopathy__06,Retinopathy,feature_8,Bubble,No configuration for this input schema,,,,False,,0.0,False,input mismatch
Retinopathy__06,Retinopathy,feature_8,Forest,Mean contrast with interval,3.0,44.621784410914586,1.3943403096411118,False,,0.0,False,exceeds tolerance
Retinopathy__06,Retinopathy,feature_8,Interval,Means with intervals,6.0,44.621784410914586,1.3943403096411118,False,,0.0,False,exceeds tolerance
Retinopathy__06,Retinopathy,feature_8,Line,No configuration for this input schema,,,,False,,0.0,False,input mismatch
Retinopathy__06,Retinopathy,feature_8,Pie / donut,No configuration for this input schema,,,,False,,0.0,False,input mismatch
Retinopathy__06,Retinopathy,feature_8,Scatter,No configuration for this input schema,,,,False,,0.0,False,input mismatch
Retinopathy__06,Retinopathy,feature_8,Stacked bar,No configuration for this input schema,,,,False,,0.0,False,input mismatch
Retinopathy__07,Retinopathy,feature_9,Box,Min-max box with mean markers,12.0,12.68561999628951,0.8843043626547519,True,12.442152181327376,0.08037194734691921,True,qualified
Retinopathy__07,Retinopathy,feature_9,Heatmap,10 common bins,22.0,5.452099201611013,0.38006144839758105,True,22.19003072419879,0.04506528235265013,False,qualified
Retinopathy__07,Retinopathy,feature_9,Histogram,10 common bins,22.0,5.452099201611013,0.38006144839758105,True,22.19003072419879,0.04506528235265013,False,qualified
Retinopathy__07,Retinopathy,feature_9,Violin,64-point density per group,130.0,5.109142976100848,0.35615424587165384,True,130.17807712293583,0.00768178499868018,False,qualified
Retinopathy__07,Retinopathy,feature_9,Dot,Individual observations,1151.0,0.0,0.0,True,1151.0,0.0008688097306689834,False,qualified
Retinopathy__07,Retinopathy,feature_9,Raincloud,Individual observations,1151.0,0.0,0.0,True,1151.0,0.0008688097306689834,False,qualified
Retinopathy__07,Retinopathy,feature_9,Area,No configuration for this input schema,,,,False,,0.0,False,input mismatch
Retinopathy__07,Retinopathy,feature_9,Bar,Mean bars,2.0,15.798349299226249,1.1012902177533097,False,,0.0,False,exceeds tolerance
Retinopathy__07,Retinopathy,feature_9,Bubble,No configuration for this input schema,,,,False,,0.0,False,input mismatch
Retinopathy__07,Retinopathy,feature_9,Forest,Mean contrast with interval,3.0,15.798349299226249,1.1012902177533097,False,,0.0,False,exceeds tolerance
Retinopathy__07,Retinopathy,feature_9,Interval,Means with intervals,6.0,15.798349299226249,1.1012902177533097,False,,0.0,False,exceeds tolerance
Retinopathy__07,Retinopathy,feature_9,Line,No configuration for this input schema,,,,False,,0.0,False,input mismatch
Retinopathy__07,Retinopathy,feature_9,Pie / donut,No configuration for this input schema,,,,False,,0.0,False,input mismatch
Retinopathy__07,Retinopathy,feature_9,Scatter,No configuration for this input schema,,,,False,,0.0,False,input mismatch
Retinopathy__07,Retinopathy,feature_9,Stacked bar,No configuration for this input schema,,,,False,,0.0,False,input mismatch
Retinopathy__08,Retinopathy,feature_10,Heatmap,10 common bins,22.0,1.46692726036418,0.1934386624970225,True,22.09671933124851,0.045255586814004115,True,qualified
Retinopathy__08,Retinopathy,feature_10,Histogram,10 common bins,22.0,1.46692726036418,0.1934386624970225,True,22.09671933124851,0.045255586814004115,True,qualified
Retinopathy__08,Retinopathy,feature_10,Violin,64-point density per group,130.0,1.1150458216654968,0.14703726503270456,True,130.07351863251634,0.007687959936143495,False,qualified
Retinopathy__08,Retinopathy,feature_10,Dot,Individual observations,1151.0,0.0,0.0,True,1151.0,0.0008688097306689834,False,qualified
Retinopathy__08,Retinopathy,feature_10,Raincloud,Individual observations,1151.0,0.0,0.0,True,1151.0,0.0008688097306689834,False,qualified
Retinopathy__08,Retinopathy,feature_10,Area,No configuration for this input schema,,,,False,,0.0,False,input mismatch
Retinopathy__08,Retinopathy,feature_10,Bar,Mean bars,2.0,8.017589249551461,1.05725197342008,False,,0.0,False,exceeds tolerance
Retinopathy__08,Retinopathy,feature_10,Box,Min-max box with mean markers,12.0,20.818450950000038,2.7452576660332197,False,,0.0,False,exceeds tolerance
Retinopathy__08,Retinopathy,feature_10,Bubble,No configuration for this input schema,,,,False,,0.0,False,input mismatch
Retinopathy__08,Retinopathy,feature_10,Forest,Mean contrast with interval,3.0,8.017589249551461,1.05725197342008,False,,0.0,False,exceeds tolerance
Retinopathy__08,Retinopathy,feature_10,Interval,Means with intervals,6.0,8.017589249551461,1.05725197342008,False,,0.0,False,exceeds tolerance
Retinopathy__08,Retinopathy,feature_10,Line,No configuration for this input schema,,,,False,,0.0,False,input mismatch
Retinopathy__08,Retinopathy,feature_10,Pie / donut,No configuration for this input schema,,,,False,,0.0,False,input mismatch
Retinopathy__08,Retinopathy,feature_10,Scatter,No configuration for this input schema,,,,False,,0.0,False,input mismatch
Retinopathy__08,Retinopathy,feature_10,Stacked bar,No configuration for this input schema,,,,False,,0.0,False,input mismatch
Retinopathy__09,Retinopathy,feature_11,Bar,Mean bars,2.0,2.498252609688052,0.9501985638839828,True,2.4750992819419912,0.40402419704771947,True,qualified
Retinopathy__09,Retinopathy,feature_11,Dot,Mean dots,2.0,2.498252609688052,0.9501985638839828,True,2.4750992819419912,0.40402419704771947,True,qualified
Retinopathy__09,Retinopathy,feature_11,Forest,Mean contrast with interval,3.0,2.498252609688052,0.9501985638839828,True,3.4750992819419912,0.2877615627261071,False,qualified
Retinopathy__09,Retinopathy,feature_11,Interval,Means with intervals,6.0,2.498252609688052,0.9501985638839828,True,6.475099281941992,0.15443778642728132,False,qualified
Retinopathy__09,Retinopathy,feature_11,Heatmap,10 common bins,22.0,1.847688401898285,0.7027595444834004,True,22.3513797722417,0.04473996729463232,False,qualified
Retinopathy__09,Retinopathy,feature_11,Histogram,10 common bins,22.0,1.847688401898285,0.7027595444834004,True,22.3513797722417,0.04473996729463232,False,qualified
Retinopathy__09,Retinopathy,feature_11,Violin,64-point density per group,130.0,0.5920093052537094,0.2251679391734008,True,130.1125839695867,0.00768565168326644,False,qualified
Retinopathy__09,Retinopathy,feature_11,Raincloud,Individual observations,1151.0,0.0,0.0,True,1151.0,0.0008688097306689834,False,qualified
Retinopathy__09,Retinopathy,feature_11,Area,No configuration for this input schema,,,,False,,0.0,False,input mismatch
Retinopathy__09,Retinopathy,feature_11,Box,Min-max box with mean markers,12.0,18.251297855737697,6.941794814618948,False,,0.0,False,exceeds tolerance
Retinopathy__09,Retinopathy,feature_11,Bubble,No configuration for this input schema,,,,False,,0.0,False,input mismatch
Retinopathy__09,Retinopathy,feature_11,Line,No configuration for this input schema,,,,False,,0.0,False,input mismatch
Retinopathy__09,Retinopathy,feature_11,Pie / donut,No configuration for this input schema,,,,False,,0.0,False,input mismatch
Retinopathy__09,Retinopathy,feature_11,Scatter,No configuration for this input schema,,,,False,,0.0,False,input mismatch
Retinopathy__09,Retinopathy,feature_11,Stacked bar,No configuration for this input schema,,,,False,,0.0,False,input mismatch
Retinopathy__10,Retinopathy,feature_12,Heatmap,40 common bins,82.0,0.8633806728258611,0.5749749466180375,True,82.28748747330901,0.012152515901331446,True,qualified
Retinopathy__10,Retinopathy,feature_12,Histogram,40 common bins,82.0,0.8633806728258611,0.5749749466180375,True,82.28748747330901,0.012152515901331446,True,qualified
Retinopathy__10,Retinopathy,feature_12,Violin,64-point density per group,130.0,0.8079673964247307,0.5380720523982861,True,130.26903602619913,0.007676421277876689,False,qualified
Retinopathy__10,Retinopathy,feature_12,Dot,Individual observations,1151.0,0.0,0.0,True,1151.0,0.0008688097306689834,False,qualified
Retinopathy__10,Retinopathy,feature_12,Raincloud,Individual observations,1151.0,0.0,0.0,True,1151.0,0.0008688097306689834,False,qualified
Retinopathy__10,Retinopathy,feature_12,Area,No configuration for this input schema,,,,False,,0.0,False,input mismatch
Retinopathy__10,Retinopathy,feature_12,Bar,Mean bars,2.0,2.596062257901488,1.728867468469581,False,,0.0,False,exceeds tolerance
Retinopathy__10,Retinopathy,feature_12,Box,Min-max box with mean markers,12.0,32.62994584999999,21.730161403598235,False,,0.0,False,exceeds tolerance
Retinopathy__10,Retinopathy,feature_12,Bubble,No configuration for this input schema,,,,False,,0.0,False,input mismatch
Retinopathy__10,Retinopathy,feature_12,Forest,Mean contrast with interval,3.0,2.596062257901488,1.728867468469581,False,,0.0,False,exceeds tolerance
Retinopathy__10,Retinopathy,feature_12,Interval,Means with intervals,6.0,2.596062257901488,1.728867468469581,False,,0.0,False,exceeds tolerance
Retinopathy__10,Retinopathy,feature_12,Line,No configuration for this input schema,,,,False,,0.0,False,input mismatch
Retinopathy__10,Retinopathy,feature_12,Pie / donut,No configuration for this input schema,,,,False,,0.0,False,input mismatch
Retinopathy__10,Retinopathy,feature_12,Scatter,No configuration for this input schema,,,,False,,0.0,False,input mismatch
Retinopathy__10,Retinopathy,feature_12,Stacked bar,No configuration for this input schema,,,,False,,0.0,False,input mismatch
Retinopathy__11,Retinopathy,feature_13,Heatmap,40 common bins,82.0,0.4017037400002659,0.5773884376142818,True,82.28869421880714,0.01215233768737394,True,qualified
Retinopathy__11,Retinopathy,feature_13,Histogram,40 common bins,82.0,0.4017037400002659,0.5773884376142818,True,82.28869421880714,0.01215233768737394,True,qualified
Retinopathy__11,Retinopathy,feature_13,Violin,64-point density per group,130.0,0.5808001278520509,0.8348124376099881,True,130.41740621880498,0.007667688148330995,False,qualified
Retinopathy__11,Retinopathy,feature_13,Dot,Individual observations,1151.0,0.0,0.0,True,1151.0,0.0008688097306689834,False,qualified
Retinopathy__11,Retinopathy,feature_13,Raincloud,Individual observations,1151.0,0.0,0.0,True,1151.0,0.0008688097306689834,False,qualified
Retinopathy__11,Retinopathy,feature_13,Area,No configuration for this input schema,,,,False,,0.0,False,input mismatch
Retinopathy__11,Retinopathy,feature_13,Bar,Mean bars,2.0,1.3028633403588532,1.87266921765335,False,,0.0,False,exceeds tolerance
Retinopathy__11,Retinopathy,feature_13,Box,Min-max box with mean markers,12.0,13.244553499999999,19.037044694327978,False,,0.0,False,exceeds tolerance
Retinopathy__11,Retinopathy,feature_13,Bubble,No configuration for this input schema,,,,False,,0.0,False,input mismatch
Retinopathy__11,Retinopathy,feature_13,Forest,Mean contrast with interval,3.0,1.3028633403588532,1.87266921765335,False,,0.0,False,exceeds tolerance
Retinopathy__11,Retinopathy,feature_13,Interval,Means with intervals,6.0,1.3028633403588532,1.87266921765335,False,,0.0,False,exceeds tolerance
Retinopathy__11,Retinopathy,feature_13,Line,No configuration for this input schema,,,,False,,0.0,False,input mismatch
Retinopathy__11,Retinopathy,feature_13,Pie / donut,No configuration for this input schema,,,,False,,0.0,False,input mismatch
Retinopathy__11,Retinopathy,feature_13,Scatter,No configuration for this input schema,,,,False,,0.0,False,input mismatch
Retinopathy__11,Retinopathy,feature_13,Stacked bar,No configuration for this input schema,,,,False,,0.0,False,input mismatch
Retinopathy__12,Retinopathy,feature_14,Heatmap,20 common bins,42.0,0.27870782800300536,0.8299064617845484,True,42.41495323089227,0.023576590891338425,True,qualified
Retinopathy__12,Retinopathy,feature_14,Histogram,20 common bins,42.0,0.27870782800300536,0.8299064617845484,True,42.41495323089227,0.023576590891338425,True,qualified
Retinopathy__12,Retinopathy,feature_14,Violin,64-point density per group,130.0,0.26860564197360254,0.7998252490535569,True,130.3999126245268,0.007668716794921464,False,qualified
Retinopathy__12,Retinopathy,feature_14,Dot,Individual observations,1151.0,0.0,0.0,True,1151.0,0.0008688097306689834,False,qualified
Retinopathy__12,Retinopathy,feature_14,Raincloud,Individual observations,1151.0,0.0,0.0,True,1151.0,0.0008688097306689834,False,qualified
Retinopathy__12,Retinopathy,feature_14,Area,No configuration for this input schema,,,,False,,0.0,False,input mismatch
Retinopathy__12,Retinopathy,feature_14,Bar,Mean bars,2.0,0.7761635096653938,2.311176965096718,False,,0.0,False,exceeds tolerance
Retinopathy__12,Retinopathy,feature_14,Box,Min-max box with mean markers,12.0,3.4382029475409843,10.237914247102434,False,,0.0,False,exceeds tolerance
Retinopathy__12,Retinopathy,feature_14,Bubble,No configuration for this input schema,,,,False,,0.0,False,input mismatch
Retinopathy__12,Retinopathy,feature_14,Forest,Mean contrast with interval,3.0,0.7761635096653938,2.311176965096718,False,,0.0,False,exceeds tolerance
Retinopathy__12,Retinopathy,feature_14,Interval,Means with intervals,6.0,0.7761635096653938,2.311176965096718,False,,0.0,False,exceeds tolerance
Retinopathy__12,Retinopathy,feature_14,Line,No configuration for this input schema,,,,False,,0.0,False,input mismatch
Retinopathy__12,Retinopathy,feature_14,Pie / donut,No configuration for this input schema,,,,False,,0.0,False,input mismatch
Retinopathy__12,Retinopathy,feature_14,Scatter,No configuration for this input schema,,,,False,,0.0,False,input mismatch
Retinopathy__12,Retinopathy,feature_14,Stacked bar,No configuration for this input schema,,,,False,,0.0,False,input mismatch
Retinopathy__13,Retinopathy,feature_15,Heatmap,40 common bins,82.0,0.08353390511336517,0.5572635035865381,True,82.27863175179327,0.012153823887308443,True,qualified
Retinopathy__13,Retinopathy,feature_15,Histogram,40 common bins,82.0,0.08353390511336517,0.5572635035865381,True,82.27863175179327,0.012153823887308443,True,qualified
Retinopathy__13,Retinopathy,feature_15,Violin,128-point density per group,258.0,0.1190013611884955,0.7938706490193509,True,258.3969353245097,0.0038700149393960212,False,qualified
Retinopathy__13,Retinopathy,feature_15,Dot,Individual observations,1151.0,0.0,0.0,True,1151.0,0.0008688097306689834,False,qualified
Retinopathy__13,Retinopathy,feature_15,Raincloud,Individual observations,1151.0,0.0,0.0,True,1151.0,0.0008688097306689834,False,qualified
Retinopathy__13,Retinopathy,feature_15,Area,No configuration for this input schema,,,,False,,0.0,False,input mismatch
Retinopathy__13,Retinopathy,feature_15,Bar,Mean bars,2.0,0.29880760961993086,1.9933771228478028,False,,0.0,False,exceeds tolerance
Retinopathy__13,Retinopathy,feature_15,Box,Min-max box with mean markers,12.0,1.9602826999999996,13.07725293028709,False,,0.0,False,exceeds tolerance
Retinopathy__13,Retinopathy,feature_15,Bubble,No configuration for this input schema,,,,False,,0.0,False,input mismatch
Retinopathy__13,Retinopathy,feature_15,Forest,Mean contrast with interval,3.0,0.29880760961993086,1.9933771228478028,False,,0.0,False,exceeds tolerance
Retinopathy__13,Retinopathy,feature_15,Interval,Means with intervals,6.0,0.29880760961993086,1.9933771228478028,False,,0.0,False,exceeds tolerance
Retinopathy__13,Retinopathy,feature_15,Line,No configuration for this input schema,,,,False,,0.0,False,input mismatch
Retinopathy__13,Retinopathy,feature_15,Pie / donut,No configuration for this input schema,,,,False,,0.0,False,input mismatch
Retinopathy__13,Retinopathy,feature_15,Scatter,No configuration for this input schema,,,,False,,0.0,False,input mismatch
Retinopathy__13,Retinopathy,feature_15,Stacked bar,No configuration for this input schema,,,,False,,0.0,False,input mismatch
Retinopathy__14,Retinopathy,feature_16,Bar,Mean bars,2.0,0.00652002302429644,0.6958225261269094,True,2.347911263063455,0.42591047444239544,True,qualified
Retinopathy__14,Retinopathy,feature_16,Dot,Mean dots,2.0,0.00652002302429644,0.6958225261269094,True,2.347911263063455,0.42591047444239544,True,qualified
Retinopathy__14,Retinopathy,feature_16,Forest,Mean contrast with interval,3.0,0.00652002302429644,0.6958225261269094,True,3.347911263063455,0.2986936992723533,False,qualified
Retinopathy__14,Retinopathy,feature_16,Interval,Means with intervals,6.0,0.00652002302429644,0.6958225261269094,True,6.347911263063454,0.1575321327849513,False,qualified
Retinopathy__14,Retinopathy,feature_16,Heatmap,10 common bins,22.0,0.0061031333041958735,0.6513316927240599,True,22.32566584636203,0.04479149723379696,False,qualified
Retinopathy__14,Retinopathy,feature_16,Histogram,10 common bins,22.0,0.0061031333041958735,0.6513316927240599,True,22.32566584636203,0.04479149723379696,False,qualified
Retinopathy__14,Retinopathy,feature_16,Violin,64-point density per group,130.0,0.004393047121382887,0.4688298084231134,True,130.23441490421155,0.007678461954434302,False,qualified
Retinopathy__14,Retinopathy,feature_16,Raincloud,Individual observations,1151.0,0.0,0.0,True,1151.0,0.0008688097306689834,False,qualified
Retinopathy__14,Retinopathy,feature_16,Area,No configuration for this input schema,,,,False,,0.0,False,input mismatch
Retinopathy__14,Retinopathy,feature_16,Box,Min-max box with mean markers,12.0,0.04011600000000004,4.281214399717434,False,,0.0,False,exceeds tolerance
Retinopathy__14,Retinopathy,feature_16,Bubble,No configuration for this input schema,,,,False,,0.0,False,input mismatch
Retinopathy__14,Retinopathy,feature_16,Line,No configuration for this input schema,,,,False,,0.0,False,input mismatch
Retinopathy__14,Retinopathy,feature_16,Pie / donut,No configuration for this input schema,,,,False,,0.0,False,input mismatch
Retinopathy__14,Retinopathy,feature_16,Scatter,No configuration for this input schema,,,,False,,0.0,False,input mismatch
Retinopathy__14,Retinopathy,feature_16,Stacked bar,No configuration for this input schema,,,,False,,0.0,False,input mismatch
Retinopathy__15,Retinopathy,feature_17,Bar,Mean bars,2.0,0.0033459383909841545,0.49232171895726096,True,2.2461608594786306,0.4452040893598848,True,qualified
Retinopathy__15,Retinopathy,feature_17,Dot,Mean dots,2.0,0.0033459383909841545,0.49232171895726096,True,2.2461608594786306,0.4452040893598848,True,qualified
Retinopathy__15,Retinopathy,feature_17,Forest,Mean contrast with interval,3.0,0.0033459383909841545,0.49232171895726096,True,3.2461608594786306,0.30805620648158855,False,qualified
Retinopathy__15,Retinopathy,feature_17,Interval,Means with intervals,6.0,0.0033459383909841545,0.49232171895726096,True,6.24616085947863,0.16009834240539722,False,qualified
Retinopathy__15,Retinopathy,feature_17,Heatmap,10 common bins,22.0,0.0015848983242258419,0.23320210242300424,True,22.116601051211504,0.04521490430127472,False,qualified
Retinopathy__15,Retinopathy,feature_17,Histogram,10 common bins,22.0,0.0015848983242258419,0.23320210242300424,True,22.116601051211504,0.04521490430127472,False,qualified
Retinopathy__15,Retinopathy,feature_17,Violin,64-point density per group,130.0,0.001326972180805172,0.19525082315407208,True,130.09762541157704,0.007686535375541241,False,qualified
Retinopathy__15,Retinopathy,feature_17,Raincloud,Individual observations,1151.0,0.0,0.0,True,1151.0,0.0008688097306689834,False,qualified
Retinopathy__15,Retinopathy,feature_17,Area,No configuration for this input schema,,,,False,,0.0,False,input mismatch
Retinopathy__15,Retinopathy,feature_17,Box,Min-max box with mean markers,12.0,0.0182686262295082,2.688047542218411,False,,0.0,False,exceeds tolerance
Retinopathy__15,Retinopathy,feature_17,Bubble,No configuration for this input schema,,,,False,,0.0,False,input mismatch
Retinopathy__15,Retinopathy,feature_17,Line,No configuration for this input schema,,,,False,,0.0,False,input mismatch
Retinopathy__15,Retinopathy,feature_17,Pie / donut,No configuration for this input schema,,,,False,,0.0,False,input mismatch
Retinopathy__15,Retinopathy,feature_17,Scatter,No configuration for this input schema,,,,False,,0.0,False,input mismatch
Retinopathy__15,Retinopathy,feature_17,Stacked bar,No configuration for this input schema,,,,False,,0.0,False,input mismatch
HAR__00,HAR,tBodyAcc-mean()-X,Box,Min-max box with mean markers,12.0,0.00455206586206891,0.5466152507613892,True,12.273307625380694,0.08147762856787207,True,qualified
HAR__00,HAR,tBodyAcc-mean()-X,Heatmap,10 common bins,22.0,0.0034242551333333315,0.4111869500779289,True,22.205593475038963,0.04503369842936591,False,qualified
HAR__00,HAR,tBodyAcc-mean()-X,Histogram,10 common bins,22.0,0.0034242551333333315,0.4111869500779289,True,22.205593475038963,0.04503369842936591,False,qualified
HAR__00,HAR,tBodyAcc-mean()-X,Dot,Individual observations,60.0,0.0,0.0,True,60.0,0.016666666666666666,False,qualified
HAR__00,HAR,tBodyAcc-mean()-X,Line,Individual observations with pairing,60.0,0.0,0.0,True,60.0,0.016666666666666666,False,qualified
HAR__00,HAR,tBodyAcc-mean()-X,Raincloud,Individual observations,60.0,0.0,0.0,True,60.0,0.016666666666666666,False,qualified
HAR__00,HAR,tBodyAcc-mean()-X,Scatter,Individual observations with pairing,60.0,0.0,0.0,True,60.0,0.016666666666666666,False,qualified
HAR__00,HAR,tBodyAcc-mean()-X,Violin,64-point density per group,130.0,0.0037351909363308455,0.4485243386562506,True,130.2242621693281,0.0076790605939446146,False,qualified
HAR__00,HAR,tBodyAcc-mean()-X,Area,No configuration for this input schema,,,,False,,0.0,False,input mismatch
HAR__00,HAR,tBodyAcc-mean()-X,Bar,Mean bars,2.0,0.009648834666666661,1.1586388116269615,False,,0.0,False,exceeds tolerance
HAR__00,HAR,tBodyAcc-mean()-X,Bubble,No configuration for this input schema,,,,False,,0.0,False,input mismatch
HAR__00,HAR,tBodyAcc-mean()-X,Forest,Mean contrast with interval,3.0,0.009648834666666661,1.1586388116269615,False,,0.0,False,exceeds tolerance
HAR__00,HAR,tBodyAcc-mean()-X,Interval,Means with intervals,6.0,0.009648834666666661,1.1586388116269615,False,,0.0,False,exceeds tolerance
HAR__00,HAR,tBodyAcc-mean()-X,Pie / donut,No configuration for this input schema,,,,False,,0.0,False,input mismatch
HAR__00,HAR,tBodyAcc-mean()-X,Stacked bar,No configuration for this input schema,,,,False,,0.0,False,input mismatch
HAR__01,HAR,tBodyAcc-mean()-Y,Bar,Mean bars,2.0,0.0018984744500000032,0.7321559084610398,True,2.36607795423052,0.4226403437858045,True,qualified
HAR__01,HAR,tBodyAcc-mean()-Y,Dot,Mean dots,2.0,0.0018984744500000032,0.7321559084610398,True,2.36607795423052,0.4226403437858045,True,qualified
HAR__01,HAR,tBodyAcc-mean()-Y,Forest,Mean contrast with interval,3.0,0.0018984744500000032,0.7321559084610398,True,3.36607795423052,0.29708165217718446,False,qualified
HAR__01,HAR,tBodyAcc-mean()-Y,Interval,Means with intervals,6.0,0.0018984744500000032,0.7321559084610398,True,6.36607795423052,0.15708258792769872,False,qualified
HAR__01,HAR,tBodyAcc-mean()-Y,Box,Min-max box with mean markers,12.0,0.0008069993793103428,0.31122323699771587,True,12.155611618498858,0.08226653099693998,False,qualified
HAR__01,HAR,tBodyAcc-mean()-Y,Heatmap,10 common bins,22.0,0.00047431208850574544,0.1829207646455166,True,22.091460382322758,0.04526636006373686,False,qualified
HAR__01,HAR,tBodyAcc-mean()-Y,Histogram,10 common bins,22.0,0.00047431208850574544,0.1829207646455166,True,22.091460382322758,0.04526636006373686,False,qualified
HAR__01,HAR,tBodyAcc-mean()-Y,Line,Individual observations with pairing,60.0,0.0,0.0,True,60.0,0.016666666666666666,False,qualified
HAR__01,HAR,tBodyAcc-mean()-Y,Raincloud,Individual observations,60.0,0.0,0.0,True,60.0,0.016666666666666666,False,qualified
HAR__01,HAR,tBodyAcc-mean()-Y,Scatter,Individual observations with pairing,60.0,0.0,0.0,True,60.0,0.016666666666666666,False,qualified
HAR__01,HAR,tBodyAcc-mean()-Y,Violin,64-point density per group,130.0,0.0007850158393861474,0.30274517786745536,True,130.15137258893373,0.0076833611517749464,False,qualified
HAR__01,HAR,tBodyAcc-mean()-Y,Area,No configuration for this input schema,,,,False,,0.0,False,input mismatch
HAR__01,HAR,tBodyAcc-mean()-Y,Bubble,No configuration for this input schema,,,,False,,0.0,False,input mismatch
HAR__01,HAR,tBodyAcc-mean()-Y,Pie / donut,No configuration for this input schema,,,,False,,0.0,False,input mismatch
HAR__01,HAR,tBodyAcc-mean()-Y,Stacked bar,No configuration for this input schema,,,,False,,0.0,False,input mismatch
HAR__02,HAR,tBodyAcc-mean()-Z,Bar,Mean bars,2.0,0.006352167083333346,0.7689392407909289,True,2.3844696203954645,0.41938047415095603,True,qualified
HAR__02,HAR,tBodyAcc-mean()-Z,Dot,Mean dots,2.0,0.006352167083333346,0.7689392407909289,True,2.3844696203954645,0.41938047415095603,True,qualified
HAR__02,HAR,tBodyAcc-mean()-Z,Forest,Mean contrast with interval,3.0,0.006352167083333346,0.7689392407909289,True,3.3844696203954645,0.2954672702552293,False,qualified
HAR__02,HAR,tBodyAcc-mean()-Z,Interval,Means with intervals,6.0,0.006352167083333346,0.7689392407909289,True,6.384469620395464,0.15663008197352163,False,qualified
HAR__02,HAR,tBodyAcc-mean()-Z,Box,Min-max box with mean markers,12.0,0.004159526249999976,0.5035168179245256,True,12.251758408962262,0.08162093689902437,False,qualified
HAR__02,HAR,tBodyAcc-mean()-Z,Heatmap,10 common bins,22.0,0.0017748141000000078,0.21484387748234307,True,22.107421938741172,0.045233677756319216,False,qualified
HAR__02,HAR,tBodyAcc-mean()-Z,Histogram,10 common bins,22.0,0.0017748141000000078,0.21484387748234307,True,22.107421938741172,0.045233677756319216,False,qualified
HAR__02,HAR,tBodyAcc-mean()-Z,Line,Individual observations with pairing,60.0,0.0,0.0,True,60.0,0.016666666666666666,False,qualified
HAR__02,HAR,tBodyAcc-mean()-Z,Raincloud,Individual observations,60.0,0.0,0.0,True,60.0,0.016666666666666666,False,qualified
HAR__02,HAR,tBodyAcc-mean()-Z,Scatter,Individual observations with pairing,60.0,0.0,0.0,True,60.0,0.016666666666666666,False,qualified
HAR__02,HAR,tBodyAcc-mean()-Z,Violin,64-point density per group,130.0,0.0017725946525329744,0.21457521007673375,True,130.10728760503838,0.007685964548240072,False,qualified
HAR__02,HAR,tBodyAcc-mean()-Z,Area,No configuration for this input schema,,,,False,,0.0,False,input mismatch
HAR__02,HAR,tBodyAcc-mean()-Z,Bubble,No configuration for this input schema,,,,False,,0.0,False,input mismatch
HAR__02,HAR,tBodyAcc-mean()-Z,Pie / donut,No configuration for this input schema,,,,False,,0.0,False,input mismatch
HAR__02,HAR,tBodyAcc-mean()-Z,Stacked bar,No configuration for this input schema,,,,False,,0.0,False,input mismatch
HAR__03,HAR,tBodyAcc-std()-X,Box,Min-max box with mean markers,12.0,0.0980822242499998,0.5824134659818236,True,12.291206732990911,0.08135897652066117,True,qualified
HAR__03,HAR,tBodyAcc-std()-X,Heatmap,10 common bins,22.0,0.08375928535400001,0.49736367689667116,True,22.248681838448334,0.04494648299891109,False,qualified
HAR__03,HAR,tBodyAcc-std()-X,Histogram,10 common bins,22.0,0.08375928535400001,0.49736367689667116,True,22.248681838448334,0.04494648299891109,False,qualified
HAR__03,HAR,tBodyAcc-std()-X,Dot,Individual observations,60.0,0.0,0.0,True,60.0,0.016666666666666666,False,qualified
HAR__03,HAR,tBodyAcc-std()-X,Line,Individual observations with pairing,60.0,0.0,0.0,True,60.0,0.016666666666666666,False,qualified
HAR__03,HAR,tBodyAcc-std()-X,Raincloud,Individual observations,60.0,0.0,0.0,True,60.0,0.016666666666666666,False,qualified
HAR__03,HAR,tBodyAcc-std()-X,Scatter,Individual observations with pairing,60.0,0.0,0.0,True,60.0,0.016666666666666666,False,qualified
HAR__03,HAR,tBodyAcc-std()-X,Violin,64-point density per group,130.0,0.0455838993817167,0.27067776077551975,True,130.13533888038776,0.007684307802964552,False,qualified
HAR__03,HAR,tBodyAcc-std()-X,Area,No configuration for this input schema,,,,False,,0.0,False,input mismatch
HAR__03,HAR,tBodyAcc-std()-X,Bar,Mean bars,2.0,0.21980884311833326,1.3052276409198955,False,,0.0,False,exceeds tolerance
HAR__03,HAR,tBodyAcc-std()-X,Bubble,No configuration for this input schema,,,,False,,0.0,False,input mismatch
HAR__03,HAR,tBodyAcc-std()-X,Forest,Mean contrast with interval,3.0,0.21980884311833326,1.3052276409198955,False,,0.0,False,exceeds tolerance
HAR__03,HAR,tBodyAcc-std()-X,Interval,Means with intervals,6.0,0.21980884311833326,1.3052276409198955,False,,0.0,False,exceeds tolerance
HAR__03,HAR,tBodyAcc-std()-X,Pie / donut,No configuration for this input schema,,,,False,,0.0,False,input mismatch
HAR__03,HAR,tBodyAcc-std()-X,Stacked bar,No configuration for this input schema,,,,False,,0.0,False,input mismatch
HAR__04,HAR,tBodyAcc-std()-Y,Box,Min-max box with mean markers,12.0,0.10583181718965551,0.4662202260921144,True,12.233110113046058,0.08174536080841333,True,qualified
HAR__04,HAR,tBodyAcc-std()-Y,Heatmap,10 common bins,22.0,0.10057908951724137,0.4430804185364657,True,22.221540209268234,0.04500138111861916,False,qualified
HAR__04,HAR,tBodyAcc-std()-Y,Histogram,10 common bins,22.0,0.10057908951724137,0.4430804185364657,True,22.221540209268234,0.04500138111861916,False,qualified
HAR__04,HAR,tBodyAcc-std()-Y,Dot,Individual observations,60.0,0.0,0.0,True,60.0,0.016666666666666666,False,qualified
HAR__04,HAR,tBodyAcc-std()-Y,Line,Individual observations with pairing,60.0,0.0,0.0,True,60.0,0.016666666666666666,False,qualified
HAR__04,HAR,tBodyAcc-std()-Y,Raincloud,Individual observations,60.0,0.0,0.0,True,60.0,0.016666666666666666,False,qualified
HAR__04,HAR,tBodyAcc-std()-Y,Scatter,Individual observations with pairing,60.0,0.0,0.0,True,60.0,0.016666666666666666,False,qualified
HAR__04,HAR,tBodyAcc-std()-Y,Violin,64-point density per group,130.0,0.07197454923345847,0.31706902052307334,True,130.15853451026155,0.007682938377899155,False,qualified
HAR__04,HAR,tBodyAcc-std()-Y,Area,No configuration for this input schema,,,,False,,0.0,False,input mismatch
HAR__04,HAR,tBodyAcc-std()-Y,Bar,Mean bars,2.0,0.28769252306666604,1.2673700283232232,False,,0.0,False,exceeds tolerance
HAR__04,HAR,tBodyAcc-std()-Y,Bubble,No configuration for this input schema,,,,False,,0.0,False,input mismatch
HAR__04,HAR,tBodyAcc-std()-Y,Forest,Mean contrast with interval,3.0,0.28769252306666604,1.2673700283232232,False,,0.0,False,exceeds tolerance
HAR__04,HAR,tBodyAcc-std()-Y,Interval,Means with intervals,6.0,0.28769252306666604,1.2673700283232232,False,,0.0,False,exceeds tolerance
HAR__04,HAR,tBodyAcc-std()-Y,Pie / donut,No configuration for this input schema,,,,False,,0.0,False,input mismatch
HAR__04,HAR,tBodyAcc-std()-Y,Stacked bar,No configuration for this input schema,,,,False,,0.0,False,input mismatch
HAR__05,HAR,tBodyAcc-std()-Z,Box,Min-max box with mean markers,12.0,0.07701961177586214,0.36225421149029463,True,12.181127105745148,0.08209420945360275,True,qualified
HAR__05,HAR,tBodyAcc-std()-Z,Heatmap,10 common bins,22.0,0.08661684020000004,0.40739383677684915,True,22.203696918388424,0.04503754503926013,False,qualified
HAR__05,HAR,tBodyAcc-std()-Z,Histogram,10 common bins,22.0,0.08661684020000004,0.40739383677684915,True,22.203696918388424,0.04503754503926013,False,qualified
HAR__05,HAR,tBodyAcc-std()-Z,Dot,Individual observations,60.0,0.0,0.0,True,60.0,0.016666666666666666,False,qualified
HAR__05,HAR,tBodyAcc-std()-Z,Line,Individual observations with pairing,60.0,0.0,0.0,True,60.0,0.016666666666666666,False,qualified
HAR__05,HAR,tBodyAcc-std()-Z,Raincloud,Individual observations,60.0,0.0,0.0,True,60.0,0.016666666666666666,False,qualified
HAR__05,HAR,tBodyAcc-std()-Z,Scatter,Individual observations with pairing,60.0,0.0,0.0,True,60.0,0.016666666666666666,False,qualified
HAR__05,HAR,tBodyAcc-std()-Z,Violin,64-point density per group,130.0,0.060424809596034246,0.2842021824046977,True,130.14210109120233,0.0076839085247226,False,qualified
HAR__05,HAR,tBodyAcc-std()-Z,Area,No configuration for this input schema,,,,False,,0.0,False,input mismatch
HAR__05,HAR,tBodyAcc-std()-Z,Bar,Mean bars,2.0,0.3430435930333333,1.6134719902604528,False,,0.0,False,exceeds tolerance
HAR__05,HAR,tBodyAcc-std()-Z,Bubble,No configuration for this input schema,,,,False,,0.0,False,input mismatch
HAR__05,HAR,tBodyAcc-std()-Z,Forest,Mean contrast with interval,3.0,0.3430435930333333,1.6134719902604528,False,,0.0,False,exceeds tolerance
HAR__05,HAR,tBodyAcc-std()-Z,Interval,Means with intervals,6.0,0.3430435930333333,1.6134719902604528,False,,0.0,False,exceeds tolerance
HAR__05,HAR,tBodyAcc-std()-Z,Pie / donut,No configuration for this input schema,,,,False,,0.0,False,input mismatch
HAR__05,HAR,tBodyAcc-std()-Z,Stacked bar,No configuration for this input schema,,,,False,,0.0,False,input mismatch
HAR__06,HAR,tGravityAcc-mean()-X,Bar,Mean bars,2.0,0.07441935224999996,0.5639194400954121,True,2.281959720047706,0.438219829743136,True,qualified
HAR__06,HAR,tGravityAcc-mean()-X,Dot,Mean dots,2.0,0.07441935224999996,0.5639194400954121,True,2.281959720047706,0.438219829743136,True,qualified
HAR__06,HAR,tGravityAcc-mean()-X,Forest,Mean contrast with interval,3.0,0.07441935224999996,0.5639194400954121,True,3.281959720047706,0.3046960003474583,False,qualified
HAR__06,HAR,tGravityAcc-mean()-X,Interval,Means with intervals,6.0,0.07441935224999996,0.5639194400954121,True,6.281959720047706,0.15918599363327432,False,qualified
HAR__06,HAR,tGravityAcc-mean()-X,Box,Min-max box with mean markers,12.0,0.04847995568965524,0.36736129302120857,True,12.183680646510604,0.08207700357661617,False,qualified
HAR__06,HAR,tGravityAcc-mean()-X,Heatmap,10 common bins,22.0,0.03196332233333332,0.24220499492190242,True,22.121102497460953,0.04520570347317813,False,qualified
HAR__06,HAR,tGravityAcc-mean()-X,Histogram,10 common bins,22.0,0.03196332233333332,0.24220499492190242,True,22.121102497460953,0.04520570347317813,False,qualified
HAR__06,HAR,tGravityAcc-mean()-X,Line,Individual observations with pairing,60.0,0.0,0.0,True,60.0,0.016666666666666666,False,qualified
HAR__06,HAR,tGravityAcc-mean()-X,Raincloud,Individual observations,60.0,0.0,0.0,True,60.0,0.016666666666666666,False,qualified
HAR__06,HAR,tGravityAcc-mean()-X,Scatter,Individual observations with pairing,60.0,0.0,0.0,True,60.0,0.016666666666666666,False,qualified
HAR__06,HAR,tGravityAcc-mean()-X,Violin,64-point density per group,130.0,0.02131190338496558,0.1614928948030089,True,130.0807464474015,0.007687532761847677,False,qualified
HAR__06,HAR,tGravityAcc-mean()-X,Area,No configuration for this input schema,,,,False,,0.0,False,input mismatch
HAR__06,HAR,tGravityAcc-mean()-X,Bubble,No configuration for this input schema,,,,False,,0.0,False,input mismatch
HAR__06,HAR,tGravityAcc-mean()-X,Pie / donut,No configuration for this input schema,,,,False,,0.0,False,input mismatch
HAR__06,HAR,tGravityAcc-mean()-X,Stacked bar,No configuration for this input schema,,,,False,,0.0,False,input mismatch
HAR__07,HAR,tGravityAcc-mean()-Y,Bar,Mean bars,2.0,0.08299106120333333,0.6444890778396377,True,2.322244538919819,0.43061787130529555,True,qualified
HAR__07,HAR,tGravityAcc-mean()-Y,Dot,Mean dots,2.0,0.08299106120333333,0.6444890778396377,True,2.322244538919819,0.43061787130529555,True,qualified
HAR__07,HAR,tGravityAcc-mean()-Y,Forest,Mean contrast with interval,3.0,0.08299106120333333,0.6444890778396377,True,3.322244538919819,0.3010013225351364,False,qualified
HAR__07,HAR,tGravityAcc-mean()-Y,Interval,Means with intervals,6.0,0.08299106120333333,0.6444890778396377,True,6.3222445389198185,0.15817167365861715,False,qualified
HAR__07,HAR,tGravityAcc-mean()-Y,Box,Min-max box with mean markers,12.0,0.01916242597586204,0.14881089682773704,True,12.074405448413868,0.08281981289036167,False,qualified
HAR__07,HAR,tGravityAcc-mean()-Y,Heatmap,10 common bins,22.0,0.023952473153256715,0.18600927751362542,True,22.093004638756813,0.045263196036529264,False,qualified
HAR__07,HAR,tGravityAcc-mean()-Y,Histogram,10 common bins,22.0,0.023952473153256715,0.18600927751362542,True,22.093004638756813,0.045263196036529264,False,qualified
HAR__07,HAR,tGravityAcc-mean()-Y,Line,Individual observations with pairing,60.0,0.0,0.0,True,60.0,0.016666666666666666,False,qualified
HAR__07,HAR,tGravityAcc-mean()-Y,Raincloud,Individual observations,60.0,0.0,0.0,True,60.0,0.016666666666666666,False,qualified
HAR__07,HAR,tGravityAcc-mean()-Y,Scatter,Individual observations with pairing,60.0,0.0,0.0,True,60.0,0.016666666666666666,False,qualified
HAR__07,HAR,tGravityAcc-mean()-Y,Violin,64-point density per group,130.0,0.02206841032428375,0.171378088351437,True,130.08568904417572,0.007687240674571133,False,qualified
HAR__07,HAR,tGravityAcc-mean()-Y,Area,No configuration for this input schema,,,,False,,0.0,False,input mismatch
HAR__07,HAR,tGravityAcc-mean()-Y,Bubble,No configuration for this input schema,,,,False,,0.0,False,input mismatch
HAR__07,HAR,tGravityAcc-mean()-Y,Pie / donut,No configuration for this input schema,,,,False,,0.0,False,input mismatch
HAR__07,HAR,tGravityAcc-mean()-Y,Stacked bar,No configuration for this input schema,,,,False,,0.0,False,input mismatch
HAR__08,HAR,tGravityAcc-mean()-Z,Bar,Mean bars,2.0,0.03964580389333333,0.2553343692161121,True,2.127667184608056,0.46999831892609323,True,qualified
HAR__08,HAR,tGravityAcc-mean()-Z,Dot,Mean dots,2.0,0.03964580389333333,0.2553343692161121,True,2.127667184608056,0.46999831892609323,True,qualified
HAR__08,HAR,tGravityAcc-mean()-Z,Forest,Mean contrast with interval,3.0,0.03964580389333333,0.2553343692161121,True,3.127667184608056,0.31972711320476227,False,qualified
HAR__08,HAR,tGravityAcc-mean()-Z,Interval,Means with intervals,6.0,0.03964580389333333,0.2553343692161121,True,6.127667184608056,0.16319424176820124,False,qualified
HAR__08,HAR,tGravityAcc-mean()-Z,Box,Min-max box with mean markers,12.0,0.09113392679310339,0.5869378705123774,True,12.293468935256188,0.0813440051190206,False,qualified
HAR__08,HAR,tGravityAcc-mean()-Z,Heatmap,10 common bins,22.0,0.04202741970000001,0.27067289965293884,True,22.135336449826468,0.04517663430446026,False,qualified
HAR__08,HAR,tGravityAcc-mean()-Z,Histogram,10 common bins,22.0,0.04202741970000001,0.27067289965293884,True,22.135336449826468,0.04517663430446026,False,qualified
HAR__08,HAR,tGravityAcc-mean()-Z,Line,Individual observations with pairing,60.0,0.0,0.0,True,60.0,0.016666666666666666,False,qualified
HAR__08,HAR,tGravityAcc-mean()-Z,Raincloud,Individual observations,60.0,0.0,0.0,True,60.0,0.016666666666666666,False,qualified
HAR__08,HAR,tGravityAcc-mean()-Z,Scatter,Individual observations with pairing,60.0,0.0,0.0,True,60.0,0.016666666666666666,False,qualified
HAR__08,HAR,tGravityAcc-mean()-Z,Violin,64-point density per group,130.0,0.03321034799131711,0.21388753469661506,True,130.1069437673483,0.007685984860179003,False,qualified
HAR__08,HAR,tGravityAcc-mean()-Z,Area,No configuration for this input schema,,,,False,,0.0,False,input mismatch
HAR__08,HAR,tGravityAcc-mean()-Z,Bubble,No configuration for this input schema,,,,False,,0.0,False,input mismatch
HAR__08,HAR,tGravityAcc-mean()-Z,Pie / donut,No configuration for this input schema,,,,False,,0.0,False,input mismatch
HAR__08,HAR,tGravityAcc-mean()-Z,Stacked bar,No configuration for this input schema,,,,False,,0.0,False,input mismatch
HAR__09,HAR,tGravityAcc-std()-X,Bar,Mean bars,2.0,0.0032787053333334093,0.534963877039173,True,2.2674819385195866,0.44101784583690606,True,qualified
HAR__09,HAR,tGravityAcc-std()-X,Dot,Mean dots,2.0,0.0032787053333334093,0.534963877039173,True,2.2674819385195866,0.44101784583690606,True,qualified
HAR__09,HAR,tGravityAcc-std()-X,Forest,Mean contrast with interval,3.0,0.0032787053333334093,0.534963877039173,True,3.2674819385195866,0.30604606813927016,False,qualified
HAR__09,HAR,tGravityAcc-std()-X,Interval,Means with intervals,6.0,0.0032787053333334093,0.534963877039173,True,6.267481938519587,0.1595537106942514,False,qualified
HAR__09,HAR,tGravityAcc-std()-X,Box,Min-max box with mean markers,12.0,0.0027839165517240527,0.45423258281941475,True,12.227116291409708,0.0817854329808379,False,qualified
HAR__09,HAR,tGravityAcc-std()-X,Heatmap,10 common bins,22.0,0.001790858620689617,0.2922021266177995,True,22.1461010633089,0.045154675179224876,False,qualified
HAR__09,HAR,tGravityAcc-std()-X,Histogram,10 common bins,22.0,0.001790858620689617,0.2922021266177995,True,22.1461010633089,0.045154675179224876,False,qualified
HAR__09,HAR,tGravityAcc-std()-X,Line,Individual observations with pairing,60.0,0.0,0.0,True,60.0,0.016666666666666666,False,qualified
HAR__09,HAR,tGravityAcc-std()-X,Raincloud,Individual observations,60.0,0.0,0.0,True,60.0,0.016666666666666666,False,qualified
HAR__09,HAR,tGravityAcc-std()-X,Scatter,Individual observations with pairing,60.0,0.0,0.0,True,60.0,0.016666666666666666,False,qualified
HAR__09,HAR,tGravityAcc-std()-X,Violin,64-point density per group,130.0,0.0011581054047006267,0.1889601212466344,True,130.0944800606233,0.0076867212162576425,False,qualified
HAR__09,HAR,tGravityAcc-std()-X,Area,No configuration for this input schema,,,,False,,0.0,False,input mismatch
HAR__09,HAR,tGravityAcc-std()-X,Bubble,No configuration for this input schema,,,,False,,0.0,False,input mismatch
HAR__09,HAR,tGravityAcc-std()-X,Pie / donut,No configuration for this input schema,,,,False,,0.0,False,input mismatch
HAR__09,HAR,tGravityAcc-std()-X,Stacked bar,No configuration for this input schema,,,,False,,0.0,False,input mismatch
HAR__10,HAR,tGravityAcc-std()-Y,Bar,Mean bars,2.0,0.0027709891666667374,0.3400783701047479,True,2.170039185052374,0.4608211717503456,True,qualified
HAR__10,HAR,tGravityAcc-std()-Y,Dot,Mean dots,2.0,0.0027709891666667374,0.3400783701047479,True,2.170039185052374,0.4608211717503456,True,qualified
HAR__10,HAR,tGravityAcc-std()-Y,Forest,Mean contrast with interval,3.0,0.0027709891666667374,0.3400783701047479,True,3.170039185052374,0.31545351386042203,False,qualified
HAR__10,HAR,tGravityAcc-std()-Y,Interval,Means with intervals,6.0,0.0027709891666667374,0.3400783701047479,True,6.170039185052374,0.1620735249822423,False,qualified
HAR__10,HAR,tGravityAcc-std()-Y,Box,Min-max box with mean markers,12.0,0.006353490249999871,0.7797520952763167,True,12.389876047638158,0.08071105765344817,False,qualified
HAR__10,HAR,tGravityAcc-std()-Y,Heatmap,10 common bins,22.0,0.0018693327609194954,0.22941974879015012,True,22.114709874395075,0.045218770930285784,False,qualified
HAR__10,HAR,tGravityAcc-std()-Y,Histogram,10 common bins,22.0,0.0018693327609194954,0.22941974879015012,True,22.114709874395075,0.045218770930285784,False,qualified
HAR__10,HAR,tGravityAcc-std()-Y,Line,Individual observations with pairing,60.0,0.0,0.0,True,60.0,0.016666666666666666,False,qualified
HAR__10,HAR,tGravityAcc-std()-Y,Raincloud,Individual observations,60.0,0.0,0.0,True,60.0,0.016666666666666666,False,qualified
HAR__10,HAR,tGravityAcc-std()-Y,Scatter,Individual observations with pairing,60.0,0.0,0.0,True,60.0,0.016666666666666666,False,qualified
HAR__10,HAR,tGravityAcc-std()-Y,Violin,64-point density per group,130.0,0.0015569536358593927,0.19108203712273983,True,130.09554101856136,0.0076866585293444084,False,qualified
HAR__10,HAR,tGravityAcc-std()-Y,Area,No configuration for this input schema,,,,False,,0.0,False,input mismatch
HAR__10,HAR,tGravityAcc-std()-Y,Bubble,No configuration for this input schema,,,,False,,0.0,False,input mismatch
HAR__10,HAR,tGravityAcc-std()-Y,Pie / donut,No configuration for this input schema,,,,False,,0.0,False,input mismatch
HAR__10,HAR,tGravityAcc-std()-Y,Stacked bar,No configuration for this input schema,,,,False,,0.0,False,input mismatch
HAR__11,HAR,tGravityAcc-std()-Z,Bar,Mean bars,2.0,0.004298354166666463,0.30349699171596295,True,2.1517484958579813,0.46473832881721766,True,qualified
HAR__11,HAR,tGravityAcc-std()-Z,Dot,Mean dots,2.0,0.004298354166666463,0.30349699171596295,True,2.1517484958579813,0.46473832881721766,True,qualified
HAR__11,HAR,tGravityAcc-std()-Z,Forest,Mean contrast with interval,3.0,0.004298354166666463,0.30349699171596295,True,3.1517484958579813,0.3172841999652565,False,qualified
HAR__11,HAR,tGravityAcc-std()-Z,Interval,Means with intervals,6.0,0.004298354166666463,0.30349699171596295,True,6.151748495857982,0.16255541016888247,False,qualified
HAR__11,HAR,tGravityAcc-std()-Z,Box,Min-max box with mean markers,12.0,0.009063932249999906,0.6399835993797786,True,12.31999179968989,0.08116888519561931,False,qualified
HAR__11,HAR,tGravityAcc-std()-Z,Heatmap,10 common bins,22.0,0.003432124643678258,0.24233449924355668,True,22.121167249621777,0.04520557114892288,False,qualified
HAR__11,HAR,tGravityAcc-std()-Z,Histogram,10 common bins,22.0,0.003432124643678258,0.24233449924355668,True,22.121167249621777,0.04520557114892288,False,qualified
HAR__11,HAR,tGravityAcc-std()-Z,Line,Individual observations with pairing,60.0,0.0,0.0,True,60.0,0.016666666666666666,False,qualified
HAR__11,HAR,tGravityAcc-std()-Z,Raincloud,Individual observations,60.0,0.0,0.0,True,60.0,0.016666666666666666,False,qualified
HAR__11,HAR,tGravityAcc-std()-Z,Scatter,Individual observations with pairing,60.0,0.0,0.0,True,60.0,0.016666666666666666,False,qualified
HAR__11,HAR,tGravityAcc-std()-Z,Violin,64-point density per group,130.0,0.002408064614328964,0.17002795441430452,True,130.08501397720715,0.007687280566962272,False,qualified
HAR__11,HAR,tGravityAcc-std()-Z,Area,No configuration for this input schema,,,,False,,0.0,False,input mismatch
HAR__11,HAR,tGravityAcc-std()-Z,Bubble,No configuration for this input schema,,,,False,,0.0,False,input mismatch
HAR__11,HAR,tGravityAcc-std()-Z,Pie / donut,No configuration for this input schema,,,,False,,0.0,False,input mismatch
HAR__11,HAR,tGravityAcc-std()-Z,Stacked bar,No configuration for this input schema,,,,False,,0.0,False,input mismatch
HAR__12,HAR,tBodyAccJerk-mean()-X,Box,Min-max box with mean markers,12.0,0.021369708274999996,0.6956087409389011,True,12.34780437046945,0.08098605792553393,True,qualified
HAR__12,HAR,tBodyAccJerk-mean()-X,Heatmap,10 common bins,22.0,0.007504903864367821,0.24429330811538155,True,22.12214665405769,0.04520356978180406,False,qualified
HAR__12,HAR,tBodyAccJerk-mean()-X,Histogram,10 common bins,22.0,0.007504903864367821,0.24429330811538155,True,22.12214665405769,0.04520356978180406,False,qualified
HAR__12,HAR,tBodyAccJerk-mean()-X,Dot,Individual observations,60.0,0.0,0.0,True,60.0,0.016666666666666666,False,qualified
HAR__12,HAR,tBodyAccJerk-mean()-X,Line,Individual observations with pairing,60.0,0.0,0.0,True,60.0,0.016666666666666666,False,qualified
HAR__12,HAR,tBodyAccJerk-mean()-X,Raincloud,Individual observations,60.0,0.0,0.0,True,60.0,0.016666666666666666,False,qualified
HAR__12,HAR,tBodyAccJerk-mean()-X,Scatter,Individual observations with pairing,60.0,0.0,0.0,True,60.0,0.016666666666666666,False,qualified
HAR__12,HAR,tBodyAccJerk-mean()-X,Violin,64-point density per group,130.0,0.01318015341671161,0.42902925045102513,True,130.21451462522552,0.0076796354298760885,False,qualified
HAR__12,HAR,tBodyAccJerk-mean()-X,Area,No configuration for this input schema,,,,False,,0.0,False,input mismatch
HAR__12,HAR,tBodyAccJerk-mean()-X,Bar,Mean bars,2.0,0.036000064250000005,1.1718437633497387,False,,0.0,False,exceeds tolerance
HAR__12,HAR,tBodyAccJerk-mean()-X,Bubble,No configuration for this input schema,,,,False,,0.0,False,input mismatch
HAR__12,HAR,tBodyAccJerk-mean()-X,Forest,Mean contrast with interval,3.0,0.036000064250000005,1.1718437633497387,False,,0.0,False,exceeds tolerance
HAR__12,HAR,tBodyAccJerk-mean()-X,Interval,Means with intervals,6.0,0.036000064250000005,1.1718437633497387,False,,0.0,False,exceeds tolerance
HAR__12,HAR,tBodyAccJerk-mean()-X,Pie / donut,No configuration for this input schema,,,,False,,0.0,False,input mismatch
HAR__12,HAR,tBodyAccJerk-mean()-X,Stacked bar,No configuration for this input schema,,,,False,,0.0,False,input mismatch
HAR__13,HAR,tBodyAccJerk-mean()-Y,Box,Min-max box with mean markers,12.0,0.010458366699999992,0.33406425630063985,True,12.16703212815032,0.08218931202510303,True,qualified
HAR__13,HAR,tBodyAccJerk-mean()-Y,Heatmap,10 common bins,22.0,0.0060370979653448335,0.19283877682420805,True,22.096419388412105,0.045256201125709265,False,qualified
HAR__13,HAR,tBodyAccJerk-mean()-Y,Histogram,10 common bins,22.0,0.0060370979653448335,0.19283877682420805,True,22.096419388412105,0.045256201125709265,False,qualified
HAR__13,HAR,tBodyAccJerk-mean()-Y,Dot,Individual observations,60.0,0.0,0.0,True,60.0,0.016666666666666666,False,qualified
HAR__13,HAR,tBodyAccJerk-mean()-Y,Line,Individual observations with pairing,60.0,0.0,0.0,True,60.0,0.016666666666666666,False,qualified
HAR__13,HAR,tBodyAccJerk-mean()-Y,Raincloud,Individual observations,60.0,0.0,0.0,True,60.0,0.016666666666666666,False,qualified
HAR__13,HAR,tBodyAccJerk-mean()-Y,Scatter,Individual observations with pairing,60.0,0.0,0.0,True,60.0,0.016666666666666666,False,qualified
HAR__13,HAR,tBodyAccJerk-mean()-Y,Violin,64-point density per group,130.0,0.00893661776257533,0.2854560996314862,True,130.14272804981573,0.00768387150772821,False,qualified
HAR__13,HAR,tBodyAccJerk-mean()-Y,Area,No configuration for this input schema,,,,False,,0.0,False,input mismatch
HAR__13,HAR,tBodyAccJerk-mean()-Y,Bar,Mean bars,2.0,0.052966835374500004,1.691882391920794,False,,0.0,False,exceeds tolerance
HAR__13,HAR,tBodyAccJerk-mean()-Y,Bubble,No configuration for this input schema,,,,False,,0.0,False,input mismatch
HAR__13,HAR,tBodyAccJerk-mean()-Y,Forest,Mean contrast with interval,3.0,0.052966835374500004,1.691882391920794,False,,0.0,False,exceeds tolerance
HAR__13,HAR,tBodyAccJerk-mean()-Y,Interval,Means with intervals,6.0,0.052966835374500004,1.691882391920794,False,,0.0,False,exceeds tolerance
HAR__13,HAR,tBodyAccJerk-mean()-Y,Pie / donut,No configuration for this input schema,,,,False,,0.0,False,input mismatch
HAR__13,HAR,tBodyAccJerk-mean()-Y,Stacked bar,No configuration for this input schema,,,,False,,0.0,False,input mismatch
HAR__14,HAR,tBodyAccJerk-mean()-Z,Box,Min-max box with mean markers,12.0,0.02288657118965519,0.5272371719249489,True,12.263618585962474,0.08154200108152808,True,qualified
HAR__14,HAR,tBodyAccJerk-mean()-Z,Heatmap,10 common bins,22.0,0.013412495983333335,0.308983219552948,True,22.154491609776475,0.04513757379829531,False,qualified
HAR__14,HAR,tBodyAccJerk-mean()-Z,Histogram,10 common bins,22.0,0.013412495983333335,0.308983219552948,True,22.154491609776475,0.04513757379829531,False,qualified
HAR__14,HAR,tBodyAccJerk-mean()-Z,Dot,Individual observations,60.0,0.0,0.0,True,60.0,0.016666666666666666,False,qualified
HAR__14,HAR,tBodyAccJerk-mean()-Z,Line,Individual observations with pairing,60.0,0.0,0.0,True,60.0,0.016666666666666666,False,qualified
HAR__14,HAR,tBodyAccJerk-mean()-Z,Raincloud,Individual observations,60.0,0.0,0.0,True,60.0,0.016666666666666666,False,qualified
HAR__14,HAR,tBodyAccJerk-mean()-Z,Scatter,Individual observations with pairing,60.0,0.0,0.0,True,60.0,0.016666666666666666,False,qualified
HAR__14,HAR,tBodyAccJerk-mean()-Z,Violin,64-point density per group,130.0,0.011196450338006349,0.25793225044024354,True,130.12896612522013,0.007684684123577243,False,qualified
HAR__14,HAR,tBodyAccJerk-mean()-Z,Area,No configuration for this input schema,,,,False,,0.0,False,input mismatch
HAR__14,HAR,tBodyAccJerk-mean()-Z,Bar,Mean bars,2.0,0.05364788997383332,1.2358846397371088,False,,0.0,False,exceeds tolerance
HAR__14,HAR,tBodyAccJerk-mean()-Z,Bubble,No configuration for this input schema,,,,False,,0.0,False,input mismatch
HAR__14,HAR,tBodyAccJerk-mean()-Z,Forest,Mean contrast with interval,3.0,0.05364788997383332,1.2358846397371088,False,,0.0,False,exceeds tolerance
HAR__14,HAR,tBodyAccJerk-mean()-Z,Interval,Means with intervals,6.0,0.05364788997383332,1.2358846397371088,False,,0.0,False,exceeds tolerance
HAR__14,HAR,tBodyAccJerk-mean()-Z,Pie / donut,No configuration for this input schema,,,,False,,0.0,False,input mismatch
HAR__14,HAR,tBodyAccJerk-mean()-Z,Stacked bar,No configuration for this input schema,,,,False,,0.0,False,input mismatch
HAR__15,HAR,tBodyAccJerk-std()-X,Box,Min-max box with mean markers,12.0,0.10240470862068973,0.5682169989916297,True,12.284108499495815,0.08140598888727202,True,qualified
HAR__15,HAR,tBodyAccJerk-std()-X,Heatmap,10 common bins,22.0,0.08635603162931016,0.4791670793086856,True,22.239583539654344,0.044964870777231394,False,qualified
HAR__15,HAR,tBodyAccJerk-std()-X,Histogram,10 common bins,22.0,0.08635603162931016,0.4791670793086856,True,22.239583539654344,0.044964870777231394,False,qualified
HAR__15,HAR,tBodyAccJerk-std()-X,Dot,Individual observations,60.0,0.0,0.0,True,60.0,0.016666666666666666,False,qualified
HAR__15,HAR,tBodyAccJerk-std()-X,Line,Individual observations with pairing,60.0,0.0,0.0,True,60.0,0.016666666666666666,False,qualified
HAR__15,HAR,tBodyAccJerk-std()-X,Raincloud,Individual observations,60.0,0.0,0.0,True,60.0,0.016666666666666666,False,qualified
HAR__15,HAR,tBodyAccJerk-std()-X,Scatter,Individual observations with pairing,60.0,0.0,0.0,True,60.0,0.016666666666666666,False,qualified
HAR__15,HAR,tBodyAccJerk-std()-X,Violin,64-point density per group,130.0,0.057368330034122894,0.3183218893761365,True,130.15916094468807,0.007682901401192622,False,qualified
HAR__15,HAR,tBodyAccJerk-std()-X,Area,No configuration for this input schema,,,,False,,0.0,False,input mismatch
HAR__15,HAR,tBodyAccJerk-std()-X,Bar,Mean bars,2.0,0.24492183583333316,1.3590073388150792,False,,0.0,False,exceeds tolerance
HAR__15,HAR,tBodyAccJerk-std()-X,Bubble,No configuration for this input schema,,,,False,,0.0,False,input mismatch
HAR__15,HAR,tBodyAccJerk-std()-X,Forest,Mean contrast with interval,3.0,0.24492183583333316,1.3590073388150792,False,,0.0,False,exceeds tolerance
HAR__15,HAR,tBodyAccJerk-std()-X,Interval,Means with intervals,6.0,0.24492183583333316,1.3590073388150792,False,,0.0,False,exceeds tolerance
HAR__15,HAR,tBodyAccJerk-std()-X,Pie / donut,No configuration for this input schema,,,,False,,0.0,False,input mismatch
HAR__15,HAR,tBodyAccJerk-std()-X,Stacked bar,No configuration for this input schema,,,,False,,0.0,False,input mismatch
HAR__16,HAR,tBodyAccJerk-std()-Y,Box,Min-max box with mean markers,12.0,0.06358325840517243,0.3857258608586847,True,12.192862930429342,0.08201519247004177,True,qualified
HAR__16,HAR,tBodyAccJerk-std()-Y,Heatmap,10 common bins,22.0,0.08978379040000006,0.5446705738562537,True,22.272335286928126,0.04489874937303547,False,qualified
HAR__16,HAR,tBodyAccJerk-std()-Y,Histogram,10 common bins,22.0,0.08978379040000006,0.5446705738562537,True,22.272335286928126,0.04489874937303547,False,qualified
HAR__16,HAR,tBodyAccJerk-std()-Y,Dot,Individual observations,60.0,0.0,0.0,True,60.0,0.016666666666666666,False,qualified
HAR__16,HAR,tBodyAccJerk-std()-Y,Line,Individual observations with pairing,60.0,0.0,0.0,True,60.0,0.016666666666666666,False,qualified
HAR__16,HAR,tBodyAccJerk-std()-Y,Raincloud,Individual observations,60.0,0.0,0.0,True,60.0,0.016666666666666666,False,qualified
HAR__16,HAR,tBodyAccJerk-std()-Y,Scatter,Individual observations with pairing,60.0,0.0,0.0,True,60.0,0.016666666666666666,False,qualified
HAR__16,HAR,tBodyAccJerk-std()-Y,Violin,64-point density per group,130.0,0.06286588899547618,0.3813739616316036,True,130.1906869808158,0.007681040965298498,False,qualified
HAR__16,HAR,tBodyAccJerk-std()-Y,Area,No configuration for this input schema,,,,False,,0.0,False,input mismatch
HAR__16,HAR,tBodyAccJerk-std()-Y,Bar,Mean bars,2.0,0.266030300583333,1.6138645498962534,False,,0.0,False,exceeds tolerance
HAR__16,HAR,tBodyAccJerk-std()-Y,Bubble,No configuration for this input schema,,,,False,,0.0,False,input mismatch
HAR__16,HAR,tBodyAccJerk-std()-Y,Forest,Mean contrast with interval,3.0,0.266030300583333,1.6138645498962534,False,,0.0,False,exceeds tolerance
HAR__16,HAR,tBodyAccJerk-std()-Y,Interval,Means with intervals,6.0,0.266030300583333,1.6138645498962534,False,,0.0,False,exceeds tolerance
HAR__16,HAR,tBodyAccJerk-std()-Y,Pie / donut,No configuration for this input schema,,,,False,,0.0,False,input mismatch
HAR__16,HAR,tBodyAccJerk-std()-Y,Stacked bar,No configuration for this input schema,,,,False,,0.0,False,input mismatch
HAR__17,HAR,tBodyAccJerk-std()-Z,Box,Min-max box with mean markers,12.0,0.12239982906896552,0.5706008539187052,True,12.285300426959353,0.08139809082776357,True,qualified
HAR__17,HAR,tBodyAccJerk-std()-Z,Heatmap,10 common bins,22.0,0.06851579524655182,0.31940544012176414,True,22.15970272006088,0.04512695917597818,False,qualified
HAR__17,HAR,tBodyAccJerk-std()-Z,Histogram,10 common bins,22.0,0.06851579524655182,0.31940544012176414,True,22.15970272006088,0.04512695917597818,False,qualified
HAR__17,HAR,tBodyAccJerk-std()-Z,Dot,Individual observations,60.0,0.0,0.0,True,60.0,0.016666666666666666,False,qualified
HAR__17,HAR,tBodyAccJerk-std()-Z,Line,Individual observations with pairing,60.0,0.0,0.0,True,60.0,0.016666666666666666,False,qualified
HAR__17,HAR,tBodyAccJerk-std()-Z,Raincloud,Individual observations,60.0,0.0,0.0,True,60.0,0.016666666666666666,False,qualified
HAR__17,HAR,tBodyAccJerk-std()-Z,Scatter,Individual observations with pairing,60.0,0.0,0.0,True,60.0,0.016666666666666666,False,qualified
HAR__17,HAR,tBodyAccJerk-std()-Z,Violin,64-point density per group,130.0,0.06084223894997853,0.28363302271952323,True,130.14181651135976,0.007683925327050529,False,qualified
HAR__17,HAR,tBodyAccJerk-std()-Z,Area,No configuration for this input schema,,,,False,,0.0,False,input mismatch
HAR__17,HAR,tBodyAccJerk-std()-Z,Bar,Mean bars,2.0,0.30614978444999996,1.4272023887857699,False,,0.0,False,exceeds tolerance
HAR__17,HAR,tBodyAccJerk-std()-Z,Bubble,No configuration for this input schema,,,,False,,0.0,False,input mismatch
HAR__17,HAR,tBodyAccJerk-std()-Z,Forest,Mean contrast with interval,3.0,0.30614978444999996,1.4272023887857699,False,,0.0,False,exceeds tolerance
HAR__17,HAR,tBodyAccJerk-std()-Z,Interval,Means with intervals,6.0,0.30614978444999996,1.4272023887857699,False,,0.0,False,exceeds tolerance
HAR__17,HAR,tBodyAccJerk-std()-Z,Pie / donut,No configuration for this input schema,,,,False,,0.0,False,input mismatch
HAR__17,HAR,tBodyAccJerk-std()-Z,Stacked bar,No configuration for this input schema,,,,False,,0.0,False,input mismatch
HAR__18,HAR,tBodyGyro-mean()-X,Bar,Mean bars,2.0,0.013086913731666662,0.5237147771682196,True,2.26185738858411,0.4421145228019816,True,qualified
HAR__18,HAR,tBodyGyro-mean()-X,Dot,Mean dots,2.0,0.013086913731666662,0.5237147771682196,True,2.26185738858411,0.4421145228019816,True,qualified
HAR__18,HAR,tBodyGyro-mean()-X,Forest,Mean contrast with interval,3.0,0.013086913731666662,0.5237147771682196,True,3.26185738858411,0.3065737955006288,False,qualified
HAR__18,HAR,tBodyGyro-mean()-X,Interval,Means with intervals,6.0,0.013086913731666662,0.5237147771682196,True,6.26185738858411,0.15969702564978303,False,qualified
HAR__18,HAR,tBodyGyro-mean()-X,Box,Min-max box with mean markers,12.0,0.01741079246499999,0.6967486363164359,True,12.348374318158218,0.08098231995846655,False,qualified
HAR__18,HAR,tBodyGyro-mean()-X,Heatmap,10 common bins,22.0,0.003369877101810347,0.13485642769910208,True,22.067428213849553,0.045315656646042625,False,qualified
HAR__18,HAR,tBodyGyro-mean()-X,Histogram,10 common bins,22.0,0.003369877101810347,0.13485642769910208,True,22.067428213849553,0.045315656646042625,False,qualified
HAR__18,HAR,tBodyGyro-mean()-X,Line,Individual observations with pairing,60.0,0.0,0.0,True,60.0,0.016666666666666666,False,qualified
HAR__18,HAR,tBodyGyro-mean()-X,Raincloud,Individual observations,60.0,0.0,0.0,True,60.0,0.016666666666666666,False,qualified
HAR__18,HAR,tBodyGyro-mean()-X,Scatter,Individual observations with pairing,60.0,0.0,0.0,True,60.0,0.016666666666666666,False,qualified
HAR__18,HAR,tBodyGyro-mean()-X,Violin,64-point density per group,130.0,0.0036257269612618367,0.14509507944530664,True,130.07254753972265,0.007688017332747416,False,qualified
HAR__18,HAR,tBodyGyro-mean()-X,Area,No configuration for this input schema,,,,False,,0.0,False,input mismatch
HAR__18,HAR,tBodyGyro-mean()-X,Bubble,No configuration for this input schema,,,,False,,0.0,False,input mismatch
HAR__18,HAR,tBodyGyro-mean()-X,Pie / donut,No configuration for this input schema,,,,False,,0.0,False,input mismatch
HAR__18,HAR,tBodyGyro-mean()-X,Stacked bar,No configuration for this input schema,,,,False,,0.0,False,input mismatch
HAR__19,HAR,tBodyGyro-mean()-Y,Box,Min-max box with mean markers,12.0,0.007793516172413785,0.5353646017999037,True,12.267682300899953,0.0815149899933943,True,qualified
HAR__19,HAR,tBodyGyro-mean()-Y,Heatmap,10 common bins,22.0,0.00416851418636361,0.2863502029262635,True,22.143175101463132,0.045160641841915615,False,qualified
HAR__19,HAR,tBodyGyro-mean()-Y,Histogram,10 common bins,22.0,0.00416851418636361,0.2863502029262635,True,22.143175101463132,0.045160641841915615,False,qualified
HAR__19,HAR,tBodyGyro-mean()-Y,Dot,Individual observations,60.0,0.0,0.0,True,60.0,0.016666666666666666,False,qualified
HAR__19,HAR,tBodyGyro-mean()-Y,Line,Individual observations with pairing,60.0,0.0,0.0,True,60.0,0.016666666666666666,False,qualified
HAR__19,HAR,tBodyGyro-mean()-Y,Raincloud,Individual observations,60.0,0.0,0.0,True,60.0,0.016666666666666666,False,qualified
HAR__19,HAR,tBodyGyro-mean()-Y,Scatter,Individual observations with pairing,60.0,0.0,0.0,True,60.0,0.016666666666666666,False,qualified
HAR__19,HAR,tBodyGyro-mean()-Y,Violin,64-point density per group,130.0,0.00505257852273068,0.34707975566395477,True,130.17353987783198,0.007682052750032773,False,qualified
HAR__19,HAR,tBodyGyro-mean()-Y,Area,No configuration for this input schema,,,,False,,0.0,False,input mismatch
HAR__19,HAR,tBodyGyro-mean()-Y,Bar,Mean bars,2.0,0.01804465540833332,1.239552153813884,False,,0.0,False,exceeds tolerance
HAR__19,HAR,tBodyGyro-mean()-Y,Bubble,No configuration for this input schema,,,,False,,0.0,False,input mismatch
HAR__19,HAR,tBodyGyro-mean()-Y,Forest,Mean contrast with interval,3.0,0.01804465540833332,1.239552153813884,False,,0.0,False,exceeds tolerance
HAR__19,HAR,tBodyGyro-mean()-Y,Interval,Means with intervals,6.0,0.01804465540833332,1.239552153813884,False,,0.0,False,exceeds tolerance
HAR__19,HAR,tBodyGyro-mean()-Y,Pie / donut,No configuration for this input schema,,,,False,,0.0,False,input mismatch
HAR__19,HAR,tBodyGyro-mean()-Y,Stacked bar,No configuration for this input schema,,,,False,,0.0,False,input mismatch
HAR__20,HAR,tBodyGyro-mean()-Z,Box,Min-max box with mean markers,12.0,0.00385902460344828,0.46858239471619684,True,12.234291197358099,0.0817374692058942,True,qualified
HAR__20,HAR,tBodyGyro-mean()-Z,Heatmap,10 common bins,22.0,0.0013801533161206803,0.16758523523416974,True,22.083792617617085,0.04528207710129744,False,qualified
HAR__20,HAR,tBodyGyro-mean()-Z,Histogram,10 common bins,22.0,0.0013801533161206803,0.16758523523416974,True,22.083792617617085,0.04528207710129744,False,qualified
HAR__20,HAR,tBodyGyro-mean()-Z,Dot,Individual observations,60.0,0.0,0.0,True,60.0,0.016666666666666666,False,qualified
HAR__20,HAR,tBodyGyro-mean()-Z,Line,Individual observations with pairing,60.0,0.0,0.0,True,60.0,0.016666666666666666,False,qualified
HAR__20,HAR,tBodyGyro-mean()-Z,Raincloud,Individual observations,60.0,0.0,0.0,True,60.0,0.016666666666666666,False,qualified
HAR__20,HAR,tBodyGyro-mean()-Z,Scatter,Individual observations with pairing,60.0,0.0,0.0,True,60.0,0.016666666666666666,False,qualified
HAR__20,HAR,tBodyGyro-mean()-Z,Violin,64-point density per group,130.0,0.0023259206660291715,0.282425117122591,True,130.1412125585613,0.007683960986224999,False,qualified
HAR__20,HAR,tBodyGyro-mean()-Z,Area,No configuration for this input schema,,,,False,,0.0,False,input mismatch
HAR__20,HAR,tBodyGyro-mean()-Z,Bar,Mean bars,2.0,0.008875416466666647,1.0776982085934406,False,,0.0,False,exceeds tolerance
HAR__20,HAR,tBodyGyro-mean()-Z,Bubble,No configuration for this input schema,,,,False,,0.0,False,input mismatch
HAR__20,HAR,tBodyGyro-mean()-Z,Forest,Mean contrast with interval,3.0,0.008875416466666647,1.0776982085934406,False,,0.0,False,exceeds tolerance
HAR__20,HAR,tBodyGyro-mean()-Z,Interval,Means with intervals,6.0,0.008875416466666647,1.0776982085934406,False,,0.0,False,exceeds tolerance
HAR__20,HAR,tBodyGyro-mean()-Z,Pie / donut,No configuration for this input schema,,,,False,,0.0,False,input mismatch
HAR__20,HAR,tBodyGyro-mean()-Z,Stacked bar,No configuration for this input schema,,,,False,,0.0,False,input mismatch
HAR__21,HAR,tBodyGyro-std()-X,Box,Min-max box with mean markers,12.0,0.10751425831034489,0.5627010536355516,True,12.281350526817775,0.08142426989738484,True,qualified
HAR__21,HAR,tBodyGyro-std()-X,Heatmap,10 common bins,22.0,0.061100526553333534,0.3197839171247824,True,22.15989195856239,0.045126573805952544,False,qualified
HAR__21,HAR,tBodyGyro-std()-X,Histogram,10 common bins,22.0,0.061100526553333534,0.3197839171247824,True,22.15989195856239,0.045126573805952544,False,qualified
HAR__21,HAR,tBodyGyro-std()-X,Dot,Individual observations,60.0,0.0,0.0,True,60.0,0.016666666666666666,False,qualified
HAR__21,HAR,tBodyGyro-std()-X,Line,Individual observations with pairing,60.0,0.0,0.0,True,60.0,0.016666666666666666,False,qualified
HAR__21,HAR,tBodyGyro-std()-X,Raincloud,Individual observations,60.0,0.0,0.0,True,60.0,0.016666666666666666,False,qualified
HAR__21,HAR,tBodyGyro-std()-X,Scatter,Individual observations with pairing,60.0,0.0,0.0,True,60.0,0.016666666666666666,False,qualified
HAR__21,HAR,tBodyGyro-std()-X,Violin,64-point density per group,130.0,0.055949147616423,0.29282296886517245,True,130.14641148443258,0.007683654036973695,False,qualified
HAR__21,HAR,tBodyGyro-std()-X,Area,No configuration for this input schema,,,,False,,0.0,False,input mismatch
HAR__21,HAR,tBodyGyro-std()-X,Bar,Mean bars,2.0,0.2560898418166665,1.3403061703652626,False,,0.0,False,exceeds tolerance
HAR__21,HAR,tBodyGyro-std()-X,Bubble,No configuration for this input schema,,,,False,,0.0,False,input mismatch
HAR__21,HAR,tBodyGyro-std()-X,Forest,Mean contrast with interval,3.0,0.2560898418166665,1.3403061703652626,False,,0.0,False,exceeds tolerance
HAR__21,HAR,tBodyGyro-std()-X,Interval,Means with intervals,6.0,0.2560898418166665,1.3403061703652626,False,,0.0,False,exceeds tolerance
HAR__21,HAR,tBodyGyro-std()-X,Pie / donut,No configuration for this input schema,,,,False,,0.0,False,input mismatch
HAR__21,HAR,tBodyGyro-std()-X,Stacked bar,No configuration for this input schema,,,,False,,0.0,False,input mismatch
HAR__22,HAR,tBodyGyro-std()-Y,Box,Min-max box with mean markers,12.0,0.1251924633025,0.4920209990170326,True,12.246010499508516,0.08165924731488138,True,qualified
HAR__22,HAR,tBodyGyro-std()-Y,Heatmap,10 common bins,22.0,0.1277544107425287,0.5020897516050079,True,22.251044875802503,0.044941709730111454,False,qualified
HAR__22,HAR,tBodyGyro-std()-Y,Histogram,10 common bins,22.0,0.1277544107425287,0.5020897516050079,True,22.251044875802503,0.044941709730111454,False,qualified
HAR__22,HAR,tBodyGyro-std()-Y,Dot,Individual observations,60.0,0.0,0.0,True,60.0,0.016666666666666666,False,qualified
HAR__22,HAR,tBodyGyro-std()-Y,Line,Individual observations with pairing,60.0,0.0,0.0,True,60.0,0.016666666666666666,False,qualified
HAR__22,HAR,tBodyGyro-std()-Y,Raincloud,Individual observations,60.0,0.0,0.0,True,60.0,0.016666666666666666,False,qualified
HAR__22,HAR,tBodyGyro-std()-Y,Scatter,Individual observations with pairing,60.0,0.0,0.0,True,60.0,0.016666666666666666,False,qualified
HAR__22,HAR,tBodyGyro-std()-Y,Violin,64-point density per group,130.0,0.08752723743062907,0.34399226331829147,True,130.17199613165914,0.007682143853648641,False,qualified
HAR__22,HAR,tBodyGyro-std()-Y,Area,No configuration for this input schema,,,,False,,0.0,False,input mismatch
HAR__22,HAR,tBodyGyro-std()-Y,Bar,Mean bars,2.0,0.3740744707524999,1.4701563492819087,False,,0.0,False,exceeds tolerance
HAR__22,HAR,tBodyGyro-std()-Y,Bubble,No configuration for this input schema,,,,False,,0.0,False,input mismatch
HAR__22,HAR,tBodyGyro-std()-Y,Forest,Mean contrast with interval,3.0,0.3740744707524999,1.4701563492819087,False,,0.0,False,exceeds tolerance
HAR__22,HAR,tBodyGyro-std()-Y,Interval,Means with intervals,6.0,0.3740744707524999,1.4701563492819087,False,,0.0,False,exceeds tolerance
HAR__22,HAR,tBodyGyro-std()-Y,Pie / donut,No configuration for this input schema,,,,False,,0.0,False,input mismatch
HAR__22,HAR,tBodyGyro-std()-Y,Stacked bar,No configuration for this input schema,,,,False,,0.0,False,input mismatch
HAR__23,HAR,tBodyGyro-std()-Z,Box,Min-max box with mean markers,12.0,0.08577797017241384,0.5874616296733814,True,12.29373081483669,0.08134227233877205,True,qualified
HAR__23,HAR,tBodyGyro-std()-Z,Heatmap,10 common bins,22.0,0.05467475020500001,0.3744471662462341,True,22.187223583123117,0.0450709840396911,False,qualified
HAR__23,HAR,tBodyGyro-std()-Z,Histogram,10 common bins,22.0,0.05467475020500001,0.3744471662462341,True,22.187223583123117,0.0450709840396911,False,qualified
HAR__23,HAR,tBodyGyro-std()-Z,Dot,Individual observations,60.0,0.0,0.0,True,60.0,0.016666666666666666,False,qualified
HAR__23,HAR,tBodyGyro-std()-Z,Line,Individual observations with pairing,60.0,0.0,0.0,True,60.0,0.016666666666666666,False,qualified
HAR__23,HAR,tBodyGyro-std()-Z,Raincloud,Individual observations,60.0,0.0,0.0,True,60.0,0.016666666666666666,False,qualified
HAR__23,HAR,tBodyGyro-std()-Z,Scatter,Individual observations with pairing,60.0,0.0,0.0,True,60.0,0.016666666666666666,False,qualified
HAR__23,HAR,tBodyGyro-std()-Z,Violin,64-point density per group,130.0,0.03805621720568164,0.26063297294068843,True,130.13031648647035,0.007684604379671742,False,qualified
HAR__23,HAR,tBodyGyro-std()-Z,Area,No configuration for this input schema,,,,False,,0.0,False,input mismatch
HAR__23,HAR,tBodyGyro-std()-Z,Bar,Mean bars,2.0,0.19542627525833345,1.3384023650070094,False,,0.0,False,exceeds tolerance
HAR__23,HAR,tBodyGyro-std()-Z,Bubble,No configuration for this input schema,,,,False,,0.0,False,input mismatch
HAR__23,HAR,tBodyGyro-std()-Z,Forest,Mean contrast with interval,3.0,0.19542627525833345,1.3384023650070094,False,,0.0,False,exceeds tolerance
HAR__23,HAR,tBodyGyro-std()-Z,Interval,Means with intervals,6.0,0.19542627525833345,1.3384023650070094,False,,0.0,False,exceeds tolerance
HAR__23,HAR,tBodyGyro-std()-Z,Pie / donut,No configuration for this input schema,,,,False,,0.0,False,input mismatch
HAR__23,HAR,tBodyGyro-std()-Z,Stacked bar,No configuration for this input schema,,,,False,,0.0,False,input mismatch
HAR__24,HAR,tBodyGyroJerk-mean()-X,Box,Min-max box with mean markers,12.0,0.026441566825,0.6442793067162826,True,12.32213965335814,0.08115473676907005,True,qualified
HAR__24,HAR,tBodyGyroJerk-mean()-X,Heatmap,10 common bins,22.0,0.006999704465517231,0.17055588158256996,True,22.085277940791286,0.04527903170070638,False,qualified
HAR__24,HAR,tBodyGyroJerk-mean()-X,Histogram,10 common bins,22.0,0.006999704465517231,0.17055588158256996,True,22.085277940791286,0.04527903170070638,False,qualified
HAR__24,HAR,tBodyGyroJerk-mean()-X,Dot,Individual observations,60.0,0.0,0.0,True,60.0,0.016666666666666666,False,qualified
HAR__24,HAR,tBodyGyroJerk-mean()-X,Line,Individual observations with pairing,60.0,0.0,0.0,True,60.0,0.016666666666666666,False,qualified
HAR__24,HAR,tBodyGyroJerk-mean()-X,Raincloud,Individual observations,60.0,0.0,0.0,True,60.0,0.016666666666666666,False,qualified
HAR__24,HAR,tBodyGyroJerk-mean()-X,Scatter,Individual observations with pairing,60.0,0.0,0.0,True,60.0,0.016666666666666666,False,qualified
HAR__24,HAR,tBodyGyroJerk-mean()-X,Violin,64-point density per group,130.0,0.012237261198300306,0.2981749989751974,True,130.1490874994876,0.007683496052201957,False,qualified
HAR__24,HAR,tBodyGyroJerk-mean()-X,Area,No configuration for this input schema,,,,False,,0.0,False,input mismatch
HAR__24,HAR,tBodyGyroJerk-mean()-X,Bar,Mean bars,2.0,0.04387814020000001,1.0691415503156692,False,,0.0,False,exceeds tolerance
HAR__24,HAR,tBodyGyroJerk-mean()-X,Bubble,No configuration for this input schema,,,,False,,0.0,False,input mismatch
HAR__24,HAR,tBodyGyroJerk-mean()-X,Forest,Mean contrast with interval,3.0,0.04387814020000001,1.0691415503156692,False,,0.0,False,exceeds tolerance
HAR__24,HAR,tBodyGyroJerk-mean()-X,Interval,Means with intervals,6.0,0.04387814020000001,1.0691415503156692,False,,0.0,False,exceeds tolerance
HAR__24,HAR,tBodyGyroJerk-mean()-X,Pie / donut,No configuration for this input schema,,,,False,,0.0,False,input mismatch
HAR__24,HAR,tBodyGyroJerk-mean()-X,Stacked bar,No configuration for this input schema,,,,False,,0.0,False,input mismatch
HAR__25,HAR,tBodyGyroJerk-mean()-Y,Box,Min-max box with mean markers,12.0,0.003098983965517249,0.2590873067348656,True,12.129543653367433,0.08244333245978117,True,qualified
HAR__25,HAR,tBodyGyroJerk-mean()-Y,Heatmap,10 common bins,22.0,0.0030242841983353155,0.25284211098418075,True,22.12642105549209,0.04519483731652959,False,qualified
HAR__25,HAR,tBodyGyroJerk-mean()-Y,Histogram,10 common bins,22.0,0.0030242841983353155,0.25284211098418075,True,22.12642105549209,0.04519483731652959,False,qualified
HAR__25,HAR,tBodyGyroJerk-mean()-Y,Dot,Individual observations,60.0,0.0,0.0,True,60.0,0.016666666666666666,False,qualified
HAR__25,HAR,tBodyGyroJerk-mean()-Y,Line,Individual observations with pairing,60.0,0.0,0.0,True,60.0,0.016666666666666666,False,qualified
HAR__25,HAR,tBodyGyroJerk-mean()-Y,Raincloud,Individual observations,60.0,0.0,0.0,True,60.0,0.016666666666666666,False,qualified
HAR__25,HAR,tBodyGyroJerk-mean()-Y,Scatter,Individual observations with pairing,60.0,0.0,0.0,True,60.0,0.016666666666666666,False,qualified
HAR__25,HAR,tBodyGyroJerk-mean()-Y,Violin,64-point density per group,130.0,0.004360897106089799,0.36458823238089666,True,130.18229411619046,0.007681536162724854,False,qualified
HAR__25,HAR,tBodyGyroJerk-mean()-Y,Area,No configuration for this input schema,,,,False,,0.0,False,input mismatch
HAR__25,HAR,tBodyGyroJerk-mean()-Y,Bar,Mean bars,2.0,0.0188637107,1.5770807641055098,False,,0.0,False,exceeds tolerance
HAR__25,HAR,tBodyGyroJerk-mean()-Y,Bubble,No configuration for this input schema,,,,False,,0.0,False,input mismatch
HAR__25,HAR,tBodyGyroJerk-mean()-Y,Forest,Mean contrast with interval,3.0,0.0188637107,1.5770807641055098,False,,0.0,False,exceeds tolerance
HAR__25,HAR,tBodyGyroJerk-mean()-Y,Interval,Means with intervals,6.0,0.0188637107,1.5770807641055098,False,,0.0,False,exceeds tolerance
HAR__25,HAR,tBodyGyroJerk-mean()-Y,Pie / donut,No configuration for this input schema,,,,False,,0.0,False,input mismatch
HAR__25,HAR,tBodyGyroJerk-mean()-Y,Stacked bar,No configuration for this input schema,,,,False,,0.0,False,input mismatch
HAR__26,HAR,tBodyGyroJerk-mean()-Z,Bar,Mean bars,2.0,0.030459586491666663,0.7822806550172786,True,2.3911403275086394,0.4182105033718005,True,qualified
HAR__26,HAR,tBodyGyroJerk-mean()-Z,Dot,Mean dots,2.0,0.030459586491666663,0.7822806550172786,True,2.3911403275086394,0.4182105033718005,True,qualified
HAR__26,HAR,tBodyGyroJerk-mean()-Z,Forest,Mean contrast with interval,3.0,0.030459586491666663,0.7822806550172786,True,3.3911403275086394,0.2948860570257402,False,qualified
HAR__26,HAR,tBodyGyroJerk-mean()-Z,Interval,Means with intervals,6.0,0.030459586491666663,0.7822806550172786,True,6.391140327508639,0.15646660044308788,False,qualified
HAR__26,HAR,tBodyGyroJerk-mean()-Z,Box,Min-max box with mean markers,12.0,0.025690305475000008,0.6597932312730268,True,12.329896615636514,0.0811036808477227,False,qualified
HAR__26,HAR,tBodyGyroJerk-mean()-Z,Heatmap,10 common bins,22.0,0.00773315878928571,0.1986074408689072,True,22.099303720434452,0.045250294427843674,False,qualified
HAR__26,HAR,tBodyGyroJerk-mean()-Z,Histogram,10 common bins,22.0,0.00773315878928571,0.1986074408689072,True,22.099303720434452,0.045250294427843674,False,qualified
HAR__26,HAR,tBodyGyroJerk-mean()-Z,Line,Individual observations with pairing,60.0,0.0,0.0,True,60.0,0.016666666666666666,False,qualified
HAR__26,HAR,tBodyGyroJerk-mean()-Z,Raincloud,Individual observations,60.0,0.0,0.0,True,60.0,0.016666666666666666,False,qualified
HAR__26,HAR,tBodyGyroJerk-mean()-Z,Scatter,Individual observations with pairing,60.0,0.0,0.0,True,60.0,0.016666666666666666,False,qualified
HAR__26,HAR,tBodyGyroJerk-mean()-Z,Violin,64-point density per group,130.0,0.011808255587113833,0.30326642542655896,True,130.15163321271328,0.007683345766131496,False,qualified
HAR__26,HAR,tBodyGyroJerk-mean()-Z,Area,No configuration for this input schema,,,,False,,0.0,False,input mismatch
HAR__26,HAR,tBodyGyroJerk-mean()-Z,Bubble,No configuration for this input schema,,,,False,,0.0,False,input mismatch
HAR__26,HAR,tBodyGyroJerk-mean()-Z,Pie / donut,No configuration for this input schema,,,,False,,0.0,False,input mismatch
HAR__26,HAR,tBodyGyroJerk-mean()-Z,Stacked bar,No configuration for this input schema,,,,False,,0.0,False,input mismatch
HAR__27,HAR,tBodyGyroJerk-std()-X,Bar,Mean bars,2.0,0.1846357857166666,0.6030986114024013,True,2.301549305701201,0.4344899314226663,True,qualified
HAR__27,HAR,tBodyGyroJerk-std()-X,Dot,Mean dots,2.0,0.1846357857166666,0.6030986114024013,True,2.301549305701201,0.4344899314226663,True,qualified
HAR__27,HAR,tBodyGyroJerk-std()-X,Forest,Mean contrast with interval,3.0,0.1846357857166666,0.6030986114024013,True,3.301549305701201,0.3028881011327543,False,qualified
HAR__27,HAR,tBodyGyroJerk-std()-X,Interval,Means with intervals,6.0,0.1846357857166666,0.6030986114024013,True,6.301549305701201,0.15869113316232725,False,qualified
HAR__27,HAR,tBodyGyroJerk-std()-X,Box,Min-max box with mean markers,12.0,0.22357914844999993,0.7303041143694963,True,12.365152057184748,0.08087243855759557,False,qualified
HAR__27,HAR,tBodyGyroJerk-std()-X,Heatmap,10 common bins,22.0,0.12986685916157625,0.4242001198387831,True,22.21210005991939,0.04502050671941864,False,qualified
HAR__27,HAR,tBodyGyroJerk-std()-X,Histogram,10 common bins,22.0,0.12986685916157625,0.4242001198387831,True,22.21210005991939,0.04502050671941864,False,qualified
HAR__27,HAR,tBodyGyroJerk-std()-X,Line,Individual observations with pairing,60.0,0.0,0.0,True,60.0,0.016666666666666666,False,qualified
HAR__27,HAR,tBodyGyroJerk-std()-X,Raincloud,Individual observations,60.0,0.0,0.0,True,60.0,0.016666666666666666,False,qualified
HAR__27,HAR,tBodyGyroJerk-std()-X,Scatter,Individual observations with pairing,60.0,0.0,0.0,True,60.0,0.016666666666666666,False,qualified
HAR__27,HAR,tBodyGyroJerk-std()-X,Violin,64-point density per group,130.0,0.07782216600783654,0.25420012742100145,True,130.12710006371051,0.007684794324244511,False,qualified
HAR__27,HAR,tBodyGyroJerk-std()-X,Area,No configuration for this input schema,,,,False,,0.0,False,input mismatch
HAR__27,HAR,tBodyGyroJerk-std()-X,Bubble,No configuration for this input schema,,,,False,,0.0,False,input mismatch
HAR__27,HAR,tBodyGyroJerk-std()-X,Pie / donut,No configuration for this input schema,,,,False,,0.0,False,input mismatch
HAR__27,HAR,tBodyGyroJerk-std()-X,Stacked bar,No configuration for this input schema,,,,False,,0.0,False,input mismatch
HAR__28,HAR,tBodyGyroJerk-std()-Y,Heatmap,10 common bins,22.0,0.11152883068965525,0.4140245744357049,True,22.207012287217854,0.045030821213873536,True,qualified
HAR__28,HAR,tBodyGyroJerk-std()-Y,Histogram,10 common bins,22.0,0.11152883068965525,0.4140245744357049,True,22.207012287217854,0.045030821213873536,True,qualified
HAR__28,HAR,tBodyGyroJerk-std()-Y,Dot,Individual observations,60.0,0.0,0.0,True,60.0,0.016666666666666666,False,qualified
HAR__28,HAR,tBodyGyroJerk-std()-Y,Line,Individual observations with pairing,60.0,0.0,0.0,True,60.0,0.016666666666666666,False,qualified
HAR__28,HAR,tBodyGyroJerk-std()-Y,Raincloud,Individual observations,60.0,0.0,0.0,True,60.0,0.016666666666666666,False,qualified
HAR__28,HAR,tBodyGyroJerk-std()-Y,Scatter,Individual observations with pairing,60.0,0.0,0.0,True,60.0,0.016666666666666666,False,qualified
HAR__28,HAR,tBodyGyroJerk-std()-Y,Violin,64-point density per group,130.0,0.06555119573357115,0.24334340949797761,True,130.121671704749,0.007685114915131416,False,qualified
HAR__28,HAR,tBodyGyroJerk-std()-Y,Area,No configuration for this input schema,,,,False,,0.0,False,input mismatch
HAR__28,HAR,tBodyGyroJerk-std()-Y,Bar,Mean bars,2.0,0.3670997149999997,1.3627714227657635,False,,0.0,False,exceeds tolerance
HAR__28,HAR,tBodyGyroJerk-std()-Y,Box,Min-max box with mean markers,12.0,0.271988479,1.0096933104476158,False,,0.0,False,exceeds tolerance
HAR__28,HAR,tBodyGyroJerk-std()-Y,Bubble,No configuration for this input schema,,,,False,,0.0,False,input mismatch
HAR__28,HAR,tBodyGyroJerk-std()-Y,Forest,Mean contrast with interval,3.0,0.3670997149999997,1.3627714227657635,False,,0.0,False,exceeds tolerance
HAR__28,HAR,tBodyGyroJerk-std()-Y,Interval,Means with intervals,6.0,0.3670997149999997,1.3627714227657635,False,,0.0,False,exceeds tolerance
HAR__28,HAR,tBodyGyroJerk-std()-Y,Pie / donut,No configuration for this input schema,,,,False,,0.0,False,input mismatch
HAR__28,HAR,tBodyGyroJerk-std()-Y,Stacked bar,No configuration for this input schema,,,,False,,0.0,False,input mismatch
HAR__29,HAR,tBodyGyroJerk-std()-Z,Box,Min-max box with mean markers,12.0,0.026304752413793153,0.16304470087984635,True,12.081522350439924,0.08277102595134354,True,qualified
HAR__29,HAR,tBodyGyroJerk-std()-Z,Heatmap,10 common bins,22.0,0.058081893344827606,0.36000889793499435,True,22.180004448967498,0.04508565371575257,False,qualified
HAR__29,HAR,tBodyGyroJerk-std()-Z,Histogram,10 common bins,22.0,0.058081893344827606,0.36000889793499435,True,22.180004448967498,0.04508565371575257,False,qualified
HAR__29,HAR,tBodyGyroJerk-std()-Z,Dot,Individual observations,60.0,0.0,0.0,True,60.0,0.016666666666666666,False,qualified
HAR__29,HAR,tBodyGyroJerk-std()-Z,Line,Individual observations with pairing,60.0,0.0,0.0,True,60.0,0.016666666666666666,False,qualified
HAR__29,HAR,tBodyGyroJerk-std()-Z,Raincloud,Individual observations,60.0,0.0,0.0,True,60.0,0.016666666666666666,False,qualified
HAR__29,HAR,tBodyGyroJerk-std()-Z,Scatter,Individual observations with pairing,60.0,0.0,0.0,True,60.0,0.016666666666666666,False,qualified
HAR__29,HAR,tBodyGyroJerk-std()-Z,Violin,64-point density per group,130.0,0.03288815253123045,0.20385057831350234,True,130.10192528915675,0.00768628133501837,False,qualified
HAR__29,HAR,tBodyGyroJerk-std()-Z,Area,No configuration for this input schema,,,,False,,0.0,False,input mismatch
HAR__29,HAR,tBodyGyroJerk-std()-Z,Bar,Mean bars,2.0,0.23240538500000008,1.4405178913724068,False,,0.0,False,exceeds tolerance
HAR__29,HAR,tBodyGyroJerk-std()-Z,Bubble,No configuration for this input schema,,,,False,,0.0,False,input mismatch
HAR__29,HAR,tBodyGyroJerk-std()-Z,Forest,Mean contrast with interval,3.0,0.23240538500000008,1.4405178913724068,False,,0.0,False,exceeds tolerance
HAR__29,HAR,tBodyGyroJerk-std()-Z,Interval,Means with intervals,6.0,0.23240538500000008,1.4405178913724068,False,,0.0,False,exceeds tolerance
HAR__29,HAR,tBodyGyroJerk-std()-Z,Pie / donut,No configuration for this input schema,,,,False,,0.0,False,input mismatch
HAR__29,HAR,tBodyGyroJerk-std()-Z,Stacked bar,No configuration for this input schema,,,,False,,0.0,False,input mismatch
HAR__30,HAR,tBodyAccMag-mean(),Box,Min-max box with mean markers,12.0,0.06527286075000016,0.5058496959732273,True,12.252924847986614,0.08161316684842956,True,qualified
HAR__30,HAR,tBodyAccMag-mean(),Heatmap,10 common bins,22.0,0.0920412676181035,0.7132987080179105,True,22.356649354008955,0.04472942184516938,False,qualified
HAR__30,HAR,tBodyAccMag-mean(),Histogram,10 common bins,22.0,0.0920412676181035,0.7132987080179105,True,22.356649354008955,0.04472942184516938,False,qualified
HAR__30,HAR,tBodyAccMag-mean(),Dot,Individual observations,60.0,0.0,0.0,True,60.0,0.016666666666666666,False,qualified
HAR__30,HAR,tBodyAccMag-mean(),Line,Individual observations with pairing,60.0,0.0,0.0,True,60.0,0.016666666666666666,False,qualified
HAR__30,HAR,tBodyAccMag-mean(),Raincloud,Individual observations,60.0,0.0,0.0,True,60.0,0.016666666666666666,False,qualified
HAR__30,HAR,tBodyAccMag-mean(),Scatter,Individual observations with pairing,60.0,0.0,0.0,True,60.0,0.016666666666666666,False,qualified
HAR__30,HAR,tBodyAccMag-mean(),Violin,64-point density per group,130.0,0.04497271499432731,0.34852822360740504,True,130.1742641118037,0.007682010010374423,False,qualified
HAR__30,HAR,tBodyAccMag-mean(),Area,No configuration for this input schema,,,,False,,0.0,False,input mismatch
HAR__30,HAR,tBodyAccMag-mean(),Bar,Mean bars,2.0,0.19457721549166662,1.5079287803358066,False,,0.0,False,exceeds tolerance
HAR__30,HAR,tBodyAccMag-mean(),Bubble,No configuration for this input schema,,,,False,,0.0,False,input mismatch
HAR__30,HAR,tBodyAccMag-mean(),Forest,Mean contrast with interval,3.0,0.19457721549166662,1.5079287803358066,False,,0.0,False,exceeds tolerance
HAR__30,HAR,tBodyAccMag-mean(),Interval,Means with intervals,6.0,0.19457721549166662,1.5079287803358066,False,,0.0,False,exceeds tolerance
HAR__30,HAR,tBodyAccMag-mean(),Pie / donut,No configuration for this input schema,,,,False,,0.0,False,input mismatch
HAR__30,HAR,tBodyAccMag-mean(),Stacked bar,No configuration for this input schema,,,,False,,0.0,False,input mismatch
HAR__31,HAR,tBodyAccMag-std(),Box,Min-max box with mean markers,12.0,0.04321412293103455,0.39130631411729794,True,12.195653157058649,0.08199642832751569,True,qualified
HAR__31,HAR,tBodyAccMag-std(),Heatmap,10 common bins,22.0,0.048479138986206816,0.4389813306762545,True,22.219490665338128,0.04500553208269423,False,qualified
HAR__31,HAR,tBodyAccMag-std(),Histogram,10 common bins,22.0,0.048479138986206816,0.4389813306762545,True,22.219490665338128,0.04500553208269423,False,qualified
HAR__31,HAR,tBodyAccMag-std(),Dot,Individual observations,60.0,0.0,0.0,True,60.0,0.016666666666666666,False,qualified
HAR__31,HAR,tBodyAccMag-std(),Line,Individual observations with pairing,60.0,0.0,0.0,True,60.0,0.016666666666666666,False,qualified
HAR__31,HAR,tBodyAccMag-std(),Raincloud,Individual observations,60.0,0.0,0.0,True,60.0,0.016666666666666666,False,qualified
HAR__31,HAR,tBodyAccMag-std(),Scatter,Individual observations with pairing,60.0,0.0,0.0,True,60.0,0.016666666666666666,False,qualified
HAR__31,HAR,tBodyAccMag-std(),Violin,64-point density per group,130.0,0.041739807612127144,0.377956305968133,True,130.18897815298408,0.0076811417847132005,False,qualified
HAR__31,HAR,tBodyAccMag-std(),Area,No configuration for this input schema,,,,False,,0.0,False,input mismatch
HAR__31,HAR,tBodyAccMag-std(),Bar,Mean bars,2.0,0.16234261066666678,1.4700214720436096,False,,0.0,False,exceeds tolerance
HAR__31,HAR,tBodyAccMag-std(),Bubble,No configuration for this input schema,,,,False,,0.0,False,input mismatch
HAR__31,HAR,tBodyAccMag-std(),Forest,Mean contrast with interval,3.0,0.16234261066666678,1.4700214720436096,False,,0.0,False,exceeds tolerance
HAR__31,HAR,tBodyAccMag-std(),Interval,Means with intervals,6.0,0.16234261066666678,1.4700214720436096,False,,0.0,False,exceeds tolerance
HAR__31,HAR,tBodyAccMag-std(),Pie / donut,No configuration for this input schema,,,,False,,0.0,False,input mismatch
HAR__31,HAR,tBodyAccMag-std(),Stacked bar,No configuration for this input schema,,,,False,,0.0,False,input mismatch
HAR__32,HAR,tGravityAccMag-mean(),Box,Min-max box with mean markers,12.0,0.06527286075000016,0.4971775120707568,True,12.248588756035378,0.08164205851937509,True,qualified
HAR__32,HAR,tGravityAccMag-mean(),Heatmap,10 common bins,22.0,0.0920412676181035,0.7010700606102559,True,22.350535030305128,0.04474165824863245,False,qualified
HAR__32,HAR,tGravityAccMag-mean(),Histogram,10 common bins,22.0,0.0920412676181035,0.7010700606102559,True,22.350535030305128,0.04474165824863245,False,qualified
HAR__32,HAR,tGravityAccMag-mean(),Dot,Individual observations,60.0,0.0,0.0,True,60.0,0.016666666666666666,False,qualified
HAR__32,HAR,tGravityAccMag-mean(),Line,Individual observations with pairing,60.0,0.0,0.0,True,60.0,0.016666666666666666,False,qualified
HAR__32,HAR,tGravityAccMag-mean(),Raincloud,Individual observations,60.0,0.0,0.0,True,60.0,0.016666666666666666,False,qualified
HAR__32,HAR,tGravityAccMag-mean(),Scatter,Individual observations with pairing,60.0,0.0,0.0,True,60.0,0.016666666666666666,False,qualified
HAR__32,HAR,tGravityAccMag-mean(),Violin,64-point density per group,130.0,0.04497271499432731,0.34255312690499495,True,130.1712765634525,0.007682186319441571,False,qualified
HAR__32,HAR,tGravityAccMag-mean(),Area,No configuration for this input schema,,,,False,,0.0,False,input mismatch
HAR__32,HAR,tGravityAccMag-mean(),Bar,Mean bars,2.0,0.19457721549166662,1.4820771572173215,False,,0.0,False,exceeds tolerance
HAR__32,HAR,tGravityAccMag-mean(),Bubble,No configuration for this input schema,,,,False,,0.0,False,input mismatch
HAR__32,HAR,tGravityAccMag-mean(),Forest,Mean contrast with interval,3.0,0.19457721549166662,1.4820771572173215,False,,0.0,False,exceeds tolerance
HAR__32,HAR,tGravityAccMag-mean(),Interval,Means with intervals,6.0,0.19457721549166662,1.4820771572173215,False,,0.0,False,exceeds tolerance
HAR__32,HAR,tGravityAccMag-mean(),Pie / donut,No configuration for this input schema,,,,False,,0.0,False,input mismatch
HAR__32,HAR,tGravityAccMag-mean(),Stacked bar,No configuration for this input schema,,,,False,,0.0,False,input mismatch
HAR__33,HAR,tGravityAccMag-std(),Box,Min-max box with mean markers,12.0,0.04321412293103455,0.4031687752580664,True,12.201584387629033,0.08195656959221476,True,qualified
HAR__33,HAR,tGravityAccMag-std(),Heatmap,10 common bins,22.0,0.048479138986206816,0.4522890611901785,True,22.22614453059509,0.04499205872721038,False,qualified
HAR__33,HAR,tGravityAccMag-std(),Histogram,10 common bins,22.0,0.048479138986206816,0.4522890611901785,True,22.22614453059509,0.04499205872721038,False,qualified
HAR__33,HAR,tGravityAccMag-std(),Dot,Individual observations,60.0,0.0,0.0,True,60.0,0.016666666666666666,False,qualified
HAR__33,HAR,tGravityAccMag-std(),Line,Individual observations with pairing,60.0,0.0,0.0,True,60.0,0.016666666666666666,False,qualified
HAR__33,HAR,tGravityAccMag-std(),Raincloud,Individual observations,60.0,0.0,0.0,True,60.0,0.016666666666666666,False,qualified
HAR__33,HAR,tGravityAccMag-std(),Scatter,Individual observations with pairing,60.0,0.0,0.0,True,60.0,0.016666666666666666,False,qualified
HAR__33,HAR,tGravityAccMag-std(),Violin,64-point density per group,130.0,0.041739807612127144,0.3894140612629055,True,130.19470703063146,0.007680803796153754,False,qualified
HAR__33,HAR,tGravityAccMag-std(),Area,No configuration for this input schema,,,,False,,0.0,False,input mismatch
HAR__33,HAR,tGravityAccMag-std(),Bar,Mean bars,2.0,0.16234261066666678,1.514585211393303,False,,0.0,False,exceeds tolerance
HAR__33,HAR,tGravityAccMag-std(),Bubble,No configuration for this input schema,,,,False,,0.0,False,input mismatch
HAR__33,HAR,tGravityAccMag-std(),Forest,Mean contrast with interval,3.0,0.16234261066666678,1.514585211393303,False,,0.0,False,exceeds tolerance
HAR__33,HAR,tGravityAccMag-std(),Interval,Means with intervals,6.0,0.16234261066666678,1.514585211393303,False,,0.0,False,exceeds tolerance
HAR__33,HAR,tGravityAccMag-std(),Pie / donut,No configuration for this input schema,,,,False,,0.0,False,input mismatch
HAR__33,HAR,tGravityAccMag-std(),Stacked bar,No configuration for this input schema,,,,False,,0.0,False,input mismatch
HAR__34,HAR,tBodyAccJerkMag-mean(),Box,Min-max box with mean markers,12.0,0.1045152262500002,0.6497907229520569,True,12.32489536147603,0.081136591481799,True,qualified
HAR__34,HAR,tBodyAccJerkMag-mean(),Heatmap,10 common bins,22.0,0.08814178554956886,0.5479939776194993,True,22.27399698880975,0.04489539980194802,False,qualified
HAR__34,HAR,tBodyAccJerkMag-mean(),Histogram,10 common bins,22.0,0.08814178554956886,0.5479939776194993,True,22.27399698880975,0.04489539980194802,False,qualified
HAR__34,HAR,tBodyAccJerkMag-mean(),Dot,Individual observations,60.0,0.0,0.0,True,60.0,0.016666666666666666,False,qualified
HAR__34,HAR,tBodyAccJerkMag-mean(),Line,Individual observations with pairing,60.0,0.0,0.0,True,60.0,0.016666666666666666,False,qualified
HAR__34,HAR,tBodyAccJerkMag-mean(),Raincloud,Individual observations,60.0,0.0,0.0,True,60.0,0.016666666666666666,False,qualified
HAR__34,HAR,tBodyAccJerkMag-mean(),Scatter,Individual observations with pairing,60.0,0.0,0.0,True,60.0,0.016666666666666666,False,qualified
HAR__34,HAR,tBodyAccJerkMag-mean(),Violin,64-point density per group,130.0,0.06022138254942688,0.37440760650857224,True,130.18720380325428,0.007681246472666026,False,qualified
HAR__34,HAR,tBodyAccJerkMag-mean(),Area,No configuration for this input schema,,,,False,,0.0,False,input mismatch
HAR__34,HAR,tBodyAccJerkMag-mean(),Bar,Mean bars,2.0,0.20921601956666647,1.3007351510888168,False,,0.0,False,exceeds tolerance
HAR__34,HAR,tBodyAccJerkMag-mean(),Bubble,No configuration for this input schema,,,,False,,0.0,False,input mismatch
HAR__34,HAR,tBodyAccJerkMag-mean(),Forest,Mean contrast with interval,3.0,0.20921601956666647,1.3007351510888168,False,,0.0,False,exceeds tolerance
HAR__34,HAR,tBodyAccJerkMag-mean(),Interval,Means with intervals,6.0,0.20921601956666647,1.3007351510888168,False,,0.0,False,exceeds tolerance
HAR__34,HAR,tBodyAccJerkMag-mean(),Pie / donut,No configuration for this input schema,,,,False,,0.0,False,input mismatch
HAR__34,HAR,tBodyAccJerkMag-mean(),Stacked bar,No configuration for this input schema,,,,False,,0.0,False,input mismatch
HAR__35,HAR,tBodyAccJerkMag-std(),Box,Min-max box with mean markers,12.0,0.0759689615000001,0.496781690823555,True,12.248390845411777,0.08164337769925084,True,qualified
HAR__35,HAR,tBodyAccJerkMag-std(),Heatmap,10 common bins,22.0,0.09325248681034481,0.6098033612206782,True,22.30490168061034,0.04483319470846628,False,qualified
HAR__35,HAR,tBodyAccJerkMag-std(),Histogram,10 common bins,22.0,0.09325248681034481,0.6098033612206782,True,22.30490168061034,0.04483319470846628,False,qualified
HAR__35,HAR,tBodyAccJerkMag-std(),Dot,Individual observations,60.0,0.0,0.0,True,60.0,0.016666666666666666,False,qualified
HAR__35,HAR,tBodyAccJerkMag-std(),Line,Individual observations with pairing,60.0,0.0,0.0,True,60.0,0.016666666666666666,False,qualified
HAR__35,HAR,tBodyAccJerkMag-std(),Raincloud,Individual observations,60.0,0.0,0.0,True,60.0,0.016666666666666666,False,qualified
HAR__35,HAR,tBodyAccJerkMag-std(),Scatter,Individual observations with pairing,60.0,0.0,0.0,True,60.0,0.016666666666666666,False,qualified
HAR__35,HAR,tBodyAccJerkMag-std(),Violin,64-point density per group,130.0,0.0536604968081128,0.35090057581958944,True,130.1754502879098,0.007681940010872205,False,qualified
HAR__35,HAR,tBodyAccJerkMag-std(),Area,No configuration for this input schema,,,,False,,0.0,False,input mismatch
HAR__35,HAR,tBodyAccJerkMag-std(),Bar,Mean bars,2.0,0.22515496668000012,1.472349533758093,False,,0.0,False,exceeds tolerance
HAR__35,HAR,tBodyAccJerkMag-std(),Bubble,No configuration for this input schema,,,,False,,0.0,False,input mismatch
HAR__35,HAR,tBodyAccJerkMag-std(),Forest,Mean contrast with interval,3.0,0.22515496668000012,1.472349533758093,False,,0.0,False,exceeds tolerance
HAR__35,HAR,tBodyAccJerkMag-std(),Interval,Means with intervals,6.0,0.22515496668000012,1.472349533758093,False,,0.0,False,exceeds tolerance
HAR__35,HAR,tBodyAccJerkMag-std(),Pie / donut,No configuration for this input schema,,,,False,,0.0,False,input mismatch
HAR__35,HAR,tBodyAccJerkMag-std(),Stacked bar,No configuration for this input schema,,,,False,,0.0,False,input mismatch
HAR__36,HAR,tBodyGyroMag-mean(),Box,Min-max box with mean markers,12.0,0.056105092155172676,0.2873526479126448,True,12.143676323956322,0.08234738585935954,True,qualified
HAR__36,HAR,tBodyGyroMag-mean(),Heatmap,10 common bins,22.0,0.07321345421551728,0.3749763011434684,True,22.187488150571735,0.045070446605477134,False,qualified
HAR__36,HAR,tBodyGyroMag-mean(),Histogram,10 common bins,22.0,0.07321345421551728,0.3749763011434684,True,22.187488150571735,0.045070446605477134,False,qualified
HAR__36,HAR,tBodyGyroMag-mean(),Dot,Individual observations,60.0,0.0,0.0,True,60.0,0.016666666666666666,False,qualified
HAR__36,HAR,tBodyGyroMag-mean(),Line,Individual observations with pairing,60.0,0.0,0.0,True,60.0,0.016666666666666666,False,qualified
HAR__36,HAR,tBodyGyroMag-mean(),Raincloud,Individual observations,60.0,0.0,0.0,True,60.0,0.016666666666666666,False,qualified
HAR__36,HAR,tBodyGyroMag-mean(),Scatter,Individual observations with pairing,60.0,0.0,0.0,True,60.0,0.016666666666666666,False,qualified
HAR__36,HAR,tBodyGyroMag-mean(),Violin,64-point density per group,130.0,0.04734883667127199,0.24250585945822994,True,130.1212529297291,0.007685139648478805,False,qualified
HAR__36,HAR,tBodyGyroMag-mean(),Area,No configuration for this input schema,,,,False,,0.0,False,input mismatch
HAR__36,HAR,tBodyGyroMag-mean(),Bar,Mean bars,2.0,0.2891284310125001,1.4808249491594592,False,,0.0,False,exceeds tolerance
HAR__36,HAR,tBodyGyroMag-mean(),Bubble,No configuration for this input schema,,,,False,,0.0,False,input mismatch
HAR__36,HAR,tBodyGyroMag-mean(),Forest,Mean contrast with interval,3.0,0.2891284310125001,1.4808249491594592,False,,0.0,False,exceeds tolerance
HAR__36,HAR,tBodyGyroMag-mean(),Interval,Means with intervals,6.0,0.2891284310125001,1.4808249491594592,False,,0.0,False,exceeds tolerance
HAR__36,HAR,tBodyGyroMag-mean(),Pie / donut,No configuration for this input schema,,,,False,,0.0,False,input mismatch
HAR__36,HAR,tBodyGyroMag-mean(),Stacked bar,No configuration for this input schema,,,,False,,0.0,False,input mismatch
HAR__37,HAR,tBodyGyroMag-std(),Box,Min-max box with mean markers,12.0,0.17193084586206886,0.8249339814098963,True,12.412466990704948,0.08056416188247252,True,qualified
HAR__37,HAR,tBodyGyroMag-std(),Heatmap,10 common bins,22.0,0.08613993766379302,0.4133043223227122,True,22.206652161161355,0.04503155148027961,False,qualified
HAR__37,HAR,tBodyGyroMag-std(),Histogram,10 common bins,22.0,0.08613993766379302,0.4133043223227122,True,22.206652161161355,0.04503155148027961,False,qualified
HAR__37,HAR,tBodyGyroMag-std(),Dot,Individual observations,60.0,0.0,0.0,True,60.0,0.016666666666666666,False,qualified
HAR__37,HAR,tBodyGyroMag-std(),Line,Individual observations with pairing,60.0,0.0,0.0,True,60.0,0.016666666666666666,False,qualified
HAR__37,HAR,tBodyGyroMag-std(),Raincloud,Individual observations,60.0,0.0,0.0,True,60.0,0.016666666666666666,False,qualified
HAR__37,HAR,tBodyGyroMag-std(),Scatter,Individual observations with pairing,60.0,0.0,0.0,True,60.0,0.016666666666666666,False,qualified
HAR__37,HAR,tBodyGyroMag-std(),Violin,64-point density per group,130.0,0.08332384472999721,0.39979254818905763,True,130.19989627409453,0.007680497670250194,False,qualified
HAR__37,HAR,tBodyGyroMag-std(),Area,No configuration for this input schema,,,,False,,0.0,False,input mismatch
HAR__37,HAR,tBodyGyroMag-std(),Bar,Mean bars,2.0,0.31448443564999984,1.5089142165933676,False,,0.0,False,exceeds tolerance
HAR__37,HAR,tBodyGyroMag-std(),Bubble,No configuration for this input schema,,,,False,,0.0,False,input mismatch
HAR__37,HAR,tBodyGyroMag-std(),Forest,Mean contrast with interval,3.0,0.31448443564999984,1.5089142165933676,False,,0.0,False,exceeds tolerance
HAR__37,HAR,tBodyGyroMag-std(),Interval,Means with intervals,6.0,0.31448443564999984,1.5089142165933676,False,,0.0,False,exceeds tolerance
HAR__37,HAR,tBodyGyroMag-std(),Pie / donut,No configuration for this input schema,,,,False,,0.0,False,input mismatch
HAR__37,HAR,tBodyGyroMag-std(),Stacked bar,No configuration for this input schema,,,,False,,0.0,False,input mismatch
HAR__38,HAR,tBodyGyroJerkMag-mean(),Bar,Mean bars,2.0,0.23084481796,0.9803542233477514,True,2.4901771116738756,0.4015778617962674,True,qualified
HAR__38,HAR,tBodyGyroJerkMag-mean(),Dot,Mean dots,2.0,0.23084481796,0.9803542233477514,True,2.4901771116738756,0.4015778617962674,True,qualified
HAR__38,HAR,tBodyGyroJerkMag-mean(),Forest,Mean contrast with interval,3.0,0.23084481796,0.9803542233477514,True,3.4901771116738756,0.2865184109583493,False,qualified
HAR__38,HAR,tBodyGyroJerkMag-mean(),Interval,Means with intervals,6.0,0.23084481796,0.9803542233477514,True,6.490177111673876,0.15407900012486578,False,qualified
HAR__38,HAR,tBodyGyroJerkMag-mean(),Box,Min-max box with mean markers,12.0,0.13825340370999994,0.5871360224459774,True,12.29356801122299,0.08134334955377352,False,qualified
HAR__38,HAR,tBodyGyroJerkMag-mean(),Heatmap,10 common bins,22.0,0.08990390563172412,0.3818048607735723,True,22.190902430386785,0.04506351209181402,False,qualified
HAR__38,HAR,tBodyGyroJerkMag-mean(),Histogram,10 common bins,22.0,0.08990390563172412,0.3818048607735723,True,22.190902430386785,0.04506351209181402,False,qualified
HAR__38,HAR,tBodyGyroJerkMag-mean(),Line,Individual observations with pairing,60.0,0.0,0.0,True,60.0,0.016666666666666666,False,qualified
HAR__38,HAR,tBodyGyroJerkMag-mean(),Raincloud,Individual observations,60.0,0.0,0.0,True,60.0,0.016666666666666666,False,qualified
HAR__38,HAR,tBodyGyroJerkMag-mean(),Scatter,Individual observations with pairing,60.0,0.0,0.0,True,60.0,0.016666666666666666,False,qualified
HAR__38,HAR,tBodyGyroJerkMag-mean(),Violin,64-point density per group,130.0,0.05582657620392517,0.2370848964261633,True,130.11854244821308,0.007685299736569045,False,qualified
HAR__38,HAR,tBodyGyroJerkMag-mean(),Area,No configuration for this input schema,,,,False,,0.0,False,input mismatch
HAR__38,HAR,tBodyGyroJerkMag-mean(),Bubble,No configuration for this input schema,,,,False,,0.0,False,input mismatch
HAR__38,HAR,tBodyGyroJerkMag-mean(),Pie / donut,No configuration for this input schema,,,,False,,0.0,False,input mismatch
HAR__38,HAR,tBodyGyroJerkMag-mean(),Stacked bar,No configuration for this input schema,,,,False,,0.0,False,input mismatch
HAR__39,HAR,tBodyGyroJerkMag-std(),Box,Min-max box with mean markers,12.0,0.26012737982758627,0.8046362829122191,True,12.40231814145611,0.08063008774604727,True,qualified
HAR__39,HAR,tBodyGyroJerkMag-std(),Heatmap,10 common bins,22.0,0.09118267113793099,0.28204983888686125,True,22.14102491944343,0.04516502752868666,False,qualified
HAR__39,HAR,tBodyGyroJerkMag-std(),Histogram,10 common bins,22.0,0.09118267113793099,0.28204983888686125,True,22.14102491944343,0.04516502752868666,False,qualified
HAR__39,HAR,tBodyGyroJerkMag-std(),Dot,Individual observations,60.0,0.0,0.0,True,60.0,0.016666666666666666,False,qualified
HAR__39,HAR,tBodyGyroJerkMag-std(),Line,Individual observations with pairing,60.0,0.0,0.0,True,60.0,0.016666666666666666,False,qualified
HAR__39,HAR,tBodyGyroJerkMag-std(),Raincloud,Individual observations,60.0,0.0,0.0,True,60.0,0.016666666666666666,False,qualified
HAR__39,HAR,tBodyGyroJerkMag-std(),Scatter,Individual observations with pairing,60.0,0.0,0.0,True,60.0,0.016666666666666666,False,qualified
HAR__39,HAR,tBodyGyroJerkMag-std(),Violin,64-point density per group,130.0,0.0939468502102434,0.29060010674226117,True,130.14530005337113,0.007683719654800528,False,qualified
HAR__39,HAR,tBodyGyroJerkMag-std(),Area,No configuration for this input schema,,,,False,,0.0,False,input mismatch
HAR__39,HAR,tBodyGyroJerkMag-std(),Bar,Mean bars,2.0,0.38172321958333333,1.1807613358901228,False,,0.0,False,exceeds tolerance
HAR__39,HAR,tBodyGyroJerkMag-std(),Bubble,No configuration for this input schema,,,,False,,0.0,False,input mismatch
HAR__39,HAR,tBodyGyroJerkMag-std(),Forest,Mean contrast with interval,3.0,0.38172321958333333,1.1807613358901228,False,,0.0,False,exceeds tolerance
HAR__39,HAR,tBodyGyroJerkMag-std(),Interval,Means with intervals,6.0,0.38172321958333333,1.1807613358901228,False,,0.0,False,exceeds tolerance
HAR__39,HAR,tBodyGyroJerkMag-std(),Pie / donut,No configuration for this input schema,,,,False,,0.0,False,input mismatch
HAR__39,HAR,tBodyGyroJerkMag-std(),Stacked bar,No configuration for this input schema,,,,False,,0.0,False,input mismatch
BIDMC__00,BIDMC,mean,Bar,Mean bars,2.0,3.29640575400488,0.5730009973350378,True,2.286500498667519,0.43734956567154043,True,qualified
BIDMC__00,BIDMC,mean,Dot,Mean dots,2.0,3.29640575400488,0.5730009973350378,True,2.286500498667519,0.43734956567154043,True,qualified
BIDMC__00,BIDMC,mean,Forest,Mean contrast with interval,3.0,3.29640575400488,0.5730009973350378,True,3.286500498667519,0.30427501849016625,False,qualified
BIDMC__00,BIDMC,mean,Interval,Means with intervals,6.0,3.29640575400488,0.5730009973350378,True,6.286500498667519,0.1590710125946795,False,qualified
BIDMC__00,BIDMC,mean,Box,Min-max box with mean markers,12.0,3.9829563275473703,0.6923413312374543,True,12.346170665618727,0.08099677439133189,False,qualified
BIDMC__00,BIDMC,mean,Heatmap,10 common bins,22.0,2.5820539775352245,0.448828091779382,True,22.22441404588969,0.04499556199480299,False,qualified
BIDMC__00,BIDMC,mean,Histogram,10 common bins,22.0,2.5820539775352245,0.448828091779382,True,22.22441404588969,0.04499556199480299,False,qualified
BIDMC__00,BIDMC,mean,Line,Individual observations with pairing,92.0,0.0,0.0,True,92.0,0.010869565217391304,False,qualified
BIDMC__00,BIDMC,mean,Raincloud,Individual observations,92.0,0.0,0.0,True,92.0,0.010869565217391304,False,qualified
BIDMC__00,BIDMC,mean,Scatter,Individual observations with pairing,92.0,0.0,0.0,True,92.0,0.010869565217391304,False,qualified
BIDMC__00,BIDMC,mean,Violin,64-point density per group,130.0,2.5476429183191414,0.44284655530553757,True,130.22142327765278,0.0076792280012778005,False,qualified
BIDMC__00,BIDMC,mean,Area,No configuration for this input schema,,,,False,,0.0,False,input mismatch
BIDMC__00,BIDMC,mean,Bubble,No configuration for this input schema,,,,False,,0.0,False,input mismatch
BIDMC__00,BIDMC,mean,Pie / donut,No configuration for this input schema,,,,False,,0.0,False,input mismatch
BIDMC__00,BIDMC,mean,Stacked bar,No configuration for this input schema,,,,False,,0.0,False,input mismatch
BIDMC__01,BIDMC,median,Bar,Mean bars,2.0,1.5652173913043583,0.3913043478260896,True,2.195652173913045,0.4554455445544552,True,qualified
BIDMC__01,BIDMC,median,Dot,Mean dots,2.0,1.5652173913043583,0.3913043478260896,True,2.195652173913045,0.4554455445544552,True,qualified
BIDMC__01,BIDMC,median,Forest,Mean contrast with interval,3.0,1.5652173913043583,0.3913043478260896,True,3.195652173913045,0.31292517006802706,False,qualified
BIDMC__01,BIDMC,median,Interval,Means with intervals,6.0,1.5652173913043583,0.3913043478260896,True,6.195652173913045,0.1614035087719298,False,qualified
BIDMC__01,BIDMC,median,Box,Min-max box with mean markers,12.0,2.6000000000000085,0.6500000000000021,True,12.325000000000001,0.08113590263691683,False,qualified
BIDMC__01,BIDMC,median,Heatmap,10 common bins,22.0,2.422222222222217,0.6055555555555543,True,22.302777777777777,0.0448374641923029,False,qualified
BIDMC__01,BIDMC,median,Histogram,10 common bins,22.0,2.422222222222217,0.6055555555555543,True,22.302777777777777,0.0448374641923029,False,qualified
BIDMC__01,BIDMC,median,Line,Individual observations with pairing,92.0,0.0,0.0,True,92.0,0.010869565217391304,False,qualified
BIDMC__01,BIDMC,median,Raincloud,Individual observations,92.0,0.0,0.0,True,92.0,0.010869565217391304,False,qualified
BIDMC__01,BIDMC,median,Scatter,Individual observations with pairing,92.0,0.0,0.0,True,92.0,0.010869565217391304,False,qualified
BIDMC__01,BIDMC,median,Violin,64-point density per group,130.0,1.7240960034760917,0.4310240008690229,True,130.2155120004345,0.007679576608328071,False,qualified
BIDMC__01,BIDMC,median,Area,No configuration for this input schema,,,,False,,0.0,False,input mismatch
BIDMC__01,BIDMC,median,Bubble,No configuration for this input schema,,,,False,,0.0,False,input mismatch
BIDMC__01,BIDMC,median,Pie / donut,No configuration for this input schema,,,,False,,0.0,False,input mismatch
BIDMC__01,BIDMC,median,Stacked bar,No configuration for this input schema,,,,False,,0.0,False,input mismatch
BIDMC__02,BIDMC,q10,Bar,Mean bars,2.0,2.5869565217391397,0.23517786561264906,True,2.1175889328063247,0.47223518432104516,True,qualified
BIDMC__02,BIDMC,q10,Dot,Mean dots,2.0,2.5869565217391397,0.23517786561264906,True,2.1175889328063247,0.47223518432104516,True,qualified
BIDMC__02,BIDMC,q10,Forest,Mean contrast with interval,3.0,2.5869565217391397,0.23517786561264906,True,3.1175889328063247,0.32076069730586365,False,qualified
BIDMC__02,BIDMC,q10,Interval,Means with intervals,6.0,2.5869565217391397,0.23517786561264906,True,6.117588932806324,0.16346309158455824,False,qualified
BIDMC__02,BIDMC,q10,Box,Min-max box with mean markers,12.0,4.311111111111117,0.39191919191919244,True,12.195959595959597,0.08199436806360774,False,qualified
BIDMC__02,BIDMC,q10,Heatmap,10 common bins,22.0,2.2350000000000065,0.20318181818181877,True,22.10159090909091,0.04524561168982077,False,qualified
BIDMC__02,BIDMC,q10,Histogram,10 common bins,22.0,2.2350000000000065,0.20318181818181877,True,22.10159090909091,0.04524561168982077,False,qualified
BIDMC__02,BIDMC,q10,Line,Individual observations with pairing,92.0,0.0,0.0,True,92.0,0.010869565217391304,False,qualified
BIDMC__02,BIDMC,q10,Raincloud,Individual observations,92.0,0.0,0.0,True,92.0,0.010869565217391304,False,qualified
BIDMC__02,BIDMC,q10,Scatter,Individual observations with pairing,92.0,0.0,0.0,True,92.0,0.010869565217391304,False,qualified
BIDMC__02,BIDMC,q10,Violin,64-point density per group,130.0,2.136823169398184,0.1942566517634713,True,130.09712832588173,0.00768656474488114,False,qualified
BIDMC__02,BIDMC,q10,Area,No configuration for this input schema,,,,False,,0.0,False,input mismatch
BIDMC__02,BIDMC,q10,Bubble,No configuration for this input schema,,,,False,,0.0,False,input mismatch
BIDMC__02,BIDMC,q10,Pie / donut,No configuration for this input schema,,,,False,,0.0,False,input mismatch
BIDMC__02,BIDMC,q10,Stacked bar,No configuration for this input schema,,,,False,,0.0,False,input mismatch
BIDMC__03,BIDMC,q90,Bar,Mean bars,2.0,2.326086956521749,0.775362318840583,True,2.3876811594202914,0.41881638846737457,True,qualified
BIDMC__03,BIDMC,q90,Dot,Mean dots,2.0,2.326086956521749,0.775362318840583,True,2.3876811594202914,0.41881638846737457,True,qualified
BIDMC__03,BIDMC,q90,Forest,Mean contrast with interval,3.0,2.326086956521749,0.775362318840583,True,3.3876811594202914,0.29518716577540094,False,qualified
BIDMC__03,BIDMC,q90,Interval,Means with intervals,6.0,2.326086956521749,0.775362318840583,True,6.387681159420292,0.15655133295518997,False,qualified
BIDMC__03,BIDMC,q90,Box,Min-max box with mean markers,12.0,2.4666666666666686,0.8222222222222229,True,12.411111111111111,0.08057296329453895,False,qualified
BIDMC__03,BIDMC,q90,Heatmap,10 common bins,22.0,2.566666666666663,0.8555555555555543,True,22.427777777777777,0.044587565023532325,False,qualified
BIDMC__03,BIDMC,q90,Histogram,10 common bins,22.0,2.566666666666663,0.8555555555555543,True,22.427777777777777,0.044587565023532325,False,qualified
BIDMC__03,BIDMC,q90,Line,Individual observations with pairing,92.0,0.0,0.0,True,92.0,0.010869565217391304,False,qualified
BIDMC__03,BIDMC,q90,Raincloud,Individual observations,92.0,0.0,0.0,True,92.0,0.010869565217391304,False,qualified
BIDMC__03,BIDMC,q90,Scatter,Individual observations with pairing,92.0,0.0,0.0,True,92.0,0.010869565217391304,False,qualified
BIDMC__03,BIDMC,q90,Violin,64-point density per group,130.0,2.1623746905797105,0.7207915635265701,True,130.3603957817633,0.007671041453986553,False,qualified
BIDMC__03,BIDMC,q90,Area,No configuration for this input schema,,,,False,,0.0,False,input mismatch
BIDMC__03,BIDMC,q90,Bubble,No configuration for this input schema,,,,False,,0.0,False,input mismatch
BIDMC__03,BIDMC,q90,Pie / donut,No configuration for this input schema,,,,False,,0.0,False,input mismatch
BIDMC__03,BIDMC,q90,Stacked bar,No configuration for this input schema,,,,False,,0.0,False,input mismatch
BIDMC__04,BIDMC,SD,Bar,Mean bars,2.0,3.731045083945992,0.792967052776044,True,2.396483526388022,0.4172780613715293,True,qualified
BIDMC__04,BIDMC,SD,Dot,Mean dots,2.0,3.731045083945992,0.792967052776044,True,2.396483526388022,0.4172780613715293,True,qualified
BIDMC__04,BIDMC,SD,Forest,Mean contrast with interval,3.0,3.731045083945992,0.792967052776044,True,3.396483526388022,0.2944221552175306,False,qualified
BIDMC__04,BIDMC,SD,Interval,Means with intervals,6.0,3.731045083945992,0.792967052776044,True,6.396483526388022,0.15633589860344435,False,qualified
BIDMC__04,BIDMC,SD,Box,Min-max box with mean markers,12.0,3.72755477541782,0.7922252499822979,True,12.396112624991149,0.08067045131422514,False,qualified
BIDMC__04,BIDMC,SD,Heatmap,10 common bins,22.0,1.7730854868379042,0.3768376798413895,True,22.188418839920693,0.045068556133474096,False,qualified
BIDMC__04,BIDMC,SD,Histogram,10 common bins,22.0,1.7730854868379042,0.3768376798413895,True,22.188418839920693,0.045068556133474096,False,qualified
BIDMC__04,BIDMC,SD,Line,Individual observations with pairing,92.0,0.0,0.0,True,92.0,0.010869565217391304,False,qualified
BIDMC__04,BIDMC,SD,Raincloud,Individual observations,92.0,0.0,0.0,True,92.0,0.010869565217391304,False,qualified
BIDMC__04,BIDMC,SD,Scatter,Individual observations with pairing,92.0,0.0,0.0,True,92.0,0.010869565217391304,False,qualified
BIDMC__04,BIDMC,SD,Violin,64-point density per group,130.0,1.6823824409023453,0.35756036600704094,True,130.1787801830035,0.007681743511455661,False,qualified
BIDMC__04,BIDMC,SD,Area,No configuration for this input schema,,,,False,,0.0,False,input mismatch
BIDMC__04,BIDMC,SD,Bubble,No configuration for this input schema,,,,False,,0.0,False,input mismatch
BIDMC__04,BIDMC,SD,Pie / donut,No configuration for this input schema,,,,False,,0.0,False,input mismatch
BIDMC__04,BIDMC,SD,Stacked bar,No configuration for this input schema,,,,False,,0.0,False,input mismatch
Wrist__00,Wrist,mean,Bar,Mean bars,2.0,6.097638687811667,0.4632920077243722,True,2.231646003862186,0.4480997426425855,True,qualified
Wrist__00,Wrist,mean,Dot,Mean dots,2.0,6.097638687811667,0.4632920077243722,True,2.231646003862186,0.4480997426425855,True,qualified
Wrist__00,Wrist,mean,Forest,Mean contrast with interval,3.0,6.097638687811667,0.4632920077243722,True,3.231646003862186,0.3094398330772881,False,qualified
Wrist__00,Wrist,mean,Interval,Means with intervals,6.0,6.097638687811667,0.4632920077243722,True,6.231646003862186,0.16047124618122247,False,qualified
Wrist__00,Wrist,mean,Box,Min-max box with mean markers,12.0,6.866632126397832,0.5217192993908306,True,12.260859649695416,0.0815603496468408,False,qualified
Wrist__00,Wrist,mean,Line,Individual observations with pairing,16.0,0.0,0.0,True,16.0,0.0625,False,qualified
Wrist__00,Wrist,mean,Raincloud,Individual observations,16.0,0.0,0.0,True,16.0,0.0625,False,qualified
Wrist__00,Wrist,mean,Scatter,Individual observations with pairing,16.0,0.0,0.0,True,16.0,0.0625,False,qualified
Wrist__00,Wrist,mean,Heatmap,10 common bins,22.0,6.367645952393389,0.48380686833070385,True,22.24190343416535,0.04496018081185982,False,qualified
Wrist__00,Wrist,mean,Histogram,10 common bins,22.0,6.367645952393389,0.48380686833070385,True,22.24190343416535,0.04496018081185982,False,qualified
Wrist__00,Wrist,mean,Violin,64-point density per group,130.0,6.066063115359498,0.4608929298016916,True,130.23044646490084,0.007678695935896341,False,qualified
Wrist__00,Wrist,mean,Area,No configuration for this input schema,,,,False,,0.0,False,input mismatch
Wrist__00,Wrist,mean,Bubble,No configuration for this input schema,,,,False,,0.0,False,input mismatch
Wrist__00,Wrist,mean,Pie / donut,No configuration for this input schema,,,,False,,0.0,False,input mismatch
Wrist__00,Wrist,mean,Stacked bar,No configuration for this input schema,,,,False,,0.0,False,input mismatch
Wrist__01,Wrist,median,Bar,Mean bars,2.0,6.197104640093983,0.44475486138762865,True,2.222377430693814,0.44996857247952043,True,qualified
Wrist__01,Wrist,median,Dot,Mean dots,2.0,6.197104640093983,0.44475486138762865,True,2.222377430693814,0.44996857247952043,True,qualified
Wrist__01,Wrist,median,Forest,Mean contrast with interval,3.0,6.197104640093983,0.44475486138762865,True,3.222377430693814,0.31032987957114905,False,qualified
Wrist__01,Wrist,median,Interval,Means with intervals,6.0,6.197104640093983,0.44475486138762865,True,6.222377430693815,0.16071027692199907,False,qualified
Wrist__01,Wrist,median,Box,Min-max box with mean markers,12.0,7.547830296119059,0.541693970343684,True,12.270846985171842,0.08149396705935666,False,qualified
Wrist__01,Wrist,median,Line,Individual observations with pairing,16.0,0.0,0.0,True,16.0,0.0625,False,qualified
Wrist__01,Wrist,median,Raincloud,Individual observations,16.0,0.0,0.0,True,16.0,0.0625,False,qualified
Wrist__01,Wrist,median,Scatter,Individual observations with pairing,16.0,0.0,0.0,True,16.0,0.0625,False,qualified
Wrist__01,Wrist,median,Heatmap,10 common bins,22.0,5.99576907940542,0.43030537657384893,True,22.215152688286924,0.04501432036194179,False,qualified
Wrist__01,Wrist,median,Histogram,10 common bins,22.0,5.99576907940542,0.43030537657384893,True,22.215152688286924,0.04501432036194179,False,qualified
Wrist__01,Wrist,median,Violin,64-point density per group,130.0,6.487354200972845,0.4655855413121395,True,130.23279277065606,0.007678557594637709,False,qualified
Wrist__01,Wrist,median,Area,No configuration for this input schema,,,,False,,0.0,False,input mismatch
Wrist__01,Wrist,median,Bubble,No configuration for this input schema,,,,False,,0.0,False,input mismatch
Wrist__01,Wrist,median,Pie / donut,No configuration for this input schema,,,,False,,0.0,False,input mismatch
Wrist__01,Wrist,median,Stacked bar,No configuration for this input schema,,,,False,,0.0,False,input mismatch
Wrist__02,Wrist,q10,Bar,Mean bars,2.0,6.913014906248833,0.5526091177525242,True,2.2763045588762623,0.4393085257860519,True,qualified
Wrist__02,Wrist,q10,Dot,Mean dots,2.0,6.913014906248833,0.5526091177525242,True,2.2763045588762623,0.4393085257860519,True,qualified
Wrist__02,Wrist,q10,Forest,Mean contrast with interval,3.0,6.913014906248833,0.5526091177525242,True,3.2763045588762623,0.30522192977779494,False,qualified
Wrist__02,Wrist,q10,Interval,Means with intervals,6.0,6.913014906248833,0.5526091177525242,True,6.276304558876262,0.15932942555914534,False,qualified
Wrist__02,Wrist,q10,Box,Min-max box with mean markers,12.0,6.493072805522061,0.5190399967630706,True,12.259519998381535,0.08156926210259595,False,qualified
Wrist__02,Wrist,q10,Line,Individual observations with pairing,16.0,0.0,0.0,True,16.0,0.0625,False,qualified
Wrist__02,Wrist,q10,Raincloud,Individual observations,16.0,0.0,0.0,True,16.0,0.0625,False,qualified
Wrist__02,Wrist,q10,Scatter,Individual observations with pairing,16.0,0.0,0.0,True,16.0,0.0625,False,qualified
Wrist__02,Wrist,q10,Heatmap,10 common bins,22.0,9.152444158151212,0.7316234899108046,True,22.3658117449554,0.0447110979652035,False,qualified
Wrist__02,Wrist,q10,Histogram,10 common bins,22.0,9.152444158151212,0.7316234899108046,True,22.3658117449554,0.0447110979652035,False,qualified
Wrist__02,Wrist,q10,Violin,64-point density per group,130.0,5.960639241254242,0.47647858959093903,True,130.23823929479548,0.007678236479660099,False,qualified
Wrist__02,Wrist,q10,Area,No configuration for this input schema,,,,False,,0.0,False,input mismatch
Wrist__02,Wrist,q10,Bubble,No configuration for this input schema,,,,False,,0.0,False,input mismatch
Wrist__02,Wrist,q10,Pie / donut,No configuration for this input schema,,,,False,,0.0,False,input mismatch
Wrist__02,Wrist,q10,Stacked bar,No configuration for this input schema,,,,False,,0.0,False,input mismatch
Wrist__03,Wrist,q90,Bar,Mean bars,2.0,5.706539345798333,0.44594452235605875,True,2.2229722611780294,0.4498481683572901,True,qualified
Wrist__03,Wrist,q90,Dot,Mean dots,2.0,5.706539345798333,0.44594452235605875,True,2.2229722611780294,0.4498481683572901,True,qualified
Wrist__03,Wrist,q90,Forest,Mean contrast with interval,3.0,5.706539345798333,0.44594452235605875,True,3.2229722611780294,0.31027260521146705,False,qualified
Wrist__03,Wrist,q90,Interval,Means with intervals,6.0,5.706539345798333,0.44594452235605875,True,6.222972261178029,0.16069491523182472,False,qualified
Wrist__03,Wrist,q90,Box,Min-max box with mean markers,12.0,6.775509489965842,0.5294805065081101,True,12.264740253254056,0.0815345436879254,False,qualified
Wrist__03,Wrist,q90,Line,Individual observations with pairing,16.0,0.0,0.0,True,16.0,0.0625,False,qualified
Wrist__03,Wrist,q90,Raincloud,Individual observations,16.0,0.0,0.0,True,16.0,0.0625,False,qualified
Wrist__03,Wrist,q90,Scatter,Individual observations with pairing,16.0,0.0,0.0,True,16.0,0.0625,False,qualified
Wrist__03,Wrist,q90,Heatmap,10 common bins,22.0,5.828529939091041,0.45547762702095584,True,22.227738813510477,0.04498883167514005,False,qualified
Wrist__03,Wrist,q90,Histogram,10 common bins,22.0,5.828529939091041,0.45547762702095584,True,22.227738813510477,0.04498883167514005,False,qualified
Wrist__03,Wrist,q90,Violin,64-point density per group,130.0,5.986599843897551,0.467830193773993,True,130.233915096887,0.007678491422576478,False,qualified
Wrist__03,Wrist,q90,Area,No configuration for this input schema,,,,False,,0.0,False,input mismatch
Wrist__03,Wrist,q90,Bubble,No configuration for this input schema,,,,False,,0.0,False,input mismatch
Wrist__03,Wrist,q90,Pie / donut,No configuration for this input schema,,,,False,,0.0,False,input mismatch
Wrist__03,Wrist,q90,Stacked bar,No configuration for this input schema,,,,False,,0.0,False,input mismatch
Wrist__04,Wrist,SD,Bar,Mean bars,2.0,1.2216705040453593,0.6609106979022087,True,2.330455348951104,0.4291006907513083,True,qualified
Wrist__04,Wrist,SD,Dot,Mean dots,2.0,1.2216705040453593,0.6609106979022087,True,2.330455348951104,0.4291006907513083,True,qualified
Wrist__04,Wrist,SD,Forest,Mean contrast with interval,3.0,1.2216705040453593,0.6609106979022087,True,3.330455348951104,0.3002592424230941,False,qualified
Wrist__04,Wrist,SD,Interval,Means with intervals,6.0,1.2216705040453593,0.6609106979022087,True,6.330455348951104,0.1579665197647576,False,qualified
Wrist__04,Wrist,SD,Box,Min-max box with mean markers,12.0,0.24812926897670495,0.134235285034982,True,12.067117642517491,0.08286983102547892,False,qualified
Wrist__04,Wrist,SD,Line,Individual observations with pairing,16.0,0.0,0.0,True,16.0,0.0625,False,qualified
Wrist__04,Wrist,SD,Raincloud,Individual observations,16.0,0.0,0.0,True,16.0,0.0625,False,qualified
Wrist__04,Wrist,SD,Scatter,Individual observations with pairing,16.0,0.0,0.0,True,16.0,0.0625,False,qualified
Wrist__04,Wrist,SD,Heatmap,10 common bins,22.0,0.5936733985671738,0.32117096948297846,True,22.16058548474149,0.045125161548125285,False,qualified
Wrist__04,Wrist,SD,Histogram,10 common bins,22.0,0.5936733985671738,0.32117096948297846,True,22.16058548474149,0.045125161548125285,False,qualified
Wrist__04,Wrist,SD,Violin,64-point density per group,130.0,0.49717799648845773,0.2689679873196057,True,130.1344839936598,0.007684358283148994,False,qualified
Wrist__04,Wrist,SD,Area,No configuration for this input schema,,,,False,,0.0,False,input mismatch
Wrist__04,Wrist,SD,Bubble,No configuration for this input schema,,,,False,,0.0,False,input mismatch
Wrist__04,Wrist,SD,Pie / donut,No configuration for this input schema,,,,False,,0.0,False,input mismatch
Wrist__04,Wrist,SD,Stacked bar,No configuration for this input schema,,,,False,,0.0,False,input mismatch
